<?xml version='1.0' encoding='utf-8'?>
<COLLADA xmlns="http://www.collada.org/2005/11/COLLADASchema" version="1.4.1">
  <asset>
    <contributor>
      <authoring_tool>RM27 reviewed Blender visual export</authoring_tool>
    </contributor>
    <created>2026-10-07T00:00:00Z</created>
    <modified>2026-10-07T00:00:00Z</modified>
    <unit name="meter" meter="1" />
    <up_axis>Z_UP</up_axis>
  </asset>
  <library_effects>
    <effect id="fx">
      <profile_COMMON>
        <technique sid="common">
          <phong>
            <emission>
              <color>0 0 0 1</color>
            </emission>
            <ambient>
              <color>0.721568627 0.450980392 0.317647059 1</color>
            </ambient>
            <diffuse>
              <color>0.721568627 0.450980392 0.317647059 1</color>
            </diffuse>
            <specular>
              <color>0.08 0.08 0.08 1</color>
            </specular>
            <shininess>
              <float>12</float>
            </shininess>
          </phong>
        </technique>
      </profile_COMMON>
    </effect>
  </library_effects>
  <library_materials>
    <material id="mat" name="source_color">
      <instance_effect url="#fx" />
    </material>
  </library_materials>
  <library_geometries>
    <geometry id="geometry" name="geometry">
      <mesh>
        <source id="positions">
          <float_array id="positions-array" count="7407">-3.03839755058 -2.24231123924 -1.16359400749 -3.03741002083 -2.24246740341 -1.16359400749 -3.03842830658 -2.24243927002 -1.16859400272 -3.03596782684 -2.24201846123 -1.16859400272 -3.0358569622 -2.24194002151 -1.16359400749 -3.03495168686 -2.24072861671 -1.16859400272 -3.03490948677 -2.2406167984 -1.16359400749 -3.03483176231 -2.23880410194 -1.16859400272 -3.03490996361 -2.23882317543 -1.16359400749 -3.03491067886 -2.18456602097 -1.16359400749 -3.03473711014 -2.18347406387 -1.16859400272 -3.03491806984 -2.18456411362 -1.16859400272 -3.0347533226 -2.183583498 -1.16359400749 -3.03516387939 -2.18224000931 -1.16359400749 -3.0356490612 -2.18158125877 -1.16859400272 -3.0363843441 -2.18114089966 -1.16359400749 -3.03741574287 -2.18092131615 -1.16859400272 -3.03839802742 -2.1810772419 -1.16359400749 -3.03839588165 -2.18108606339 -1.16859400272 -3.09629940987 -2.18357920647 -1.16859400272 -3.09630155563 -2.18369865417 -1.16359400749 -3.09613609314 -2.18456411362 -1.16859400272 -3.0961432457 -2.18456578255 -1.16359400749 -3.09577226639 -2.18202519417 -1.16859400272 -3.09585094452 -2.18213629723 -1.16359400749 -3.09444880486 -2.18107748032 -1.16859400272 -3.0941286087 -2.18093204498 -1.16359400749 -3.09264111519 -2.18102049828 -1.16859400272 -3.09265494347 -2.18107748032 -1.16359400749 -3.09352278709 -2.2424697876 -1.16359400749 -3.09265708923 -2.24230408669 -1.16859400272 -3.09364271164 -2.24246740341 -1.16859400272 -3.09265184402 -2.2423248291 -1.16359400749 -3.09519577026 -2.24194097519 -1.16859400272 -3.09508466721 -2.2420194149 -1.16359400749 -3.09631609917 -2.24015760422 -1.16859400272 -3.09628868103 -2.24030089378 -1.16359400749 -3.09613609314 -2.23882508278 -1.16859400272 -3.09615683556 -2.23881983757 -1.16359400749 -3.09696531296 -2.17820096016 -1.16359400749 -3.03436541557 -2.17819619179 -1.16359400749 -3.09648895264 -2.17819547653 -1.16859400272 -3.03472137451 -2.17819547653 -1.16859400272 -3.03202819824 -2.18053340912 -1.16859400272 -3.03257036209 -2.1793782711 -1.16359400749 -3.03202748299 -2.18088936806 -1.16359400749 -3.03321027756 -2.17873835564 -1.16859400272 -3.03202748299 -2.24265694618 -1.16359400749 -3.03203296661 -2.2431333065 -1.16859400272 -3.03415894508 -2.24519228935 -1.16859400272 -3.03266501427 -2.24409103394 -1.16359400749 -3.0343003273 -2.24519181252 -1.16359400749 -3.09668874741 -2.24519371986 -1.16359400749 -3.09632635117 -2.24519443512 -1.16859400272 -3.09783983231 -2.2446539402 -1.16859400272 -3.09848594666 -2.24400782585 -1.16359400749 -3.09902572632 -2.24285674095 -1.16859400272 -3.09902644157 -2.24249434471 -1.16359400749 -3.09902429581 -2.18032693863 -1.16359400749 -3.09902381897 -2.18046832085 -1.16859400272 -3.09792304039 -2.17883300781 -1.16859400272 -3.09146595001 -2.24262094498 -1.16359400749 -3.04052710533 -2.24269509315 -1.16359400749 -3.09052705765 -2.24269509315 -1.16359400749 -3.03948497772 -2.24260401726 -1.16359400749 -3.09645295143 -2.23763298988 -1.16359400749 -3.09652709961 -2.23669505119 -1.16359400749 -3.03452706337 -2.18669509888 -1.16359400749 -3.03452706337 -2.23669505119 -1.16359400749 -3.03461790085 -2.23773694038 -1.16359400749 -3.09652709961 -2.18669509888 -1.16359400749 -3.09643602371 -2.18565297127 -1.16359400749 -3.03461790085 -2.18565297127 -1.16359400749 -3.09156894684 -2.18078589439 -1.16359400749 -3.03948497772 -2.18078589439 -1.16359400749 -3.09052705765 -2.18069505692 -1.16359400749 -3.04052710533 -2.18069505692 -1.16359400749 -3.08968305588 -2.19422292709 -1.17360603809 -3.08977508545 -2.19528698921 -1.17377698421 -3.08977508545 -2.19529509544 -1.17359399796 -3.08977508545 -2.19528698921 -1.1734110117 -3.08977508545 -2.19526290894 -1.17395794392 -3.08977508545 -2.19526290894 -1.17322897911 -3.08977389336 -2.19522309303 -1.17413604259 -3.08977389336 -2.19522309303 -1.17305004597 -3.08977198601 -2.19516801834 -1.17431199551 -3.08977198601 -2.19516801834 -1.17287504673 -3.08976888657 -2.19509792328 -1.17448198795 -3.08976888657 -2.19509792328 -1.17270696163 -3.08976507187 -2.19501304626 -1.17254400253 -3.08976507187 -2.19501304626 -1.17464399338 -3.0897591114 -2.19491505623 -1.17479801178 -3.0897591114 -2.19491505623 -1.17238903046 -3.08975100517 -2.1948029995 -1.17494404316 -3.08975100517 -2.1948029995 -1.17224395275 -3.08974003792 -2.19467902184 -1.17507898808 -3.08974003792 -2.19467997551 -1.17210900784 -3.08972597122 -2.19454407692 -1.17198503017 -3.08972597122 -2.19454407692 -1.17520201206 -3.08970808983 -2.1944000721 -1.17531394958 -3.08970808983 -2.19439911842 -1.17187297344 -3.0896859169 -2.19424510002 -1.17541205883 -3.0896859169 -2.19424510002 -1.17177498341 -3.08967900276 -2.19420099258 -1.17543697357 -3.08967900276 -2.19420099258 -1.17174994946 -3.08945393562 -2.1931951046 -1.17359399796 -3.08962893486 -2.19391298294 -1.17556703091 -3.08962893486 -2.19391298294 -1.17162001133 -3.08959293365 -2.1937379837 -1.17562198639 -3.08959293365 -2.1937379837 -1.17156505585 -3.08955192566 -2.19355893135 -1.17566204071 -3.08955192566 -2.19355893135 -1.1715259552 -3.0895049572 -2.19337701797 -1.17568600178 -3.0895049572 -2.19337797165 -1.17150199413 -3.08945393562 -2.1931951046 -1.17149400711 -3.08945393562 -2.19319391251 -1.1756939888 -3.08942699432 -2.19310498238 -1.17569196224 -3.08933711052 -2.19283008575 -1.1715259552 -3.08939790726 -2.19301199913 -1.17357802391 -3.08933711052 -2.19283008575 -1.17566204071 -3.0892059803 -2.19247698784 -1.17162001133 -3.08906388283 -2.19214510918 -1.17177498341 -3.0892059803 -2.19247698784 -1.17556703091 -3.08906388283 -2.19214510918 -1.17541205883 -3.08885192871 -2.19171190262 -1.17405903339 -3.0889210701 -2.19184494019 -1.17520201206 -3.0889210701 -2.19184494019 -1.17198503017 -3.08878493309 -2.19158601761 -1.17494404316 -3.08878493309 -2.19158601761 -1.17224395275 -3.08861494064 -2.1912920475 -1.17448198795 -3.08866500854 -2.19137597084 -1.17464399338 -3.08866500854 -2.19137597084 -1.17254400253 -3.08861494064 -2.1912920475 -1.17270505428 -3.08857107162 -2.19122099876 -1.17287504673 -3.08851099014 -2.19112610817 -1.17395794392 -3.08853697777 -2.19116711617 -1.17413794994 -3.08857107162 -2.19122099876 -1.17431199551 -3.08853697777 -2.19116711617 -1.17305004597 -3.08851099014 -2.19112610817 -1.17322897911 -3.08849596977 -2.19110298157 -1.17341005802 -3.08849096298 -2.19109511375 -1.17359399796 -3.08849596977 -2.19110298157 -1.17377698421 -3.08968400955 -2.19422602654 -1.19360399246 -3.08977508545 -2.19528698921 -1.19377696514 -3.08977508545 -2.19529509544 -1.19359397888 -3.08977508545 -2.19528698921 -1.19341099262 -3.08977508545 -2.19526290894 -1.19395804405 -3.08977508545 -2.19526290894 -1.19322896004 -3.08977389336 -2.19522309303 -1.19413602352 -3.08977389336 -2.19522309303 -1.19305002689 -3.08977198601 -2.19516801834 -1.19431197643 -3.08977198601 -2.19516801834 -1.19287502766 -3.08976888657 -2.19509792328 -1.19448196888 -3.08976888657 -2.19509792328 -1.19270694256 -3.08976507187 -2.19501304626 -1.19254398346 -3.08976507187 -2.19501304626 -1.1946439743 -3.0897591114 -2.19491505623 -1.19479799271 -3.0897591114 -2.19491505623 -1.19238901138 -3.08975100517 -2.1948029995 -1.19494402409 -3.08975100517 -2.1948029995 -1.19224405289 -3.08974003792 -2.19467902184 -1.195078969 -3.08974003792 -2.19467997551 -1.19210898876 -3.08972597122 -2.19454407692 -1.1919850111 -3.08972597122 -2.19454407692 -1.19520199299 -3.08970808983 -2.1944000721 -1.19531404972 -3.08970808983 -2.19439911842 -1.19187295437 -3.0896859169 -2.19424510002 -1.19541203976 -3.0896859169 -2.19424510002 -1.19177496433 -3.08967995644 -2.19420790672 -1.19543302059 -3.08967995644 -2.19420790672 -1.1917539835 -3.08945393562 -2.1931951046 -1.19359397888 -3.08962893486 -2.19391298294 -1.19556701183 -3.08962893486 -2.19391298294 -1.19161999226 -3.08959293365 -2.1937379837 -1.19562196732 -3.08959293365 -2.1937379837 -1.19156503677 -3.08955192566 -2.19355893135 -1.19566202164 -3.08955192566 -2.19355893135 -1.19152605534 -3.0895049572 -2.19337701797 -1.1956859827 -3.0895049572 -2.19337797165 -1.19150197506 -3.08945393562 -2.1931951046 -1.19149398804 -3.08945393562 -2.19319391251 -1.19569396973 -3.08943104744 -2.1931180954 -1.19569194317 -3.08933711052 -2.19283008575 -1.19152605534 -3.08939790726 -2.19301199913 -1.19357800484 -3.08933711052 -2.19283008575 -1.19566202164 -3.0892059803 -2.19247698784 -1.19161999226 -3.08906388283 -2.19214510918 -1.19177496433 -3.0892059803 -2.19247698784 -1.19556701183 -3.08906388283 -2.19214510918 -1.19541203976 -3.08885192871 -2.19171190262 -1.19405901432 -3.0889210701 -2.19184494019 -1.19520199299 -3.0889210701 -2.19184494019 -1.1919850111 -3.08878493309 -2.19158601761 -1.19494402409 -3.08878493309 -2.19158601761 -1.19224405289 -3.08861494064 -2.1912920475 -1.19448196888 -3.08866500854 -2.19137597084 -1.1946439743 -3.08866500854 -2.19137597084 -1.19254398346 -3.08861494064 -2.1912920475 -1.19270503521 -3.08857107162 -2.19122099876 -1.19287502766 -3.08851099014 -2.19112610817 -1.19395804405 -3.08853697777 -2.19116711617 -1.19413805008 -3.08857107162 -2.19122099876 -1.19431197643 -3.08853697777 -2.19116711617 -1.19305002689 -3.08851099014 -2.19112610817 -1.19322896004 -3.08849596977 -2.19110298157 -1.19341003895 -3.08849096298 -2.19109511375 -1.19359397888 -3.08849596977 -2.19110298157 -1.19377696514 -3.08885192871 -2.23167800903 -1.19312894344 -3.08849596977 -2.23228693008 -1.19377803802 -3.08849096298 -2.23229503632 -1.19359397888 -3.08849596977 -2.23228693008 -1.19341003895 -3.08851099014 -2.23226308823 -1.19395804405 -3.08851099014 -2.23226308823 -1.19322896004 -3.08853697777 -2.23222303391 -1.1941369772 -3.08853697777 -2.23222303391 -1.19304895401 -3.08857107162 -2.23216795921 -1.19431197643 -3.08857107162 -2.23216795921 -1.19287502766 -3.08861494064 -2.23209810257 -1.19448196888 -3.08861494064 -2.23209810257 -1.19270503521 -3.08866500854 -2.23201298714 -1.1946439743 -3.08866500854 -2.23201298714 -1.19254398346 -3.08878493309 -2.23180294037 -1.19494402409 -3.08878493309 -2.23180294037 -1.19224405289 -3.0889210701 -2.23154401779 -1.19520199299 -3.0889210701 -2.23154401779 -1.1919850111 -3.08906388283 -2.23124504089 -1.19177496433 -3.08906388283 -2.23124504089 -1.19541203976 -3.08939790726 -2.23037791252 -1.19360995293 -3.0892059803 -2.23091292381 -1.19556701183 -3.0892059803 -2.23091292381 -1.19161999226 -3.08933711052 -2.23055911064 -1.19566202164 -3.08933711052 -2.23055911064 -1.19152605534 -3.08945393562 -2.23019504547 -1.19569396973 -3.08942294121 -2.23029708862 -1.1914960146 -3.08945393562 -2.23019504547 -1.19149398804 -3.08945393562 -2.23019504547 -1.19359397888 -3.0895049572 -2.23001194 -1.19150197506 -3.0895049572 -2.23001194 -1.1956859827 -3.08955192566 -2.22983002663 -1.19566202164 -3.08967590332 -2.22920799255 -1.19544804096 -3.08962893486 -2.22947692871 -1.19556701183 -3.08959293365 -2.22965192795 -1.19562196732 -3.08955192566 -2.22983002663 -1.19152605534 -3.08959293365 -2.22965097427 -1.19156503677 -3.08962893486 -2.22947692871 -1.19161999226 -3.08967590332 -2.22920799255 -1.19174003601 -3.08968091011 -2.22917699814 -1.19357597828 -3.0896859169 -2.22914505005 -1.19541203976 -3.0896859169 -2.22914505005 -1.19177496433 -3.08977508545 -2.22810292244 -1.19377696514 -3.08977508545 -2.22812604904 -1.19395804405 -3.08977389336 -2.22816610336 -1.19413805008 -3.08977198601 -2.22822093964 -1.19431197643 -3.08976888657 -2.2282910347 -1.19448101521 -3.08976507187 -2.22837591171 -1.1946439743 -3.0897591114 -2.22847509384 -1.19479894638 -3.08975100517 -2.22858595848 -1.19494402409 -3.08974003792 -2.22870898247 -1.19507801533 -3.08972597122 -2.22884488106 -1.19520199299 -3.08970808983 -2.22899103165 -1.19531404972 -3.08970808983 -2.22899007797 -1.19187402725 -3.08972597122 -2.22884488106 -1.1919850111 -3.08974003792 -2.22870993614 -1.19210803509 -3.08975100517 -2.22858595848 -1.19224405289 -3.0897591114 -2.22847390175 -1.19238996506 -3.08976507187 -2.22837591171 -1.19254398346 -3.08976888657 -2.22829198837 -1.19270598888 -3.08977198601 -2.22822093964 -1.19287502766 -3.08977389336 -2.22816610336 -1.19305098057 -3.08977508545 -2.22812604904 -1.19322896004 -3.08977508545 -2.22810292244 -1.19341003895 -3.08977508545 -2.22809505463 -1.19359397888 -3.08885192871 -2.23167800903 -1.17312896252 -3.08849596977 -2.23228693008 -1.1737780571 -3.08849096298 -2.23229503632 -1.17359399796 -3.08849596977 -2.23228693008 -1.17341005802 -3.08851099014 -2.23226308823 -1.17395794392 -3.08851099014 -2.23226308823 -1.17322897911 -3.08853697777 -2.23222303391 -1.17413699627 -3.08853697777 -2.23222303391 -1.17304897308 -3.08857107162 -2.23216795921 -1.17431199551 -3.08857107162 -2.23216795921 -1.17287504673 -3.08861494064 -2.23209810257 -1.17448198795 -3.08861494064 -2.23209810257 -1.17270505428 -3.08866500854 -2.23201298714 -1.17464399338 -3.08866500854 -2.23201298714 -1.17254400253 -3.08878493309 -2.23180294037 -1.17494404316 -3.08878493309 -2.23180294037 -1.17224395275 -3.0889210701 -2.23154401779 -1.17520201206 -3.0889210701 -2.23154401779 -1.17198503017 -3.08906388283 -2.23124504089 -1.17177498341 -3.08906388283 -2.23124504089 -1.17541205883 -3.08939790726 -2.23037791252 -1.173609972 -3.0892059803 -2.23091292381 -1.17556703091 -3.0892059803 -2.23091292381 -1.17162001133 -3.08933711052 -2.23055911064 -1.17566204071 -3.08933711052 -2.23055911064 -1.1715259552 -3.08945393562 -2.23019504547 -1.1756939888 -3.08942699432 -2.23028492928 -1.17149603367 -3.08945393562 -2.23019504547 -1.17149400711 -3.08945393562 -2.23019504547 -1.17359399796 -3.0895049572 -2.23001194 -1.17150199413 -3.0895049572 -2.23001194 -1.17568600178 -3.08955192566 -2.22983002663 -1.17566204071 -3.08967900276 -2.22918891907 -1.17543697357 -3.08962893486 -2.22947692871 -1.17556703091 -3.08959293365 -2.22965192795 -1.17562198639 -3.08955192566 -2.22983002663 -1.1715259552 -3.08959293365 -2.22965097427 -1.17156505585 -3.08962893486 -2.22947692871 -1.17162001133 -3.08967900276 -2.22918891907 -1.17174994946 -3.08968305588 -2.22916698456 -1.17358100414 -3.0896859169 -2.22914505005 -1.17541205883 -3.0896859169 -2.22914505005 -1.17177498341 -3.08977508545 -2.22810292244 -1.17377698421 -3.08977508545 -2.22812604904 -1.17395794392 -3.08977389336 -2.22816610336 -1.17413794994 -3.08977198601 -2.22822093964 -1.17431199551 -3.08976888657 -2.2282910347 -1.17448103428 -3.08976507187 -2.22837591171 -1.17464399338 -3.0897591114 -2.22847509384 -1.17479896545 -3.08975100517 -2.22858595848 -1.17494404316 -3.08974003792 -2.22870898247 -1.1750780344 -3.08972597122 -2.22884488106 -1.17520201206 -3.08970808983 -2.22899103165 -1.17531394958 -3.08970808983 -2.22899007797 -1.17187404633 -3.08972597122 -2.22884488106 -1.17198503017 -3.08974003792 -2.22870993614 -1.17210805416 -3.08975100517 -2.22858595848 -1.17224395275 -3.0897591114 -2.22847390175 -1.17238998413 -3.08976507187 -2.22837591171 -1.17254400253 -3.08976888657 -2.22829198837 -1.17270600796 -3.08977198601 -2.22822093964 -1.17287504673 -3.08977389336 -2.22816610336 -1.17305099964 -3.08977508545 -2.22812604904 -1.17322897911 -3.08977508545 -2.22810292244 -1.17341005802 -3.08977508545 -2.22809505463 -1.17359399796 -3.08299899101 -2.23585104942 -1.17360603809 -3.08193492889 -2.23594307899 -1.17377698421 -3.08192706108 -2.23594307899 -1.17359399796 -3.08193492889 -2.23594307899 -1.1734110117 -3.08195900917 -2.23594307899 -1.17395794392 -3.08195900917 -2.23594307899 -1.17322897911 -3.08199810982 -2.2359418869 -1.17413604259 -3.08199906349 -2.2359418869 -1.17305004597 -3.08205294609 -2.23593997955 -1.17431199551 -3.08205294609 -2.23593997955 -1.17287504673 -3.08212399483 -2.23593711853 -1.17448198795 -3.08212304115 -2.23593711853 -1.17270696163 -3.08220791817 -2.23593306541 -1.17464399338 -3.08220791817 -2.23593306541 -1.17254400253 -3.0823059082 -2.23592710495 -1.17479801178 -3.0823071003 -2.23592710495 -1.17238903046 -3.08241796494 -2.23591899872 -1.17494404316 -3.08241796494 -2.23591899872 -1.17224395275 -3.0825419426 -2.23590803146 -1.17507898808 -3.0825419426 -2.23590803146 -1.17210900784 -3.08267688751 -2.23589396477 -1.17520201206 -3.08267688751 -2.23589396477 -1.17198503017 -3.08282208443 -2.23587608337 -1.17531394958 -3.0828230381 -2.23587608337 -1.17187297344 -3.0829770565 -2.23585391045 -1.17541205883 -3.0829770565 -2.23585391045 -1.17177498341 -3.08302092552 -2.23584699631 -1.17543697357 -3.08302092552 -2.23584699631 -1.17174994946 -3.08402705193 -2.23562192917 -1.17359399796 -3.08330798149 -2.23579692841 -1.17556703091 -3.08330798149 -2.23579692841 -1.17162001133 -3.08348298073 -2.2357609272 -1.17562198639 -3.0834839344 -2.23575997353 -1.17156505585 -3.08366203308 -2.23571896553 -1.17566204071 -3.08366203308 -2.23571896553 -1.1715259552 -3.08384394646 -2.23567295074 -1.17568600178 -3.08384394646 -2.23567295074 -1.17150199413 -3.08402705193 -2.23562192917 -1.17149400711 -3.08402705193 -2.23562192917 -1.1756939888 -3.0843911171 -2.23550510406 -1.1715259552 -3.08420991898 -2.2355659008 -1.17357802391 -3.08411693573 -2.23559498787 -1.17569196224 -3.0843911171 -2.23550510406 -1.17566204071 -3.08474493027 -2.23537397385 -1.17162001133 -3.08507704735 -2.23523211479 -1.17177498341 -3.08474493027 -2.23537397385 -1.17556703091 -3.08507704735 -2.23523211479 -1.17541205883 -3.08551001549 -2.23501992226 -1.17405903339 -3.08537697792 -2.23508906364 -1.17520201206 -3.08537697792 -2.23508906364 -1.17198503017 -3.08563494682 -2.23495292664 -1.17494404316 -3.08563494682 -2.23495292664 -1.17224395275 -3.08593010902 -2.23478198051 -1.17448198795 -3.08584499359 -2.23483300209 -1.17464399338 -3.08584499359 -2.23483300209 -1.17254400253 -3.08593010902 -2.23478198051 -1.17270505428 -3.08599996567 -2.23473906517 -1.17287504673 -3.08609509468 -2.23467898369 -1.17395794392 -3.08605504036 -2.23470497131 -1.17413794994 -3.08599996567 -2.23473906517 -1.17431199551 -3.08605504036 -2.23470497131 -1.17305004597 -3.08609509468 -2.23467898369 -1.17322897911 -3.08611893654 -2.23466396332 -1.17341005802 -3.08612704277 -2.23465895653 -1.17359399796 -3.08611893654 -2.23466396332 -1.17377698421 -3.08299899101 -2.23585104942 -1.19360601902 -3.08193492889 -2.23594307899 -1.19377696514 -3.08192706108 -2.23594307899 -1.19359397888 -3.08193492889 -2.23594307899 -1.19341099262 -3.08195900917 -2.23594307899 -1.19395804405 -3.08195900917 -2.23594307899 -1.19322896004 -3.08199810982 -2.2359418869 -1.19413602352 -3.08199906349 -2.2359418869 -1.19305002689 -3.08205294609 -2.23593997955 -1.19431197643 -3.08205294609 -2.23593997955 -1.19287502766 -3.08212399483 -2.23593711853 -1.19448196888 -3.08212304115 -2.23593711853 -1.19270694256 -3.08220791817 -2.23593306541 -1.1946439743 -3.08220791817 -2.23593306541 -1.19254398346 -3.0823059082 -2.23592710495 -1.19479799271 -3.0823071003 -2.23592710495 -1.19238901138 -3.08241796494 -2.23591899872 -1.19494402409 -3.08241796494 -2.23591899872 -1.19224405289 -3.0825419426 -2.23590803146 -1.195078969 -3.0825419426 -2.23590803146 -1.19210898876 -3.08267688751 -2.23589396477 -1.19520199299 -3.08267688751 -2.23589396477 -1.1919850111 -3.08282208443 -2.23587608337 -1.19531404972 -3.0828230381 -2.23587608337 -1.19187295437 -3.0829770565 -2.23585391045 -1.19541203976 -3.0829770565 -2.23585391045 -1.19177496433 -3.08302092552 -2.23584699631 -1.1954369545 -3.08302092552 -2.23584699631 -1.19175004959 -3.08402705193 -2.23562192917 -1.19359397888 -3.08330798149 -2.23579692841 -1.19556701183 -3.08330798149 -2.23579692841 -1.19161999226 -3.08348298073 -2.2357609272 -1.19562196732 -3.0834839344 -2.23575997353 -1.19156503677 -3.08366203308 -2.23571896553 -1.19566202164 -3.08366203308 -2.23571896553 -1.19152605534 -3.08384394646 -2.23567295074 -1.1956859827 -3.08384394646 -2.23567295074 -1.19150197506 -3.08402705193 -2.23562192917 -1.19149398804 -3.08402705193 -2.23562192917 -1.19569396973 -3.0843911171 -2.23550510406 -1.19152605534 -3.08420991898 -2.2355659008 -1.19357800484 -3.08411693573 -2.23559498787 -1.19569194317 -3.0843911171 -2.23550510406 -1.19566202164 -3.08474493027 -2.23537397385 -1.19161999226 -3.08507704735 -2.23523211479 -1.19177496433 -3.08474493027 -2.23537397385 -1.19556701183 -3.08507704735 -2.23523211479 -1.19541203976 -3.08551001549 -2.23501992226 -1.19405901432 -3.08537697792 -2.23508906364 -1.19520199299 -3.08537697792 -2.23508906364 -1.1919850111 -3.08563494682 -2.23495292664 -1.19494402409 -3.08563494682 -2.23495292664 -1.19224405289 -3.08593010902 -2.23478198051 -1.19448196888 -3.08584499359 -2.23483300209 -1.1946439743 -3.08584499359 -2.23483300209 -1.19254398346 -3.08593010902 -2.23478198051 -1.19270503521 -3.08599996567 -2.23473906517 -1.19287502766 -3.08609509468 -2.23467898369 -1.19395804405 -3.08605504036 -2.23470497131 -1.19413805008 -3.08599996567 -2.23473906517 -1.19431197643 -3.08605504036 -2.23470497131 -1.19305002689 -3.08609509468 -2.23467898369 -1.19322896004 -3.08611893654 -2.23466396332 -1.19341003895 -3.08612704277 -2.23465895653 -1.19359397888 -3.08611893654 -2.23466396332 -1.19377696514 -3.04804491997 -2.23584890366 -1.19357597828 -3.04911899567 -2.23594307899 -1.19341003895 -3.0491271019 -2.23594307899 -1.19359397888 -3.04911899567 -2.23594307899 -1.19377696514 -3.04909491539 -2.23594307899 -1.19395804405 -3.04909491539 -2.23594307899 -1.19322896004 -3.04905509949 -2.2359418869 -1.19413805008 -3.04905509949 -2.2359418869 -1.19305098057 -3.0490000248 -2.23593997955 -1.19431197643 -3.0490000248 -2.23593997955 -1.19287502766 -3.04892992973 -2.23593711853 -1.19448101521 -3.04892992973 -2.23593711853 -1.19270598888 -3.04884505272 -2.23593306541 -1.1946439743 -3.04884505272 -2.23593306541 -1.19254398346 -3.04874706268 -2.23592710495 -1.19479894638 -3.04874801636 -2.23592710495 -1.19238996506 -3.04863500595 -2.23591899872 -1.19494402409 -3.04863500595 -2.23591899872 -1.19224405289 -3.04851198196 -2.23590803146 -1.19507801533 -3.04851102829 -2.23590803146 -1.19210803509 -3.04837608337 -2.23589396477 -1.19520199299 -3.04837608337 -2.23589396477 -1.1919850111 -3.04823088646 -2.23587608337 -1.19531404972 -3.04823207855 -2.23587608337 -1.19187402725 -3.04807710648 -2.23585391045 -1.19541203976 -3.04807710648 -2.23585391045 -1.19177496433 -3.04801297188 -2.23584389687 -1.19544804096 -3.04801297188 -2.23584389687 -1.19174003601 -3.0477449894 -2.23579692841 -1.19556701183 -3.04702711105 -2.23562192917 -1.19359397888 -3.0477449894 -2.23579692841 -1.19161999226 -3.04756999016 -2.23575997353 -1.19562196732 -3.04756999016 -2.2357609272 -1.19156503677 -3.04739093781 -2.23571896553 -1.19152605534 -3.04739093781 -2.23571896553 -1.19566202164 -3.0472099781 -2.23567295074 -1.1956859827 -3.04720902443 -2.23567295074 -1.19150197506 -3.04702711105 -2.23562192917 -1.19569396973 -3.04702591896 -2.23562192917 -1.19149398804 -3.04666209221 -2.23550510406 -1.19566202164 -3.04684400558 -2.2355659008 -1.19360995293 -3.04692411423 -2.23559093475 -1.1914960146 -3.04666209221 -2.23550510406 -1.19152605534 -3.04597711563 -2.23523211479 -1.19177496433 -3.04630899429 -2.23537397385 -1.19161999226 -3.04597711563 -2.23523211479 -1.19541203976 -3.04630899429 -2.23537397385 -1.19556701183 -3.04554390907 -2.23501992226 -1.19312894344 -3.04567694664 -2.23508906364 -1.19520199299 -3.04567694664 -2.23508906364 -1.1919850111 -3.04541802406 -2.23495292664 -1.19494402409 -3.04541802406 -2.23495292664 -1.19224405289 -3.04512405396 -2.23478198051 -1.19270503521 -3.04520797729 -2.23483300209 -1.19254398346 -3.04520797729 -2.23483300209 -1.1946439743 -3.04512405396 -2.23478198051 -1.19448196888 -3.04505300522 -2.23473906517 -1.19431197643 -3.04495811462 -2.23467898369 -1.19322896004 -3.0449988842 -2.23470497131 -1.19304895401 -3.04505300522 -2.23473906517 -1.19287502766 -3.04499793053 -2.23470497131 -1.1941369772 -3.04495811462 -2.23467898369 -1.19395804405 -3.04493498802 -2.23466396332 -1.19377803802 -3.04492688179 -2.23465895653 -1.19359397888 -3.04493498802 -2.23466396332 -1.19341003895 -3.04805493355 -2.23585104942 -1.17358100414 -3.04911899567 -2.23594307899 -1.17341005802 -3.0491271019 -2.23594307899 -1.17359399796 -3.04911899567 -2.23594307899 -1.17377698421 -3.04909491539 -2.23594307899 -1.17395794392 -3.04909491539 -2.23594307899 -1.17322897911 -3.04905509949 -2.2359418869 -1.17413794994 -3.04905509949 -2.2359418869 -1.17305099964 -3.0490000248 -2.23593997955 -1.17431199551 -3.0490000248 -2.23593997955 -1.17287504673 -3.04892992973 -2.23593711853 -1.17448103428 -3.04892992973 -2.23593711853 -1.17270600796 -3.04884505272 -2.23593306541 -1.17464399338 -3.04884505272 -2.23593306541 -1.17254400253 -3.04874706268 -2.23592710495 -1.17479896545 -3.04874801636 -2.23592710495 -1.17238998413 -3.04863500595 -2.23591899872 -1.17494404316 -3.04863500595 -2.23591899872 -1.17224395275 -3.04851198196 -2.23590803146 -1.1750780344 -3.04851102829 -2.23590803146 -1.17210805416 -3.04837608337 -2.23589396477 -1.17520201206 -3.04837608337 -2.23589396477 -1.17198503017 -3.04823088646 -2.23587608337 -1.17531394958 -3.04823207855 -2.23587608337 -1.17187404633 -3.04807710648 -2.23585391045 -1.17541205883 -3.04807710648 -2.23585391045 -1.17177498341 -3.04803299904 -2.23584699631 -1.17543697357 -3.04803299904 -2.23584699631 -1.17174994946 -3.0477449894 -2.23579692841 -1.17556703091 -3.04702711105 -2.23562192917 -1.17359399796 -3.0477449894 -2.23579692841 -1.17162001133 -3.04756999016 -2.23575997353 -1.17562198639 -3.04756999016 -2.2357609272 -1.17156505585 -3.04739093781 -2.23571896553 -1.1715259552 -3.04739093781 -2.23571896553 -1.17566204071 -3.0472099781 -2.23567295074 -1.17568600178 -3.04720902443 -2.23567295074 -1.17150199413 -3.04702711105 -2.23562192917 -1.1756939888 -3.04702591896 -2.23562192917 -1.17149400711 -3.04666209221 -2.23550510406 -1.17566204071 -3.04684400558 -2.2355659008 -1.173609972 -3.04693698883 -2.23559498787 -1.17149603367 -3.04666209221 -2.23550510406 -1.1715259552 -3.04597711563 -2.23523211479 -1.17177498341 -3.04630899429 -2.23537397385 -1.17162001133 -3.04597711563 -2.23523211479 -1.17541205883 -3.04630899429 -2.23537397385 -1.17556703091 -3.04554390907 -2.23501992226 -1.17312896252 -3.04567694664 -2.23508906364 -1.17520201206 -3.04567694664 -2.23508906364 -1.17198503017 -3.04541802406 -2.23495292664 -1.17494404316 -3.04541802406 -2.23495292664 -1.17224395275 -3.04512405396 -2.23478198051 -1.17270505428 -3.04520797729 -2.23483300209 -1.17254400253 -3.04520797729 -2.23483300209 -1.17464399338 -3.04512405396 -2.23478198051 -1.17448198795 -3.04505300522 -2.23473906517 -1.17431199551 -3.04495811462 -2.23467898369 -1.17322897911 -3.0449988842 -2.23470497131 -1.17304897308 -3.04505300522 -2.23473906517 -1.17287504673 -3.04499793053 -2.23470497131 -1.17413699627 -3.04495811462 -2.23467898369 -1.17395794392 -3.04493498802 -2.23466396332 -1.1737780571 -3.04492688179 -2.23465895653 -1.17359399796 -3.04493498802 -2.23466396332 -1.17341005802 -3.04220104218 -2.23167800903 -1.17405903339 -3.04255700111 -2.23228693008 -1.17341005802 -3.04256296158 -2.23229503632 -1.17359399796 -3.04255795479 -2.23228693008 -1.17377698421 -3.04254198074 -2.23226308823 -1.17395794392 -3.04254198074 -2.23226308823 -1.17322897911 -3.04251694679 -2.23222303391 -1.17413794994 -3.04251694679 -2.23222303391 -1.17305004597 -3.04248189926 -2.23216795921 -1.17287504673 -3.04248189926 -2.23216795921 -1.17431199551 -3.04243898392 -2.23209810257 -1.17448198795 -3.04243898392 -2.23209810257 -1.17270505428 -3.04238891602 -2.23201298714 -1.17464399338 -3.04238891602 -2.23201298714 -1.17254400253 -3.04226899147 -2.23180294037 -1.17494404316 -3.04226899147 -2.23180294037 -1.17224395275 -3.04213190079 -2.23154401779 -1.17520201206 -3.04213190079 -2.23154401779 -1.17198503017 -3.04198908806 -2.23124504089 -1.17541205883 -3.04198908806 -2.23124504089 -1.17177498341 -3.04184794426 -2.23091292381 -1.17556703091 -3.0416560173 -2.23037791252 -1.17357802391 -3.04184794426 -2.23091292381 -1.17162001133 -3.04171609879 -2.23055911064 -1.17566204071 -3.04171609879 -2.23055911064 -1.1715259552 -3.04162693024 -2.23028492928 -1.17569196224 -3.04159998894 -2.23019504547 -1.17149400711 -3.04159998894 -2.23019504547 -1.1756939888 -3.04159998894 -2.23019504547 -1.17359399796 -3.04154896736 -2.23001194 -1.17568600178 -3.04137396812 -2.22918891907 -1.17174994946 -3.0414249897 -2.22947692871 -1.17162001133 -3.04146099091 -2.22965192795 -1.17156505585 -3.0415019989 -2.22983002663 -1.1715259552 -3.0415019989 -2.22983002663 -1.17566204071 -3.04146099091 -2.22965097427 -1.17562198639 -3.04137396812 -2.22918891907 -1.17543697357 -3.0414249897 -2.22947692871 -1.17556703091 -3.04154896736 -2.23001194 -1.17150199413 -3.04136705399 -2.22914505005 -1.17541205883 -3.0413711071 -2.22916698456 -1.17360603809 -3.04136705399 -2.22914505005 -1.17177498341 -3.04127788544 -2.22810292244 -1.1734110117 -3.04127907753 -2.22812604904 -1.17322897911 -3.0412800312 -2.22816610336 -1.17305004597 -3.04128193855 -2.22822093964 -1.17287504673 -3.04128408432 -2.2282910347 -1.17270696163 -3.04128789902 -2.22837591171 -1.17254400253 -3.0412940979 -2.22847509384 -1.17238903046 -3.04130196571 -2.22858595848 -1.17224395275 -3.04131293297 -2.22870898247 -1.17210900784 -3.04132795334 -2.22884488106 -1.17198503017 -3.04134488106 -2.22899103165 -1.17187297344 -3.04134488106 -2.22899007797 -1.17531394958 -3.04132795334 -2.22884488106 -1.17520201206 -3.04131293297 -2.22870993614 -1.17507898808 -3.04130196571 -2.22858595848 -1.17494404316 -3.0412940979 -2.22847390175 -1.17479801178 -3.04128789902 -2.22837591171 -1.17464399338 -3.04128408432 -2.22829198837 -1.17448198795 -3.04128193855 -2.22822093964 -1.17431199551 -3.0412800312 -2.22816610336 -1.17413604259 -3.04127907753 -2.22812604904 -1.17395794392 -3.04127788544 -2.22810292244 -1.17377698421 -3.04127788544 -2.22809505463 -1.17359399796 -3.04220104218 -2.23167800903 -1.19405901432 -3.04255700111 -2.23228693008 -1.19341003895 -3.04256296158 -2.23229503632 -1.19359397888 -3.04255795479 -2.23228693008 -1.19377696514 -3.04254198074 -2.23226308823 -1.19395804405 -3.04254198074 -2.23226308823 -1.19322896004 -3.04251694679 -2.23222303391 -1.19413805008 -3.04251694679 -2.23222303391 -1.19305002689 -3.04248189926 -2.23216795921 -1.19287502766 -3.04248189926 -2.23216795921 -1.19431197643 -3.04243898392 -2.23209810257 -1.19448196888 -3.04243898392 -2.23209810257 -1.19270503521 -3.04238891602 -2.23201298714 -1.1946439743 -3.04238891602 -2.23201298714 -1.19254398346 -3.04226899147 -2.23180294037 -1.19494402409 -3.04226899147 -2.23180294037 -1.19224405289 -3.04213190079 -2.23154401779 -1.19520199299 -3.04213190079 -2.23154401779 -1.1919850111 -3.04198908806 -2.23124504089 -1.19541203976 -3.04198908806 -2.23124504089 -1.19177496433 -3.04184794426 -2.23091292381 -1.19556701183 -3.0416560173 -2.23037791252 -1.19357800484 -3.04184794426 -2.23091292381 -1.19161999226 -3.04171609879 -2.23055911064 -1.19566202164 -3.04171609879 -2.23055911064 -1.19152605534 -3.04162693024 -2.23028492928 -1.19569194317 -3.04159998894 -2.23019504547 -1.19149398804 -3.04159998894 -2.23019504547 -1.19569396973 -3.04159998894 -2.23019504547 -1.19359397888 -3.04154896736 -2.23001194 -1.1956859827 -3.04137396812 -2.22918891907 -1.19175004959 -3.0414249897 -2.22947692871 -1.19161999226 -3.04146099091 -2.22965192795 -1.19156503677 -3.0415019989 -2.22983002663 -1.19152605534 -3.0415019989 -2.22983002663 -1.19566202164 -3.04146099091 -2.22965097427 -1.19562196732 -3.04137396812 -2.22918891907 -1.1954369545 -3.0414249897 -2.22947692871 -1.19556701183 -3.04154896736 -2.23001194 -1.19150197506 -3.04136705399 -2.22914505005 -1.19541203976 -3.0413711071 -2.22916698456 -1.19360601902 -3.04136705399 -2.22914505005 -1.19177496433 -3.04127788544 -2.22810292244 -1.19341099262 -3.04127907753 -2.22812604904 -1.19322896004 -3.0412800312 -2.22816610336 -1.19305002689 -3.04128193855 -2.22822093964 -1.19287502766 -3.04128408432 -2.2282910347 -1.19270694256 -3.04128789902 -2.22837591171 -1.19254398346 -3.0412940979 -2.22847509384 -1.19238901138 -3.04130196571 -2.22858595848 -1.19224405289 -3.04131293297 -2.22870898247 -1.19210898876 -3.04132795334 -2.22884488106 -1.1919850111 -3.04134488106 -2.22899103165 -1.19187295437 -3.04134488106 -2.22899007797 -1.19531404972 -3.04132795334 -2.22884488106 -1.19520199299 -3.04131293297 -2.22870993614 -1.195078969 -3.04130196571 -2.22858595848 -1.19494402409 -3.0412940979 -2.22847390175 -1.19479799271 -3.04128789902 -2.22837591171 -1.1946439743 -3.04128408432 -2.22829198837 -1.19448196888 -3.04128193855 -2.22822093964 -1.19431197643 -3.0412800312 -2.22816610336 -1.19413602352 -3.04127907753 -2.22812604904 -1.19395804405 -3.04127788544 -2.22810292244 -1.19377696514 -3.04127788544 -2.22809505463 -1.19359397888 -3.0413711071 -2.19422292709 -1.19358098507 -3.04127788544 -2.19528698921 -1.19341003895 -3.04127788544 -2.19529509544 -1.19359397888 -3.04127788544 -2.19528698921 -1.19377696514 -3.04127907753 -2.19526290894 -1.19395804405 -3.04127907753 -2.19526290894 -1.19322896004 -3.0412800312 -2.19522309303 -1.19413805008 -3.0412800312 -2.19522309303 -1.19305098057 -3.04128193855 -2.19516801834 -1.19287502766 -3.04128193855 -2.19516801834 -1.19431197643 -3.04128408432 -2.19509792328 -1.19448101521 -3.04128408432 -2.19509792328 -1.19270598888 -3.04128789902 -2.19501304626 -1.1946439743 -3.04128789902 -2.19501304626 -1.19254398346 -3.0412940979 -2.19491505623 -1.19479894638 -3.0412940979 -2.19491505623 -1.19238996506 -3.04130196571 -2.1948029995 -1.19224405289 -3.04130196571 -2.1948029995 -1.19494402409 -3.04131293297 -2.19467997551 -1.19507801533 -3.04131293297 -2.19467902184 -1.19210803509 -3.04132795334 -2.19454407692 -1.19520199299 -3.04132795334 -2.19454407692 -1.1919850111 -3.04134488106 -2.19439911842 -1.19531404972 -3.04134488106 -2.1944000721 -1.19187402725 -3.04136705399 -2.19424510002 -1.19177496433 -3.04136705399 -2.19424510002 -1.19541203976 -3.04137396812 -2.19420099258 -1.1954369545 -3.04137396812 -2.19420099258 -1.19175004959 -3.0414249897 -2.19391298294 -1.19556701183 -3.04159998894 -2.1931951046 -1.19359397888 -3.0414249897 -2.19391298294 -1.19161999226 -3.04146099091 -2.1937379837 -1.19562196732 -3.04146099091 -2.1937379837 -1.19156503677 -3.0415019989 -2.19355893135 -1.19152605534 -3.0415019989 -2.19355893135 -1.19566202164 -3.04154896736 -2.19337797165 -1.1956859827 -3.04154896736 -2.19337701797 -1.19150197506 -3.04159998894 -2.1931951046 -1.19569396973 -3.04159998894 -2.19319391251 -1.19149398804 -3.04171609879 -2.19283008575 -1.19566202164 -3.0416560173 -2.19301199913 -1.19360995293 -3.04162693024 -2.19310498238 -1.1914960146 -3.04171609879 -2.19283008575 -1.19152605534 -3.04198908806 -2.19214510918 -1.19177496433 -3.04184794426 -2.19247698784 -1.19161999226 -3.04198908806 -2.19214510918 -1.19541203976 -3.04184794426 -2.19247698784 -1.19556701183 -3.04220104218 -2.19171190262 -1.19312894344 -3.04213190079 -2.19184494019 -1.19520199299 -3.04213190079 -2.19184494019 -1.1919850111 -3.04226899147 -2.19158601761 -1.19494402409 -3.04226899147 -2.19158601761 -1.19224405289 -3.04243898392 -2.1912920475 -1.19270503521 -3.04238891602 -2.19137597084 -1.19254398346 -3.04238891602 -2.19137597084 -1.1946439743 -3.04243898392 -2.1912920475 -1.19448196888 -3.04248189926 -2.19122099876 -1.19431197643 -3.04254198074 -2.19112610817 -1.19322896004 -3.04251694679 -2.19116711617 -1.19304895401 -3.04248189926 -2.19122099876 -1.19287502766 -3.04251694679 -2.19116711617 -1.1941369772 -3.04254198074 -2.19112610817 -1.19395804405 -3.04255700111 -2.19110298157 -1.19377803802 -3.04256296158 -2.19109511375 -1.19359397888 -3.04255795479 -2.19110298157 -1.19341003895 -3.0413711071 -2.19422292709 -1.17358100414 -3.04127788544 -2.19528698921 -1.17341005802 -3.04127788544 -2.19529509544 -1.17359399796 -3.04127788544 -2.19528698921 -1.17377698421 -3.04127907753 -2.19526290894 -1.17395794392 -3.04127907753 -2.19526290894 -1.17322897911 -3.0412800312 -2.19522309303 -1.17413794994 -3.0412800312 -2.19522309303 -1.17305099964 -3.04128193855 -2.19516801834 -1.17287504673 -3.04128193855 -2.19516801834 -1.17431199551 -3.04128408432 -2.19509792328 -1.17448103428 -3.04128408432 -2.19509792328 -1.17270600796 -3.04128789902 -2.19501304626 -1.17464399338 -3.04128789902 -2.19501304626 -1.17254400253 -3.0412940979 -2.19491505623 -1.17479896545 -3.0412940979 -2.19491505623 -1.17238998413 -3.04130196571 -2.1948029995 -1.17224395275 -3.04130196571 -2.1948029995 -1.17494404316 -3.04131293297 -2.19467997551 -1.1750780344 -3.04131293297 -2.19467902184 -1.17210805416 -3.04132795334 -2.19454407692 -1.17520201206 -3.04132795334 -2.19454407692 -1.17198503017 -3.04134488106 -2.19439911842 -1.17531394958 -3.04134488106 -2.1944000721 -1.17187404633 -3.04136705399 -2.19424510002 -1.17177498341 -3.04136705399 -2.19424510002 -1.17541205883 -3.04137396812 -2.19420099258 -1.17543697357 -3.04137396812 -2.19420099258 -1.17174994946 -3.0414249897 -2.19391298294 -1.17556703091 -3.04159998894 -2.1931951046 -1.17359399796 -3.0414249897 -2.19391298294 -1.17162001133 -3.04146099091 -2.1937379837 -1.17562198639 -3.04146099091 -2.1937379837 -1.17156505585 -3.0415019989 -2.19355893135 -1.1715259552 -3.0415019989 -2.19355893135 -1.17566204071 -3.04154896736 -2.19337797165 -1.17568600178 -3.04154896736 -2.19337701797 -1.17150199413 -3.04159998894 -2.1931951046 -1.1756939888 -3.04159998894 -2.19319391251 -1.17149400711 -3.04171609879 -2.19283008575 -1.17566204071 -3.0416560173 -2.19301199913 -1.173609972 -3.04162693024 -2.19310498238 -1.17149603367 -3.04171609879 -2.19283008575 -1.1715259552 -3.04198908806 -2.19214510918 -1.17177498341 -3.04184794426 -2.19247698784 -1.17162001133 -3.04198908806 -2.19214510918 -1.17541205883 -3.04184794426 -2.19247698784 -1.17556703091 -3.04220104218 -2.19171190262 -1.17312896252 -3.04213190079 -2.19184494019 -1.17520201206 -3.04213190079 -2.19184494019 -1.17198503017 -3.04226899147 -2.19158601761 -1.17494404316 -3.04226899147 -2.19158601761 -1.17224395275 -3.04243898392 -2.1912920475 -1.17270505428 -3.04238891602 -2.19137597084 -1.17254400253 -3.04238891602 -2.19137597084 -1.17464399338 -3.04243898392 -2.1912920475 -1.17448198795 -3.04248189926 -2.19122099876 -1.17431199551 -3.04254198074 -2.19112610817 -1.17322897911 -3.04251694679 -2.19116711617 -1.17304897308 -3.04248189926 -2.19122099876 -1.17287504673 -3.04251694679 -2.19116711617 -1.17413699627 -3.04254198074 -2.19112610817 -1.17395794392 -3.04255700111 -2.19110298157 -1.1737780571 -3.04256296158 -2.19109511375 -1.17359399796 -3.04255795479 -2.19110298157 -1.17341005802 -3.04554390907 -2.18836903572 -1.17405903339 -3.04493498802 -2.18872594833 -1.17341005802 -3.04492688179 -2.18873095512 -1.17359399796 -3.04493498802 -2.18872594833 -1.17377698421 -3.04495811462 -2.18870997429 -1.17395794392 -3.04495811462 -2.18870997429 -1.17322897911 -3.0449988842 -2.18868494034 -1.17413794994 -3.04499793053 -2.18868494034 -1.17305004597 -3.04505300522 -2.18864989281 -1.17287504673 -3.04505300522 -2.18864989281 -1.17431199551 -3.04512405396 -2.18860697746 -1.17448198795 -3.04512405396 -2.18860697746 -1.17270505428 -3.04520797729 -2.18855690956 -1.17464399338 -3.04520797729 -2.18855690956 -1.17254400253 -3.04541802406 -2.18843698502 -1.17494404316 -3.04541802406 -2.18843698502 -1.17224395275 -3.04567694664 -2.18829989433 -1.17520201206 -3.04567694664 -2.18829989433 -1.17198503017 -3.04597711563 -2.1881570816 -1.17541205883 -3.04597711563 -2.1881570816 -1.17177498341 -3.04630899429 -2.18801593781 -1.17556703091 -3.04684400558 -2.18782401085 -1.17357802391 -3.04630899429 -2.18801593781 -1.17162001133 -3.04666209221 -2.18788409233 -1.17566204071 -3.04666209221 -2.18788409233 -1.1715259552 -3.04693698883 -2.18779492378 -1.17569196224 -3.04702711105 -2.18776798248 -1.17149400711 -3.04702591896 -2.18776798248 -1.1756939888 -3.04702711105 -2.18776798248 -1.17359399796 -3.04720902443 -2.18771696091 -1.17568600178 -3.04803299904 -2.18754196167 -1.17174994946 -3.0477449894 -2.18759298325 -1.17162001133 -3.04756999016 -2.18762898445 -1.17156505585 -3.04739093781 -2.18766999245 -1.1715259552 -3.04739093781 -2.18766999245 -1.17566204071 -3.04756999016 -2.18762898445 -1.17562198639 -3.04803299904 -2.18754196167 -1.17543697357 -3.0477449894 -2.18759298325 -1.17556703091 -3.0472099781 -2.18771600723 -1.17150199413 -3.04807710648 -2.18753504753 -1.17541205883 -3.04805493355 -2.18753910065 -1.17360603809 -3.04807710648 -2.18753504753 -1.17177498341 -3.04911899567 -2.1874461174 -1.1734110117 -3.04909491539 -2.18744707108 -1.17322897911 -3.04905509949 -2.18744802475 -1.17305004597 -3.0490000248 -2.18744897842 -1.17287504673 -3.04892992973 -2.18745207787 -1.17270696163 -3.04884505272 -2.18745589256 -1.17254400253 -3.04874706268 -2.18746209145 -1.17238903046 -3.04863500595 -2.18746995926 -1.17224395275 -3.04851198196 -2.18748092651 -1.17210900784 -3.04837608337 -2.18749499321 -1.17198503017 -3.04823088646 -2.18751311302 -1.17187297344 -3.04823207855 -2.18751311302 -1.17531394958 -3.04837608337 -2.18749499321 -1.17520201206 -3.04851102829 -2.18748092651 -1.17507898808 -3.04863500595 -2.18746995926 -1.17494404316 -3.04874801636 -2.18746209145 -1.17479801178 -3.04884505272 -2.18745589256 -1.17464399338 -3.04892992973 -2.18745207787 -1.17448198795 -3.0490000248 -2.18744897842 -1.17431199551 -3.04905509949 -2.18744802475 -1.17413604259 -3.04909491539 -2.18744707108 -1.17395794392 -3.04911899567 -2.1874461174 -1.17377698421 -3.0491271019 -2.1874461174 -1.17359399796 -3.04554390907 -2.18836903572 -1.19405901432 -3.04493498802 -2.18872594833 -1.19341003895 -3.04492688179 -2.18873095512 -1.19359397888 -3.04493498802 -2.18872594833 -1.19377696514 -3.04495811462 -2.18870997429 -1.19395804405 -3.04495811462 -2.18870997429 -1.19322896004 -3.0449988842 -2.18868494034 -1.19413805008 -3.04499793053 -2.18868494034 -1.19305002689 -3.04505300522 -2.18864989281 -1.19287502766 -3.04505300522 -2.18864989281 -1.19431197643 -3.04512405396 -2.18860697746 -1.19448196888 -3.04512405396 -2.18860697746 -1.19270503521 -3.04520797729 -2.18855690956 -1.1946439743 -3.04520797729 -2.18855690956 -1.19254398346 -3.04541802406 -2.18843698502 -1.19494402409 -3.04541802406 -2.18843698502 -1.19224405289 -3.04567694664 -2.18829989433 -1.19520199299 -3.04567694664 -2.18829989433 -1.1919850111 -3.04597711563 -2.1881570816 -1.19541203976 -3.04597711563 -2.1881570816 -1.19177496433 -3.04630899429 -2.18801593781 -1.19556701183 -3.04684400558 -2.18782401085 -1.19357800484 -3.04630899429 -2.18801593781 -1.19161999226 -3.04666209221 -2.18788409233 -1.19566202164 -3.04666209221 -2.18788409233 -1.19152605534 -3.04693698883 -2.18779492378 -1.19569194317 -3.04702711105 -2.18776798248 -1.19149398804 -3.04702591896 -2.18776798248 -1.19569396973 -3.04702711105 -2.18776798248 -1.19359397888 -3.04720902443 -2.18771696091 -1.1956859827 -3.04803299904 -2.18754196167 -1.19175004959 -3.0477449894 -2.18759298325 -1.19161999226 -3.04756999016 -2.18762898445 -1.19156503677 -3.04739093781 -2.18766999245 -1.19152605534 -3.04739093781 -2.18766999245 -1.19566202164 -3.04756999016 -2.18762898445 -1.19562196732 -3.04803299904 -2.18754196167 -1.1954369545 -3.0477449894 -2.18759298325 -1.19556701183 -3.0472099781 -2.18771600723 -1.19150197506 -3.04807710648 -2.18753504753 -1.19541203976 -3.04805493355 -2.18753910065 -1.19360601902 -3.04807710648 -2.18753504753 -1.19177496433 -3.04911899567 -2.1874461174 -1.19341099262 -3.04909491539 -2.18744707108 -1.19322896004 -3.04905509949 -2.18744802475 -1.19305002689 -3.0490000248 -2.18744897842 -1.19287502766 -3.04892992973 -2.18745207787 -1.19270694256 -3.04884505272 -2.18745589256 -1.19254398346 -3.04874706268 -2.18746209145 -1.19238901138 -3.04863500595 -2.18746995926 -1.19224405289 -3.04851198196 -2.18748092651 -1.19210898876 -3.04837608337 -2.18749499321 -1.1919850111 -3.04823088646 -2.18751311302 -1.19187295437 -3.04823207855 -2.18751311302 -1.19531404972 -3.04837608337 -2.18749499321 -1.19520199299 -3.04851102829 -2.18748092651 -1.195078969 -3.04863500595 -2.18746995926 -1.19494402409 -3.04874801636 -2.18746209145 -1.19479799271 -3.04884505272 -2.18745589256 -1.1946439743 -3.04892992973 -2.18745207787 -1.19448196888 -3.0490000248 -2.18744897842 -1.19431197643 -3.04905509949 -2.18744802475 -1.19413602352 -3.04909491539 -2.18744707108 -1.19395804405 -3.04911899567 -2.1874461174 -1.19377696514 -3.0491271019 -2.1874461174 -1.19359397888 -3.08551001549 -2.18836903572 -1.19312894344 -3.08611893654 -2.18872594833 -1.19377803802 -3.08612704277 -2.18873095512 -1.19359397888 -3.08611893654 -2.18872594833 -1.19341003895 -3.08609509468 -2.18870997429 -1.19395804405 -3.08609509468 -2.18870997429 -1.19322896004 -3.08605504036 -2.18868494034 -1.1941369772 -3.08605504036 -2.18868494034 -1.19304895401 -3.08599996567 -2.18864989281 -1.19431197643 -3.08599996567 -2.18864989281 -1.19287502766 -3.08593010902 -2.18860697746 -1.19448196888 -3.08593010902 -2.18860697746 -1.19270503521 -3.08584499359 -2.18855690956 -1.1946439743 -3.08584499359 -2.18855690956 -1.19254398346 -3.08563494682 -2.18843698502 -1.19494402409 -3.08563494682 -2.18843698502 -1.19224405289 -3.08537697792 -2.18829989433 -1.19520199299 -3.08537697792 -2.18829989433 -1.1919850111 -3.08507704735 -2.1881570816 -1.19177496433 -3.08507704735 -2.1881570816 -1.19541203976 -3.08420991898 -2.18782401085 -1.19360995293 -3.08474493027 -2.18801593781 -1.19556701183 -3.08474493027 -2.18801593781 -1.19161999226 -3.0843911171 -2.18788409233 -1.19566202164 -3.0843911171 -2.18788409233 -1.19152605534 -3.08402705193 -2.18776798248 -1.19569396973 -3.08411693573 -2.18779492378 -1.1914960146 -3.08402705193 -2.18776798248 -1.19149398804 -3.08402705193 -2.18776798248 -1.19359397888 -3.08384394646 -2.18771600723 -1.1956859827 -3.08366203308 -2.18766999245 -1.19566202164 -3.08302092552 -2.18754196167 -1.1954369545 -3.08330798149 -2.18759298325 -1.19556701183 -3.0834839344 -2.18762898445 -1.19562196732 -3.08384394646 -2.18771696091 -1.19150197506 -3.08366203308 -2.18766999245 -1.19152605534 -3.08348298073 -2.18762898445 -1.19156503677 -3.08330798149 -2.18759298325 -1.19161999226 -3.08302092552 -2.18754196167 -1.19175004959 -3.08299899101 -2.18753910065 -1.19358098507 -3.0829770565 -2.18753504753 -1.19541203976 -3.0829770565 -2.18753504753 -1.19177496433 -3.08193492889 -2.1874461174 -1.19377696514 -3.08195900917 -2.18744707108 -1.19395804405 -3.08199906349 -2.18744802475 -1.19413805008 -3.08205294609 -2.18744897842 -1.19431197643 -3.08212304115 -2.18745207787 -1.19448101521 -3.08220791817 -2.18745589256 -1.1946439743 -3.0823071003 -2.18746209145 -1.19479894638 -3.08241796494 -2.18746995926 -1.19494402409 -3.0825419426 -2.18748092651 -1.19507801533 -3.08267688751 -2.18749499321 -1.19520199299 -3.0828230381 -2.18751311302 -1.19531404972 -3.08282208443 -2.18751311302 -1.19187402725 -3.08267688751 -2.18749499321 -1.1919850111 -3.0825419426 -2.18748092651 -1.19210803509 -3.08241796494 -2.18746995926 -1.19224405289 -3.0823059082 -2.18746209145 -1.19238996506 -3.08220791817 -2.18745589256 -1.19254398346 -3.08212399483 -2.18745207787 -1.19270598888 -3.08205294609 -2.18744897842 -1.19287502766 -3.08199810982 -2.18744802475 -1.19305098057 -3.08195900917 -2.18744707108 -1.19322896004 -3.08193492889 -2.1874461174 -1.19341003895 -3.08192706108 -2.1874461174 -1.19359397888 -3.08551001549 -2.18836903572 -1.17312896252 -3.08611893654 -2.18872594833 -1.1737780571 -3.08612704277 -2.18873095512 -1.17359399796 -3.08611893654 -2.18872594833 -1.17341005802 -3.08609509468 -2.18870997429 -1.17395794392 -3.08609509468 -2.18870997429 -1.17322897911 -3.08605504036 -2.18868494034 -1.17413699627 -3.08605504036 -2.18868494034 -1.17304897308 -3.08599996567 -2.18864989281 -1.17431199551 -3.08599996567 -2.18864989281 -1.17287504673 -3.08593010902 -2.18860697746 -1.17448198795 -3.08593010902 -2.18860697746 -1.17270505428 -3.08584499359 -2.18855690956 -1.17464399338 -3.08584499359 -2.18855690956 -1.17254400253 -3.08563494682 -2.18843698502 -1.17494404316 -3.08563494682 -2.18843698502 -1.17224395275 -3.08537697792 -2.18829989433 -1.17520201206 -3.08537697792 -2.18829989433 -1.17198503017 -3.08507704735 -2.1881570816 -1.17177498341 -3.08507704735 -2.1881570816 -1.17541205883 -3.08420991898 -2.18782401085 -1.173609972 -3.08474493027 -2.18801593781 -1.17556703091 -3.08474493027 -2.18801593781 -1.17162001133 -3.0843911171 -2.18788409233 -1.17566204071 -3.0843911171 -2.18788409233 -1.1715259552 -3.08402705193 -2.18776798248 -1.1756939888 -3.08411693573 -2.18779492378 -1.17149603367 -3.08402705193 -2.18776798248 -1.17149400711 -3.08402705193 -2.18776798248 -1.17359399796 -3.08384394646 -2.18771600723 -1.17568600178 -3.08366203308 -2.18766999245 -1.17566204071 -3.08302092552 -2.18754196167 -1.17543697357 -3.08330798149 -2.18759298325 -1.17556703091 -3.0834839344 -2.18762898445 -1.17562198639 -3.08384394646 -2.18771696091 -1.17150199413 -3.08366203308 -2.18766999245 -1.1715259552 -3.08348298073 -2.18762898445 -1.17156505585 -3.08330798149 -2.18759298325 -1.17162001133 -3.08302092552 -2.18754196167 -1.17174994946 -3.08299899101 -2.18753910065 -1.17358100414 -3.0829770565 -2.18753504753 -1.17541205883 -3.0829770565 -2.18753504753 -1.17177498341 -3.08193492889 -2.1874461174 -1.17377698421 -3.08195900917 -2.18744707108 -1.17395794392 -3.08199906349 -2.18744802475 -1.17413794994 -3.08205294609 -2.18744897842 -1.17431199551 -3.08212304115 -2.18745207787 -1.17448103428 -3.08220791817 -2.18745589256 -1.17464399338 -3.0823071003 -2.18746209145 -1.17479896545 -3.08241796494 -2.18746995926 -1.17494404316 -3.0825419426 -2.18748092651 -1.1750780344 -3.08267688751 -2.18749499321 -1.17520201206 -3.0828230381 -2.18751311302 -1.17531394958 -3.08282208443 -2.18751311302 -1.17187404633 -3.08267688751 -2.18749499321 -1.17198503017 -3.0825419426 -2.18748092651 -1.17210805416 -3.08241796494 -2.18746995926 -1.17224395275 -3.0823059082 -2.18746209145 -1.17238998413 -3.08220791817 -2.18745589256 -1.17254400253 -3.08212399483 -2.18745207787 -1.17270600796 -3.08205294609 -2.18744897842 -1.17287504673 -3.08199810982 -2.18744802475 -1.17305099964 -3.08195900917 -2.18744707108 -1.17322897911 -3.08193492889 -2.1874461174 -1.17341005802 -3.08192706108 -2.1874461174 -1.17359399796 -3.05057168007 -2.21833896637 -1.04859411716 -3.05053687096 -2.20574879646 -1.04859399796 -3.05053758621 -2.21837210655 -1.18508958817 -3.05049967766 -2.2061214447 -1.18529272079 -3.05884885788 -2.19670557976 -1.18508994579 -3.07147026062 -2.1967048645 -1.04859399796 -3.07110023499 -2.19666743279 -1.18529272079 -3.05888319016 -2.19673967361 -1.04859411716 -3.07759308815 -2.19943451881 -1.18259894848 -3.07227396965 -2.19617247581 -1.18494415283 -3.07416343689 -2.19735431671 -1.18209719658 -3.08000802994 -2.2033457756 -1.18332862854 -3.08048248291 -2.20505428314 -1.04859411716 -3.08051633835 -2.20501685143 -1.18508934975 -3.07826447487 -2.20015144348 -1.04859399796 -3.07449245453 -2.19748306274 -1.04859399796 -3.08051729202 -2.21764063835 -1.04859399796 -3.08055448532 -2.2172665596 -1.18529260159 -3.04689407349 -2.18969368935 -1.05634403229 -3.04689407349 -2.18969488144 -1.16359400749 -3.08416008949 -2.18969488144 -1.16359400749 -3.08416008949 -2.18969273567 -1.05634403229 -3.04593205452 -2.18969631195 -1.04859399796 -3.08591723442 -2.1897213459 -1.04859399796 -3.08752608299 -2.19223475456 -1.04859399796 -3.08753085136 -2.19306182861 -1.05634403229 -3.08952045441 -2.19869995117 -1.16359400749 -3.08952045441 -2.22468996048 -1.16359400749 -3.08752703667 -2.23032808304 -1.16359400749 -3.08876347542 -2.22799515724 -1.16359400749 -3.08752703667 -2.19306206703 -1.16359400749 -3.08876347542 -2.19539451599 -1.16359400749 -3.0875287056 -2.23032808304 -1.05634403229 -3.08750796318 -2.23193359375 -1.04859399796 -3.08512210846 -2.2336935997 -1.04859399796 -3.08416032791 -2.23369932175 -1.05634403229 -3.04689407349 -2.23369503021 -1.16359400749 -3.08416008949 -2.23369503021 -1.16359400749 -3.07852196693 -2.23568844795 -1.16359400749 -3.05253195763 -2.23568844795 -1.16359400749 -3.0818271637 -2.23493146896 -1.16359400749 -3.04922652245 -2.23493146896 -1.16359400749 -3.04689407349 -2.23369717598 -1.05634403229 -3.04368376732 -2.23353815079 -1.04859399796 -3.04352331161 -2.23032832146 -1.05634403229 -3.04153347015 -2.22469830513 -1.16359400749 -3.04352688789 -2.19306206703 -1.16359400749 -3.04352688789 -2.23032808304 -1.16359400749 -3.04229307175 -2.22800374031 -1.16359400749 -3.04153347015 -2.19869184494 -1.16359400749 -3.04229331017 -2.19538593292 -1.16359400749 -3.04353690147 -2.19146609306 -1.04859399796 -3.04351949692 -2.19306182861 -1.05634403229 -3.05957984924 -2.22668504715 -1.04859399796 -3.07216668129 -2.22665071487 -1.04859411716 -3.0770676136 -2.2244348526 -1.04859399796 -3.05278778076 -2.22323608398 -1.04859399796 -3.05655837059 -2.22590494156 -1.04859399796 -3.07973718643 -2.2206633091 -1.04859399796 -3.05131483078 -2.20272946358 -1.04859399796 -3.05398702621 -2.19895458221 -1.04859399796 -3.07220411301 -2.22668433189 -1.18508946896 -3.05995488167 -2.22672247887 -1.18529272079 -3.07387375832 -2.22617673874 -1.1833306551 -3.07768106461 -2.22386455536 -1.18272650242 -3.07971286774 -2.22075796127 -1.18302178383 -3.0809173584 -2.21842503548 -1.18498086929 -3.08102440834 -2.20620584488 -1.18516695499 -3.05159425735 -2.18910217285 -1.19746005535 -3.04862785339 -2.18864250183 -1.19815182686 -3.05718302727 -2.19721126556 -1.18333101273 -3.0825176239 -2.18866872787 -1.19810378551 -3.07945966721 -2.18910360336 -1.19746088982 -3.06003594398 -2.19619655609 -1.18516659737 -3.05118584633 -2.20305943489 -1.18209755421 -3.05326867104 -2.19962692261 -1.18259847164 -3.05000400543 -2.20494699478 -1.18494415283 -3.05002832413 -2.21718406677 -1.18516659737 -3.05646419525 -2.2258810997 -1.18302094936 -3.05335617065 -2.2238483429 -1.18272662163 -3.05104398727 -2.22004055977 -1.18333160877 -3.05879592896 -2.22708559036 -1.18498086929 -3.07101678848 -2.22719240189 -1.18516695499 -3.04293060303 -2.22562766075 -1.19745802879 -3.04224348068 -2.22787022591 -1.19855070114 -3.04250073433 -2.1947042942 -1.19810390472 -3.04292941093 -2.19776248932 -1.19745731354 -3.07945966721 -2.2342877388 -1.19746005535 -3.08172917366 -2.23497009277 -1.19853651524 -3.04959583282 -2.23504519463 -1.19872117043 -3.05159425735 -2.23428606987 -1.19746112823 -3.08889245987 -2.22757148743 -1.19875407219 -3.08811831474 -2.22562789917 -1.19746077061 -3.0885746479 -2.19477939606 -1.19814360142 -3.08811998367 -2.1977622509 -1.19745993614 -3.08951878548 -2.2247710228 -1.19859397411 -3.08952689171 -2.19969511032 -1.19859397411 -3.08934402466 -2.19761109352 -1.19859397411 -3.08605003357 -2.1911842823 -1.19731414318 -3.079611063 -2.18787693977 -1.19859397411 -3.0775270462 -2.1876950264 -1.19859397411 -3.05352711678 -2.1876950264 -1.19859397411 -3.05144309998 -2.18787693977 -1.19859397411 -3.04501485825 -2.19117355347 -1.19731414318 -3.04152703285 -2.19969511032 -1.19859397411 -3.04153513908 -2.2247672081 -1.19859397411 -3.04170894623 -2.19761109352 -1.19859397411 -3.04737281799 -2.2340657711 -1.19768476486 -3.04402470589 -2.23108005524 -1.19741797447 -3.05245137215 -2.23568677902 -1.19859397411 -3.07860302925 -2.23568677902 -1.19859397411 -3.08492040634 -2.2331905365 -1.19741678238 -3.08789658546 -2.22984981537 -1.19768428802 -3.07853031158 -2.1877014637 -1.16359400749 -3.08183574677 -2.18846106529 -1.16359400749 -3.05252385139 -2.1877014637 -1.16359400749 -3.04921793938 -2.18846130371 -1.16359400749 3.03307533264 5.52734088898 -1.16859400272 3.03307008743 5.52720594406 -1.16359400749 3.03331899643 5.52612876892 -1.16859400272 3.03331899643 5.52612876892 -1.16359400749 3.03381180763 5.52905893326 -1.16859400272 3.03372192383 5.52895736694 -1.16359400749 3.03522992134 5.5298614502 -1.16859400272 3.03511476517 5.52983188629 -1.16359400749 3.03657126427 5.52981996536 -1.16359400749 3.03657436371 5.52983856201 -1.16859400272 3.03764986992 5.46904420853 -1.16859400272 3.03934621811 5.46847343445 -1.16359400749 3.03945183754 5.46849632263 -1.16859400272 3.04042291641 5.46872282028 -1.16859400272 3.04042506218 5.46871566772 -1.16359400749 3.03779172897 5.46900367737 -1.16359400749 3.03667211533 5.47049474716 -1.16359400749 3.03662157059 5.47087192535 -1.16859400272 3.03673195839 5.4719748497 -1.16859400272 3.03672456741 5.47197628021 -1.16359400749 3.09457588196 5.47213697433 -1.16859400272 3.09457421303 5.47212839127 -1.16359400749 3.09567570686 5.4720249176 -1.16859400272 3.09580945969 5.47204732895 -1.16359400749 3.09767699242 5.47322845459 -1.16859400272 3.09775733948 5.47335910797 -1.16359400749 3.09791326523 5.47585296631 -1.16859400272 3.09783673286 5.47582960129 -1.16359400749 3.09447550774 5.5314617157 -1.16359400749 3.09455323219 5.52995634079 -1.16859400272 3.09443736076 5.52997636795 -1.16359400749 3.09397983551 5.53238296509 -1.16859400272 3.09296488762 5.53324079514 -1.16359400749 3.09262919426 5.53331899643 -1.16859400272 3.09069895744 5.53331756592 -1.16859400272 3.09072422981 5.53323554993 -1.16359400749 3.0985789299 5.46949243546 -1.16859400272 3.03658461571 5.46558475494 -1.16359400749 3.03694248199 5.46560621262 -1.16859400272 3.09905743599 5.46952772141 -1.16359400749 3.03539705276 5.4660525322 -1.16859400272 3.03471231461 5.4666557312 -1.16359400749 3.03410196304 5.46776914597 -1.16859400272 3.03407859802 5.46812820435 -1.16359400749 3.0301926136 5.52976799011 -1.16359400749 3.03020262718 5.52960920334 -1.16859400272 3.03064775467 5.53115463257 -1.16859400272 3.03102660179 5.53167772293 -1.16359400749 3.03236627579 5.53245019913 -1.16859400272 3.03272557259 5.53247356415 -1.16359400749 3.09449839592 5.53636646271 -1.16359400749 3.09417796135 5.53634691238 -1.16859400272 3.09705066681 5.53411722183 -1.16859400272 3.09641551971 5.53534936905 -1.16359400749 3.09707188606 5.53379154205 -1.16359400749 3.09580039978 5.5358915329 -1.16859400272 3.10097908974 5.47178077698 -1.16359400749 3.10094571114 5.47234582901 -1.16859400272 3.10036969185 5.47056055069 -1.16859400272 3.09247493744 5.47161197662 -1.16359400749 3.04257392883 5.46846580505 -1.16359400749 3.04152798653 5.4684920311 -1.16359400749 3.0363650322 5.47304296494 -1.16359400749 3.03620791435 5.47407722473 -1.16359400749 3.09350895882 5.47176885605 -1.16359400749 3.09805989265 5.4769320488 -1.16359400749 3.09493994713 5.52787923813 -1.16359400749 3.09808492661 5.47797822952 -1.16359400749 3.03306293488 5.52397823334 -1.16359400749 3.03307700157 5.52491903305 -1.16359400749 3.03323888779 5.52584695816 -1.16359400749 3.09480690956 5.52881097794 -1.16359400749 3.03684091568 5.52993392944 -1.16359400749 3.03774094582 5.53021097183 -1.16359400749 3.03867292404 5.5303440094 -1.16359400749 3.08857393265 5.53348922729 -1.16359400749 3.08951497078 5.53347492218 -1.16359400749 3.09044289589 5.53331279755 -1.16359400749 3.09011006355 5.48250198364 -1.17405903339 3.08979296684 5.48187208176 -1.17341005802 3.08978796005 5.48186302185 -1.17359399796 3.08979296684 5.48187208176 -1.17377698421 3.08980703354 5.48189592361 -1.17395794392 3.08980703354 5.48189592361 -1.17322897911 3.08982992172 5.48193788528 -1.17413794994 3.08982992172 5.48193788528 -1.17305004597 3.08986091614 5.48199510574 -1.17431199551 3.08986091614 5.48199510574 -1.17287504673 3.08989906311 5.48206806183 -1.17448198795 3.08990001678 5.48206806183 -1.17270505428 3.0899438858 5.48215484619 -1.17464399338 3.0899438858 5.48215484619 -1.17254400253 3.09005093575 5.4823718071 -1.17494404316 3.09005093575 5.4823718071 -1.17224395275 3.09017109871 5.48263883591 -1.17520201206 3.09017109871 5.48263883591 -1.17198503017 3.09029507637 5.48294687271 -1.17541205883 3.09029507637 5.48294687271 -1.17177498341 3.09041500092 5.4832868576 -1.17556703091 3.09057307243 5.48383378983 -1.17357802391 3.09041500092 5.4832868576 -1.17162001133 3.09052395821 5.48364877701 -1.17566204071 3.09052395821 5.48364877701 -1.1715259552 3.09059596062 5.48392915726 -1.17569196224 3.09061694145 5.48402023315 -1.17149400711 3.09061694145 5.48402023315 -1.1756939888 3.09061694145 5.48402023315 -1.17359399796 3.09065699577 5.48420476913 -1.17568600178 3.09077906609 5.48503780365 -1.17174994946 3.090747118 5.48474788666 -1.17162001133 3.09072208405 5.4845700264 -1.17156505585 3.0906920433 5.48438978195 -1.1715259552 3.0906920433 5.48438978195 -1.17566204071 3.09072208405 5.48457098007 -1.17562198639 3.09077906609 5.48503780365 -1.17543697357 3.090747118 5.48474788666 -1.17556703091 3.09065699577 5.48420619965 -1.17150199413 3.0907831192 5.48508214951 -1.17541205883 3.09078097343 5.485060215 -1.17360603809 3.0907831192 5.48508310318 -1.17177498341 3.09080600739 5.48612785339 -1.1734110117 3.09080696106 5.48610401154 -1.17322897911 3.09080910683 5.48606395721 -1.17305004597 3.09081101418 5.48600912094 -1.17287504673 3.09081292152 5.48593902588 -1.17270696163 3.09081411362 5.48585414886 -1.17254400253 3.09081411362 5.48575496674 -1.17238903046 3.09081292152 5.48564386368 -1.17224395275 3.0908100605 5.48552083969 -1.17210900784 3.09080410004 5.48538398743 -1.17198503017 3.09079504013 5.48523807526 -1.17187297344 3.09079504013 5.48523902893 -1.17531394958 3.09080410004 5.48538398743 -1.17520201206 3.0908100605 5.48551988602 -1.17507898808 3.09081292152 5.48564386368 -1.17494404316 3.09081411362 5.48575592041 -1.17479801178 3.09081411362 5.48585414886 -1.17464399338 3.09081292152 5.48593902588 -1.17448198795 3.09081101418 5.48600912094 -1.17431199551 3.09080910683 5.48606395721 -1.17413604259 3.09080696106 5.48610401154 -1.17395794392 3.09080600739 5.48612785339 -1.17377698421 3.09080600739 5.48613595963 -1.17359399796 3.09011006355 5.48250198364 -1.19405901432 3.08979296684 5.48187208176 -1.19341003895 3.08978796005 5.48186302185 -1.19359397888 3.08979296684 5.48187208176 -1.19377696514 3.08980703354 5.48189592361 -1.19395804405 3.08980703354 5.48189592361 -1.19322896004 3.08982992172 5.48193788528 -1.19413805008 3.08982992172 5.48193788528 -1.19305002689 3.08986091614 5.48199510574 -1.19431197643 3.08986091614 5.48199510574 -1.19287502766 3.08989906311 5.48206806183 -1.19448196888 3.08990001678 5.48206806183 -1.19270503521 3.0899438858 5.48215484619 -1.1946439743 3.0899438858 5.48215484619 -1.19254398346 3.09005093575 5.4823718071 -1.19494402409 3.09005093575 5.4823718071 -1.19224405289 3.09017109871 5.48263883591 -1.19520199299 3.09017109871 5.48263883591 -1.1919850111 3.09029507637 5.48294687271 -1.19541203976 3.09029507637 5.48294687271 -1.19177496433 3.09041500092 5.4832868576 -1.19556701183 3.09057307243 5.48383378983 -1.19357800484 3.09041500092 5.4832868576 -1.19161999226 3.09052395821 5.48364877701 -1.19566202164 3.09052395821 5.48364877701 -1.19152605534 3.09059906006 5.48394107819 -1.19569194317 3.09061694145 5.48402023315 -1.19149398804 3.09061694145 5.48402023315 -1.19569396973 3.09061694145 5.48402023315 -1.19359397888 3.09065699577 5.48420476913 -1.1956859827 3.09078001976 5.48504495621 -1.1917539835 3.090747118 5.48474788666 -1.19161999226 3.09072208405 5.4845700264 -1.19156503677 3.0906920433 5.48438978195 -1.19152605534 3.0906920433 5.48438978195 -1.19566202164 3.09072208405 5.48457098007 -1.19562196732 3.09078001976 5.48504495621 -1.19543302059 3.090747118 5.48474788666 -1.19556701183 3.09065699577 5.48420619965 -1.19150197506 3.0907831192 5.48508214951 -1.19541203976 3.09078192711 5.48506307602 -1.19360399246 3.0907831192 5.48508310318 -1.19177496433 3.09080600739 5.48612785339 -1.19341099262 3.09080696106 5.48610401154 -1.19322896004 3.09080910683 5.48606395721 -1.19305002689 3.09081101418 5.48600912094 -1.19287502766 3.09081292152 5.48593902588 -1.19270694256 3.09081411362 5.48585414886 -1.19254398346 3.09081411362 5.48575496674 -1.19238901138 3.09081292152 5.48564386368 -1.19224405289 3.0908100605 5.48552083969 -1.19210898876 3.09080410004 5.48538398743 -1.1919850111 3.09079504013 5.48523807526 -1.19187295437 3.09079504013 5.48523902893 -1.19531404972 3.09080410004 5.48538398743 -1.19520199299 3.0908100605 5.48551988602 -1.195078969 3.09081292152 5.48564386368 -1.19494402409 3.09081411362 5.48575592041 -1.19479799271 3.09081411362 5.48585414886 -1.1946439743 3.09081292152 5.48593902588 -1.19448196888 3.09081101418 5.48600912094 -1.19431197643 3.09080910683 5.48606395721 -1.19413602352 3.09080696106 5.48610401154 -1.19395804405 3.09080600739 5.48612785339 -1.19377696514 3.09080600739 5.48613595963 -1.19359397888 3.08858108521 5.51994514465 -1.19357597828 3.08874201775 5.51887893677 -1.19341003895 3.08874297142 5.51887083054 -1.19359397888 3.08874201775 5.51887893677 -1.19377696514 3.0887401104 5.51890277863 -1.19395804405 3.0887401104 5.51890277863 -1.19322896004 3.08873701096 5.51894187927 -1.19413805008 3.08873701096 5.51894187927 -1.19305098057 3.08873105049 5.51899719238 -1.19287502766 3.08873105049 5.51899719238 -1.19431197643 3.08872389793 5.51906681061 -1.19448101521 3.08872389793 5.51906681061 -1.19270598888 3.08871507645 5.51915121078 -1.1946439743 3.08871507645 5.51915121078 -1.19254398346 3.0887029171 5.51924991608 -1.19479894638 3.0887029171 5.5192489624 -1.19238996506 3.08868789673 5.51935911179 -1.19224405289 3.08868789673 5.51935911179 -1.19494402409 3.08866906166 5.51948213577 -1.19507801533 3.08866906166 5.51948308945 -1.19210803509 3.08864593506 5.51961708069 -1.19520199299 3.08864593506 5.51961708069 -1.1919850111 3.08861899376 5.51976108551 -1.19531404972 3.08861899376 5.51976013184 -1.19187402725 3.08858799934 5.51991319656 -1.19177496433 3.08858799934 5.51991319656 -1.19541203976 3.08857393265 5.51997613907 -1.19544804096 3.08857393265 5.51997613907 -1.19174003601 3.08850908279 5.52024078369 -1.19556701183 3.08828997612 5.52094697952 -1.19359397888 3.08850908279 5.52024078369 -1.19161999226 3.08846211433 5.52041387558 -1.19562196732 3.08846211433 5.52041292191 -1.19156503677 3.08840990067 5.52058887482 -1.19152605534 3.08840990067 5.52058887482 -1.19566202164 3.08835291862 5.52076721191 -1.1956859827 3.08835196495 5.52076816559 -1.19150197506 3.08828997612 5.52094602585 -1.19569396973 3.08828997612 5.52094697952 -1.19149398804 3.08815002441 5.52130317688 -1.19566202164 3.08822202682 5.52112579346 -1.19360995293 3.08825206757 5.52104711533 -1.1914960146 3.08815002441 5.52130317688 -1.19152605534 3.08783507347 5.52196979523 -1.19177496433 3.08799695969 5.52164793015 -1.19161999226 3.08783507347 5.52196979523 -1.19541203976 3.08799695969 5.52164793015 -1.19556701183 3.08759593964 5.52238893509 -1.19312894344 3.08767294884 5.52226018906 -1.19520199299 3.08767294884 5.52226018906 -1.1919850111 3.0875210762 5.52251005173 -1.19494402409 3.0875210762 5.52251005173 -1.19224405289 3.08733201027 5.52279281616 -1.19270503521 3.08738803864 5.52271223068 -1.19254398346 3.08738803864 5.52271223068 -1.1946439743 3.08733201027 5.52279281616 -1.19448196888 3.08728504181 5.5228600502 -1.19431197643 3.08721899986 5.5229511261 -1.19322896004 3.08724689484 5.52291297913 -1.19304895401 3.08728504181 5.5228600502 -1.19287502766 3.08724689484 5.5229139328 -1.1941369772 3.08721899986 5.5229511261 -1.19395804405 3.08720207214 5.52297401428 -1.19377803802 3.08719611168 5.52298116684 -1.19359397888 3.08720207214 5.52297401428 -1.19341003895 3.08858299255 5.51993513107 -1.17358100414 3.08874201775 5.51887893677 -1.17341005802 3.08874297142 5.51887083054 -1.17359399796 3.08874201775 5.51887893677 -1.17377698421 3.0887401104 5.51890277863 -1.17395794392 3.0887401104 5.51890277863 -1.17322897911 3.08873701096 5.51894187927 -1.17413794994 3.08873701096 5.51894187927 -1.17305099964 3.08873105049 5.51899719238 -1.17287504673 3.08873105049 5.51899719238 -1.17431199551 3.08872389793 5.51906681061 -1.17448103428 3.08872389793 5.51906681061 -1.17270600796 3.08871507645 5.51915121078 -1.17464399338 3.08871507645 5.51915121078 -1.17254400253 3.0887029171 5.51924991608 -1.17479896545 3.0887029171 5.5192489624 -1.17238998413 3.08868789673 5.51935911179 -1.17224395275 3.08868789673 5.51935911179 -1.17494404316 3.08866906166 5.51948213577 -1.1750780344 3.08866906166 5.51948308945 -1.17210805416 3.08864593506 5.51961708069 -1.17520201206 3.08864593506 5.51961708069 -1.17198503017 3.08861899376 5.51976108551 -1.17531394958 3.08861899376 5.51976013184 -1.17187404633 3.08858799934 5.51991319656 -1.17177498341 3.08858799934 5.51991319656 -1.17541205883 3.08857798576 5.51995706558 -1.17543697357 3.08857798576 5.51995706558 -1.17174994946 3.08850908279 5.52024078369 -1.17556703091 3.08828997612 5.52094697952 -1.17359399796 3.08850908279 5.52024078369 -1.17162001133 3.08846211433 5.52041387558 -1.17562198639 3.08846211433 5.52041292191 -1.17156505585 3.08840990067 5.52058887482 -1.1715259552 3.08840990067 5.52058887482 -1.17566204071 3.08835291862 5.52076721191 -1.17568600178 3.08835196495 5.52076816559 -1.17150199413 3.08828997612 5.52094602585 -1.1756939888 3.08828997612 5.52094697952 -1.17149400711 3.08815002441 5.52130317688 -1.17566204071 3.08822202682 5.52112579346 -1.173609972 3.08825707436 5.5210351944 -1.17149603367 3.08815002441 5.52130317688 -1.1715259552 3.08783507347 5.52196979523 -1.17177498341 3.08799695969 5.52164793015 -1.17162001133 3.08783507347 5.52196979523 -1.17541205883 3.08799695969 5.52164793015 -1.17556703091 3.08759593964 5.52238893509 -1.17312896252 3.08767294884 5.52226018906 -1.17520201206 3.08767294884 5.52226018906 -1.17198503017 3.0875210762 5.52251005173 -1.17494404316 3.0875210762 5.52251005173 -1.17224395275 3.08733201027 5.52279281616 -1.17270505428 3.08738803864 5.52271223068 -1.17254400253 3.08738803864 5.52271223068 -1.17464399338 3.08733201027 5.52279281616 -1.17448198795 3.08728504181 5.5228600502 -1.17431199551 3.08721899986 5.5229511261 -1.17322897911 3.08724689484 5.52291297913 -1.17304897308 3.08728504181 5.5228600502 -1.17287504673 3.08724689484 5.5229139328 -1.17413699627 3.08721899986 5.5229511261 -1.17395794392 3.08720207214 5.52297401428 -1.1737780571 3.08719611168 5.52298116684 -1.17359399796 3.08720207214 5.52297401428 -1.17341005802 3.08404994011 5.5255150795 -1.17405903339 3.08468008041 5.52519702911 -1.17341005802 3.08468794823 5.52519178391 -1.17359399796 3.08468008041 5.52519702911 -1.17377698421 3.08465504646 5.52521085739 -1.17395794392 3.08465504646 5.52521085739 -1.17322897911 3.08461403847 5.52523422241 -1.17413794994 3.08461403847 5.52523422241 -1.17305004597 3.08455705643 5.52526521683 -1.17431199551 3.08455705643 5.52526521683 -1.17287504673 3.08448410034 5.52530288696 -1.17448198795 3.08448410034 5.52530288696 -1.17270505428 3.08439588547 5.52534914017 -1.17464399338 3.08439588547 5.52534914017 -1.17254400253 3.08418011665 5.52545499802 -1.17494404316 3.08418011665 5.52545499802 -1.17224395275 3.08391308784 5.52557516098 -1.17520201206 3.08391308784 5.52557516098 -1.17198503017 3.08360409737 5.52569913864 -1.17541205883 3.08360409737 5.52569913864 -1.17177498341 3.08326411247 5.52581882477 -1.17556703091 3.08271789551 5.5259771347 -1.17357802391 3.08326411247 5.52581882477 -1.17162001133 3.08290290833 5.52592802048 -1.17566204071 3.08290290833 5.52592802048 -1.1715259552 3.08262300491 5.52600002289 -1.17569196224 3.08253192902 5.52602100372 -1.17149400711 3.08253192902 5.52602100372 -1.1756939888 3.08253192902 5.52602100372 -1.17359399796 3.0823469162 5.52606105804 -1.17568600178 3.08151388168 5.52618408203 -1.17174994946 3.08180403709 5.52615118027 -1.17162001133 3.08198189735 5.5261259079 -1.17156505585 3.08216190338 5.52609586716 -1.1715259552 3.08216190338 5.52609586716 -1.17566204071 3.08198094368 5.5261259079 -1.17562198639 3.08151388168 5.52618408203 -1.17543697357 3.08180403709 5.52615118027 -1.17556703091 3.08234596252 5.52606105804 -1.17150199413 3.08146905899 5.52618789673 -1.17541205883 3.0814909935 5.52618598938 -1.17360603809 3.08146905899 5.52618789673 -1.17177498341 3.08042407036 5.52621078491 -1.1734110117 3.08044791222 5.52621221542 -1.17322897911 3.08048796654 5.5262131691 -1.17305004597 3.08054208755 5.52621507645 -1.17287504673 3.0806119442 5.52621603012 -1.17270696163 3.08069705963 5.52621793747 -1.17254400253 3.08079600334 5.52621793747 -1.17238903046 3.08090806007 5.5262169838 -1.17224395275 3.08103108406 5.52621412277 -1.17210900784 3.08116793633 5.52620792389 -1.17198503017 3.08131408691 5.52619886398 -1.17187297344 3.08131289482 5.52619886398 -1.17531394958 3.08116793633 5.52620792389 -1.17520201206 3.08103203773 5.52621412277 -1.17507898808 3.08090806007 5.5262169838 -1.17494404316 3.08079504967 5.52621793747 -1.17479801178 3.08069705963 5.52621793747 -1.17464399338 3.08061289787 5.52621603012 -1.17448198795 3.08054208755 5.52621507645 -1.17431199551 3.08048701286 5.5262131691 -1.17413604259 3.08044791222 5.52621221542 -1.17395794392 3.08042407036 5.52621078491 -1.17377698421 3.08041596413 5.52620983124 -1.17359399796 3.08404994011 5.5255150795 -1.19405901432 3.08468008041 5.52519702911 -1.19341003895 3.08468794823 5.52519178391 -1.19359397888 3.08468008041 5.52519702911 -1.19377696514 3.08465504646 5.52521085739 -1.19395804405 3.08465504646 5.52521085739 -1.19322896004 3.08461403847 5.52523422241 -1.19413805008 3.08461403847 5.52523422241 -1.19305002689 3.08455705643 5.52526521683 -1.19431197643 3.08455705643 5.52526521683 -1.19287502766 3.08448410034 5.52530288696 -1.19448196888 3.08448410034 5.52530288696 -1.19270503521 3.08439588547 5.52534914017 -1.1946439743 3.08439588547 5.52534914017 -1.19254398346 3.08418011665 5.52545499802 -1.19494402409 3.08418011665 5.52545499802 -1.19224405289 3.08391308784 5.52557516098 -1.19520199299 3.08391308784 5.52557516098 -1.1919850111 3.08360409737 5.52569913864 -1.19541203976 3.08360409737 5.52569913864 -1.19177496433 3.08326411247 5.52581882477 -1.19556701183 3.08271789551 5.5259771347 -1.19357800484 3.08326411247 5.52581882477 -1.19161999226 3.08290290833 5.52592802048 -1.19566202164 3.08290290833 5.52592802048 -1.19152605534 3.08262300491 5.52600002289 -1.19569194317 3.08253192902 5.52602100372 -1.19149398804 3.08253192902 5.52602100372 -1.19569396973 3.08253192902 5.52602100372 -1.19359397888 3.0823469162 5.52606105804 -1.1956859827 3.08151388168 5.52618408203 -1.19175004959 3.08180403709 5.52615118027 -1.19161999226 3.08198189735 5.5261259079 -1.19156503677 3.08216190338 5.52609586716 -1.19152605534 3.08216190338 5.52609586716 -1.19566202164 3.08198094368 5.5261259079 -1.19562196732 3.08151388168 5.52618408203 -1.1954369545 3.08180403709 5.52615118027 -1.19556701183 3.08234596252 5.52606105804 -1.19150197506 3.08146905899 5.52618789673 -1.19541203976 3.0814909935 5.52618598938 -1.19360601902 3.08146905899 5.52618789673 -1.19177496433 3.08042407036 5.52621078491 -1.19341099262 3.08044791222 5.52621221542 -1.19322896004 3.08048796654 5.5262131691 -1.19305002689 3.08054208755 5.52621507645 -1.19287502766 3.0806119442 5.52621603012 -1.19270694256 3.08069705963 5.52621793747 -1.19254398346 3.08079600334 5.52621793747 -1.19238901138 3.08090806007 5.5262169838 -1.19224405289 3.08103108406 5.52621412277 -1.19210898876 3.08116793633 5.52620792389 -1.1919850111 3.08131408691 5.52619886398 -1.19187295437 3.08131289482 5.52619886398 -1.19531404972 3.08116793633 5.52620792389 -1.19520199299 3.08103203773 5.52621412277 -1.195078969 3.08090806007 5.5262169838 -1.19494402409 3.08079504967 5.52621793747 -1.19479799271 3.08069705963 5.52621793747 -1.1946439743 3.08061289787 5.52621603012 -1.19448196888 3.08054208755 5.52621507645 -1.19431197643 3.08048701286 5.5262131691 -1.19413602352 3.08044791222 5.52621221542 -1.19395804405 3.08042407036 5.52621078491 -1.19377696514 3.08041596413 5.52620983124 -1.19359397888 3.04416298866 5.52299976349 -1.19312894344 3.04357790947 5.522605896 -1.19377803802 3.04357004166 5.52260112762 -1.19359397888 3.04357790947 5.522605896 -1.19341003895 3.04360103607 5.52262306213 -1.19322896004 3.04360103607 5.52262306213 -1.19395804405 3.04363799095 5.52265119553 -1.1941369772 3.04363894463 5.52265119553 -1.19304895401 3.04369091988 5.52268791199 -1.19431197643 3.04369091988 5.52268791199 -1.19287502766 3.04375910759 5.52273607254 -1.19448196888 3.04375910759 5.52273607254 -1.19270503521 3.04383993149 5.52279186249 -1.1946439743 3.04383993149 5.52279186249 -1.19254398346 3.04404211044 5.52292394638 -1.19494402409 3.04404211044 5.52292394638 -1.19224405289 3.04429197311 5.52307701111 -1.19520199299 3.04429197311 5.52307701111 -1.1919850111 3.04458189011 5.52323913574 -1.19177496433 3.04458189011 5.52323913574 -1.19541203976 3.04542589188 5.52362585068 -1.19360995293 3.04490399361 5.52340078354 -1.19556701183 3.04490399361 5.52340078354 -1.19161999226 3.04524898529 5.52355480194 -1.19566202164 3.04524898529 5.52355480194 -1.19152605534 3.04560494423 5.52369308472 -1.19569396973 3.04550504684 5.52365589142 -1.1914960146 3.04560494423 5.52369308472 -1.19149398804 3.04560494423 5.52369308472 -1.19359397888 3.04578495026 5.52375602722 -1.1956859827 3.04596304893 5.52381420135 -1.19566202164 3.04657506943 5.52397823334 -1.19544804096 3.04631090164 5.52391386032 -1.19556701183 3.04613804817 5.52386617661 -1.19562196732 3.04578399658 5.52375602722 -1.19150197506 3.04596304893 5.52381420135 -1.19152605534 3.04613900185 5.52386713028 -1.19156503677 3.04631090164 5.52391386032 -1.19161999226 3.04657506943 5.52397823334 -1.19174003601 3.04660701752 5.52398490906 -1.19357597828 3.04663801193 5.52399206161 -1.19541203976 3.04663801193 5.52399206161 -1.19177496433 3.04767298698 5.52414608002 -1.19377696514 3.04764890671 5.52414417267 -1.19395804405 3.04760909081 5.52413988113 -1.19413805008 3.04755496979 5.52413606644 -1.19431197643 3.04748511314 5.52412796021 -1.19448101521 3.04740095139 5.5241189003 -1.1946439743 3.04730200768 5.5241060257 -1.19479894638 3.04719209671 5.52409219742 -1.19494402409 3.0470700264 5.52407312393 -1.19507801533 3.04693508148 5.52405023575 -1.19520199299 3.04679107666 5.52402305603 -1.19531404972 3.04679203033 5.52402305603 -1.19187402725 3.04693508148 5.52405023575 -1.1919850111 3.04706907272 5.52407312393 -1.19210803509 3.04719209671 5.52409219742 -1.19224405289 3.04730296135 5.52410697937 -1.19238996506 3.04740095139 5.5241189003 -1.19254398346 3.04748511314 5.52412796021 -1.19270598888 3.04755496979 5.52413606644 -1.19287502766 3.04761004448 5.52413988113 -1.19305098057 3.04764890671 5.52414417267 -1.19322896004 3.04767298698 5.52414608002 -1.19341003895 3.04768109322 5.52414608002 -1.19359397888 3.04416298866 5.52299976349 -1.17312896252 3.04357790947 5.522605896 -1.1737780571 3.04357004166 5.52260112762 -1.17359399796 3.04357790947 5.522605896 -1.17341005802 3.04360103607 5.52262306213 -1.17322897911 3.04360103607 5.52262306213 -1.17395794392 3.04363799095 5.52265119553 -1.17413699627 3.04363894463 5.52265119553 -1.17304897308 3.04369091988 5.52268791199 -1.17431199551 3.04369091988 5.52268791199 -1.17287504673 3.04375910759 5.52273607254 -1.17448198795 3.04375910759 5.52273607254 -1.17270505428 3.04383993149 5.52279186249 -1.17464399338 3.04383993149 5.52279186249 -1.17254400253 3.04404211044 5.52292394638 -1.17494404316 3.04404211044 5.52292394638 -1.17224395275 3.04429197311 5.52307701111 -1.17520201206 3.04429197311 5.52307701111 -1.17198503017 3.04458189011 5.52323913574 -1.17177498341 3.04458189011 5.52323913574 -1.17541205883 3.04542589188 5.52362585068 -1.173609972 3.04490399361 5.52340078354 -1.17556703091 3.04490399361 5.52340078354 -1.17162001133 3.04524898529 5.52355480194 -1.17566204071 3.04524898529 5.52355480194 -1.1715259552 3.04560494423 5.52369308472 -1.1756939888 3.04551696777 5.52366113663 -1.17149603367 3.04560494423 5.52369308472 -1.17149400711 3.04560494423 5.52369308472 -1.17359399796 3.04578495026 5.52375602722 -1.17568600178 3.04596304893 5.52381420135 -1.17566204071 3.04659509659 5.52398204803 -1.17543697357 3.04631090164 5.52391386032 -1.17556703091 3.04613804817 5.52386617661 -1.17562198639 3.04578399658 5.52375602722 -1.17150199413 3.04596304893 5.52381420135 -1.1715259552 3.04613900185 5.52386713028 -1.17156505585 3.04631090164 5.52391386032 -1.17162001133 3.04659509659 5.52398204803 -1.17174994946 3.0466170311 5.52398681641 -1.17358100414 3.04663801193 5.52399206161 -1.17541205883 3.04663801193 5.52399206161 -1.17177498341 3.04767298698 5.52414608002 -1.17377698421 3.04764890671 5.52414417267 -1.17395794392 3.04760909081 5.52413988113 -1.17413794994 3.04755496979 5.52413606644 -1.17431199551 3.04748511314 5.52412796021 -1.17448103428 3.04740095139 5.5241189003 -1.17464399338 3.04730200768 5.5241060257 -1.17479896545 3.04719209671 5.52409219742 -1.17494404316 3.0470700264 5.52407312393 -1.1750780344 3.04693508148 5.52405023575 -1.17520201206 3.04679107666 5.52402305603 -1.17531394958 3.04679203033 5.52402305603 -1.17187404633 3.04693508148 5.52405023575 -1.17198503017 3.04706907272 5.52407312393 -1.17210805416 3.04719209671 5.52409219742 -1.17224395275 3.04730296135 5.52410697937 -1.17238998413 3.04740095139 5.5241189003 -1.17254400253 3.04748511314 5.52412796021 -1.17270600796 3.04755496979 5.52413606644 -1.17287504673 3.04761004448 5.52413988113 -1.17305099964 3.04764890671 5.52414417267 -1.17322897911 3.04767298698 5.52414608002 -1.17341005802 3.04768109322 5.52414608002 -1.17359399796 3.04036593437 5.51689577103 -1.17360603809 3.04034090042 5.51582813263 -1.17377698421 3.04034209251 5.5158200264 -1.17359399796 3.04034090042 5.51582813263 -1.1734110117 3.04033994675 5.51585197449 -1.17322897911 3.04033994675 5.51585197449 -1.17395794392 3.04033899307 5.51589107513 -1.17413604259 3.04033899307 5.51589202881 -1.17305004597 3.04033708572 5.51594591141 -1.17431199551 3.04033708572 5.51594591141 -1.17287504673 3.04033493996 5.51601696014 -1.17448198795 3.04033493996 5.51601696014 -1.17270696163 3.04033398628 5.51610183716 -1.17254400253 3.04033398628 5.51610183716 -1.17464399338 3.04033398628 5.51620006561 -1.17479801178 3.04033398628 5.51620006561 -1.17238903046 3.04033493996 5.51631212234 -1.17494404316 3.04033493996 5.51631212234 -1.17224395275 3.0403380394 5.51643705368 -1.17507898808 3.0403380394 5.51643610001 -1.17210900784 3.04034399986 5.51657104492 -1.17198503017 3.04034399986 5.51657104492 -1.17520201206 3.04035210609 5.51671695709 -1.17531394958 3.04035210609 5.51671791077 -1.17187297344 3.0403649807 5.51687383652 -1.17541205883 3.0403649807 5.51687383652 -1.17177498341 3.04036808014 5.5169172287 -1.17543697357 3.04036808014 5.5169172287 -1.17174994946 3.04053092003 5.51793622971 -1.17359399796 3.0404009819 5.51720809937 -1.17556703091 3.0404009819 5.51720809937 -1.17162001133 3.04042601585 5.51738500595 -1.17562198639 3.04042601585 5.51738500595 -1.17156505585 3.04045605659 5.51756620407 -1.17566204071 3.04045605659 5.51756620407 -1.1715259552 3.04049110413 5.51775121689 -1.17568600178 3.04049110413 5.51774978638 -1.17150199413 3.04052996635 5.51793622971 -1.17149400711 3.04053092003 5.51793622971 -1.1756939888 3.04062390327 5.51830720901 -1.1715259552 3.04057502747 5.5181221962 -1.17357802391 3.04055190086 5.51802682877 -1.17569196224 3.04062390327 5.51830720901 -1.17566204071 3.04073309898 5.51866817474 -1.17162001133 3.04085302353 5.51900815964 -1.17177498341 3.04073309898 5.51866817474 -1.17556703091 3.04085302353 5.51900815964 -1.17541205883 3.04103708267 5.51945400238 -1.17405903339 3.04097700119 5.51931715012 -1.17520201206 3.04097700119 5.51931715012 -1.17198503017 3.04109692574 5.51958322525 -1.17494404316 3.04109692574 5.51958322525 -1.17224395275 3.04124808311 5.51988792419 -1.17448198795 3.041203022 5.51980113983 -1.17464399338 3.041203022 5.51980113983 -1.17254400253 3.04124808311 5.51988792419 -1.17270505428 3.04128694534 5.51996088028 -1.17287504673 3.04134106636 5.52005910873 -1.17395794392 3.04131793976 5.52001810074 -1.17413794994 3.04128694534 5.51996088028 -1.17431199551 3.04131793976 5.52001810074 -1.17305004597 3.04134106636 5.52005910873 -1.17322897911 3.04135489464 5.52008390427 -1.17341005802 3.04135894775 5.5200920105 -1.17359399796 3.04135489464 5.52008390427 -1.17377698421 3.04036593437 5.51689577103 -1.19360601902 3.04034090042 5.51582813263 -1.19377696514 3.04034209251 5.5158200264 -1.19359397888 3.04034090042 5.51582813263 -1.19341099262 3.04033994675 5.51585197449 -1.19322896004 3.04033994675 5.51585197449 -1.19395804405 3.04033899307 5.51589107513 -1.19413602352 3.04033899307 5.51589202881 -1.19305002689 3.04033708572 5.51594591141 -1.19431197643 3.04033708572 5.51594591141 -1.19287502766 3.04033493996 5.51601696014 -1.19448196888 3.04033493996 5.51601696014 -1.19270694256 3.04033398628 5.51610183716 -1.19254398346 3.04033398628 5.51610183716 -1.1946439743 3.04033398628 5.51620006561 -1.19479799271 3.04033398628 5.51620006561 -1.19238901138 3.04033493996 5.51631212234 -1.19494402409 3.04033493996 5.51631212234 -1.19224405289 3.0403380394 5.51643705368 -1.195078969 3.0403380394 5.51643610001 -1.19210898876 3.04034399986 5.51657104492 -1.1919850111 3.04034399986 5.51657104492 -1.19520199299 3.04035210609 5.51671695709 -1.19531404972 3.04035210609 5.51671791077 -1.19187295437 3.0403649807 5.51687383652 -1.19541203976 3.0403649807 5.51687383652 -1.19177496433 3.04036808014 5.5169172287 -1.1954369545 3.04036808014 5.5169172287 -1.19175004959 3.04053092003 5.51793622971 -1.19359397888 3.0404009819 5.51720809937 -1.19556701183 3.0404009819 5.51720809937 -1.19161999226 3.04042601585 5.51738500595 -1.19562196732 3.04042601585 5.51738500595 -1.19156503677 3.04045605659 5.51756620407 -1.19566202164 3.04045605659 5.51756620407 -1.19152605534 3.04049110413 5.51775121689 -1.1956859827 3.04049110413 5.51774978638 -1.19150197506 3.04052996635 5.51793622971 -1.19149398804 3.04053092003 5.51793622971 -1.19569396973 3.04062390327 5.51830720901 -1.19152605534 3.04057502747 5.5181221962 -1.19357800484 3.04055190086 5.51802682877 -1.19569194317 3.04062390327 5.51830720901 -1.19566202164 3.04073309898 5.51866817474 -1.19161999226 3.04085302353 5.51900815964 -1.19177496433 3.04073309898 5.51866817474 -1.19556701183 3.04085302353 5.51900815964 -1.19541203976 3.04103708267 5.51945400238 -1.19405901432 3.04097700119 5.51931715012 -1.19520199299 3.04097700119 5.51931715012 -1.1919850111 3.04109692574 5.51958322525 -1.19494402409 3.04109692574 5.51958322525 -1.19224405289 3.04124808311 5.51988792419 -1.19448196888 3.041203022 5.51980113983 -1.1946439743 3.041203022 5.51980113983 -1.19254398346 3.04124808311 5.51988792419 -1.19270503521 3.04128694534 5.51996088028 -1.19287502766 3.04134106636 5.52005910873 -1.19395804405 3.04131793976 5.52001810074 -1.19413805008 3.04128694534 5.51996088028 -1.19431197643 3.04131793976 5.52001810074 -1.19305002689 3.04134106636 5.52005910873 -1.19322896004 3.04135489464 5.52008390427 -1.19341003895 3.04135894775 5.5200920105 -1.19359397888 3.04135489464 5.52008390427 -1.19377696514 3.04355192184 5.47956705093 -1.19312894344 3.04394602776 5.47898197174 -1.19377803802 3.04395103455 5.47897386551 -1.19359397888 3.04394602776 5.47898101807 -1.19341003895 3.04392910004 5.47900390625 -1.19322896004 3.04392910004 5.47900390625 -1.19395804405 3.04390096664 5.47904205322 -1.1941369772 3.04390096664 5.4790430069 -1.19304895401 3.04386305809 5.47909593582 -1.19431197643 3.04386305809 5.47909593582 -1.19287502766 3.04381608963 5.47916316986 -1.19448196888 3.04381608963 5.47916316986 -1.19270503521 3.04376006126 5.47924423218 -1.1946439743 3.04376006126 5.47924423218 -1.19254398346 3.0436270237 5.4794459343 -1.19494402409 3.0436270237 5.4794459343 -1.19224405289 3.04347491264 5.47969579697 -1.19520199299 3.04347491264 5.47969579697 -1.1919850111 3.04331302643 5.4799861908 -1.19177496433 3.04331302643 5.4799861908 -1.19541203976 3.04292607307 5.48083019257 -1.19360995293 3.04315090179 5.48030805588 -1.19556701183 3.04315090179 5.48030805588 -1.19161999226 3.04299688339 5.48065280914 -1.19566202164 3.04299688339 5.48065280914 -1.19152605534 3.04285788536 5.4810090065 -1.19569396973 3.04289102554 5.48092079163 -1.1914960146 3.04285788536 5.4810090065 -1.19149398804 3.04285788536 5.4810090065 -1.19359397888 3.04279494286 5.48118877411 -1.1956859827 3.04273796082 5.48136711121 -1.19566202164 3.04257011414 5.48199987411 -1.1954369545 3.04263806343 5.48171520233 -1.19556701183 3.04268598557 5.48154211044 -1.19562196732 3.04279589653 5.48118782043 -1.19150197506 3.04273796082 5.48136711121 -1.19152605534 3.04268503189 5.48154306412 -1.19156503677 3.04263806343 5.48171520233 -1.19161999226 3.04257011414 5.48199987411 -1.19175004959 3.04256510735 5.48202085495 -1.19358098507 3.04256010056 5.48204278946 -1.19541203976 3.04256010056 5.48204183578 -1.19177496433 3.04240608215 5.48307704926 -1.19377696514 3.0424079895 5.4830532074 -1.19395804405 3.04241108894 5.48301410675 -1.19413805008 3.04241609573 5.48295879364 -1.19431197643 3.04242396355 5.48288917542 -1.19448101521 3.04243302345 5.48280477524 -1.1946439743 3.04244494438 5.48270702362 -1.19479894638 3.04245996475 5.48259592056 -1.19494402409 3.04247903824 5.48247385025 -1.19507801533 3.04250192642 5.48233890533 -1.19520199299 3.04252910614 5.48219490051 -1.19531404972 3.04252791405 5.48219585419 -1.19187402725 3.04250192642 5.48233890533 -1.1919850111 3.04247903824 5.48247289658 -1.19210803509 3.04245996475 5.48259592056 -1.19224405289 3.04244494438 5.48270797729 -1.19238996506 3.04243302345 5.48280477524 -1.19254398346 3.04242396355 5.48288917542 -1.19270598888 3.04241609573 5.48295879364 -1.19287502766 3.04241108894 5.48301410675 -1.19305098057 3.0424079895 5.4830532074 -1.19322896004 3.04240608215 5.48307704926 -1.19341003895 3.04240489006 5.48308420181 -1.19359397888 3.04355192184 5.47956705093 -1.17312896252 3.04394602776 5.47898197174 -1.1737780571 3.04395103455 5.47897386551 -1.17359399796 3.04394602776 5.47898101807 -1.17341005802 3.04392910004 5.47900390625 -1.17322897911 3.04392910004 5.47900390625 -1.17395794392 3.04390096664 5.47904205322 -1.17413699627 3.04390096664 5.4790430069 -1.17304897308 3.04386305809 5.47909593582 -1.17431199551 3.04386305809 5.47909593582 -1.17287504673 3.04381608963 5.47916316986 -1.17448198795 3.04381608963 5.47916316986 -1.17270505428 3.04376006126 5.47924423218 -1.17464399338 3.04376006126 5.47924423218 -1.17254400253 3.0436270237 5.4794459343 -1.17494404316 3.0436270237 5.4794459343 -1.17224395275 3.04347491264 5.47969579697 -1.17520201206 3.04347491264 5.47969579697 -1.17198503017 3.04331302643 5.4799861908 -1.17177498341 3.04331302643 5.4799861908 -1.17541205883 3.04292607307 5.48083019257 -1.173609972 3.04315090179 5.48030805588 -1.17556703091 3.04315090179 5.48030805588 -1.17162001133 3.04299688339 5.48065280914 -1.17566204071 3.04299688339 5.48065280914 -1.1715259552 3.04285788536 5.4810090065 -1.1756939888 3.04289102554 5.48092079163 -1.17149603367 3.04285788536 5.4810090065 -1.17149400711 3.04285788536 5.4810090065 -1.17359399796 3.04279494286 5.48118877411 -1.17568600178 3.04273796082 5.48136711121 -1.17566204071 3.04257011414 5.48199987411 -1.17543697357 3.04263806343 5.48171520233 -1.17556703091 3.04268598557 5.48154211044 -1.17562198639 3.04279589653 5.48118782043 -1.17150199413 3.04273796082 5.48136711121 -1.1715259552 3.04268503189 5.48154306412 -1.17156505585 3.04263806343 5.48171520233 -1.17162001133 3.04257011414 5.48199987411 -1.17174994946 3.04256510735 5.48202085495 -1.17358100414 3.04256010056 5.48204278946 -1.17541205883 3.04256010056 5.48204183578 -1.17177498341 3.04240608215 5.48307704926 -1.17377698421 3.0424079895 5.4830532074 -1.17395794392 3.04241108894 5.48301410675 -1.17413794994 3.04241609573 5.48295879364 -1.17431199551 3.04242396355 5.48288917542 -1.17448103428 3.04243302345 5.48280477524 -1.17464399338 3.04244494438 5.48270702362 -1.17479896545 3.04245996475 5.48259592056 -1.17494404316 3.04247903824 5.48247385025 -1.1750780344 3.04250192642 5.48233890533 -1.17520201206 3.04252910614 5.48219490051 -1.17531394958 3.04252791405 5.48219585419 -1.17187404633 3.04250192642 5.48233890533 -1.17198503017 3.04247903824 5.48247289658 -1.17210805416 3.04245996475 5.48259592056 -1.17224395275 3.04244494438 5.48270797729 -1.17238998413 3.04243302345 5.48280477524 -1.17254400253 3.04242396355 5.48288917542 -1.17270600796 3.04241609573 5.48295879364 -1.17287504673 3.04241108894 5.48301410675 -1.17305099964 3.0424079895 5.4830532074 -1.17322897911 3.04240608215 5.48307704926 -1.17341005802 3.04240489006 5.48308420181 -1.17359399796 3.04965591431 5.47577095032 -1.17360603809 3.05024003983 5.47573900223 -1.17494404316 3.05035209656 5.47573804855 -1.17479801178 3.05045104027 5.47573804855 -1.17464399338 3.05053496361 5.47573900223 -1.17448198795 3.05053496361 5.47573900223 -1.17270696163 3.05045104027 5.47573804855 -1.17254400253 3.05035209656 5.47573804855 -1.17238903046 3.05024003983 5.47573900223 -1.17224395275 3.05011510849 5.47574186325 -1.17507898808 3.05011606216 5.47574186325 -1.17210900784 3.05060505867 5.47574090958 -1.17431199551 3.05060505867 5.47574090958 -1.17287504673 3.05066108704 5.47574281693 -1.17413604259 3.05065989494 5.47574281693 -1.17305004597 3.04997992516 5.47574806213 -1.17198503017 3.04997992516 5.47574806213 -1.17520201206 3.05069994926 5.4757437706 -1.17395794392 3.05069994926 5.4757437706 -1.17322897911 3.05072402954 5.47574520111 -1.17377698421 3.05072402954 5.47574520111 -1.1734110117 3.05073189735 5.47574615479 -1.17359399796 3.04983401299 5.47575616837 -1.17531394958 3.04983305931 5.47575616837 -1.17187297344 3.04967808723 5.47576904297 -1.17541205883 3.04967808723 5.47576904297 -1.17177498341 3.0496339798 5.47577190399 -1.17543697357 3.0496339798 5.47577190399 -1.17174994946 3.04861593246 5.4759349823 -1.17359399796 3.04934406281 5.47580480576 -1.17556703091 3.04934406281 5.47580480576 -1.17162001133 3.0491669178 5.47583007812 -1.17562198639 3.04916596413 5.47583007812 -1.17156505585 3.0489859581 5.47586011887 -1.17566204071 3.0489859581 5.47586011887 -1.1715259552 3.04880094528 5.47589492798 -1.17568600178 3.04880189896 5.47589492798 -1.17150199413 3.04861593246 5.4759349823 -1.17149400711 3.04861497879 5.4759349823 -1.1756939888 3.04852390289 5.47595596313 -1.17569196224 3.04824399948 5.47602701187 -1.1715259552 3.04842996597 5.47597885132 -1.17357802391 3.04824399948 5.47602701187 -1.17566204071 3.04788398743 5.47613716125 -1.17162001133 3.04754304886 5.47625684738 -1.17177498341 3.04788398743 5.47613716125 -1.17556703091 3.04754304886 5.47625684738 -1.17541205883 3.04709792137 5.47644090652 -1.17405903339 3.04723501205 5.47638082504 -1.17520201206 3.04723501205 5.47638082504 -1.17198503017 3.04696798325 5.47650098801 -1.17494404316 3.04696798325 5.47650098801 -1.17224395275 3.04666399956 5.47665309906 -1.17448198795 3.04675102234 5.47660684586 -1.17464399338 3.04675102234 5.47660684586 -1.17254400253 3.04666399956 5.47665214539 -1.17270505428 3.04659104347 5.4766907692 -1.17287504673 3.04649305344 5.47674512863 -1.17395794392 3.04653406143 5.47672176361 -1.17413794994 3.04659104347 5.4766907692 -1.17431199551 3.04653406143 5.47672176361 -1.17305004597 3.04649305344 5.47674512863 -1.17322897911 3.04646801949 5.47675895691 -1.17341005802 3.04645895958 5.47676277161 -1.17359399796 3.04646801949 5.47675895691 -1.17377698421 3.04965591431 5.47577095032 -1.19360601902 3.05024003983 5.47573900223 -1.19494402409 3.05035209656 5.47573804855 -1.19479799271 3.05045104027 5.47573804855 -1.1946439743 3.05053496361 5.47573900223 -1.19448196888 3.05053496361 5.47573900223 -1.19270694256 3.05045104027 5.47573804855 -1.19254398346 3.05035209656 5.47573804855 -1.19238901138 3.05024003983 5.47573900223 -1.19224405289 3.05011510849 5.47574186325 -1.195078969 3.05011606216 5.47574186325 -1.19210898876 3.05060505867 5.47574090958 -1.19431197643 3.05060505867 5.47574090958 -1.19287502766 3.05066108704 5.47574281693 -1.19413602352 3.05065989494 5.47574281693 -1.19305002689 3.04997992516 5.47574806213 -1.1919850111 3.04997992516 5.47574806213 -1.19520199299 3.05069994926 5.4757437706 -1.19395804405 3.05069994926 5.4757437706 -1.19322896004 3.05072402954 5.47574520111 -1.19377696514 3.05072402954 5.47574520111 -1.19341099262 3.05073189735 5.47574615479 -1.19359397888 3.04983401299 5.47575616837 -1.19531404972 3.04983305931 5.47575616837 -1.19187295437 3.04967808723 5.47576904297 -1.19541203976 3.04967808723 5.47576904297 -1.19177496433 3.0496339798 5.47577190399 -1.1954369545 3.0496339798 5.47577190399 -1.19175004959 3.04861593246 5.4759349823 -1.19359397888 3.04934406281 5.47580480576 -1.19556701183 3.04934406281 5.47580480576 -1.19161999226 3.0491669178 5.47583007812 -1.19562196732 3.04916596413 5.47583007812 -1.19156503677 3.0489859581 5.47586011887 -1.19566202164 3.0489859581 5.47586011887 -1.19152605534 3.04880094528 5.47589492798 -1.1956859827 3.04880189896 5.47589492798 -1.19150197506 3.04861593246 5.4759349823 -1.19149398804 3.04861497879 5.4759349823 -1.19569396973 3.04852390289 5.47595596313 -1.19569194317 3.04824399948 5.47602701187 -1.19152605534 3.04842996597 5.47597885132 -1.19357800484 3.04824399948 5.47602701187 -1.19566202164 3.04788398743 5.47613716125 -1.19161999226 3.04754304886 5.47625684738 -1.19177496433 3.04788398743 5.47613716125 -1.19556701183 3.04754304886 5.47625684738 -1.19541203976 3.04709792137 5.47644090652 -1.19405901432 3.04723501205 5.47638082504 -1.19520199299 3.04723501205 5.47638082504 -1.1919850111 3.04696798325 5.47650098801 -1.19494402409 3.04696798325 5.47650098801 -1.19224405289 3.04666399956 5.47665309906 -1.19448196888 3.04675102234 5.47660684586 -1.1946439743 3.04675102234 5.47660684586 -1.19254398346 3.04666399956 5.47665214539 -1.19270503521 3.04659104347 5.4766907692 -1.19287502766 3.04649305344 5.47674512863 -1.19395804405 3.04653406143 5.47672176361 -1.19413805008 3.04659104347 5.4766907692 -1.19431197643 3.04653406143 5.47672176361 -1.19305002689 3.04649305344 5.47674512863 -1.19322896004 3.04646801949 5.47675895691 -1.19341003895 3.04645895958 5.47676277161 -1.19359397888 3.04646801949 5.47675895691 -1.19377696514 3.0845310688 5.47796916962 -1.19358098507 3.08347511292 5.47780990601 -1.19341003895 3.08346700668 5.47780895233 -1.19359397888 3.08347511292 5.47780990601 -1.19377696514 3.08349895477 5.47781181335 -1.19395804405 3.08349895477 5.47781181335 -1.19322896004 3.08353805542 5.47781515121 -1.19413805008 3.08353805542 5.47781515121 -1.19305098057 3.08359289169 5.47781991959 -1.19431197643 3.08359289169 5.47781991959 -1.19287502766 3.08366298676 5.47782802582 -1.19448101521 3.08366298676 5.47782802582 -1.19270598888 3.0837469101 5.47783708572 -1.1946439743 3.0837469101 5.47783708572 -1.19254398346 3.08384490013 5.47784900665 -1.19479894638 3.08384394646 5.47784900665 -1.19238996506 3.08395600319 5.4778637886 -1.19494402409 3.08395600319 5.4778637886 -1.19224405289 3.0840780735 5.47788286209 -1.19507801533 3.08407902718 5.47788286209 -1.19210803509 3.08421301842 5.47790622711 -1.19520199299 3.08421301842 5.47790622711 -1.1919850111 3.08435702324 5.47793292999 -1.19531404972 3.08435606956 5.47793292999 -1.19187402725 3.08450889587 5.47796392441 -1.19541203976 3.08450889587 5.47796392441 -1.19177496433 3.08455204964 5.47797393799 -1.1954369545 3.08455204964 5.47797393799 -1.19175004959 3.08483695984 5.4780421257 -1.19556701183 3.08554291725 5.47826194763 -1.19359397888 3.08483695984 5.4780421257 -1.19161999226 3.08501005173 5.47808980942 -1.19562196732 3.08500909805 5.47808885574 -1.19156503677 3.08518505096 5.47814178467 -1.19152605534 3.08518505096 5.47814178467 -1.19566202164 3.08536291122 5.4781999588 -1.1956859827 3.08536410332 5.4781999588 -1.19150197506 3.08554196358 5.47826194763 -1.19569396973 3.08554291725 5.47826194763 -1.19149398804 3.08589911461 5.47840118408 -1.19566202164 3.0857219696 5.47833013535 -1.19360995293 3.08563089371 5.4782948494 -1.1914960146 3.08589911461 5.47840118408 -1.19152605534 3.08656597137 5.47871685028 -1.19177496433 3.08624410629 5.47855520248 -1.19161999226 3.08656597137 5.47871685028 -1.19541203976 3.08624410629 5.47855520248 -1.19556701183 3.08698511124 5.47895622253 -1.19312894344 3.08685588837 5.47887897491 -1.19520199299 3.08685588837 5.47887897491 -1.1919850111 3.08710598946 5.47903108597 -1.19494402409 3.08710598946 5.47903108597 -1.19224405289 3.08738899231 5.47921895981 -1.19270503521 3.08730792999 5.47916412354 -1.19254398346 3.08730792999 5.47916412354 -1.1946439743 3.08738899231 5.47921895981 -1.19448196888 3.0874569416 5.47926712036 -1.19431197643 3.08754706383 5.47933292389 -1.19322896004 3.08750891685 5.4793047905 -1.19304895401 3.0874569416 5.47926712036 -1.19287502766 3.08750891685 5.4793047905 -1.1941369772 3.08754706383 5.47933292389 -1.19395804405 3.08756995201 5.47935009003 -1.19377803802 3.08757805824 5.4793548584 -1.19359397888 3.08756995201 5.47935009003 -1.19341003895 3.0845310688 5.47796916962 -1.17358100414 3.08347511292 5.47780990601 -1.17341005802 3.08346700668 5.47780895233 -1.17359399796 3.08347511292 5.47780990601 -1.17377698421 3.08349895477 5.47781181335 -1.17395794392 3.08349895477 5.47781181335 -1.17322897911 3.08353805542 5.47781515121 -1.17413794994 3.08353805542 5.47781515121 -1.17305099964 3.08359289169 5.47781991959 -1.17431199551 3.08359289169 5.47781991959 -1.17287504673 3.08366298676 5.47782802582 -1.17448103428 3.08366298676 5.47782802582 -1.17270600796 3.0837469101 5.47783708572 -1.17464399338 3.0837469101 5.47783708572 -1.17254400253 3.08384490013 5.47784900665 -1.17479896545 3.08384394646 5.47784900665 -1.17238998413 3.08395600319 5.4778637886 -1.17494404316 3.08395600319 5.4778637886 -1.17224395275 3.0840780735 5.47788286209 -1.1750780344 3.08407902718 5.47788286209 -1.17210805416 3.08421301842 5.47790622711 -1.17520201206 3.08421301842 5.47790622711 -1.17198503017 3.08435702324 5.47793292999 -1.17531394958 3.08435606956 5.47793292999 -1.17187404633 3.08450889587 5.47796392441 -1.17541205883 3.08450889587 5.47796392441 -1.17177498341 3.08455204964 5.47797393799 -1.17543697357 3.08455204964 5.47797393799 -1.17174994946 3.08483695984 5.4780421257 -1.17556703091 3.08554291725 5.47826194763 -1.17359399796 3.08483695984 5.4780421257 -1.17162001133 3.08501005173 5.47808980942 -1.17562198639 3.08500909805 5.47808885574 -1.17156505585 3.08518505096 5.47814178467 -1.1715259552 3.08518505096 5.47814178467 -1.17566204071 3.08536291122 5.4781999588 -1.17568600178 3.08536410332 5.4781999588 -1.17150199413 3.08554196358 5.47826194763 -1.1756939888 3.08554291725 5.47826194763 -1.17149400711 3.08589911461 5.47840118408 -1.17566204071 3.0857219696 5.47833013535 -1.173609972 3.08563089371 5.4782948494 -1.17149603367 3.08589911461 5.47840118408 -1.1715259552 3.08656597137 5.47871685028 -1.17177498341 3.08624410629 5.47855520248 -1.17162001133 3.08656597137 5.47871685028 -1.17541205883 3.08624410629 5.47855520248 -1.17556703091 3.08698511124 5.47895622253 -1.17312896252 3.08685588837 5.47887897491 -1.17520201206 3.08685588837 5.47887897491 -1.17198503017 3.08710598946 5.47903108597 -1.17494404316 3.08710598946 5.47903108597 -1.17224395275 3.08738899231 5.47921895981 -1.17270505428 3.08730792999 5.47916412354 -1.17254400253 3.08730792999 5.47916412354 -1.17464399338 3.08738899231 5.47921895981 -1.17448198795 3.0874569416 5.47926712036 -1.17431199551 3.08754706383 5.47933292389 -1.17322897911 3.08750891685 5.4793047905 -1.17304897308 3.0874569416 5.47926712036 -1.17287504673 3.08750891685 5.4793047905 -1.17413699627 3.08754706383 5.47933292389 -1.17395794392 3.08756995201 5.47935009003 -1.1737780571 3.08757805824 5.4793548584 -1.17359399796 3.08756995201 5.47935009003 -1.17341005802 3.05019402504 5.50669908524 -1.18508994579 3.05098748207 5.49410152435 -1.04859399796 3.05092692375 5.49446964264 -1.18529260159 3.05023002625 5.50666618347 -1.04859411716 3.05988645554 5.4856338501 -1.04859411716 3.07245135307 5.48639154434 -1.04859399796 3.05985355377 5.48559617996 -1.18508756161 3.07208299637 5.48633098602 -1.18529260159 3.07509422302 5.48720884323 -1.18209731579 3.07328438759 5.48591041565 -1.18494415283 3.07838749886 5.48950099945 -1.1825991869 3.07541394234 5.48735809326 -1.04859399796 3.07901549339 5.49026203156 -1.04859399796 3.08055233955 5.49356031418 -1.18332850933 3.08091759682 5.49529075623 -1.04859411716 3.08095407486 5.49525642395 -1.18508946896 3.08015966415 5.50785446167 -1.04859399796 3.08022069931 5.50748348236 -1.18529307842 3.04836201668 5.47784900665 -1.05634403229 3.0451593399 5.47773313522 -1.04859399796 3.04620504379 5.47807121277 -1.05634403229 3.08555436134 5.48018789291 -1.05634403229 3.08708047867 5.48030662537 -1.04859399796 3.08555388451 5.4801940918 -1.16359400749 3.04836201668 5.47784900665 -1.16359400749 3.08870434761 5.48376607895 -1.05634403229 3.0887658596 5.48273658752 -1.04859399796 3.09033727646 5.48951625824 -1.16359400749 3.08635807037 5.52095794678 -1.16359400749 3.0887029171 5.48376607895 -1.16359400749 3.08979129791 5.48617458344 -1.16359400749 3.08870172501 5.51546192169 -1.16359400749 3.0877392292 5.51870775223 -1.16359400749 3.08636641502 5.52095890045 -1.05634403229 3.0862839222 5.52205514908 -1.04859399796 3.08423256874 5.52419090271 -1.04859399796 3.08278608322 5.52410650253 -1.05634403229 3.05109572411 5.52410697937 -1.16359400749 3.04784035683 5.52314186096 -1.16359400749 3.04559397697 5.52176189423 -1.16359400749 3.08278608322 5.5241060257 -1.16359400749 3.07703232765 5.52574205399 -1.16359400749 3.08038568497 5.52519369125 -1.16359400749 3.04559350014 5.52176809311 -1.05634403229 3.04232907295 5.52139186859 -1.04859399796 3.04244351387 5.51818990707 -1.05634403229 3.04244494438 5.51818990707 -1.16359400749 3.04081010818 5.51243305206 -1.16359400749 3.04479002953 5.48099803925 -1.16359400749 3.0424451828 5.4864988327 -1.16359400749 3.04340982437 5.48324346542 -1.16359400749 3.04135799408 5.51578807831 -1.16359400749 3.04478931427 5.48099803925 -1.05634403229 3.05485630035 5.48753786087 -1.04859399796 3.05195379257 5.49113798141 -1.04859399796 3.05213356018 5.51169538498 -1.04859399796 3.079195261 5.5108165741 -1.04859399796 3.07629203796 5.51441717148 -1.04859399796 3.05573558807 5.51459932327 -1.04859399796 3.05870437622 5.51556539536 -1.04859399796 3.07126188278 5.51632165909 -1.04859411716 3.0712954998 5.51635789871 -1.18508934975 3.05906748772 5.51562547684 -1.18529260159 3.07915067673 5.5109372139 -1.18302047253 3.07693719864 5.51388931274 -1.18272709846 3.07299232483 5.5159573555 -1.18333232403 3.08054232597 5.50866937637 -1.1849719286 3.08138632774 5.4964723587 -1.18516683578 3.05815434456 5.4859995842 -1.18332839012 3.05308961868 5.47755241394 -1.19745969772 3.05013084412 5.47691440582 -1.19813776016 3.083994627 5.47907114029 -1.19809603691 3.08089995384 5.47931051254 -1.19746255875 3.06106877327 5.48516511917 -1.18516671658 3.05409789085 5.48816347122 -1.18259966373 3.05180478096 5.49145841599 -1.18209755421 3.05050683022 5.49326753616 -1.18494415283 3.04976081848 5.50548267365 -1.18516671658 3.05059480667 5.50839567184 -1.18333232403 3.05266261101 5.51234102249 -1.18272614479 3.05564165115 5.51456832886 -1.18302237988 3.05788803101 5.51591491699 -1.1849809885 3.07008004189 5.51679039001 -1.18516671658 3.04390740395 5.48565196991 -1.19746303558 3.04366874695 5.48255300522 -1.19809472561 3.0413210392 5.51566696167 -1.1985450983 3.04215049744 5.51346254349 -1.19746088982 3.048204422 5.52328014374 -1.19872140884 3.05024719238 5.52264595032 -1.19746232033 3.07805752754 5.52440500259 -1.19745874405 3.08027696609 5.52522802353 -1.19853770733 3.0889980793 5.48849439621 -1.19746041298 3.08964037895 5.48554849625 -1.19814455509 3.08789610863 5.5182890892 -1.19875645638 3.08724308014 5.51630401611 -1.19746160507 3.0886952877 5.51553916931 -1.19859397411 3.09028100967 5.49051094055 -1.19859397411 3.0902299881 5.48842000961 -1.19859397411 3.08733439445 5.48178529739 -1.19731414318 3.07906007767 5.47777986526 -1.19859397411 3.05510807037 5.4762711525 -1.19859397411 3.05301594734 5.4763212204 -1.19859397411 3.081127882 5.47809410095 -1.19859397411 3.04638886452 5.47921085358 -1.19731414318 3.04268908501 5.48542308807 -1.19859397411 3.04237604141 5.4874920845 -1.19859397411 3.04080653191 5.51251268387 -1.19859397411 3.04290032387 5.51898097992 -1.19741666317 3.04605293274 5.52216529846 -1.19768583775 3.0510187149 5.52410078049 -1.19859397411 3.07711219788 5.52574539185 -1.19859397411 3.08675980568 5.52050113678 -1.19768512249 3.08358550072 5.52364492416 -1.19741547108 3.08004808426 5.47784852982 -1.16359400749 3.05409836769 5.47621393204 -1.16359400749 3.05075454712 5.47676563263 -1.16359400749 3.08330917358 5.4788146019 -1.16359400749</float_array>
          <technique_common>
            <accessor source="#positions-array" count="2469" stride="3">
              <param name="X" type="float" />
              <param name="Y" type="float" />
              <param name="Z" type="float" />
            </accessor>
          </technique_common>
        </source>
        <source id="normals">
          <float_array id="normals-array" count="5571">-1 -5.758e-05 -1.556e-05 -1 0 -3.557e-05 -1 3.057e-05 -9.623e-05 -1 3.452e-05 -0.00014555 -0.99999982 -5.758e-05 0.00062142 -0.99999654 -0.00045643 0.00258186 -0.99999613 0.00276478 -0.00025045 -0.99999517 0.00308974 -0.0002805 -0.99987757 -0.00026582 -0.01563937 -0.99972826 0.02207326 -0.00749073 -0.99972594 0.0219594 -0.00811374 -0.99972457 0.02224094 0.00749813 -0.99972349 0.0212474 -0.01008455 -0.99972159 0.02213098 0.00818443 -0.99972153 0.02213182 0.00817916 -0.99971825 0.02149125 0.01007828 -0.99971819 0.02149444 0.01007224 -0.99970818 0.01776726 -0.01636657 -0.99970007 0.01811276 0.01648176 -0.99969339 0.015499 -0.0193134 -0.99969286 0.0190966 -0.01579687 -0.99968559 0.01930866 0.01600092 -0.99968541 0.01601013 0.01931022 -0.99966782 0.02176911 -0.01379827 -0.99966139 0.02193627 0.01399032 -0.99962658 0.02440585 -0.01228988 -0.9996264 0.02441336 -0.01228558 -0.99961901 0.02466355 0.01239738 -0.99939978 0.02566677 -0.02326321 -0.99939173 0.03385072 0.0083846 -0.9993909 0.03391823 -0.00820742 -0.99939072 0.03392414 -0.0082056 -0.99936932 0.03211638 -0.01514675 -0.99885154 0.04774851 -0.00395071 -0.9988367 0.0480584 0.00394942 -0.99838662 0.05674087 -0.00214304 -0.99836725 0.05708133 0.00210711 -0.99836719 0.05708282 0.00210681 -0.99820572 -0.05987681 -0.0002832 -0.99818534 -0.06021769 -0.00025162 -0.99803942 0.062192 0.00703264 -0.99801868 -0.06291854 -0.00014547 -0.99801803 -0.06292874 -1.331e-05 -0.99801797 -0.0629302 -2.5e-07 -0.99801677 -0.06294785 -6.66e-06 -0.99795347 -0.06294385 0.01126925 -0.99769795 -0.06467781 0.0203879 -0.99747229 0.07105495 -0.00033626 -0.99747223 0.07105666 0.00033168 -0.99747217 0.07105757 0.00033169 -0.99673271 0.07880529 -0.01771318 -0.99671447 0.07898878 0.01791402 -0.9966948 -0.07923238 0.01793652 -0.99668866 0.07930088 -0.01797234 -0.99667293 0.08150391 -0.00046359 -0.99667293 0.08150426 -0.00046359 -0.9966653 0.07954113 0.01820456 -0.99664533 -0.07986105 -0.01790252 -0.99663228 0.08199964 0.00046321 -0.99661261 -0.08015072 0.01841675 -0.99658477 0.0811181 -0.01545123 -0.99655575 0.08147793 0.01542677 -0.99655461 0.08160363 -0.01482017 -0.99654949 -0.08092276 -0.01845478 -0.99654025 -0.08163805 0.01558048 -0.99653792 0.08164844 -0.01567326 -0.99652869 0.08191761 0.0148384 -0.99652845 -0.08168929 -0.01606282 -0.99651021 -0.0821202 0.01495283 -0.99650568 0.08216757 -0.01499818 -0.99650383 0.08206346 0.01566916 -0.99647641 -0.08253655 -0.01492086 -0.99647468 0.0825362 0.01503261 -0.99645972 0.083228 -0.01188112 -0.99645317 -0.08261623 0.0159877 -0.99644423 0.08352745 -0.01104947 -0.99644154 0.08342964 0.01199001 -0.99642897 -0.08280101 -0.01653191 -0.99642706 0.08372086 0.01113339 -0.99642092 0.08330352 -0.01434957 -0.99641973 -0.08315089 0.01528903 -0.9964186 -0.08322768 0.01494192 -0.99641532 -0.08373587 0.01203384 -0.9964087 0.08381832 -0.01201281 -0.99640721 0.08343696 0.01452385 -0.99639428 -0.08395869 -0.01222115 -0.99639201 0.08413688 -0.01113009 -0.99639124 -0.08419499 0.0107601 -0.99638677 0.08484877 -0.00375877 -0.99638623 0.08406882 0.01212525 -0.99638075 0.0849187 0.00376187 -0.99637896 0.08375361 -0.01463577 -0.99637306 -0.08370829 -0.01528716 -0.99637109 0.08437134 0.01122728 -0.99637002 -0.08444236 -0.01078461 -0.99636537 -0.08388515 -0.01481062 -0.99636114 0.0839302 0.01483945 -0.99634147 -0.08404958 0.01547091 -0.99633294 0.08547772 -0.00378663 -0.99633181 -0.08549461 0.00367599 -0.99632561 0.08556218 0.00379038 -0.9963243 -0.08558289 -0.00366071 -0.9963209 -0.08481756 0.01227516 -0.99629438 -0.08531648 0.01089625 -0.99628961 -0.08515297 -0.01249062 -0.99627721 -0.08481896 -0.01540815 -0.9962641 -0.08566254 -0.01094044 -0.99623168 -0.08665276 0.00372579 -0.99622095 -0.08677556 -0.00371172 -0.9960922 0.08750903 -0.01194426 -0.99607182 0.08772862 0.01202614 -0.9960528 0.08791388 -0.01224935 -0.99603385 -0.08811741 -0.01232659 -0.99602944 0.08816201 0.01236105 -0.99600822 -0.08845787 0.01194516 -0.99595469 -0.08891872 -0.01295644 -0.99593705 -0.08917966 0.01250072 -0.99587923 0.08965446 0.01366048 -0.99526864 0.09682582 0.00806903 -0.99523127 -0.09718672 -0.00834466 -0.99523032 0.09718984 0.00840658 -0.9952296 0.09725095 -0.00776862 -0.99520379 -0.09749185 0.00805413 -0.99519396 0.09758869 -0.00808629 -0.99516064 -0.09785281 -0.00895017 -0.99514008 -0.09809133 0.00860976 -0.9950372 0.09950372 0 -0.99422568 0.10720623 -0.00470814 -0.99419874 -0.10744348 0.00497126 -0.99419332 0.10749173 -0.00502477 -0.99415535 0.10785941 0.0046381 -0.99414366 -0.10792582 0.00550623 -0.99412715 -0.10810738 -0.00491333 -0.99412155 0.10815654 0.00496789 -0.99406838 -0.10861858 -0.00548078 -0.99242359 -0.12284908 0.00186309 -0.99238789 0.12142684 -0.02053432 -0.99238724 0.12143396 -0.02053164 -0.99238652 0.12143769 0.02054014 -0.99237818 -0.12320761 0.00233596 -0.99233955 0.12353267 -0.00145191 -0.99233717 -0.12354613 -0.00174931 -0.99231046 0.12376086 -0.00175173 -0.99229044 -0.12391358 -0.00223757 -0.99225098 0.12424281 0.00132731 -0.99222136 0.12447564 0.00163298 -0.98995847 0.14135765 -0.00044688 -0.98993403 0.14152949 -0.00016938 -0.98993254 -0.14154008 0.00015082 -0.98989773 -0.14178289 -0.00023682 -0.98983604 0.14221281 0.0004508 -0.9898116 0.14238311 0.00017759 -0.98981005 -0.14239447 -0.00015919 -0.98977613 -0.14262921 0.00021724 -0.98972505 -0.14179277 0.01841271 -0.98968166 -0.14206302 -0.01866432 -0.9895348 0.14378692 -0.0120987 -0.98953438 0.1437885 0.01210394 -0.98946202 -0.14376338 0.01723701 -0.989461 -0.14377059 0.01722753 -0.98939246 -0.1442461 -0.01719221 -0.9892869 -0.1452605 0.01451919 -0.98928666 -0.14526202 0.01451953 -0.9892441 -0.1455293 -0.01474432 -0.98924118 -0.14545408 0.01565248 -0.98916465 -0.14612797 0.01414236 -0.98912132 -0.14640969 -0.01426041 -0.98912048 -0.14630011 -0.01538981 -0.98905838 -0.14725143 0.00897586 -0.98905826 -0.14725247 0.00897009 -0.98902774 -0.14745609 -0.00899722 -0.98883951 -0.14898354 0.00061528 -0.98883724 -0.14899828 -0.0006179 -0.98862159 -0.14983547 -0.01329986 -0.9886204 -0.14984336 -0.01329518 -0.98854619 -0.1503744 0.01281193 -0.98796427 0.15468143 -0.00033397 -0.98796397 0.15468307 0.00032942 -0.98783481 -0.1555066 0.00032377 -0.98783422 -0.15550987 -0.00031939 -0.98758388 -0.15709275 4.119e-05 -0.98758388 -0.15709251 -4.04e-05 -0.98747098 0.15780129 0 -0.98747087 0.15780127 0 -0.9874559 0.15789415 -0.00062397 -0.98745525 0.15789807 0.00061685 -0.98741668 0.15814002 0.00025949 -0.98720264 -0.1594712 0 -0.98678708 -0.16182496 -0.00799774 -0.98678619 -0.16183059 -0.00799595 -0.98668408 -0.16247228 0.0075642 -0.98649764 0.16376896 0.00152071 -0.9862985 0.16485345 -0.00620801 -0.98629791 0.16485721 -0.00620696 -0.98629278 0.16488779 0.0062013 -0.98517841 -0.1714668 0.00475593 -0.98499924 -0.17249635 -0.00461826 -0.98349637 -0.18090525 -0.00288302 -0.98342645 0.18000107 -0.02172254 -0.98342556 0.180005 0.02173153 -0.98335284 -0.1817065 0 -0.98335284 0.1817065 0 -0.98331785 -0.18062481 -0.02146426 -0.983316 0.1806329 -0.02148296 -0.98331559 -0.18063605 0.02147035 -0.9833138 0.1806442 0.02148906 -0.98322868 -0.18113118 0.02128243 -0.98321712 -0.18119815 -0.02124676 -0.98247164 0.18639928 0.00221402 -0.98241353 -0.18671063 0.00165724 -0.98241335 -0.18671179 0.00165701 -0.98221129 0.18776882 -0.00195955 -0.98221111 0.18777005 -0.00195944 -0.97982943 -0.1998356 0.00028536 -0.97982931 -0.19983579 0.00028535 -0.97895575 0.20407248 -0.00044458 -0.97881097 -0.20476559 -0.00033474 -0.97865671 -0.20514286 0.01213748 -0.97865552 0.20514795 -0.01215445 -0.9786551 0.2051495 0.01215971 -0.97845858 -0.20610772 -0.01176305 -0.97761768 0.21038936 0 -0.97642618 0.2158515 -0.00044343 -0.97599202 0.21780613 0 -0.97588402 0.21828984 0 -0.97588134 -0.21830142 0 -0.97587043 0.21835071 0 -0.97572547 -0.21899717 0.00033152 -0.97563505 -0.21940006 0 -0.97443068 -0.22459354 -0.00653004 -0.97442973 -0.22459741 -0.00652893 -0.97442389 0.22461909 -0.00665469 -0.97442299 0.22462308 -0.00665356 -0.97441548 0.22465545 0.00664751 -0.97421807 0.22560839 0 -0.97416997 -0.22572759 0.00631714 -0.97384876 -0.22719726 -5.877e-05 -0.97315103 0.23016742 -0.00031797 -0.97268754 -0.23211862 0 -0.97268754 -0.23211861 0 -0.97268748 -0.23211861 0 -0.97186166 0.23555231 5.6e-06 -0.97177827 -0.22962534 0.05402831 -0.97016966 -0.24145786 -0.02165568 -0.97016782 -0.24146521 -0.02165285 -0.97016674 -0.24146904 0.02166182 -0.96938527 0.24554317 0.00095068 -0.96938515 0.24554345 0.0009507 -0.96855599 0.24879482 -0.00062798 -0.96837211 -0.24951026 -0.0003189 -0.9681915 -0.25020438 -0.0017136 -0.9681915 -0.25020438 0.0017136 -0.96819127 -0.25020543 -0.00171351 -0.96818674 0.25022173 0.00185455 -0.96787423 0.2514292 -0.00162732 -0.96787399 0.25143021 -0.00162722 -0.96369445 -0.26674268 -0.01188894 -0.9633019 -0.26842007 0 -0.96330029 0.26842624 0.00015238 -0.96321136 0.26874477 0 -0.96281648 -0.26994628 0.01065023 -0.96087915 0.27676049 -0.01071356 -0.96032023 -0.27889955 0 -0.96032017 -0.27889955 0 -0.95855832 0.28489658 0 -0.95821738 -0.28597707 0.00604632 -0.95810485 0.2864176 0 -0.95789623 -0.2871148 0 -0.95739067 0.28877774 -0.003233 -0.95739043 0.28877866 -0.00323328 -0.95738965 0.28878185 0.00318383 -0.95732892 0.28900057 0.00016406 -0.95726448 -0.28916276 -0.00543974 -0.95726347 -0.28916594 -0.00543882 -0.95704705 0.28993276 0.00016458 -0.95698601 0.29013377 -0.00030948 -0.9568361 -0.29062781 0 -0.95629925 -0.29223552 -0.00949691 -0.95585644 -0.29383409 -8.517e-05 -0.9556241 0.29458877 0.00019134 -0.95561409 0.29462099 0.00019444 -0.9555521 -0.29482239 -0.00018007 -0.9551366 -0.29616523 0.00037728 -0.95413214 0.29938594 0 -0.95245767 -0.30466086 0.00247701 -0.95237887 0.3049148 0.00118585 -0.95237881 0.30491516 0.00118589 -0.95214576 -0.3056418 -0.00122103 -0.95147777 -0.30771175 -0.00189189 -0.95147735 -0.30771285 -0.00189179 -0.95087194 -0.30958444 3.754e-05 -0.9506892 0.31014454 -0.00066188 -0.95046198 0.31084022 -0.00059452 -0.95029116 -0.311362 0.00065089 -0.95022112 -0.31157604 0.0006302 -0.94504273 0.32661262 -0.01477985 -0.94501674 0.32669693 0.01457475 -0.94483626 -0.32754323 0 -0.94381934 -0.33046195 -0 -0.94147205 -0.33621883 0.02423423 -0.93791687 -0.34684831 0.00283908 -0.93791091 -0.34686491 -0.00279717 -0.93791068 -0.34686568 -0.0027974 -0.93770081 0.34743071 -0.003018 -0.93770051 0.34743154 -0.00301826 -0.93769956 0.34743443 0.00297209 -0.93612111 -0.35167792 0 -0.93532491 0.35378441 -0.00200817 -0.9337976 -0.35780168 -0.00014703 -0.93316031 -0.35946041 0 -0.93312711 0.35954651 0 -0.9315607 -0.36358494 -0.00071643 -0.93005341 -0.36742434 0.00032746 -0.93005335 -0.36742419 0.00032745 -0.92914265 0.36969307 0.00457658 -0.92864686 0.37095717 -0.00242437 -0.9243297 0.38159493 0 -0.92186081 -0.38721296 0.01544836 -0.92182624 -0.38730428 -0.01522084 -0.92177081 0.38742492 -0.01550758 -0.92173809 0.3875114 0.01529235 -0.91827738 -0.39520422 0.02408919 -0.9160769 0.40005454 0.02755771 -0.91339862 -0.4070498 0.00366744 -0.91338956 -0.4070707 -0.0036133 -0.91338915 -0.40707162 -0.00361361 -0.9114024 0.41151565 0.00075142 -0.91140223 0.41151592 0.00075144 -0.91115099 0.41207024 -0.00144311 -0.91105455 0.41228101 -0.00201308 -0.90901619 -0.41676083 0 -0.90435719 0.42674655 0.00503526 -0.90372574 0.42810345 -0.00266683 -0.90353703 -0.4284873 -0.00442182 -0.90297824 -0.42967996 0.00234429 -0.90050167 0.43484482 0.00260236 -0.90047848 -0.43384936 0.03021948 -0.89984846 0.43620035 -0.00138692 -0.89984822 0.43620083 -0.00138705 -0.89824992 0.43948495 0 -0.89815438 -0.43968019 0 -0.89596909 -0.44384629 0.01548693 -0.89592868 -0.44393578 -0.01525891 -0.89524645 0.44545007 0.01038669 -0.89442682 0.44704509 0.01230776 -0.89442521 0.44704789 0.01231499 -0.89437705 0.4471235 0.01304547 -0.89437604 0.44712567 0.01304485 -0.89437318 0.44714528 0.01256153 -0.89402348 0.44796646 0.00693656 -0.89402258 0.44796818 0.00693169 -0.89287013 0.45031434 0.00017096 -0.89276636 0.45052019 -0.00018327 -0.89192325 0.45214814 -0.00590906 -0.89146578 -0.43120918 -0.13909505 -0.89041948 0.45510525 -0.00567924 -0.88978606 0.45631498 -0.00757749 -0.88934702 0.45716232 -0.00803291 -0.88823009 0.45929959 -0.0095387 -0.88496083 0.46566522 0.00036815 -0.88496083 0.46566543 0.00036816 -0.88486731 -0.46584284 -0.00059714 -0.88482207 0.46592861 -0.00070708 -0.88463932 -0.46627453 0.0011465 -0.88463914 -0.46627504 0.00114657 -0.88225442 0.47077057 0.00146098 -0.88196933 -0.18778513 -0.43228093 -0.87533253 0.02056005 -0.48308408 -0.87477553 -0.48450878 -0.00435968 -0.87415403 -0.4856433 0.00231217 -0.87290299 -0.03047043 -0.48694131 -0.87165242 -0.02867414 -0.48928499 -0.87086099 0.49151307 0.00398894 -0.87059295 -0.49199122 -0.00354708 -0.87059253 -0.49199206 -0.00354772 -0.86972791 0.4935267 -0.00212644 -0.86972761 0.49352744 -0.00212664 -0.86958361 -0.49378201 0.00189003 -0.86879003 -0.49518067 0 -0.86855274 -0.24282728 -0.43203148 -0.86781406 -0.49683672 -0.00720984 -0.86757809 -0.07498928 -0.49161455 -0.86669022 0.49875653 0.00948147 -0.86529356 -0.50124896 0.00407029 -0.86509573 -0.50149095 -0.01078038 -0.86502218 0.50162154 0.01060729 -0.86502117 0.50162321 0.01060677 -0.86491477 -0.50174469 -0.01322199 -0.86489451 0.50177252 0.01348158 -0.86482245 0.50201988 0.00762567 -0.86482149 0.50202179 0.00762033 -0.86477268 0.50196832 0.01399678 -0.86477077 0.50197148 0.01400502 -0.86440456 -0.50276661 -0.00550471 -0.86385006 -0.50349402 -0.01602336 -0.86370671 0.50399083 0.0019624 -0.86357021 -0.50422692 -0.00128485 -0.86328971 0.50467992 -0.0053938 -0.86275399 -0.50562245 0.00120035 -0.86246145 0.50611937 -0.00182729 -0.86118746 -0.50826722 0.00454052 -0.86118621 -0.50826931 0.00454315 -0.86036599 0.50963795 -0.00627805 -0.86011004 -0.51005983 0.00704621 -0.85947573 0.51111877 -0.00768878 -0.85940111 0.51123774 -0.00810793 -0.85822958 0.51318353 -0.00919259 -0.85797215 -0.51360577 0.00963141 -0.85796851 -0.51361197 0.00963591 -0.85726184 -0.51478982 0.0096813 -0.85581952 -0.0540308 -0.51444495 -0.85494953 -0.51871091 0.00045605 -0.85466719 0.5191747 0.00125186 -0.85423499 -0.0825089 -0.51329803 -0.85423088 -0.51979816 -0.0099821 -0.85389054 -0.5204522 -0.00060236 -0.85363394 -0.52087218 0.00115615 -0.85363364 -0.52087259 0.00115622 -0.84595597 0.00062202 -0.53325242 -0.84086508 0.53824306 -0.05692326 -0.83732873 -0.54668683 -0.00376033 -0.83732814 -0.54668766 -0.003761 -0.83613902 -0.54851389 0.00200463 -0.83466309 -0.05470953 -0.54803663 -0.83410323 -0.55038863 -0.03666245 -0.83357459 4.984e-05 -0.55240709 -0.83191818 -0.55480528 -0.01016578 -0.83182794 -0.55493706 -0.01034761 -0.83158821 -0.55531418 -0.00934554 -0.83145028 -0.55554861 -0.00750533 -0.83136714 -0.55559134 -0.01212624 -0.83038884 -0.55718082 -0.00195076 -0.83001071 -0.55774665 -0.0009045 -0.82946283 0.5583365 -0.01586688 -0.82794601 -0.56077832 0.00574348 -0.82736188 -0.16497916 -0.53689319 -0.82720864 -0.56186074 0.00619298 -0.82712638 -0.5619812 0.00626257 -0.82486397 -0.5652644 0.00869009 -0.82486135 -0.56526828 0.00869513 -0.82460767 -0.56563246 0.00905794 -0.82460386 -0.56563801 0.00906218 -0.81619483 -0.577775 -0.00147649 -0.81304443 0.58216906 -0.00615733 -0.80009055 -0.59987926 -0.000273 -0.79775769 -0.6018638 -0.03664232 -0.78549832 0.61881584 0.00770886 -0.78504896 0.23312353 -0.57389152 -0.77846354 -0.62768847 -0.00127413 -0.77122444 -0.20800044 -0.60162169 -0.76155055 -0.64663422 -0.04364642 -0.74038196 0.28551364 -0.60853642 -0.72975063 0.31304118 -0.60783976 -0.72202104 0.63561714 -0.2732698 -0.7174508 0.69484186 0.04958987 -0.71228743 0.33447862 -0.61706626 -0.70553291 -0.36674628 -0.60639966 -0.70013225 -0.69953805 -0.14304368 -0.69830513 0.69865102 -0.15574573 -0.67272437 0.45669237 -0.58212894 -0.67221135 -0.05867718 -0.73803043 -0.66883391 -0.74268126 -0.03294716 -0.65569836 -0.42996347 -0.62063754 -0.65414095 0.01596193 -0.75620431 -0.6276812 0.77846909 -0.00147949 -0.60155088 0.79793501 -0.03789929 -0.59205914 -0.80259222 -0.07288207 -0.57995784 -0.5327239 -0.61632305 -0.57773185 0.81622559 -0.00127757 -0.57227784 0.81999665 -0.01017886 -0.57121658 0.82079917 0.00045036 -0.5694263 -0.82165045 0.02537972 -0.56876767 0.82241309 0.01183977 -0.56876034 0.82241809 0.0118342 -0.5642736 0.8255533 0.00754492 -0.5633204 0.82621354 0.00642186 -0.5633176 0.82621551 0.00641816 -0.56018889 0.8283447 0.00578163 -0.55939382 0.8288886 0.00471855 -0.55924052 0.82900184 0.0024302 -0.55853826 0.82938159 -0.01269693 -0.55669898 0.83071125 -0.0022757 -0.55583602 0.8312552 -0.0078134 -0.55583423 0.83119863 -0.01252951 -0.55516011 0.8316409 -0.0130638 -0.55483699 0.83190119 -0.00981264 -0.55416393 0.83234477 -0.01022518 -0.55038863 -0.83410323 0.03666245 -0.54734445 0.83690739 -0.00023502 -0.54555094 0.83807671 0.00132483 -0.54434186 0.8388598 -0.00248523 -0.54434133 0.83886021 -0.00248478 -0.52536917 -0.85087323 0.00145275 -0.52349412 0.85202801 0.00149088 -0.52349353 0.85202837 0.00149079 -0.52295405 0.85236061 -0.00077669 -0.51911902 0.3517417 -0.77896941 -0.51534075 0.85692757 0.00994469 -0.51478285 0.85726595 0.00967745 -0.51362073 -0.85796326 -0.00963318 -0.51227903 0.8587783 0.00836348 -0.51227528 0.85878062 0.00835864 -0.5105021 -0.85984564 -0.00728627 -0.5104968 0.85984874 0.00728922 -0.51006556 -0.86010659 -0.00704373 -0.50999063 0.86015785 0.00618008 -0.50998664 0.86016023 0.00617719 -0.50824803 -0.86119884 -0.00451709 -0.50658226 0.86219096 0.00114276 -0.50636089 -0.86230373 -0.00556943 -0.50562286 -0.86275375 -0.0012011 -0.50525546 0.86296892 -0.00122315 -0.50422299 -0.86357248 0.00129178 -0.50304288 0.86413413 -0.01483866 -0.50275981 -0.86440861 0.00550594 -0.5027585 -0.86440945 0.00550981 -0.50237954 0.86460584 -0.00845544 -0.5021531 0.86471897 -0.01016572 -0.50197417 0.8647989 -0.01204118 -0.50195962 -0.86480707 0.01204924 -0.50179577 0.86497831 0.0036856 -0.50172788 -0.86492437 0.01322712 -0.50172573 -0.8649255 0.01322776 -0.50147742 -0.86510348 0.01078618 -0.50147498 -0.86510497 0.01077985 -0.50028843 -0.865803 0.0098291 -0.4978058 0.86726397 -0.00652666 -0.49625134 0.61154854 -0.61623287 -0.49618536 -0.8674407 0.0366965 -0.4961389 0.86824316 0 -0.49423149 0.86932898 0.0014736 -0.49378264 -0.86958331 -0.00189021 -0.49378201 -0.86958361 -0.00189003 -0.4928377 0.87011695 -0.00276536 -0.49283701 0.87011731 -0.00276486 -0.49199122 -0.87059295 0.00354708 -0.48683053 0.87349343 0.00225837 -0.48572206 0.87410295 -0.0042588 -0.47033924 0.88248461 0.00136073 -0.4703387 0.88248491 0.00136065 -0.46982715 0.8827582 -0.00070887 -0.46745262 -0.88401765 -0.00093313 -0.46710452 -0.88420194 0.00048578 -0.46710438 -0.88420212 0.00048576 -0.46445316 -0.88559681 0.00125117 -0.46058822 -0.88755375 -0.01033857 -0.45781428 -0.88900834 -0.00838348 -0.45658255 -0.67267728 -0.58226931 -0.45516327 -0.89038074 -0.00695894 -0.45491207 -0.89052171 -0.00511454 -0.45289412 -0.89154381 -0.00605028 -0.45207182 -0.89197361 -0.00378782 -0.44975427 -0.89305216 0.01338014 -0.44848329 -0.89376926 0.00625131 -0.44848171 -0.89376998 0.00625571 -0.44783309 -0.89411026 0.00351509 -0.44739419 -0.89422494 0.01414867 -0.44739184 -0.89422607 0.01414934 -0.44725525 -0.89431423 0.01284009 -0.44725224 -0.89431578 0.01283255 -0.44510219 -0.8954491 0.00740489 -0.44281334 0.8964926 -0.01474024 -0.44272697 0.8965317 0.01496052 -0.44007906 -0.89795905 0 -0.43968019 0.89815438 0 -0.43682989 -0.89954287 -0.00149589 -0.43682939 -0.89954311 -0.00149575 -0.43536425 -0.90025002 0.00280456 -0.42900825 -0.90329683 -0.00259449 -0.42839369 0.90358829 0.00264484 -0.42768836 -0.90391296 0.00489876 -0.42705125 0.90421361 -0.00498694 -0.42563394 -0.02696703 -0.90449351 -0.42404681 0.90525997 0.02624148 -0.41654858 0.90911347 0 -0.4121635 -0.91110766 -0.00201188 -0.41204065 0.00907818 -0.91112018 -0.41152999 -0.91139513 -0.00145143 -0.41097426 -0.91164666 0.00075586 -0.41097391 -0.91164672 0.00075584 -0.41097215 0.68047261 -0.60667861 -0.40688646 0.91347253 -0.00339739 -0.40688553 0.91347289 -0.00339711 -0.40686592 0.91348147 0.00344801 -0.40593469 0.91312534 -0.03767282 -0.38718033 0.68184876 -0.62062365 -0.38680273 -0.92203933 0.01507266 -0.3867175 -0.92207152 -0.0152848 -0.38530606 0.92267334 -0.01460191 -0.38521832 0.92270643 0.01482015 -0.38211861 -0.92411321 0 -0.37201998 -0.92822188 -0.00229916 -0.37081826 -0.92869538 0.004341 -0.36885917 0.92948526 0.00037674 -0.36726013 0.93011808 0.00053409 -0.36219633 0.93210131 -0.00104758 -0.35923699 -0.93324637 0 -0.35856628 0.93350434 0 -0.35636202 -0.70979398 -0.6076172 -0.35479736 0.9349432 -0.00032019 -0.35408413 -0.9352113 -0.00201889 -0.35253352 0.93579918 -9.807e-05 -0.34976321 -0.93632418 0.03102883 -0.34891644 0.93715376 0 -0.34842053 0.93733257 -0.00327119 -0.34841961 0.93733287 -0.00327091 -0.34840029 0.93734002 0.00331992 -0.34685844 -0.93791336 0.00279653 -0.3468557 -0.93791413 -0.00283997 -0.34685493 -0.93791449 -0.00283973 -0.34133399 0.93994206 0 -0.3368651 -0.54979837 -0.7643584 -0.33621883 -0.94147205 -0.02423423 -0.33163711 0.94340706 0 -0.33129814 -0.72129214 -0.60825914 -0.33007199 0.94395584 0 -0.32548872 -0.94544083 0.01409607 -0.3254073 -0.94546586 -0.01429448 -0.3215335 0.94686669 -0.00772506 -0.31157604 -0.95022112 -0.0006302 -0.31072146 0.95049918 0.00186188 -0.31016189 0.95068365 -0.00032003 -0.30932465 0.95095634 0.00052105 -0.30932444 0.95095646 0.00052104 -0.30926013 0.95097512 -0.00214292 -0.30925885 0.95097548 -0.00214304 -0.30564216 -0.95214564 0.00122106 -0.3056418 -0.95214576 0.00122103 -0.30393139 0.9526934 -0.00105622 -0.2990928 -0.95422405 0 -0.29482239 0.9555521 -0.00018007 -0.29482237 -0.95555204 0.00018007 -0.29162455 -0.95652479 0.00391822 -0.29162061 -0.95652568 -0.00397907 -0.29161951 -0.9565261 -0.00397873 -0.29017317 -0.95697403 -0.00031202 -0.28927329 0.95722795 -0.00596995 -0.28926978 0.95722896 -0.00597096 -0.28906271 -0.73196346 -0.61698645 -0.2871148 -0.95789623 -0 -0.2871148 0.95789623 0 -0.28608778 0.9581809 0.00657736 -0.28200036 0.9594143 0 -0.28019992 0.95994163 0.00032978 -0.28015089 0.95995599 0 -0.27738085 -0.96046084 -0.02397493 -0.27306634 0.96199518 0 -0.26928011 0.96299434 0.01140649 -0.26842007 -0.9633019 0 -0.26842007 0.9633019 0 -0.26606691 0.9638716 -0.01264822 -0.25581875 0.75659066 -0.60177016 -0.25020543 0.96819127 -0.00171351 -0.25020438 0.9681915 -0.0017136 -0.24998894 0.96824867 -3.41e-06 -0.24607494 -0.96925068 -0.00044047 -0.24554545 0.96938157 0.00259232 -0.24552527 0.96917152 -0.02058729 -0.24549294 -0.969396 -0.00215535 -0.24549162 -0.96939629 0.00215548 -0.24549161 -0.96939629 -0.00215548 -0.24546106 0.96918708 0.02062196 -0.24263912 0.96987367 0.02170848 -0.24262793 0.96987665 -0.02170233 -0.24165772 0.86859471 -0.43260241 -0.24027401 -0.97070462 0.00100722 -0.24027368 -0.97070462 0.00100719 -0.2345567 0.9721024 0.00037732 -0.23197122 -0.97272253 0.00022384 -0.2294316 -0.97332472 -0.00031492 -0.22927237 -0.97334844 0.00520369 -0.2273332 0.97381693 -0.00018728 -0.22733133 0.97381747 0.00018474 -0.22714643 0.97386044 -0.00034024 -0.22572759 0.97416997 0.00631714 -0.22560717 -0.97420055 -0.0058906 -0.22560367 -0.97420138 -0.0058916 -0.22459741 0.97442973 -0.00652893 -0.22459354 0.97443068 -0.00653004 -0.22448473 -0.97447759 0.00010195 -0.22227608 -0.97498369 0 -0.21918209 0.97568399 0 -0.21918207 0.97568393 0 -0.21907577 0.97570658 0.00148978 -0.21830142 -0.97588134 0 -0.21467814 0.97668493 0.00018081 -0.21467705 0.97668511 -0.00018434 -0.21242964 0.97717637 0 -0.21055999 -0.9775809 9.562e-05 -0.21055609 -0.9775818 0 -0.2087198 -0.97791737 -0.01066397 -0.20511632 -0.97866344 0.01204859 -0.20511477 0.97866386 -0.01204338 -0.20453764 0.97885871 0 -0.20415898 0.97885901 0.01241484 -0.19879031 0.98004192 0.00052961 -0.19874884 0.98005033 0.00046282 -0.19762401 0.98027766 -0.00055118 -0.19758789 0.98028499 -0.00049274 -0.18785365 0.98219568 -0.00159373 -0.18785356 0.98219579 -0.00159358 -0.1872516 0.88206297 -0.4323214 -0.18680465 0.98239553 0.00178259 -0.18680358 0.98239565 0.00177928 -0.18619715 -0.79671454 -0.57495791 -0.1861112 -0.98252606 -0.00226767 -0.1861098 -0.98252636 -0.0022678 -0.18520436 -0.98269701 0.00243598 -0.18381591 0.98275363 0.02017429 -0.18381226 0.98275441 -0.02016595 -0.18380533 0.98275578 -0.02016859 -0.18170652 -0.9833529 0 -0.1817065 -0.98335284 0 -0.18110244 -0.9832356 0.02120597 -0.18109864 -0.98323643 -0.0211972 -0.18109132 -0.9832378 -0.02119998 -0.17268892 0.98496449 -0.00483446 -0.17260706 0.98497933 -0.00474256 -0.17163928 0.98514748 0.00494938 -0.17157617 0.9851588 0.0048786 -0.16844551 0.9849053 0.03984692 -0.16587949 -0.98612767 -0.00601788 -0.16587585 -0.98612827 -0.00601891 -0.1650911 -0.98625904 0.0061637 -0.16417854 0.98642147 0.00426439 -0.16346857 0.98653883 0.0043912 -0.1629743 0.01994325 -0.98642874 -0.16271248 0.98664278 0.00778892 -0.16259819 0.98666245 0.00768199 -0.16212235 0.986736 -0.00826688 -0.16195311 0.98676509 -0.00811684 -0.15817088 -0.9874118 0 -0.15817088 -0.98741174 0 -0.15586716 0.98777801 -0.00032376 -0.1558663 0.98777807 -0.00032377 -0.15586385 0.98777843 0.00031937 -0.15550987 -0.98783422 0.00031939 -0.15550904 -0.98783439 0.00031938 -0.15550745 -0.98783463 -0.00032378 -0.14993638 0.98859972 -0.01376998 -0.14966647 0.98864371 -0.01354939 -0.14920941 0.98871845 0.01312478 -0.14899175 0.9887532 0.01298293 -0.14849821 0.98889107 -0.00654432 -0.14831936 0.98890269 -0.00854094 -0.14828326 0.98892313 0.0065689 -0.148101 0.98895067 -0.00652681 -0.14807928 0.98893195 -0.00927525 -0.14794473 0.98897386 0.0065539 -0.14792803 0.98896199 -0.00845406 -0.14782988 0.9889707 0.00912068 -0.14778835 0.98897588 0.0092361 -0.1476714 0.98899347 -0.00922036 -0.14764488 0.98894709 -0.01359062 -0.14751486 0.98901838 0.00904987 -0.14746168 0.989025 0.00919819 -0.14727305 0.98900467 0.01343419 -0.14726661 0.98900557 -0.01343149 -0.14700155 0.98904663 0.01331999 -0.14584617 0.98917413 -0.01622921 -0.14550261 0.98922837 -0.01600643 -0.14501524 0.98930693 0.01556652 -0.14482158 -0.98938709 0.01183255 -0.14479831 0.98934138 0.01539888 -0.14413783 -0.98948383 -0.01208541 -0.14263311 0.98959786 -0.0187561 -0.14239459 -0.98980999 0.00015919 -0.14222765 0.98966229 0.01843334 -0.14222394 0.98966086 -0.01854001 -0.1419552 0.98970407 0.01829031 -0.14154111 -0.98993242 -0.00015084 -0.14154099 -0.98993242 -0.00015084 -0.14130351 0.98996615 0.00049863 -0.14130315 0.98996627 0.00049864 -0.1410435 0.98974335 -0.02268991 -0.14069517 0.98980695 0.02207114 -0.14054579 0.98981774 -0.02253251 -0.14046502 0.99008554 -0.000516 -0.14039476 0.98985201 0.02196162 -0.12933919 0.99160039 0 -0.12933917 0.99160039 0 -0.12541887 0.99210161 -0.00210605 -0.12471163 0.9921906 0.00221648 -0.12471008 0.99219072 0.00221679 -0.12355716 -0.99233592 0.00174705 -0.12355594 -0.99233609 0.0017473 -0.12285039 -0.99242347 -0.00186283 -0.12182088 -0.99234015 0.02051559 -0.12181714 -0.99234062 -0.0205071 -0.12181003 -0.99234152 -0.02050979 -0.11678307 0.83464521 -0.53826481 -0.11261747 -0.01612522 -0.9935075 -0.11231867 -0.0232793 -0.99339956 -0.10867204 0.99406224 -0.00554012 -0.10863912 0.9940663 0.00546122 -0.10810738 -0.99412715 0.00491333 -0.10807817 -0.99413055 -0.00484334 -0.10233338 0.67339712 -0.73216408 -0.10230789 -0.99311107 -0.0571265 -0.09820578 -0.99509835 -0.01161216 -0.09784511 0.99516147 -0.00894308 -0.09783875 0.99516213 -0.00894507 -0.09762052 0.99518424 0.00886868 -0.09713917 -0.99523568 0.00835959 -0.09703633 -0.99524665 -0.00825693 -0.09703043 -0.99524719 -0.00825876 -0.08846483 -0.99600762 -0.01195052 -0.08845752 -0.99600828 -0.01195472 -0.08811016 -0.9960345 0.01232099 -0.08781837 0.99605048 0.013091 -0.08750669 0.99607265 -0.01348204 -0.08749858 0.99607325 -0.01348679 -0.08646316 0.99624819 -0.00369836 -0.08637397 0.99625582 0.0037138 -0.08606353 0.99627036 -0.00619794 -0.08592226 0.9962827 0.00617909 -0.08592153 0.9962827 0.00618306 -0.08579265 0.99620765 -0.01448821 -0.08557986 -0.99632454 0.00367966 -0.08549785 -0.99633151 -0.00367613 -0.08512909 0.99626249 0.01463212 -0.08437251 -0.99637109 0.01122004 -0.08437134 -0.99637109 0.01122728 -0.08417472 -0.99638098 0.01181091 -0.084171 -0.99638128 0.011818 -0.08413688 -0.99639201 -0.01113009 -0.08387548 -0.99636626 0.01480444 -0.08378101 -0.99641049 -0.01211613 -0.08375213 0.99640095 -0.01306061 -0.08336557 0.9964307 0.01327112 -0.08336417 0.99643081 0.0132708 -0.08323728 -0.9964177 -0.01494811 -0.08281386 -0.9965651 -3.526e-05 -0.08263814 0.99644357 -0.01646319 -0.08258209 0.99645621 0.01597349 -0.08253655 -0.99647641 0.01492086 -0.08244868 -0.99648952 -0.01452519 -0.08231498 -0.99660635 4.192e-05 -0.08231495 -0.99660635 4.192e-05 -0.08098779 -0.99656975 0.01702136 -0.0809491 -0.99657226 0.01706026 -0.08076462 -0.99659306 -0.01671728 -0.08074903 0.99656528 -0.01836441 -0.08039092 -0.99661702 -0.01708366 -0.08029361 0.99657804 -0.01962225 -0.08010963 0.99661624 0.01839527 -0.08001712 0.99660635 0.01931157 -0.08000891 0.99660683 0.01932226 -0.07432554 0.86747146 -0.49190357 -0.0666348 0.99756962 0.02035935 -0.06487363 -0.99789345 0.00025741 -0.06487234 -0.99789351 -0.00025391 -0.06487166 -0.99789363 -0.00025392 -0.06291679 0.99801874 0.00012983 -0.06290285 0.9980197 -4.44e-06 -0.06289483 0.99802011 -0.00014417 -0.0627491 0.99802935 -5.796e-05 -0.06274909 0.99802905 0.00084281 -0.06106303 1.974e-05 -0.9981339 -0.06019312 0.99818677 -0.00026097 -0.05998151 0.99819946 -0.00028058 -0.05749474 -0.99834228 0.00264498 -0.05749287 -0.99834239 0.00264536 -0.0571449 -0.9983623 -0.00267434 -0.05646516 -0.6468702 -0.76050675 -0.0522388 0.83093876 -0.55390602 -0.05209232 0.82309771 -0.56550562 -0.04965865 -0.99875718 0.0042418 -0.0493398 -0.99877304 -0.00424024 -0.04343723 -0.99905622 0 -0.04343722 -0.9990561 0 -0.03312562 -0.99940854 -0.0092364 -0.03311898 -0.99940872 -0.00923845 -0.03306922 -0.9994086 0.00942644 -0.03157477 -0.99880332 -0.03735095 -0.03060269 0.87637514 -0.48065603 -0.0304603 0.8720113 -0.48853707 -0.0275277 0.44949669 -0.89285767 -0.02710077 0.43024617 -0.90230471 -0.02524755 -0.99959862 0.01284564 -0.0249884 -0.99960661 -0.01272986 -0.02498062 -0.99960679 -0.01273432 -0.02360603 0.11579296 -0.99299288 -0.0233958 -0.87618887 -0.48139963 -0.02310736 -0.99971378 0.00620378 -0.02296866 -0.999717 -0.00619783 -0.02256161 -0.99969268 0.01027619 -0.02255836 -0.99969268 0.01028236 -0.02249775 -0.99964243 0.01445289 -0.02235985 -0.99969083 0.01087095 -0.02235873 -0.99969083 0.01087797 -0.02232577 -0.99964911 -0.01425415 -0.02229846 -0.9996981 -0.0103197 -0.02213084 -0.99969697 -0.01078375 -0.02009482 -0.99966538 0.01629439 -0.01987806 -0.99967301 -0.01608745 -0.01906469 -0.99967533 0.01690732 -0.01872902 -0.99968404 -0.0167645 -0.01782915 -0.99966866 0.01856819 -0.01733579 -0.99967724 -0.01857325 -0.01702171 -0.99984813 -0.00372932 -0.01632266 0.86040366 -0.50935149 -0.01612862 0.11380822 -0.99337178 -0.01224734 0.19431683 -0.98086244 -0.00818422 -0.99994791 -0.00610097 -0.00560764 0.05558759 -0.99843812 -0.003109 -0.99999517 -0.00028224 -0.00276546 -0.99999613 -0.00025047 -0.00109074 0.84564537 -0.5337441 -0.00092381 -0.4458797 -0.89509237 -0.00062608 0.99999356 0.00354965 -0.00014081 -0.83261001 -0.55385983 -7.617e-05 0.99999946 0.00108947 -7.117e-05 0.85651207 -0.51612699 -3.797e-05 -9.36e-06 1 -3.361e-05 -1.152e-05 1 -1.812e-05 1.472e-05 1 -1.747e-05 1.52e-05 1 -1.706e-05 -1.725e-05 1 -1.499e-05 -1.753e-05 1 -1.171e-05 3.692e-05 1 -9.38e-06 3.418e-05 0.99999994 0 -1 -4.001e-05 -0 -0.42287925 -0.9061861 0 -0.19446853 -0.98090869 -0 -0 0.99999994 0 0 1 0 1 -1.112e-05 -0 1 0.00014305 9.38e-06 -3.417e-05 1 1.155e-05 -3.419e-05 1 1.416e-05 1.835e-05 0.99999994 1.724e-05 -1.705e-05 1 1.746e-05 -1.519e-05 1 1.822e-05 1.61e-05 1 2.559e-05 0.99999988 0.00033522 2.559e-05 1 -2.001e-05 3.057e-05 -1 9.623e-05 3.399e-05 9.38e-06 1 3.452e-05 -1 0.00014555 3.692e-05 1.171e-05 1 5.758e-05 -1 -2.001e-05 5.758e-05 -0.9999997 0.00074547 5.93e-05 -0.82816714 -0.56048119 0.00074102 -0.99987662 -0.0156881 0.0023406 -0.99986261 -0.01641279 0.00272763 0.9999963 -0.00024703 0.00310953 0.99999511 -0.00028236 0.00375063 -0.99981314 0.01896183 0.00897882 -0.05367075 -0.99851829 0.01446773 0.99970984 -0.01925773 0.0147935 0.99970132 0.01945506 0.01571011 0.65645802 -0.75419897 0.01609577 -0.11208033 -0.99356872 0.01796939 0.99970317 -0.01645324 0.01831636 0.99969488 0.01656997 0.01990267 0.99970466 -0.01394369 0.02020879 0.99969739 0.01402637 0.02025201 -0.87056643 -0.49163413 0.02128789 0.99971664 -0.01064452 0.02147217 0.99971801 -0.01013484 0.02151315 0.99971098 0.01073726 0.02151425 0.99971098 0.01073034 0.02169663 0.9996686 -0.01385246 0.02171759 0.99971288 0.01012798 0.0217208 0.99971288 0.0101219 0.0219605 0.99966121 0.01397178 0.02203289 0.87141609 -0.49004939 0.0221027 0.99973661 -0.0061895 0.02224134 0.99973345 0.00619562 0.02324337 -0.11238224 -0.99339318 0.02441652 0.99962622 -0.01229812 0.02442404 0.9996261 -0.01229382 0.02454134 0.99962115 0.01246386 0.03071681 -0.87177521 -0.48894233 0.03149485 -0.999138 0.02704511 0.0327381 0.99942446 0.00888819 0.0327935 0.99942428 -0.00870734 0.0327998 0.99942404 -0.0087054 0.04869436 0.99880648 -0.00381076 0.04900554 0.99879128 0.00380733 0.05407113 -0.85380316 -0.51778024 0.05435026 -0.84467655 -0.53251058 0.05868371 -0.67228615 -0.73796165 0.05979453 -0.99821061 -0.0002799 0.06011511 -0.99819148 -0.00025022 0.06127318 -0.99811584 0.00322562 0.06264976 0.99803507 -0.00101909 0.06275844 -0.99796796 0.01101401 0.06276226 -0.99802858 -5.796e-05 0.06292577 -0.99801821 0.00022077 0.06292874 -0.99801803 0 0.06298954 -0.99801368 0.001015 0.06310348 0.99800658 0.00094284 0.06310415 0.99800658 0.00094271 0.06548227 0.99783432 -0.00622426 0.0684485 0.00429368 -0.99764538 0.07017817 -0.85775876 -0.50923955 0.07018204 0.99753422 0.00020113 0.0701822 0.99753422 0.00020112 0.07071347 0.99749678 -0.00019197 0.07980921 0.99661571 -0.01968592 0.08017907 0.99661011 -0.01843158 0.08029324 0.99657595 0.01973094 0.0804254 0.99658567 0.01866972 0.08043554 -0.99661303 0.01710699 0.08068863 -0.99658847 -0.01734091 0.08088085 -0.9965843 0.01667131 0.08121561 -0.99655479 -0.01681062 0.08134844 -0.99653053 0.01758453 0.08173786 -0.99649328 -0.017893 0.08186162 -0.99649733 0.01707947 0.08211675 -0.99650884 0.01506425 0.08233859 -0.9964546 -0.01727798 0.0825362 -0.99647468 -0.01503261 0.0825919 0.99645388 -0.01606825 0.08301732 0.9964186 0.01606403 0.08304548 0.99654573 -0 0.08304548 0.99654579 -0 0.08314691 -0.9964183 0.01540177 0.0833747 0.99643028 -0.01324164 0.08364661 0.99640566 0.01337356 0.08365084 0.99640554 0.01336555 0.08370842 -0.99637133 -0.01540064 0.08374414 -0.99637991 0.01462975 0.0838435 -0.99640733 0.01194679 0.08406499 -0.99638635 -0.01213251 0.08411538 -0.9963932 0.01119322 0.08423492 -0.86821234 -0.48899052 0.08431099 -0.99633312 -0.01456075 0.08437251 -0.99637109 -0.01122004 0.0845686 -0.99630231 0.01515405 0.08481193 0.99639696 -2.194e-05 0.084812 0.99639702 -2.194e-05 0.0848121 0.99639696 2.224e-05 0.08492599 -0.99631268 0.01218686 0.08523461 -0.99629641 0.01133469 0.08524566 -0.99624473 -0.01515304 0.08525942 -0.99628168 -0.01240042 0.08547437 -0.99633318 0.00378649 0.08556529 -0.99632543 -0.00377086 0.08559433 -0.99626511 -0.01138252 0.08566642 0.99622101 -0.01431869 0.0859334 0.99628198 -0.00614819 0.08606289 0.99627042 0.00620194 0.08606353 0.99627036 0.00619794 0.08621871 0.99617469 0.01422674 0.0863569 0.99625689 -0.00382558 0.08644222 0.99624944 0.00382936 0.08663192 -0.99623305 0.00383777 0.0867584 -0.99622202 -0.00382344 0.08708008 0.99610686 0.01372152 0.08727077 0.99609452 -0.01339827 0.08727893 0.99609387 -0.01339359 0.08769597 -0.99606794 -0.01257401 0.08790678 -0.9960534 0.01224383 0.08849672 -0.99598879 -0.01320887 0.0886266 -0.99598271 0.01280377 0.09723768 -0.99522573 -0.00839159 0.09754208 -0.99519837 0.00810069 0.0978388 0.99516153 0.00900838 0.097904 -0.99515516 -0.00899727 0.09814148 -0.99513483 0.00865623 0.09823313 0.99512559 -0.00867936 0.09823937 0.995125 -0.00867744 0.10136107 0.99484813 0.0017416 0.10749173 -0.99419332 0.00502477 0.10797392 -0.99413818 0.00555958 0.10804969 0.99412942 -0.00564363 0.10815654 -0.99412155 -0.00496789 0.10866785 -0.99406266 -0.00553547 0.10872144 0.99405652 0.00559496 0.11113802 0.02312441 -0.99353588 0.11398874 0.01612709 -0.99335116 0.12173082 0.99235028 -0.02055427 0.12173796 0.99234945 -0.02055158 0.12174172 0.99234885 0.02056009 0.12358601 -0.99233222 0.00178694 0.12394371 -0.99228668 0.00225577 0.12446641 -0.99222249 -0.00163486 0.12483243 -0.99217558 -0.00211733 0.12545934 0.99209648 -0.00213916 0.12636386 0.99198198 0.00198753 0.12636526 0.9919818 0.00198724 0.12933917 0.99160039 -0 0.12933919 0.99160039 -0 0.14045013 0.99008763 0.00049764 0.14045051 0.99008757 0.00049764 0.14150479 0.98993742 -0.00047773 0.14152847 -0.98993415 0.00016936 0.14177127 -0.9898994 -0.00021826 0.14209312 -0.98968685 0.01815461 0.14236011 -0.98964393 -0.01840219 0.14259759 -0.98978072 -0.00018024 0.14283201 -0.98974699 0.00019509 0.14334078 -0.98950851 0.01806471 0.14334838 -0.98950768 0.01805476 0.14384748 -0.98943585 -0.01801654 0.1443125 0.98945892 -0.01203678 0.14499786 0.98936182 0.01178335 0.14527065 -0.9892664 0.01575832 0.1459346 -0.98920399 0.01335684 0.14593598 -0.98920381 0.01335715 0.14611624 -0.98914599 -0.01549847 0.14618191 -0.98916477 -0.013564 0.14685418 -0.98906654 0.01346525 0.14712188 -0.98902518 -0.01357824 0.14749636 -0.98902154 0.00900852 0.14749743 -0.98902148 0.00900273 0.1477018 -0.98899066 -0.00902996 0.14865957 -0.98878938 -0.01399519 0.1486679 -0.98878825 -0.01399027 0.14887562 -0.98885483 0.0014415 0.14890999 -0.9888497 -0.00143557 0.14917813 -0.98871821 0.01350285 0.1542594 -0.98803037 -9.92e-06 0.15425944 -0.98803031 1.011e-05 0.15468055 -0.98796445 0.00033396 0.15468393 -0.98796391 -0.00032943 0.15482669 -0.98794168 0 0.15503612 0.98790872 -0.00030939 0.15503694 0.9879086 -0.00030938 0.15503848 0.98790836 0.00031365 0.15614145 0.98738605 -0.02624364 0.15817088 0.98741174 0 0.15817088 0.9874118 0 0.16195311 -0.98676509 -0.00811684 0.16195884 -0.98676419 -0.00811503 0.16259819 -0.98666245 0.00768199 0.1650911 0.98625904 0.0061637 0.16576007 -0.98616439 0.00181103 0.16587584 0.98612827 -0.00601891 0.16587949 0.98612767 -0.00601788 0.16778332 -0.00948485 -0.98577827 0.16882341 -0.82573515 -0.5382008 0.17421864 -0.98469859 0.00405247 0.17525905 -0.98451465 -0.00390145 0.18063292 -0.983316 -0.02148296 0.18064417 -0.9833138 0.02148905 0.18167666 -0.983132 0.02109728 0.1817065 -0.98335284 0 0.18174322 -0.98312044 -0.02106185 0.18334058 0.9828366 -0.02045577 0.18334763 0.98283529 -0.0204531 0.18335131 0.98283452 0.02046158 0.18389 -0.98294467 0.0020868 0.18389143 -0.98294437 0.0020865 0.1849252 -0.98275065 -0.00190558 0.18520436 0.98269701 0.00243598 0.1861098 0.98252636 -0.0022678 0.1861112 0.98252606 -0.00226767 0.18818837 -0.88210487 -0.43182883 0.19901246 -0.97999686 -0.00040287 0.20019682 -0.97975564 0.00038233 0.20019712 -0.97975564 0.00038233 0.20514792 -0.97865552 -0.01215444 0.20514792 0.97865552 -0.01215444 0.2051495 0.9786551 0.01215971 0.20779577 -0.77132249 -0.60156679 0.20973177 -0.97770351 0.01040808 0.21055609 0.9775818 -0 0.21159296 0.97735792 -0 0.21835071 -0.97587037 0 0.21912749 -0.97569627 0.00032598 0.21923155 0.9756729 0 0.21923156 0.9756729 0 0.21965255 -0.97557819 0 0.2216211 -0.97513282 0 0.22448687 0.97447711 0 0.22456425 -0.97443944 0.00621533 0.22461912 0.97442394 -0.00665469 0.22462308 0.97442299 -0.00665356 0.22465545 0.97441548 0.00664751 0.22606748 -0.97411162 5.289e-05 0.2260679 -0.97411156 -5.362e-05 0.22606803 -0.97411156 -5.361e-05 0.22927006 -0.97334826 -0.00533656 0.22927324 -0.97334754 -0.00533565 0.23066911 0.97303218 -0.00032415 0.23123276 0.97289836 0.00015424 0.2353493 0.78372055 -0.57479805 0.2419631 -0.97004735 -0.02149055 0.2419704 -0.97004569 -0.02148774 0.24197422 -0.97004449 0.02149665 0.24266337 -0.86845148 -0.43232691 0.2432263 0.96996868 0.00128615 0.24322669 0.96996856 0.00128619 0.24550866 -0.96939164 -0.00229377 0.24551006 -0.96939129 -0.00229364 0.24669643 -0.96909058 0.00207069 0.2467505 0.96907586 -0.00250737 0.24675204 0.9690755 -0.00250722 0.24919961 0.9684518 -0.0007004 0.24936043 -0.96841073 -0.00031936 0.25022173 0.96818674 0.00185455 0.2656365 -0.96399415 -0.01235013 0.26842624 -0.96330029 -0.00015238 0.26842624 0.96330029 0.00015238 0.26874477 -0.96321136 0 0.2688489 -0.96311837 0.01110911 0.27017337 0.96258104 -0.02107835 0.27339575 0.96190161 -0 0.27705899 0.96083301 -0.00618708 0.27911261 -0.96025836 0 0.27911264 -0.96025831 0 0.28549126 0.74019945 -0.60876888 0.28600582 -0.95820791 0.00618423 0.2864176 -0.95810485 0 0.2864176 0.95810485 0 0.28816122 -0.95758188 0 0.28863308 0.95743471 -0.00310767 0.28863397 0.95743448 -0.00310794 0.28863701 0.95743376 0.0030604 0.28919065 -0.9572553 -0.00557808 0.2891939 -0.95725423 -0.00557714 0.28993276 -0.95704705 -0.00016458 0.28993276 0.95704705 0.00016458 0.29056391 0.95685548 -0.00031534 0.29088357 0.95670056 0.01052403 0.29124776 -0.95664769 -0.00016533 0.29431206 -0.9557094 -0.00016474 0.29458877 -0.9556241 -0.00019134 0.29458877 0.9556241 0.00019134 0.29508165 -0.95547199 0.00036388 0.29931259 0.95415515 -0 0.30320758 0.95292395 0.0010212 0.3032079 0.95292389 0.00102123 0.3049148 -0.95237887 -0.00118585 0.30859283 0.95119411 -0.00048559 0.3092114 -0.95099163 -0.0017493 0.30921248 -0.95099139 -0.00174921 0.30943832 -0.95091951 3.02e-06 0.31084022 -0.95046198 0.00059452 0.3110415 -0.95039529 0.00139797 0.31135103 -0.95029479 0.00054509 0.3137174 0.72927266 -0.60806471 0.32101205 0.94704372 0.00772409 0.32283908 0.94645262 -0.00148737 0.32611552 0.94521785 -0.01455172 0.32619864 0.9451924 0.01434981 0.32714784 -0.94497311 -0.00014857 0.32754323 -0.94483626 0 0.33462298 0.71223027 -0.61705399 0.33800739 0.94083917 -0.02392878 0.34742367 -0.93770337 0.0030173 0.34744132 -0.93769693 -0.00297277 0.34744215 -0.9376967 -0.00297302 0.34898558 0.93712157 -0.00349963 0.34898654 0.93712115 -0.00349993 0.3489899 0.93712014 0.0034464 0.35028878 -0.93664169 0 0.35364646 -0.93537915 -0.0001606 0.35400668 0.93524086 -0.00201233 0.35658792 -0.93426168 -0.00023167 0.3586522 0.93347126 -0 0.35932302 -0.93321323 0 0.36329594 -0.93167341 -0.00089576 0.36685628 -0.70549405 -0.60637838 0.36857447 -0.92959821 0.00036259 0.36857465 -0.92959809 0.0003626 0.36969307 0.92914265 0.00457658 0.3708401 0.52671087 -0.76488769 0.37095717 0.92864686 -0.00242437 0.38159493 0.9243297 0 0.3854295 0.92261732 -0.01487937 0.38551256 0.92258596 0.01467288 0.38692391 -0.92198378 0.01535729 0.38701478 -0.92194927 -0.01513113 0.4068552 -0.91348594 0.0034942 0.40687507 -0.9134773 -0.00344262 0.40687597 -0.91347688 -0.00344291 0.41093329 0.91166514 0.00070538 0.41093352 0.91166496 0.0007054 0.41145214 0.91143042 -0.00135442 0.41197774 0.9111917 -0.00201426 0.41385117 0.69978082 -0.58226621 0.41654858 -0.90911347 0 0.41665548 0.01717827 -0.90890211 0.42674655 0.90435719 0.00503526 0.42696881 0.00013803 -0.90426636 0.42738858 -0.90405452 -0.00493809 0.42810345 0.90372574 -0.00266683 0.4287163 -0.90343535 0.00261904 0.4290193 -0.65635681 -0.62059492 0.43687055 0.89951867 0.00319305 0.43854395 0.89870816 -0.00170374 0.43854454 0.89870793 -0.0017039 0.43948495 0.89824992 0 0.43988371 -0.89805478 0 0.44294122 -0.8964237 0.01508403 0.44302842 -0.89638442 -0.01486196 0.44496375 0.89551735 0.00747944 0.44710729 0.89438742 0.01289276 0.44711027 0.89438576 0.01290034 0.44724503 0.89429891 0.01419225 0.44724736 0.89429778 0.01419157 0.44795379 0.89398503 0.01131744 0.44831392 0.89385366 0.00634583 0.44833717 0.89384246 0.00628124 0.44833872 0.89384162 0.00627682 0.45044738 0.89279151 -0.00452196 0.45479253 0.89058262 -0.00513572 0.45515439 0.89038944 -0.00640774 0.45542151 0.89025635 -0.00590633 0.45771745 0.88905782 -0.00842377 0.46047923 0.88760984 -0.01037087 0.4656643 -0.88496143 -0.00036824 0.46593037 -0.88482106 0.00070676 0.4659307 -0.884821 0.0007068 0.46831951 0.88273728 0.03810315 0.46838629 0.8835237 0.00059061 0.46838647 0.88352352 0.00059062 0.46880716 0.88329977 -0.00113422 0.47086638 0.88220328 0.00145371 0.48578331 -0.87406945 -0.00414839 0.48686305 -0.87347555 0.00219969 0.49151307 -0.87086099 -0.00398894 0.49151406 -0.87086058 -0.00398965 0.49235877 0.87038648 0.00320724 0.49250093 -0.87028986 0.00619708 0.4935267 -0.86972791 0.00212644 0.49397624 0.86947376 -0.00171016 0.49397677 0.8694734 -0.00171032 0.49592617 -0.86836475 0 0.49973044 0.86613625 0.00880573 0.50025392 0.86582667 0.00949949 0.5002653 -0.86582011 -0.00949308 0.50139463 0.86513138 0.01229054 0.50139767 0.86512977 0.01228192 0.50154459 -0.86505806 -0.01129431 0.50176382 -0.86490083 -0.01340704 0.50203127 -0.86481601 -0.00761866 0.50216544 0.86474687 0.00652733 0.50216645 0.86474633 0.00652701 0.50228751 -0.86461502 -0.01217235 0.50328469 0.86394399 0.01747142 0.50328857 0.86394155 0.01748169 0.50422692 -0.86357021 -0.00128485 0.50522584 0.86297262 -0.00501074 0.50525177 0.86297113 0.00122975 0.50562245 -0.86275399 0.00120035 0.50658262 0.86219072 -0.00114348 0.50694573 -0.86195904 0.00572622 0.50694984 0.86195654 -0.00572389 0.50964212 -0.86035615 0.00722562 0.5096646 -0.86035001 0.0063107 0.50966752 -0.86034828 0.00631437 0.50973684 -0.86030275 0.00688361 0.51018554 0.86003757 -0.00679941 0.51178551 -0.85804033 -0.04292318 0.51362985 0.85795265 -0.01008654 0.51379341 -0.8578527 0.01025626 0.51379997 -0.8578487 0.01026105 0.51437181 0.85751063 -0.00985583 0.5185495 -0.85504752 0.00045338 0.51922286 0.85463792 0.00125905 0.51962054 -0.85434103 -0.00979616 0.52008277 -0.85411566 -0.00059245 0.52049577 -0.85386348 0.00113733 0.52049625 -0.85386324 0.0011374 0.52637571 -0.37077168 -0.76515168 0.53172845 -0.8468805 -0.00764416 0.53299874 -0.5797835 -0.6162495 0.54624259 -0.83761859 -0.00375344 0.54624349 -0.83761811 -0.00375411 0.54806596 -0.8364327 0.00200047 0.54961514 0.83462125 0.036476 0.55053616 -0.83478087 -0.00713146 0.55475998 -0.83200067 0.00403499 0.55525959 -0.83158624 -0.01229886 0.5552687 -0.83155918 -0.01363725 0.55543631 -0.83143961 -0.01409505 0.55574054 -0.83131164 -0.00856267 0.55632055 -0.83096248 -0.00297364 0.5583365 -0.82946283 0.01586688 0.55964386 -0.82872713 0.00317997 0.56394756 -0.82578057 0.0070427 0.5639506 -0.82577848 0.00704677 0.56447512 -0.82540923 0.00821495 0.56589156 -0.82443076 0.00897494 0.56589717 -0.82442695 0.00897913 0.56623942 -0.82418895 0.00923931 0.57299644 -0.81950629 -0.00919348 0.57751697 -0.81637734 -0.00147415 0.5821535 -0.81296456 -0.01363392 0.59267324 0.80210096 -0.07329765 0.59878451 -0.80091017 -0.00023376 0.61189181 0.49577397 -0.61627632 0.62763107 -0.77850991 -0.00127178 0.65296298 -0.05729581 -0.75521958 0.65463424 0.74463284 -0.13029183 0.67170465 0.10163036 -0.73381484 0.67997366 0.41171065 -0.60673726 0.68102378 -0.6814093 -0.26811925 0.68194991 0.38702634 -0.62060833 0.69484186 -0.7174508 -0.04958987 0.69920462 0.70054096 -0.14267148 0.7002371 -0.41341704 -0.582026 0.70893061 -0.35758001 -0.6079095 0.71829045 0.68990529 -0.08994205 0.72089893 -0.331572 -0.608576 0.73202151 -0.28886086 -0.61701214 0.74357593 -0.65459257 -0.13639459 0.75653821 0.25583354 -0.60182995 0.75921196 -0.6475395 0.06549657 0.77849835 0.62764496 -0.00147575 0.79753888 -0.18449132 -0.57436466 0.79953539 0.60035467 -0.01781767 0.81622154 0.57773769 -0.00127657 0.81684971 0.57559252 -0.03807905 0.81893742 -0.56800127 -0.08195149 0.81896234 0.57377356 -0.00919653 0.82001799 0.57224655 -0.01021576 0.82082373 0.5711813 0.00045477 0.82273847 0.0520194 -0.56603485 0.82336634 0.56741464 0.01041596 0.82337081 0.5674082 0.01041106 0.82637274 0.56309015 0.00611771 0.82637465 0.56308752 0.00611417 0.82657266 0.56278765 0.00689594 0.82699126 0.56219321 0.00493392 0.82706469 0.56206977 0.00644681 0.82722354 0.56183714 0.00634637 0.83070552 0.55668718 -0.00527158 0.83117187 0.55596578 -0.00742658 0.8312788 0.55569857 -0.01321389 0.8314473 0.55549216 -0.0111266 0.83153391 0.55535704 -0.01139865 0.83198696 0.55469608 -0.01048686 0.83462131 0.54961509 -0.036476 0.83600891 0.11333308 -0.53688437 0.83674681 0.54758626 0.00202749 0.83683652 0.00208114 -0.54744899 0.83690965 0.54734105 -0.00023399 0.83794588 0.54574001 -0.00380464 0.83794647 0.54573917 -0.00380397 0.841672 0.05236311 -0.53744423 0.84672743 0.53192145 0.01060063 0.85075718 -0.5255568 0.00145071 0.85404372 0.52020025 0.00105294 0.85404396 0.52019984 0.00105288 0.85427743 0.51981705 -0.00054854 0.85535681 0.51790398 0.0118408 0.8572613 -0.51479077 -0.00967403 0.85798556 6.677e-05 -0.51367378 0.85984564 -0.5105021 -0.00728627 0.86015451 -0.50999629 -0.00617835 0.86034828 0.50966752 0.00631437 0.86035001 0.5096646 0.0063107 0.8604551 0.01660357 -0.50925565 0.86045659 0.50948733 0.00608592 0.86075312 -0.50899327 -0.00546086 0.86119884 -0.50824803 -0.00451709 0.861646 0.50749207 0.00424277 0.86164755 0.50748932 0.00424079 0.86195904 0.50694573 0.00572622 0.86297113 -0.50525177 0.00122975 0.86299008 0.50519615 0.005002 0.86310256 0.50502521 -0.00189154 0.86378604 0.50353479 -0.018064 0.86414474 -0.50302428 0.01484671 0.86414689 -0.503021 0.014838 0.86461204 -0.50236875 0.00845869 0.86461282 -0.50236744 0.0084591 0.86469394 0.50226527 -0.0058321 0.86472631 -0.5021404 0.01016804 0.8647278 -0.5021379 0.01017519 0.86480707 -0.50195962 0.01204924 0.86496556 -0.50181746 -0.00369198 0.86512095 0.50141305 -0.01227918 0.86582011 0.5002653 -0.00949308 0.86611539 0.49976602 -0.00883285 0.86727917 -0.49777955 0.00650674 0.8685326 0.08680218 -0.48797181 0.86857736 0.49555352 -0 0.86857754 0.24251899 -0.43215466 0.86932874 -0.494232 -0.00147374 0.86932898 -0.49423149 -0.0014736 0.86947376 0.49397624 0.00171016 0.87011731 -0.49283701 0.00276486 0.870386 0.49235949 -0.00320782 0.87038648 0.49235877 -0.00320724 0.87047786 0.01996305 -0.49180239 0.87100446 -0.02030256 -0.49085546 0.87118721 0.49014223 0.02816743 0.87383509 0.48621729 0.00226468 0.87444437 0.48510692 -0.00427007 0.8764382 0.03045867 -0.48055011 0.88205057 0.18724199 -0.43235081 0.88311648 -0.46915108 -0.00157679 0.88329798 0.4688105 0.00113377 0.88329828 0.46881005 0.0011337 0.88342804 -0.46856621 0.00082079 0.88342816 -0.46856588 0.00082077 0.88352454 0.46838471 -0.00059075 0.88564134 -0.46436822 0.00125798 0.88944316 -0.45696747 -0.00846652 0.88944608 -0.4569529 -0.00892959 0.88963449 -0.45659834 -0.00826823 0.89043379 -0.45505631 -0.00718419 0.89235127 -0.45133686 -0.00205907 0.89360464 -0.44884911 0.00222727 0.89485455 -0.44617784 0.01267774 0.8948561 -0.44617489 0.0126703 0.89504027 -0.44587627 0.00986708 0.89504099 -0.4458746 0.00986755 0.89509612 -0.44574133 0.01084469 0.89509743 -0.44573858 0.01085229 0.89531296 -0.44542089 -0.00385549 0.89543295 -0.44508591 0.00992004 0.8955906 -0.44477728 0.0095248 0.89614815 0.443501 -0.01501268 0.89618796 0.44341302 0.01523702 0.89803374 -0.43992066 -0.00229679 0.8980341 -0.43991989 -0.00229657 0.89815438 -0.43968019 0 0.89824992 0.43948495 -0 0.89912242 -0.43767604 0.00430732 0.90297794 -0.42968059 -0.00234316 0.90353805 -0.42848495 0.00442584 0.9037261 0.42810273 0.00266811 0.90435606 0.4267492 -0.00503068 0.90901619 0.41676077 0 0.91110212 -0.41217577 -0.00201827 0.91174257 -0.41076201 -0.00049464 0.91182798 -0.41057247 0.00025757 0.91182798 -0.41057235 0.00025757 0.91312534 -0.40593469 0.03767282 0.91425639 0.40512571 -0.0028955 0.91425669 0.4051249 -0.00289525 0.91426408 0.40510821 0.00293863 0.91907871 -0.39398199 0.00851901 0.92133188 0.38818896 0.02137508 0.92258489 0.38551506 -0.01466662 0.92261833 0.38542691 0.01488582 0.9226743 -0.38530356 0.01460814 0.92270547 -0.38522092 -0.01481374 0.92334026 -0.38398287 0 0.92833656 -0.3717306 -0.00279122 0.92862797 0.37101185 0.00050484 0.928909 -0.37027061 0.00527021 0.92892963 0.37025598 0.00057964 0.93103367 0.36493137 -0.00112272 0.93347126 0.3586522 0 0.93350428 -0.35856628 0 0.93409699 0.35701934 -0.00016213 0.93449634 0.35597238 -0.00023701 0.93505031 0.35451475 -9.321e-05 0.93522644 0.35405001 -0 0.9352479 -0.35398781 -0.00201174 0.93569857 0.35280067 -0.00016022 0.93695211 0.34945783 -0 0.93711674 0.34899884 -0.00344748 0.9371171 0.34899786 -0.00344719 0.93712461 0.34897748 0.00349883 0.93716335 -0.34878907 -0.00843035 0.93733573 -0.34841207 0.00327017 0.93733674 -0.34840885 -0.00332096 0.9373371 -0.34840795 -0.00332068 0.94083917 0.33800736 0.02392878 0.94327074 0.33202457 -0.00015078 0.94483626 0.32754323 0 0.94503444 -0.32663962 0.01471423 0.94506061 -0.32655448 -0.01492125 0.94697076 -0.32122621 0.00776334 0.95073563 0.31000254 -0.00031711 0.9508884 -0.30680373 -0.04101992 0.95095646 -0.30932444 -0.00052104 0.95119405 0.30859303 0.0004856 0.95119411 0.30859283 0.00048559 0.95147735 0.30771285 -0.00189179 0.95147777 0.30771175 -0.00189189 0.95245767 0.30466086 0.00247701 0.95269322 -0.30393165 0.00105625 0.9526934 -0.30393139 0.00105622 0.95292395 0.30320758 -0.0010212 0.95422405 -0.2990928 0 0.9555521 -0.29482239 0.00018007 0.9556241 0.29458877 -0.00019134 0.95681137 -0.29070914 -0.00031704 0.95704705 0.28993276 -0.00016458 0.95775783 -0.28756052 0.0029572 0.95775861 -0.2875576 -0.00300313 0.9577589 -0.28755677 -0.00300287 0.95787394 0.28712985 0.00582679 0.95789623 -0.2871148 0 0.95810485 0.2864176 -0 0.95829207 0.2857255 -0.00609421 0.9582932 0.28572193 -0.00609525 0.9597885 0.28072402 -0 0.9599418 0.28019944 0.00032929 0.96018624 0.27936053 -0 0.96081638 -0.2771163 -0.00620785 0.96321136 0.26874477 0 0.96330029 0.26842624 -0.00015238 0.9633019 -0.26842007 0 0.96372372 0.26665071 -0.0115759 0.96405625 0.26542464 0.01205727 0.96787423 0.2514292 0.00162732 0.9681865 0.25022286 -0.00185445 0.96818674 0.25022173 -0.00185455 0.96819127 -0.25020543 -0.00171351 0.9681915 -0.25020438 -0.0017136 0.9681915 -0.25020438 0.0017136 0.96827257 0.2498965 -7.9e-07 0.96852368 -0.24892022 -0.0007269 0.96855313 -0.24880581 -0.00073775 0.96900511 0.24627344 -0.01945211 0.96901989 0.24621285 0.01948482 0.96940649 0.24463737 0.02009167 0.96940917 0.24462698 -0.02008598 0.97004163 -0.24293518 0.00131423 0.97004169 -0.24293476 0.00131419 0.97209817 0.23457398 0.00037743 0.97287047 -0.23135038 0.00021826 0.9730739 -0.23049362 0.00013733 0.97328633 -0.22959442 -0.00031205 0.97417712 -0.2256967 -0.00632294 0.97417802 -0.2256929 -0.00632401 0.97432572 0.22514299 -0 0.97439122 0.22485951 0 0.97441548 0.22465545 0.00664751 0.97442245 -0.22462919 0.00652298 0.97442299 0.22462308 -0.00665356 0.97442394 0.22461912 -0.00665469 0.97447711 -0.22448687 0 0.97492421 0.22253706 0 0.97492427 0.22253706 0 0.97542065 -0.22035104 0 0.9756729 0.21923155 -0 0.9756729 0.21923156 -0 0.97568393 -0.21918207 0 0.97568399 -0.21918209 0 0.97593969 0.2180405 0.00012115 0.97593987 0.21803981 -0.00011883 0.97724473 -0.21211512 0 0.9775818 -0.21055609 0 0.97845823 -0.20610924 0.01176815 0.97865516 0.20514953 0.01215971 0.97865552 0.20514792 -0.01215444 0.97865719 -0.20514129 -0.01213223 0.97982931 0.19983579 0.00028535 0.97983843 0.19979106 0.00021339 0.98006982 0.19865347 -0.00030434 0.98007798 0.19861306 -0.00023936 0.9803676 0.19707623 0.00634734 0.98220706 -0.18778934 -0.00211238 0.98220736 -0.18778804 -0.0021125 0.98246759 -0.18641829 0.00236672 0.98249125 0.18630157 -0.00163145 0.98249257 0.18629485 -0.00162245 0.98268801 0.18525916 0.00181445 0.98268902 0.18525383 0.00180928 0.98283452 0.18335128 0.02046157 0.98283529 0.18334763 -0.0204531 0.98283648 -0.18334308 0.02044259 0.9828366 0.18334058 -0.02045577 0.98283732 -0.1833394 -0.02043412 0.98283851 -0.18333235 -0.02043679 0.98373878 0.17959927 0.0014672 0.98475444 0.17389753 -0.00428146 0.98476791 0.17382289 -0.00419764 0.9849388 0.17284711 0.00440846 0.98494941 0.17278859 0.00434279 0.98615593 -0.16570474 -0.00620207 0.98615652 -0.16570097 -0.00620312 0.98628664 -0.164919 0.00634722 0.98651987 0.16358416 0.00433132 0.98703694 0.16027299 0.00840738 0.98705828 0.16014752 0.00828918 0.98712283 0.15971678 -0.00888699 0.98715413 0.15953285 -0.00872263 0.9875443 -0.15734071 0 0.98757219 -0.15716597 0 0.98777807 -0.1558663 0.00032377 0.98777837 -0.1558647 -0.00031936 0.98777843 -0.15586385 -0.00031937 0.9879083 0.15503931 -0.00031364 0.98790836 0.15503848 -0.00031365 0.98790872 0.15503612 0.00030939 0.98831105 0.15197286 0.0120624 0.98834115 0.15178841 0.01192046 0.9883793 0.15148354 -0.01261029 0.9884215 0.15122546 -0.01240099 0.98883182 0.1490292 -0.00144091 0.98883891 0.1489819 0.00144629 0.98888731 0.14866062 -0.00142438 0.98889244 0.14862654 0.00143027 0.98896605 0.14786495 -0.0090517 0.98900783 0.14707287 -0.01526389 0.98900896 0.14758103 0.00901387 0.98902774 0.14745609 -0.00899722 0.98904616 0.14705697 -0.01272502 0.98905838 0.14725143 0.00897586 0.98906052 0.14674084 -0.015049 0.98910755 0.14665429 -0.01259635 0.98911434 0.14659745 0.01272481 0.98914409 0.14613256 0.01546544 0.98915881 0.14630619 0.01262201 0.98917776 0.14596952 -0.01484219 0.98918062 0.14590122 0.01531522 0.98923987 0.14557315 0.01458792 0.9892441 0.1455293 -0.01474432 0.98928666 0.14526202 0.01451953 0.98946637 0.1437225 -0.01732437 0.98952657 -0.14383039 0.01224231 0.98953128 0.14329663 -0.01714623 0.98953861 0.14324763 0.01712574 0.98958266 0.14295761 0.01700443 0.98962212 -0.14315021 -0.01249342 0.98975241 -0.14279316 -0.00048032 0.98975402 0.14278166 0.00046187 0.98975402 0.14278202 0.00046186 0.98976046 0.14136493 -0.01975283 0.98982507 0.14094281 -0.0195294 0.98982805 0.14093831 0.01941261 0.98987055 0.14066 0.01926617 0.98987472 -0.14194323 0.00049757 0.98987472 -0.14194286 0.00049757 0.98987591 0.14193456 -0.00047894 0.9909898 -0.13386962 0.00425154 0.99160039 -0.12933919 0 0.99160039 -0.12933917 0 0.99160039 0.12933917 0 0.99160039 0.12933919 0 0.992594 -0.11958101 0.02138784 0.99259466 -0.11957709 -0.021379 0.9926514 -0.11906867 0.02158058 0.99265295 -0.11905722 -0.02157447 0.99289519 0.11895713 -0.00290988 0.99297619 0.11827666 0.00300192 0.99297631 0.11827452 0.00300234 0.99299765 -0.11809542 0.00301549 0.99299788 -0.1180933 0.00301592 0.99307925 -0.11740535 -0.00310821 0.99345809 0.11413126 -0.00389619 0.99346423 -0.11407945 0.00383861 0.99353701 0.11343862 0.00397535 0.99354309 -0.11338777 -0.00391887 0.99450547 -0.10468479 0 0.9950276 -0.0995888 0.00149934 0.99513036 -0.09818847 -0.00863063 0.99513042 0.09818312 0.00869482 0.99513096 -0.09818227 -0.00863256 0.99515605 0.09789645 -0.00899032 0.99515659 0.09789005 -0.00899232 0.9951669 -0.09778778 0.00896108 0.99584526 -0.0910615 7.722e-05 0.99601859 -0.08914667 -5.288e-05 0.99602914 -0.08866777 -0.00800289 0.99604976 -0.087826 -0.01309688 0.99605036 -0.08781798 -0.01310148 0.99606764 0.08755821 -0.01352184 0.9960683 0.08755008 -0.01352661 0.99607348 -0.08749877 0.01347591 0.99609464 0.08727116 0.01338756 0.99620229 0.08584862 -0.01452403 0.99620855 -0.08578321 0.01448216 0.99622196 0.08565719 0.01431281 0.99622923 -0.08668012 0.00372696 0.99623013 0.08666536 -0.00381934 0.99623644 -0.08659707 -0.00372339 0.99623674 -0.0865572 0.0044962 0.9962368 -0.08655674 0.0044991 0.99623811 0.08657329 0.00383517 0.99624085 0.08648585 -0.00494255 0.99624515 -0.08646271 -0.00446059 0.99625069 0.0863732 0.00492751 0.99625075 0.08637263 0.00493067 0.99626154 -0.0851385 -0.01463818 0.99639803 -0.08479983 0 0.99640566 0.08364661 -0.01337356 0.99641317 -0.08354507 0.01345371 0.99641341 -0.08354083 0.01346176 0.99642897 0.08340247 0.01316887 0.99642909 0.08340108 0.01316856 0.99643809 -0.08326747 -0.01332869 0.99645692 0.08273847 -0.01509611 0.99645865 -0.08273882 0.01498409 0.99648952 -0.08237136 -0.01495027 0.99649131 0.08231727 0.01512789 0.99649185 0.08231087 0.01513622 0.99655586 -0.08292351 -0.00021772 0.99656641 -0.08073594 0.0183576 0.99658459 0.08043867 -0.01867669 0.99661118 0.08016607 0.01842479 0.99661511 -0.08012259 -0.01840205 0.99667084 0.07901187 -0.02011206 0.99668574 -0.07876439 0.02033887 0.99670583 0.07861127 0.0199455 0.99671435 -0.07848588 -0.02000627 0.99672586 -0.08085435 0.0002357 0.99704432 -0.07682728 -0.00020807 0.99706364 -0.07657792 0.00018865 0.99711293 -0.07593261 0.00026247 0.99713194 -0.07568187 -0.00014095 0.99797547 -0.06358029 0.00156283 0.99799645 -0.06325904 0.0011439 0.99799925 -0.06320654 -0.00161368 0.99801219 0.06299833 0.00171187 0.99801779 0.06293081 0.00044935 0.99801838 0.06292236 -1.331e-05 0.9980197 -0.0628918 -0.00120219 0.99802089 0.06288377 -0.00013946 0.99803007 0.06273594 0.0004123 0.99803019 0.06273596 -7.821e-05 0.9981879 0.06017538 -0.00024877 0.99820876 0.05982634 -0.00028111 0.99883229 -0.0480809 0.00471958 0.99884731 -0.04776983 -0.00470904 0.99885315 -0.04768663 0.00428305 0.99886733 -0.04738826 -0.00428688 0.99929243 -0.03537887 -0.01277064 0.99940324 -0.03330209 -0.00917145 0.99940324 -0.03325022 0.00935914 0.99942207 -0.03284812 -0.00874945 0.99942333 -0.03276689 0.00891467 0.99957067 -0.02661026 0.01225954 0.9995755 -0.0265079 -0.01208678 0.99959069 -0.02605022 0.01182963 0.99959415 -0.02597545 -0.01168847 0.99963576 -0.02275421 0.01451197 0.99964374 -0.0224807 -0.01438765 0.99965566 -0.02212369 0.01410984 0.99966204 -0.02189595 -0.01401341 0.999668 -0.01905766 0.0173405 0.9996686 -0.01783258 0.0185696 0.99967545 -0.01914658 0.01680368 0.99967617 -0.01882785 -0.01711938 0.99967718 -0.01733908 -0.01857462 0.99967796 -0.0193606 0.0163985 0.99968398 -0.01873281 -0.01676569 0.99968714 -0.01902073 -0.01624606 0.99968737 -0.0183589 0.01697455 0.99968755 -0.01707362 0.01825687 0.99969375 -0.01818432 -0.01678432 0.99969423 -0.01664649 -0.01828599 0.99969459 -0.01834754 0.01655487 0.99969691 -0.01852476 0.01622161 0.99970132 -0.01799593 -0.01653498 0.99970424 -0.01825116 -0.01607399 0.99972159 -0.02213098 0.00818443 0.99972594 -0.0219594 -0.00811374 0.99972862 -0.0232765 0.00103114 0.99972916 -0.02325344 -0.00103012 0.99974054 -0.02129855 0.00806954 0.99974406 -0.02115786 -0.00800886 0.99974757 -0.02244806 0.00099444 0.99974787 -0.02242951 -0.00099362 0.99980855 -0.00349015 0.01925439 0.99999511 -0.00310944 -0.00028059 0.99999613 -0.00276561 -0.00024879 0.99999744 -0.00010236 0.00226681 0.99999946 -7.617e-05 -0.00108947 1 -0.00010236 -6.891e-05 1 0 -0.00014305 1 0 -3.335e-05</float_array>
          <technique_common>
            <accessor source="#normals-array" count="1857" stride="3">
              <param name="X" type="float" />
              <param name="Y" type="float" />
              <param name="Z" type="float" />
            </accessor>
          </technique_common>
        </source>
        <vertices id="vertices">
          <input semantic="POSITION" source="#positions" />
        </vertices>
        <triangles count="2662" material="MATERIAL">
          <input semantic="VERTEX" source="#vertices" offset="0" />
          <input semantic="NORMAL" source="#normals" offset="1" />
          <p>0 1123 1 1123 2 1123 1 720 3 720 2 720 4 618 3 618 1 618 4 446 5 446 3 446 6 443 5 443 4 443 6 40 7 40 5 40 8 8 7 8 6 8 9 191 10 191 11 191 12 186 10 186 9 186 13 277 10 277 12 277 13 336 14 336 10 336 15 461 14 461 13 461 15 602 16 602 14 602 16 1130 17 1130 18 1130 17 874 16 874 15 874 19 1667 20 1667 21 1667 20 1659 22 1659 21 1659 23 1564 24 1564 19 1564 24 1592 20 1592 19 1592 25 1384 26 1384 23 1384 26 1382 24 1382 23 1382 26 799 27 799 28 799 27 975 26 975 25 975 29 725 30 725 31 725 32 724 30 724 29 724 33 1236 34 1236 31 1236 34 1202 29 1202 31 1202 35 1437 36 1437 33 1437 36 1411 34 1411 33 1411 37 1720 38 1720 35 1720 38 1749 36 1749 35 1749 39 912 40 912 41 912 40 928 42 928 41 928 43 1559 44 1559 45 1559 46 1429 44 1429 43 1429 46 1366 40 1366 44 1366 42 1243 40 1243 46 1243 43 1853 47 1853 48 1853 43 1855 45 1855 47 1855 49 1374 50 1374 51 1374 48 1395 50 1395 49 1395 48 1527 47 1527 50 1527 49 939 52 939 53 939 51 937 52 937 49 937 52 612 54 612 53 612 52 487 55 487 54 487 55 424 56 424 54 424 55 299 57 299 56 299 57 3 58 3 56 3 58 2 59 2 56 2 58 433 60 433 59 433 58 454 39 454 60 454 39 584 41 584 60 584 32 926 29 926 52 926 61 925 32 925 52 925 51 926 62 926 52 926 62 926 63 926 52 926 63 925 61 925 52 925 29 926 34 926 52 926 1 926 0 926 51 926 4 925 1 925 51 925 0 926 64 926 51 926 64 926 62 926 51 926 34 926 55 926 52 926 50 926 4 926 51 926 47 926 4 926 50 926 36 926 57 926 55 926 34 925 36 925 55 925 6 926 4 926 47 926 36 925 38 925 57 925 38 926 65 926 57 926 65 926 66 926 57 926 66 926 58 926 57 926 67 926 68 926 47 926 45 926 67 926 47 926 69 925 8 925 47 925 68 926 69 926 47 926 8 926 6 926 47 926 70 926 58 926 66 926 71 925 58 925 70 925 45 925 72 925 67 925 22 926 58 926 71 926 45 926 9 926 72 926 20 926 58 926 22 926 45 926 12 926 9 926 24 926 58 926 20 926 45 926 13 926 12 926 45 926 44 926 13 926 39 926 58 926 24 926 44 926 15 926 13 926 26 926 39 926 24 926 44 926 40 926 15 926 39 926 26 926 28 926 73 926 39 926 28 926 40 926 74 926 17 926 40 926 17 926 15 926 75 926 39 926 73 926 40 925 76 925 74 925 76 926 40 926 75 926 40 926 39 926 75 926 77 100 78 100 79 100 80 98 77 98 79 98 77 93 81 93 78 93 82 86 77 86 80 86 77 89 83 89 81 89 84 83 77 83 82 83 77 72 85 72 83 72 86 69 77 69 84 69 77 70 87 70 85 70 88 65 77 65 86 65 89 53 77 53 88 53 77 56 90 56 87 56 77 96 91 96 90 96 92 91 77 91 89 91 77 113 93 113 91 113 94 111 77 111 92 111 77 120 95 120 93 120 96 123 77 123 94 123 97 129 77 129 96 129 77 133 98 133 95 133 77 145 99 145 98 145 100 142 77 142 97 142 77 147 101 147 99 147 102 151 77 151 100 151 77 176 103 176 101 176 104 177 77 177 102 177 104 201 103 201 77 201 104 226 105 226 103 226 105 205 106 205 103 205 107 203 105 203 104 203 105 219 108 219 106 219 109 218 105 218 107 218 105 233 110 233 108 233 111 232 105 232 109 232 105 253 112 253 110 253 113 254 105 254 111 254 114 259 105 259 113 259 105 258 115 258 112 258 116 274 115 274 105 274 114 266 116 266 105 266 117 285 118 285 114 285 118 279 116 279 114 279 118 292 119 292 116 292 117 303 120 303 118 303 120 319 121 319 118 319 122 305 119 305 118 305 123 320 122 320 118 320 121 310 123 310 118 310 121 339 124 339 123 339 124 331 125 331 123 331 126 332 124 332 121 332 124 362 127 362 125 362 128 359 124 359 126 359 129 382 130 382 124 382 130 372 127 372 124 372 128 375 131 375 124 375 131 397 132 397 124 397 132 405 133 405 124 405 134 385 135 385 124 385 135 391 136 391 124 391 136 388 129 388 124 388 133 406 137 406 124 406 137 404 138 404 124 404 138 402 139 402 124 402 139 399 140 399 124 399 140 395 141 395 124 395 141 389 134 389 124 389 142 90 143 90 144 90 145 88 142 88 144 88 142 78 146 78 143 78 147 75 142 75 145 75 142 76 148 76 146 76 149 73 142 73 147 73 142 66 150 66 148 66 151 62 142 62 149 62 142 61 152 61 150 61 153 60 142 60 151 60 154 50 142 50 153 50 142 51 155 51 152 51 142 84 156 84 155 84 157 79 142 79 154 79 142 110 158 110 156 110 159 109 142 109 157 109 142 118 160 118 158 118 161 121 142 121 159 121 162 127 142 127 161 127 142 130 163 130 160 130 142 144 164 144 163 144 165 140 142 140 162 140 142 146 166 146 164 146 167 150 142 150 165 150 142 184 168 184 166 184 169 185 142 185 167 185 169 224 168 224 142 224 169 223 170 223 168 223 170 199 171 199 168 199 172 198 170 198 169 198 170 219 173 219 171 219 174 218 170 218 172 218 170 233 175 233 173 233 176 231 170 231 174 231 170 253 177 253 175 253 178 255 170 255 176 255 179 259 170 259 178 259 170 258 180 258 177 258 181 271 180 271 170 271 179 264 181 264 170 264 182 286 183 286 179 286 183 280 181 280 179 280 183 291 184 291 181 291 182 304 185 304 183 304 185 319 186 319 183 319 187 305 184 305 183 305 188 320 187 320 183 320 186 310 188 310 183 310 186 339 189 339 188 339 189 331 190 331 188 331 191 332 189 332 186 332 189 362 192 362 190 362 193 360 189 360 191 360 194 382 195 382 189 382 195 372 192 372 189 372 193 376 196 376 189 376 196 397 197 397 189 397 197 405 198 405 189 405 199 386 200 386 189 386 200 392 201 392 189 392 201 388 194 388 189 388 198 406 202 406 189 406 202 404 203 404 189 404 203 402 204 402 189 402 204 399 205 399 189 399 205 395 206 395 189 395 206 390 199 390 189 390 207 398 208 398 209 398 210 396 207 396 209 396 207 400 211 400 208 400 212 393 207 393 210 393 207 408 213 408 211 408 214 387 207 387 212 387 207 403 215 403 213 403 216 384 207 384 214 384 207 409 217 409 215 409 218 394 207 394 216 394 207 383 219 383 217 383 220 380 207 380 218 380 207 377 221 377 219 377 222 374 207 374 220 374 207 361 223 361 221 361 224 364 207 364 222 364 224 333 225 333 207 333 225 340 226 340 207 340 226 334 223 334 207 334 225 309 227 309 226 309 227 317 228 317 226 317 229 318 227 318 225 318 227 300 230 300 228 300 231 302 227 302 229 302 227 287 232 287 230 287 233 293 227 293 231 293 233 278 232 278 227 278 234 276 235 276 233 276 235 276 232 276 233 276 236 257 235 257 234 257 235 257 237 257 232 257 238 251 237 251 235 251 239 206 240 206 235 206 240 217 241 217 235 217 241 235 238 235 235 235 236 252 242 252 235 252 242 229 243 229 235 229 243 220 244 220 235 220 244 207 245 207 235 207 245 228 239 228 235 228 245 187 246 187 239 187 246 181 247 181 239 181 248 180 246 180 245 180 249 103 250 103 246 103 250 102 251 102 246 102 251 80 252 80 246 80 252 74 253 74 246 74 253 59 254 59 246 59 254 97 255 97 246 97 255 116 256 116 246 116 256 125 257 125 246 125 257 131 258 131 246 131 258 139 259 139 246 139 248 149 260 149 246 149 260 143 261 143 246 143 261 134 262 134 246 134 262 124 263 124 246 124 263 115 264 115 246 115 264 105 265 105 246 105 265 63 266 63 246 63 266 77 267 77 246 77 267 92 268 92 246 92 268 104 269 104 246 104 269 106 270 106 246 106 270 108 271 108 246 108 271 107 249 107 246 107 259 153 247 153 246 153 272 398 273 398 274 398 275 396 272 396 274 396 272 401 276 401 273 401 277 393 272 393 275 393 272 407 278 407 276 407 279 387 272 387 277 387 272 403 280 403 278 403 281 384 272 384 279 384 272 409 282 409 280 409 283 394 272 394 281 394 272 383 284 383 282 383 285 380 272 380 283 380 272 377 286 377 284 377 287 373 272 373 285 373 272 361 288 361 286 361 289 363 272 363 287 363 289 333 290 333 272 333 290 340 291 340 272 340 291 334 288 334 272 334 290 309 292 309 291 309 292 317 293 317 291 317 294 318 292 318 290 318 292 300 295 300 293 300 296 301 292 301 294 301 292 287 297 287 295 287 298 294 292 294 296 294 298 281 297 281 292 281 299 267 300 267 298 267 300 267 297 267 298 267 301 257 300 257 299 257 300 257 302 257 297 257 303 251 302 251 300 251 304 204 305 204 300 204 305 217 306 217 300 217 306 235 303 235 300 235 301 250 307 250 300 250 307 230 308 230 300 230 308 220 309 220 300 220 309 202 310 202 300 202 310 225 304 225 300 225 310 200 311 200 304 200 311 179 312 179 304 179 313 178 311 178 310 178 314 87 315 87 311 87 315 82 316 82 311 82 316 68 317 68 311 68 317 64 318 64 311 64 318 52 319 52 311 52 319 81 320 81 311 81 320 114 321 114 311 114 321 122 322 122 311 122 322 128 323 128 311 128 323 135 324 135 311 135 313 148 325 148 311 148 325 141 326 141 311 141 326 132 327 132 311 132 327 119 328 119 311 119 328 112 329 112 311 112 329 95 330 95 311 95 330 57 331 57 311 57 331 67 332 67 311 67 332 71 333 71 311 71 333 85 334 85 311 85 334 94 335 94 311 94 335 101 336 101 311 101 336 99 314 99 311 99 324 152 312 152 311 152 337 818 338 818 339 818 340 819 337 819 339 819 337 822 341 822 338 822 342 825 337 825 340 825 337 823 343 823 341 823 344 827 337 827 342 827 337 835 345 835 343 835 346 836 337 836 344 836 337 840 347 840 345 840 348 841 337 841 346 841 337 839 349 839 347 839 350 843 337 843 348 843 337 826 351 826 349 826 352 831 337 831 350 831 337 808 353 808 351 808 354 806 337 806 352 806 337 803 355 803 353 803 356 805 337 805 354 805 337 795 357 795 355 795 358 796 337 796 356 796 337 785 359 785 357 785 360 786 337 786 358 786 337 771 361 771 359 771 362 766 337 766 360 766 337 738 363 738 361 738 364 737 337 737 362 737 364 712 363 712 337 712 364 684 365 684 363 684 365 713 366 713 363 713 367 715 365 715 364 715 365 691 368 691 366 691 369 690 365 690 367 690 365 670 370 670 368 670 371 675 365 675 369 675 365 659 372 659 370 659 373 660 365 660 371 660 374 648 365 648 373 648 365 648 375 648 372 648 376 627 377 627 374 627 378 639 365 639 374 639 377 631 378 631 374 631 365 639 378 639 375 639 377 619 379 619 378 619 376 609 380 609 377 609 380 587 381 587 377 587 382 607 379 607 377 607 383 586 382 586 377 586 381 596 383 596 377 596 381 563 384 563 383 563 384 570 385 570 383 570 386 568 384 568 381 568 384 541 387 541 385 541 388 543 384 543 386 543 389 525 390 525 384 525 390 535 387 535 384 535 388 532 391 532 384 532 391 509 392 509 384 509 392 502 393 502 384 502 394 522 395 522 384 522 395 524 396 524 384 524 396 519 389 519 384 519 393 504 397 504 384 504 397 499 398 499 384 499 398 507 399 507 384 507 399 510 400 510 384 510 400 512 401 512 384 512 401 515 394 515 384 515 402 818 403 818 404 818 405 819 402 819 404 819 402 821 406 821 403 821 407 825 402 825 405 825 402 824 408 824 406 824 409 827 402 827 407 827 402 835 410 835 408 835 411 836 402 836 409 836 402 840 412 840 410 840 413 841 402 841 411 841 402 839 414 839 412 839 415 843 402 843 413 843 402 826 416 826 414 826 417 831 402 831 415 831 402 808 418 808 416 808 419 807 402 807 417 807 402 803 420 803 418 803 421 804 402 804 419 804 402 795 422 795 420 795 423 796 402 796 421 796 402 784 424 784 422 784 425 786 402 786 423 786 402 770 426 770 424 770 427 766 402 766 425 766 402 738 428 738 426 738 429 736 402 736 427 736 429 711 428 711 402 711 429 684 430 684 428 684 430 713 431 713 428 713 432 714 430 714 429 714 430 691 433 691 431 691 434 690 430 690 432 690 430 670 435 670 433 670 436 676 430 676 434 676 430 659 437 659 435 659 438 658 430 658 436 658 439 648 430 648 438 648 430 648 440 648 437 648 441 626 442 626 439 626 443 639 430 639 439 639 442 631 443 631 439 631 430 639 443 639 440 639 442 619 444 619 443 619 441 608 445 608 442 608 445 587 446 587 442 587 447 607 444 607 442 607 448 586 447 586 442 586 446 596 448 596 442 596 446 563 449 563 448 563 449 570 450 570 448 570 451 568 449 568 446 568 449 541 452 541 450 541 453 542 449 542 451 542 454 525 455 525 449 525 455 535 452 535 449 535 453 531 456 531 449 531 456 509 457 509 449 509 457 502 458 502 449 502 459 521 460 521 449 521 460 523 461 523 449 523 461 519 454 519 449 519 458 504 462 504 449 504 462 499 463 499 449 499 463 507 464 507 449 507 464 510 465 510 449 510 465 512 466 512 449 512 466 514 459 514 449 514 467 1050 468 1050 469 1050 470 1049 467 1049 469 1049 471 1036 467 1036 470 1036 467 1041 472 1041 468 1041 473 1035 467 1035 471 1035 467 1038 474 1038 472 1038 475 1019 467 1019 473 1019 467 1023 476 1023 474 1023 477 1011 467 1011 475 1011 467 1013 478 1013 476 1013 479 1009 467 1009 477 1009 467 1010 480 1010 478 1010 481 1031 467 1031 479 1031 467 1037 482 1037 480 1037 483 1057 467 1057 481 1057 467 1056 484 1056 482 1056 485 1062 467 1062 483 1062 467 1061 486 1061 484 1061 487 1067 467 1067 485 1067 467 1070 488 1070 486 1070 489 1078 467 1078 487 1078 467 1080 490 1080 488 1080 491 1094 467 1094 489 1094 467 1090 492 1090 490 1090 493 1115 467 1115 491 1115 467 1116 494 1116 492 1116 493 1119 494 1119 467 1119 495 1139 496 1139 493 1139 496 1166 494 1166 493 1166 496 1141 497 1141 494 1141 498 1159 496 1159 495 1159 496 1155 499 1155 497 1155 496 1176 500 1176 499 1176 501 1169 496 1169 498 1169 502 1189 496 1189 501 1189 496 1188 503 1188 500 1188 504 1198 496 1198 502 1198 496 1196 505 1196 503 1196 506 1227 507 1227 504 1227 507 1220 508 1220 504 1220 508 1209 496 1209 504 1209 508 1219 505 1219 496 1219 507 1234 509 1234 508 1234 510 1267 511 1267 507 1267 512 1255 510 1255 507 1255 506 1244 513 1244 507 1244 513 1266 512 1266 507 1266 511 1246 509 1246 507 1246 514 1288 510 1288 512 1288 515 1282 514 1282 512 1282 514 1280 516 1280 510 1280 517 1306 514 1306 515 1306 514 1308 518 1308 516 1308 519 1334 520 1334 514 1334 520 1317 518 1317 514 1317 517 1320 521 1320 514 1320 521 1347 522 1347 514 1347 522 1342 523 1342 514 1342 524 1329 525 1329 514 1329 525 1330 526 1330 514 1330 526 1326 519 1326 514 1326 523 1344 527 1344 514 1344 527 1352 528 1352 514 1352 528 1345 529 1345 514 1345 529 1340 530 1340 514 1340 530 1337 531 1337 514 1337 531 1331 524 1331 514 1331 532 1040 533 1040 534 1040 535 1039 532 1039 534 1039 536 1027 532 1027 535 1027 532 1030 537 1030 533 1030 538 1025 532 1025 536 1025 532 1026 539 1026 537 1026 540 1012 532 1012 538 1012 532 1014 541 1014 539 1014 542 1007 532 1007 540 1007 532 1008 543 1008 541 1008 544 1005 532 1005 542 1005 532 1006 545 1006 543 1006 546 1024 532 1024 544 1024 532 1029 547 1029 545 1029 548 1055 532 1055 546 1055 532 1054 549 1054 547 1054 550 1059 532 1059 548 1059 532 1058 551 1058 549 1058 552 1066 532 1066 550 1066 532 1069 553 1069 551 1069 554 1077 532 1077 552 1077 532 1079 555 1079 553 1079 556 1093 532 1093 554 1093 532 1089 557 1089 555 1089 558 1118 532 1118 556 1118 532 1117 559 1117 557 1117 558 1140 559 1140 532 1140 560 1138 561 1138 558 1138 561 1162 559 1162 558 1162 561 1137 562 1137 559 1137 563 1159 561 1159 560 1159 561 1155 564 1155 562 1155 561 1177 565 1177 564 1177 566 1169 561 1169 563 1169 567 1189 561 1189 566 1189 561 1187 568 1187 565 1187 569 1198 561 1198 567 1198 561 1196 570 1196 568 1196 571 1227 572 1227 569 1227 572 1221 573 1221 569 1221 573 1207 561 1207 569 1207 573 1215 570 1215 561 1215 572 1232 574 1232 573 1232 575 1267 576 1267 572 1267 577 1255 575 1255 572 1255 571 1244 578 1244 572 1244 578 1266 577 1266 572 1266 576 1245 574 1245 572 1245 579 1288 575 1288 577 1288 580 1282 579 1282 577 1282 579 1280 581 1280 575 1280 582 1306 579 1306 580 1306 579 1307 583 1307 581 1307 584 1334 585 1334 579 1334 585 1316 583 1316 579 1316 582 1320 586 1320 579 1320 586 1347 587 1347 579 1347 587 1342 588 1342 579 1342 589 1329 590 1329 579 1329 590 1330 591 1330 579 1330 591 1326 584 1326 579 1326 588 1344 592 1344 579 1344 592 1351 593 1351 579 1351 593 1346 594 1346 579 1346 594 1340 595 1340 579 1340 595 1337 596 1337 579 1337 596 1331 589 1331 579 1331 597 1451 598 1451 599 1451 600 1456 597 1456 599 1456 601 1466 597 1466 600 1466 597 1452 602 1452 598 1452 603 1463 597 1463 601 1463 597 1446 604 1446 602 1446 597 1443 605 1443 604 1443 606 1461 597 1461 603 1461 607 1467 597 1467 606 1467 597 1445 608 1445 605 1445 609 1472 597 1472 607 1472 597 1468 610 1468 608 1468 611 1479 597 1479 609 1479 597 1477 612 1477 610 1477 613 1489 597 1489 611 1489 597 1493 614 1493 612 1493 615 1515 616 1515 597 1515 616 1518 614 1518 597 1518 613 1519 615 1519 597 1519 617 1535 618 1535 615 1535 618 1544 616 1544 615 1544 618 1536 619 1536 616 1536 620 1556 618 1556 617 1556 618 1558 621 1558 619 1558 622 1567 618 1567 620 1567 618 1574 623 1574 621 1574 622 1577 623 1577 618 1577 624 1585 625 1585 622 1585 625 1585 623 1585 622 1585 626 1595 625 1595 624 1595 627 1658 628 1658 625 1658 628 1640 629 1640 625 1640 629 1617 630 1617 625 1617 626 1603 631 1603 625 1603 631 1622 632 1622 625 1622 633 1631 627 1631 625 1631 634 1655 633 1655 625 1655 632 1637 634 1637 625 1637 630 1602 635 1602 625 1602 635 1595 623 1595 625 1595 636 1674 637 1674 633 1674 637 1721 627 1721 633 1721 637 1675 638 1675 627 1675 639 1766 640 1766 637 1766 640 1776 641 1776 637 1776 641 1779 642 1779 637 1779 642 1790 643 1790 637 1790 643 1786 644 1786 637 1786 644 1769 645 1769 637 1769 645 1750 646 1750 637 1750 646 1743 647 1743 637 1743 647 1738 648 1738 637 1738 648 1734 649 1734 637 1734 636 1717 650 1717 637 1717 650 1733 651 1733 637 1733 651 1736 652 1736 637 1736 652 1746 653 1746 637 1746 653 1754 654 1754 637 1754 654 1757 655 1757 637 1757 655 1783 656 1783 637 1783 656 1788 657 1788 637 1788 657 1778 658 1778 637 1778 658 1772 659 1772 637 1772 659 1763 660 1763 637 1763 660 1759 661 1759 637 1759 661 1761 639 1761 637 1761 649 1710 638 1710 637 1710 662 1451 663 1451 664 1451 665 1456 662 1456 664 1456 666 1465 662 1465 665 1465 662 1452 667 1452 663 1452 668 1462 662 1462 666 1462 662 1446 669 1446 667 1446 662 1443 670 1443 669 1443 671 1460 662 1460 668 1460 672 1467 662 1467 671 1467 662 1445 673 1445 670 1445 674 1472 662 1472 672 1472 662 1468 675 1468 673 1468 676 1479 662 1479 674 1479 662 1476 677 1476 675 1476 678 1489 662 1489 676 1489 662 1492 679 1492 677 1492 680 1515 681 1515 662 1515 681 1518 679 1518 662 1518 678 1519 680 1519 662 1519 682 1535 683 1535 680 1535 683 1544 681 1544 680 1544 683 1536 684 1536 681 1536 685 1556 683 1556 682 1556 683 1557 686 1557 684 1557 687 1567 683 1567 685 1567 683 1573 688 1573 686 1573 687 1577 688 1577 683 1577 689 1585 690 1585 687 1585 690 1585 688 1585 687 1585 691 1595 690 1595 689 1595 692 1657 693 1657 690 1657 693 1640 694 1640 690 1640 694 1618 695 1618 690 1618 691 1603 696 1603 690 1603 696 1622 697 1622 690 1622 698 1632 692 1632 690 1632 699 1655 698 1655 690 1655 697 1637 699 1637 690 1637 695 1601 700 1601 690 1601 700 1595 688 1595 690 1595 701 1674 702 1674 698 1674 702 1722 692 1722 698 1722 702 1676 703 1676 692 1676 704 1766 705 1766 702 1766 705 1776 706 1776 702 1776 706 1779 707 1779 702 1779 707 1790 708 1790 702 1790 708 1786 709 1786 702 1786 709 1769 710 1769 702 1769 710 1751 711 1751 702 1751 711 1741 712 1741 702 1741 712 1738 713 1738 702 1738 713 1734 714 1734 702 1734 701 1718 715 1718 702 1718 715 1732 716 1732 702 1732 716 1736 717 1736 702 1736 717 1746 718 1746 702 1746 718 1754 719 1754 702 1754 719 1757 720 1757 702 1757 720 1783 721 1783 702 1783 721 1788 722 1788 702 1788 722 1778 723 1778 702 1778 723 1773 724 1773 702 1773 724 1762 725 1762 702 1762 725 1759 726 1759 702 1759 726 1761 704 1761 702 1761 714 1710 703 1710 702 1710 727 1760 728 1760 729 1760 730 1764 727 1764 729 1764 731 1767 727 1767 730 1767 727 1765 732 1765 728 1765 733 1775 727 1775 731 1775 727 1771 734 1771 732 1771 727 1777 735 1777 734 1777 736 1781 727 1781 733 1781 737 1789 727 1789 736 1789 727 1787 738 1787 735 1787 739 1785 727 1785 737 1785 727 1784 740 1784 738 1784 741 1758 727 1758 739 1758 727 1756 742 1756 740 1756 727 1753 743 1753 742 1753 744 1755 727 1755 741 1755 745 1742 727 1742 744 1742 727 1744 746 1744 743 1744 747 1737 727 1737 745 1737 727 1735 748 1735 746 1735 749 1730 727 1730 747 1730 727 1729 750 1729 748 1729 727 1719 751 1719 750 1719 752 1711 727 1711 749 1711 753 1679 727 1679 752 1679 727 1678 754 1678 751 1678 753 1723 754 1723 727 1723 755 1653 756 1653 753 1653 756 1629 754 1629 753 1629 756 1654 757 1654 754 1654 758 1638 756 1638 755 1638 756 1639 759 1639 757 1639 756 1624 760 1624 759 1624 761 1621 756 1621 758 1621 762 1598 756 1598 761 1598 756 1599 763 1599 760 1599 764 1593 756 1593 762 1593 756 1594 765 1594 763 1594 766 1575 767 1575 764 1575 767 1578 768 1578 764 1578 768 1586 756 1586 764 1586 768 1580 765 1580 756 1580 767 1568 769 1568 768 1568 770 1533 771 1533 767 1533 772 1543 770 1543 767 1543 766 1554 773 1554 767 1554 773 1534 772 1534 767 1534 771 1552 769 1552 767 1552 774 1516 770 1516 772 1516 775 1520 774 1520 772 1520 774 1521 776 1521 770 1521 777 1494 774 1494 775 1494 774 1490 778 1490 776 1490 779 1471 780 1471 774 1471 780 1480 778 1480 774 1480 777 1478 781 1478 774 1478 781 1457 782 1457 774 1457 782 1455 783 1455 774 1455 784 1464 785 1464 774 1464 785 1459 786 1459 774 1459 786 1470 779 1470 774 1470 783 1442 787 1442 774 1442 787 1453 788 1453 774 1453 788 1448 789 1448 774 1448 789 1450 790 1450 774 1450 790 1458 791 1458 774 1458 791 1469 784 1469 774 1469 792 1760 793 1760 794 1760 795 1764 792 1764 794 1764 796 1768 792 1768 795 1768 792 1765 797 1765 793 1765 798 1774 792 1774 796 1774 792 1771 799 1771 797 1771 792 1777 800 1777 799 1777 801 1780 792 1780 798 1780 802 1789 792 1789 801 1789 792 1787 803 1787 800 1787 804 1785 792 1785 802 1785 792 1784 805 1784 803 1784 806 1758 792 1758 804 1758 792 1756 807 1756 805 1756 792 1752 808 1752 807 1752 809 1755 792 1755 806 1755 810 1742 792 1742 809 1742 792 1745 811 1745 808 1745 812 1737 792 1737 810 1737 792 1735 813 1735 811 1735 814 1731 792 1731 812 1731 792 1729 815 1729 813 1729 792 1719 816 1719 815 1719 817 1712 792 1712 814 1712 818 1679 792 1679 817 1679 792 1677 819 1677 816 1677 818 1724 819 1724 792 1724 820 1653 821 1653 818 1653 821 1630 819 1630 818 1630 821 1656 822 1656 819 1656 823 1638 821 1638 820 1638 821 1639 824 1639 822 1639 821 1623 825 1623 824 1623 826 1621 821 1621 823 1621 827 1598 821 1598 826 1598 821 1600 828 1600 825 1600 829 1593 821 1593 827 1593 821 1594 830 1594 828 1594 831 1575 832 1575 829 1575 832 1578 833 1578 829 1578 833 1586 821 1586 829 1586 833 1580 830 1580 821 1580 832 1569 834 1569 833 1569 835 1533 836 1533 832 1533 837 1543 835 1543 832 1543 831 1554 838 1554 832 1554 838 1534 837 1534 832 1534 836 1553 834 1553 832 1553 839 1516 835 1516 837 1516 840 1520 839 1520 837 1520 839 1521 841 1521 835 1521 842 1494 839 1494 840 1494 839 1491 843 1491 841 1491 844 1471 845 1471 839 1471 845 1481 843 1481 839 1481 842 1478 846 1478 839 1478 846 1457 847 1457 839 1457 847 1455 848 1455 839 1455 849 1464 850 1464 839 1464 850 1459 851 1459 839 1459 851 1470 844 1470 839 1470 848 1442 852 1442 839 1442 852 1454 853 1454 839 1454 853 1447 854 1447 839 1447 854 1450 855 1450 839 1450 855 1458 856 1458 839 1458 856 1469 849 1469 839 1469 857 1341 858 1341 859 1341 860 1339 857 1339 859 1339 861 1327 857 1327 860 1327 857 1350 862 1350 858 1350 863 1332 857 1332 861 1332 857 1348 864 1348 862 1348 857 1353 865 1353 864 1353 866 1335 857 1335 863 1335 867 1325 857 1325 866 1325 857 1343 868 1343 865 1343 869 1324 857 1324 867 1324 857 1338 870 1338 868 1338 871 1318 857 1318 869 1318 857 1321 872 1321 870 1321 873 1312 857 1312 871 1312 857 1310 874 1310 872 1310 875 1287 876 1287 857 1287 876 1281 874 1281 857 1281 873 1278 875 1278 857 1278 877 1265 878 1265 875 1265 878 1254 876 1254 875 1254 878 1264 879 1264 876 1264 880 1249 878 1249 877 1249 878 1247 881 1247 879 1247 882 1228 878 1228 880 1228 878 1225 883 1225 881 1225 882 1222 883 1222 878 1222 884 1216 885 1216 882 1216 885 1208 883 1208 882 1208 886 1197 885 1197 884 1197 887 1142 888 1142 885 1142 888 1156 889 1156 885 1156 889 1171 890 1171 885 1171 886 1194 891 1194 885 1194 891 1172 892 1172 885 1172 893 1165 887 1165 885 1165 894 1144 893 1144 885 1144 892 1157 894 1157 885 1157 890 1190 895 1190 885 1190 895 1201 883 1201 885 1201 896 1122 897 1122 893 1122 897 1085 887 1085 893 1085 897 1121 898 1121 887 1121 899 1043 900 1043 897 1043 900 1020 901 1020 897 1020 901 1001 902 1001 897 1001 902 1015 903 1015 897 1015 903 1002 904 1002 897 1002 904 1042 905 1042 897 1042 905 1053 906 1053 897 1053 906 1063 907 1063 897 1063 907 1068 908 1068 897 1068 908 1081 909 1081 897 1081 896 1087 910 1087 897 1087 910 1082 911 1082 897 1082 911 1071 912 1071 897 1071 912 1060 913 1060 897 1060 913 1051 914 1051 897 1051 914 1046 915 1046 897 1046 915 1004 916 1004 897 1004 916 1016 917 1016 897 1016 917 1003 918 1003 897 1003 918 1022 919 1022 897 1022 919 1044 920 1044 897 1044 920 1048 921 1048 897 1048 921 1047 899 1047 897 1047 909 1088 898 1088 897 1088 922 1341 923 1341 924 1341 925 1339 922 1339 924 1339 926 1328 922 1328 925 1328 922 1350 927 1350 923 1350 928 1333 922 1333 926 1333 922 1348 929 1348 927 1348 922 1353 930 1353 929 1353 931 1336 922 1336 928 1336 932 1325 922 1325 931 1325 922 1343 933 1343 930 1343 934 1324 922 1324 932 1324 922 1338 935 1338 933 1338 936 1318 922 1318 934 1318 922 1322 937 1322 935 1322 938 1312 922 1312 936 1312 922 1311 939 1311 937 1311 940 1287 941 1287 922 1287 941 1281 939 1281 922 1281 938 1278 940 1278 922 1278 942 1265 943 1265 940 1265 943 1254 941 1254 940 1254 943 1264 944 1264 941 1264 945 1249 943 1249 942 1249 943 1248 946 1248 944 1248 947 1228 943 1228 945 1228 943 1226 948 1226 946 1226 947 1222 948 1222 943 1222 949 1216 950 1216 947 1216 950 1208 948 1208 947 1208 951 1197 950 1197 949 1197 952 1143 953 1143 950 1143 953 1156 954 1156 950 1156 954 1170 955 1170 950 1170 951 1194 956 1194 950 1194 956 1172 957 1172 950 1172 958 1164 952 1164 950 1164 959 1144 958 1144 950 1144 957 1157 959 1157 950 1157 955 1191 960 1191 950 1191 960 1201 948 1201 950 1201 961 1122 962 1122 958 1122 962 1084 952 1084 958 1084 962 1120 963 1120 952 1120 964 1043 965 1043 962 1043 965 1020 966 1020 962 1020 966 1001 967 1001 962 1001 967 1015 968 1015 962 1015 968 1002 969 1002 962 1002 969 1042 970 1042 962 1042 970 1052 971 1052 962 1052 971 1064 972 1064 962 1064 972 1068 973 1068 962 1068 973 1081 974 1081 962 1081 961 1086 975 1086 962 1086 975 1083 976 1083 962 1083 976 1071 977 1071 962 1071 977 1060 978 1060 962 1060 978 1051 979 1051 962 1051 979 1046 980 1046 962 1046 980 1004 981 1004 962 1004 981 1016 982 1016 962 1016 982 1003 983 1003 962 1003 983 1021 984 1021 962 1021 984 1045 985 1045 962 1045 985 1048 986 1048 962 1048 986 1047 964 1047 962 1047 974 1088 963 1088 962 1088 987 508 988 508 989 508 990 511 987 511 989 511 987 501 991 501 988 501 992 517 987 517 990 517 987 505 993 505 991 505 994 516 987 516 992 516 987 498 995 498 993 498 996 513 987 513 994 513 987 503 997 503 995 503 998 518 987 518 996 518 987 520 999 520 997 520 1000 526 987 526 998 526 987 530 1001 530 999 530 1002 533 987 533 1000 533 987 540 1003 540 1001 540 1004 538 987 538 1002 538 1004 571 1005 571 987 571 1005 564 1006 564 987 564 1006 569 1003 569 987 569 1005 597 1007 597 1006 597 1007 589 1008 589 1006 589 1009 588 1007 588 1005 588 1007 606 1010 606 1008 606 1011 604 1007 604 1009 604 1007 628 1012 628 1010 628 1013 622 1007 622 1011 622 1013 630 1012 630 1007 630 1014 640 1015 640 1013 640 1015 640 1012 640 1013 640 1015 646 1016 646 1012 646 1017 656 1016 656 1015 656 1018 708 1019 708 1015 708 1019 694 1020 694 1015 694 1020 674 1017 674 1015 674 1014 649 1021 649 1015 649 1021 652 1022 652 1015 652 1022 678 1023 678 1015 678 1023 692 1024 692 1015 692 1024 709 1025 709 1015 709 1025 681 1018 681 1015 681 1025 780 1026 780 1018 780 1026 735 1027 735 1018 735 1028 734 1026 734 1025 734 1029 815 1030 815 1026 815 1030 830 1031 830 1026 830 1031 847 1032 847 1026 847 1032 834 1033 834 1026 834 1033 845 1034 845 1026 845 1034 820 1035 820 1026 820 1035 809 1036 809 1026 809 1036 802 1037 802 1026 802 1037 794 1038 794 1026 794 1038 782 1039 782 1026 782 1028 777 1040 777 1026 777 1040 781 1041 781 1026 781 1041 793 1042 793 1026 793 1042 800 1043 800 1026 800 1043 811 1044 811 1026 811 1044 817 1045 817 1026 817 1045 842 1046 842 1026 842 1046 833 1047 833 1026 833 1047 844 1048 844 1026 844 1048 828 1049 828 1026 828 1049 814 1050 814 1026 814 1050 812 1051 812 1026 812 1051 813 1029 813 1026 813 1039 773 1027 773 1026 773 1052 508 1053 508 1054 508 1055 511 1052 511 1054 511 1052 500 1056 500 1053 500 1057 517 1052 517 1055 517 1052 506 1058 506 1056 506 1059 516 1052 516 1057 516 1052 498 1060 498 1058 498 1061 513 1052 513 1059 513 1052 503 1062 503 1060 503 1063 518 1052 518 1061 518 1052 520 1064 520 1062 520 1065 526 1052 526 1063 526 1052 530 1066 530 1064 530 1067 534 1052 534 1065 534 1052 540 1068 540 1066 540 1069 539 1052 539 1067 539 1069 571 1070 571 1052 571 1070 564 1071 564 1052 564 1071 569 1068 569 1052 569 1070 597 1072 597 1071 597 1072 589 1073 589 1071 589 1074 588 1072 588 1070 588 1072 606 1075 606 1073 606 1076 605 1072 605 1074 605 1072 628 1077 628 1075 628 1078 623 1072 623 1076 623 1078 630 1077 630 1072 630 1079 640 1080 640 1078 640 1080 640 1077 640 1078 640 1080 646 1081 646 1077 646 1082 656 1081 656 1080 656 1083 708 1084 708 1080 708 1084 694 1085 694 1080 694 1085 674 1082 674 1080 674 1079 649 1086 649 1080 649 1086 653 1087 653 1080 653 1087 677 1088 677 1080 677 1088 692 1089 692 1080 692 1089 710 1090 710 1080 710 1090 682 1083 682 1080 682 1090 779 1091 779 1083 779 1091 735 1092 735 1083 735 1093 733 1091 733 1090 733 1094 816 1095 816 1091 816 1095 829 1096 829 1091 829 1096 846 1097 846 1091 846 1097 834 1098 834 1091 834 1098 845 1099 845 1091 845 1099 820 1100 820 1091 820 1100 809 1101 809 1091 809 1101 802 1102 802 1091 802 1102 794 1103 794 1091 794 1103 783 1104 783 1091 783 1093 777 1105 777 1091 777 1105 781 1106 781 1091 781 1106 793 1107 793 1091 793 1107 801 1108 801 1091 801 1108 810 1109 810 1091 810 1109 817 1110 817 1091 817 1110 842 1111 842 1091 842 1111 833 1112 833 1091 833 1112 844 1113 844 1091 844 1113 828 1114 828 1091 828 1114 814 1115 814 1091 814 1115 812 1116 812 1091 812 1116 813 1094 813 1091 813 1104 772 1092 772 1091 772 1117 6 1118 6 1119 6 1118 7 1120 7 1119 7 1121 906 1122 906 1123 906 1124 907 1122 907 1121 907 1125 1356 1126 1356 1127 1356 1126 547 1123 547 1127 547 1128 1579 1129 1579 1130 1579 1128 1523 1131 1523 1129 1523 1128 1438 1125 1438 1131 1438 1125 1383 1132 1383 1131 1383 1127 1354 1132 1354 1125 1354 1127 1193 1122 1193 1132 1193 1123 1163 1122 1163 1127 1163 1130 1850 1133 1850 1134 1850 1130 1851 1129 1851 1133 1851 1135 927 1136 927 1137 927 1138 936 1135 936 1137 936 1139 935 1135 935 1138 935 1140 910 1139 910 1138 910 1141 419 1140 419 1142 419 1140 458 1138 458 1142 458 1143 926 1144 926 1145 926 1144 926 1146 926 1145 926 1147 926 1143 926 1145 926 1147 926 1148 926 1143 926 1141 5 1149 5 1150 5 1142 1 1147 1 1145 1 1149 0 1142 0 1145 0 1141 4 1142 4 1149 4 1151 466 1150 466 1152 466 1150 457 1149 457 1152 457 1153 926 1154 926 1155 926 1156 926 1153 926 1155 926 1154 926 1157 926 1155 926 1158 926 1153 926 1156 926 1153 922 1152 922 1154 922 1159 941 1152 941 1153 941 1159 942 1151 942 1152 942 1160 948 1151 948 1159 948 1161 1393 1160 1393 1159 1393 1162 926 1163 926 1164 926 1165 926 1162 926 1164 926 1166 926 1163 926 1162 926 1167 926 1163 926 1166 926 1161 1849 1168 1849 1160 1849 1163 1856 1161 1856 1164 1856 1169 1852 1168 1852 1161 1852 1163 1854 1169 1854 1161 1854 1135 1396 1168 1396 1169 1396 1135 1385 1139 1385 1168 1385 1160 926 1170 926 1151 926 1170 921 1171 921 1151 921 1171 933 1172 933 1151 933 1173 926 1174 926 1160 926 1174 926 1170 926 1160 926 1172 925 1150 925 1151 925 1172 925 1175 925 1150 925 1175 926 1133 926 1150 926 1133 926 1141 926 1150 926 1168 926 1118 926 1160 926 1118 914 1117 914 1160 914 1117 934 1173 934 1160 934 1129 938 1141 938 1133 938 1168 926 1176 926 1118 926 1131 919 1141 919 1129 919 1168 926 1177 926 1176 926 1140 926 1141 926 1131 926 1168 926 1139 926 1177 926 1132 926 1140 926 1131 926 1139 917 1124 917 1177 917 1122 926 1140 926 1132 926 1139 925 1140 925 1122 925 1124 929 1139 929 1122 929 1171 946 1170 946 1178 946 1170 947 1179 947 1178 947 1180 1217 1171 1217 1178 1217 1180 1274 1172 1274 1171 1274 1180 1355 1181 1355 1172 1355 1181 1408 1175 1408 1172 1408 1182 1433 1175 1433 1181 1433 1182 1604 1133 1604 1175 1604 1134 1613 1133 1613 1182 1613 1183 1360 1134 1360 1182 1360 1184 1073 1130 1073 1134 1073 1185 958 1186 958 1187 958 1188 883 1189 883 1126 883 1121 1151 1185 1151 1187 1151 1188 943 1185 943 1189 943 1188 911 1186 911 1185 911 1190 953 1121 953 1123 953 1176 249 1191 249 1118 249 1191 227 1120 227 1118 227 1176 411 1192 411 1191 411 1177 442 1192 442 1176 442 1177 492 1187 492 1192 492 1124 575 1187 575 1177 575 1124 635 1121 635 1187 635 1191 459 1193 459 1120 459 1191 414 1192 414 1193 414 1119 791 1120 791 1194 791 1174 654 1195 654 1170 654 1195 667 1179 667 1170 667 1174 488 1196 488 1195 488 1173 468 1196 468 1174 468 1173 412 1197 412 1196 412 1117 329 1197 329 1173 329 1117 275 1119 275 1197 275 1179 1261 1195 1261 1198 1261 1178 902 1179 902 1199 902 1197 371 1200 371 1201 371 1200 418 1202 418 1201 418 1197 366 1119 366 1200 366 1203 425 1202 425 1200 425 1202 367 1203 367 1193 367 1180 876 1204 876 1205 876 1204 908 1206 908 1205 908 1198 901 1195 901 1206 901 1207 967 1198 967 1206 967 1204 913 1207 913 1206 913 1180 701 1178 701 1204 701 1183 1449 1182 1449 1208 1449 1209 1483 1183 1483 1208 1483 1210 1432 1211 1432 1208 1432 1211 1444 1209 1444 1208 1444 1211 1488 1128 1488 1130 1488 1211 1482 1210 1482 1128 1482 1212 726 1210 726 1208 726 1213 1279 1210 1279 1212 1279 1214 1389 1210 1389 1213 1389 1210 1400 1125 1400 1128 1400 1210 1398 1215 1398 1125 1398 1215 1257 1188 1257 1125 1257 1188 1158 1126 1158 1125 1158 1216 983 1217 983 1188 983 1217 909 1186 909 1188 909 1217 923 1218 923 1186 923 1218 864 1219 864 1186 864 1192 449 1202 449 1193 449 1220 456 1202 456 1192 456 1186 598 1220 598 1192 598 1187 614 1186 614 1192 614 1202 576 1221 576 1201 576 1221 858 1222 858 1201 858 1202 460 1223 460 1221 460 1195 790 1224 790 1206 790 1196 527 1225 527 1224 527 1195 585 1196 585 1224 585 1197 447 1201 447 1225 447 1196 455 1197 455 1225 455 1206 924 1226 924 1227 924 1205 905 1206 905 1227 905 1228 1180 1180 1180 1205 1180 1181 1242 1180 1242 1228 1242 1229 1387 1181 1387 1228 1387 1182 1394 1181 1394 1229 1394 1208 1430 1182 1430 1229 1430 1230 926 1231 926 1137 926 1136 926 1230 926 1137 926 1232 926 1230 926 1136 926 1233 926 1232 926 1136 926 1234 1645 1235 1645 1236 1645 1235 1619 1237 1619 1236 1619 1238 1531 1239 1531 1234 1531 1239 1555 1235 1555 1234 1555 1240 1319 1241 1319 1238 1319 1241 1361 1239 1361 1238 1361 1242 900 1240 900 1243 900 1241 904 1240 904 1242 904 1244 1218 1245 1218 1246 1218 1245 673 1247 673 1246 673 1248 683 1247 683 1245 683 1249 1237 1245 1237 1244 1237 1250 1407 1249 1407 1244 1407 1251 1484 1250 1484 1244 1484 1252 1740 1253 1740 1251 1740 1253 1812 1250 1812 1251 1812 1254 1065 1255 1065 1256 1065 1255 995 1257 995 1256 995 1257 497 1258 497 1256 497 1259 480 1258 480 1257 480 1259 117 1260 117 1258 117 1261 32 1260 32 1259 32 1262 28 1263 28 1264 28 1262 242 1265 242 1263 242 1266 450 1265 450 1262 450 1266 471 1267 471 1265 471 1266 944 1268 944 1267 944 1269 945 1268 945 1266 945 1270 990 1271 990 1272 990 1270 992 1273 992 1271 992 1271 645 1274 645 1272 645 1271 528 1275 528 1274 528 1275 445 1276 445 1274 445 1275 321 1277 321 1276 321 1277 41 1278 41 1276 41 1278 43 1279 43 1276 43 1278 261 1280 261 1279 261 1278 322 1281 322 1280 322 1281 465 1282 465 1280 465 1281 573 1283 573 1282 573 1283 855 1284 855 1282 855 1284 853 1285 853 1282 853 1286 1532 1287 1532 1288 1532 1289 1409 1287 1409 1286 1409 1289 1309 1284 1309 1287 1309 1285 1200 1284 1200 1289 1200 1286 1800 1290 1800 1291 1800 1286 1803 1288 1803 1290 1803 1292 1349 1273 1349 1270 1349 1292 1404 1290 1404 1273 1404 1291 1566 1290 1566 1292 1566 1293 926 1294 926 1271 926 1273 925 1293 925 1271 925 1248 926 1245 926 1271 926 1295 925 1248 925 1271 925 1294 926 1295 926 1271 926 1245 926 1249 926 1271 926 1249 926 1275 926 1271 926 1250 926 1277 926 1275 926 1249 925 1250 925 1275 925 1250 926 1253 926 1277 926 1253 925 1296 925 1277 925 1296 926 1297 926 1277 926 1297 926 1278 926 1277 926 1259 926 1257 926 1273 926 1298 925 1293 925 1273 925 1257 926 1255 926 1273 926 1255 926 1298 926 1273 926 1290 926 1259 926 1273 926 1299 926 1261 926 1290 926 1261 926 1259 926 1290 926 1288 926 1300 926 1290 926 1300 926 1301 926 1290 926 1301 926 1299 926 1290 926 1302 926 1278 926 1297 926 1303 926 1278 926 1302 926 1304 926 1278 926 1303 926 1237 926 1235 926 1304 926 1235 926 1278 926 1304 926 1288 926 1305 926 1300 926 1239 925 1278 925 1235 925 1281 926 1278 926 1239 926 1288 926 1264 926 1305 926 1241 926 1283 926 1239 926 1283 925 1281 925 1239 925 1306 926 1283 926 1242 926 1283 926 1241 926 1242 926 1307 926 1283 926 1306 926 1288 926 1262 926 1264 926 1308 926 1283 926 1307 926 1284 926 1283 926 1308 926 1309 926 1284 926 1308 926 1288 926 1266 926 1262 926 1288 925 1287 925 1266 925 1287 925 1284 925 1266 925 1284 926 1310 926 1311 926 1269 926 1284 926 1311 926 1284 925 1269 925 1266 925 1284 926 1309 926 1310 926 1312 1500 1313 1500 1314 1500 1315 1501 1312 1501 1314 1501 1316 1507 1312 1507 1315 1507 1312 1497 1317 1497 1313 1497 1318 1505 1312 1505 1316 1505 1312 1499 1319 1499 1317 1499 1320 1503 1312 1503 1318 1503 1312 1498 1321 1498 1319 1498 1322 1509 1312 1509 1320 1509 1312 1496 1323 1496 1321 1496 1324 1510 1312 1510 1322 1510 1312 1508 1325 1508 1323 1508 1326 1517 1312 1517 1324 1517 1312 1514 1327 1514 1325 1514 1328 1524 1312 1524 1326 1524 1312 1526 1329 1526 1327 1526 1330 1537 1331 1537 1312 1537 1331 1538 1329 1538 1312 1538 1328 1540 1330 1540 1312 1540 1332 1562 1333 1562 1330 1562 1333 1576 1331 1576 1330 1576 1333 1563 1334 1563 1331 1563 1335 1581 1333 1581 1332 1581 1333 1583 1336 1583 1334 1583 1337 1606 1333 1606 1335 1606 1333 1612 1338 1612 1336 1612 1337 1615 1338 1615 1333 1615 1339 1625 1340 1625 1337 1625 1340 1625 1338 1625 1337 1625 1341 1635 1340 1635 1339 1635 1342 1728 1343 1728 1340 1728 1343 1709 1344 1709 1340 1709 1344 1664 1345 1664 1340 1664 1341 1648 1346 1648 1340 1648 1346 1666 1347 1666 1340 1666 1348 1672 1342 1672 1340 1672 1349 1727 1348 1727 1340 1727 1347 1705 1349 1705 1340 1705 1345 1647 1350 1647 1340 1647 1350 1636 1338 1636 1340 1636 1351 1747 1352 1747 1348 1747 1352 1770 1342 1770 1348 1770 1352 1748 1353 1748 1342 1748 1354 1842 1355 1842 1352 1842 1355 1832 1356 1832 1352 1832 1356 1831 1357 1831 1352 1831 1357 1829 1358 1829 1352 1829 1358 1828 1359 1828 1352 1828 1359 1822 1360 1822 1352 1822 1360 1818 1361 1818 1352 1818 1361 1813 1362 1813 1352 1813 1362 1809 1363 1809 1352 1809 1363 1798 1364 1798 1352 1798 1351 1794 1365 1794 1352 1794 1365 1796 1366 1796 1352 1796 1366 1808 1367 1808 1352 1808 1367 1814 1368 1814 1352 1814 1368 1817 1369 1817 1352 1817 1369 1821 1370 1821 1352 1821 1370 1825 1371 1825 1352 1825 1371 1826 1372 1826 1352 1826 1372 1827 1373 1827 1352 1827 1373 1830 1374 1830 1352 1830 1374 1841 1375 1841 1352 1841 1375 1843 1376 1843 1352 1843 1376 1844 1354 1844 1352 1844 1364 1792 1353 1792 1352 1792 1377 1500 1378 1500 1379 1500 1380 1501 1377 1501 1379 1501 1381 1506 1377 1506 1380 1506 1377 1497 1382 1497 1378 1497 1383 1504 1377 1504 1381 1504 1377 1499 1384 1499 1382 1499 1385 1502 1377 1502 1383 1502 1377 1498 1386 1498 1384 1498 1387 1509 1377 1509 1385 1509 1377 1496 1388 1496 1386 1496 1389 1510 1377 1510 1387 1510 1377 1508 1390 1508 1388 1508 1391 1517 1377 1517 1389 1517 1377 1513 1392 1513 1390 1513 1393 1524 1377 1524 1391 1524 1377 1525 1394 1525 1392 1525 1395 1537 1396 1537 1377 1537 1396 1538 1394 1538 1377 1538 1393 1540 1395 1540 1377 1540 1397 1562 1398 1562 1395 1562 1398 1576 1396 1576 1395 1576 1398 1563 1399 1563 1396 1563 1400 1581 1398 1581 1397 1581 1398 1582 1401 1582 1399 1582 1402 1605 1398 1605 1400 1605 1398 1611 1403 1611 1401 1611 1402 1614 1403 1614 1398 1614 1404 1628 1405 1628 1402 1628 1405 1628 1403 1628 1402 1628 1406 1635 1405 1635 1404 1635 1407 1726 1408 1726 1405 1726 1408 1709 1409 1709 1405 1709 1409 1665 1410 1665 1405 1665 1406 1648 1411 1648 1405 1648 1411 1666 1412 1666 1405 1666 1413 1673 1407 1673 1405 1673 1414 1725 1413 1725 1405 1725 1412 1705 1414 1705 1405 1705 1410 1646 1415 1646 1405 1646 1415 1636 1403 1636 1405 1636 1416 1782 1417 1782 1413 1782 1417 1739 1407 1739 1413 1739 1417 1791 1418 1791 1407 1791 1419 1846 1420 1846 1417 1846 1420 1840 1421 1840 1417 1840 1421 1839 1422 1839 1417 1839 1422 1836 1423 1836 1417 1836 1423 1835 1424 1835 1417 1835 1424 1824 1425 1824 1417 1824 1425 1820 1426 1820 1417 1820 1426 1815 1427 1815 1417 1815 1427 1811 1428 1811 1417 1811 1428 1802 1429 1802 1417 1802 1416 1795 1430 1795 1417 1795 1430 1797 1431 1797 1417 1797 1431 1810 1432 1810 1417 1810 1432 1816 1433 1816 1417 1816 1433 1819 1434 1819 1417 1819 1434 1823 1435 1823 1417 1823 1435 1833 1436 1833 1417 1833 1436 1834 1437 1834 1417 1834 1437 1837 1438 1837 1417 1837 1438 1838 1439 1838 1417 1838 1439 1845 1440 1845 1417 1845 1440 1847 1441 1847 1417 1847 1441 1848 1419 1848 1417 1848 1429 1793 1418 1793 1417 1793 1442 1684 1443 1684 1444 1684 1445 1685 1442 1685 1444 1685 1446 1690 1442 1690 1445 1690 1442 1688 1447 1688 1443 1688 1448 1701 1442 1701 1446 1701 1442 1699 1449 1699 1447 1699 1442 1692 1450 1692 1449 1692 1451 1696 1442 1696 1448 1696 1452 1707 1442 1707 1451 1707 1442 1704 1453 1704 1450 1704 1454 1715 1442 1715 1452 1715 1442 1713 1455 1713 1453 1713 1456 1697 1442 1697 1454 1697 1442 1689 1457 1689 1455 1689 1442 1682 1458 1682 1457 1682 1459 1680 1442 1680 1456 1680 1460 1668 1442 1668 1459 1668 1442 1670 1461 1670 1458 1670 1462 1662 1442 1662 1460 1662 1442 1660 1463 1660 1461 1660 1464 1651 1442 1651 1462 1651 1442 1649 1465 1649 1463 1649 1442 1644 1466 1644 1465 1644 1467 1642 1442 1642 1464 1642 1468 1634 1442 1634 1467 1634 1442 1633 1469 1633 1466 1633 1468 1620 1469 1620 1442 1620 1470 1608 1471 1608 1468 1608 1471 1589 1469 1589 1468 1589 1471 1607 1472 1607 1469 1607 1473 1597 1471 1597 1470 1597 1471 1596 1474 1596 1472 1596 1471 1588 1475 1588 1474 1588 1476 1584 1471 1584 1473 1584 1477 1572 1471 1572 1476 1572 1471 1570 1478 1570 1475 1570 1479 1560 1471 1560 1477 1560 1471 1561 1480 1561 1478 1561 1481 1542 1482 1542 1479 1542 1482 1547 1483 1547 1479 1547 1483 1545 1471 1545 1479 1545 1483 1548 1480 1548 1471 1548 1482 1541 1484 1541 1483 1541 1485 1511 1486 1511 1482 1511 1487 1522 1485 1522 1482 1522 1481 1530 1488 1530 1482 1530 1488 1512 1487 1512 1482 1512 1486 1528 1484 1528 1482 1528 1489 1474 1485 1474 1487 1474 1490 1485 1489 1485 1487 1485 1489 1486 1491 1486 1485 1486 1492 1441 1489 1441 1490 1441 1489 1439 1493 1439 1491 1439 1494 1427 1495 1427 1489 1427 1495 1434 1493 1434 1489 1434 1492 1431 1496 1431 1489 1431 1496 1421 1497 1421 1489 1421 1497 1422 1498 1422 1489 1422 1499 1426 1500 1426 1489 1426 1500 1425 1501 1425 1489 1425 1501 1428 1494 1428 1489 1428 1498 1419 1502 1419 1489 1419 1502 1415 1503 1415 1489 1415 1503 1418 1504 1418 1489 1418 1504 1420 1505 1420 1489 1420 1505 1423 1506 1423 1489 1423 1506 1424 1499 1424 1489 1424 1507 1686 1508 1686 1509 1686 1510 1687 1507 1687 1509 1687 1511 1693 1507 1693 1510 1693 1507 1691 1512 1691 1508 1691 1513 1703 1507 1703 1511 1703 1507 1702 1514 1702 1512 1702 1507 1695 1515 1695 1514 1695 1516 1698 1507 1698 1513 1698 1517 1708 1507 1708 1516 1708 1507 1706 1518 1706 1515 1706 1519 1716 1507 1716 1517 1716 1507 1714 1520 1714 1518 1714 1521 1700 1507 1700 1519 1700 1507 1694 1522 1694 1520 1694 1507 1683 1523 1683 1522 1683 1524 1681 1507 1681 1521 1681 1525 1669 1507 1669 1524 1669 1507 1671 1526 1671 1523 1671 1527 1663 1507 1663 1525 1663 1507 1661 1528 1661 1526 1661 1529 1652 1507 1652 1527 1652 1507 1650 1530 1650 1528 1650 1507 1643 1531 1643 1530 1643 1532 1641 1507 1641 1529 1641 1533 1626 1507 1626 1532 1626 1507 1627 1534 1627 1531 1627 1533 1626 1534 1626 1507 1626 1535 1609 1536 1609 1533 1609 1536 1591 1534 1591 1533 1591 1536 1610 1537 1610 1534 1610 1538 1597 1536 1597 1535 1597 1536 1596 1539 1596 1537 1596 1536 1587 1540 1587 1539 1587 1541 1584 1536 1584 1538 1584 1542 1572 1536 1572 1541 1572 1536 1571 1543 1571 1540 1571 1544 1560 1536 1560 1542 1560 1536 1561 1545 1561 1543 1561 1546 1542 1547 1542 1544 1542 1547 1546 1548 1546 1544 1546 1548 1550 1536 1550 1544 1550 1548 1551 1545 1551 1536 1551 1547 1539 1549 1539 1548 1539 1550 1511 1551 1511 1547 1511 1552 1522 1550 1522 1547 1522 1546 1530 1553 1530 1547 1530 1553 1512 1552 1512 1547 1512 1551 1529 1549 1529 1547 1529 1554 1474 1550 1474 1552 1474 1555 1485 1554 1485 1552 1485 1554 1486 1556 1486 1550 1486 1557 1441 1554 1441 1555 1441 1554 1440 1558 1440 1556 1440 1559 1427 1560 1427 1554 1427 1560 1435 1558 1435 1554 1435 1557 1431 1561 1431 1554 1431 1561 1421 1562 1421 1554 1421 1562 1422 1563 1422 1554 1422 1564 1426 1565 1426 1554 1426 1565 1425 1566 1425 1554 1425 1566 1428 1559 1428 1554 1428 1563 1419 1567 1419 1554 1419 1567 1416 1568 1416 1554 1416 1568 1417 1569 1417 1554 1417 1569 1420 1570 1420 1554 1420 1570 1423 1571 1423 1554 1423 1571 1424 1564 1424 1554 1424 1572 1303 1573 1303 1574 1303 1575 1297 1572 1297 1574 1297 1576 1298 1572 1298 1575 1298 1572 1301 1577 1301 1573 1301 1578 1294 1572 1294 1576 1294 1572 1305 1579 1305 1577 1305 1580 1292 1572 1292 1578 1292 1572 1304 1581 1304 1579 1304 1582 1291 1572 1291 1580 1291 1572 1300 1583 1300 1581 1300 1584 1296 1572 1296 1582 1296 1572 1302 1585 1302 1583 1302 1586 1284 1572 1284 1584 1284 1572 1285 1587 1285 1585 1285 1588 1273 1572 1273 1586 1273 1572 1271 1589 1271 1587 1271 1590 1263 1591 1263 1572 1263 1591 1262 1589 1262 1572 1262 1588 1260 1590 1260 1572 1260 1592 1239 1593 1239 1590 1239 1593 1224 1591 1224 1590 1224 1593 1238 1594 1238 1591 1238 1595 1212 1593 1212 1592 1212 1593 1210 1596 1210 1594 1210 1597 1192 1593 1192 1595 1192 1593 1185 1598 1185 1596 1185 1597 1179 1598 1179 1593 1179 1599 1168 1600 1168 1597 1168 1600 1168 1598 1168 1597 1168 1601 1161 1600 1161 1599 1161 1602 1074 1603 1074 1600 1074 1603 1098 1604 1098 1600 1098 1604 1132 1605 1132 1600 1132 1601 1148 1606 1148 1600 1148 1606 1129 1607 1129 1600 1129 1608 1125 1602 1125 1600 1125 1609 1076 1608 1076 1600 1076 1607 1099 1609 1099 1600 1099 1605 1149 1610 1149 1600 1149 1610 1160 1598 1160 1600 1160 1611 1034 1612 1034 1608 1034 1612 1018 1602 1018 1608 1018 1612 1033 1613 1033 1602 1033 1614 959 1615 959 1612 959 1615 960 1616 960 1612 960 1616 954 1617 954 1612 954 1617 956 1618 956 1612 956 1618 950 1619 950 1612 950 1619 963 1620 963 1612 963 1620 972 1621 972 1612 972 1621 977 1622 977 1612 977 1622 979 1623 979 1612 979 1623 987 1624 987 1612 987 1611 999 1625 999 1612 999 1625 993 1626 993 1612 993 1626 980 1627 980 1612 980 1627 976 1628 976 1612 976 1628 973 1629 973 1612 973 1629 966 1630 966 1612 966 1630 951 1631 951 1612 951 1631 957 1632 957 1612 957 1632 955 1633 955 1612 955 1633 965 1634 965 1612 965 1634 961 1635 961 1612 961 1635 969 1636 969 1612 969 1636 968 1614 968 1612 968 1624 1000 1613 1000 1612 1000 1637 1303 1638 1303 1639 1303 1640 1297 1637 1297 1639 1297 1641 1299 1637 1299 1640 1299 1637 1301 1642 1301 1638 1301 1643 1295 1637 1295 1641 1295 1637 1305 1644 1305 1642 1305 1645 1293 1637 1293 1643 1293 1637 1304 1646 1304 1644 1304 1647 1291 1637 1291 1645 1291 1637 1300 1648 1300 1646 1300 1649 1296 1637 1296 1647 1296 1637 1302 1650 1302 1648 1302 1651 1284 1637 1284 1649 1284 1637 1286 1652 1286 1650 1286 1653 1273 1637 1273 1651 1273 1637 1272 1654 1272 1652 1272 1655 1263 1656 1263 1637 1263 1656 1262 1654 1262 1637 1262 1653 1260 1655 1260 1637 1260 1657 1239 1658 1239 1655 1239 1658 1224 1656 1224 1655 1224 1658 1238 1659 1238 1656 1238 1660 1212 1658 1212 1657 1212 1658 1211 1661 1211 1659 1211 1662 1192 1658 1192 1660 1192 1658 1186 1663 1186 1661 1186 1662 1179 1663 1179 1658 1179 1664 1168 1665 1168 1662 1168 1665 1168 1663 1168 1662 1168 1666 1161 1665 1161 1664 1161 1667 1075 1668 1075 1665 1075 1668 1098 1669 1098 1665 1098 1669 1131 1670 1131 1665 1131 1666 1148 1671 1148 1665 1148 1671 1129 1672 1129 1665 1129 1673 1124 1667 1124 1665 1124 1674 1076 1673 1076 1665 1076 1672 1099 1674 1099 1665 1099 1670 1150 1675 1150 1665 1150 1675 1160 1663 1160 1665 1160 1676 1034 1677 1034 1673 1034 1677 1017 1667 1017 1673 1017 1677 1032 1678 1032 1667 1032 1679 959 1680 959 1677 959 1680 960 1681 960 1677 960 1681 954 1682 954 1677 954 1682 956 1683 956 1677 956 1683 950 1684 950 1677 950 1684 963 1685 963 1677 963 1685 971 1686 971 1677 971 1686 978 1687 978 1677 978 1687 979 1688 979 1677 979 1688 987 1689 987 1677 987 1676 998 1690 998 1677 998 1690 994 1691 994 1677 994 1691 980 1692 980 1677 980 1692 976 1693 976 1677 976 1693 973 1694 973 1677 973 1694 966 1695 966 1677 966 1695 951 1696 951 1677 951 1696 957 1697 957 1677 957 1697 955 1698 955 1677 955 1698 964 1699 964 1677 964 1699 962 1700 962 1677 962 1700 969 1701 969 1677 969 1701 968 1679 968 1677 968 1689 1000 1678 1000 1677 1000 1702 481 1703 481 1704 481 1705 479 1702 479 1704 479 1706 482 1702 482 1705 482 1702 476 1707 476 1703 476 1702 472 1708 472 1707 472 1709 484 1702 484 1706 484 1702 478 1710 478 1708 478 1711 485 1702 485 1709 485 1702 474 1712 474 1710 474 1713 483 1702 483 1711 483 1702 477 1714 477 1712 477 1715 486 1702 486 1713 486 1702 489 1716 489 1714 489 1717 490 1702 490 1715 490 1702 495 1718 495 1716 495 1719 493 1702 493 1717 493 1719 537 1720 537 1702 537 1720 529 1721 529 1702 529 1721 536 1718 536 1702 536 1720 574 1722 574 1721 574 1722 562 1723 562 1721 562 1724 561 1722 561 1720 561 1722 583 1725 583 1723 583 1726 581 1722 581 1724 581 1722 595 1727 595 1725 595 1728 594 1722 594 1726 594 1728 601 1727 601 1722 601 1729 603 1730 603 1728 603 1730 603 1727 603 1728 603 1730 615 1731 615 1727 615 1732 620 1731 620 1730 620 1733 661 1734 661 1730 661 1734 647 1735 647 1730 647 1735 641 1732 641 1730 641 1729 613 1736 613 1730 613 1736 624 1737 624 1730 624 1737 637 1738 637 1730 637 1738 650 1739 650 1730 650 1739 657 1740 657 1730 657 1740 642 1733 642 1730 642 1740 693 1741 693 1733 693 1741 685 1742 685 1733 685 1743 686 1741 686 1740 686 1744 751 1745 751 1741 751 1745 750 1746 750 1741 750 1746 775 1747 775 1741 775 1747 756 1748 756 1741 756 1748 767 1749 767 1741 767 1749 741 1750 741 1741 741 1750 761 1751 761 1741 761 1751 727 1752 727 1741 727 1752 718 1753 718 1741 718 1753 703 1754 703 1741 703 1743 698 1755 698 1741 698 1755 699 1756 699 1741 699 1756 716 1757 716 1741 716 1757 729 1758 729 1741 729 1758 739 1759 739 1741 739 1759 759 1760 759 1741 759 1760 765 1761 765 1741 765 1761 753 1762 753 1741 753 1762 774 1763 774 1741 774 1763 744 1764 744 1741 744 1764 747 1765 747 1741 747 1765 743 1766 743 1741 743 1766 745 1744 745 1741 745 1754 696 1742 696 1741 696 1767 481 1768 481 1769 481 1770 479 1767 479 1769 479 1771 482 1767 482 1770 482 1767 475 1772 475 1768 475 1767 473 1773 473 1772 473 1774 484 1767 484 1771 484 1767 478 1775 478 1773 478 1776 485 1767 485 1774 485 1767 474 1777 474 1775 474 1778 483 1767 483 1776 483 1767 477 1779 477 1777 477 1780 486 1767 486 1778 486 1767 489 1781 489 1779 489 1782 491 1767 491 1780 491 1767 495 1783 495 1781 495 1784 494 1767 494 1782 494 1784 537 1785 537 1767 537 1785 529 1786 529 1767 529 1786 536 1783 536 1767 536 1785 574 1787 574 1786 574 1787 562 1788 562 1786 562 1789 561 1787 561 1785 561 1787 583 1790 583 1788 583 1791 582 1787 582 1789 582 1787 595 1792 595 1790 595 1793 593 1787 593 1791 593 1793 599 1792 599 1787 599 1794 610 1795 610 1793 610 1795 610 1792 610 1793 610 1795 615 1796 615 1792 615 1797 620 1796 620 1795 620 1798 662 1799 662 1795 662 1799 647 1800 647 1795 647 1800 641 1797 641 1795 641 1794 613 1801 613 1795 613 1801 625 1802 625 1795 625 1802 636 1803 636 1795 636 1803 650 1804 650 1795 650 1804 663 1805 663 1795 663 1805 644 1798 644 1795 644 1805 687 1806 687 1798 687 1806 672 1807 672 1798 672 1808 671 1806 671 1805 671 1809 755 1810 755 1806 755 1810 754 1811 754 1806 754 1811 778 1812 778 1806 778 1812 758 1813 758 1806 758 1813 769 1814 769 1806 769 1814 742 1815 742 1806 742 1815 763 1816 763 1806 763 1816 728 1817 728 1806 728 1817 719 1818 719 1806 719 1818 702 1819 702 1806 702 1808 697 1820 697 1806 697 1820 700 1821 700 1806 700 1821 717 1822 717 1806 717 1822 730 1823 730 1806 730 1823 740 1824 740 1806 740 1824 760 1825 760 1806 760 1825 768 1826 768 1806 768 1826 757 1827 757 1806 757 1827 776 1828 776 1806 776 1828 749 1829 749 1806 749 1829 752 1830 752 1806 752 1830 746 1831 746 1806 746 1831 748 1809 748 1806 748 1819 695 1807 695 1806 695 1832 11 1833 11 1834 11 1835 9 1832 9 1834 9 1836 10 1832 10 1835 10 1832 13 1837 13 1833 13 1832 16 1838 16 1837 16 1839 12 1832 12 1836 12 1832 18 1840 18 1838 18 1841 17 1832 17 1839 17 1832 22 1842 22 1840 22 1843 19 1832 19 1841 19 1844 20 1832 20 1843 20 1832 21 1845 21 1842 21 1832 24 1846 24 1845 24 1847 23 1832 23 1844 23 1832 27 1848 27 1846 27 1849 26 1832 26 1847 26 1832 29 1850 29 1848 29 1851 30 1832 30 1849 30 1852 33 1832 33 1851 33 1832 34 1853 34 1850 34 1832 36 1854 36 1853 36 1855 35 1832 35 1852 35 1832 54 1856 54 1854 54 1857 58 1832 58 1855 58 1832 47 1858 47 1856 47 1859 48 1832 48 1857 48 1859 126 1858 126 1832 126 1859 182 1860 182 1858 182 1860 138 1861 138 1858 138 1862 136 1860 136 1859 136 1860 157 1863 157 1861 157 1864 156 1860 156 1862 156 1860 194 1865 194 1863 194 1866 193 1860 193 1864 193 1860 208 1867 208 1865 208 1868 211 1860 211 1866 211 1869 215 1860 215 1868 215 1860 221 1870 221 1867 221 1871 246 1872 246 1869 246 1873 222 1860 222 1869 222 1872 241 1873 241 1869 241 1860 234 1873 234 1870 234 1872 248 1874 248 1873 248 1871 268 1875 268 1872 268 1875 295 1876 295 1872 295 1877 270 1874 270 1872 270 1878 296 1877 296 1872 296 1876 283 1878 283 1872 283 1876 316 1879 316 1878 316 1879 314 1880 314 1878 314 1881 315 1879 315 1876 315 1879 328 1882 328 1880 328 1883 326 1879 326 1881 326 1884 343 1885 343 1879 343 1885 335 1882 335 1879 335 1883 337 1886 337 1879 337 1886 353 1887 353 1879 353 1887 356 1888 356 1879 356 1889 346 1890 346 1879 346 1890 344 1891 344 1879 344 1891 348 1884 348 1879 348 1888 357 1892 357 1879 357 1892 358 1893 358 1879 358 1893 355 1894 355 1879 355 1894 351 1895 351 1879 351 1895 352 1896 352 1879 352 1896 349 1889 349 1879 349 1897 11 1898 11 1899 11 1900 9 1897 9 1899 9 1901 10 1897 10 1900 10 1897 14 1902 14 1898 14 1897 15 1903 15 1902 15 1904 12 1897 12 1901 12 1897 18 1905 18 1903 18 1906 17 1897 17 1904 17 1897 22 1907 22 1905 22 1908 19 1897 19 1906 19 1909 20 1897 20 1908 20 1897 21 1910 21 1907 21 1897 24 1911 24 1910 24 1912 23 1897 23 1909 23 1897 27 1913 27 1911 27 1914 25 1897 25 1912 25 1897 29 1915 29 1913 29 1916 31 1897 31 1914 31 1917 33 1897 33 1916 33 1897 34 1918 34 1915 34 1897 37 1919 37 1918 37 1920 35 1897 35 1917 35 1897 55 1921 55 1919 55 1922 58 1897 58 1920 58 1897 47 1923 47 1921 47 1924 49 1897 49 1922 49 1924 126 1923 126 1897 126 1924 183 1925 183 1923 183 1925 138 1926 138 1923 138 1927 137 1925 137 1924 137 1925 157 1928 157 1926 157 1929 156 1925 156 1927 156 1925 194 1930 194 1928 194 1931 192 1925 192 1929 192 1925 208 1932 208 1930 208 1933 212 1925 212 1931 212 1934 215 1925 215 1933 215 1925 221 1935 221 1932 221 1936 247 1937 247 1934 247 1938 222 1925 222 1934 222 1937 241 1938 241 1934 241 1925 234 1938 234 1935 234 1937 248 1939 248 1938 248 1936 269 1940 269 1937 269 1940 295 1941 295 1937 295 1942 270 1939 270 1937 270 1943 296 1942 296 1937 296 1941 283 1943 283 1937 283 1941 316 1944 316 1943 316 1944 314 1945 314 1943 314 1946 315 1944 315 1941 315 1944 328 1947 328 1945 328 1948 327 1944 327 1946 327 1949 343 1950 343 1944 343 1950 335 1947 335 1944 335 1948 338 1951 338 1944 338 1951 353 1952 353 1944 353 1952 356 1953 356 1944 356 1954 347 1955 347 1944 347 1955 345 1956 345 1944 345 1956 348 1949 348 1944 348 1953 357 1957 357 1944 357 1957 358 1958 358 1944 358 1958 355 1959 355 1944 355 1959 351 1960 351 1944 351 1960 352 1961 352 1944 352 1961 350 1954 350 1944 350 1962 431 1963 431 1964 431 1965 432 1962 432 1964 432 1966 429 1962 429 1965 429 1962 438 1967 438 1963 438 1962 441 1968 441 1967 441 1969 428 1962 428 1966 428 1962 436 1970 436 1968 436 1971 430 1962 430 1969 430 1962 437 1972 437 1970 437 1973 427 1962 427 1971 427 1962 434 1974 434 1972 434 1975 426 1962 426 1973 426 1962 422 1976 422 1974 422 1977 421 1962 421 1975 421 1962 415 1978 415 1976 415 1979 417 1962 417 1977 417 1979 368 1980 368 1962 368 1980 378 1981 378 1962 378 1981 369 1978 369 1962 369 1980 330 1982 330 1981 330 1982 341 1983 341 1981 341 1984 342 1982 342 1980 342 1982 323 1985 323 1983 323 1986 325 1982 325 1984 325 1982 311 1987 311 1985 311 1988 312 1982 312 1986 312 1988 308 1987 308 1982 308 1989 306 1990 306 1988 306 1990 306 1987 306 1988 306 1991 298 1987 298 1990 298 1992 284 1991 284 1990 284 1993 245 1994 245 1990 245 1994 260 1995 260 1990 260 1995 265 1992 265 1990 265 1989 297 1996 297 1990 297 1996 289 1997 289 1990 289 1997 272 1998 272 1990 272 1998 256 1999 256 1990 256 1999 244 2000 244 1990 244 2000 263 1993 263 1990 263 2000 240 2001 240 1993 240 2001 236 2002 236 1993 236 2003 240 2001 240 2000 240 2004 169 2005 169 2001 169 2005 161 2006 161 2001 161 2006 158 2007 158 2001 158 2007 165 2008 165 2001 165 2008 154 2009 154 2001 154 2009 164 2010 164 2001 164 2010 175 2011 175 2001 175 2011 190 2012 190 2001 190 2012 195 2013 195 2001 195 2013 210 2014 210 2001 210 2003 216 2015 216 2001 216 2015 197 2016 197 2001 197 2016 196 2017 196 2001 196 2017 189 2018 189 2001 189 2018 173 2019 173 2001 173 2019 167 2020 167 2001 167 2020 155 2021 155 2001 155 2021 166 2022 166 2001 166 2022 160 2023 160 2001 160 2023 163 2024 163 2001 163 2024 170 2025 170 2001 170 2025 171 2026 171 2001 171 2026 172 2004 172 2001 172 2014 213 2002 213 2001 213 2027 431 2028 431 2029 431 2030 432 2027 432 2029 432 2031 429 2027 429 2030 429 2027 439 2032 439 2028 439 2027 440 2033 440 2032 440 2034 428 2027 428 2031 428 2027 436 2035 436 2033 436 2036 430 2027 430 2034 430 2027 437 2037 437 2035 437 2038 427 2027 427 2036 427 2027 434 2039 434 2037 434 2040 426 2027 426 2038 426 2027 422 2041 422 2039 422 2042 420 2027 420 2040 420 2027 415 2043 415 2041 415 2044 416 2027 416 2042 416 2044 368 2045 368 2027 368 2045 378 2046 378 2027 378 2046 369 2043 369 2027 369 2045 330 2047 330 2046 330 2047 341 2048 341 2046 341 2049 342 2047 342 2045 342 2047 323 2050 323 2048 323 2051 324 2047 324 2049 324 2047 311 2052 311 2050 311 2053 313 2047 313 2051 313 2053 308 2052 308 2047 308 2054 306 2055 306 2053 306 2055 306 2052 306 2053 306 2056 298 2052 298 2055 298 2057 284 2056 284 2055 284 2058 245 2059 245 2055 245 2059 260 2060 260 2055 260 2060 265 2057 265 2055 265 2054 297 2061 297 2055 297 2061 288 2062 288 2055 288 2062 273 2063 273 2055 273 2063 256 2064 256 2055 256 2064 243 2065 243 2055 243 2065 262 2058 262 2055 262 2065 239 2066 239 2058 239 2066 236 2067 236 2058 236 2068 238 2066 238 2065 238 2069 168 2070 168 2066 168 2070 162 2071 162 2066 162 2071 159 2072 159 2066 159 2072 165 2073 165 2066 165 2073 154 2074 154 2066 154 2074 164 2075 164 2066 164 2075 175 2076 175 2066 175 2076 190 2077 190 2066 190 2077 195 2078 195 2066 195 2078 209 2079 209 2066 209 2068 216 2080 216 2066 216 2080 197 2081 197 2066 197 2081 196 2082 196 2066 196 2082 188 2083 188 2066 188 2083 174 2084 174 2066 174 2084 167 2085 167 2066 167 2085 155 2086 155 2066 155 2086 166 2087 166 2066 166 2087 160 2088 160 2066 160 2088 163 2089 163 2066 163 2089 170 2090 170 2066 170 2090 171 2091 171 2066 171 2091 172 2069 172 2066 172 2079 214 2067 214 2066 214 2092 879 2093 879 2094 879 2095 888 2092 888 2094 888 2096 894 2092 894 2095 894 2092 895 2097 895 2098 895 2099 891 2092 891 2098 891 2100 880 2092 880 2099 880 2092 873 2101 873 2093 873 2102 872 2092 872 2100 872 2103 898 2092 898 2096 898 2092 899 2104 899 2097 899 2105 896 2092 896 2103 896 2092 897 2106 897 2104 897 2107 868 2092 868 2102 868 2092 867 2108 867 2101 867 2109 886 2092 886 2105 886 2092 892 2110 892 2106 892 2111 890 2092 890 2109 890 2092 893 2112 893 2110 893 2113 884 2092 884 2111 884 2092 885 2113 885 2112 885 2092 862 2114 862 2108 862 2115 863 2092 863 2107 863 2092 837 2116 837 2114 837 2117 832 2092 832 2115 832 2092 850 2118 850 2116 850 2119 851 2092 851 2117 851 2119 870 2118 870 2092 870 2119 731 2120 731 2118 731 2120 787 2121 787 2118 787 2122 789 2120 789 2119 789 2120 762 2123 762 2121 762 2124 764 2120 764 2122 764 2120 723 2125 723 2123 723 2126 721 2120 721 2124 721 2120 707 2127 707 2125 707 2128 706 2120 706 2126 706 2129 689 2120 689 2128 689 2120 688 2130 688 2127 688 2120 679 2131 679 2130 679 2129 680 2131 680 2120 680 2132 666 2133 666 2129 666 2133 668 2131 668 2129 668 2133 655 2134 655 2131 655 2132 634 2135 634 2133 634 2135 617 2136 617 2133 617 2137 632 2134 632 2133 632 2138 616 2137 616 2133 616 2136 629 2138 629 2133 629 2136 590 2139 590 2138 590 2139 592 2140 592 2138 592 2141 591 2139 591 2136 591 2139 577 2142 577 2140 577 2143 579 2139 579 2141 579 2144 552 2145 552 2139 552 2145 567 2142 567 2139 567 2143 566 2146 566 2139 566 2146 550 2147 550 2139 550 2147 548 2148 548 2139 548 2149 557 2150 557 2139 557 2150 559 2151 559 2139 559 2151 560 2144 560 2139 560 2148 546 2152 546 2139 546 2152 545 2153 545 2139 545 2153 549 2154 549 2139 549 2154 555 2155 555 2139 555 2155 551 2156 551 2139 551 2156 554 2149 554 2139 554 2157 879 2158 879 2159 879 2160 888 2157 888 2159 888 2161 894 2157 894 2160 894 2157 895 2162 895 2163 895 2164 891 2157 891 2163 891 2165 881 2157 881 2164 881 2157 873 2166 873 2158 873 2167 871 2157 871 2165 871 2168 898 2157 898 2161 898 2157 899 2169 899 2162 899 2170 896 2157 896 2168 896 2157 897 2171 897 2169 897 2172 868 2157 868 2167 868 2157 867 2173 867 2166 867 2174 887 2157 887 2170 887 2157 892 2175 892 2171 892 2176 889 2157 889 2174 889 2157 893 2177 893 2175 893 2178 884 2157 884 2176 884 2157 885 2178 885 2177 885 2157 861 2179 861 2173 861 2180 863 2157 863 2172 863 2157 838 2181 838 2179 838 2182 832 2157 832 2180 832 2157 850 2183 850 2181 850 2184 852 2157 852 2182 852 2184 869 2183 869 2157 869 2184 732 2185 732 2183 732 2185 787 2186 787 2183 787 2187 788 2185 788 2184 788 2185 762 2188 762 2186 762 2189 764 2185 764 2187 764 2185 723 2190 723 2188 723 2191 722 2185 722 2189 722 2185 707 2192 707 2190 707 2193 705 2185 705 2191 705 2194 689 2185 689 2193 689 2185 688 2195 688 2192 688 2185 679 2196 679 2195 679 2194 680 2196 680 2185 680 2197 665 2198 665 2194 665 2198 668 2196 668 2194 668 2198 655 2199 655 2196 655 2197 633 2200 633 2198 633 2200 617 2201 617 2198 617 2202 632 2199 632 2198 632 2203 616 2202 616 2198 616 2201 629 2203 629 2198 629 2201 590 2204 590 2203 590 2204 592 2205 592 2203 592 2206 591 2204 591 2201 591 2204 577 2207 577 2205 577 2208 578 2204 578 2206 578 2209 552 2210 552 2204 552 2210 567 2207 567 2204 567 2208 565 2211 565 2204 565 2211 550 2212 550 2204 550 2212 548 2213 548 2204 548 2214 556 2215 556 2204 556 2215 558 2216 558 2204 558 2216 560 2209 560 2204 560 2213 546 2217 546 2204 546 2217 545 2218 545 2204 545 2218 549 2219 549 2204 549 2219 555 2220 555 2204 555 2220 551 2221 551 2204 551 2221 553 2214 553 2204 553 2222 1113 2223 1113 2224 1113 2225 1112 2222 1112 2224 1112 2226 1108 2222 1108 2225 1108 2222 1109 2227 1109 2223 1109 2228 1101 2222 1101 2226 1101 2222 1104 2229 1104 2227 1104 2230 1095 2222 1095 2228 1095 2222 1097 2231 1097 2229 1097 2232 1105 2222 1105 2230 1105 2222 1106 2233 1106 2231 1106 2234 1091 2222 1091 2232 1091 2222 1092 2235 1092 2233 1092 2236 1100 2222 1100 2234 1100 2222 1103 2237 1103 2235 1103 2238 1114 2222 1114 2236 1114 2222 1110 2239 1110 2237 1110 2240 1128 2222 1128 2238 1128 2222 1127 2241 1127 2239 1127 2242 1135 2222 1135 2240 1135 2222 1136 2243 1136 2241 1136 2244 1146 2222 1146 2242 1146 2222 1147 2245 1147 2243 1147 2246 1153 2222 1153 2244 1153 2222 1152 2247 1152 2245 1152 2248 1173 2222 1173 2246 1173 2222 1174 2249 1174 2247 1174 2248 1167 2249 1167 2222 1167 2250 1183 2251 1183 2248 1183 2251 1204 2249 1204 2248 1204 2251 1182 2252 1182 2249 1182 2253 1199 2251 1199 2250 1199 2251 1195 2254 1195 2252 1195 2251 1213 2255 1213 2254 1213 2256 1206 2251 1206 2253 1206 2257 1233 2251 1233 2256 1233 2251 1230 2258 1230 2255 1230 2259 1240 2251 1240 2257 1240 2251 1241 2260 1241 2258 1241 2261 1256 2262 1256 2259 1256 2262 1253 2263 1253 2259 1253 2263 1251 2251 1251 2259 1251 2263 1250 2260 1250 2251 1250 2262 1259 2264 1259 2263 1259 2265 1290 2266 1290 2262 1290 2267 1276 2265 1276 2262 1276 2261 1268 2268 1268 2262 1268 2268 1289 2267 1289 2262 1289 2266 1270 2264 1270 2262 1270 2269 1323 2265 1323 2267 1323 2270 1315 2269 1315 2267 1315 2269 1314 2271 1314 2265 1314 2272 1357 2269 1357 2270 1357 2269 1359 2273 1359 2271 1359 2274 1367 2275 1367 2269 1367 2275 1364 2273 1364 2269 1364 2272 1365 2276 1365 2269 1365 2276 1368 2277 1368 2269 1368 2277 1378 2278 1378 2269 1378 2279 1369 2280 1369 2269 1369 2280 1371 2281 1371 2269 1371 2281 1370 2274 1370 2269 1370 2278 1381 2282 1381 2269 1381 2282 1380 2283 1380 2269 1380 2283 1376 2284 1376 2269 1376 2284 1373 2285 1373 2269 1373 2285 1375 2286 1375 2269 1375 2286 1372 2279 1372 2269 1372 2287 1113 2288 1113 2289 1113 2290 1112 2287 1112 2289 1112 2291 1107 2287 1107 2290 1107 2287 1109 2292 1109 2288 1109 2293 1102 2287 1102 2291 1102 2287 1104 2294 1104 2292 1104 2295 1096 2287 1096 2293 1096 2287 1097 2296 1097 2294 1097 2297 1105 2287 1105 2295 1105 2287 1106 2298 1106 2296 1106 2299 1091 2287 1091 2297 1091 2287 1092 2300 1092 2298 1092 2301 1100 2287 1100 2299 1100 2287 1103 2302 1103 2300 1103 2303 1114 2287 1114 2301 1114 2287 1111 2304 1111 2302 1111 2305 1128 2287 1128 2303 1128 2287 1126 2306 1126 2304 1126 2307 1135 2287 1135 2305 1135 2287 1136 2308 1136 2306 1136 2309 1145 2287 1145 2307 1145 2287 1147 2310 1147 2308 1147 2311 1154 2287 1154 2309 1154 2287 1152 2312 1152 2310 1152 2313 1173 2287 1173 2311 1173 2287 1175 2314 1175 2312 1175 2313 1167 2314 1167 2287 1167 2315 1183 2316 1183 2313 1183 2316 1203 2314 1203 2313 1203 2316 1181 2317 1181 2314 1181 2318 1199 2316 1199 2315 1199 2316 1195 2319 1195 2317 1195 2316 1214 2320 1214 2319 1214 2321 1206 2316 1206 2318 1206 2322 1233 2316 1233 2321 1233 2316 1229 2323 1229 2320 1229 2324 1240 2316 1240 2322 1240 2316 1241 2325 1241 2323 1241 2326 1256 2327 1256 2324 1256 2327 1253 2328 1253 2324 1253 2328 1251 2316 1251 2324 1251 2328 1250 2325 1250 2316 1250 2327 1258 2329 1258 2328 1258 2330 1290 2331 1290 2327 1290 2332 1276 2330 1276 2327 1276 2326 1268 2333 1268 2327 1268 2333 1289 2332 1289 2327 1289 2331 1269 2329 1269 2327 1269 2334 1323 2330 1323 2332 1323 2335 1315 2334 1315 2332 1315 2334 1314 2336 1314 2330 1314 2337 1357 2334 1357 2335 1357 2334 1358 2338 1358 2336 1358 2339 1367 2340 1367 2334 1367 2340 1363 2338 1363 2334 1363 2337 1365 2341 1365 2334 1365 2341 1368 2342 1368 2334 1368 2342 1378 2343 1378 2334 1378 2344 1369 2345 1369 2334 1369 2345 1371 2346 1371 2334 1371 2346 1370 2339 1370 2334 1370 2343 1381 2347 1381 2334 1381 2347 1379 2348 1379 2334 1379 2348 1377 2349 1377 2334 1377 2349 1373 2350 1373 2334 1373 2350 1375 2351 1375 2334 1375 2351 1372 2344 1372 2334 1372 2352 1807 2353 1807 2354 1807 2352 1806 2355 1806 2353 1806 2356 859 2357 859 2358 859 2357 860 2359 860 2358 860 2359 1275 2360 1275 2361 1275 2360 469 2362 469 2361 469 2363 621 2360 621 2357 621 2360 643 2359 643 2357 643 2363 470 2362 470 2360 470 2364 464 2362 464 2363 464 2364 365 2365 365 2362 365 2366 307 2365 307 2364 307 2366 237 2367 237 2365 237 2366 39 2368 39 2367 39 2368 38 2369 38 2367 38 2370 798 2371 798 2372 798 2370 988 2373 988 2371 988 2373 986 2374 986 2371 986 2375 991 2370 991 2376 991 2375 989 2373 989 2370 989 2377 1402 2374 1402 2373 1402 2377 1410 2378 1410 2374 1410 2379 926 2380 926 2381 926 2382 926 2379 926 2381 926 2383 926 2380 926 2379 926 2384 926 2380 926 2383 926 2377 1804 2385 1804 2378 1804 2385 1799 2386 1799 2378 1799 2380 1801 2377 1801 2381 1801 2380 1805 2385 1805 2377 1805 2385 1399 2387 1399 2386 1399 2388 1390 2387 1390 2385 1390 2389 926 2390 926 2391 926 2392 926 2389 926 2391 926 2393 926 2389 926 2392 926 2394 926 2393 926 2392 926 2387 849 2395 849 2396 849 2388 854 2392 854 2391 854 2395 856 2388 856 2391 856 2387 857 2388 857 2395 857 2396 453 2395 453 2397 453 2398 926 2399 926 2400 926 2399 926 2401 926 2400 926 2401 926 2402 926 2400 926 2398 926 2403 926 2399 926 2396 46 2404 46 2371 46 2397 42 2398 42 2400 42 2404 44 2397 44 2400 44 2396 45 2397 45 2404 45 2371 354 2404 354 2372 354 2356 932 2405 932 2371 932 2374 926 2357 926 2371 926 2357 920 2356 920 2371 920 2364 926 2363 926 2374 926 2363 926 2357 926 2374 926 2405 926 2406 926 2371 926 2406 926 2353 926 2371 926 2353 926 2396 926 2371 926 2378 926 2364 926 2374 926 2366 931 2364 931 2378 931 2386 926 2368 926 2378 926 2368 915 2366 915 2378 915 2355 940 2396 940 2353 940 2407 918 2396 918 2355 918 2386 926 2408 926 2368 926 2386 926 2409 926 2408 926 2410 926 2396 926 2407 926 2386 926 2387 926 2409 926 2411 926 2396 926 2410 926 2387 916 2412 916 2409 916 2387 926 2396 926 2411 926 2412 930 2387 930 2411 930 2413 984 2411 984 2414 984 2413 985 2412 985 2411 985 2408 290 2415 290 2368 290 2415 282 2369 282 2368 282 2408 444 2416 444 2415 444 2409 448 2416 448 2408 448 2409 544 2417 544 2416 544 2412 600 2417 600 2409 600 2412 669 2413 669 2417 669 2415 496 2418 496 2369 496 2369 792 2419 792 2367 792 2420 848 2421 848 2422 848 2421 865 2423 865 2422 865 2420 664 2358 664 2421 664 2424 866 2423 866 2421 866 2424 875 2361 875 2423 875 2358 882 2359 882 2425 882 2420 1178 2356 1178 2358 1178 2420 1252 2405 1252 2356 1252 2420 1313 2426 1313 2405 1313 2426 1405 2406 1405 2405 1405 2427 1413 2406 1413 2426 1413 2427 1565 2353 1565 2406 1565 2354 1590 2353 1590 2427 1590 2428 1412 2427 1412 2426 1412 2428 1397 2354 1397 2427 1397 2429 1072 2352 1072 2354 1072 2430 1616 2355 1616 2352 1616 2430 1549 2407 1549 2355 1549 2430 1495 2431 1495 2407 1495 2431 1388 2410 1388 2407 1388 2432 1386 2410 1386 2431 1386 2432 1231 2411 1231 2410 1231 2414 1223 2411 1223 2432 1223 2432 611 2433 611 2414 611 2434 970 2413 970 2414 970 2435 1487 2428 1487 2436 1487 2437 1436 2438 1436 2436 1436 2438 1414 2435 1414 2436 1414 2438 1475 2430 1475 2352 1475 2438 1473 2437 1473 2430 1473 2439 997 2433 997 2432 997 2439 974 2440 974 2433 974 2441 1028 2442 1028 2417 1028 2413 1184 2441 1184 2417 1184 2439 981 2441 981 2440 981 2442 982 2441 982 2439 982 2365 381 2443 381 2444 381 2443 423 2445 423 2444 423 2365 379 2367 379 2443 379 2446 410 2445 410 2443 410 2445 370 2446 370 2418 370 2445 1133 2447 1133 2444 1133 2447 572 2448 572 2444 572 2448 463 2449 463 2444 463 2361 651 2362 651 2423 651 2362 580 2450 580 2423 580 2362 452 2444 452 2450 452 2362 451 2365 451 2444 451 2422 878 2451 878 2452 878 2453 952 2422 952 2452 952 2423 877 2451 877 2422 877 2423 797 2454 797 2451 797 2426 1205 2420 1205 2422 1205 2455 1235 2426 1235 2422 1235 2436 1392 2426 1392 2455 1392 2428 1403 2426 1403 2436 1403 2456 1391 2457 1391 2436 1391 2457 1277 2437 1277 2436 1277 2458 996 2437 996 2457 996 2437 1406 2459 1406 2430 1406 2459 1401 2431 1401 2430 1401 2459 1362 2460 1362 2431 1362 2460 1283 2432 1283 2431 1283 2460 1134 2439 1134 2432 1134 2461 903 2462 903 2439 903 2462 949 2442 949 2439 949 2415 413 2445 413 2418 413 2463 435 2445 435 2415 435 2416 462 2463 462 2415 462 2464 467 2463 467 2416 467 2417 638 2464 638 2416 638 2442 704 2464 704 2417 704 2465 925 2376 925 2466 925 2376 926 2467 926 2466 926 2468 925 2375 925 2465 925 2375 926 2376 926 2465 926</p>
        </triangles>
      </mesh>
    </geometry>
  </library_geometries>
  <library_visual_scenes>
    <visual_scene id="Scene" name="Scene">
      <node id="Object" name="Object" type="NODE">
        <instance_geometry url="#geometry">
          <bind_material>
            <technique_common>
              <instance_material symbol="MATERIAL" target="#mat" />
            </technique_common>
          </bind_material>
        </instance_geometry>
      </node>
    </visual_scene>
  </library_visual_scenes>
  <scene>
    <instance_visual_scene url="#Scene" />
  </scene>
</COLLADA>