<?xml version='1.0' encoding='utf-8'?>
<COLLADA xmlns="http://www.collada.org/2005/11/COLLADASchema" version="1.4.1">
  <asset>
    <contributor>
      <authoring_tool>RM27 reviewed Blender visual export</authoring_tool>
    </contributor>
    <created>2026-10-07T00:00:00Z</created>
    <modified>2026-10-07T00:00:00Z</modified>
    <unit name="meter" meter="1" />
    <up_axis>Z_UP</up_axis>
  </asset>
  <library_effects>
    <effect id="fx">
      <profile_COMMON>
        <technique sid="common">
          <phong>
            <emission>
              <color>0 0 0 1</color>
            </emission>
            <ambient>
              <color>0.2 0.2 0.2 1</color>
            </ambient>
            <diffuse>
              <color>0.2 0.2 0.2 1</color>
            </diffuse>
            <specular>
              <color>0.08 0.08 0.08 1</color>
            </specular>
            <shininess>
              <float>12</float>
            </shininess>
          </phong>
        </technique>
      </profile_COMMON>
    </effect>
  </library_effects>
  <library_materials>
    <material id="mat" name="source_color">
      <instance_effect url="#fx" />
    </material>
  </library_materials>
  <library_geometries>
    <geometry id="geometry" name="geometry">
      <mesh>
        <source id="positions">
          <float_array id="positions-array" count="3570">-0.592800438404 -0.179999962449 0.120000056922 -0.592800438404 -0.179999962449 0.150000020862 -0.592800438404 0.180000051856 0.120000056922 -0.592800438404 0.180000051856 0.150000020862 -0.552799522877 -0.25 0.0849999710917 -0.552799522877 -0.25 0.120000056922 -0.552799522877 -0.210000053048 0.120000056922 -0.552799522877 -0.179999962449 0.120000056922 -0.552799522877 0.180000051856 0.120000056922 -0.552799522877 0.210000023246 0.120000056922 -0.552799522877 0.249999985099 0.0849999710917 -0.552799522877 0.249999985099 0.120000056922 -0.526945412159 0.379988908768 0.120000056922 -0.526944458485 -0.379988789558 0.120000056922 -0.524200737476 -0.378602385521 0.120000056922 -0.524197876453 0.378599643707 0.120000056922 -0.522805511951 -0.375833630562 0.120000056922 -0.522805511951 0.375832438469 0.120000056922 -0.522799789906 -0.350000023842 0.120000056922 -0.522799789906 0.350000023842 0.120000056922 -0.516040146351 -0.383000016212 0.120000056922 -0.516040146351 -0.379999995232 0.120000056922 -0.516040146351 0.379999995232 0.120000056922 -0.516040146351 0.383000016212 0.120000056922 -0.416039764881 -0.383000016212 0.120000056922 -0.416039764881 -0.379999995232 0.120000056922 -0.416039764881 0.379999995232 0.120000056922 -0.416039764881 0.383000016212 0.120000056922 -0.210580170155 -0.383000016212 0.120000056922 -0.210580170155 -0.379999995232 0.120000056922 -0.210580170155 0.379999995232 0.120000056922 -0.210580170155 0.383000016212 0.120000056922 -0.182799637318 -0.350000023842 0.120000056922 -0.182799637318 -0.350000023842 0.150000020862 -0.182799637318 -0.24800004065 0.150000020862 -0.182799637318 -0.24800004065 0.156999990344 -0.182799637318 -0.233000054955 0.156999990344 -0.182799637318 -0.233000054955 0.17600004375 -0.182799637318 -0.232000008225 0.176999971271 -0.182799637318 -0.228999987245 0.151999995112 -0.182799637318 -0.228500023484 0.154328987002 -0.182799637318 -0.228000059724 0.153000041842 -0.182799637318 -0.228000059724 0.169500038028 -0.182799637318 -0.227999821305 0.166827604175 -0.182799637318 -0.227947846055 0.156043216586 -0.182799637318 -0.227000012994 0.151999995112 -0.182799637318 -0.226214423776 0.167877957225 -0.182799637318 -0.225443378091 0.169475838542 -0.182799637318 -0.224067106843 0.16056625545 -0.182799637318 -0.222653999925 0.120000056922 -0.182799637318 -0.217999950051 0.166706010699 -0.182799637318 -0.211378350854 0.159462377429 -0.182799637318 -0.211254492402 0.161899968982 -0.182799637318 -0.211084976792 0.154328987002 -0.182799637318 -0.211084976792 0.165995046496 -0.182799637318 -0.210587158799 0.16947452724 -0.182799637318 -0.210000053048 0.120000056922 -0.182799637318 -0.210000053048 0.150000020862 -0.182799637318 -0.209717169404 0.167706057429 -0.182799637318 -0.209715619683 0.164297863841 -0.182799637318 -0.209000006318 0.151999995112 -0.182799637318 -0.208024516702 0.166899845004 -0.182799637318 -0.20800806582 0.165103361011 -0.182799637318 -0.208004489541 0.156060621142 -0.182799637318 -0.207999959588 0.153000041842 -0.182799637318 -0.207999959588 0.169500038028 -0.182799637318 -0.207000032067 0.151999995112 -0.182799637318 -0.204000011086 0.176999971271 -0.182799637318 -0.202999964356 0.156999990344 -0.182799637318 -0.202999964356 0.165995046496 -0.182799637318 -0.202999964356 0.17600004375 -0.182799637318 -0.187999978662 0.151999995112 -0.182799637318 -0.187999978662 0.156999990344 -0.182799637318 -0.179999962449 0.120000056922 -0.182799637318 -0.179999962449 0.150000020862 -0.182799637318 0.180000051856 0.120000056922 -0.182799637318 0.180000051856 0.150000020862 -0.182799637318 0.187999948859 0.151999995112 -0.182799637318 0.187999948859 0.156999990344 -0.182799637318 0.202999934554 0.156999990344 -0.182799637318 0.202999934554 0.17600004375 -0.182799637318 0.203999981284 0.176999971271 -0.182799637318 0.207000002265 0.151999995112 -0.182799637318 0.208000048995 0.153000041842 -0.182799637318 0.208000048995 0.169500038028 -0.182799637318 0.208004459739 0.156060740352 -0.182799637318 0.208010181785 0.165121719241 -0.182799637318 0.208030208945 0.166884824634 -0.182799637318 0.208999976516 0.151999995112 -0.182799637318 0.209785565734 0.167877957225 -0.182799637318 0.210000023246 0.120000056922 -0.182799637318 0.210000023246 0.150000020862 -0.182799637318 0.210078820586 0.163546726108 -0.182799637318 0.210520371795 0.169413134456 -0.182799637318 0.211377963424 0.159462019801 -0.182799637318 0.211380466819 0.161841318011 -0.182799637318 0.21567080915 0.15870372951 -0.182799637318 0.223786219954 0.120000056922 -0.182799637318 0.224621638656 0.159462377429 -0.182799637318 0.224745616317 0.161900088191 -0.182799637318 0.225442752242 0.169475600123 -0.182799637318 0.225514993072 0.154328987002 -0.182799637318 0.226114973426 0.165995046496 -0.182799637318 0.226213440299 0.167877957225 -0.182799637318 0.226284369826 0.164297863841 -0.182799637318 0.226999983191 0.151999995112 -0.182799637318 0.227969631553 0.166884347796 -0.182799637318 0.22799192369 0.165103361011 -0.182799637318 0.227995499969 0.156060621142 -0.182799637318 0.228000029922 0.153000041842 -0.182799637318 0.228000029922 0.169500038028 -0.182799637318 0.228999957442 0.151999995112 -0.182799637318 0.231999978423 0.176999971271 -0.182799637318 0.233000025153 0.156999990344 -0.182799637318 0.233000025153 0.165995046496 -0.182799637318 0.233000025153 0.17600004375 -0.182799637318 0.350000023842 0.120000056922 -0.182799637318 0.350000023842 0.150000020862 -0.182786285877 0.249888285995 0.150000020862 -0.182737648487 0.249892100692 0.156999990344 -0.18043833971 -0.218454256654 0.120000056922 -0.18043833971 0.217545732856 0.120000056922 -0.179566681385 -0.215888038278 0.120000056922 -0.179566681385 0.220111951232 0.120000056922 -0.179316818714 -0.220171585679 0.120000056922 -0.179149925709 0.205749973655 0.120000056922 -0.178880035877 -0.379999995232 1.62014019489 -0.178742706776 0.215411409736 0.120000056922 -0.177852928638 -0.241047874093 0.120000056922 -0.177852928638 -0.193047896028 0.120000056922 -0.177852928638 0.193047627807 0.120000056922 -0.177852928638 0.241047725081 0.120000056922 -0.177799522877 -0.220626249909 0.120000056922 -0.177112877369 -0.215442195535 0.120000056922 -0.177112877369 0.220557793975 0.120000056922 -0.176954567432 0.195996984839 0.120000056922 -0.176954567432 0.243996962905 0.120000056922 -0.176953613758 -0.24399651587 0.120000056922 -0.176953613758 -0.195996537805 0.120000056922 -0.17599517107 0.191869243979 0.120000056922 -0.17599517107 0.239869341254 0.120000056922 -0.175993263721 -0.239868894219 0.120000056922 -0.175993263721 -0.191868916154 0.120000056922 -0.175888359547 -0.219927087426 0.120000056922 -0.175888359547 0.216072902083 0.120000056922 -0.175210297108 -0.217065945268 0.120000056922 -0.175210297108 0.218934044242 0.120000056922 -0.174256622791 -0.243559136987 0.120000056922 -0.174256622791 -0.195559158921 0.120000056922 -0.174255669117 0.24044393003 0.120000056922 -0.174254715443 0.192444190383 0.120000056922 -0.173801720142 -0.240849509835 0.120000056922 -0.173801720142 -0.19284941256 0.120000056922 -0.173801720142 0.195150598884 0.120000056922 -0.173801720142 0.243150576949 0.120000056922 -0.172300636768 -0.383000016212 0.120000056922 -0.171110451221 -0.379999995232 1.64911627769 -0.16191893816 -0.242560520768 0.120000056922 -0.16191893816 -0.194560423493 0.120000056922 -0.16191893816 0.193439468741 0.120000056922 -0.16191893816 0.241439566016 0.120000056922 -0.161230385303 -0.24029506743 0.120000056922 -0.161230385303 -0.192294970155 0.120000056922 -0.161230385303 0.195706829429 0.120000056922 -0.161229431629 0.243706807494 0.120000056922 -0.159799873829 0.191695079207 0.120000056922 -0.159799873829 0.239695176482 0.120000056922 -0.159796059132 -0.244305506349 0.120000056922 -0.159796059132 -0.196305528283 0.120000056922 -0.15850096941 -0.240147605538 0.120000056922 -0.15850096941 -0.192147508264 0.120000056922 -0.15850096941 0.195852503181 0.120000056922 -0.15850096941 0.243852481246 0.120000056922 -0.157680809498 -0.242561593652 0.120000056922 -0.157680809498 -0.194561496377 0.120000056922 -0.157680809498 0.193438395858 0.120000056922 -0.157680809498 0.241438493133 0.120000056922 -0.155249893665 -0.383000016212 0.120000056922 -0.155249893665 -0.218000069261 0.120000056922 -0.155249893665 0.218000039458 0.120000056922 -0.153040230274 0.249951466918 0.156999990344 -0.152806580067 0.249843582511 0.150000020862 -0.152799904346 -0.350000023842 0.120000056922 -0.152799904346 -0.350000023842 0.150000020862 -0.152799904346 -0.24800004065 0.150000020862 -0.152799904346 -0.24800004065 0.156999990344 -0.152799904346 -0.238545075059 0.156974479556 -0.152799904346 -0.233000054955 0.150000020862 -0.152799904346 -0.233000054955 0.151999995112 -0.152799904346 -0.228999987245 0.151999995112 -0.152799904346 -0.228000059724 0.153000041842 -0.152799904346 -0.228000059724 0.155656978488 -0.152799904346 -0.227984204888 0.165107771754 -0.152799904346 -0.227902546525 0.156577989459 -0.152799904346 -0.224155321717 0.160862132907 -0.152799904346 -0.208529964089 0.156600043178 -0.152799904346 -0.207999959588 0.153000041842 -0.152799904346 -0.207999959588 0.156600043178 -0.152799904346 -0.207000032067 0.151999995112 -0.152799904346 -0.202999964356 0.150000020862 -0.152799904346 -0.202999964356 0.151999995112 -0.152799904346 -0.195933237672 0.15700058639 -0.152799904346 -0.187999978662 0.151999995112 -0.152799904346 -0.187999978662 0.156999990344 -0.152799904346 0.187999948859 0.151999995112 -0.152799904346 0.187999948859 0.156999990344 -0.152799904346 0.197069987655 0.156999990344 -0.152799904346 0.197469934821 0.156600043178 -0.152799904346 0.202999934554 0.150000020862 -0.152799904346 0.202999934554 0.151999995112 -0.152799904346 0.207000002265 0.151999995112 -0.152799904346 0.208000048995 0.153000041842 -0.152799904346 0.208000048995 0.156600043178 -0.152799904346 0.228000029922 0.153000041842 -0.152799904346 0.228000029922 0.156600043178 -0.152799904346 0.228999957442 0.151999995112 -0.152799904346 0.233000025153 0.150000020862 -0.152799904346 0.233000025153 0.151999995112 -0.152799904346 0.238469943404 0.156600043178 -0.152799904346 0.23887000978 0.156999990344 -0.152799904346 0.350000023842 0.120000056922 -0.152799904346 0.350000023842 0.150000020862 -0.139299690723 -0.238530054688 0.156600043178 -0.139299690723 -0.238000050187 0.156600043178 -0.139299690723 -0.197999849916 0.156591102481 -0.139299690723 -0.196529999375 0.157599970698 -0.120421715081 -0.218693986535 0.150000020862 -0.119404144585 -0.215704336762 0.150000020862 -0.118918724358 -0.22040130198 0.150000020862 -0.116883583367 -0.220516338944 0.150000020862 -0.116032905877 -0.215888872743 0.150000020862 -0.115178413689 -0.218696013093 0.150000020862 -0.0986598208547 -0.379999995232 0.199999973178 -0.0949900820851 -0.379999995232 0.150000020862 -0.0949900820851 -0.350000023842 0.150000020862 -0.0887997820973 -0.239529982209 0.157599970698 -0.0887997820973 -0.239153876901 0.180943772197 -0.0887997820973 -0.238000169396 0.156588479877 -0.0887997820973 -0.223330035806 0.181000038981 -0.0887997820973 -0.212730064988 0.181000038981 -0.0887997820973 -0.197999849916 0.156579896808 -0.0887997820973 -0.19690681994 0.180946037173 -0.0887997820973 -0.196529999375 0.157599970698 -0.0878003314137 -0.233000054955 0.150000020862 -0.0878003314137 -0.202999964356 0.150000020862 -0.087165184319 -0.239529982209 0.177094146609 -0.087165184319 -0.196529999375 0.177094146609 -0.0870288088918 -0.239529982209 0.174716994166 -0.0870288088918 -0.196529999375 0.174716994166 -0.0854619219899 -0.239529982209 0.173540279269 -0.0854619219899 -0.196529999375 0.173540279269 -0.0845664218068 -0.239529982209 0.178683444858 -0.0845664218068 -0.196529999375 0.178683444858 -0.0830872729421 -0.239529982209 0.173974558711 -0.0828917697072 -0.196529999375 0.17409388721 -0.0823825076222 -0.196529999375 0.176889941096 -0.082282371819 -0.239529982209 0.1766846627 -0.0778001025319 -0.223330035806 0.181000038981 -0.0778001025319 -0.212730064988 0.181000038981 -0.0764001086354 -0.223000064492 0.181000038981 -0.0764001086354 -0.21299995482 0.181000038981 -0.0741999819875 -0.223000064492 0.181000038981 -0.0741999819875 -0.21299995482 0.181000038981 -0.072799988091 -0.223330035806 0.181000038981 -0.072799988091 -0.212730064988 0.181000038981 -0.0683749392629 -0.239529982209 0.17600004375 -0.0683749392629 -0.196529999375 0.17600004375 -0.0674384310842 -0.239529982209 0.174014613032 -0.0671179965138 -0.239529982209 0.17829708755 -0.0671179965138 -0.196529999375 0.17829708755 -0.0669348910451 -0.196529999375 0.173556491733 -0.0651238635182 -0.239529982209 0.173480316997 -0.064725227654 -0.239529982209 0.178309366107 -0.064725227654 -0.196529999375 0.178309366107 -0.0641368106008 -0.196529999375 0.174030587077 -0.0634959414601 -0.239529982209 0.174909159541 -0.0633834078908 -0.239529982209 0.176891490817 -0.0631955340505 -0.196529999375 0.176474735141 -0.0630696490407 -0.379999995232 0.199999973178 -0.0618003085256 -0.239529982209 0.157599970698 -0.0618003085256 -0.239269271493 0.180940434337 -0.0618003085256 -0.238000288606 0.156592056155 -0.0618003085256 -0.223330035806 0.181000038981 -0.0618003085256 -0.212730064988 0.181000038981 -0.0618003085256 -0.197999849916 0.156596466899 -0.0618003085256 -0.196790233254 0.180939003825 -0.0618003085256 -0.196529999375 0.157599970698 -0.0605796054006 -0.383000016212 0.199999973178 -0.0605796054006 -0.379999995232 0.199999973178 -0.0604384616017 -0.218454256654 0.150000020862 -0.0595668032765 -0.215888157487 0.150000020862 -0.0587418749928 -0.220588818192 0.150000020862 -0.0562833026052 -0.220171585679 0.150000020862 -0.056195564568 -0.215704336762 0.150000020862 -0.0551617816091 -0.218454256654 0.150000020862 -0.027799911797 -0.233000054955 0.150000020862 -0.0113003924489 -0.238530054688 0.156600043178 -0.0113003924489 -0.238000050187 0.156600043178 -0.0113003924489 -0.197999969125 0.156600043178 -0.0113003924489 -0.197530046105 0.156600043178 -0.01058036834 -0.383000016212 0.120000056922 -0.01058036834 -0.383000016212 0.150000020862 -0.01058036834 -0.379999995232 0.120000056922 -0.01058036834 -0.379999995232 0.150000020862 -0.01058036834 0.379999995232 0.120000056922 -0.01058036834 0.383000016212 0.120000056922 -0.00249988562427 -0.215976849198 0.169500038028 -0.0017874907935 -0.219194307923 0.160999938846 -0.000923461921047 -0.214059725404 0.160999938846 0.00051563262241 -0.221223726869 0.150024458766 0.00152175908443 -0.214858546853 0.150003835559 0.00172679906245 -0.223780170083 0.169559404254 0.00219982140698 -0.239529982209 0.157599970698 0.00219982140698 -0.239529982209 0.179999992251 0.00219982140698 -0.238530054688 0.156600043178 0.00219982140698 -0.228011384606 0.165465995669 0.00219982140698 -0.227944746614 0.166922733188 0.00219982140698 -0.227915897965 0.165060326457 0.00219982140698 -0.227471008897 0.156600043178 0.00219982140698 -0.226586475968 0.167512461543 0.00219982140698 -0.226280942559 0.164294287562 0.00219982140698 -0.225765481591 0.168817326427 0.00219982140698 -0.224831715226 0.159117147326 0.00219982140698 -0.224743619561 0.161899372935 0.00219982140698 -0.223000064492 0.179999992251 0.00219982140698 -0.222971692681 0.175088331103 0.00219982140698 -0.221310153604 0.172055408359 0.00219982140698 -0.218000784516 0.170949742198 0.00219982140698 -0.215077534318 0.171828076243 0.00219982140698 -0.213058844209 0.174710318446 0.00219982140698 -0.21299995482 0.179999992251 0.00219982140698 -0.211380854249 0.161840364337 0.00219982140698 -0.211378470063 0.159463688731 0.00219982140698 -0.210768356919 0.169601365924 0.00219982140698 -0.209729447961 0.164131090045 0.00219982140698 -0.209419026971 0.16751639545 0.00219982140698 -0.208529964089 0.156600043178 0.00219982140698 -0.208055272698 0.166921779513 0.00219982140698 -0.208054319024 0.165071055293 0.00219982140698 -0.197530046105 0.156600043178 0.00219982140698 -0.196529999375 0.157599970698 0.00219982140698 -0.196529999375 0.179999992251 0.00273769372143 -0.223019137979 0.161000534892 0.00347679131664 -0.212875023484 0.169500038028 0.00535457627848 -0.214524403214 0.160999938846 0.00536220567301 -0.216846957803 0.150030776858 0.00690143601969 -0.220014825463 0.169500038028 0.0321995541453 -0.233000054955 0.150000020862 0.0471998974681 -0.202999964356 0.150000020862 0.0573994442821 -0.218000426888 0.169500038028 0.0580632016063 -0.215574875474 0.169500038028 0.0580641552806 -0.220425739884 0.169500038028 0.059409789741 -0.217755928636 0.150000020862 0.0601517483592 -0.213616505265 0.169500038028 0.0601536557078 -0.222385302186 0.169500038028 0.0606829449534 -0.220170870423 0.150000020862 0.0612856671214 -0.215483680367 0.150000020862 0.063020400703 -0.213273659348 0.169500038028 0.0630242154002 -0.222726240754 0.169500038028 0.0631424710155 -0.220588698983 0.150000020862 0.0639664456248 -0.215888276696 0.150000020862 0.06483810395 -0.218454256654 0.150000020862 0.0659329220653 -0.221160307527 0.169500038028 0.0659338757396 -0.214841499925 0.169500038028 0.0670000836253 -0.218000426888 0.169500038028 0.092199973762 -0.233000054955 0.150000020862 0.117399863899 -0.218000426888 0.169500038028 0.118461303413 -0.21484734118 0.169500038028 0.118462257087 -0.221154466271 0.169500038028 0.119561843574 -0.218454256654 0.150000020862 0.120433501899 -0.215888276696 0.150000020862 0.121257476509 -0.220588698983 0.150000020862 0.121776275337 -0.222819820046 0.169500038028 0.121778182685 -0.213180437684 0.169500038028 0.123114280403 -0.215483561158 0.150000020862 0.124113731086 -0.219921723008 0.150000020862 0.124578170478 -0.213832035661 0.169500038028 0.124579124153 -0.222168698907 0.169500038028 0.124822311103 -0.217305198312 0.150000020862 0.126335799694 -0.220425739884 0.169500038028 0.126336753368 -0.215574875474 0.169500038028 0.127000510693 -0.218000426888 0.169500038028 0.152200400829 -0.233000054955 0.150000020862 0.152200400829 -0.225230947137 0.169500038028 0.152200400829 -0.210770025849 0.169500038028 0.152200400829 -0.209200039506 0.150000020862 0.177378356457 -0.21882738173 0.169500038028 0.178062140942 -0.215576544404 0.169500038028 0.179119765759 -0.221678987145 0.169500038028 0.179578483105 -0.218696013093 0.150000020862 0.180151641369 -0.213616505265 0.169500038028 0.180432975292 -0.215888872743 0.150000020862 0.181081473827 -0.22040130198 0.150000020862 0.182200133801 -0.202999964356 0.150000020862 0.182204902172 -0.222891584039 0.169500038028 0.183021247387 -0.213273778558 0.169500038028 0.183116614819 -0.220516338944 0.150000020862 0.183804214001 -0.215704336762 0.150000020862 0.184821784496 -0.218693986535 0.150000020862 0.185282409191 -0.221677437425 0.169500038028 0.185936629772 -0.214844480157 0.169500038028 0.187021911144 -0.21882738173 0.169500038028 0.212199866772 -0.233000054955 0.150000020862 0.212199866772 -0.225230947137 0.169500038028 0.237399756908 -0.218000426888 0.169500038028 0.238063514233 -0.220424309373 0.169500038028 0.238063514233 -0.215576305985 0.169500038028 0.239561736584 -0.218454256654 0.150000020862 0.240534484386 -0.22259773314 0.169500038028 0.240536391735 -0.21340252459 0.169500038028 0.240595519543 -0.215704336762 0.150000020862 0.241257369518 -0.220588579774 0.150000020862 0.242200553417 -0.210770025849 0.169500038028 0.24371689558 -0.220171585679 0.150000020862 0.243966758251 -0.215888038278 0.150000020862 0.244248092175 -0.22238470614 0.169500038028 0.244249045849 -0.213617101312 0.169500038028 0.244838416576 -0.218454256654 0.150000020862 0.246336638927 -0.220424309373 0.169500038028 0.246336638927 -0.215576305985 0.169500038028 0.247000396252 -0.218000426888 0.169500038028 0.272200286388 -0.233000054955 0.150000020862 0.272200286388 -0.225230947137 0.169500038028 0.272200286388 -0.202999964356 0.150000020862 0.297378242016 -0.21882738173 0.169500038028 0.298062026501 -0.215576544404 0.169500038028 0.299417197704 -0.221957579255 0.169500038028 0.299578368664 -0.218696013093 0.150000020862 0.299812972546 -0.21384228766 0.169500038028 0.300432860851 -0.215888872743 0.150000020862 0.301081359386 -0.22040130198 0.150000020862 0.302623450756 -0.213179603219 0.169500038028 0.303046882153 -0.222818270326 0.169500038028 0.303116500378 -0.220516338944 0.150000020862 0.30380409956 -0.215704575181 0.150000020862 0.304821670055 -0.218696013093 0.150000020862 0.305586516857 -0.221356645226 0.169500038028 0.305941283703 -0.214850321412 0.169500038028 0.307021796703 -0.21882738173 0.169500038028 0.322200477123 -0.350000023842 0.120000056922 0.322200477123 -0.350000023842 0.150000020862 0.322200477123 -0.233000054955 0.150000020862 0.322200477123 -0.202999964356 0.150000020862 0.322200477123 0.350000023842 0.120000056922 0.332199752331 -0.225230947137 0.169500038028 0.332199752331 -0.210770025849 0.169500038028 0.352200210094 -0.350000023842 0.120000056922 0.352200210094 -0.350000023842 0.150000020862 0.352200210094 -0.233000054955 0.150000020862 0.352200210094 0.350000023842 0.120000056922 0.352200210094 0.350000023842 0.150000020862 0.357399642467 -0.218000426888 0.169500038028 0.358063399792 -0.220424309373 0.169500038028 0.358063399792 -0.215576305985 0.169500038028 0.360534369946 -0.222597852349 0.169500038028 0.360536277294 -0.21340252459 0.169500038028 0.364247977734 -0.22238458693 0.169500038028 0.364249885082 -0.21361733973 0.169500038028 0.366336524487 -0.220424309373 0.169500038028 0.366336524487 -0.215576305985 0.169500038028 0.367000281811 -0.218000426888 0.169500038028 0.392200171947 -0.225230947137 0.169500038028 0.392200171947 -0.210770025849 0.169500038028 0.417378127575 -0.21882738173 0.169500038028 0.41806191206 -0.215576544404 0.169500038028 0.419102370739 -0.221662536263 0.169500038028 0.420162856579 -0.213614121079 0.169500038028 0.422205626965 -0.222892060876 0.169500038028 0.42304199934 -0.213277116418 0.169500038028 0.425304114819 -0.214345470071 0.169500038028 0.425305068493 -0.22165466845 0.169500038028 0.426714599133 -0.219616785645 0.169500038028 0.426876723766 -0.216764345765 0.169500038028 0.45219963789 -0.225230947137 0.169500038028 0.45219963789 -0.210770025849 0.169500038028 0.477399528027 -0.218000426888 0.169500038028 0.478063285351 -0.215574875474 0.169500038028 0.478064239025 -0.220425739884 0.169500038028 0.479813277721 -0.222158566117 0.169500038028 0.479813277721 -0.21384228766 0.169500038028 0.482617080212 -0.21317948401 0.169500038028 0.48261898756 -0.22282089293 0.169500038028 0.48593300581 -0.221160069108 0.169500038028 0.485933959484 -0.214841619134 0.169500038028 0.48700016737 -0.218000426888 0.169500038028 0.502919852734 -0.379999995232 0.120000056922 0.502919852734 -0.355000019073 0.120000056922 0.502919852734 0.355000019073 0.120000056922 0.502919852734 0.379999995232 0.120000056922 0.512200057507 -0.225230947137 0.169500038028 0.53737705946 -0.218822613358 0.169500038028 0.538461387157 -0.21484734118 0.169500038028 0.539101302624 -0.221662297845 0.169500038028 0.541776359081 -0.222819820046 0.169500038028 0.54177826643 -0.213180437684 0.169500038028 0.542199790478 -0.210770025849 0.169500038028 0.544578254223 -0.213832035661 0.169500038028 0.544579207897 -0.222168698907 0.169500038028 0.546335875988 -0.220425739884 0.169500038028 0.546336829662 -0.215574875474 0.169500038028 0.547000586987 -0.218000426888 0.169500038028 0.572200477123 -0.225230947137 0.169500038028 0.597399413586 -0.218000426888 0.169500038028 0.59806317091 -0.215574875474 0.169500038028 0.598064124584 -0.220425739884 0.169500038028 0.600151717663 -0.213616505265 0.169500038028 0.600153625011 -0.222385302186 0.169500038028 0.603020370007 -0.213273659348 0.169500038028 0.603024184704 -0.222726240754 0.169500038028 0.605283439159 -0.221677199006 0.169500038028 0.605933845043 -0.214841499925 0.169500038028 0.607022941113 -0.218822613358 0.169500038028 0.657399833202 -0.218000426888 0.169500038028 0.658063590527 -0.220424309373 0.169500038028 0.658462226391 -0.214847460389 0.169500038028 0.66053456068 -0.22259773314 0.169500038028 0.661778151989 -0.213180556893 0.169500038028 0.663779914379 -0.379999995232 1.39435017109 0.664243400097 -0.222389116883 0.169500038028 0.664580047131 -0.213832512498 0.169500038028 0.666336715221 -0.220424309373 0.169500038028 0.666336715221 -0.215576305985 0.169500038028 0.667000472546 -0.218000426888 0.169500038028 0.674298942089 -0.379999995232 1.35507953167 0.674299895763 -0.350000023842 1.35508024693 0.674299895763 0.350000023842 1.35508024693 0.674299895763 0.379999995232 1.35508024693 0.676890075207 -0.350000023842 1.34542095661 0.676890075207 0.350000023842 1.34542095661 0.677260100842 -0.361050009727 1.34402048588 0.677260100842 -0.299999952316 1.34402048588 0.677260100842 -0.269999980927 1.34402048588 0.677260100842 -8.72039773725e-09 1.34402048588 0.677260100842 0.269999980927 1.34402048588 0.677260100842 0.299999952316 1.34402048588 0.677260100842 0.330000042915 1.34402048588 0.677260100842 0.379999995232 1.34402048588 0.677920043468 -0.379999995232 0.120000056922 0.677920043468 -0.355000019073 0.120000056922 0.677920043468 0.355000019073 0.120000056922 0.677920043468 0.379999995232 0.120000056922 0.680209815502 0.279433727264 1.33297371864 0.680222213268 -0.340565800667 1.33297729492 0.680222213268 -0.280565857887 1.33297729492 0.680222213268 0.259433984756 1.33297741413 0.680222213268 0.319434285164 1.33297729492 0.680227935314 -0.319434046745 1.33297872543 0.680263221264 -0.260566711426 1.33298778534 0.680263221264 0.339433312416 1.33298778534 0.680309951305 -0.321391582489 1.33252298832 0.680342376232 -0.258609771729 1.33253276348 0.680418670177 0.281853914261 1.33218050003 0.680432021618 -0.338146448135 1.33218431473 0.680444419384 0.34185385704 1.33218741417 0.680472075939 -0.278146862984 1.33219599724 0.680472075939 0.261853218079 1.33219575882 0.680472075939 0.321853280067 1.3321955204 0.68068665266 0.277808785439 1.33130955696 0.68076390028 -0.342305183411 1.33093011379 0.680767714977 0.257694959641 1.33093118668 0.680768668652 -0.317695021629 1.3309315443 0.680773437023 -0.257836818695 1.33093202114 0.680775344372 -0.282305240631 1.33093333244 0.680775344372 0.31769490242 1.33093333244 0.680784881115 -0.322163105011 1.33093512058 0.680793464184 -0.262305378914 1.33093833923 0.680793464184 0.337694644928 1.33093833923 0.681008994579 0.281940102577 1.33006346226 0.681144416332 0.341704726219 1.3295532465 0.68116825819 -0.338295578957 1.32955944538 0.68116825819 -0.278295755386 1.32955884933 0.68116825819 0.261704325676 1.32955896854 0.68116825819 0.321704268456 1.32955920696 0.681197822094 -0.258610129356 1.32933139801 0.681227385998 0.278608560562 1.32934057713 0.681232154369 -0.321254491806 1.32919561863 0.681283652782 -0.260566949844 1.3288782835 0.68128746748 -0.319258451462 1.32896733284 0.681314170361 -0.280566334724 1.3288860321 0.681314170361 0.319433808327 1.3288860321 0.681317031384 -0.340566277504 1.32888674736 0.681317031384 0.280566215515 1.32888710499 0.681317031384 0.339433670044 1.32888686657 0.681317985058 0.259433627129 1.32888698578 0.684650123119 -0.350000023842 1.31644320488 0.684650123119 -0.318811774254 1.31644308567 0.684650123119 -0.263570666313 1.31644320488 0.684650123119 0.279418587685 1.31644308567 0.684650123119 0.330000042915 1.31644320488 0.684650123119 0.350000023842 1.31644320488 0.687127768993 -0.379999995232 1.41915225983 0.687127768993 -0.350000023842 1.4191505909 0.687127768993 0.379999995232 1.4191505909 0.687128722668 0.350000023842 1.41915094852 0.692200362682 -0.225230947137 0.169500038028 0.704880416393 -0.350000023842 1.35292100906 0.704880416393 -0.330000042915 1.35292100906 0.704880416393 -0.299999952316 1.35292100906 0.704880416393 -0.26439511776 1.35292112827 0.704880416393 0.269999980927 1.35292100906 0.704880416393 0.299999952316 1.35292100906 0.704880416393 0.330000042915 1.35292100906 0.704880416393 0.350000023842 1.35292088985 0.708202064037 -0.279432058334 1.3404738903 0.708202064037 0.320567369461 1.34047400951 0.708203017712 -0.33943259716 1.34047412872 0.708203017712 0.340567350388 1.34047424793 0.708212554455 -0.319432854652 1.34047698975 0.708212554455 0.280566930771 1.34047698975 0.708235442638 0.260568141937 1.34048271179 0.708272635937 -0.260958075523 1.34042406082 0.708316504955 -0.281393289566 1.34002625942 0.708316504955 0.318606495857 1.34002614021 0.70833081007 -0.341393232346 1.34003043175 0.70833081007 -0.32139313221 1.34003055096 0.70833081007 0.278606772423 1.34003031254 0.70833081007 0.338606834412 1.34003043175 0.708331763744 0.258606791496 1.34003067017 0.708332717419 -0.258608341217 1.34003198147 0.708535850048 -0.278061270714 1.33930599689 0.708665549755 0.262191534042 1.33880198002 0.708713233471 -0.337745666504 1.33862125874 0.708713233471 -0.317745685577 1.33862125874 0.708713233471 0.282254219055 1.33862125874 0.708713233471 0.322254300117 1.33862137794 0.708713233471 0.342254281044 1.33862125874 0.70876377821 -0.257836937904 1.33843052387 0.70876377821 0.257837295532 1.33843052387 0.708765685558 -0.28216278553 1.33843100071 0.708765685558 0.317837238312 1.33843100071 0.708766639233 -0.342162847519 1.33843100071 0.708766639233 -0.322162866592 1.33843100071 0.708766639233 -0.262162804604 1.33843100071 0.708766639233 0.277837157249 1.33843100071 0.708766639233 0.337837219238 1.33843100071 0.709024131298 -0.278014183044 1.33754444122 0.709197700024 -0.281254887581 1.33668911457 0.709197700024 0.318744897842 1.33668923378 0.709221541882 -0.261254549026 1.33669519424 0.709221541882 0.261254191399 1.33669519424 0.709221541882 0.338745474815 1.33669519424 0.709253966808 -0.338920474052 1.33662390709 0.709253966808 -0.318920493126 1.33662378788 0.709253966808 0.281079530716 1.33662390709 0.709257781506 0.25888800621 1.3365701437 0.70925873518 0.320927739143 1.33651030064 0.709259688854 -0.25888800621 1.33657073975 0.709260642529 0.34092772007 1.33651065826 0.709288299084 -0.279446005821 1.33643436432 0.709304511547 -0.341112613678 1.33658337593 0.709304511547 -0.321112513542 1.33658325672 0.709304511547 0.2788875103 1.33658325672 0.712639510632 0.265456557274 1.32394301891 0.712640464306 -0.350000023842 1.32394325733 0.712640464306 -0.330000042915 1.32394325733 0.712640464306 -0.299999952316 1.32394325733 0.712640464306 -0.269999980927 1.32394325733 0.712640464306 0.299999952316 1.32394325733 0.712640464306 0.330000042915 1.32394325733 0.712640464306 0.350000023842 1.32394325733 0.71737831831 -0.21882738173 0.169500038028 0.718062102795 -0.215576544404 0.169500038028 0.719417273998 -0.221957579255 0.169500038028 0.71981304884 -0.21384228766 0.169500038028 0.722200095654 -0.210770025849 0.169500038028 0.72261685133 -0.21317948401 0.169500038028 0.722618758678 -0.22282089293 0.169500038028 0.725280463696 -0.221678987145 0.169500038028 0.725935637951 -0.21484388411 0.169500038028 0.727021872997 -0.21882738173 0.169500038028 0.727086722851 -0.335000038147 0.075964383781 0.72709530592 0.31500005722 0.0759637877345 0.727126777172 -0.315500020981 0.0759732052684 0.727131545544 -0.31400001049 0.0759764239192 0.727132499218 0.334499955177 0.0759728476405 0.727136313915 0.335999965668 0.0759761855006 0.727160155773 -0.333500027657 0.0759927555919 0.727163016796 0.316500067711 0.0759926363826 0.727200210094 -0.374999880791 0.115999989212 0.727200210094 -0.374999880791 0.120000056922 0.727200210094 -0.350000023842 0.120000056922 0.727200210094 0.350000023842 0.120000056922 0.727200210094 0.375 0.115999989212 0.727200210094 0.375 0.120000056922 0.727209746838 -0.303875803947 0.120000056922 0.727209746838 0.346122503281 0.115999989212 0.727230727673 -0.347300887108 0.115999989212 0.727235496044 0.302694678307 0.120000056922 0.727237403393 0.303809404373 0.0760000273585 0.727255523205 0.347327232361 0.0760000273585 0.727257430553 -0.302670836449 0.0760000273585 0.727268874645 -0.346568226814 0.0760000273585 0.727587401867 -0.377163767815 0.120000056922 0.727588355541 0.377165555954 0.120000056922 0.729931533337 -0.345397233963 0.0760000273585 0.729931533337 0.342402100563 0.0760000273585 0.730051696301 -0.379618763924 0.120000056922 0.73026150465 0.300028562546 0.0760000273585 0.730265319347 -0.30002617836 0.120000056922 0.730280578136 0.34998524189 0.115999989212 0.730328261852 -0.3061003685 0.0760000273585 0.730639159679 -0.349991559982 0.0760000273585 0.730683028698 0.379988670349 0.120000056922 0.730712592602 0.342403173447 0.0810000225902 0.730742156506 0.306971788406 0.096000008285 0.730876624584 -0.344188928604 0.0810000225902 0.730954825878 0.304196119308 0.0766810700297 0.731423079967 -0.3499969244 0.115999989212 0.731427848339 0.300001502037 0.120000056922 0.731430709362 -0.300001621246 0.0760000273585 0.731541335583 -0.341856956482 0.0810000225902 0.73158043623 -0.308989882469 0.0760000273585 0.731647193432 0.308939099312 0.0810000225902 0.731779754162 0.346408963203 0.096000008285 0.73181694746 -0.30293405056 0.0760000273585 0.732035338879 0.340856671333 0.096000008285 0.732065856457 0.306396365166 0.120000056922 0.732065856457 0.341396331787 0.120000056922 0.732200324535 -0.379999995232 0.116000108421 0.732969939709 0.310216069221 0.120000056922 0.732969939709 0.345216274261 0.120000056922 0.733727157116 0.347907185555 0.0810000225902 0.734263122082 0.350005269051 0.0760000273585 0.734441459179 0.303711891174 0.120000056922 0.734441459179 0.338711857796 0.120000056922 0.734450042248 -0.310220003128 0.0760000273585 0.7345520854 -0.340386629105 0.0761051699519 0.734917342663 0.310301065445 0.0761716887355 0.735488593578 0.311578512192 0.120000056922 0.735488593578 0.346578598022 0.120000056922 0.735534369946 -0.302069067955 0.0760000273585 0.735626876354 0.302147865295 0.096000008285 0.73637264967 -0.347754955292 0.0810000225902 0.736624419689 0.309413433075 0.096000008285 0.736789405346 0.333000063896 0.0334235914052 0.736886680126 -0.341439127922 0.0810000225902 0.737003028393 0.340658903122 0.0761027857661 0.737056434155 0.346668839455 0.096000008285 0.737263381481 0.341655731201 0.096000008285 0.737319648266 -0.308989882469 0.0760000273585 0.73764103651 0.338531255722 0.120000056922 0.737641990185 0.303531289101 0.120000056922 0.737682044506 0.30334675312 0.0810000225902 0.737781226635 0.317000031471 0.0277989394963 0.737862288952 -0.346935153008 0.0760000273585 0.737955749035 -0.304097056389 0.0760000273585 0.737961471081 0.311285614967 0.120000056922 0.737961471081 0.34628534317 0.120000056922 0.73799008131 -0.344395756721 0.0810000225902 0.73829716444 0.317000031471 0.043105173856 0.73832577467 0.344057559967 0.0810000225902 0.738464057446 0.303116202354 0.0760000273585 0.738508880138 -0.30647110939 0.0760000273585 0.739774405956 0.305412054062 0.120000056922 0.739774405956 0.340411901474 0.120000056922 0.74033421278 0.308603286743 0.120000056922 0.74033421278 0.343603134155 0.120000056922 0.741718947887 0.333000063896 0.0501219518483 0.742509543896 0.333000063896 0.0192089565098 0.745556533337 0.317000031471 0.0539761073887 0.748121917248 0.317000031471 0.0137876756489 0.751954734325 0.333000063896 0.0578988082707 0.752199828625 -0.225230947137 0.169500038028 0.753570258617 -0.334236621857 0.0299489982426 0.753570258617 -0.315500020981 0.0299489982426 0.753570258617 -0.31400001049 0.0299489982426 0.755136191845 -0.335000038147 0.0278652198613 0.755136191845 -0.333500027657 0.0278652198613 0.755136191845 -0.315500020981 0.0278652198613 0.755136191845 -0.31400001049 0.0278652198613 0.755243003368 0.334499955177 0.0272280462086 0.756072700024 0.315814495087 0.0259603746235 0.756288230419 0.335999965668 0.0255830772221 0.757064521313 0.333000063896 0.00977890565991 0.757991492748 -0.335000038147 0.0258902795613 0.757991492748 -0.333500027657 0.0258902795613 0.757991492748 -0.315500020981 0.0258902795613 0.758778274059 -0.31400001049 0.0255001075566 0.758778274059 0.316812634468 0.0362279899418 0.759113967419 -0.333500027657 0.0350000150502 0.759347617626 0.317000031471 0.0602984912694 0.759436309338 -0.335000038147 0.0363065488636 0.759436309338 -0.315500020981 0.0363065488636 0.759446799755 -0.335000038147 0.0334110744298 0.759446799755 -0.315500020981 0.0334110744298 0.76003330946 -0.333500027657 0.0328431613743 0.760400474072 -0.333500027657 0.0375657565892 0.760478675365 0.334499955177 0.0382011421025 0.760911643505 -0.335000038147 0.0377719886601 0.760911643505 -0.315500020981 0.0377719886601 0.761329352856 -0.335000038147 0.0250006206334 0.761329352856 -0.333500027657 0.0250006206334 0.761329352856 -0.315500020981 0.0250006206334 0.761928260326 -0.335000038147 0.0319561250508 0.761928260326 -0.333500027657 0.0319561250508 0.761928260326 -0.315500020981 0.0319561250508 0.762200057507 0.314864754677 0.0314924009144 0.762200057507 0.314983725548 0.0379922874272 0.762200057507 0.333000063896 0.0350001342595 0.763070762157 -0.31400001049 0.0250006206334 0.763255774975 -0.335000038147 0.0379040725529 0.763255774975 -0.333500027657 0.0379040725529 0.763266265392 -0.315500020981 0.0379024036229 0.763958632946 0.334499955177 0.0317425020039 0.764187514782 -0.335000038147 0.0326323993504 0.764187514782 -0.333500027657 0.0326323993504 0.764187514782 -0.315500020981 0.0326323993504 0.765052497387 0.333000063896 0.0602984912694 0.765325248241 -0.335000038147 0.0355620868504 0.765325248241 -0.333500027657 0.0355620868504 0.765325248241 -0.315500020981 0.0355620868504 0.765461623669 0.316712617874 0.0338082797825 0.765621840954 -0.335000038147 0.0255001075566 0.765621840954 -0.333500027657 0.0255001075566 0.765621840954 -0.315500020981 0.0255001075566 0.766408622265 -0.31400001049 0.0258902795613 0.7673355937 0.317000031471 0.00977890565991 0.768111884594 0.334499955177 0.0255830772221 0.768327414989 0.315685629845 0.0259603746235 0.769157111645 0.335999965668 0.0272280462086 0.769972503185 -0.335000038147 0.0285053737462 0.769972503185 -0.333500027657 0.0285053737462 0.769972503185 -0.315500020981 0.0285053737462 0.769972503185 -0.31400001049 0.0285053737462 0.772445380688 0.317000031471 0.0578988082707 0.776278197765 0.333000063896 0.0137876756489 0.777399718761 -0.218000426888 0.169500038028 0.778063476086 -0.220424309373 0.169500038028 0.778063476086 -0.215576305985 0.169500038028 0.778843581676 0.333000063896 0.0539761073887 0.780534446239 -0.22259773314 0.169500038028 0.780536353588 -0.21340252459 0.169500038028 0.781890571117 0.317000031471 0.0192089565098 0.782681167126 0.317000031471 0.0501219518483 0.784165084362 0.306423187256 0.120000056922 0.784165084362 0.341423273087 0.120000056922 0.784248054028 -0.22238470614 0.169500038028 0.784249007702 -0.213617101312 0.169500038028 0.784306228161 0.308907389641 0.120000056922 0.784306228161 0.343907356262 0.120000056922 0.785431563854 -0.345397233963 0.0760000273585 0.785431563854 0.342402100563 0.0760000273585 0.785538375378 0.339324116707 0.120000056922 0.785539329052 0.304324030876 0.120000056922 0.78557652235 -0.343945503235 0.0810000225902 0.78582829237 -0.3061003685 0.0760000273585 0.786102950573 0.333000063896 0.043105173856 0.786211669445 0.342403650284 0.0810000225902 0.786242187023 0.30697119236 0.096000008285 0.78633660078 -0.220424309373 0.169500038028 0.78633660078 -0.215576305985 0.169500038028 0.786387145519 0.311375141144 0.120000056922 0.786387145519 0.346375107765 0.120000056922 0.786453902721 0.304196238518 0.0760621353984 0.786618888378 0.333000063896 0.0277989394963 0.787000358105 -0.218000426888 0.169500038028 0.787080466747 -0.308989882469 0.0760000273585 0.787146270275 0.308938741684 0.0810000225902 0.787278831005 -0.341391921043 0.096000008285 0.787278831005 0.346408247948 0.096000008285 0.787316977978 -0.30293405056 0.0760000273585 0.787534415722 -0.346943020821 0.096000008285 0.787535369396 0.340857028961 0.096000008285 0.787610709667 0.317000031471 0.0334235914052 0.787838637829 0.303339004517 0.120000056922 0.787838637829 0.338338971138 0.120000056922 0.789227187634 0.347907185555 0.0810000225902 0.789949119091 -0.310220003128 0.0760000273585 0.789950072765 -0.302060246468 0.0760000273585 0.789961516857 0.311285614967 0.120000056922 0.789961516857 0.34628534317 0.120000056922 0.79041737318 0.310301065445 0.0760967060924 0.791126906872 0.302147865295 0.096000008285 0.79121941328 0.304470658302 0.120000056922 0.79121941328 0.339470624924 0.120000056922 0.791323363781 -0.340070962906 0.0761534497142 0.791365325451 0.300010681152 0.0760000273585 0.792124450207 0.309413433075 0.096000008285 0.79218930006 -0.349961400032 0.0760000273585 0.792334258556 0.308603286743 0.120000056922 0.792334258556 0.343603134155 0.120000056922 0.79250305891 0.340658903122 0.0765970274806 0.792556464672 0.346668839455 0.096000008285 0.792557418346 -0.341131329536 0.096000008285 0.792583167553 -0.302933812141 0.0760000273585 0.792763411999 -0.346144318581 0.096000008285 0.792763411999 0.341655731201 0.096000008285 0.792818725109 -0.308990716934 0.0760000273585 0.792967498302 -0.300001382828 0.115999989212 0.792974174023 0.3499969244 0.115999989212 0.793182075024 -0.346653223038 0.0810000225902 0.793182075024 0.30334675312 0.0810000225902 0.793428122997 0.349981188774 0.0760000273585 0.793825805187 0.344057559967 0.0810000225902 0.794071853161 -0.3061003685 0.0760000273585 0.794132888317 0.300024390221 0.115999989212 0.794137656689 -0.300028681755 0.0760000273585 0.794338881969 0.305977702141 0.0760000273585 0.794492423534 -0.349975824356 0.115999989212 0.795200049877 -0.233000054955 0.150000020862 0.795200049877 -0.233000054955 0.151999995112 0.797144591808 -0.347326874733 0.0760000273585 0.797144591808 0.30267393589 0.0760000273585 0.797159850597 -0.30380153656 0.0760000273585 0.797159850597 0.346198439598 0.0760000273585 0.797163665295 -0.302693486214 0.115999989212 0.797163665295 0.347306370735 0.115999989212 0.797189414501 0.303873300552 0.115999989212 0.797195136547 -0.345774292946 0.115999989212 0.797199904919 -0.350000023842 0.120000056922 0.797199904919 -0.350000023842 0.150000020862 0.797199904919 -0.333500027657 0.0749999806285 0.797199904919 -0.333500027657 0.0760000273585 0.797199904919 -0.315500020981 0.0749999806285 0.797199904919 -0.315500020981 0.0760000273585 0.797199904919 -0.299999952316 0.120000056922 0.797199904919 -0.230000033975 0.150000020862 0.797199904919 -0.202999964356 0.150000020862 0.797199904919 -0.202999964356 0.151999995112 0.797199904919 -0.103018648922 0.120000056922 0.797199904919 0.202999934554 0.150000020862 0.797199904919 0.202999934554 0.151999995112 0.797199904919 0.299999952316 0.120000056922 0.797199904919 0.350000023842 0.120000056922 0.797199904919 0.350000023842 0.150000020862 0.79723995924 0.334499955177 0.0759927555919 0.797257125378 -0.31400001049 0.0750976130366 0.797258079052 -0.230778351426 0.151999995112 0.797262847424 0.31500005722 0.0759594962001 0.797268569469 -0.335000038147 0.0751174017787 0.797273337841 0.316500067711 0.0759732052684 0.797315299511 0.335999965668 0.0759156271815 0.812200248241 -0.225230947137 0.169500038028 0.822200477123 -0.379999995232 0.116000346839 0.822200477123 0.299999952316 0.115999989212 0.822200477123 0.299999952316 0.120000056922 0.824343383312 0.300379276276 0.120000056922 0.824347198009 -0.379619479179 0.120000056922 0.826812446117 -0.377163290977 0.120000056922 0.82715767622 -0.300321221352 0.115999989212 0.827179610729 0.30345916748 0.120000056922 0.827182471752 -0.300462603569 0.120000056922 0.82719963789 -0.374999880791 0.115999989212 0.82719963789 -0.374999880791 0.120000056922 0.82719963789 -0.350000023842 0.120000056922 0.82719963789 -0.350000023842 0.150000020862 0.82719963789 -0.259999990463 0.120000056922 0.82719963789 -0.259999990463 0.150000020862 0.82719963789 -0.230000033975 0.120000056922 0.82719963789 -0.0149999940768 0.120000056922 0.82719963789 0.014999977313 0.120000056922 0.82719963789 0.014999977313 0.150000020862 0.82719963789 0.160050019622 0.150000020862 0.82719963789 0.230000004172 0.120000056922 0.82719963789 0.230000004172 0.150000020862 0.82719963789 0.259999990463 0.120000056922 0.837378203869 -0.21882738173 0.169500038028 0.838061988354 -0.215576544404 0.169500038028 0.839417159557 -0.221957579255 0.169500038028 0.839578330517 0.217305883765 0.150000020862 0.839812934399 -0.21384228766 0.169500038028 0.840595901012 0.220295652747 0.150000020862 0.841082274914 0.21559856832 0.150000020862 0.842199981213 -0.210770025849 0.169500038028 0.842632949352 -0.213179841638 0.169500038028 0.842634856701 -0.222820535302 0.169500038028 0.843126952648 0.215485677123 0.150000020862 0.843967139721 0.220111116767 0.150000020862 0.844821631908 0.217303857207 0.150000020862 0.845304191113 -0.214345470071 0.169500038028 0.845305144787 -0.22165466845 0.169500038028 0.846714675426 -0.219616785645 0.169500038028 0.84687680006 -0.216764345765 0.169500038028 0.872199714184 -0.225230947137 0.169500038028 0.889585196972 0.082950823009 0.150000020862 0.889585196972 0.102950803936 0.150000020862 0.889701545238 0.0808449909091 0.150000020862 0.889701545238 0.100844971836 0.150000020862 0.889850318432 0.0873500034213 0.150000020862 0.889850318432 0.0966499969363 0.150000020862 0.890231788158 0.0925285741687 0.150000020862 0.890489280224 0.0908083841205 0.150000020862 0.891244590282 0.0793883726001 0.150000020862 0.891244590282 0.0993883535266 0.150000020862 0.891324698925 0.0938930436969 0.150000020862 0.89147156477 0.0847212001681 0.150000020862 0.89147156477 0.104721181095 0.150000020862 0.892200171947 0.230000004172 0.150000020862 0.89294975996 0.0899364873767 0.150000020862 0.893073737621 0.0938403531909 0.150000020862 0.894262969494 0.0799454376101 0.150000020862 0.894262969494 0.0999454185367 0.150000020862 0.8942887187 0.092356197536 0.150000020862 0.894585311413 0.0836685821414 0.150000020862 0.894585311413 0.103668682277 0.150000020862 0.897399604321 -0.218000426888 0.169500038028 0.898063361645 -0.220424309373 0.169500038028 0.898063361645 -0.215576305985 0.169500038028 0.900534331799 -0.222597852349 0.169500038028 0.900536239147 -0.21340252459 0.169500038028 0.902200400829 0.217999204993 0.150000020862 0.904247939587 -0.22238458693 0.169500038028 0.904249846935 -0.21361733973 0.169500038028 0.90633648634 -0.220424309373 0.169500038028 0.90633648634 -0.215576305985 0.169500038028 0.907000243664 -0.218000426888 0.169500038028 0.910800635815 0.230000004172 0.150000020862 0.911229789257 -0.225230947137 0.169500038028 0.911229789257 -0.210770025849 0.169500038028 0.915576636791 -0.217183604836 0.169500038028 0.915600478649 0.014999977313 0.150000020862 0.915659606457 -0.220207706094 0.169500038028 0.916194617748 -0.216424003243 0.169500038028 0.916454970837 -0.220117107034 0.169500038028 0.927585303783 0.082950823009 0.150000020862 0.927585303783 0.102950803936 0.150000020862 0.928119361401 0.0918202325702 0.150000020862 0.928136527538 0.0799459144473 0.150000020862 0.928136527538 0.0999458953738 0.150000020862 0.929030120373 0.104489199817 0.150000020862 0.929031074047 0.0844893381 0.150000020862 0.929148375988 0.0938370153308 0.150000020862 0.929324805737 0.0901065990329 0.150000020862 0.931152999401 0.0846120044589 0.150000020862 0.931152999401 0.104611985385 0.150000020862 0.931153953075 0.0793883726001 0.150000020862 0.931153953075 0.0993883535266 0.150000020862 0.931723296642 0.0904759094119 0.150000020862 0.931881606579 0.0934096500278 0.150000020862 0.932550132275 0.0873500034213 0.150000020862 0.932550132275 0.0966499969363 0.150000020862 0.932698905468 0.0808455869555 0.150000020862 0.932698905468 0.100845567882 0.150000020862 0.932815253735 0.0829492732882 0.150000020862 0.932815253735 0.102949254215 0.150000020862 0.936979949474 -0.225230947137 0.169500038028 0.936979949474 -0.210770025849 0.169500038028 0.957378089428 -0.21882738173 0.169500038028 0.958061873913 -0.215576544404 0.169500038028 0.959102332592 -0.221662536263 0.169500038028 0.959578216076 0.217305883765 0.150000020862 0.960162818432 -0.213614121079 0.169500038028 0.960595786572 0.220295652747 0.150000020862 0.961082160473 0.21559856832 0.150000020862 0.961282432079 -0.344003796577 0.282043635845 0.961756408215 -0.348707318306 0.280307352543 0.961775481701 -0.222819820046 0.169500038028 0.963126838207 0.215485677123 0.150000020862 0.963874518871 -0.213402882218 0.169500038028 0.963966071606 0.220111832023 0.150000020862 0.964821517467 0.217305168509 0.150000020862 0.964969336987 -0.221970573068 0.169500038028 0.966337859631 -0.215576544404 0.169500038028 0.967021644115 -0.21882738173 0.169500038028 0.969750106335 -0.350000023842 0.250482857227 0.970310866833 -0.350001811981 0.250357687473 0.971680343151 -0.350000023842 0.248999997973 0.971853911877 -0.347000479698 0.251224339008 0.976995170116 -0.379999995232 0.271086633205 0.977119147778 -0.379999995232 0.273144900799 0.978391349316 -0.379999995232 0.269599497318 0.978593528271 -0.379999995232 0.274516761303 0.980626761913 -0.379999995232 0.274402678013 0.980889976025 -0.379999995232 0.257220327854 0.981114089489 -0.379999995232 0.269704520702 0.981763541698 -0.379999995232 0.254888236523 0.981961905956 -0.379999995232 0.259217202663 0.982131659985 -0.379999995232 0.272696197033 0.984446227551 -0.379999995232 0.259516894817 0.985133826733 -0.379999995232 0.254704296589 0.986152350903 -0.379999995232 0.257694780827 0.992341697216 -0.344021677971 0.282251536846 0.993293464184 -0.349460601807 0.278898656368 0.997198760509 -0.379999995232 0.150000020862 0.997199714184 -0.350000023842 0.150000020862 0.997199714184 -0.258000016212 0.150000020862 0.997199714184 -0.258000016212 0.151999995112 0.997199714184 -0.24800004065 0.151999995112 0.997199714184 -0.24800004065 0.156999990344 0.997199714184 -0.233000054955 0.156999990344 0.997199714184 -0.233000054955 0.17600004375 0.997199714184 -0.232000008225 0.176999971271 0.997199714184 -0.230000033975 0.120000056922 0.997199714184 -0.230000033975 0.150000020862 0.997199714184 -0.229009762406 0.151997610927 0.997199714184 -0.228000059724 0.153000041842 0.997199714184 -0.228000059724 0.155656978488 0.997199714184 -0.228000059724 0.165466949344 0.997199714184 -0.228000059724 0.169500038028 0.997199714184 -0.225230947137 0.169500038028 0.997199714184 -0.210770025849 0.169500038028 0.997199714184 -0.207999959588 0.153000041842 0.997199714184 -0.207999959588 0.169500038028 0.997199714184 -0.207000032067 0.151999995112 0.997199714184 -0.204000011086 0.176999971271 0.997199714184 -0.202999964356 0.156999990344 0.997199714184 -0.202999964356 0.17600004375 0.997199714184 -0.187999978662 0.151999995112 0.997199714184 -0.187999978662 0.156999990344 0.997199714184 -0.0149999940768 0.120000056922 0.997199714184 0.014999977313 0.120000056922 0.997199714184 0.014999977313 0.150000020862 0.997199714184 0.107849948108 0.150000020862 0.997199714184 0.230000004172 0.120000056922 0.997199714184 0.230000004172 0.150000020862 0.997199714184 0.350000023842 0.150000020862 0.997199714184 0.379999995232 0.150000020862 0.998526275158 -0.34700012207 0.251125395298 0.998699843884 -0.350000023842 0.248999997973 0.999199569225 -0.259999990463 0.150000020862 0.999649703503 0.205749973655 0.120000056922 1.00024950504 -0.350001811981 0.250585734844 1.0006300211 -0.350000023842 0.251517832279 1.00208055973 -0.241439834237 0.120000056922 1.00208055973 -0.193439856172 0.120000056922 1.00214636326 0.193049415946 0.120000056922 1.00214636326 0.241049513221 0.120000056922 1.00304567814 0.195997223258 0.120000056922 1.00304567814 0.243997320533 0.120000056922 1.00304663181 -0.243996873498 0.120000056922 1.00304663181 -0.195996895432 0.120000056922 1.00400412083 0.191869243979 0.120000056922 1.00400412083 0.239869222045 0.120000056922 1.00419867039 -0.239695206285 0.120000056922 1.00419867039 -0.19169510901 0.120000056922 1.00574457645 -0.243558421731 0.120000056922 1.00574457645 -0.195558443666 0.120000056922 1.00574553013 0.192445024848 0.120000056922 1.00574553013 0.240444883704 0.120000056922 1.0059248209 -0.259999990463 0.120000056922 1.00619757175 0.195151075721 0.120000056922 1.00619757175 0.243151053786 0.120000056922 1.00631868839 -0.241438284516 0.120000056922 1.00631868839 -0.193438306451 0.120000056922 1.01552546024 -0.205750003457 0.120000056922 1.01552546024 0.205749973655 0.120000056922 1.01552546024 0.259999990463 0.120000056922 1.01814711094 -0.241047874093 0.120000056922 1.01814711094 -0.193047896028 0.120000056922 1.01814711094 0.193047627807 0.120000056922 1.01814711094 0.241047725081 0.120000056922 1.01904547215 0.195996984839 0.120000056922 1.01904547215 0.243996962905 0.120000056922 1.01904642582 -0.24399651587 0.120000056922 1.01904642582 -0.195996537805 0.120000056922 1.01957762241 -0.217305198312 0.120000056922 1.01957762241 0.218694791198 0.120000056922 1.02000486851 0.191869243979 0.120000056922 1.02000486851 0.239869341254 0.120000056922 1.02000677586 -0.239868894219 0.120000056922 1.02000677586 -0.191868916154 0.120000056922 1.02028620243 -0.219921723008 0.120000056922 1.02028620243 0.216078385711 0.120000056922 1.02128565311 -0.215483561158 0.120000056922 1.02128565311 0.220516428351 0.120000056922 1.02174341679 -0.243559136987 0.120000056922 1.02174341679 -0.195559158921 0.120000056922 1.02174437046 0.24044393003 0.120000056922 1.02174532413 0.192444190383 0.120000056922 1.02219831944 -0.240849509835 0.120000056922 1.02219831944 -0.19284941256 0.120000056922 1.02219831944 0.195150598884 0.120000056922 1.02219831944 0.243150576949 0.120000056922 1.02314627171 0.215411409736 0.120000056922 1.02314722538 -0.220588579774 0.120000056922 1.02396643162 -0.215888276696 0.120000056922 1.02396643162 0.220111712813 0.120000056922 1.02483808994 -0.218454256654 0.120000056922 1.02483808994 0.217545732856 0.120000056922 1.02719938755 0.379999995232 0.149999901652 1.02720034122 -0.379999995232 0.120000056922 1.02720034122 -0.379999995232 0.150000020862 1.02720034122 -0.350000023842 0.120000056922 1.02720034122 -0.350000023842 0.150000020862 1.02720034122 -0.259999990463 0.120000056922 1.02720034122 -0.234949961305 0.120000056922 1.02720034122 -0.228999987245 0.151999995112 1.02720034122 -0.227944269776 0.156122848392 1.02720034122 -0.227913752198 0.165062233806 1.02720034122 -0.227000012994 0.151999995112 1.02720034122 -0.225843086839 0.168838903308 1.02720034122 -0.225230947137 0.169500038028 1.02720034122 -0.224892988801 0.159177944064 1.02720034122 -0.221650019288 0.120000056922 1.02720034122 -0.208254948258 0.120000056922 1.02720034122 -0.051725037396 0.120000056922 1.02720034122 0.20841704309 0.120000056922 1.02720034122 0.23092494905 0.120000056922 1.02720034122 0.259999990463 0.120000056922 1.02720034122 0.350000023842 0.150000020862</float_array>
          <technique_common>
            <accessor source="#positions-array" count="1190" stride="3">
              <param name="X" type="float" />
              <param name="Y" type="float" />
              <param name="Z" type="float" />
            </accessor>
          </technique_common>
        </source>
        <source id="normals">
          <float_array id="normals-array" count="1659">-1 0 0 -0.99999994 -0.00013337 0 -0.99999994 0 0 -0.9999994 0.00110176 0 -0.99999934 -0.00038236 -0.00109419 -0.99999905 -0.00070027 -0.0011655 -0.99999827 -0.00074592 -0.00166108 -0.99999791 -0.0016942 0.00111549 -0.99999779 -0.00033025 -0.00206401 -0.99999762 -0.00185314 0.00112472 -0.99999428 0.00239416 0.00239387 -0.99999225 0.00100191 0.00378848 -0.99998999 0.00211047 0.00394644 -0.99998814 0.0025338 0.00416978 -0.99998188 0.00316786 0.00511381 -0.99997503 0.00130435 0.00694735 -0.99997205 0.00020676 -0.00748954 -0.99997103 0 -0.00762904 -0.99994045 0.00366948 -0.01028309 -0.99991935 -0.01269803 -0.00036505 -0.99989295 0.01050151 0.01019736 -0.99987525 -0.01574778 -0.001242 -0.99987 0.01108576 0.01170147 -0.99887323 0.04478754 0.01569524 -0.99880618 -0.04104292 -0.02648511 -0.9986499 0.04853882 0.0185055 -0.99672204 -0.07359627 0.0335972 -0.99617183 -0.04112321 -0.07713988 -0.98699737 -0.00394288 -0.16068746 -0.98307174 0.13497317 -0.12390413 -0.97209662 0.10973994 0.20732903 -0.96988672 -0.23887077 0.04754489 -0.96966451 0.00883714 -0.24427971 -0.9693507 0.00874237 -0.24552561 -0.96932262 0.01047612 -0.2455685 -0.96827817 0.01177693 -0.24959713 -0.96734828 -0.00761401 -0.25333643 -0.96697277 -0.01169032 -0.25461164 -0.96696401 -0.01162758 -0.2546474 -0.96695268 -0.01154744 -0.25469446 -0.9668225 0 -0.25544921 -0.9668225 0 -0.25544918 -0.96682245 0 -0.25544918 -0.96682239 -0 -0.25544915 -0.96682191 -0.00116805 -0.25544858 -0.96681297 -0.00121038 -0.25548217 -0.96662182 -0.00016563 -0.25620767 -0.9666205 0.02602769 -0.25488716 -0.9665978 -0.02918646 -0.25463089 -0.96650195 0.00764671 -0.25654534 -0.9664883 -0.00073189 -0.25670969 -0.96647811 -0.00172115 -0.25674328 -0.96647215 -0.00102714 -0.25676954 -0.96645647 0.00129656 -0.25682738 -0.96638703 0.00567277 -0.25702903 -0.96637028 0.00200224 -0.25714648 -0.96629238 0.00121173 -0.25744438 -0.96623981 6.524e-05 -0.25764436 -0.96623832 0.00575726 -0.2575855 -0.96618974 -0.01537404 -0.25737306 -0.96614981 0 -0.25798193 -0.96612597 -0.0011093 -0.25806862 -0.9660961 0.0003707 -0.25818229 -0.9660064 -0.00031934 -0.25851819 -0.96599674 -0.00015514 -0.25855428 -0.96599245 -9.356e-05 -0.25857031 -0.96598756 3.687e-05 -0.25858864 -0.96596837 -6e-08 -0.25866014 -0.96594864 0 -0.25873375 -0.96594828 -9.9e-07 -0.25873539 -0.96594721 -1.154e-05 -0.25873938 -0.96594006 -0.00011829 -0.25876597 -0.9659304 3.071e-05 -0.25880188 -0.96592587 -0.0001071 -0.25881886 -0.9659254 -2.136e-05 -0.25882062 -0.96592522 0 -0.25882113 -0.96592504 0.00010265 -0.25882196 -0.96592486 5.62e-05 -0.25882241 -0.96591955 2e-08 -0.2588425 -0.96591377 0.00347406 -0.25884077 -0.96591246 -0.00383022 -0.25884041 -0.96589023 -0.00029287 -0.25895178 -0.9658891 5.6e-07 -0.25895649 -0.96588886 6.1e-07 -0.25895667 -0.96587634 -0 -0.25900382 -0.96587616 0.0004822 -0.25900376 -0.96586883 0.00029854 -0.25903124 -0.96586579 0.00028941 -0.25904277 -0.9658581 0 -0.25907189 -0.96585798 0 -0.25907186 -0.96585733 0 -0.25907448 -0.96583849 0 -0.25914451 -0.96582758 0.00507036 -0.25913578 -0.9658125 0.00537863 -0.25918591 -0.9657647 -0.00290508 -0.25940335 -0.96575755 -0.002715 -0.25943184 -0.96571213 -0.00239691 -0.25960428 -0.96564668 0 -0.2598587 -0.96563339 3.176e-05 -0.25990787 -0.96562308 0.00170357 -0.25994059 -0.96560687 4.105e-05 -0.26000655 -0.96549159 0.00052627 -0.2604337 -0.96546787 -0.00088281 -0.26052082 -0.96447521 -0.00294144 -0.26415709 -0.96424323 -0.08829842 0.24987692 -0.96389395 0.01922087 -0.26559177 -0.96388382 -0.03174802 -0.26442403 -0.96387696 -0.01027498 -0.26614973 -0.96330398 0.00739209 -0.26831108 -0.96293885 -0.00938132 -0.26955676 -0.9628011 0.01221145 -0.26993543 -0.96279794 0.01221986 -0.2699458 -0.96279037 0.01225193 -0.2699714 -0.96016544 -0.0202763 -0.27869552 -0.95836604 -0.0273245 -0.28423214 -0.95822275 -0.00119983 -0.28602061 -0.95595461 0.08067954 0.2822085 -0.95379072 0.29381973 -0.06287529 -0.94236761 -0.32796484 0.06619916 -0.94218117 -0.32845715 0.06641141 -0.92899251 0.37004054 -0.00654542 -0.92872727 0.37070811 -0.00641975 -0.92519182 0.0735298 -0.37230822 -0.89800322 0.27666232 0.34212282 -0.89571345 -0.42963383 -0.11450785 -0.89468253 0.44584876 0.0276061 -0.89142585 -0.43719143 -0.11926246 -0.88395631 0.42561907 -0.1935707 -0.8803426 0.00196149 -0.47433436 -0.87819064 -0.32773697 0.34838155 -0.87577951 -0.25221145 0.4115819 -0.86712021 0.00382487 -0.4980844 -0.8670727 0 -0.49818176 -0.86591297 0.05180055 -0.49750516 -0.86559314 0.00331672 -0.50073707 -0.86492926 0.05569784 -0.49879366 -0.86453497 0.04864503 -0.50021291 -0.86349469 -0.44043252 0.24575639 -0.829835 -0.06554987 0.55414546 -0.80197179 -0.08076452 -0.59187686 -0.78315526 0.62161565 0.0161746 -0.78265429 0.62220091 0.01784393 -0.7808283 -0.6245445 -0.01585647 -0.71254128 -0.70149964 -0.01352857 -0.66152167 -0.58967263 -0.46333075 -0.64929038 0.71862596 0.24899535 -0.63989729 -0.7643972 0.07892055 -0.6127423 0.49330428 -0.61741215 -0.60430914 0.0466525 0.79538298 -0.59791404 -0.71424562 -0.36380193 -0.58835351 0.80860025 0.00240772 -0.54137605 0.0932247 -0.83559632 -0.54086322 -0.84104514 0.01048706 -0.54043519 -0.84127241 0.01380836 -0.53876132 0.84234542 -0.01379957 -0.48730904 -0.58212101 -0.65089554 -0.45291984 -0.87227792 0.18437667 -0.41607782 -0.05612953 0.90759504 -0.35676235 0.93353736 -0.03505317 -0.25754252 0.96615398 -0.01477502 -0.25706407 -0.96628183 -0.01474757 -0.22931668 -0.95689297 0.17824021 -0.20251013 -0.12999952 -0.97061306 -0.20162562 0.36599749 -0.9085114 -0.19587055 0.96151191 0.19269031 -0.17984267 0.06412366 0.98160321 -0.17187203 0.00023346 -0.98511922 -0.16902879 -0.98544604 0.01803714 -0.15412049 0.98792338 0.01594572 -0.15384954 -0.98796606 0.01591768 -0.1509161 0.98740506 -0.04749314 -0.1508861 0.98783112 -0.03772551 -0.1508413 0.98735762 -0.04870148 -0.13503161 0.05854377 -0.98911023 -0.13435411 0.0061527 -0.99091429 -0.09852825 0.99263144 -0.07053331 -0.0951893 0.99463201 -0.04057369 -0.08968195 -0.70690727 -0.70159769 -0.08915094 -0.99370813 -0.0677957 -0.07731762 0.99518323 -0.06026902 -0.07268213 -0.98197311 0.17448798 -0.06501871 0.08733898 -0.9940545 -0.06451327 0.17138444 -0.98308963 -0.0587813 -0.05798846 -0.99658519 -0.05538356 0.12928559 -0.99005961 -0.04835379 -0.99784851 -0.04427403 -0.04730432 0.99588108 0.07735031 -0.04723715 -0.99589282 0.07724046 -0.03797983 -0.74207884 -0.66923571 -0.02772493 0 -0.99961561 -0.02628696 -0.99957442 0.01264888 -0.02620435 -0.03721664 -0.99896353 -0.02522839 0.03316521 -0.99913138 -0.02221816 -0.99907434 0.03683617 -0.0218074 0.00257612 -0.99975884 -0.01934705 -0.99964547 0.01829704 -0.01838743 0.99559486 -0.09193896 -0.01689326 -0.07224267 -0.997244 -0.01534765 -0.99988163 -0.00106169 -0.01323597 -0.9921338 0.12448032 -0.01225231 0.20971839 -0.97768509 -0.01204196 -0.99989498 0.00806935 -0.0118551 -0.18680143 -0.98232615 -0.01106768 0.99270493 0.12006056 -0.01046102 -0.75889587 0.65112793 -0.01038288 -0.98738229 -0.15801394 -0.00915947 -0.05941078 -0.9981916 -0.00904698 -0.99995905 0.00030495 -0.00870624 -0.75267011 0.65834028 -0.00747359 -0.99995965 0.0049907 -0.00727692 0.99508572 -0.09874958 -0.00688481 -0.9999634 -0.00508117 -0.00647765 -0.34687075 0.93789059 -0.00537076 -0.03356474 -0.99942213 -0.00422401 0.9876554 0.15658461 -0.00420193 -0.98767322 0.15647331 -0.00382864 -0.00325146 -0.99998742 -0.0036081 -0.99996257 0.00787039 -0.0033538 0.03426023 -0.99940735 -0.00301229 -0.35075274 0.93646324 -0.00287685 0.99999583 0 -0.00253663 -0.99992293 -0.01215783 -0.00199903 0.99999785 -0.00053107 -0.0018066 0.99999249 -0.00341381 -0.00175393 0.99999839 -0.00045211 -0.00170797 -0.01149443 -0.99993247 -0.00159589 0.99998713 0.00481943 -0.00088091 0.00044046 -0.99999958 -0.00087067 -0.9999848 -0.0054417 -0.00086285 0.0115806 -0.99993253 -0.00085143 0.00441661 0.99998981 -0.00066532 0.01667862 0.99986064 -0.00066226 0 -0.99999976 -0.00063356 -0.04842628 0.99882644 -0.00059268 0.0073916 -0.99997246 -0.00051068 0.01579578 -0.99987519 -0.00050888 -0.9950707 0.09916657 -0.00050824 0.99508333 0.09904061 -0.00039182 0.99999988 5.695e-05 -0.00036045 0.99999988 0.00054857 -0.00029264 -0.99999976 -0.00060725 -0.00027715 0.00108562 -0.99999934 -0.00022898 -0.00249022 -0.9999969 -0.00022189 -0.00056458 -0.99999976 -0.00018634 0.99999988 -0.00039551 -0.00016631 0.00162771 -0.99999863 -0.00014531 -0.99981803 0.01907613 -8.421e-05 -0.70754838 0.70666492 -7.947e-05 0 1 -7.127e-05 -0.76083851 0.6489414 -6.114e-05 -0.02909843 -0.99957657 -4.11e-05 -0.75276828 0.65828568 -2.356e-05 -0.99998152 -0.00609119 -4.91e-06 -0.9928683 0.11921657 0 -1 -0 0 -0.99999994 -0 0 -0.99098581 0.13396659 0 -0.93191814 -0.36266869 0 -0.78737152 0.61647874 0 -0.73377293 0.67939478 0 -0.73377293 0.67939484 0 -0.73377287 0.67939478 0 -0.73377287 0.67939484 0 -0.55020201 -0.83503163 0 -0.00373947 0.99999291 0 -0.00373947 0.99999297 0 -0.0035558 0.99999368 0 -0.00118631 0.99999934 0 -0.00033962 -1 -0 -0.00032168 -1 0 0 -1 0 0 -0.99999994 0 0 0.99999994 0 -0 1 0 0.00207517 -0.99999779 0 0.0034128 0.99999422 0 0.00376532 0.99999297 0 0.00382907 0.99999261 0 0.57014853 -0.82154155 0 0.99999994 -0 0 1 -0 1e-08 1 -1.66e-06 3e-08 -0.99999994 0.00043013 4.2e-07 1 -1.56e-06 1.4e-06 0.9999873 0.00503981 2.46e-06 -0.97339839 -0.22911905 3.62e-06 0.00093887 0.99999952 4.34e-06 0.01484212 -0.99988979 1.133e-05 -0.97817951 -0.20776141 1.825e-05 -0.690157 0.72365975 2.827e-05 0.99995416 0.00957288 6.012e-05 0.0001131 -1 6.377e-05 0.00015864 -1 6.573e-05 2.471e-05 -1 7.082e-05 9.079e-05 -1 8.2e-05 0.05148438 0.99867386 0.00010382 0 -1 0.00010805 -0.55153114 -0.83415431 0.00010811 -0.00363095 0.99999344 0.00013246 -0.00019937 -0.99999988 0.00014258 -0.00010811 -0.99999994 0.00015816 -0.00020279 -1 0.00024519 0.00354448 0.99999362 0.00028396 -0.0010989 -0.99999934 0.00032951 0.00076841 -0.99999964 0.00033455 -0.99999994 -0.00014067 0.00037525 0.99444169 -0.10528777 0.00037996 0.00016466 -0.99999982 0.00038277 -0.00108542 -0.99999934 0.00038518 -0.99999994 0.00031608 0.000407 0.99999976 0.0005412 0.00043154 0.9999997 -0.00066985 0.00044917 0.00566769 0.99998385 0.00049001 -0.99999982 -0.00038882 0.00050686 0.56384796 -0.8258785 0.00061371 -0.0056432 -0.99998391 0.00067505 -0.02404557 0.99971062 0.00074796 0.02425427 -0.99970561 0.00075973 0.00394092 0.99999195 0.000846 0.00712296 0.99997419 0.00089132 0.99999958 0.0002566 0.00099085 0.00105656 0.99999893 0.00103684 0.00028417 0.99999934 0.00123892 -0.01036626 0.99994546 0.00134572 -0.00305996 -0.99999434 0.00137648 -0.00365672 -0.99999237 0.00146273 0.00341224 -0.99999315 0.00149095 0.99988091 -0.01536052 0.00186721 0.9954083 -0.09570124 0.00207546 -0.99993366 0.01132811 0.00228708 -0.00913127 -0.99995571 0.00229825 0.00205787 -0.99999523 0.00236609 -0.00361397 -0.9999907 0.00240349 0.00410235 -0.99998868 0.00275567 -0.84681547 -0.5318796 0.00278713 -0.9974106 -0.07186425 0.00308192 -0.00593832 -0.99997759 0.00356543 0.00154508 -0.99999243 0.00380023 0.00206481 -0.9999907 0.00479679 0.02349045 -0.99971265 0.00689171 -0.99895662 0.04514568 0.00737599 -0.99990803 -0.0113846 0.00742781 -0.99992466 0.00977637 0.00793021 -0.89592296 0.44413865 0.00935379 0.99990374 -0.01025468 0.01019887 0.99987078 0.01241896 0.01028513 -0.99987799 0.01175303 0.01043118 0.99197501 -0.12600215 0.01288501 -0.9999035 -0.00518508 0.01304199 -0.99990755 0.00385014 0.01394676 -0.00236558 -0.99989986 0.01541927 0.99926054 0.03522324 0.0204112 0.00215731 -0.99978936 0.02499268 0.99930316 0.02772561 0.02564797 -0.52133268 0.85296798 0.0381459 -0.07174882 -0.99669296 0.04804187 -0.99780995 0.04546488 0.04897729 -0.99446362 -0.09297003 0.04910279 -0.99445486 -0.09299716 0.04922929 -0.99719721 -0.05633956 0.05074087 0.99781537 0.04230714 0.06107052 0.99426121 0.0878346 0.0615034 0.56482732 -0.822914 0.06845108 0.9936946 0.08880053 0.07946701 -0.99505222 -0.05963291 0.08968195 0.70690727 -0.70159769 0.11328242 -0.99350089 0.01109731 0.12005535 0.98907071 -0.08559103 0.14019996 0.98983926 -0.02371403 0.1491442 0.98875397 0.01102476 0.15244107 0.2953968 -0.94313443 0.16529794 0.13221335 -0.97734141 0.17984267 -0.06412367 0.98160321 0.18029387 -0.00089596 -0.98361248 0.18601589 0.95924842 0.21269834 0.18916591 -0.98188651 -0.01073863 0.20251013 0.1299995 -0.97061306 0.23969153 0.9701187 -0.03765084 0.24220204 0.96947783 -0.03808915 0.29523721 -0.9530136 -0.06782383 0.29616797 -0.95270175 -0.06814649 0.31188232 0.94752562 0.07017505 0.31652582 0.94602537 0.06962319 0.32270136 0.90641659 -0.27253047 0.33195025 0.93239528 0.14299667 0.38154313 -0.91919076 -0.09753498 0.38162148 -0.91915506 -0.09756446 0.41607779 0.05612953 0.90759504 0.41835544 -0.90783191 -0.02863451 0.45764229 -0.8817969 -0.11400757 0.46725395 0.69181949 -0.55050838 0.46926144 -0.88263607 -0.02733749 0.51585573 0.61417824 -0.59722525 0.52053666 0.80226058 -0.29226634 0.53992373 0.84157622 0.01522057 0.53992838 -0.82575655 -0.16310556 0.54036605 0.8414101 0.00580147 0.54137605 -0.09322467 -0.83559632 0.59672177 -0.7995286 0.06839056 0.60430914 -0.04665252 0.79538298 0.63052768 0.47266245 -0.61565012 0.63768333 0.35362038 0.6843338 0.63891655 0.75592899 0.14267814 0.64552152 0.76372039 -0.00575763 0.65522105 -0.73035169 0.193059 0.66295928 -0.6994763 0.2668668 0.69954884 0.70836538 -0.09407427 0.69969344 0.70859933 -0.09119299 0.70711184 0 0.7071017 0.71133476 -0.66097552 0.23898588 0.71175587 0.70215571 -0.0195164 0.77585644 -0.50584871 0.37704617 0.78035611 0.62509358 -0.01739032 0.78298348 -0.6217888 0.01776642 0.78460997 -0.47613141 0.39709699 0.79375207 0.51411718 -0.32502472 0.80197185 0.08076448 -0.59187686 0.829835 0.06554987 0.55414546 0.84085393 -0.54089487 0.01993209 0.86323857 -0.49179423 -0.11383206 0.86378014 -0.06904846 -0.4991155 0.86438519 -0.05409202 -0.49991235 0.86550242 -0.00147504 -0.50090271 0.86890507 -0.4760938 -0.13542011 0.86895961 -0.47593188 -0.13563979 0.87470603 0.47298193 -0.10572394 0.87508595 -0.47948045 0.06575128 0.87516773 -0.47933209 0.06574395 0.91329396 -0.1172035 0.39007387 0.92519182 -0.07352981 -0.37230822 0.94182765 -0.14950013 0.30101559 0.95533973 -0.27231237 -0.11476946 0.95595461 -0.08067956 0.2822085 0.96143746 -0.15122749 0.22971326 0.9617157 -0.00959667 0.2738812 0.96241844 -0.01522779 0.27114359 0.96243936 -0.01608398 0.27102003 0.96302009 -0.02059869 0.26864135 0.96302265 -0.02058192 0.26863295 0.96335059 0.01935941 0.26754624 0.96348357 0.0075689 0.26766041 0.96348757 0.00755664 0.26764631 0.96348834 0.01991742 0.26700833 0.96351421 -0.0050044 0.2676107 0.96381485 -0.00766575 0.2664625 0.96517867 -0.00523667 0.26153928 0.96523064 -0.00487318 0.26135406 0.96523196 -0.00486002 0.26134959 0.96530402 0.00407081 0.26109651 0.9653067 0.0040518 0.26108691 0.96530956 0.00403245 0.2610772 0.96533948 0.00386195 0.26096892 0.96534187 0.00384838 0.26096052 0.9654392 5.268e-05 0.26062816 0.96550322 0.00170104 0.26038557 0.9655059 0.00169234 0.2603758 0.96556163 -0.00188217 0.2601676 0.96562564 4.458e-05 0.25993666 0.96564865 0 0.25985125 0.96565443 0.00273994 0.25981537 0.96565819 -0.00079383 0.25981435 0.96565831 -0.0007938 0.2598142 0.96568733 0 0.25970769 0.9658156 0.00109215 0.25922769 0.96582556 0 0.25919297 0.96590102 0.00324802 0.25889122 0.96590221 1.44e-05 0.25890726 0.96590865 -0.00112796 0.25888097 0.96592492 -4.47e-05 0.25882214 0.96592504 -0.00018727 0.25882208 0.9659251 3.379e-05 0.25882167 0.96592522 3.106e-05 0.25882113 0.96592832 0 0.25880986 0.9659462 0.00598026 0.25867394 0.96594638 -0.00590681 0.25867504 0.96594775 -0.00061196 0.25873637 0.96595025 4.79e-06 0.25872767 0.96595782 3.13e-06 0.2586993 0.96596301 0.00043096 0.25867948 0.96596318 -0.00072665 0.25867847 0.96596336 0.00043293 0.25867853 0.96596342 -0.00026763 0.25867853 0.96596342 -0.00026762 0.25867856 0.96596342 0.00018723 0.25867856 0.96596342 0.00042896 0.25867853 0.96596897 -0 0.25865775 0.96596909 -0 0.25865778 0.96597475 6e-08 0.25863662 0.9659788 1.84e-06 0.25862139 0.96600312 0.00080247 0.25852942 0.96600318 0.00082372 0.2585288 0.96608162 -0.00053165 0.25823644 0.96608716 -0.000558 0.25821555 0.96613955 0 0.25801992 0.96614021 0 0.25801766 0.96615088 -2.845e-05 0.25797802 0.96616769 1.54e-06 0.25791496 0.96616846 -0 0.25791141 0.96618766 -0 0.25784007 0.96618861 -8.6e-07 0.25783643 0.96623588 -2.299e-05 0.25765935 0.96631628 -0.00514674 0.25730592 0.96651512 -6.683e-05 0.25660962 0.96653306 -0.02591319 0.25523007 0.96661907 0.0043438 0.25618124 0.96669918 0.00482938 0.25586975 0.96689457 -0.00685487 0.25508395 0.96692169 -0.00179508 0.25506723 0.96692789 0.00775534 0.25493211 0.96693039 -0.00181827 0.25503376 0.96699405 -0.00765933 0.25468394 0.96810681 0.1579788 0.19445267 0.96839535 -0.01438428 0.24900492 0.969212 0.01074123 0.2459933 0.96921444 0.01075007 0.24598314 0.96976596 0.01786115 0.24338229 0.96976638 0.01786021 0.2433809 0.97130752 0.01799913 0.2371446 0.97586524 -0.16421504 0.14394614 0.98292673 -0.18052797 0.03556336 0.9836269 -0.17654486 0.03619337 0.98891288 -0.04705634 -0.14084432 0.98973107 -0.05713325 -0.13102737 0.99168503 0.04565934 -0.12031671 0.99464774 0.08229475 -0.06247933 0.99547845 0.04600403 -0.08310435 0.99549031 0.0458247 -0.08306095 0.99672204 0.07359627 0.0335972 0.99863029 -0.0492492 0.01766918 0.998954 0.04572817 0 0.99921978 0.02167029 0.03301872 0.99927324 -0.03811898 0 0.99944299 -0.03151125 0.01099424 0.99988365 0.01524488 -0.00051761 0.99990237 -0.00955946 0.01018977 0.99990684 -0.00934418 0.00994978 0.99994153 -0.00706791 0.00817958 0.99995422 0.00956963 -0.00036045 0.99997395 -0.00348191 -0.00632168 0.99999368 0.00056189 -0.00351175 0.99999744 0.00185295 0.00131387 0.99999869 0.00039634 0.00154571 0.99999887 0.00073052 -0.00129197 0.99999917 0.00059285 -0.00113834 0.99999958 0 0.00090599 0.99999964 0.00084466 -0 0.99999982 0 -0.00057221 0.99999982 0.00039634 -0.00032847 0.99999988 -0.00042425 0 0.99999988 0.00037138 -0.00037149 0.99999994 -0 0 1 -6.665e-05 0 1 -0 0</float_array>
          <technique_common>
            <accessor source="#normals-array" count="553" stride="3">
              <param name="X" type="float" />
              <param name="Y" type="float" />
              <param name="Z" type="float" />
            </accessor>
          </technique_common>
        </source>
        <vertices id="vertices">
          <input semantic="POSITION" source="#positions" />
        </vertices>
        <triangles count="1646" material="MATERIAL">
          <input semantic="VERTEX" source="#vertices" offset="0" />
          <input semantic="NORMAL" source="#normals" offset="1" />
          <p>726 129 748 129 735 129 694 374 732 374 744 374 705 393 732 393 694 393 748 127 744 127 732 127 710 431 705 431 694 431 748 137 726 137 744 137 726 409 710 409 694 409 883 271 885 271 861 271 858 270 883 270 861 270 844 384 861 384 890 384 885 171 890 171 861 171 883 24 890 24 885 24 858 523 861 523 844 523 883 31 875 31 890 31 875 398 858 398 844 398 883 359 858 359 875 359 840 390 890 390 878 390 844 383 890 383 840 383 890 104 875 104 878 104 875 404 844 404 840 404 694 271 744 271 701 271 840 270 878 270 701 270 744 270 840 270 701 270 691 270 694 270 701 270 670 324 694 324 691 324 878 355 929 355 901 355 726 235 840 235 744 235 726 213 670 213 840 213 875 166 929 166 878 166 670 352 726 352 694 352 670 339 875 339 840 339 670 202 929 202 875 202 812 254 793 254 790 254 793 254 774 254 790 254 804 254 793 254 812 254 793 254 783 254 774 254 783 254 766 254 774 254 820 254 804 254 812 254 783 161 763 161 766 161 783 178 670 178 763 178 808 254 804 254 820 254 929 255 808 255 820 255 781 254 670 254 783 254 788 254 670 254 781 254 929 254 800 254 808 254 929 254 670 254 788 254 800 254 929 254 788 254 676 133 763 133 670 133 794 280 813 280 791 280 775 280 794 280 791 280 785 280 794 280 775 280 794 280 805 280 813 280 767 280 785 280 775 280 805 280 821 280 813 280 763 164 785 164 767 164 676 179 779 179 763 179 779 176 785 176 763 176 809 280 911 280 821 280 805 280 809 280 821 280 676 280 786 280 779 280 912 280 911 280 809 280 801 279 912 279 809 279 676 279 801 279 786 279 676 280 912 280 801 280 672 308 914 308 676 308 914 296 912 296 676 296 814 254 795 254 792 254 795 254 776 254 792 254 806 254 795 254 814 254 795 254 784 254 776 254 784 254 768 254 776 254 822 254 806 254 814 254 784 254 764 254 768 254 784 254 672 254 764 254 913 254 810 254 822 254 810 254 806 254 822 254 782 254 672 254 784 254 789 255 672 255 782 255 913 254 802 254 810 254 913 254 914 254 802 254 914 255 672 255 789 255 802 255 914 255 789 255 672 132 765 132 764 132 673 131 765 131 672 131 777 280 769 280 799 280 769 280 815 280 799 280 769 280 823 280 815 280 765 280 823 280 769 280 673 280 926 280 765 280 926 280 823 280 765 280 845 307 856 307 673 307 690 331 700 331 673 331 700 337 711 337 673 337 856 304 867 304 673 304 867 200 926 200 673 200 711 326 725 326 673 326 725 234 845 234 673 234 894 181 903 181 926 181 887 173 894 173 926 173 867 184 887 184 926 184 739 270 845 270 725 270 752 270 845 270 739 270 745 270 845 270 752 270 745 270 730 270 845 270 730 270 709 270 845 270 690 270 714 270 700 270 709 270 860 270 845 270 884 270 903 270 894 270 896 270 903 270 884 270 690 270 709 270 714 270 709 270 730 270 714 270 896 270 868 270 860 270 709 270 896 270 860 270 868 270 896 270 884 270 896 412 905 412 903 412 896 394 888 394 905 394 905 542 908 542 901 542 929 535 905 535 901 535 912 524 905 524 929 524 911 529 912 529 929 529 914 544 905 544 912 544 926 531 914 531 913 531 926 532 905 532 914 532 903 537 905 537 926 537 901 391 898 391 878 391 901 418 908 418 898 418 898 305 707 305 701 305 878 313 898 313 701 313 707 152 686 152 701 152 686 143 691 143 701 143 679 3 686 3 678 3 680 17 686 17 679 17 684 16 686 16 680 16 686 21 670 21 691 21 684 4 690 4 686 4 690 22 673 22 686 22 676 25 670 25 686 25 672 9 676 9 686 9 673 14 672 14 686 14 684 140 698 140 690 140 698 154 709 154 690 154 888 311 896 311 709 311 698 239 888 239 709 239 698 238 915 238 888 238 915 344 939 344 888 344 915 351 941 351 939 351 939 539 944 539 942 539 944 552 943 552 942 552 939 545 945 545 944 545 941 546 947 546 945 546 939 538 941 538 945 538 946 548 947 548 941 548 937 328 1170 328 933 328 938 271 1172 271 1170 271 937 270 938 270 1170 270 943 270 1172 270 938 270 944 270 1172 270 943 270 1173 552 1171 552 1170 552 1172 552 1173 552 1170 552 1173 472 1111 472 1171 472 595 469 590 469 1171 469 653 473 595 473 1171 473 1111 468 653 468 1171 468 595 466 591 466 590 466 654 494 641 494 653 494 641 516 649 516 653 516 649 437 630 437 653 437 630 479 595 479 653 479 605 497 596 497 595 497 613 451 605 451 595 451 630 449 613 449 595 449 621 446 596 446 605 446 654 459 621 459 641 459 654 484 596 484 621 484 655 493 642 493 654 493 642 515 650 515 654 515 650 438 631 438 654 438 631 479 596 479 654 479 614 491 607 491 596 491 607 485 597 485 596 485 631 450 614 450 596 450 622 460 597 460 607 460 655 455 622 455 642 455 655 483 597 483 622 483 656 464 648 464 655 464 648 434 636 434 655 434 636 514 628 514 655 514 628 481 597 481 655 481 611 507 603 507 597 507 603 499 598 499 597 499 628 441 611 441 597 441 656 512 635 512 648 512 619 444 598 444 603 444 656 490 598 490 619 490 635 439 656 439 619 439 646 456 638 456 656 456 652 488 646 488 656 488 638 505 632 505 656 505 632 467 598 467 656 467 610 442 618 442 598 442 632 503 610 503 598 503 652 500 626 500 646 500 652 476 598 476 618 476 626 457 652 457 618 457 644 477 598 477 652 477 617 487 599 487 598 487 644 502 627 502 598 502 627 453 617 453 598 453 609 435 599 435 617 435 652 463 639 463 644 463 620 508 599 508 609 508 652 501 620 501 639 501 652 489 599 489 620 489 643 517 651 517 652 517 657 495 643 495 652 495 651 436 633 436 652 436 633 475 599 475 652 475 633 448 615 448 599 448 615 492 608 492 599 492 608 486 600 486 599 486 623 461 600 461 608 461 657 454 623 454 643 454 657 483 600 483 623 483 658 458 645 458 657 458 645 443 637 443 657 443 637 513 629 513 657 513 629 482 600 482 657 482 629 440 612 440 600 440 612 509 604 509 600 509 604 498 601 498 600 498 624 445 601 445 604 445 658 510 624 510 645 510 658 480 601 480 624 480 659 462 647 462 658 462 647 504 640 504 658 504 640 505 634 505 658 505 634 479 601 479 658 479 634 449 616 449 601 449 616 452 606 452 601 452 606 496 602 496 601 496 625 447 602 447 606 447 659 506 625 506 647 506 659 478 602 478 625 478 1169 471 659 471 1189 471 1169 474 602 474 659 474 1169 465 593 465 602 465 1169 470 592 470 593 470 1072 190 1111 190 1112 190 1107 400 1111 400 1108 400 1107 415 1112 415 1111 415 945 280 1172 280 944 280 945 280 1074 280 1172 280 1074 280 1108 280 1172 280 1108 280 1173 280 1172 280 1055 224 1056 224 1074 224 1056 280 1108 280 1074 280 1108 320 1111 320 1173 320 1055 147 1057 147 1056 147 1054 163 1057 163 1055 163 1045 340 1054 340 1055 340 1111 246 1072 246 1055 246 1072 193 1045 193 1055 193 1071 354 1045 354 1072 354 1071 212 1044 212 1045 212 584 283 653 283 1055 283 653 281 1111 281 1055 281 523 73 529 73 1073 73 1055 72 1074 72 1073 72 529 76 1055 76 1073 76 542 53 558 53 529 53 552 103 542 103 529 103 584 77 1055 77 529 77 558 81 584 81 529 81 523 66 524 66 529 66 524 85 527 85 529 85 527 62 552 62 529 62 558 99 580 99 584 99 580 69 585 69 584 69 569 32 585 32 580 32 552 109 585 109 569 109 564 106 575 106 585 106 552 56 564 56 585 56 575 94 577 94 585 94 546 28 549 28 552 28 530 101 546 101 552 101 549 115 564 115 552 115 527 65 530 65 552 65 560 92 585 92 577 92 530 51 560 51 546 51 530 71 585 71 560 71 562 45 578 45 585 45 578 82 586 82 585 82 530 86 562 86 585 86 531 89 543 89 530 89 543 102 562 102 530 102 527 41 531 41 530 41 570 34 586 34 578 34 531 112 554 112 543 112 554 37 531 37 570 37 531 95 586 95 570 95 565 48 576 48 586 48 576 105 573 105 586 105 531 58 565 58 586 58 547 49 565 49 531 49 532 91 550 91 531 91 550 114 547 114 531 114 527 42 532 42 531 42 532 70 586 70 573 70 561 46 532 46 573 46 532 100 561 100 550 100 559 98 583 98 586 98 583 67 587 67 586 67 532 78 559 78 586 78 544 57 559 57 532 57 533 90 544 90 532 90 527 42 533 42 532 42 571 33 587 33 583 33 533 111 555 111 544 111 533 96 587 96 571 96 555 38 533 38 571 38 557 47 574 47 587 47 574 59 581 59 587 59 533 54 557 54 587 54 534 60 541 60 533 60 541 107 557 107 533 107 527 43 528 43 533 43 528 41 534 41 533 41 534 50 551 50 541 50 567 93 587 93 581 93 534 61 587 61 567 61 551 108 534 108 567 108 563 44 579 44 587 44 579 83 588 83 587 83 534 87 563 87 587 87 535 88 545 88 534 88 545 102 563 102 534 102 528 41 535 41 534 41 572 35 588 35 579 35 535 110 556 110 545 110 535 80 588 80 572 80 556 39 535 39 572 39 566 36 582 36 588 36 582 68 589 68 588 68 535 79 566 79 588 79 536 97 553 97 535 97 553 113 548 113 535 113 548 49 566 49 535 49 528 40 536 40 535 40 568 55 589 55 582 55 536 63 589 63 568 63 553 52 536 52 568 52 536 75 1106 75 1105 75 589 74 536 74 1105 74 525 84 526 84 528 84 526 64 536 64 528 64 485 254 303 254 302 254 1073 254 303 254 485 254 537 254 1073 254 485 254 718 254 1073 254 537 254 933 255 1073 255 718 255 1170 255 1073 255 933 255 1171 254 1070 254 1170 254 1070 254 1073 254 1170 254 1058 254 523 254 1073 254 1069 254 1065 254 1073 254 1070 254 1069 254 1073 254 1060 254 1058 254 1073 254 1065 254 1063 254 1073 254 1063 254 1060 254 1073 254 1067 255 1070 255 1171 255 590 255 1067 255 1171 255 278 254 517 254 232 254 523 254 517 254 278 254 1064 254 1060 254 1063 254 1067 254 1064 254 1063 254 1066 255 1067 255 1063 255 1067 254 1068 254 1070 254 1068 254 1067 254 1066 254 590 254 523 254 1058 254 1059 254 590 254 1058 254 1061 254 590 254 1059 254 590 254 1062 254 1067 254 590 254 1061 254 1062 254 590 254 517 254 523 254 590 254 126 254 517 254 156 254 126 254 590 254 303 552 301 552 300 552 302 552 303 552 300 552 288 408 287 408 301 408 303 408 288 408 301 408 278 280 288 280 233 280 288 280 303 280 233 280 303 273 234 273 233 273 1073 273 945 273 303 273 910 272 447 272 303 272 945 273 910 273 303 273 447 273 440 273 303 273 440 273 234 273 303 273 1074 273 945 273 1073 273 447 273 441 273 440 273 448 273 441 273 447 273 945 273 916 273 910 273 947 273 916 273 945 273 1109 273 1075 273 947 273 1083 273 916 273 947 273 1075 273 1083 273 947 273 1083 257 927 257 916 257 1084 343 927 343 1083 343 1076 0 1077 0 1075 0 1077 0 1083 0 1075 0 1078 0 1079 0 1077 0 1079 0 1084 0 1077 0 1084 0 1083 0 1077 0 1080 0 1088 0 1079 0 1088 0 1087 0 1079 0 1087 0 1086 0 1079 0 1086 2 1085 2 1079 2 1085 2 1084 2 1079 2 1081 0 1089 0 1080 0 1089 0 1088 0 1080 0 1094 0 1090 0 1081 0 1090 0 1089 0 1081 0 1094 2 1092 2 1090 2 1097 0 1093 0 1091 0 1095 0 1097 0 1091 0 1096 0 1095 0 1091 0 1092 0 1096 0 1091 0 1094 0 1096 0 1092 0 1098 0 1097 0 1095 0 900 272 189 272 188 272 927 273 189 273 900 273 45 273 189 273 927 273 1084 286 45 286 927 286 189 272 45 272 39 272 1179 267 45 267 1084 267 1176 248 1179 248 1084 248 243 254 188 254 187 254 295 255 188 255 243 255 347 254 188 254 295 254 365 254 188 254 347 254 382 255 188 255 365 255 402 254 188 254 382 254 421 255 188 255 402 255 441 254 188 254 421 254 900 254 188 254 441 254 448 254 900 254 441 254 899 254 900 254 448 254 199 271 226 271 187 271 226 270 228 270 187 270 228 270 229 270 187 270 229 270 243 270 187 270 231 270 244 270 243 270 229 270 231 270 243 270 244 270 289 270 243 270 289 270 291 270 243 270 291 270 295 270 243 270 294 291 310 291 295 291 292 270 294 270 295 270 291 270 292 270 295 270 310 332 309 332 295 332 309 274 347 274 295 274 345 227 348 227 347 227 309 245 345 245 347 245 348 270 352 270 347 270 352 270 355 270 347 270 355 270 359 270 347 270 359 270 365 270 347 270 361 270 360 270 365 270 359 270 361 270 365 270 360 270 369 270 365 270 369 270 371 270 365 270 371 270 382 270 365 270 375 270 378 270 382 270 378 270 385 270 382 270 371 270 375 270 382 270 385 271 389 271 382 271 389 270 392 270 382 270 392 271 396 271 382 271 396 270 402 270 382 270 398 270 410 270 402 270 396 270 398 270 402 270 410 271 407 271 402 271 407 270 411 270 402 270 411 271 421 271 402 271 417 270 423 270 421 270 413 270 417 270 421 270 411 270 413 270 421 270 423 270 427 270 421 270 427 270 430 270 421 270 430 270 441 270 421 270 433 270 435 270 441 270 430 270 433 270 441 270 435 270 442 270 441 270 199 270 227 270 226 270 230 270 244 270 231 270 244 270 290 270 289 270 293 293 310 293 294 293 310 330 348 330 345 330 360 270 370 270 369 270 385 270 391 270 389 270 397 270 410 270 398 270 414 270 423 270 417 270 423 270 429 270 427 270 434 270 442 270 435 270 348 271 356 271 352 271 374 270 385 270 378 270 227 270 244 270 230 270 244 270 293 270 290 270 360 270 374 270 370 270 385 270 397 270 391 270 410 270 423 270 414 270 442 270 434 270 429 270 423 270 442 270 429 270 199 270 244 270 227 270 244 292 310 292 293 292 348 270 360 270 356 270 360 270 385 270 374 270 385 271 410 271 397 271 244 269 348 269 310 269 348 270 385 270 360 270 393 270 410 270 385 270 348 270 393 270 385 270 393 270 423 270 410 270 307 403 342 403 309 403 342 145 345 145 309 145 344 117 345 117 342 117 310 433 307 433 309 433 344 395 307 395 310 395 344 156 310 156 345 156 344 273 308 273 307 273 306 336 343 336 311 336 346 150 342 150 311 150 307 402 311 402 342 402 306 425 311 425 307 425 346 123 344 123 342 123 308 518 306 518 307 518 343 124 344 124 346 124 343 389 306 389 308 389 344 180 343 180 308 180 351 322 349 322 311 322 358 319 354 319 311 319 383 312 372 312 311 312 372 295 358 295 311 295 349 231 346 231 311 231 354 321 351 321 311 321 384 273 381 273 383 273 381 273 379 273 383 273 379 273 377 273 383 273 377 273 372 273 383 273 386 273 384 273 383 273 403 273 394 273 383 273 394 272 388 272 383 272 388 273 386 273 383 273 405 273 404 273 403 273 404 273 400 273 403 273 422 273 408 273 403 273 408 273 405 273 403 273 400 273 401 273 403 273 399 273 394 273 403 273 401 273 399 273 403 273 424 272 419 272 422 272 444 273 432 273 422 273 432 273 426 273 422 273 426 273 424 273 422 273 419 273 420 273 422 273 420 273 418 273 422 273 415 273 408 273 422 273 418 273 415 273 422 273 452 273 451 273 444 273 451 273 445 273 444 273 461 273 454 273 444 273 454 273 452 273 444 273 445 273 438 273 444 273 438 273 436 273 444 273 436 272 432 272 444 272 463 273 462 273 461 273 473 273 467 273 461 273 467 273 465 273 461 273 465 273 463 273 461 273 462 273 460 273 461 273 460 273 458 273 461 273 456 273 454 273 461 273 458 273 456 273 461 273 477 273 475 273 473 273 475 273 474 273 473 273 489 273 481 273 473 273 481 273 478 273 473 273 478 273 477 273 473 273 474 273 472 273 473 273 472 273 471 273 473 273 470 273 467 273 473 273 471 273 470 273 473 273 490 272 483 272 489 272 501 273 493 273 489 273 493 273 492 273 489 273 492 273 490 273 489 273 483 272 484 272 489 272 484 273 482 273 489 273 482 273 481 273 489 273 504 273 502 273 501 273 502 273 499 273 501 273 506 273 504 273 501 273 594 273 508 273 501 273 508 273 506 273 501 273 499 272 500 272 501 272 500 273 498 273 501 273 497 273 493 273 501 273 498 272 497 272 501 272 660 272 521 272 594 272 762 273 666 273 594 273 666 272 662 272 594 272 662 273 660 273 594 273 521 273 522 273 594 273 522 273 520 273 594 273 511 273 509 273 594 273 520 273 518 273 594 273 518 273 515 273 594 273 515 273 511 273 594 273 509 273 508 273 594 273 827 273 826 273 762 273 826 273 668 273 762 273 830 273 827 273 762 273 932 273 830 273 762 273 668 273 669 273 762 273 667 273 666 273 762 273 669 273 667 273 762 273 956 272 850 272 932 272 958 273 956 273 932 273 973 273 965 273 932 273 965 273 958 273 932 273 850 273 855 273 932 273 855 273 849 273 932 273 849 273 836 273 932 273 836 273 830 273 932 273 972 273 971 273 973 273 995 273 972 273 973 273 971 273 970 273 973 273 970 273 965 273 973 273 996 273 995 273 973 273 998 273 996 273 973 273 1007 273 998 273 973 273 1008 273 1005 273 1007 273 1005 273 1003 273 1007 273 1003 273 1001 273 1007 273 1001 273 998 273 1007 273 1035 273 1013 273 1007 273 1013 272 1011 272 1007 272 1011 273 1008 273 1007 273 1037 273 1036 273 1035 273 1046 272 1039 272 1035 272 1039 273 1037 273 1035 273 1089 273 1046 273 1035 273 1036 273 1013 273 1035 273 1090 273 1053 273 1089 273 1053 273 1051 273 1089 273 1051 273 1046 273 1089 273 368 273 366 273 358 273 372 273 368 273 358 273 366 273 362 273 358 273 513 273 511 273 515 273 366 272 364 272 362 272 512 273 511 273 513 273 1009 273 1008 273 1011 273 510 272 511 272 512 272 1036 273 1012 273 1013 273 349 273 343 273 346 273 350 273 343 273 349 273 366 273 363 273 364 273 367 273 363 273 366 273 384 272 380 272 381 272 387 273 384 273 386 273 406 273 400 273 404 273 425 273 419 273 424 273 445 273 437 273 438 273 453 273 445 273 451 273 462 273 459 273 460 273 464 273 462 273 463 273 476 273 474 273 475 273 491 273 483 273 490 273 503 273 499 273 502 273 514 273 510 273 512 273 661 273 521 273 660 273 828 273 668 273 826 273 957 273 850 273 956 273 1008 273 1004 273 1005 273 1038 273 1036 273 1037 273 1090 273 1052 273 1053 273 1012 272 1008 272 1009 272 1036 273 1008 273 1012 273 474 273 469 273 472 273 995 272 969 272 972 272 353 273 343 273 350 273 384 273 376 273 380 273 390 272 384 272 387 272 412 273 400 273 406 273 409 272 412 272 406 272 412 273 419 273 425 273 428 273 412 273 425 273 455 273 445 273 453 273 462 273 457 273 459 273 466 273 462 273 464 273 479 273 474 273 476 273 495 273 483 273 491 273 495 273 499 273 503 273 505 273 495 273 503 273 664 273 521 273 661 273 663 273 664 273 661 273 664 273 668 273 828 273 831 273 664 273 828 273 963 273 850 273 957 273 960 273 963 273 957 273 963 273 995 273 997 273 999 273 963 273 997 273 1008 273 1002 273 1004 273 1041 273 1036 273 1038 273 1090 273 1048 273 1052 273 412 273 416 273 419 273 495 273 496 273 499 273 664 273 519 273 521 273 963 273 837 273 850 273 963 273 969 273 995 273 357 273 363 273 367 273 373 273 357 273 367 273 412 273 395 273 400 273 445 273 431 273 437 273 474 273 468 273 469 273 495 273 480 273 483 273 494 272 495 272 491 272 664 273 507 273 510 273 514 273 516 273 510 273 516 273 664 273 510 273 664 272 665 272 668 272 963 272 964 272 969 272 353 233 333 233 343 233 384 272 373 272 376 272 431 273 412 273 428 273 480 273 474 273 479 273 495 272 494 272 496 272 664 273 516 273 519 273 665 273 664 273 663 273 964 273 963 273 960 273 357 323 333 323 353 323 373 273 384 273 357 273 395 273 384 273 390 273 412 273 409 273 416 273 462 273 455 273 457 273 468 273 462 273 466 273 507 273 495 273 505 273 963 273 831 273 837 273 1008 273 963 273 999 273 1008 273 999 273 1002 273 1048 273 1036 273 1041 273 384 316 333 316 357 316 412 273 384 273 395 273 445 272 412 272 431 272 462 273 445 273 455 273 474 273 462 273 468 273 495 272 474 272 480 272 664 273 495 273 507 273 963 273 664 273 831 273 1090 273 1036 273 1048 273 1180 249 489 249 321 249 489 258 473 258 321 258 473 258 461 258 321 258 461 258 444 258 321 258 444 258 422 258 321 258 422 258 403 258 321 258 403 258 383 258 321 258 383 219 311 219 321 219 1181 261 1089 261 1180 261 1089 260 1035 260 1180 260 1035 259 1007 259 1180 259 1007 261 973 261 1180 261 973 260 932 260 1180 260 932 260 762 260 1180 260 762 260 594 260 1180 260 594 262 501 262 1180 262 501 260 489 260 1180 260 314 552 315 552 312 552 315 552 313 552 312 552 325 552 324 552 313 552 321 511 311 511 313 511 315 552 316 552 313 552 311 522 326 522 313 522 326 552 325 552 313 552 316 552 319 552 313 552 319 550 321 550 313 550 318 552 323 552 314 552 317 552 315 552 314 552 323 552 320 552 314 552 320 552 317 552 314 552 322 552 323 552 318 552 343 430 327 430 311 430 327 521 326 521 311 521 343 428 328 428 327 428 343 401 333 401 328 401 333 552 329 552 328 552 333 552 341 552 329 552 341 552 330 552 329 552 339 552 331 552 332 552 336 552 339 552 332 552 339 552 334 552 331 552 335 552 341 552 333 552 339 552 338 552 334 552 337 550 341 550 335 550 340 552 341 552 337 552 339 552 340 552 337 552 339 552 337 552 338 552 315 288 1178 288 1087 288 317 285 1178 285 315 285 1178 223 1177 223 1086 223 1087 220 1178 220 1086 220 1086 256 44 256 191 256 1177 253 44 253 1086 253 193 306 191 306 44 306 43 226 193 226 44 226 43 290 192 290 193 290 194 188 192 188 43 188 48 334 194 334 43 334 194 0 193 0 192 0 193 204 48 204 44 204 318 335 193 335 44 335 1177 251 318 251 44 251 322 289 318 289 1177 289 1182 247 322 247 1177 247 194 208 48 208 193 208 223 189 222 189 186 189 193 191 223 191 186 191 318 270 314 270 296 270 297 270 318 270 296 270 193 242 237 242 223 242 193 299 281 299 237 299 318 301 297 301 281 301 193 300 318 300 281 300 281 263 279 263 235 263 237 297 281 297 235 297 279 255 253 255 235 255 253 254 249 254 235 254 271 254 253 254 279 254 249 254 247 254 235 254 247 169 236 169 235 169 280 366 275 366 279 366 275 254 271 254 279 254 267 254 256 254 271 254 256 254 253 254 271 254 265 254 256 254 267 254 245 160 236 160 247 160 280 375 276 375 275 375 265 254 268 254 256 254 268 199 280 199 256 199 280 346 251 346 256 346 280 356 272 356 276 356 251 187 236 187 245 187 280 215 236 215 251 215 280 236 268 236 272 236 257 266 238 266 236 266 280 298 257 298 236 298 282 265 263 265 280 265 263 264 257 264 280 264 259 273 258 273 257 273 261 272 259 272 257 272 263 273 261 273 257 273 264 273 261 273 263 273 260 273 258 273 259 273 264 273 262 273 261 273 241 318 258 318 260 318 285 302 241 302 260 302 262 276 285 276 260 276 264 230 285 230 262 230 258 275 241 275 239 275 283 277 285 277 264 277 250 279 254 279 242 279 254 280 286 280 242 280 254 280 270 280 286 280 241 168 248 168 242 168 248 279 250 279 242 279 277 369 285 369 286 369 274 280 277 280 286 280 270 280 274 280 286 280 254 280 266 280 270 280 241 159 246 159 248 159 255 280 266 280 254 280 269 280 266 280 255 280 285 203 269 203 255 203 252 345 285 345 255 345 273 360 285 360 277 360 241 186 252 186 246 186 241 214 285 214 252 214 269 237 285 237 273 237 286 314 284 314 240 314 242 278 286 278 240 278 284 268 336 268 195 268 197 232 224 232 195 232 224 243 240 243 195 243 240 315 284 315 195 315 298 270 339 270 336 270 284 294 298 294 336 294 201 192 224 192 197 192 299 270 339 270 298 270 201 362 225 362 224 362 220 552 187 552 182 552 184 550 183 550 182 550 187 552 184 552 182 552 187 552 185 552 184 552 187 552 188 552 185 552 188 552 186 552 185 552 188 552 191 552 186 552 191 552 193 552 186 552 220 552 199 552 187 552 189 552 190 552 188 552 190 550 191 550 188 550 198 552 197 552 196 552 198 550 200 550 197 550 200 552 201 552 197 552 201 552 200 552 199 552 202 552 201 552 199 552 220 550 202 550 199 550 202 552 203 552 201 552 220 552 204 552 202 552 208 552 204 552 220 552 208 552 205 552 204 552 207 550 206 550 205 550 208 552 209 552 205 552 209 552 207 552 205 552 209 550 211 550 207 550 211 552 212 552 207 552 220 552 216 552 208 552 210 552 211 552 209 552 181 541 216 541 220 541 215 552 214 552 213 552 215 550 217 550 214 550 217 552 218 552 214 552 218 552 217 552 216 552 181 547 218 547 216 547 181 549 219 549 218 549 181 530 180 530 219 530 220 551 221 551 181 551 119 222 180 222 118 222 180 327 181 327 118 327 33 2 34 2 32 2 34 0 39 0 32 0 39 0 49 0 32 0 35 0 39 0 34 0 40 0 39 0 35 0 36 0 40 0 35 0 37 0 43 0 36 0 43 0 40 0 36 0 40 2 41 2 39 2 45 0 49 0 39 0 43 2 44 2 40 2 44 0 45 0 40 0 45 0 41 0 40 0 37 0 42 0 43 0 47 2 42 2 37 2 48 0 45 0 44 0 45 0 50 0 49 0 48 0 50 0 45 0 46 0 50 0 43 0 50 0 48 0 43 0 50 0 47 0 37 0 38 0 50 0 37 0 47 0 50 0 46 0 50 2 53 2 49 2 53 0 56 0 49 0 51 0 53 0 50 0 52 0 51 0 50 0 54 2 52 2 50 2 55 0 54 0 50 0 38 0 55 0 50 0 63 0 53 0 51 0 53 0 57 0 56 0 64 0 60 0 53 0 60 0 57 0 53 0 72 0 64 0 53 0 68 0 72 0 53 0 63 2 68 2 53 2 62 0 59 0 54 0 59 0 52 0 54 0 69 0 62 0 54 0 55 0 58 0 54 0 58 0 61 0 54 0 61 0 69 0 54 0 70 0 65 0 55 0 67 0 70 0 55 0 38 0 67 0 55 0 60 0 66 0 57 0 66 2 74 2 57 2 72 0 66 0 64 0 69 0 68 0 63 0 62 0 69 0 63 0 65 0 70 0 61 0 70 0 69 0 61 0 72 0 71 0 66 0 71 0 74 0 66 0 77 0 74 0 71 0 74 0 77 0 73 0 76 0 75 0 73 0 77 0 76 0 73 0 77 0 82 0 76 0 78 0 85 0 77 0 85 0 82 0 77 0 79 0 85 0 78 0 86 0 85 0 79 0 84 0 86 0 79 0 80 2 84 2 79 2 81 0 84 0 80 0 85 0 83 0 82 0 82 0 91 0 76 0 88 0 91 0 82 0 96 0 88 0 85 0 88 0 83 0 85 0 84 0 87 0 86 0 81 0 112 0 84 0 94 0 96 0 85 0 96 0 91 0 88 0 87 0 92 0 86 0 89 2 96 2 87 2 96 0 92 0 87 0 112 0 93 0 84 0 100 0 93 0 112 0 93 0 96 0 89 0 91 0 96 0 90 0 96 0 97 0 90 0 96 0 95 0 92 0 100 0 96 0 93 0 95 0 96 0 94 0 96 0 101 0 97 0 99 0 98 0 96 0 98 0 101 0 96 0 108 0 101 0 98 0 102 0 104 0 96 0 104 0 99 0 96 0 100 0 102 0 96 0 103 0 102 0 100 0 111 0 116 0 97 0 101 0 105 0 97 0 105 0 111 0 97 0 109 0 105 0 101 0 108 0 113 0 101 0 113 18 119 18 101 18 119 12 109 12 101 12 107 2 104 2 102 2 103 0 106 0 102 0 106 0 114 0 102 0 114 0 107 0 102 0 115 0 110 0 100 0 112 0 115 0 100 0 119 10 111 10 109 10 107 0 114 0 108 0 114 0 113 0 108 0 110 0 115 0 106 0 115 0 114 0 106 0 118 11 116 11 111 11 119 15 118 15 111 15 117 1 116 1 118 1 1 280 7 280 0 280 1 279 73 279 7 279 1 279 74 279 73 279 2 552 1 552 0 552 2 552 3 552 1 552 8 254 3 254 2 254 75 255 76 255 8 255 76 255 3 255 8 255 7 272 2 272 0 272 8 272 2 272 7 272 6 552 5 552 4 552 10 552 8 552 4 552 8 552 7 552 4 552 7 552 6 552 4 552 10 552 9 552 8 552 10 552 11 552 9 552 25 270 24 270 20 270 21 270 25 270 20 270 29 271 155 271 28 271 124 270 128 270 155 270 32 270 124 270 155 270 29 270 32 270 155 270 128 270 137 270 155 270 137 270 147 270 155 270 147 270 151 270 155 270 151 270 157 270 155 270 157 271 177 271 155 271 178 271 182 271 177 271 182 270 302 270 177 270 302 270 300 270 177 270 157 270 167 270 177 270 173 270 178 270 177 270 167 270 173 270 177 270 13 270 14 270 21 270 14 271 16 271 21 271 16 270 25 270 21 270 16 270 18 270 25 270 18 270 32 270 25 270 32 270 29 270 25 270 439 270 485 270 302 270 182 271 439 271 302 271 446 270 486 270 485 270 439 270 446 270 485 270 680 270 679 270 537 270 538 270 680 270 537 270 679 271 692 271 537 271 692 270 696 270 537 270 696 210 718 210 537 210 446 270 680 270 486 270 680 270 538 270 486 270 49 271 124 271 32 271 178 270 220 270 182 270 151 270 161 270 157 270 169 271 178 271 173 271 124 270 141 270 128 270 151 271 169 271 161 271 124 270 151 270 141 270 151 270 178 270 169 270 132 270 151 270 124 270 143 270 145 270 151 270 132 270 143 270 151 270 145 270 158 270 151 270 158 270 178 270 151 270 120 270 124 270 49 270 56 270 122 270 49 270 122 270 120 270 49 270 133 270 158 270 145 270 56 270 133 270 122 270 56 271 158 271 133 271 7 270 56 270 6 270 7 270 73 270 56 270 73 270 129 270 56 270 129 270 138 270 56 270 138 270 158 270 56 270 138 271 148 271 158 271 148 270 152 270 158 270 152 270 159 270 158 270 168 270 178 270 158 270 174 271 220 271 178 271 168 270 174 270 178 270 159 270 162 270 158 270 159 270 174 270 170 270 73 270 142 270 129 270 73 270 152 270 142 270 159 270 170 270 162 270 75 270 125 270 73 270 125 270 130 270 73 270 130 270 152 270 73 270 130 270 139 270 152 270 139 270 150 270 152 270 150 270 159 270 152 270 150 270 153 270 159 270 159 270 165 270 174 270 179 270 220 270 174 270 175 271 179 271 174 271 165 271 175 271 174 271 443 271 446 271 439 271 8 270 125 270 75 270 125 271 135 271 130 271 153 270 163 270 159 270 171 270 179 270 175 270 153 270 171 270 163 270 125 270 153 270 135 270 153 270 179 270 171 270 9 270 125 270 8 270 9 270 90 270 125 270 90 270 127 270 125 270 127 270 153 270 125 270 144 270 146 270 153 270 127 270 144 270 153 270 146 270 160 270 153 270 160 270 179 270 153 270 97 270 121 270 90 270 121 270 127 270 90 270 123 271 121 271 97 271 134 270 160 270 146 270 123 271 160 271 134 271 116 270 123 270 97 270 116 270 131 270 123 270 131 270 140 270 123 270 140 270 160 270 123 270 140 270 149 270 160 270 149 270 154 270 160 270 154 270 116 270 160 270 166 270 179 270 160 270 166 270 176 270 179 270 176 271 220 271 179 271 116 270 136 270 131 270 116 270 164 270 160 270 172 270 220 270 176 270 136 270 116 270 154 270 116 270 172 270 164 270 116 270 220 270 172 270 305 270 220 270 116 270 449 271 446 271 443 271 17 270 116 270 19 270 26 270 30 270 116 270 22 270 26 270 116 270 17 270 22 270 116 270 30 270 31 270 116 270 31 270 305 270 116 270 305 270 304 270 220 270 304 271 443 271 220 271 304 270 488 270 443 270 488 270 449 270 443 270 488 270 487 270 449 270 487 270 681 270 449 270 487 270 539 270 681 270 539 270 683 270 681 270 540 270 683 270 539 270 540 270 693 270 683 270 15 270 22 270 17 270 540 270 702 270 693 270 12 271 22 271 15 271 27 270 26 270 22 270 23 270 27 270 22 270 924 254 450 254 449 254 681 255 924 255 449 255 923 254 924 254 681 254 910 0 915 0 909 0 916 0 915 0 910 0 916 0 919 0 915 0 917 0 919 0 916 0 918 2 919 2 917 2 921 0 919 0 918 0 921 2 920 2 919 2 920 2 922 2 919 2 924 0 922 0 920 0 924 0 923 0 922 0 741 272 723 272 708 272 922 273 741 273 708 273 879 272 873 272 922 272 753 273 741 273 922 273 873 273 864 273 922 273 755 273 753 273 922 273 864 272 755 272 922 272 923 272 879 272 922 272 723 272 687 272 708 272 723 273 716 273 687 273 843 273 755 273 864 273 834 273 755 273 843 273 719 273 681 273 687 273 716 273 719 273 687 273 838 273 755 273 834 273 724 273 717 273 719 273 717 273 681 273 719 273 874 272 865 272 755 272 865 273 754 273 755 273 754 273 740 273 755 273 838 272 851 272 755 272 851 273 874 273 755 273 923 273 874 273 879 273 740 273 746 273 755 273 874 273 869 273 879 273 728 273 724 273 719 273 740 273 724 273 728 273 740 273 728 273 746 273 874 273 851 273 869 273 756 273 754 273 865 273 842 273 756 273 865 273 835 273 756 273 842 273 923 272 880 272 874 272 839 272 756 272 835 272 720 272 681 272 717 272 839 273 852 273 756 273 852 273 923 273 756 273 923 273 747 273 756 273 923 273 870 273 880 273 729 273 681 273 720 273 681 273 729 273 747 273 923 273 681 273 747 273 923 272 852 272 870 272 704 270 733 270 731 270 706 363 731 363 742 363 704 406 731 406 706 406 712 520 704 520 706 520 733 29 742 29 731 29 733 119 727 119 742 119 733 385 704 385 712 385 727 380 733 380 712 380 706 368 742 368 751 368 727 414 712 414 706 414 727 126 751 126 742 126 848 270 877 270 872 270 853 361 872 361 891 361 848 407 872 407 853 407 857 519 848 519 853 519 877 29 891 29 872 29 877 118 871 118 891 118 877 386 848 386 857 386 871 379 877 379 857 379 853 392 891 392 876 392 891 125 897 125 876 125 871 411 857 411 853 411 871 144 897 144 891 144 677 136 771 136 671 136 811 221 760 221 816 221 832 341 811 341 816 341 811 198 778 198 760 198 778 211 743 211 760 211 863 348 811 348 832 348 778 207 749 207 743 207 863 349 833 349 811 349 759 209 749 209 778 209 780 217 759 217 778 217 833 342 824 342 811 342 811 201 780 201 778 201 824 329 780 329 811 329 760 162 773 162 816 162 773 376 825 376 816 376 825 397 832 397 816 397 758 151 773 151 760 151 743 139 758 139 760 139 825 416 854 416 832 416 854 429 863 429 832 429 734 122 758 122 743 122 749 26 734 26 743 26 854 527 846 527 863 527 846 432 833 432 863 432 757 116 734 116 749 116 759 138 757 138 749 138 846 417 829 417 833 417 829 399 824 399 833 399 761 148 757 148 759 148 780 157 761 157 759 157 829 387 807 387 824 387 807 372 780 372 824 372 807 165 761 165 780 165 798 280 825 280 773 280 758 280 798 280 773 280 798 279 854 279 825 279 734 279 798 279 758 279 846 279 854 279 798 279 734 280 757 280 798 280 829 280 846 280 798 280 757 279 761 279 798 279 807 280 829 280 798 280 761 280 807 280 798 280 787 128 803 128 798 128 859 270 886 270 862 270 859 270 882 270 886 270 847 381 862 381 881 381 886 172 881 172 862 172 886 120 893 120 881 120 882 27 893 27 886 27 859 525 862 525 847 525 866 426 859 426 847 426 882 146 866 146 893 146 882 358 859 358 866 358 847 378 881 378 841 378 866 423 847 423 841 423 893 30 892 30 881 30 892 405 866 405 841 405 866 155 892 155 893 155 713 270 738 270 715 270 713 270 737 270 738 270 703 382 715 382 736 382 738 170 736 170 715 170 738 121 750 121 736 121 737 27 750 27 738 27 713 526 715 526 703 526 721 427 713 427 703 427 737 146 721 146 750 146 737 357 713 357 721 357 703 377 736 377 695 377 721 424 703 424 695 424 750 130 722 130 736 130 722 419 721 419 695 419 721 149 722 149 750 149 689 338 695 338 675 338 841 229 931 229 675 229 695 350 736 350 675 350 736 218 841 218 675 218 881 174 904 174 931 174 841 370 881 370 931 370 722 225 841 225 736 225 892 183 904 183 881 183 689 270 722 270 695 270 722 270 892 270 841 270 770 177 772 177 817 177 772 365 819 365 817 365 674 135 772 135 770 135 675 134 772 134 674 134 675 279 931 279 772 279 931 280 819 280 772 280 931 420 925 420 817 420 819 421 931 421 817 421 803 254 770 254 817 254 803 254 787 254 770 254 787 254 674 254 770 254 925 254 803 254 817 254 925 254 787 254 803 254 925 254 674 254 787 254 674 303 925 303 677 303 925 241 930 241 677 241 811 347 818 347 771 347 778 196 811 196 771 196 677 175 778 175 771 175 811 367 930 367 818 367 677 284 930 284 811 284 778 353 677 353 811 353 930 422 928 422 818 422 796 205 771 205 818 205 796 167 797 167 771 167 797 185 671 185 771 185 928 364 796 364 818 364 928 195 797 195 796 195 928 282 671 282 797 282 706 182 751 182 697 182 853 287 876 287 697 287 751 325 853 325 697 325 876 270 897 270 902 270 688 371 706 371 697 371 671 373 706 373 688 373 897 216 928 216 902 216 751 317 727 317 853 317 727 206 671 206 853 206 671 197 727 197 706 197 671 333 871 333 853 333 871 194 928 194 897 194 671 250 928 250 871 250 708 153 687 153 697 153 687 142 688 142 697 142 687 19 671 19 688 19 681 6 685 6 687 6 685 5 689 5 687 5 689 20 675 20 687 20 677 23 671 23 687 23 674 7 677 7 687 7 675 13 674 13 687 13 681 8 682 8 685 8 683 2 682 2 681 2 685 141 699 141 689 141 699 158 722 158 689 158 699 310 892 310 722 310 699 244 889 244 892 244 892 410 906 410 904 410 892 396 889 396 906 396 906 543 907 543 902 543 928 534 906 534 902 534 930 536 906 536 928 536 925 540 906 540 930 540 931 528 906 528 925 528 904 533 906 533 931 533 902 388 895 388 876 388 902 413 907 413 895 413 876 240 708 240 697 240 895 309 708 309 876 309 934 228 922 228 895 228 922 252 708 252 895 252 935 254 922 254 934 254 948 270 946 270 941 270 948 270 941 270 915 270 948 270 1129 270 946 270 948 270 1082 270 1129 270 1082 271 1113 271 1129 271 1113 270 1119 270 1129 270 1125 271 1137 271 1129 271 1119 270 1125 270 1129 270 1137 270 1143 270 1129 270 1143 270 1174 270 1129 270 1143 270 1155 270 1174 270 1159 270 1175 270 1174 270 1155 270 1159 270 1174 270 1132 270 1137 270 1125 270 1082 270 1123 270 1113 270 1123 270 1137 270 1132 270 1183 270 1149 270 1137 270 1149 270 1183 270 1159 270 1183 270 1175 270 1159 270 1082 270 1137 270 1123 270 949 271 948 271 915 271 919 270 949 270 915 270 1134 270 1137 270 1082 270 1145 270 1151 270 1137 270 1134 270 1145 270 1137 270 1151 270 1164 270 1137 270 1164 270 1183 270 1137 270 1164 270 1167 270 1183 270 1167 270 1165 270 1183 270 1165 270 1184 270 1183 270 1134 270 1153 270 1145 270 1134 270 1184 270 1165 270 1153 270 1134 270 1165 270 1114 270 1120 270 1082 270 1099 270 1114 270 1082 270 1120 270 1134 270 1082 270 1138 270 1144 270 1134 270 1185 270 1138 270 1134 270 1133 270 1185 270 1134 270 1126 270 1133 270 1134 270 1120 270 1126 270 1134 270 1144 270 1184 270 1134 270 1144 270 1156 270 1184 270 1156 270 1160 270 1184 270 1160 270 1185 270 1184 270 1099 270 1124 270 1114 270 1124 270 1185 270 1133 270 1185 270 1150 270 1138 270 1150 270 1185 270 1160 270 1099 270 1185 270 1124 270 950 270 949 270 919 270 950 270 1099 270 949 270 950 270 1100 270 1099 270 1100 270 1110 270 1099 270 1110 270 1115 270 1099 270 1135 270 1139 270 1099 270 1139 270 1185 270 1099 270 1127 270 1130 270 1099 270 1130 270 1135 270 1099 270 1115 270 1121 270 1099 270 1121 270 1127 270 1099 270 1139 270 1147 270 1185 270 1158 270 1161 270 1185 270 1161 271 1186 271 1185 271 1147 270 1158 270 1185 270 1110 270 1117 270 1115 270 1135 270 1141 270 1139 270 1117 270 1135 270 1130 270 1135 271 1186 271 1161 271 1141 270 1135 270 1161 270 1110 270 1135 270 1117 270 1103 270 1110 270 1100 270 1128 270 1135 270 1110 270 1103 270 1128 270 1110 270 1128 270 1146 270 1135 270 1146 270 1152 270 1135 270 1163 270 1186 270 1135 270 1152 270 1163 270 1135 270 1168 270 1187 270 1186 270 1163 270 1168 270 1186 270 1166 270 1187 270 1168 270 1128 270 1154 270 1146 270 1154 270 1128 270 1166 270 1128 270 1187 270 1166 270 955 270 919 270 922 270 955 270 953 270 919 270 953 271 950 271 919 271 955 270 1103 270 953 270 1116 270 1122 270 1103 270 955 270 1116 270 1103 270 1122 271 1128 271 1103 271 1136 270 1142 270 1128 270 1142 270 1140 270 1128 270 1131 270 1136 270 1128 270 1140 270 1187 270 1128 270 1140 270 1148 270 1187 270 1162 270 1188 270 1187 270 1157 270 1162 270 1187 270 1148 270 1157 270 1187 270 955 270 1118 270 1116 270 1118 270 1136 270 1131 270 1142 270 1188 270 1162 270 955 270 1136 270 1118 270 1136 271 1188 271 1142 271 936 270 940 270 955 270 922 270 935 270 955 270 935 270 936 270 955 270 952 552 951 552 950 552 950 552 954 552 952 552 953 552 954 552 950 552 951 280 1010 280 950 280 1010 280 1100 280 950 280 1010 280 1101 280 1100 280 1101 0 1102 0 1100 0 1104 0 1100 0 1102 0 1104 0 1103 0 1100 0 1103 254 954 254 953 254 1104 254 954 254 1103 254 976 270 982 270 951 270 982 270 1010 270 951 270 982 270 990 270 1010 270 990 270 993 270 1010 270 993 270 1017 270 1010 270 1017 270 1025 270 1010 270 1025 270 1031 270 1010 270 1031 270 1102 270 1010 270 1102 270 1101 270 1010 270 951 270 974 270 976 270 993 270 1014 270 1017 270 1033 270 1102 270 1031 270 1029 270 1102 270 1033 270 951 270 978 270 974 270 978 270 985 270 974 270 993 270 1020 270 1014 270 1023 271 1029 271 1033 271 1029 270 1023 270 1020 270 993 271 1029 271 1020 271 978 270 993 270 985 270 951 270 979 270 978 270 979 270 980 270 978 270 980 270 981 270 978 270 981 270 988 270 978 270 988 271 993 271 978 271 992 270 1018 270 993 270 988 270 992 270 993 270 1018 270 1016 270 993 270 1016 270 1022 270 993 270 1022 271 1029 271 993 271 1028 270 1030 270 1029 270 1027 270 1028 270 1029 270 1022 270 1027 270 1029 270 1030 270 1102 270 1029 270 1018 270 1021 270 1016 270 979 270 984 270 980 270 989 270 1018 270 992 270 984 270 1018 270 989 270 1018 270 1030 270 1021 270 1021 270 1030 270 1028 270 979 271 1018 271 984 271 975 270 977 270 951 270 977 270 979 270 951 270 952 270 975 270 951 270 983 270 1018 270 979 270 977 270 983 270 979 270 983 270 991 270 1018 270 991 270 994 270 1018 270 994 270 1000 270 1018 270 1000 270 1015 270 1018 270 1018 271 1026 271 1030 271 1026 270 1032 270 1030 270 1032 270 1102 270 1030 270 1032 270 1034 270 1102 270 952 270 986 270 975 270 1000 270 1019 270 1015 270 1024 271 1102 271 1034 271 986 271 1000 271 994 271 1000 270 1024 270 1019 270 952 270 1000 270 986 270 1000 270 1102 270 1024 270 959 271 962 271 952 271 954 270 959 270 952 270 962 270 966 270 952 270 966 270 968 270 952 270 987 270 1000 270 952 270 968 270 987 270 952 270 1006 270 1102 270 1000 270 1040 270 1043 270 1102 270 1006 271 1040 271 1102 271 1043 270 1047 270 1102 270 1050 270 1104 270 1102 270 1047 270 1050 270 1102 270 954 270 961 270 959 270 967 270 987 270 968 270 1006 270 1042 270 1040 270 1049 270 1104 270 1050 270 987 270 1006 270 1000 270 954 270 987 270 967 270 961 271 954 271 967 271 1042 270 1104 270 1049 270 1006 271 1104 271 1042 271</p>
        </triangles>
      </mesh>
    </geometry>
  </library_geometries>
  <library_visual_scenes>
    <visual_scene id="Scene" name="Scene">
      <node id="Object" name="Object" type="NODE">
        <instance_geometry url="#geometry">
          <bind_material>
            <technique_common>
              <instance_material symbol="MATERIAL" target="#mat" />
            </technique_common>
          </bind_material>
        </instance_geometry>
      </node>
    </visual_scene>
  </library_visual_scenes>
  <scene>
    <instance_visual_scene url="#Scene" />
  </scene>
</COLLADA>