<?xml version='1.0' encoding='utf-8'?>
<COLLADA xmlns="http://www.collada.org/2005/11/COLLADASchema" version="1.4.1">
  <asset>
    <contributor>
      <authoring_tool>RM27 reviewed Blender visual export</authoring_tool>
    </contributor>
    <created>2026-10-07T00:00:00Z</created>
    <modified>2026-10-07T00:00:00Z</modified>
    <unit name="meter" meter="1" />
    <up_axis>Z_UP</up_axis>
  </asset>
  <library_effects>
    <effect id="fx">
      <profile_COMMON>
        <technique sid="common">
          <phong>
            <emission>
              <color>0 0 0 1</color>
            </emission>
            <ambient>
              <color>0.22745098 0.541176471 0.556862745 1</color>
            </ambient>
            <diffuse>
              <color>0.22745098 0.541176471 0.556862745 1</color>
            </diffuse>
            <specular>
              <color>0.08 0.08 0.08 1</color>
            </specular>
            <shininess>
              <float>12</float>
            </shininess>
          </phong>
        </technique>
      </profile_COMMON>
    </effect>
  </library_effects>
  <library_materials>
    <material id="mat" name="source_color">
      <instance_effect url="#fx" />
    </material>
  </library_materials>
  <library_geometries>
    <geometry id="geometry" name="geometry">
      <mesh>
        <source id="positions">
          <float_array id="positions-array" count="11448">-12.9934997559 -4.97165584564 -0.942401587963 -12.9934997559 -4.97059297562 -0.954557001591 -12.9934997559 -4.97059297562 -0.930246174335 -12.9934997559 -4.96743488312 -0.96634298563 -12.9934997559 -4.96743488312 -0.918460190296 -12.9934997559 -4.96227788925 -0.977401614189 -12.9934997559 -4.96227788925 -0.907401621342 -12.9934997559 -4.9586558342 -0.942401587963 -12.9934997559 -4.95789003372 -0.951895773411 -12.9934997559 -4.95779085159 -0.932503700256 -12.9934997559 -4.95555114746 -0.961111783981 -12.9934997559 -4.95527887344 -0.987396717072 -12.9934997559 -4.95527887344 -0.89740639925 -12.9934997559 -4.95521879196 -0.922906398773 -12.9934997559 -4.95218276978 -0.968784272671 -12.9934997559 -4.95209693909 -0.903831660748 -12.9934997559 -4.95189905167 -0.984891593456 -12.9934997559 -4.95142126083 -0.899169504642 -12.9934997559 -4.95101976395 -0.970901608467 -12.9934997559 -4.95101976395 -0.913901627064 -12.9934997559 -4.95098733902 -0.978317141533 -12.9934997559 -4.94977617264 -0.907327413559 -12.9934997559 -4.94731998444 -0.976515591145 -12.9934997559 -4.94731998444 -0.908287525177 -12.9934997559 -4.94687175751 -0.988619506359 -12.9934997559 -4.9466509819 -0.996024727821 -12.9934997559 -4.9466509819 -0.88877850771 -12.9934997559 -4.94653129578 -0.896153926849 -12.9934997559 -4.94194459915 -0.986829042435 -12.9934997559 -4.94172811508 -0.898190617561 -12.9934997559 -4.93829488754 -0.986066222191 -12.9934997559 -4.93829488754 -0.898737072945 -12.9934997559 -4.93665599823 -1.00302302837 -12.9934997559 -4.93665599823 -0.881779789925 -12.9934997559 -4.93015623093 -0.991765081882 -12.9934997559 -4.93015623093 -0.893038094044 -12.9934997559 -4.92559814453 -1.00818002224 -12.9934997559 -4.92126369476 -0.874934732914 -12.9934997559 -4.92115211487 -0.995964109898 -12.9934997559 -4.92115211487 -0.888839125633 -12.9934997559 -4.91381216049 -1.01133799553 -12.9934997559 -4.91249084473 -0.869143426418 -12.9934997559 -4.91155385971 -0.998535573483 -12.9934997559 -4.91155385971 -0.886267483234 -12.9934997559 -4.90165615082 -1.01240205765 -12.9934997559 -4.90165615082 -0.999401628971 -12.9934997559 -4.90165615082 -0.88540160656 -12.9934997559 -4.90165615082 -0.868401587009 -12.9934997559 -4.89175796509 -0.998535573483 -12.9934997559 -4.89175796509 -0.886267483234 -12.9934997559 -4.89083433151 -0.869159400463 -12.9934997559 -4.88950109482 -1.01133799553 -12.9934997559 -4.88224744797 -0.875104427338 -12.9934997559 -4.88216114044 -0.995964109898 -12.9934997559 -4.88216114044 -0.888839125633 -12.9934997559 -4.87771511078 -1.00818002224 -12.9934997559 -4.87771511078 -0.876623213291 -12.9934997559 -4.87315607071 -0.991765081882 -12.9934997559 -4.87315607071 -0.893038094044 -12.9934997559 -4.86665582657 -1.00302302837 -12.9934997559 -4.86665582657 -0.881779789925 -12.9934997559 -4.86501789093 -0.986066222191 -12.9934997559 -4.86501789093 -0.898737072945 -12.9934997559 -4.86158418655 -0.986612319946 -12.9934997559 -4.86017847061 -0.896811723709 -12.9934997559 -4.8566608429 -0.996024727821 -12.9934997559 -4.8566608429 -0.88877850771 -12.9934997559 -4.85622692108 -0.988687992096 -12.9934997559 -4.85599184036 -0.976515591145 -12.9934997559 -4.85599184036 -0.908287525177 -12.9934997559 -4.8539276123 -0.897135019302 -12.9934997559 -4.85275888443 -0.906822919846 -12.9934997559 -4.85229301453 -0.970901608467 -12.9934997559 -4.85229301453 -0.913901627064 -12.9934997559 -4.85218667984 -0.97843337059 -12.9934997559 -4.85140943527 -0.984667420387 -12.9934997559 -4.85104608536 -0.901491641998 -12.9934997559 -4.84809398651 -0.961896777153 -12.9934997559 -4.84809398651 -0.922906398773 -12.9934997559 -4.84803295135 -0.987396717072 -12.9934997559 -4.84803295135 -0.89740639925 -12.9934997559 -4.84552192688 -0.952299594879 -12.9934997559 -4.84552192688 -0.932503700256 -12.9934997559 -4.8446559906 -0.942401587963 -12.9934997559 -4.84103393555 -0.977401614189 -12.9934997559 -4.84103393555 -0.907401621342 -12.9934997559 -4.83587789536 -0.96634298563 -12.9934997559 -4.83587789536 -0.918460190296 -12.9934997559 -4.83271980286 -0.954557001591 -12.9934997559 -4.83271980286 -0.930246174335 -12.9934997559 -4.83165597916 -0.942401587963 -12.9907331467 -4.85406398773 -0.893734633923 -12.9906110764 -4.94601631165 -0.894319653511 -12.9905090332 -4.86288547516 -0.984184682369 -12.9905033112 -4.94042539597 -0.984185218811 -12.9905014038 -4.94041728973 -0.900614202023 -12.9905014038 -4.86289167404 -0.900615632534 -12.9905004501 -4.95624160767 -0.941297650337 -12.9905004501 -4.95542192459 -0.944650828838 -12.9905004501 -4.95325231552 -0.939570784569 -12.9905004501 -4.95242118835 -0.944838702679 -12.9905004501 -4.95209693909 -0.963831663132 -12.9905004501 -4.95189905167 -0.924891591072 -12.9905004501 -4.951420784 -0.91916936636 -12.9905004501 -4.95090818405 -0.958182394505 -12.9905004501 -4.95079803467 -0.942309260368 -12.9905004501 -4.94895601273 -0.967999339104 -12.9905004501 -4.94765615463 -0.942401587963 -12.9905004501 -4.94740629196 -0.976200580597 -12.9905004501 -4.94732904434 -0.908319890499 -12.9905004501 -4.94695806503 -0.950389504433 -12.9905004501 -4.94695806503 -0.934413790703 -12.9905004501 -4.94557952881 -0.928838014603 -12.9905004501 -4.94548368454 -0.956350207329 -12.9905004501 -4.94541072845 -0.915981471539 -12.9905004501 -4.94335508347 -0.967886924744 -12.9905004501 -4.94277715683 -0.927493035793 -12.9905004501 -4.942527771 -0.957484900951 -12.9905004501 -4.94171762466 -0.907100141048 -12.9905004501 -4.94122648239 -0.965854644775 -12.9905004501 -4.94122552872 -0.918947458267 -12.9905004501 -4.9405670166 -0.979378163815 -12.9905004501 -4.93990898132 -0.962026655674 -12.9905004501 -4.93983316422 -0.922720789909 -12.9905004501 -4.93915700912 -0.942401587963 -12.9905004501 -4.93858718872 -0.948913395405 -12.9905004501 -4.93858718872 -0.935889780521 -12.9905004501 -4.93689489365 -0.971969783306 -12.9905004501 -4.93689489365 -0.91283339262 -12.9905004501 -4.93600273132 -0.95777118206 -12.9905004501 -4.93550825119 -0.925971210003 -12.9905004501 -4.93122386932 -0.977639615536 -12.9905004501 -4.93122386932 -0.907163619995 -12.9905004501 -4.93038320541 -0.966506123543 -12.9905004501 -4.93038320541 -0.918297111988 -12.9905004501 -4.93029212952 -0.986466228962 -12.9905004501 -4.93013429642 -0.895843446255 -12.9905004501 -4.92935943604 -0.899659454823 -12.9905004501 -4.92930221558 -0.989769637585 -12.9905004501 -4.92687940598 -0.984570682049 -12.9905004501 -4.92662334442 -0.894758880138 -12.9905004501 -4.92576122284 -0.971128284931 -12.9905004501 -4.92576122284 -0.913674890995 -12.9905004501 -4.9250369072 -0.988957166672 -12.9905004501 -4.92489385605 -0.898754298687 -12.9905004501 -4.92465591431 -0.982238829136 -12.9905004501 -4.92465591431 -0.902564525604 -12.9905004501 -4.91808509827 -0.976254224777 -12.9905004501 -4.91738891602 -0.985627472401 -12.9905004501 -4.91738891602 -0.899175822735 -12.9905004501 -4.91702413559 -0.908054292202 -12.9905004501 -4.90964412689 -0.987702786922 -12.9905004501 -4.90964412689 -0.897100508213 -12.9905004501 -4.90816783905 -0.97933191061 -12.9905004501 -4.90816783905 -0.905471324921 -12.9905004501 -4.90165615082 -0.988401591778 -12.9905004501 -4.90165615082 -0.979901611805 -12.9905004501 -4.90165615082 -0.904901623726 -12.9905004501 -4.90165615082 -0.896401584148 -12.9905004501 -4.89366817474 -0.987702786922 -12.9905004501 -4.89366817474 -0.897100508213 -12.9905004501 -4.89248466492 -0.978895246983 -12.9905004501 -4.89135408401 -0.906210839748 -12.9905004501 -4.88592290878 -0.985627472401 -12.9905004501 -4.88592290878 -0.899175822735 -12.9905004501 -4.88290596008 -0.974877595901 -12.9905004501 -4.88290596008 -0.909925699234 -12.9905004501 -4.87865591049 -0.982238829136 -12.9905004501 -4.87865591049 -0.902564525604 -12.9905004501 -4.87830686569 -0.986104369164 -12.9905004501 -4.87803936005 -0.898939609528 -12.9905004501 -4.87746143341 -0.895088493824 -12.9905004501 -4.87626838684 -0.990399837494 -12.9905004501 -4.87546682358 -0.969419956207 -12.9905004501 -4.87525367737 -0.900066673756 -12.9905004501 -4.87463951111 -0.916210353374 -12.9905004501 -4.87437725067 -0.984883010387 -12.9905004501 -4.87400865555 -0.895148515701 -12.9905004501 -4.87292003632 -0.898184299469 -12.9905004501 -4.87290525436 -0.988002181053 -12.9905004501 -4.87208795547 -0.977639615536 -12.9905004501 -4.87208795547 -0.907163619995 -12.9905004501 -4.86918020248 -0.961151599884 -12.9905004501 -4.86918020248 -0.923651576042 -12.9905004501 -4.86641788483 -0.971969783306 -12.9905004501 -4.86641788483 -0.91283339262 -12.9905004501 -4.86546611786 -0.952705383301 -12.9905004501 -4.86516284943 -0.933228313923 -12.9905004501 -4.86415576935 -0.942401587963 -12.9905004501 -4.86333084106 -0.922238767147 -12.9905004501 -4.86318016052 -0.981082260609 -12.9905004501 -4.86289215088 -0.904349505901 -12.9905004501 -4.86242294312 -0.959173619747 -12.9905004501 -4.86232948303 -0.918602764606 -12.9905004501 -4.86229515076 -0.966148912907 -12.9905004501 -4.86125087738 -0.927027106285 -12.9905004501 -4.86010169983 -0.976971387863 -12.9905004501 -4.85995483398 -0.908000230789 -12.9905004501 -4.85784721375 -0.928380250931 -12.9905004501 -4.85774183273 -0.956001460552 -12.9905004501 -4.85635519028 -0.950389504433 -12.9905004501 -4.85635519028 -0.934413790703 -12.9905004501 -4.85622692108 -0.968687951565 -12.9905004501 -4.85599040985 -0.908292233944 -12.9905004501 -4.85598278046 -0.976483285427 -12.9905004501 -4.855656147 -0.942401587963 -12.9905004501 -4.85481786728 -0.916492938995 -12.9905004501 -4.85340023041 -0.927596151829 -12.9905004501 -4.85246133804 -0.942323684692 -12.9905004501 -4.8520655632 -0.959022760391 -12.9905004501 -4.85115671158 -0.964186251163 -12.9905004501 -4.85104608536 -0.921491682529 -12.9905004501 -4.84999990463 -0.945347249508 -12.9905004501 -4.84983062744 -0.939441144466 -12.9905004501 -4.84674787521 -0.942481398582 -12.9900655746 -4.94820308685 -0.891494989395 -12.9900188446 -4.85588645935 -0.895237743855 -12.9900169373 -4.85513019562 -0.891632676125 -12.9900112152 -4.94907522202 -0.894526422024 -12.9900083542 -4.85741662979 -0.893007516861 -12.986000061 -4.92653989792 -0.886347055435 -12.986000061 -4.92429113388 -0.884628236294 -12.986000061 -4.92324018478 -0.887902140617 -12.986000061 -4.88057327271 -0.885827660561 -12.986000061 -4.87772417068 -0.888129651546 -12.986000061 -4.87745332718 -0.885048747063 -12.9844999313 -4.95237445831 -0.903116822243 -12.9844999313 -4.9521446228 -0.981487870216 -12.9844999313 -4.95209693909 -0.92097145319 -12.9844999313 -4.95174598694 -0.959378361702 -12.9844999313 -4.951420784 -0.985633850098 -12.9844999313 -4.951420784 -0.965634047985 -12.9844999313 -4.95090818405 -0.926620841026 -12.9844999313 -4.95058584213 -0.898192167282 -12.9844999313 -4.94959449768 -0.977093040943 -12.9844999313 -4.94917201996 -0.983706533909 -12.9844999313 -4.94917201996 -0.963706552982 -12.9844999313 -4.94917201996 -0.923706531525 -12.9844999313 -4.94917201996 -0.903706550598 -12.9844999313 -4.94895601273 -0.916803717613 -12.9844999313 -4.94830131531 -0.979691028595 -12.9844999313 -4.94830131531 -0.919691026211 -12.9844999313 -4.94830083847 -0.959690988064 -12.9844999313 -4.94830083847 -0.89969098568 -12.9844999313 -4.94778585434 -0.908658266068 -12.9844999313 -4.94684076309 -0.896329939365 -12.9844999313 -4.94653129578 -0.988649249077 -12.9844999313 -4.94653081894 -0.96864926815 -12.9844999313 -4.94624948502 -0.985736489296 -12.9844999313 -4.94624948502 -0.965736508369 -12.9844999313 -4.94624948502 -0.925736486912 -12.9844999313 -4.94624948502 -0.905736505985 -12.9844999313 -4.9460144043 -0.928459942341 -12.9844999313 -4.9446606636 -0.956112682819 -12.9844999313 -4.94420003891 -0.959761500359 -12.9844999313 -4.94420003891 -0.899761497974 -12.9844999313 -4.94419956207 -0.979761719704 -12.9844999313 -4.94419956207 -0.919761717319 -12.9844999313 -4.94371175766 -0.916801452637 -12.9844999313 -4.9432091713 -0.976972103119 -12.9844999313 -4.94290447235 -0.983372092247 -12.9844999313 -4.94290447235 -0.96337211132 -12.9844999313 -4.94290447235 -0.923372089863 -12.9844999313 -4.94290447235 -0.903372108936 -12.9844999313 -4.94277763367 -0.897310078144 -12.9844999313 -4.94172048569 -0.966607272625 -12.9844999313 -4.94138765335 -0.986307561398 -12.9844999313 -4.94117832184 -0.926351726055 -12.9844999313 -4.94093513489 -0.905853271484 -12.9844999313 -4.94041156769 -0.920127689838 -12.9844999313 -4.94031047821 -0.900612175465 -12.9844999313 -4.94010305405 -0.981170654297 -12.9844999313 -4.93993854523 -0.961686253548 -12.9844999313 -4.86333084106 -0.922564387321 -12.9844999313 -4.86324930191 -0.98143529892 -12.9844999313 -4.86320877075 -0.903636395931 -12.9844999313 -4.8628988266 -0.959912896156 -12.9844999313 -4.86262512207 -0.965130984783 -12.9844999313 -4.8619260788 -0.898497343063 -12.9844999313 -4.86175394058 -0.986521482468 -12.9844999313 -4.86159181595 -0.918196439743 -12.9844999313 -4.86069822311 -0.927536904812 -12.9844999313 -4.86039876938 -0.982314646244 -12.9844999313 -4.86039876938 -0.962314605713 -12.9844999313 -4.86039876938 -0.92231464386 -12.9844999313 -4.86039876938 -0.902314603329 -12.9844999313 -4.86010169983 -0.907831609249 -12.9844999313 -4.85949468613 -0.97649282217 -12.9844999313 -4.85911607742 -0.968260109425 -12.9844999313 -4.85874223709 -0.95946675539 -12.9844999313 -4.85874223709 -0.899466753006 -12.9844999313 -4.85842943192 -0.985614895821 -12.9844999313 -4.85842943192 -0.965614974499 -12.9844999313 -4.85842943192 -0.925614893436 -12.9844999313 -4.85842943192 -0.905614972115 -12.9844999313 -4.85824489594 -0.979121148586 -12.9844999313 -4.85824489594 -0.919121146202 -12.9844999313 -4.85807561874 -0.988389194012 -12.9844999313 -4.85677623749 -0.955948352814 -12.9844999313 -4.85622692108 -0.916115224361 -12.9844999313 -4.85622644424 -0.896115243435 -12.9844999313 -4.85451698303 -0.984358787537 -12.9844999313 -4.85451698303 -0.964358747005 -12.9844999313 -4.85451698303 -0.924358785152 -12.9844999313 -4.85451698303 -0.904358744621 -12.9844999313 -4.8544459343 -0.960256695747 -12.9844999313 -4.8544459343 -0.900256693363 -12.9844999313 -4.85438728333 -0.928047478199 -12.9844999313 -4.85422086716 -0.980816245079 -12.9844999313 -4.85422086716 -0.920816242695 -12.9844999313 -4.85420799255 -0.907911717892 -12.9844999313 -4.8539276123 -0.98766797781 -12.9844999313 -4.85392713547 -0.967667818069 -12.9844999313 -4.85374164581 -0.977342426777 -12.9844999313 -4.85197925568 -0.899255931377 -12.9844999313 -4.85104322433 -0.903168439865 -12.9844999313 -4.85080385208 -0.98222464323 -12.9844999313 -4.85077238083 -0.921537101269 -12.9844999313 -4.85073566437 -0.961656570435 -12.9835014343 -4.92117118835 -0.875171303749 -12.9835004807 -4.88207149506 -0.875208318233 -12.983499527 -4.91381216049 -0.873465120792 -12.983499527 -4.9124789238 -0.869159638882 -12.983499527 -4.90165615082 -0.872401595116 -12.983499527 -4.90165615082 -0.868401587009 -12.983499527 -4.89082288742 -0.869143247604 -12.983499527 -4.88950109482 -0.873465120792 -12.982000351 -4.95858478546 -0.940474569798 -12.982000351 -4.95763111115 -0.94570183754 -12.982000351 -4.95600938797 -0.943938553333 -12.982000351 -4.95578479767 -0.940492272377 -12.982000351 -4.9548997879 -0.937463879585 -12.982000351 -4.95267105103 -0.947601020336 -12.982000351 -4.95199728012 -0.944941401482 -12.982000351 -4.95167350769 -0.940188109875 -12.982000351 -4.94982194901 -0.938625276089 -12.982000351 -4.94881296158 -0.944143772125 -12.982000351 -4.93244552612 -0.985546708107 -12.982000351 -4.93244552612 -0.895479857922 -12.982000351 -4.93180704117 -0.990723371506 -12.982000351 -4.93180704117 -0.900656759739 -12.982000351 -4.93049383163 -0.988099038601 -12.982000351 -4.93041658401 -0.896451115608 -12.982000351 -4.92876195908 -0.984849512577 -12.982000351 -4.92843055725 -0.982196331024 -12.982000351 -4.92843008041 -0.892129659653 -12.982000351 -4.92783737183 -0.900453090668 -12.982000351 -4.92749118805 -0.894608795643 -12.982000351 -4.92673063278 -0.990259766579 -12.982000351 -4.92598390579 -0.992459475994 -12.982000351 -4.92598342896 -0.902392804623 -12.982000351 -4.92503452301 -0.986032962799 -12.982000351 -4.92480754852 -0.896780967712 -12.982000351 -4.92396736145 -0.983924746513 -12.982000351 -4.92396736145 -0.89385843277 -12.982000351 -4.92247486115 -0.988031804562 -12.982000351 -4.92247486115 -0.897965312004 -12.982000351 -4.88044595718 -0.985548317432 -12.982000351 -4.88044595718 -0.895481467247 -12.982000351 -4.88001060486 -0.990306258202 -12.982000351 -4.87980699539 -0.900656580925 -12.982000351 -4.87854099274 -0.986747860909 -12.982000351 -4.87812805176 -0.898606479168 -12.982000351 -4.87704277039 -0.894606590271 -12.982000351 -4.87653923035 -0.990100681782 -12.982000351 -4.87597513199 -0.982058286667 -12.982000351 -4.87597513199 -0.891991615295 -12.982000351 -4.87534475327 -0.992641508579 -12.982000351 -4.87507009506 -0.900216400623 -12.982000351 -4.87448072433 -0.98471224308 -12.982000351 -4.87309598923 -0.988815426826 -12.982000351 -4.87304925919 -0.902195990086 -12.982000351 -4.87280750275 -0.896781742573 -12.982000351 -4.87156105042 -0.990460932255 -12.982000351 -4.87063121796 -0.985763907433 -12.982000351 -4.87063121796 -0.895697116852 -12.982000351 -4.85435342789 -0.94017469883 -12.982000351 -4.85380506516 -0.945693671703 -12.982000351 -4.85266256332 -0.941687405109 -12.982000351 -4.85092687607 -0.937460184097 -12.982000351 -4.8498249054 -0.945251166821 -12.982000351 -4.84889698029 -0.947493076324 -12.982000351 -4.84827327728 -0.939843356609 -12.982000351 -4.84699249268 -0.943291664124 -12.982000351 -4.84654855728 -0.938212811947 -12.982000351 -4.84449481964 -0.943941891193 -12.9799995422 -4.95527505875 -0.897401571274 -12.9799995422 -4.94959926605 -0.893116533756 -12.9799995422 -4.94679450989 -0.895121693611 -12.9799995422 -4.9466509819 -0.88877850771 -12.9799995422 -4.94648742676 -0.891922414303 -12.9799995422 -4.94337844849 -0.897289335728 -12.9799995422 -4.94315576553 -0.886030077934 -12.9799995422 -4.86002779007 -0.897249281406 -12.9799995422 -4.85690879822 -0.891993403435 -12.9799995422 -4.85667181015 -0.894944190979 -12.9799995422 -4.85362195969 -0.893343389034 -12.9799995422 -4.84803676605 -0.897401571274 -12.9799909592 -4.85973882675 -0.886052966118 -12.9759998322 -4.97165584564 -0.942401587963 -12.9759998322 -4.97059297562 -0.954556882381 -12.9759998322 -4.97059297562 -0.930246174335 -12.9759998322 -4.96743488312 -0.96634298563 -12.9759998322 -4.96743488312 -0.918460190296 -12.9759998322 -4.96227788925 -0.977401614189 -12.9759998322 -4.96227788925 -0.907401621342 -12.9759998322 -4.95891952515 -0.94240128994 -12.9759998322 -4.95639801025 -0.938040912151 -12.9759998322 -4.95527887344 -0.987396717072 -12.9759998322 -4.95527553558 -0.897401571274 -12.9759998322 -4.95526266098 -0.9475440979 -12.9759998322 -4.95065593719 -0.987401604652 -12.9759998322 -4.95065593719 -0.946631789207 -12.9759998322 -4.95065593719 -0.937944173813 -12.9759998322 -4.95065593719 -0.897401571274 -12.9759998322 -4.94965791702 -0.902809143066 -12.9759998322 -4.94957590103 -0.961899459362 -12.9759998322 -4.94942045212 -0.982777774334 -12.9759998322 -4.94942045212 -0.92277777195 -12.9759998322 -4.94853639603 -0.94150686264 -12.9759998322 -4.94790363312 -0.979559659958 -12.9759998322 -4.9471654892 -0.919023811817 -12.9759998322 -4.94694185257 -0.985702753067 -12.9759998322 -4.94694185257 -0.965702772141 -12.9759998322 -4.94694185257 -0.925702750683 -12.9759998322 -4.9466509819 -0.996024727821 -12.9759998322 -4.94654798508 -0.899030864239 -12.9759998322 -4.94635295868 -0.905681788921 -12.9759998322 -4.94624948502 -0.959066569805 -12.9759998322 -4.94361782074 -0.964420318604 -12.9759998322 -4.94357299805 -0.980105042458 -12.9759998322 -4.94341468811 -0.984212875366 -12.9759998322 -4.94341468811 -0.904212892056 -12.9759998322 -4.94339227676 -0.920704901218 -12.9759998322 -4.94329357147 -0.897321879864 -12.9759998322 -4.94322156906 -0.923988699913 -12.9759998322 -4.94321775436 -0.900931060314 -12.9759998322 -4.94315576553 -0.886030077934 -12.9759998322 -4.94305467606 -0.961172759533 -12.9759998322 -4.94165611267 -0.987401604652 -12.9759998322 -4.94165611267 -0.981168329716 -12.9759998322 -4.94165611267 -0.903634905815 -12.9759998322 -4.94165611267 -0.897401571274 -12.9759998322 -4.93915700912 -0.942401587963 -12.9759998322 -4.93858718872 -0.948913395405 -12.9759998322 -4.93858718872 -0.935889780521 -12.9759998322 -4.93665599823 -1.00302302837 -12.9759998322 -4.93665599823 -0.881779789925 -12.9759998322 -4.93600273132 -0.927031755447 -12.9759998322 -4.93550825119 -0.958831727505 -12.9759998322 -4.93248414993 -0.984827935696 -12.9759998322 -4.93244552612 -0.89925634861 -12.9759998322 -4.93180704117 -0.894079685211 -12.9759998322 -4.93124103546 -0.991223692894 -12.9759998322 -4.93038320541 -0.966506123543 -12.9759998322 -4.93038320541 -0.918297111988 -12.9759998322 -4.92886781693 -0.902441442013 -12.9759998322 -4.92653989792 -0.886455953121 -12.9759998322 -4.92616844177 -0.992434084415 -12.9759998322 -4.92598390579 -0.982410371304 -12.9759998322 -4.92598342896 -0.892343819141 -12.9759998322 -4.92576122284 -0.971128284931 -12.9759998322 -4.92576122284 -0.913674890995 -12.9759998322 -4.92559814453 -1.00818002224 -12.9759998322 -4.92559814453 -0.876623094082 -12.9759998322 -4.92429113388 -0.888175010681 -12.9759998322 -4.92350530624 -0.900656938553 -12.9759998322 -4.92324018478 -0.884901106358 -12.9759998322 -4.92277288437 -0.89592641592 -12.9759998322 -4.92227935791 -0.987752258778 -12.9759998322 -4.92040586472 -0.909925699234 -12.9759998322 -4.91702508926 -0.976748585701 -12.9759998322 -4.9144821167 -0.907163083553 -12.9759998322 -4.91381216049 -1.01133799553 -12.9759998322 -4.91381216049 -0.873465120792 -12.9759998322 -4.90816783905 -0.97933191061 -12.9759998322 -4.90816783905 -0.905471324921 -12.9759998322 -4.90165615082 -1.01240205765 -12.9759998322 -4.90165615082 -0.979901611805 -12.9759998322 -4.90165615082 -0.904901623726 -12.9759998322 -4.90165615082 -0.872401595116 -12.9759998322 -4.89248418808 -0.905908048153 -12.9759998322 -4.89135456085 -0.978592455387 -12.9759998322 -4.89106845856 -0.981168329716 -12.9759998322 -4.88950109482 -1.01133799553 -12.9759998322 -4.88950109482 -0.873465120792 -12.9759998322 -4.88290596008 -0.974877595901 -12.9759998322 -4.88290596008 -0.909925699234 -12.9759998322 -4.88044595718 -0.98932158947 -12.9759998322 -4.88044595718 -0.899254739285 -12.9759998322 -4.87980699539 -0.984146535397 -12.9759998322 -4.87980699539 -0.89407992363 -12.9759998322 -4.87978982925 -0.88812571764 -12.9759998322 -4.87945175171 -0.884812295437 -12.9759998322 -4.87771511078 -1.00818002224 -12.9759998322 -4.87771511078 -0.876623094082 -12.9759998322 -4.87681245804 -0.885850429535 -12.9759998322 -4.87597513199 -0.992811620235 -12.9759998322 -4.87597513199 -0.902744889259 -12.9759998322 -4.87546682358 -0.915382921696 -12.9759998322 -4.87463903427 -0.968592524529 -12.9759998322 -4.87304925919 -0.982607245445 -12.9759998322 -4.87304925919 -0.892540752888 -12.9759998322 -4.87063121796 -0.989106118679 -12.9759998322 -4.87063121796 -0.899039328098 -12.9759998322 -4.86918020248 -0.961151599884 -12.9759998322 -4.86918020248 -0.923651576042 -12.9759998322 -4.86665582657 -1.00302302837 -12.9759998322 -4.86665582657 -0.881779789925 -12.9759998322 -4.86546611786 -0.932098090649 -12.9759998322 -4.86516332626 -0.951575160027 -12.9759998322 -4.86415576935 -0.942401587963 -12.9759998322 -4.86165618896 -0.987401604652 -12.9759998322 -4.86165618896 -0.981168329716 -12.9759998322 -4.86165618896 -0.897401571274 -12.9759998322 -4.86043739319 -0.981313467026 -12.9759998322 -4.86039876938 -0.962488532066 -12.9759998322 -4.86039876938 -0.902488529682 -12.9759998322 -4.86015701294 -0.886030077934 -12.9759998322 -4.859998703 -0.924148917198 -12.9759998322 -4.85991477966 -0.897375822067 -12.9759998322 -4.85926103592 -0.91957372427 -12.9759998322 -4.85890245438 -0.899559319019 -12.9759998322 -4.85874223709 -0.905336380005 -12.9759998322 -4.85850191116 -0.985516309738 -12.9759998322 -4.85842895508 -0.95918816328 -12.9759998322 -4.85824489594 -0.965682029724 -12.9759998322 -4.85695886612 -0.979121506214 -12.9759998322 -4.8566608429 -0.996024727821 -12.9759998322 -4.85526895523 -0.925464630127 -12.9759998322 -4.85500717163 -0.984830081463 -12.9759998322 -4.85489559174 -0.941630780697 -12.9759998322 -4.85482549667 -0.899935543537 -12.9759998322 -4.85451698303 -0.960444450378 -12.9759998322 -4.8544459343 -0.904546380043 -12.9759998322 -4.85443258286 -0.920378267765 -12.9759998322 -4.85422086716 -0.963986933231 -12.9759998322 -4.85390424728 -0.981432497501 -12.9759998322 -4.8526558876 -0.987401604652 -12.9759998322 -4.8526558876 -0.946846842766 -12.9759998322 -4.8526558876 -0.938305735588 -12.9759998322 -4.8526558876 -0.897401571274 -12.9759998322 -4.84889650345 -0.937310099602 -12.9759998322 -4.84803628922 -0.897401571274 -12.9759998322 -4.84803295135 -0.987396717072 -12.9759998322 -4.84654855728 -0.946590363979 -12.9759998322 -4.84449481964 -0.940861105919 -12.9759998322 -4.84103393555 -0.977401614189 -12.9759998322 -4.84103393555 -0.907401621342 -12.9759998322 -4.83587789536 -0.96634298563 -12.9759998322 -4.83587789536 -0.918460190296 -12.9759998322 -4.83271980286 -0.954556882381 -12.9759998322 -4.83271980286 -0.930246174335 -12.9759998322 -4.83165597916 -0.942401587963 -12.9097232819 -4.8526558876 -0.897401571274 -12.8669490814 -4.95065593719 -0.897401511669 -12.8539800644 -4.94315576553 -0.897401511669 -12.8539800644 -4.94165611267 -0.897401511669 -12.8539800644 -4.86165618896 -0.897401511669 -12.8539800644 -4.86015701294 -0.897401511669 -12.8379802704 -4.94315576553 -0.89740139246 -12.8379802704 -4.94165611267 -0.89740139246 -12.8379802704 -4.86165618896 -0.89740139246 -12.8379802704 -4.86015701294 -0.89740139246 -12.7989797592 -4.94315576553 -0.89740139246 -12.7989797592 -4.94165611267 -0.89740139246 -12.7989797592 -4.86165618896 -0.89740139246 -12.7989797592 -4.86015701294 -0.89740139246 -12.7829799652 -4.94315576553 -0.89740139246 -12.7829799652 -4.94165611267 -0.89740139246 -12.7829799652 -4.86165618896 -0.89740139246 -12.7829799652 -4.86015701294 -0.89740139246 -12.7551202774 -4.95065593719 -0.89740139246 -12.7551202774 -4.94165611267 -0.89740139246 -12.7551202774 -4.86165618896 -0.89740139246 -12.7551202774 -4.8526558876 -0.897401332855 -11.4101800919 1.1738409996 -1.32554292679 -11.4098043442 1.17521989346 -1.32565522194 -11.4095001221 2.11595988274 -1.32538998127 -11.4094696045 2.11609101295 -1.32586705685 -11.4094676971 1.17525196075 -1.32615768909 -11.4094600677 2.11579203606 -1.32492601871 -11.4093503952 2.11559009552 -1.3244869709 -11.4092435837 1.17498648167 -1.32368719578 -11.4091596603 2.11536192894 -1.32408702374 -11.4091129303 1.17508673668 -1.327283144 -11.4089670181 1.17586863041 -1.3251363039 -11.4089202881 2.11511206627 -1.32373404503 -11.4086198807 2.11484909058 -1.32344102859 -11.4084129333 1.17528116703 -1.32793843746 -11.4083042145 1.17646348476 -1.32450759411 -11.4082698822 2.11457800865 -1.32321298122 -11.4081697464 1.17641234398 -1.32488226891 -11.4078903198 2.11430811882 -1.32305705547 -11.407866478 1.16981351376 -1.34206044674 -11.4076023102 2.11763620377 -1.34220647812 -11.4075717926 2.11748385429 -1.34190094471 -11.4075202942 2.11731410027 -1.34157204628 -11.4074802399 2.11404490471 -1.32297897339 -11.4074792862 1.17115271091 -1.34231257439 -11.4074201584 2.11783504486 -1.34254896641 -11.407409668 2.11715006828 -1.34126496315 -11.4074020386 1.17615997791 -1.32333254814 -11.4074001312 2.11967802048 -1.34132301807 -11.4073066711 1.17154407501 -1.34141528606 -11.4072999954 2.11976790428 -1.34179997444 -11.4072980881 1.17681956291 -1.32518458366 -11.4072952271 1.17589449883 -1.32803690434 -11.4072914124 2.11677241325 -1.34098172188 -11.4072704315 2.11795592308 -1.34287297726 -11.4072551727 2.11712384224 -1.34145009518 -11.4072284698 2.11728620529 -1.34199309349 -11.4071712494 1.16978883743 -1.34337723255 -11.4071397781 2.11981511116 -1.34226405621 -11.4071121216 2.11687970161 -1.34095883369 -11.4070701599 2.1180369854 -1.34318196774 -11.4070501328 2.11379694939 -1.32297897339 -11.4070453644 2.11734747887 -1.34251391888 -11.4070396423 2.11677408218 -1.34076094627 -11.4069757462 1.17133533955 -1.3426514864 -11.4069099426 2.11981701851 -1.34270203114 -11.4068403244 2.11661410332 -1.34061205387 -11.406829834 2.11807608604 -1.34346604347 -11.4067850113 1.16794848442 -1.3238530159 -11.4067602158 2.12071800232 -1.32384598255 -11.4067201614 2.12054395676 -1.32338297367 -11.4067201614 2.12085390091 -1.32432103157 -11.4066791534 2.11729669571 -1.3430056572 -11.4066314697 1.1765089035 -1.32732522488 -11.4066200256 2.11977505684 -1.34310305119 -11.4066095352 2.11357092857 -1.32305705547 -11.4066009521 1.17227959633 -1.34040558338 -11.4065999985 2.12033891678 -1.32294595242 -11.4065790176 2.11739850044 -1.34349930286 -11.4065570831 1.17690300941 -1.32623946667 -11.4064941406 2.11807465553 -1.34373760223 -11.4064302444 2.12010598183 -1.32254695892 -11.4063930511 1.16864657402 -1.3224029541 -11.4063863754 1.1772094965 -1.32561695576 -11.4063796997 2.11752700806 -1.34037005901 -11.4062795639 2.11968803406 -1.34345495701 -11.40625 2.11802506447 -1.34392702579 -11.4062433243 2.1171476841 -1.34332036972 -11.4062070847 1.17143785954 -1.34379661083 -11.4061899185 2.11337304115 -1.32321298122 -11.4061803818 2.11985301971 -1.32219600677 -11.4061393738 1.17157149315 -1.34340906143 -11.4061098099 2.11799001694 -1.34400701523 -11.4060516357 1.17014789581 -1.34426689148 -11.4059724808 1.17673134804 -1.32411503792 -11.4059400558 2.11793804169 -1.34408903122 -11.4059104919 2.11844348907 -1.3401247263 -11.4059000015 2.11956095695 -1.34374904633 -11.4058904648 2.11958599091 -1.32190299034 -11.4057798386 2.1132080555 -1.32344102859 -11.4057006836 2.11688613892 -1.34348368645 -11.4056711197 2.11783432961 -1.34419822693 -11.4056625366 2.11823868752 -1.33990967274 -11.4056224823 1.17286670208 -1.3403352499 -11.4055509567 1.16847443581 -1.32443237305 -11.4055404663 2.11931300163 -1.32167601585 -11.405500412 2.11811208725 -1.33982503414 -11.4054899216 2.1193959713 -1.34397602081 -11.4054222107 2.11683797836 -1.34384286404 -11.4054145813 1.16891777515 -1.3232998848 -11.4054002762 2.11308097839 -1.32373404503 -11.4053192139 2.11767816544 -1.3442491293 -11.4052867889 2.11663651466 -1.34344232082 -11.4052867889 2.11797332764 -1.33975481987 -11.4051599503 2.11904096603 -1.32152104378 -11.4051589966 1.1684243679 -1.32528018951 -11.4050922394 2.11754393578 -1.34426832199 -11.4050703049 2.11919808388 -1.34413194656 -11.4050598145 2.11299395561 -1.32408702374 -11.4050178528 1.17244696617 -1.34339642525 -11.4050140381 1.16975939274 -1.32143473625 -11.4049892426 1.17681539059 -1.32559978962 -11.4049358368 2.11591029167 -1.34050917625 -11.4048700333 2.11772418022 -1.33973324299 -11.404841423 2.11631155014 -1.3432393074 -11.4048156738 2.11553955078 -1.34091520309 -11.4048099518 2.11551308632 -1.34083104134 -11.4048099518 2.11736893654 -1.3442209959 -11.4047803879 2.11295199394 -1.3244869709 -11.4047498703 2.11877703667 -1.32144296169 -11.4046802521 2.115473032 -1.34094905853 -11.404668808 2.11726212502 -1.34418439865 -11.4046297073 2.11897206306 -1.34421098232 -11.4046087265 2.11758899689 -1.33978796005 -11.4045801163 2.11648893356 -1.34037005901 -11.4045600891 2.12460303307 -1.33972394466 -11.404545784 1.17093467712 -1.34452450275 -11.404540062 2.11295390129 -1.32492601871 -11.4045286179 1.1732032299 -1.34124469757 -11.4045190811 1.16401612759 -1.3400053978 -11.4045190811 2.11552453041 -1.34139072895 -11.4045152664 1.16962909698 -1.32271456718 -11.4044599533 2.12469792366 -1.34019994736 -11.4044303894 2.11541795731 -1.34121501446 -11.404417038 2.11586070061 -1.34260416031 -11.4044094086 1.17282497883 -1.34262263775 -11.4043989182 2.11703801155 -1.34406530857 -11.4043960571 2.11607480049 -1.34330832958 -11.4043798447 2.11300110817 -1.32538998127 -11.4043703079 2.11561489105 -1.34193468094 -11.4043197632 2.11853003502 -1.32144296169 -11.4042901993 2.12474989891 -1.34066200256 -11.4042797089 2.11309099197 -1.32586705685 -11.4042301178 2.11539793015 -1.34151804447 -11.4041996002 2.11872410774 -1.34421098232 -11.4041795731 2.11680603027 -1.3438949585 -11.4041500092 1.16879439354 -1.32593131065 -11.4040699005 2.11667895317 -1.34378397465 -11.4040498734 2.12475705147 -1.34109902382 -11.4040307999 2.11541581154 -1.34188699722 -11.4040212631 1.17314100266 -1.34234285355 -11.4040145874 2.11735033989 -1.34011745453 -11.4039897919 2.11656808853 -1.34367704391 -11.4039077759 2.11556649208 -1.34217178822 -11.4039058685 1.16392278671 -1.34138059616 -11.4038801193 2.11830401421 -1.32152104378 -11.4038600922 2.11633396149 -1.34342002869 -11.4037981033 2.11572670937 -1.34252667427 -11.4037904739 2.11611008644 -1.34313094616 -11.4037904739 2.11846089363 -1.34413194656 -11.4037704468 2.11590194702 -1.34281802177 -11.4037599564 2.1247189045 -1.34149801731 -11.4034881592 1.17013335228 -1.32298707962 -11.4034500122 2.11810803413 -1.32167601585 -11.4034452438 1.1705892086 -1.32165074348 -11.4034309387 1.16485619545 -1.33935391903 -11.4034204483 2.12463593483 -1.34184896946 -11.4034118652 2.12384772301 -1.33944237232 -11.4034099579 2.1181910038 -1.34397602081 -11.4034004211 2.12392473221 -1.33969020844 -11.4033594131 2.12370562553 -1.33908891678 -11.4032878876 1.17189311981 -1.34380185604 -11.403254509 2.1235408783 -1.33877933025 -11.4032478333 2.1240093708 -1.34023559093 -11.4031515121 2.12401509285 -1.34041023254 -11.4030809402 1.16951620579 -1.32562232018 -11.4030599594 2.11791992188 -1.34374904633 -11.4030399323 2.11794495583 -1.32190299034 -11.4030399323 2.12451195717 -1.34214198589 -11.4030199051 1.16465342045 -1.34071171284 -11.4030094147 1.16540145874 -1.33842372894 -11.402967453 2.12326312065 -1.33842337132 -11.4029216766 2.12398743629 -1.34073710442 -11.4027996063 1.17025160789 -1.3238556385 -11.402759552 2.11765694618 -1.34345495701 -11.4026870728 1.17000317574 -1.32482016087 -11.4026699066 2.11782097816 -1.32219600677 -11.4026451111 1.17275416851 -1.34229362011 -11.402633667 2.12390398979 -1.34100437164 -11.4026298523 2.12434911728 -1.34236896038 -11.4026231766 2.12299323082 -1.3382114172 -11.4025564194 1.17090010643 -1.32228779793 -11.4025201797 2.11740708351 -1.34310305119 -11.402428627 2.12383127213 -1.34113490582 -11.4023513794 1.16444993019 -1.34252750874 -11.4023303986 2.11717891693 -1.34270203114 -11.4023199081 2.11773896217 -1.32254695892 -11.4022197723 2.11697793007 -1.34226405621 -11.4022121429 2.12273192406 -1.33812844753 -11.4022102356 2.1166779995 -1.34132301807 -11.4022102356 2.12415289879 -1.34252405167 -11.402179718 2.1168088913 -1.34179997444 -11.4021024704 1.16602420807 -1.33810913563 -11.4020299911 2.11770009995 -1.32294595242 -11.4019145966 2.12359023094 -1.34130859375 -11.4018173218 1.1651443243 -1.34133994579 -11.4018001556 2.11770701408 -1.32338297367 -11.4017696381 2.12392711639 -1.34260296822 -11.4017572403 2.12249088287 -1.33819699287 -11.4016342163 1.17099416256 -1.32363939285 -11.4016304016 2.11775898933 -1.32384598255 -11.4015302658 2.11785411835 -1.32432103157 -11.4014225006 2.12329959869 -1.3412810564 -11.4013395309 2.12368011475 -1.34260296822 -11.4013385773 2.12231659889 -1.3384128809 -11.4011592865 2.12225818634 -1.33854436874 -11.40102005 1.16568052769 -1.34109699726 -11.401008606 1.16648495197 -1.33864688873 -11.4009485245 2.12294316292 -1.34103095531 -11.4009304047 2.12341594696 -1.34252405167 -11.4008655548 1.16530704498 -1.34253025055 -11.4008588791 2.12219619751 -1.33889997005 -11.4007587433 2.12275743484 -1.34080064297 -11.4006729126 2.12219786644 -1.33922815323 -11.4005994797 2.12256836891 -1.34050071239 -11.4005498886 2.12314391136 -1.34236896038 -11.4005298615 2.12226510048 -1.33968520164 -11.4005174637 2.1223692894 -1.34003543854 -11.4004554749 1.16633915901 -1.34007525444 -11.4001998901 2.12287092209 -1.34214198589 -11.3999004364 2.12260389328 -1.34184896946 -11.3996601105 2.12235093117 -1.34149801731 -11.3995685577 1.16638994217 -1.34149205685 -11.399479866 2.12211799622 -1.34109902382 -11.3993701935 2.12191295624 -1.34066200256 -11.3993597031 2.12160301208 -1.33972394466 -11.3993301392 2.12173891068 -1.34019994736 -11.3993291855 1.16702973843 -1.33994615078 -11.2726697922 1.25172698498 -1.32538998127 -11.2726697922 2.03695988655 -1.32538998127 -11.2726402283 1.25159597397 -1.32586705685 -11.2726402283 2.03709101677 -1.32586705685 -11.2726297379 1.25189602375 -1.32492601871 -11.2726297379 2.03679203987 -1.32492601871 -11.2725095749 1.25209701061 -1.3244869709 -11.2725095749 2.03659009933 -1.3244869709 -11.2723302841 1.25232505798 -1.32408702374 -11.2723302841 2.03636193275 -1.32408702374 -11.2720899582 1.25257503986 -1.32373404503 -11.2720899582 2.03611207008 -1.32373404503 -11.2717895508 1.25283896923 -1.32344102859 -11.2717895508 2.03584909439 -1.32344102859 -11.271490097 2.03633904457 -1.32559001446 -11.2714700699 2.03641605377 -1.32586705685 -11.2714595795 2.03624010086 -1.32532095909 -11.2714395523 1.25310897827 -1.32321298122 -11.2714395523 2.03557801247 -1.32321298122 -11.2714099884 2.03646802902 -1.32614302635 -11.2713899612 2.03612089157 -1.32507002354 -11.2713098526 2.03649306297 -1.32641196251 -11.2712802887 2.03598499298 -1.32484197617 -11.2711696625 2.03649091721 -1.32666397095 -11.2710914612 2.03580331802 -1.32460427284 -11.2710599899 1.25337994099 -1.32305705547 -11.2710599899 2.03530788422 -1.32305705547 -11.2709999084 2.03646111488 -1.32689094543 -11.2709321976 2.03567576408 -1.32447814941 -11.2707109451 2.03637599945 -1.32716262341 -11.2706871033 2.03549456596 -1.32434940338 -11.27064991 1.25364196301 -1.32297897339 -11.27064991 2.03504490852 -1.32297897339 -11.2705698013 1.24801003933 -1.34132301807 -11.2705698013 2.0363240242 -1.32724702358 -11.2705698013 2.04067802429 -1.34132301807 -11.2704696655 1.24791896343 -1.34179997444 -11.2704696655 2.0407679081 -1.34179997444 -11.2704162598 2.0362610817 -1.32732975483 -11.2704133987 2.03531479836 -1.32428014278 -11.2702999115 1.24787199497 -1.34226405621 -11.2702999115 2.04081511497 -1.34226405621 -11.2702598572 2.03522109985 -1.32427299023 -11.2702198029 1.25389003754 -1.32297897339 -11.2702198029 2.0347969532 -1.32297897339 -11.2702102661 2.03616189957 -1.32740604877 -11.2701301575 2.03515100479 -1.32427895069 -11.2700796127 2.03609895706 -1.32743597031 -11.270070076 1.24786996841 -1.34270203114 -11.270070076 2.04081702232 -1.34270203114 -11.2699890137 2.03507232666 -1.32429981232 -11.2699604034 2.03603100777 -1.32745397091 -11.2699203491 1.2469689846 -1.32384598255 -11.2699203491 2.04171800613 -1.32384598255 -11.2698898315 1.2468329668 -1.32432103157 -11.2698898315 2.04185390472 -1.32432103157 -11.2698802948 1.24714303017 -1.32338297367 -11.2698802948 2.04154396057 -1.32338297367 -11.2698297501 2.0359609127 -1.32746100426 -11.2697896957 1.24791300297 -1.34310305119 -11.2697896957 2.04077506065 -1.34310305119 -11.269780159 1.25411605835 -1.32305705547 -11.269780159 2.03457093239 -1.32305705547 -11.2697696686 1.24734902382 -1.32294595242 -11.2697696686 2.04133892059 -1.32294595242 -11.2697496414 2.03496098518 -1.3243689537 -11.2696304321 2.03490710258 -1.32442200184 -11.2695970535 2.03581643105 -1.3274384737 -11.2695903778 1.2475810051 -1.32254695892 -11.2695903778 2.04110598564 -1.32254695892 -11.2695102692 2.03485894203 -1.32448601723 -11.2694702148 2.03573489189 -1.32740604877 -11.2694501877 1.24799895287 -1.34345495701 -11.2694501877 2.04068803787 -1.34345495701 -11.2693996429 2.03481507301 -1.32456099987 -11.2693595886 1.25431501865 -1.32321298122 -11.2693595886 2.03437304497 -1.32321298122 -11.2693500519 1.24783504009 -1.32219600677 -11.2693500519 2.03565692902 -1.32736504078 -11.2693500519 2.04085302353 -1.32219600677 -11.2692899704 2.03477811813 -1.32464599609 -11.2692499161 2.03557801247 -1.32731103897 -11.2691402435 2.03549909592 -1.32724702358 -11.2690896988 2.03472089767 -1.32484197617 -11.2690696716 1.24812602997 -1.34374904633 -11.2690696716 2.04056096077 -1.34374904633 -11.2690496445 1.24810099602 -1.32190299034 -11.2690496445 2.04058599472 -1.32190299034 -11.2690296173 2.03540635109 -1.32716226578 -11.2689504623 1.25447905064 -1.32344102859 -11.2689504623 2.03420805931 -1.32344102859 -11.268910408 2.03469204903 -1.32507002354 -11.2688102722 2.03519701958 -1.32689094543 -11.2687702179 2.03468894958 -1.32532095909 -11.2687397003 2.04114603996 -1.32419705391 -11.2687339783 2.04106736183 -1.32395279408 -11.2687196732 2.04117894173 -1.32432103157 -11.2687101364 1.24837505817 -1.32167601585 -11.2687101364 2.04031300545 -1.32167601585 -11.2687101364 2.04099702835 -1.32377803326 -11.268699646 2.03506207466 -1.32666397095 -11.268699646 2.04121303558 -1.32447397709 -11.2686901093 2.0409450531 -1.32366299629 -11.2686700821 2.03471398354 -1.32559001446 -11.2686595917 1.24829101562 -1.34397602081 -11.2686595917 2.04039597511 -1.34397602081 -11.2686595917 2.04123401642 -1.32459700108 -11.2686395645 2.04087495804 -1.32352697849 -11.2686300278 2.0349419117 -1.32641196251 -11.2686195374 2.03476595879 -1.32586705685 -11.2686004639 2.03484296799 -1.32614302635 -11.2686004639 2.04081511497 -1.32342195511 -11.2685966492 2.04125618935 -1.32478368282 -11.2685699463 1.2546069622 -1.32373404503 -11.2685699463 2.03408098221 -1.32373404503 -11.268529892 2.04073810577 -1.32330000401 -11.2684898376 2.04126501083 -1.32500505447 -11.2684698105 2.04067206383 -1.32320797443 -11.2684020996 2.04126143456 -1.32514500618 -11.2683801651 2.04058790207 -1.32310402393 -11.2683296204 1.24864602089 -1.32152104378 -11.2683296204 2.04004096985 -1.32152104378 -11.2683095932 2.0405189991 -1.32302796841 -11.2682304382 1.24848902225 -1.34413194656 -11.2682304382 1.25469303131 -1.32408702374 -11.2682304382 2.03399395943 -1.32408702374 -11.2682304382 2.04019808769 -1.34413194656 -11.2682132721 2.04122591019 -1.32538437843 -11.2681999207 2.04043197632 -1.32294499874 -11.2680397034 2.04118108749 -1.32553803921 -11.2680339813 2.04030442238 -1.32284724712 -11.2679395676 1.25473499298 -1.3244869709 -11.2679395676 2.03395199776 -1.3244869709 -11.2679195404 2.0411400795 -1.32562994957 -11.2679100037 1.24890995026 -1.32144296169 -11.2679100037 2.03977704048 -1.32144296169 -11.2678899765 2.04020190239 -1.32279098034 -11.2678012848 2.04109835625 -1.32570409775 -11.2678003311 1.24871599674 -1.34421098232 -11.2678003311 2.03997206688 -1.34421098232 -11.2677297592 1.24308395386 -1.33972394466 -11.2677297592 2.04560303688 -1.33972394466 -11.2677097321 1.25473296642 -1.32492601871 -11.2677097321 2.03395390511 -1.32492601871 -11.2676506042 2.04004907608 -1.32273805141 -11.2676296234 1.24298894405 -1.34019994736 -11.2676296234 2.04569792747 -1.34019994736 -11.2675695419 2.0409989357 -1.32581400871 -11.267539978 1.25468599796 -1.32538998127 -11.267539978 2.03400111198 -1.32538998127 -11.2674798965 1.24915802479 -1.32144296169 -11.2674798965 2.03953003883 -1.32144296169 -11.2674598694 1.2429369688 -1.34066200256 -11.2674598694 2.04574990273 -1.34066200256 -11.2674503326 1.25459599495 -1.32586705685 -11.2674503326 2.03409099579 -1.32586705685 -11.2674503326 2.03992605209 -1.32273328304 -11.2674398422 2.04093503952 -1.32585895061 -11.267370224 1.24896299839 -1.34421098232 -11.267370224 2.03972411156 -1.34421098232 -11.2673196793 2.04087805748 -1.32588505745 -11.2672700882 2.03982996941 -1.32275700569 -11.2672195435 1.24293100834 -1.34109902382 -11.2672195435 2.04575705528 -1.34109902382 -11.2671499252 2.03977298737 -1.32278299332 -11.2670917511 2.04075431824 -1.32591235638 -11.2670497894 1.24938297272 -1.32152104378 -11.2670497894 2.03930401802 -1.32152104378 -11.2670097351 2.03970909119 -1.32282805443 -11.266960144 1.24922597408 -1.34413194656 -11.266960144 2.03946089745 -1.34413194656 -11.2669296265 1.2429690361 -1.34149801731 -11.2669296265 2.04065895081 -1.32590198517 -11.2669296265 2.04571795464 -1.34149801731 -11.2669095993 2.03965997696 -1.32287502289 -11.2668304443 2.04059100151 -1.32588505745 -11.2667703629 2.03960704803 -1.32294499874 -11.266699791 2.04050588608 -1.32585096359 -11.2666196823 1.24958002567 -1.32167601585 -11.2666196823 2.03910803795 -1.32167601585 -11.2665901184 1.24305105209 -1.34184896946 -11.2665901184 2.03954005241 -1.32307100296 -11.2665901184 2.04563593864 -1.34184896946 -11.2665739059 2.04041695595 -1.32580447197 -11.2665700912 1.24949598312 -1.34397602081 -11.2665700912 2.03919100761 -1.34397602081 -11.2663898468 2.04027605057 -1.32569694519 -11.2663660049 2.03947806358 -1.32326507568 -11.2662801743 2.04018902779 -1.32561397552 -11.2662296295 1.24976694584 -1.34374904633 -11.2662296295 2.03891992569 -1.34374904633 -11.2662096024 1.24317502975 -1.34214198589 -11.2662096024 1.2497420311 -1.32190299034 -11.2662096024 2.03894495964 -1.32190299034 -11.2662096024 2.0401198864 -1.32553803921 -11.2662096024 2.04551196098 -1.34214198589 -11.266169548 2.03944611549 -1.32352697849 -11.266119957 2.04003596306 -1.3254339695 -11.2660999298 2.03944301605 -1.32363605499 -11.2660160065 2.03992295265 -1.32527029514 -11.2660045624 2.03944945335 -1.32383263111 -11.2659330368 2.03982639313 -1.3251055479 -11.2659301758 1.25003099442 -1.34345495701 -11.2659301758 2.03865695 -1.34345495701 -11.2659301758 2.03947401047 -1.32404494286 -11.2658901215 2.03949594498 -1.32416796684 -11.265879631 2.03971099854 -1.32486402988 -11.2658700943 2.03952908516 -1.32432103157 -11.2658500671 2.03956198692 -1.32444500923 -11.2658500671 2.03960895538 -1.32459700108 -11.2658500671 2.03965210915 -1.3247179985 -11.26583004 1.24986600876 -1.32219600677 -11.26583004 2.03882098198 -1.32219600677 -11.2658004761 1.24333798885 -1.34236896038 -11.2658004761 2.04534888268 -1.34236896038 -11.2656803131 1.25028002262 -1.34310305119 -11.2656803131 2.03840708733 -1.34310305119 -11.2655000687 1.25050902367 -1.34270203114 -11.2655000687 2.03817892075 -1.34270203114 -11.2654895782 1.24994897842 -1.32254695892 -11.2654895782 2.03873896599 -1.32254695892 -11.2653903961 1.25071001053 -1.34226405621 -11.2653903961 2.03797698021 -1.34226405621 -11.2653799057 1.2510099411 -1.34132301807 -11.2653799057 2.03767800331 -1.34132301807 -11.265370369 1.24353504181 -1.34252405167 -11.265370369 2.0451529026 -1.34252405167 -11.2653503418 1.25087797642 -1.34179997444 -11.2653503418 2.03780889511 -1.34179997444 -11.2651996613 1.24998700619 -1.32294595242 -11.2651996613 2.03870010376 -1.32294595242 -11.2649698257 1.24997997284 -1.32338297367 -11.2649698257 2.0387070179 -1.32338297367 -11.2649402618 1.24375998974 -1.34260296822 -11.2649402618 2.04492688179 -1.34260296822 -11.2648000717 1.24992895126 -1.32384598255 -11.2648000717 2.03875899315 -1.32384598255 -11.2646999359 1.24983298779 -1.32432103157 -11.2646999359 2.03885388374 -1.32432103157 -11.2645101547 1.24400794506 -1.34260296822 -11.2645101547 2.04468011856 -1.34260296822 -11.2641000748 1.24427103996 -1.34252405167 -11.2641000748 2.04441595078 -1.34252405167 -11.263710022 1.24454295635 -1.34236896038 -11.263710022 2.04414391518 -1.34236896038 -11.2633695602 1.24481594563 -1.34214198589 -11.2633695602 2.0438709259 -1.34214198589 -11.2630701065 1.24508297443 -1.34184896946 -11.2630701065 2.04360389709 -1.34184896946 -11.2628297806 1.24533605576 -1.34149801731 -11.2628297806 2.04335093498 -1.34149801731 -11.2626495361 1.24556899071 -1.34109902382 -11.2626495361 2.0431189537 -1.34109902382 -11.2625398636 1.24577498436 -1.34066200256 -11.2625398636 2.04291200638 -1.34066200256 -11.2625303268 1.24608397484 -1.33972394466 -11.2625303268 2.0426030159 -1.33972394466 -11.2624998093 1.24594795704 -1.34019994736 -11.2624998093 2.04273891449 -1.34019994736 -0.572349786758 1.22914731503 -0.508465409279 -0.570893228054 1.22769069672 -0.390421420336 -0.570471763611 1.23059177399 -0.491034090519 -0.570451498032 1.23060131073 -0.490577548742 -0.570438086987 1.23064100742 -0.491493582726 -0.570393621922 1.230651021 -0.490218609571 -0.570346593857 1.23069405556 -0.490021795034 -0.570344090462 1.23073875904 -0.491929382086 -0.570243000984 1.23079240322 -0.489692002535 -0.570236027241 1.23085904121 -0.492252796888 -0.570160210133 1.23093903065 -0.492427587509 -0.57006162405 1.23099040985 -0.490511119366 -0.570058763027 1.23096382618 -0.489301472902 -0.570023775101 1.23105609417 -0.491626769304 -0.570008516312 1.23109960556 -0.492711335421 -0.569958627224 1.23008000851 -0.449434310198 -0.569935798645 1.23011398315 -0.449894398451 -0.569924473763 1.23010194302 -0.448974192142 -0.569856822491 1.23020398617 -0.450340509415 -0.569834411144 1.23018097878 -0.448528110981 -0.56983268261 1.23118174076 -0.488962650299 -0.569770038128 1.23134243488 -0.493025839329 -0.569723904133 1.23034703732 -0.450759112835 -0.569709002972 1.23131883144 -0.489532142878 -0.569691181183 1.23031401634 -0.448109507561 -0.569668829441 1.23143064976 -0.492418825626 -0.569571852684 1.23143970966 -0.488683879375 -0.56954985857 1.23047840595 -0.449019044638 -0.569541215897 1.23053896427 -0.451137393713 -0.569510757923 1.23054456711 -0.450136244297 -0.569500744343 1.23162019253 -0.4932744205 -0.569499194622 1.2304970026 -0.44773119688 -0.569446504116 1.22956800461 -0.407940596342 -0.569423675537 1.22960197926 -0.408400714397 -0.56941229105 1.22959005833 -0.407480508089 -0.569344699383 1.22969198227 -0.408846795559 -0.569322288036 1.22966897488 -0.407034397125 -0.569314301014 1.23077404499 -0.451463997364 -0.56927293539 1.2317237854 -0.488472253084 -0.569268584251 1.23185503483 -0.493417799473 -0.569264173508 1.23072397709 -0.447404593229 -0.569211781025 1.22983503342 -0.409265398979 -0.569196522236 1.23080706596 -0.44803828001 -0.56917911768 1.22980201244 -0.406615793705 -0.569156587124 1.23091888428 -0.450925439596 -0.569134235382 1.23197746277 -0.492920964956 -0.569130122662 1.23199498653 -0.493480890989 -0.56906068325 1.22995662689 -0.40809315443 -0.569053053856 1.23195981979 -0.488920122385 -0.569050014019 1.23104500771 -0.451728910208 -0.569029092789 1.23002696037 -0.40964370966 -0.568998873234 1.23000061512 -0.407365173101 -0.568993389606 1.23098802567 -0.447139710188 -0.568987071514 1.2299849987 -0.406237512827 -0.5689625144 1.2320369482 -0.488335490227 -0.568898797035 1.2301402092 -0.408962547779 -0.568881630898 1.23224198818 -0.493556082249 -0.568802177906 1.23026204109 -0.409970313311 -0.568766593933 1.23021650314 -0.406707376242 -0.568756401539 1.23134303093 -0.451924085617 -0.568752110004 1.23021197319 -0.405910909176 -0.568738162518 1.23134744167 -0.451344490051 -0.568694889545 1.23128199577 -0.446944504976 -0.568639099598 1.23236095905 -0.4882774055 -0.5685582757 1.2325720787 -0.493578523397 -0.568541109562 1.23144757748 -0.447426527739 -0.568537890911 1.23053300381 -0.410235196352 -0.568493008614 1.23262155056 -0.493027508259 -0.568481206894 1.23047602177 -0.405645996332 -0.568465709686 1.23059046268 -0.409649014473 -0.568442285061 1.23166000843 -0.45204359293 -0.568418085575 1.23259294033 -0.488832235336 -0.568386077881 1.23058462143 -0.406195580959 -0.568377971649 1.23159599304 -0.446824997663 -0.568309724331 1.23268580437 -0.488299757242 -0.568244278431 1.23083102703 -0.410430401564 -0.568240761757 1.23184907436 -0.45153388381 -0.56823015213 1.23289561272 -0.493520081043 -0.568182706833 1.23076999187 -0.405450791121 -0.568117499352 1.23198604584 -0.45208388567 -0.568052113056 1.23192095757 -0.446784704924 -0.568005561829 1.23105859756 -0.409967035055 -0.567993462086 1.23300647736 -0.488401770592 -0.567930221558 1.23114800453 -0.410549998283 -0.567916631699 1.2332072258 -0.493382662535 -0.567910373211 1.23105323315 -0.405897170305 -0.567906081676 1.23208069801 -0.447338491678 -0.567870020866 1.23323810101 -0.492764860392 -0.567865788937 1.23108398914 -0.40533131361 -0.567796885967 1.23322093487 -0.489115566015 -0.567791581154 1.23231101036 -0.45204359293 -0.567727208138 1.23224699497 -0.446824997663 -0.567724406719 1.23236429691 -0.451470196247 -0.567698001862 1.23331069946 -0.488579362631 -0.567624568939 1.23349380493 -0.493171960115 -0.567605316639 1.23147404194 -0.410590201616 -0.567539870739 1.23140895367 -0.405290991068 -0.567491710186 1.23157405853 -0.410042077303 -0.567474603653 1.23262500763 -0.451924085617 -0.567421972752 1.23358535767 -0.488829374313 -0.56741309166 1.23256397247 -0.446944504976 -0.56741052866 1.23258137703 -0.44753909111 -0.56739372015 1.23156905174 -0.405844837427 -0.567390739918 1.23370194435 -0.492136746645 -0.567359209061 1.23375141621 -0.492890924215 -0.567279517651 1.23179900646 -0.410549998283 -0.567270457745 1.23376715183 -0.489906638861 -0.567251622677 1.23282957077 -0.451161265373 -0.567215025425 1.2317340374 -0.40533131361 -0.567188680172 1.23383367062 -0.489143669605 -0.567176103592 1.23291897774 -0.451728910208 -0.567166626453 1.23390924931 -0.49148452282 -0.567132592201 1.23397016525 -0.49255001545 -0.567119598389 1.2328619957 -0.447139710188 -0.567108809948 1.23395049572 -0.490776568651 -0.566997170448 1.2330044508 -0.447967320681 -0.566993117332 1.23403418064 -0.489511728287 -0.566988527775 1.23207306862 -0.409864157438 -0.566962480545 1.23211300373 -0.410430401564 -0.566952884197 1.23414313793 -0.492161929607 -0.566905319691 1.23318302631 -0.451463997364 -0.566901028156 1.23205196857 -0.405450791121 -0.566898822784 1.23206830025 -0.406045109034 -0.566880166531 1.2331880331 -0.450645714998 -0.566855192184 1.23313295841 -0.447404593229 -0.566848576069 1.23418724537 -0.489919036627 -0.566821873188 1.23426353931 -0.491737812757 -0.566758930683 1.23429322243 -0.490362673998 -0.566757202148 1.23431694508 -0.491388112307 -0.566735029221 1.234333992 -0.491183310747 -0.566721022129 1.23433816433 -0.490821242332 -0.566714465618 1.23330283165 -0.448572158813 -0.566670298576 1.2334100008 -0.451137393713 -0.566664099693 1.23240697384 -0.410235196352 -0.566654384136 1.23339760303 -0.449989914894 -0.566628396511 1.23336803913 -0.44773119688 -0.566607415676 1.2323499918 -0.405645996332 -0.566596746445 1.23343741894 -0.449283659458 -0.566478312016 1.23359298706 -0.450759112835 -0.56646412611 1.2325848341 -0.409340560436 -0.566445708275 1.23355996609 -0.448109507561 -0.566393196583 1.23267102242 -0.409970313311 -0.566387355328 1.23259365559 -0.406613379717 -0.566343128681 1.23262095451 -0.405910909176 -0.566335082054 1.23372602463 -0.450340509415 -0.566312789917 1.23370301723 -0.448528110981 -0.566245079041 1.23380494118 -0.449894398451 -0.566233813763 1.23379302025 -0.448974192142 -0.566210925579 1.2338269949 -0.449434310198 -0.566158294678 1.2328979969 -0.40964370966 -0.566147148609 1.2328813076 -0.408519238234 -0.566116094589 1.23285603523 -0.406237512827 -0.566087007523 1.23291897774 -0.407617598772 -0.565966188908 1.23308098316 -0.409265398979 -0.565933525562 1.23304796219 -0.406615793705 -0.565823018551 1.23321294785 -0.408846795559 -0.565800607204 1.23319101334 -0.407034397125 -0.565733015537 1.2332919836 -0.408400714397 -0.565721571445 1.23328101635 -0.407480508089 -0.565698802471 1.233314991 -0.407940596342 -0.565278887749 1.23621869087 -0.508447408676 -0.56459915638 1.23555481434 -0.454122662544 -0.564446091652 1.2353976965 -0.441553384066 -0.563823401928 1.23476314545 -0.39040055871 -0.562352359295 1.23758602142 -0.445389658213 -0.562247395515 1.23781573772 -0.450446754694 -0.561172604561 1.22206962109 -0.490995615721 -0.56112998724 1.22213029861 -0.491741806269 -0.560986578465 1.22223305702 -0.490114212036 -0.560924053192 1.22235047817 -0.492349475622 -0.560666024685 1.221550107 -0.449582993984 -0.560584723949 1.22165620327 -0.450378268957 -0.560569524765 1.22272074223 -0.492882788181 -0.560539424419 1.22266352177 -0.489439576864 -0.560474097729 1.22172093391 -0.448619604111 -0.560336947441 1.22191631794 -0.451012909412 -0.560148179531 1.2210444212 -0.40800768137 -0.560131311417 1.22107505798 -0.408525109291 -0.560070514679 1.22312450409 -0.489121198654 -0.559972763062 1.22332274914 -0.493229150772 -0.559961736202 1.22120916843 -0.407125353813 -0.559958517551 1.22126460075 -0.409261614084 -0.559943139553 1.22232437134 -0.451478928328 -0.55993026495 1.22224509716 -0.447841107845 -0.559520542622 1.22171938419 -0.409905523062 -0.55946046114 1.22281086445 -0.451735526323 -0.559433221817 1.22376024723 -0.489052861929 -0.559417843819 1.22173345089 -0.406347155571 -0.559302091599 1.22286689281 -0.447558283806 -0.559280276299 1.22401571274 -0.493180185556 -0.558944404125 1.2233299017 -0.451728373766 -0.558918297291 1.22232973576 -0.410255610943 -0.558796584606 1.22266495228 -0.491169899702 -0.558790385723 1.22235453129 -0.406064689159 -0.55878674984 1.22338426113 -0.447611182928 -0.558728933334 1.22447454929 -0.489494889975 -0.558710694313 1.22457396984 -0.492716729641 -0.558497846127 1.22376930714 -0.45151591301 -0.558413207531 1.2248595953 -0.492203265429 -0.558336496353 1.2248865366 -0.490227848291 -0.558318197727 1.22385966778 -0.447910577059 -0.558284521103 1.22215294838 -0.449676185846 -0.558282077312 1.22296464443 -0.410187363625 -0.558242678642 1.22501504421 -0.491624265909 -0.558203399181 1.22503626347 -0.490932196379 -0.558156788349 1.22299015522 -0.406153231859 -0.557990908623 1.22426199913 -0.450927436352 -0.55795365572 1.22423648834 -0.448419302702 -0.557772278786 1.22164094448 -0.408182501793 -0.557729482651 1.22450315952 -0.450124680996 -0.557700276375 1.22450983524 -0.449240654707 -0.557695627213 1.22354018688 -0.409755319357 -0.557519257069 1.22364234924 -0.406762868166 -0.557315051556 1.22390282154 -0.409022778273 -0.557260215282 1.22391998768 -0.407442390919 -0.557206511497 1.22399997711 -0.408525109291 -0.557179093361 1.22401225567 -0.407945394516 -0.546269178391 1.20778226852 -0.505971968174 -0.546135246754 1.20789897442 -0.505285203457 -0.546133995056 1.20793843269 -0.506813049316 -0.545892655849 1.20813035965 -0.504822790623 -0.545793771744 1.2082914114 -0.507352352142 -0.545792400837 1.20966100693 -0.505993127823 -0.5455519557 1.20846283436 -0.504499793053 -0.545431792736 1.20865988731 -0.507602632046 -0.545156061649 1.20885586739 -0.50435936451 -0.545066893101 1.2090255022 -0.507661342621 -0.544878661633 1.20641183853 -0.394149303436 -0.544830739498 1.20644593239 -0.393577635288 -0.544766008854 1.20924627781 -0.504411280155 -0.544751524925 1.20655691624 -0.394831210375 -0.544709503651 1.20655703545 -0.393202602863 -0.544709205627 1.20937991142 -0.50756508112 -0.544509649277 1.20674860477 -0.392838686705 -0.544411480427 1.20690965652 -0.395369619131 -0.544410228729 1.20827901363 -0.394010186195 -0.544352829456 1.20973181725 -0.507282137871 -0.544301569462 1.20972156525 -0.504747927189 -0.544169604778 1.20708119869 -0.392516791821 -0.54408878088 1.20998299122 -0.506839931011 -0.544048607349 1.20727837086 -0.395620107651 -0.543958067894 1.21008372307 -0.505528330803 -0.543939292431 1.21012079716 -0.50629812479 -0.543664574623 1.20758259296 -0.392362177372 -0.543644726276 1.20768392086 -0.395678520203 -0.543249309063 1.20807564259 -0.395538061857 -0.543082475662 1.2081707716 -0.392602413893 -0.542909622192 1.20840811729 -0.39521625638 -0.542670428753 1.20859754086 -0.393212527037 -0.542619824409 1.20868313313 -0.394632816315 -0.542540431023 1.20874476433 -0.393911063671 -0.541989028454 1.19878697395 -0.509674787521 -0.541901409626 1.1986989975 -0.50266623497 -0.540606319904 1.19740450382 -0.397691696882 -0.540520429611 1.19731795788 -0.3906930089 -0.540301024914 1.19709897041 -0.398699611425 -0.539612412453 1.20044100285 -0.506183207035 -0.539593875408 1.20046794415 -0.506556510925 -0.539584696293 1.20045900345 -0.505809903145 -0.539529681206 1.20054101944 -0.506918370724 -0.539511620998 1.20052301884 -0.505447983742 -0.539421975613 1.20065701008 -0.507258117199 -0.539395391941 1.20063102245 -0.50510841608 -0.539273679256 1.20081305504 -0.507565021515 -0.539253592491 1.20079314709 -0.505932211876 -0.5392395854 1.20077896118 -0.504801392555 -0.53922355175 1.20083999634 -0.506636798382 -0.539089620113 1.20100402832 -0.507830023766 -0.53904902935 1.20096302032 -0.504536390305 -0.538998305798 1.20102858543 -0.50514125824 -0.538990259171 1.2010897398 -0.50728315115 -0.538875222206 1.20122396946 -0.50804489851 -0.53882932663 1.20117795467 -0.50432151556 -0.538636982441 1.20146596432 -0.508203208447 -0.538588404655 1.20150196552 -0.507694602013 -0.538587212563 1.20141601562 -0.504163086414 -0.538585007191 1.20143139362 -0.504693984985 -0.538382172585 1.20172297955 -0.508300185204 -0.53833001852 1.2016710043 -0.504066228867 -0.53823018074 1.19905805588 -0.39420029521 -0.5382117033 1.19908595085 -0.394573509693 -0.538202524185 1.19907701015 -0.39382699132 -0.538196742535 1.20189678669 -0.5078343153 -0.538192212582 1.20181965828 -0.504536628723 -0.538147628307 1.19915902615 -0.394935488701 -0.538129508495 1.19914102554 -0.393465012312 -0.538118600845 1.20198702812 -0.508332908154 -0.538065612316 1.20193397999 -0.504033505917 -0.538039803505 1.19927501678 -0.395275086164 -0.538013279438 1.19924902916 -0.393125414848 -0.537891507149 1.19943094254 -0.39558210969 -0.537888050079 1.19940149784 -0.394238710403 -0.537857472897 1.19939696789 -0.392818510532 -0.537854194641 1.20225095749 -0.508300185204 -0.53780412674 1.20228791237 -0.507780373096 -0.537801980972 1.20219898224 -0.504066228867 -0.537784218788 1.20222902298 -0.504578590393 -0.537771940231 1.19953417778 -0.394923359156 -0.537733078003 1.1995357275 -0.393399804831 -0.53770750761 1.19962203503 -0.395846992731 -0.537666797638 1.19958102703 -0.392553508282 -0.537597000599 1.20250594616 -0.508203208447 -0.537547171116 1.20245599747 -0.504163086414 -0.537492990494 1.19984197617 -0.396061897278 -0.537462711334 1.19985795021 -0.395499914885 -0.537447094917 1.19979596138 -0.392338603735 -0.537437498569 1.20264875889 -0.507539987564 -0.537418842316 1.20260047913 -0.504812479019 -0.537380158901 1.19987547398 -0.392859518528 -0.537354886532 1.20274400711 -0.50804489851 -0.537308990955 1.20269799232 -0.50432151556 -0.537254810333 1.20008397102 -0.396220296621 -0.53720498085 1.20003402233 -0.392180204391 -0.537145376205 1.2029311657 -0.50713467598 -0.537135183811 1.20295798779 -0.507830023766 -0.537094473839 1.20291805267 -0.504536390305 -0.537075579166 1.20295608044 -0.505315124989 -0.537014484406 1.20031380653 -0.395805984735 -0.537010669708 1.2002389431 -0.392608046532 -0.537000119686 1.20034098625 -0.396317303181 -0.536966443062 1.20309662819 -0.506613194942 -0.536947786808 1.200289011 -0.392083197832 -0.536944627762 1.2031430006 -0.507565021515 -0.536923527718 1.20312559605 -0.506023705006 -0.536910414696 1.20310795307 -0.504801392555 -0.53678882122 1.20329105854 -0.507258117199 -0.536762177944 1.20326399803 -0.50510841608 -0.536736488342 1.20060503483 -0.396349906921 -0.536683380604 1.20055198669 -0.392050594091 -0.536672592163 1.20339798927 -0.506918370724 -0.536654412746 1.20337998867 -0.505447983742 -0.536609768867 1.20071923733 -0.395846903324 -0.536605894566 1.20064163208 -0.392549067736 -0.536599516869 1.20346295834 -0.506556510925 -0.536590278149 1.20345294476 -0.505809903145 -0.536571800709 1.20348095894 -0.506183207035 -0.536472082138 1.2008689642 -0.396317303181 -0.536419808865 1.20081698895 -0.392083197832 -0.536216974258 1.20110869408 -0.39568939805 -0.536214888096 1.20112395287 -0.396220296621 -0.536213874817 1.20103740692 -0.392688721418 -0.536164999008 1.20107400417 -0.392180204391 -0.535972774029 1.20136201382 -0.396061897278 -0.535926818848 1.20131599903 -0.392338603735 -0.535883545876 1.20143306255 -0.395352423191 -0.535808265209 1.20145320892 -0.39310503006 -0.535753071308 1.20157599449 -0.395846992731 -0.535722255707 1.1925201416 -0.461781620979 -0.53571242094 1.20153605938 -0.392553508282 -0.53564953804 1.20165574551 -0.394875884056 -0.535578250885 1.20169913769 -0.393747448921 -0.535562396049 1.20176005363 -0.39558210969 -0.535543560982 1.20174753666 -0.394318252802 -0.535528302193 1.20172595978 -0.392818510532 -0.535406589508 1.20190894604 -0.395275086164 -0.535380125046 1.20188200474 -0.393125414848 -0.535290420055 1.20201599598 -0.394935488701 -0.535272181034 1.20199799538 -0.393465012312 -0.535217285156 1.20208001137 -0.394573509693 -0.53520822525 1.20207095146 -0.39382699132 -0.535189628601 1.20209896564 -0.39420029521 -0.535136342049 1.20607602596 -0.501668214798 -0.535105705261 1.19190347195 -0.412061333656 -0.534917891026 1.20585799217 -0.509674787521 -0.534831047058 1.20577049255 -0.502675831318 -0.534559845924 1.20550525188 -0.455095499754 -0.534397065639 1.20538055897 -0.443479090929 -0.533864378929 1.20480406284 -0.398683905602 -0.533582448959 1.19038021564 -0.488368302584 -0.533535003662 1.20447528362 -0.397691696882 -0.533449292183 1.2043889761 -0.3906930089 -0.533255577087 1.19005477428 -0.491376906633 -0.533093512058 1.18989098072 -0.408950448036 -0.5330067873 1.1898021698 -0.485964953899 -0.53236758709 1.20760166645 -0.451201617718 -0.532198309898 1.18899571896 -0.49342378974 -0.53184658289 1.18864405155 -0.407333314419 -0.531819105148 1.18861556053 -0.484063357115 -0.531461954117 1.20838284492 -0.446174532175 -0.530429661274 1.18722724915 -0.494872510433 -0.530062556267 1.18686139584 -0.406257688999 -0.529941141605 1.1867390871 -0.4830031991 -0.528883159161 1.18568050861 -0.408998340368 -0.52816426754 1.18495762348 -0.494894564152 -0.528126060963 1.18492650986 -0.406104743481 -0.528102517128 1.20116400719 -0.501815676689 -0.528017580509 1.18481552601 -0.483134686947 -0.527711927891 1.20148003101 -0.498816102743 -0.527577638626 1.20063853264 -0.461747974157 -0.526882410049 1.19994342327 -0.409950762987 -0.526507198811 1.18330490589 -0.493913114071 -0.526477694511 1.20024502277 -0.398831367493 -0.526387751102 1.18318629265 -0.48419636488 -0.526320576668 1.19796764851 -0.49022102356 -0.526270449162 1.18306863308 -0.406892418861 -0.525580883026 1.19864177704 -0.487531661987 -0.525483310223 1.1822810173 -0.415730714798 -0.525319933891 1.18211746216 -0.492010802031 -0.525068342686 1.18186783791 -0.486599743366 -0.524983525276 1.18178141117 -0.419796079397 -0.524848103523 1.181645751 -0.42385661602 -0.524734854698 1.1815495491 -0.489608466625 -0.524715065956 1.18151283264 -0.408525198698 -0.524357497692 1.18115532398 -0.399092257023 -0.523748993874 1.18054950237 -0.417478650808 -0.523643434048 1.18044233322 -0.410811424255 -0.523145973682 1.17993831635 -0.414167702198 -0.522409141064 1.17920672894 -0.498954832554 -0.52212625742 1.19377291203 -0.48257574439 -0.521812081337 1.19346892834 -0.495415776968 -0.521810412407 1.17860794067 -0.479168206453 -0.521187126637 1.17798483372 -0.423692256212 -0.520886778831 1.17768406868 -0.402425169945 -0.520741164684 1.19380247593 -0.408847153187 -0.520158052444 1.19321906567 -0.482787936926 -0.518314003944 1.19137477875 -0.410160213709 -0.517314553261 1.1903835535 -0.415726453066 -0.517193257809 1.18884003162 -0.48834580183 -0.517149507999 1.19021546841 -0.41286355257 -0.516865730286 1.18992638588 -0.423693954945 -0.516481637955 1.18954241276 -0.490445017815 -0.516226410866 1.18928802013 -0.399093091488 -0.514790892601 1.28514838219 -0.445430725813 -0.514413237572 1.28565013409 -0.45045247674 -0.514116048813 1.18717694283 -0.498700767756 -0.513678729534 1.18674004078 -0.479168206453 -0.513034403324 1.18609571457 -0.4237870574 -0.512954473495 1.28854608536 -0.508467674255 -0.512898981571 1.18595981598 -0.401051163673 -0.512288749218 1.28786981106 -0.454304933548 -0.512143075466 1.28771567345 -0.44215965271 -0.511496543884 1.28708791733 -0.390420973301 -0.511073827744 1.2899889946 -0.490927994251 -0.511050999165 1.29002296925 -0.491388112307 -0.511039614677 1.29001104832 -0.490467905998 -0.51097202301 1.29011297226 -0.491834193468 -0.510949611664 1.29009103775 -0.490021795034 -0.510839104652 1.29025602341 -0.492252796888 -0.510806381702 1.29022395611 -0.489603102207 -0.510664701462 1.29038739204 -0.490512162447 -0.510656416416 1.29044795036 -0.492631107569 -0.510650515556 1.29042506218 -0.491456478834 -0.510614275932 1.29040598869 -0.489224910736 -0.510561585426 1.2894769907 -0.449434310198 -0.510538876057 1.28951096535 -0.449894398451 -0.51052749157 1.28949904442 -0.448974192142 -0.510459780693 1.28960096836 -0.450340509415 -0.510437428951 1.28957796097 -0.448528110981 -0.510429501534 1.29068303108 -0.49295771122 -0.510392725468 1.29063916206 -0.489692360163 -0.510379374027 1.29063296318 -0.488898307085 -0.51036542654 1.29073107243 -0.492291718721 -0.51032692194 1.28974401951 -0.450759112835 -0.510294318199 1.28971099854 -0.448109507561 -0.510165214539 1.2909539938 -0.493222594261 -0.510154724121 1.28989303112 -0.44979891181 -0.510152816772 1.28987538815 -0.449018865824 -0.510144293308 1.28993594646 -0.451137393713 -0.510108470917 1.29089701176 -0.488633394241 -0.510102212429 1.28989398479 -0.44773119688 -0.510049521923 1.28896403313 -0.407940596342 -0.510049104691 1.29001092911 -0.450327187777 -0.510026693344 1.28899896145 -0.408400714397 -0.510015428066 1.28898704052 -0.407480508089 -0.510014593601 1.29100501537 -0.489184051752 -0.50994771719 1.28908896446 -0.408846795559 -0.509925305843 1.28906595707 -0.407034397125 -0.509917318821 1.29017102718 -0.451463997364 -0.509871602058 1.29125201702 -0.493417799473 -0.509867191315 1.29012095928 -0.447404593229 -0.509853005409 1.29125678539 -0.492838352919 -0.509814798832 1.28923201561 -0.409265398979 -0.509810090065 1.29119098186 -0.48843818903 -0.509799420834 1.29020428658 -0.44803789258 -0.509782075882 1.28919899464 -0.406615793705 -0.509670913219 1.29040765762 -0.451060146093 -0.509663701057 1.28935360909 -0.408092617989 -0.509652972221 1.2904419899 -0.451728910208 -0.509632110596 1.28942394257 -0.40964370966 -0.509601831436 1.28939771652 -0.407364934683 -0.509596407413 1.29038500786 -0.447139710188 -0.509590089321 1.2893819809 -0.406237512827 -0.50955760479 1.29156899452 -0.493537306786 -0.509538352489 1.29147338867 -0.488884747028 -0.509501814842 1.28953707218 -0.408962458372 -0.509493112564 1.29150497913 -0.48831859231 -0.509405195713 1.28965902328 -0.409970313311 -0.509369909763 1.28961324692 -0.406707882881 -0.509359419346 1.29074001312 -0.451924085617 -0.509355723858 1.29175817966 -0.493027508259 -0.509355127811 1.28960895538 -0.405910909176 -0.509298026562 1.29067897797 -0.446944504976 -0.509232580662 1.29189503193 -0.493577599525 -0.509167313576 1.29182994366 -0.488278388977 -0.509144067764 1.29084455967 -0.447426527739 -0.509140908718 1.289929986 -0.410235196352 -0.509098172188 1.29099035263 -0.451470285654 -0.509084284306 1.28987300396 -0.405645996332 -0.509069383144 1.28998684883 -0.409648448229 -0.509045422077 1.29105699062 -0.45204359293 -0.509021162987 1.29198980331 -0.488832235336 -0.508980989456 1.29099297523 -0.446824997663 -0.508906781673 1.29221999645 -0.493537306786 -0.508873462677 1.29009437561 -0.40608176589 -0.508847296238 1.29022800922 -0.410430401564 -0.508842289448 1.29215598106 -0.48831859231 -0.508839011192 1.29227387905 -0.492963641882 -0.508785903454 1.29016697407 -0.405450791121 -0.508720517159 1.29138302803 -0.45208388567 -0.508655071259 1.29131805897 -0.446784704924 -0.508608460426 1.29045557976 -0.409967035055 -0.508589804173 1.29253399372 -0.493417799473 -0.50858348608 1.29150640965 -0.451533913612 -0.50853317976 1.29054498672 -0.410549998283 -0.508528411388 1.29247295856 -0.48843818903 -0.508509099483 1.29147779942 -0.447338521481 -0.508468925953 1.29048097134 -0.40533131361 -0.50839984417 1.29261791706 -0.48911562562 -0.508394598961 1.29170799255 -0.45204359293 -0.50836700201 1.29273843765 -0.492655038834 -0.508330225945 1.29164397717 -0.446824997663 -0.508291423321 1.29282796383 -0.493222594261 -0.508256554604 1.29070532322 -0.405839145184 -0.508234679699 1.29277098179 -0.488633394241 -0.508208394051 1.29087102413 -0.410590201616 -0.508142888546 1.29080605507 -0.405290991068 -0.508094549179 1.29097139835 -0.410042077303 -0.508082032204 1.29200339317 -0.45134472847 -0.50807762146 1.29202198982 -0.451924085617 -0.50802052021 1.29309201241 -0.49295771122 -0.508016228676 1.29196095467 -0.446944504976 -0.508013486862 1.29197835922 -0.447539061308 -0.507995009422 1.29309725761 -0.492139071226 -0.507970392704 1.2930419445 -0.488898307085 -0.507882475853 1.29119598866 -0.410549998283 -0.507873475552 1.29316425323 -0.489906817675 -0.507818102837 1.29113101959 -0.40533131361 -0.507785499096 1.29331898689 -0.492631107569 -0.507779181004 1.29231595993 -0.451728910208 -0.507769882679 1.2933062315 -0.491485387087 -0.507743477821 1.29327702522 -0.489224910736 -0.507722616196 1.29225897789 -0.447139710188 -0.507712006569 1.29334747791 -0.490776270628 -0.507608354092 1.2913569212 -0.405964642763 -0.507593512535 1.29350197315 -0.492252796888 -0.507590711117 1.29147040844 -0.409863620996 -0.507565498352 1.29150998592 -0.410430401564 -0.507560789585 1.29346895218 -0.489603102207 -0.507556855679 1.29251527786 -0.450799614191 -0.507508397102 1.29258000851 -0.451463997364 -0.507504105568 1.29144799709 -0.405450791121 -0.507501423359 1.29250407219 -0.448108822107 -0.507458329201 1.29252994061 -0.447404593229 -0.507450282574 1.29363501072 -0.491834193468 -0.507427871227 1.29361200333 -0.490021795034 -0.50736027956 1.29371404648 -0.491388112307 -0.507348895073 1.29370200634 -0.490467905998 -0.507326126099 1.29373598099 -0.490927994251 -0.507273375988 1.29280698299 -0.451137393713 -0.5072671175 1.29180395603 -0.410235196352 -0.507236361504 1.2927891016 -0.448921024799 -0.507231414318 1.29276502132 -0.44773119688 -0.507220387459 1.29282736778 -0.449825108051 -0.507210373878 1.29174697399 -0.405645996332 -0.507081389427 1.29298996925 -0.450759112835 -0.507067084312 1.29198181629 -0.409340471029 -0.507048726082 1.29295694828 -0.448109507561 -0.50699621439 1.29206800461 -0.409970313311 -0.506990432739 1.29199063778 -0.406613200903 -0.506946086884 1.29201805592 -0.405910909176 -0.50693821907 1.29312300682 -0.450340509415 -0.506915807724 1.29309999943 -0.448528110981 -0.506848096848 1.29320204258 -0.449894398451 -0.506836771965 1.29319000244 -0.448974192142 -0.506813883781 1.29322397709 -0.449434310198 -0.506761312485 1.2922949791 -0.40964370966 -0.506724476814 1.29227697849 -0.407426059246 -0.506719172001 1.29225301743 -0.406237512827 -0.506710648537 1.29231357574 -0.408355891705 -0.506569206715 1.29247796535 -0.409265398979 -0.506536483765 1.29244494438 -0.406615793705 -0.506425976753 1.29261004925 -0.408846795559 -0.506403625011 1.29258799553 -0.407034397125 -0.50633597374 1.2926889658 -0.408400714397 -0.506324589252 1.29267799854 -0.407480508089 -0.506301820278 1.29271197319 -0.407940596342 -0.505881130695 1.29561460018 -0.508446156979 -0.504425823689 1.29415953159 -0.390401393175 -0.501775741577 1.2814656496 -0.491000324488 -0.501719653606 1.28154051304 -0.491815418005 -0.501589536667 1.28162968159 -0.490113884211 -0.501419425011 1.28186118603 -0.492556482553 -0.501269042492 1.2809470892 -0.449582844973 -0.501187503338 1.28105354309 -0.450379192829 -0.501076996326 1.28111815453 -0.448619216681 -0.501058340073 1.28223323822 -0.492972522974 -0.501045405865 1.28215420246 -0.489334762096 -0.500939846039 1.28131365776 -0.451013088226 -0.500751852989 1.28044986725 -0.408376634121 -0.50068873167 1.28049254417 -0.407536029816 -0.500630378723 1.28154838085 -0.447946041822 -0.500575780869 1.28271973133 -0.493229150772 -0.500561773777 1.28066170216 -0.40926104784 -0.500546574593 1.2817209959 -0.451478749514 -0.500417232513 1.28277587891 -0.489051967859 -0.500414252281 1.28075134754 -0.406849086285 -0.500263214111 1.28190994263 -0.447681099176 -0.500125050545 1.28111433983 -0.409904181957 -0.500118255615 1.28103637695 -0.406452447176 -0.500063419342 1.28220784664 -0.451735526323 -0.500059723854 1.283239007 -0.493222057819 -0.499905079603 1.28226399422 -0.447558283806 -0.49978402257 1.28341114521 -0.489140719175 -0.499655991793 1.28159153461 -0.410203665495 -0.49964928627 1.2814977169 -0.406133800745 -0.499612569809 1.28367877007 -0.493009179831 -0.499497205019 1.28277587891 -0.451718270779 -0.49939969182 1.28206205368 -0.491169899702 -0.499271899462 1.28289914131 -0.447646975517 -0.499235540628 1.28397214413 -0.489635169506 -0.499140620232 1.28210818768 -0.410256415606 -0.499133229256 1.2820110321 -0.406059205532 -0.499106347561 1.28417098522 -0.492421656847 -0.499058634043 1.28320884705 -0.451478719711 -0.498939454556 1.28428351879 -0.490227878094 -0.498887509108 1.28155004978 -0.449676185846 -0.498845666647 1.28441214561 -0.491624295712 -0.498806416988 1.28443324566 -0.490932375193 -0.498640477657 1.28260266781 -0.410056471825 -0.498634845018 1.28251457214 -0.406237363815 -0.498634397984 1.28355133533 -0.448256552219 -0.498594284058 1.28365898132 -0.450927972794 -0.498375386 1.28103804588 -0.408182501793 -0.498375386 1.28382897377 -0.448936104774 -0.49833291769 1.28390002251 -0.450127184391 -0.49829429388 1.28392112255 -0.449438750744 -0.498216688633 1.28301644325 -0.409629106522 -0.498122394085 1.28303921223 -0.406762629747 -0.497918188572 1.28329968452 -0.409023046494 -0.497863203287 1.28331696987 -0.407442390919 -0.497767329216 1.2834277153 -0.408116102219 -0.486872166395 1.26717925072 -0.505972206593 -0.486739248037 1.26729559898 -0.505288004875 -0.486737072468 1.26733529568 -0.506812870502 -0.486495226622 1.26752710342 -0.504822134972 -0.486395388842 1.26905798912 -0.505993127823 -0.486322849989 1.26776468754 -0.507435023785 -0.486154556274 1.26786029339 -0.504499554634 -0.485834538937 1.26825833321 -0.5076572299 -0.485759019852 1.26825284958 -0.50435936451 -0.485479950905 1.26581418514 -0.394283294678 -0.485452920198 1.26863896847 -0.507624268532 -0.485433578491 1.265843153 -0.393576860428 -0.485368996859 1.26864326 -0.50441133976 -0.485292285681 1.26601850986 -0.394958198071 -0.485185354948 1.26607549191 -0.392929971218 -0.485018521547 1.26899945736 -0.504638910294 -0.485013186932 1.26767599583 -0.394010186195 -0.485004752874 1.26908040047 -0.507346093655 -0.484940946102 1.26638269424 -0.395451933146 -0.484783262014 1.26924216747 -0.504949748516 -0.484772503376 1.26647830009 -0.392516613007 -0.484691739082 1.26938009262 -0.506839692593 -0.484670132399 1.25517475605 -0.446168899536 -0.484561085701 1.26947999001 -0.505524039268 -0.484542369843 1.26951777935 -0.506298482418 -0.484452873468 1.26687514782 -0.395674169064 -0.484295219183 1.25567293167 -0.45119202137 -0.48426759243 1.26697957516 -0.392362207174 -0.484047174454 1.26728057861 -0.395632982254 -0.483685433865 1.26756799221 -0.392602443695 -0.483673453331 1.26764798164 -0.395398557186 -0.483376860619 1.26793503761 -0.394999057055 -0.483273506165 1.26799440384 -0.393212378025 -0.483192503452 1.26810610294 -0.39448222518 -0.483143419027 1.26814174652 -0.393910616636 -0.482807636261 1.25839912891 -0.501668274403 -0.482591986656 1.25818395615 -0.509674787521 -0.482505202293 1.25809705257 -0.502675831318 -0.482239663601 1.25782620907 -0.455159276724 -0.482102423906 1.25765883923 -0.442818582058 -0.481538593769 1.25713038445 -0.398683905602 -0.481209367514 1.25680148602 -0.39769166708 -0.481123387814 1.25671505928 -0.3906930089 -0.480215400457 1.25983798504 -0.506183207035 -0.480196893215 1.25986504555 -0.506556510925 -0.4801877141 1.25985598564 -0.505809903145 -0.48013278842 1.25993800163 -0.506918370724 -0.480114609003 1.25992000103 -0.505447983742 -0.48002499342 1.26005399227 -0.507258117199 -0.479998499155 1.26002800465 -0.50510841608 -0.47987678647 1.26021003723 -0.507565021515 -0.47985419631 1.26020646095 -0.506510198116 -0.479842692614 1.26017594337 -0.504801392555 -0.479804188013 1.26023566723 -0.505648732185 -0.479692697525 1.26040101051 -0.507830023766 -0.479651987553 1.26036000252 -0.504536390305 -0.479593217373 1.26048672199 -0.50728315115 -0.47952106595 1.26050317287 -0.5050303936 -0.479478210211 1.26062095165 -0.50804489851 -0.479432314634 1.26057505608 -0.50432151556 -0.479240000248 1.26086294651 -0.508203208447 -0.479191422462 1.26089882851 -0.507694542408 -0.479190200567 1.26081299782 -0.504163086414 -0.479187875986 1.26082861423 -0.504693865776 -0.478985309601 1.26111996174 -0.508300185204 -0.478933006525 1.26106798649 -0.504066228867 -0.478833287954 1.25845503807 -0.39420029521 -0.478814810514 1.25848305225 -0.394573509693 -0.47880551219 1.25847399235 -0.39382699132 -0.478799730539 1.26129388809 -0.5078343153 -0.478795200586 1.26121675968 -0.504536628723 -0.47875058651 1.25855600834 -0.394935488701 -0.4787324965 1.25853800774 -0.393465012312 -0.47872158885 1.26138401031 -0.508332908154 -0.478668600321 1.26133096218 -0.504033505917 -0.47864279151 1.25867199898 -0.395275086164 -0.478616297245 1.25864601135 -0.393125414848 -0.478494614363 1.25882804394 -0.39558210969 -0.478479206562 1.25880646706 -0.394081473351 -0.478460490704 1.25879395008 -0.392818510532 -0.478457301855 1.26164805889 -0.508300185204 -0.478444546461 1.25885498524 -0.39465379715 -0.478407144547 1.26168501377 -0.507780373096 -0.478404998779 1.26159596443 -0.504066228867 -0.478387266397 1.26162600517 -0.504578590393 -0.478336185217 1.25893270969 -0.393399953842 -0.478310495615 1.25901901722 -0.395846992731 -0.478273719549 1.25903856754 -0.395170152187 -0.478269785643 1.25897800922 -0.392553508282 -0.478214502335 1.25097799301 -0.498816102743 -0.478200107813 1.26190304756 -0.508203208447 -0.478150188923 1.26185297966 -0.504163086414 -0.478096097708 1.25923895836 -0.396061897278 -0.478050112724 1.25919294357 -0.392338603735 -0.478047311306 1.2592099905 -0.392936497927 -0.478021919727 1.26199746132 -0.504812419415 -0.477986633778 1.2593357563 -0.395570725203 -0.477957993746 1.2621409893 -0.50804489851 -0.477952718735 1.26213157177 -0.507458984852 -0.477912008762 1.26209497452 -0.50432151556 -0.477897912264 1.25136804581 -0.501815676689 -0.477857798338 1.25948095322 -0.396220296621 -0.477807998657 1.25943100452 -0.392180204391 -0.477788299322 1.26223897934 -0.5051227808 -0.477738201618 1.26235496998 -0.507830023766 -0.47772064805 1.25952959061 -0.392647832632 -0.477697610855 1.26231503487 -0.504536390305 -0.477641820908 1.26242804527 -0.506881415844 -0.477617561817 1.25971078873 -0.395805954933 -0.477603107691 1.25973796844 -0.396317303181 -0.477581858635 1.26245653629 -0.505610108376 -0.477550804615 1.25968599319 -0.392083197832 -0.477547585964 1.2625399828 -0.507565021515 -0.477530092001 1.26252651215 -0.506324470043 -0.477513492107 1.26250505447 -0.504801392555 -0.477391809225 1.26268804073 -0.507258117199 -0.477387487888 1.25085759163 -0.461773604155 -0.477365285158 1.26266098022 -0.50510841608 -0.477339506149 1.26000201702 -0.396349906921 -0.477286398411 1.25994896889 -0.392050594091 -0.47727560997 1.26279497147 -0.506918370724 -0.477257400751 1.26277697086 -0.505447983742 -0.477212786674 1.26011621952 -0.395846903324 -0.477208912373 1.26003861427 -0.392549067736 -0.477202504873 1.26285994053 -0.506556510925 -0.477193295956 1.26285004616 -0.505809903145 -0.477174788713 1.26287794113 -0.506183207035 -0.477075099945 1.26026594639 -0.396317303181 -0.477022796869 1.26021397114 -0.392083197832 -0.476980537176 1.24974501133 -0.398831307888 -0.476819843054 1.26050591469 -0.395689249039 -0.476817905903 1.26052105427 -0.396220296621 -0.476768106222 1.26047098637 -0.392180204391 -0.476728767157 1.26052379608 -0.39273956418 -0.476627796888 1.25009822845 -0.41017216444 -0.476575791836 1.26075899601 -0.396061897278 -0.476529806852 1.26071298122 -0.392338603735 -0.476486325264 1.26083028316 -0.395352184772 -0.476355999708 1.26097297668 -0.395846992731 -0.476350754499 1.26091396809 -0.393231481314 -0.476315408945 1.26093304157 -0.392553508282 -0.476252496243 1.26105260849 -0.394875943661 -0.476181298494 1.26109611988 -0.393747538328 -0.476165413857 1.26115703583 -0.39558210969 -0.476146578789 1.26114451885 -0.394318312407 -0.476131290197 1.26112294197 -0.392818510532 -0.476009607315 1.26130497456 -0.395275086164 -0.47598311305 1.26127898693 -0.393125414848 -0.47589340806 1.26141297817 -0.394935488701 -0.475875288248 1.26139497757 -0.393465012312 -0.47582039237 1.26147699356 -0.394573509693 -0.475811213255 1.26146805286 -0.39382699132 -0.475792706013 1.26149594784 -0.39420029521 -0.475786715746 1.24925720692 -0.490318596363 -0.475520908833 1.26525497437 -0.509674787521 -0.475433051586 1.26516675949 -0.502668440342 -0.474512040615 1.24939656258 -0.489250957966 -0.474138587713 1.26387274265 -0.39769166708 -0.474052399397 1.26378595829 -0.3906930089 -0.473832994699 1.26356697083 -0.398699611425 -0.470542550087 1.24401378632 -0.408929973841 -0.46995049715 1.24483501911 -0.495664745569 -0.469907939434 1.2447924614 -0.482180118561 -0.469239413738 1.25897312164 -0.461740702391 -0.469019681215 1.24248993397 -0.482863456011 -0.468643993139 1.25837767124 -0.411950826645 -0.468338608742 1.24180924892 -0.409877061844 -0.467230260372 1.24070060253 -0.49326300621 -0.467114269733 1.25684833527 -0.488368391991 -0.467082947493 1.24055314064 -0.412345647812 -0.467039495707 1.2405115366 -0.41571316123 -0.466787427664 1.25652301311 -0.491376787424 -0.466642171144 1.2401124239 -0.423791944981 -0.466537684202 1.2562712431 -0.485964894295 -0.466363579035 1.25609731674 -0.408499330282 -0.466021895409 1.23949205875 -0.399093031883 -0.465801179409 1.24068570137 -0.48926743865 -0.465469956398 1.25520348549 -0.493779659271 -0.465351045132 1.25508320332 -0.484063237906 -0.464156597853 1.2538844347 -0.406441390514 -0.464109450579 1.23757982254 -0.498969107866 -0.463840603828 1.2535738945 -0.494841724634 -0.463526457548 1.23699700832 -0.479221880436 -0.463473170996 1.25320708752 -0.4830031991 -0.462850749493 1.23632085323 -0.423692137003 -0.462595045567 1.23606550694 -0.401433974504 -0.462414741516 1.25214886665 -0.408998757601 -0.461918145418 1.25164937973 -0.49497333169 -0.461731880903 1.25146472454 -0.406099826097 -0.461549460888 1.25128340721 -0.483134716749 -0.460039645433 1.24977266788 -0.493913263083 -0.459920018911 1.24965405464 -0.484196335077 -0.45985981822 1.24959361553 -0.406858503819 -0.459015190601 1.24874901772 -0.415730714798 -0.458852052689 1.24858546257 -0.49201092124 -0.458603441715 1.24833297729 -0.486599564552 -0.458409637213 1.24814343452 -0.423769176006 -0.458284884691 1.24801838398 -0.408476352692 -0.458277225494 1.24800693989 -0.48960801959 -0.458039104939 1.24777305126 -0.419118583202 -0.457890093327 1.24762403965 -0.399093091488 -0.457194238901 1.24692881107 -0.410760879517 -0.456930220127 1.24665904045 -0.416173458099 -0.456723600626 1.24645793438 -0.413434565067 -0.455805927515 1.2455394268 -0.49871429801 -0.45543628931 1.24516999722 -0.47911208868 -0.454698055983 1.24443173409 -0.423786967993 -0.454560279846 1.24429428577 -0.401079237461 0.454561889172 2.04439115524 -0.401051610708 0.454697608948 2.04425501823 -0.423785716295 0.455435365438 2.04351758957 -0.479112744331 0.455805391073 2.04314756393 -0.498714357615 0.456674844027 2.04227733612 -0.414123475552 0.45738440752 2.04157209396 -0.410115838051 0.457479149103 2.04147410393 -0.418092489243 0.457889586687 2.04106402397 -0.399093091488 0.458296060562 2.04066371918 -0.490125000477 0.458409011364 2.04054379463 -0.423769176006 0.458604365587 2.04035520554 -0.48659875989 0.458797514439 2.04015493393 -0.420121401548 0.459014594555 2.03993797302 -0.415730714798 0.459411233664 2.03954148293 -0.407146245241 0.45948907733 2.03946375847 -0.493249744177 0.459659606218 2.03929328918 -0.484552025795 0.461002588272 2.03794980049 -0.494609802961 0.46119466424 2.03775858879 -0.483240038157 0.46173080802 2.03722190857 -0.406099796295 0.46241414547 2.03653907776 -0.408998757601 0.462550103664 2.0526664257 -0.402424007654 0.462768912315 2.03618478775 -0.495039701462 0.462850421667 2.0523660183 -0.423690587282 0.463472753763 2.03548026085 -0.483003228903 0.463526159525 2.05169034004 -0.479221463203 0.463672727346 2.03527927399 -0.406292021275 0.464108884335 2.05110764503 -0.498969107866 0.465192228556 2.03376126289 -0.494116991758 0.46535050869 2.03360366821 -0.48406329751 0.465452075005 2.03350234032 -0.407411336899 0.465812563896 2.04798984528 -0.49155241251 0.466020584106 2.04919576645 -0.399091809988 0.466537207365 2.03241586685 -0.485965162516 0.466636538506 2.03231620789 -0.408980339766 0.466641426086 2.04857444763 -0.423791944981 0.466788768768 2.03216528893 -0.491375118494 0.466889232397 2.04832625389 -0.414054870605 0.467113822699 2.03183960915 -0.4883646667 0.467146396637 2.04806995392 -0.415730714798 0.467335879803 2.0478823185 -0.411543905735 0.468325793743 2.04689097404 -0.495338857174 0.468648761511 2.03030395508 -0.412120193243 0.468865990639 2.04493665695 -0.48282378912 0.468873947859 2.04634261131 -0.409421682358 0.46923866868 2.02971482277 -0.461741149426 0.469345360994 2.04587078094 -0.482531189919 0.470545500517 2.04467153549 -0.4089871943 0.471311956644 2.04249024391 -0.494966953993 0.473832398653 2.02512097359 -0.398699611425 0.47405180335 2.02490091324 -0.3906930089 0.474137961864 2.02481532097 -0.397691994905 0.474687159061 2.03912591934 -0.487939447165 0.475432544947 2.02352023125 -0.502668321133 0.475520402193 2.02343297005 -0.509674787521 0.475792109966 2.02719092369 -0.39420029521 0.475810587406 2.02721905708 -0.39382699132 0.475819885731 2.02720999718 -0.394573509693 0.475874811411 2.02729201317 -0.393465012312 0.475892901421 2.02727389336 -0.394935488701 0.475982487202 2.0274078846 -0.393125414848 0.476009100676 2.02738189697 -0.395275086164 0.47613081336 2.02756404877 -0.392818510532 0.476146191359 2.02754259109 -0.394318968058 0.476164907217 2.02752995491 -0.39558210969 0.476180702448 2.02759099007 -0.39374756813 0.47628864646 2.02766799927 -0.394999235868 0.476314902306 2.02775502205 -0.392553508282 0.476349771023 2.02777266502 -0.393232405186 0.476355493069 2.02771401405 -0.395846992731 0.476529300213 2.0279750824 -0.392338603735 0.476575285196 2.02792906761 -0.396061897278 0.476637750864 2.0385787487 -0.410173624754 0.47663846612 2.0280714035 -0.392830073833 0.476642221212 2.028008461 -0.395540952682 0.476767510176 2.02821707726 -0.392180204391 0.476817399263 2.02816700935 -0.396220296621 0.476979255676 2.03894400597 -0.398831307888 0.477007418871 2.02844619751 -0.392594754696 0.477012097836 2.02837252617 -0.395792663097 0.47702229023 2.02847409248 -0.392083197832 0.477074593306 2.02842211723 -0.396317303181 0.477174311876 2.02580904961 -0.506183207035 0.477192789316 2.02583694458 -0.505809903145 0.477201998234 2.02582788467 -0.506556510925 0.477256894112 2.02590990067 -0.505447983742 0.477275103331 2.02589201927 -0.506918370724 0.477285891771 2.02873802185 -0.392050594091 0.477338910103 2.02868509293 -0.396349906921 0.477364689112 2.02602601051 -0.50510841608 0.477386206388 2.03783035278 -0.461774647236 0.477391213179 2.02600002289 -0.507258117199 0.477412104607 2.02885174751 -0.392553567886 0.47741702199 2.02877497673 -0.395851403475 0.477512896061 2.02618193626 -0.504801392555 0.477537691593 2.02616548538 -0.506473481655 0.477546989918 2.02614808083 -0.507565021515 0.477550297976 2.02900195122 -0.392083197832 0.477560907602 2.02620697021 -0.50573772192 0.477602511644 2.02894902229 -0.396317303181 0.477697104216 2.02637290955 -0.504536390305 0.47773322463 2.02639198303 -0.505212724209 0.477737694979 2.02633190155 -0.507830023766 0.47774669528 2.02635860443 -0.507132530212 0.477807492018 2.0292570591 -0.392180204391 0.477808773518 2.02917075157 -0.395711541176 0.477857291698 2.0292069912 -0.396220296621 0.477897405624 2.03731894493 -0.501815676689 0.477905482054 2.02934002876 -0.392775923014 0.477911502123 2.02659296989 -0.50432151556 0.477957397699 2.02654695511 -0.50804489851 0.478020220995 2.02668905258 -0.504813432693 0.478049606085 2.02949500084 -0.392338603735 0.478095501661 2.02944898605 -0.396061897278 0.478141576052 2.0295112133 -0.39538949728 0.478149712086 2.02683401108 -0.504163086414 0.478193104267 2.0296189785 -0.39313980937 0.478199601173 2.02678489685 -0.508203208447 0.478201746941 2.02679944038 -0.507698178291 0.478213906288 2.0377099514 -0.498816102743 0.478269308805 2.02970910072 -0.392553508282 0.478309988976 2.0296690464 -0.395846992731 0.478374361992 2.02975583076 -0.394923686981 0.478386998177 2.0270614624 -0.504578530788 0.478404402733 2.02709197998 -0.504066228867 0.478421747684 2.02983403206 -0.393666684628 0.478456705809 2.02704000473 -0.508300185204 0.478460013866 2.02989292145 -0.392818510532 0.47847905755 2.02987360954 -0.394371092319 0.478494107723 2.02985906601 -0.39558210969 0.478615790606 2.03004193306 -0.393125414848 0.478642314672 2.03001499176 -0.395275086164 0.478668004274 2.02735590935 -0.504033505917 0.478721112013 2.02730298042 -0.508332908154 0.478731900454 2.030148983 -0.393465012312 0.478750109673 2.03013110161 -0.394935488701 0.478794664145 2.02747011185 -0.504536628723 0.478799194098 2.02739310265 -0.5078343153 0.47880500555 2.03021407127 -0.39382699132 0.478814214468 2.03020405769 -0.394573509693 0.478832691908 2.03023195267 -0.39420029521 0.478932410479 2.02762007713 -0.504066228867 0.478984713554 2.02756690979 -0.508300185204 0.479186952114 2.02785921097 -0.504693627357 0.479189604521 2.02787494659 -0.504163086414 0.479191154242 2.02778840065 -0.507694363594 0.479239493608 2.02782511711 -0.508203208447 0.479431807995 2.02811288834 -0.50432151556 0.479477703571 2.02806711197 -0.50804489851 0.479520469904 2.02818346024 -0.505030214787 0.479522943497 2.02812838554 -0.507373392582 0.479651510715 2.02832698822 -0.504536390305 0.479692101479 2.02828598022 -0.507830023766 0.479755103588 2.02840685844 -0.505507647991 0.479799628258 2.02841973305 -0.506788253784 0.479842096567 2.02851104736 -0.504801392555 0.479860812426 2.02849841118 -0.506064593792 0.479876309633 2.02847695351 -0.507565021515 0.479997903109 2.0286591053 -0.50510841608 0.480024397373 2.02863311768 -0.507258117199 0.480114102364 2.02876710892 -0.505447983742 0.480132311583 2.02874898911 -0.506918370724 0.480187088251 2.0288310051 -0.505809903145 0.480196386576 2.02882194519 -0.506556510925 0.480214893818 2.02885007858 -0.506183207035 0.481122910976 2.03197193146 -0.3906930089 0.481208860874 2.03188657761 -0.397692024708 0.48153808713 2.03155660629 -0.398683965206 0.482102394104 2.03102064133 -0.443136036396 0.482251673937 2.03089666367 -0.454221785069 0.482504874468 2.03059029579 -0.502675712109 0.482591509819 2.03050398827 -0.509674787521 0.482807159424 2.03028774261 -0.501668274403 0.483161151409 2.02055263519 -0.394353449345 0.483183085918 2.0205950737 -0.393536001444 0.483375102282 2.02075171471 -0.39499694109 0.483445882797 2.02087402344 -0.392889738083 0.483762949705 2.02112603188 -0.395487070084 0.483867108822 2.02130532265 -0.392474621534 0.484358131886 2.0217165947 -0.39569273591 0.484376132488 2.02181696892 -0.392376333475 0.484520554543 2.01916003227 -0.505884945393 0.484586596489 2.01920986176 -0.506526887417 0.484666675329 2.019323349 -0.505162358284 0.484771996737 2.02220869064 -0.392516732216 0.484808146954 2.01941657066 -0.507077515125 0.484841197729 2.02220416069 -0.395516991615 0.484900712967 2.03374409676 -0.44617280364 0.4849409163 2.03366041183 -0.451179385185 0.485012710094 2.02101206779 -0.394010186195 0.485016584396 2.01968669891 -0.504640102386 0.485077291727 2.02244710922 -0.395291298628 0.485184848309 2.02261137962 -0.392929911613 0.485293030739 2.02267026901 -0.394955486059 0.485296219587 2.01989579201 -0.507579028606 0.48536786437 2.02004313469 -0.504411578178 0.485432684422 2.02284407616 -0.393575251102 0.485479384661 2.02287268639 -0.394283056259 0.485758513212 2.02043533325 -0.504359304905 0.48583394289 2.02042913437 -0.5076572299 0.486154198647 2.02082657814 -0.504499554634 0.486323386431 2.02092337608 -0.50743418932 0.486394792795 2.01962900162 -0.505993127823 0.486494272947 2.02115917206 -0.50482159853 0.486675471067 2.02128863335 -0.506937623024 0.486738950014 2.02139282227 -0.505288720131 0.486834526062 2.02146053314 -0.506414532661 0.486856728792 2.02149653435 -0.505841434002 0.497781574726 2.00527763367 -0.407944887877 0.497827857733 2.0053062439 -0.408674627542 0.497971236706 2.00549006462 -0.407060116529 0.498113274574 2.00557231903 -0.409487366676 0.498302638531 2.00478029251 -0.449242025614 0.49835562706 2.00480628014 -0.450288951397 0.498374789953 2.00764894485 -0.408182501793 0.498522043228 2.00605988503 -0.406302034855 0.498555600643 2.00505280495 -0.448420315981 0.498639494181 2.00608372688 -0.410056143999 0.498686343431 2.00511813164 -0.451063603163 0.498805850744 2.00425362587 -0.490933895111 0.498844057322 2.00427484512 -0.491618394852 0.498887002468 2.00434589386 -0.490429699421 0.498887002468 2.00713706017 -0.449676185846 0.498921364546 2.00543165207 -0.44790995121 0.499014168978 2.00442910194 -0.492199391127 0.49909979105 2.00551986694 -0.451515465975 0.499132722616 2.00667572021 -0.406059205532 0.499140292406 2.00657963753 -0.410256415606 0.499146342278 2.00462388992 -0.489749729633 0.499389469624 2.00590729713 -0.447611093521 0.499399095774 2.00662493706 -0.491169899702 0.499412089586 2.00481319427 -0.492846280336 0.49959513545 2.00600981712 -0.451742738485 0.499647855759 2.007188797 -0.406133413315 0.499657481909 2.00514793396 -0.489225327969 0.499773055315 2.00721549988 -0.410167843103 0.499904632568 2.00642299652 -0.447558283806 0.500117480755 2.00765061378 -0.406452327967 0.500141918659 2.00553417206 -0.493254423141 0.500157237053 2.00565195084 -0.489046514034 0.500237524509 2.00665378571 -0.451686412096 0.500262618065 2.00677704811 -0.447681099176 0.500410437584 2.00786757469 -0.409558713436 0.50041615963 2.00793862343 -0.40685325861 0.500629901886 2.0071387291 -0.447946101427 0.500672996044 2.00616526604 -0.489121198654 0.50068873167 2.00819468498 -0.407538324594 0.5007417202 2.00822329521 -0.408573687077 0.500782608986 2.00617671013 -0.493149608374 0.500794053078 2.00722193718 -0.451224893332 0.501075744629 2.00756835938 -0.448617428541 0.501082003117 2.0075211525 -0.450708568096 0.501141369343 2.00662612915 -0.489439129829 0.501224577427 2.0066280365 -0.49281129241 0.501233100891 2.00768876076 -0.450143575668 0.501262843609 2.00773358345 -0.449501663446 0.501550555229 2.00696110725 -0.492318660021 0.501588344574 2.0070567131 -0.490112245083 0.50174498558 2.00717735291 -0.4916267097 0.501775026321 2.00722146034 -0.490994691849 0.504425168037 1.99452829361 -0.39040145278 0.505880594254 1.99307203293 -0.508446395397 0.506301283836 1.99597501755 -0.407940596342 0.506324112415 1.9960089922 -0.407480508089 0.506335377693 1.99599802494 -0.408400714397 0.50640308857 1.99609899521 -0.407034397125 0.506425499916 1.99607694149 -0.408846795559 0.506536006927 1.99624300003 -0.406615793705 0.506568670273 1.99620997906 -0.409265398979 0.506695687771 1.99636411667 -0.40815705061 0.506718575954 1.9964350462 -0.406237512827 0.506723463535 1.99641001225 -0.407429039478 0.506760716438 1.99639296532 -0.40964370966 0.506813406944 1.99546301365 -0.449434310198 0.506836175919 1.9954969883 -0.448974192142 0.506846427917 1.99649751186 -0.408861666918 0.50684762001 1.99548602104 -0.449894398451 0.506915271282 1.99558699131 -0.448528110981 0.506937623024 1.9955650568 -0.450340509415 0.506945610046 1.99667000771 -0.405910909176 0.506989181042 1.99669575691 -0.406614035368 0.506995677948 1.99662005901 -0.409970313311 0.507048070431 1.99573004246 -0.448109507561 0.507080793381 1.99569797516 -0.450759112835 0.50715649128 1.99679338932 -0.409453094006 0.50719922781 1.99585258961 -0.449283778667 0.507209897041 1.99694001675 -0.405645996332 0.507230818272 1.99592196941 -0.44773119688 0.507266521454 1.99688398838 -0.410235196352 0.507272779942 1.99588000774 -0.451137393713 0.507291913033 1.99592351913 -0.450173854828 0.507325589657 1.99495100975 -0.490927994251 0.507348418236 1.9949849844 -0.490467905998 0.507359683514 1.99497401714 -0.491388112307 0.507359802723 1.99603450298 -0.448416024446 0.50742739439 1.99507498741 -0.490021795034 0.507449686527 1.9950530529 -0.491834193468 0.50745767355 1.99615705013 -0.447404593229 0.507501363754 1.9972217083 -0.406045019627 0.507503509521 1.99723899364 -0.405450791121 0.507507920265 1.99610698223 -0.451463997364 0.507560193539 1.99521803856 -0.489603102207 0.507565021515 1.99717700481 -0.410430401564 0.507589876652 1.99721622467 -0.409863501787 0.507592976093 1.99518597126 -0.492252796888 0.507712900639 1.99640202522 -0.447825789452 0.507713675499 1.99534702301 -0.490605205297 0.507722020149 1.99642801285 -0.447139710188 0.507743000984 1.99540996552 -0.489224910736 0.507743775845 1.99635350704 -0.451059550047 0.507768988609 1.99538040161 -0.491483360529 0.507778704166 1.99637198448 -0.451728910208 0.507785022259 1.99536800385 -0.492631107569 0.50781750679 1.99755597115 -0.40533131361 0.507881879807 1.99749100208 -0.410549998283 0.507969796658 1.99564504623 -0.488898307085 0.507993102074 1.99558901787 -0.492136269808 0.507996320724 1.9977222681 -0.405844807625 0.508014261723 1.99567246437 -0.489600360394 0.508015573025 1.99672698975 -0.446944504976 0.508019983768 1.99559497833 -0.49295771122 0.508077085018 1.99666500092 -0.451924085617 0.50809431076 1.99771654606 -0.410042077303 0.50811958313 1.99681758881 -0.44745850563 0.508142411709 1.99788200855 -0.405290991068 0.508207798004 1.99781596661 -0.410590201616 0.508234083652 1.99591600895 -0.488633394241 0.508264780045 1.995849967 -0.492536395788 0.508290827274 1.99585902691 -0.493222594261 0.508329689503 1.99704396725 -0.446824997663 0.508394122124 1.99697899818 -0.45204359293 0.508453071117 1.9970510006 -0.45152297616 0.508468270302 1.99820697308 -0.40533131361 0.508512794971 1.9982367754 -0.405897140503 0.508527815342 1.99621498585 -0.48843818903 0.508532702923 1.99814200401 -0.410549998283 0.508589327335 1.99615299702 -0.493417799473 0.508608698845 1.99823272228 -0.409966766834 0.508631825447 1.99630594254 -0.488952100277 0.508654475212 1.99737000465 -0.446784704924 0.508719980717 1.99730396271 -0.45208388567 0.508740603924 1.99631607533 -0.492935448885 0.508767902851 1.99746930599 -0.447332799435 0.508785307407 1.99852097034 -0.405450791121 0.508841812611 1.99653196335 -0.48831859231 0.508846819401 1.99845898151 -0.410430401564 0.508906304836 1.99646699429 -0.493537306786 0.50898039341 1.9976940155 -0.446824997663 0.508988320827 1.99870502949 -0.406195372343 0.509044826031 1.99763000011 -0.45204359293 0.509070336819 1.99870228767 -0.409646809101 0.509083688259 1.99881398678 -0.405645996332 0.509097874165 1.99769687653 -0.451470166445 0.509140372276 1.99875795841 -0.410235196352 0.509166717529 1.99685704708 -0.488278388977 0.509232103825 1.99679195881 -0.493577599525 0.509280145168 1.9969574213 -0.48882651329 0.509297370911 1.99800896645 -0.446944504976 0.50935447216 1.99907803535 -0.405910909176 0.509358882904 1.99794697762 -0.451924085617 0.509369373322 1.99907374382 -0.406707644463 0.509378015995 1.99695169926 -0.493025064468 0.509385049343 1.99808049202 -0.447575330734 0.509404718876 1.99902796745 -0.409970313311 0.509492576122 1.9971820116 -0.48831859231 0.509501874447 1.99915039539 -0.408960789442 0.509557008743 1.99711799622 -0.493537306786 0.509562551975 1.99816918373 -0.451161801815 0.509589493275 1.99930596352 -0.406237512827 0.509595870972 1.99830198288 -0.447139710188 0.509601354599 1.99928939342 -0.407365113497 0.509631574154 1.99926304817 -0.40964370966 0.509652495384 1.99824500084 -0.451728910208 0.50966322422 1.99933338165 -0.408092826605 0.509781479836 1.9994879961 -0.406615793705 0.509809494019 1.99749600887 -0.48843818903 0.509814321995 1.99945497513 -0.409265398979 0.509866714478 1.99856603146 -0.447404593229 0.509871006012 1.99743497372 -0.493417799473 0.509873867035 1.99745249748 -0.492824524641 0.509881496429 1.99856173992 -0.448201417923 0.509897053242 1.99756848812 -0.489069014788 0.509916782379 1.99851596355 -0.451463997364 0.509924829006 1.99962103367 -0.407034397125 0.509947121143 1.99959897995 -0.408846795559 0.509998559952 1.99862194061 -0.450496435165 0.510014772415 1.99969995022 -0.407480508089 0.510026216507 1.99968898296 -0.408400714397 0.510048925877 1.99972295761 -0.407940596342 0.510101675987 1.99879300594 -0.44773119688 0.51010799408 1.99778997898 -0.488633394241 0.510113537312 1.99877738953 -0.448858827353 0.510143697262 1.99875104427 -0.451137393713 0.510164618492 1.99773299694 -0.493222594261 0.510175645351 1.99882149696 -0.449596375227 0.510287761688 1.99787700176 -0.492393732071 0.510293722153 1.9989759922 -0.448109507561 0.510326385498 1.99894297123 -0.450759112835 0.510378777981 1.99805402756 -0.488898307085 0.510428905487 1.99800395966 -0.49295771122 0.510436892509 1.99910902977 -0.448528110981 0.510459303856 1.99908697605 -0.450340509415 0.510466396809 1.99811935425 -0.48982411623 0.510526895523 1.99918794632 -0.448974192142 0.51053828001 1.99917697906 -0.449894398451 0.510561108589 1.99921095371 -0.449434310198 0.510613799095 1.99828100204 -0.489224910736 0.510627090931 1.99823558331 -0.491613984108 0.510655879974 1.99823904037 -0.492631107569 0.510678768158 1.99830985069 -0.490710645914 0.510805785656 1.9984639883 -0.489603102207 0.510838508606 1.99843096733 -0.492252796888 0.510949015617 1.99859702587 -0.490021795034 0.510971426964 1.99857401848 -0.491834193468 0.511039078236 1.99867594242 -0.490467905998 0.511050522327 1.99866402149 -0.491388112307 0.511073172092 1.99869894981 -0.490927994251 0.511495888233 2.00159883499 -0.390421003103 0.512166261673 2.0009868145 -0.442525237799 0.512284934521 2.00082206726 -0.45397952199 0.51289832592 2.10272717476 -0.401051282883 0.512954056263 2.00014090538 -0.50846773386 0.513033866882 2.10259199142 -0.423785567284 0.513678193092 2.10194802284 -0.479168206453 0.514115393162 2.10151028633 -0.498700708151 0.514662623405 2.00328731537 -0.450445175171 0.515016436577 2.00376486778 -0.445432960987 0.516225874424 2.09940004349 -0.399093091488 0.516801774502 2.09882378578 -0.486501902342 0.516865134239 2.09876060486 -0.423693776131 0.517072439194 2.0985519886 -0.413616031408 0.517884373665 2.09773993492 -0.410819411278 0.51788765192 2.09915208817 -0.484946429729 0.519102096558 2.09652328491 -0.409488588572 0.520405113697 2.09663009644 -0.495231240988 0.520746707916 2.09487843513 -0.408929526806 0.520911633968 2.11097741127 -0.401738762856 0.521186828613 2.11070203781 -0.423690795898 0.521809875965 2.11007905006 -0.479168206453 0.522229194641 2.09339690208 -0.482919931412 0.522408246994 2.10948109627 -0.49895465374 0.523143470287 2.10874581337 -0.414123445749 0.523853063583 2.10804080963 -0.410116225481 0.523945689201 2.10794138908 -0.418091326952 0.524357557297 2.10753107071 -0.399092942476 0.524847328663 2.10704135895 -0.423856467009 0.524881362915 2.10701465607 -0.490617543459 0.524910986423 2.10698699951 -0.487064361572 0.525265574455 2.10662388802 -0.420121401548 0.525439321995 2.09018659592 -0.491574048996 0.525480389595 2.10640501976 -0.415730655193 0.525490105152 2.10639929771 -0.407569617033 0.525957763195 2.1059319973 -0.493249982595 0.526388168335 2.10550141335 -0.484196215868 0.526477456093 2.08844161034 -0.398831307888 0.526540637016 2.09049940109 -0.48723962903 0.526882052422 2.08874344826 -0.409947127104 0.527239143848 2.10465025902 -0.406363725662 0.52757692337 2.0880484581 -0.461748123169 0.527711391449 2.08720707893 -0.498816102743 0.52780520916 2.10408353806 -0.494806945324 0.528017580509 2.10387158394 -0.483134508133 0.528101980686 2.08752393723 -0.501815676689 0.528882145882 2.10300707817 -0.408998370171 0.529668331146 2.1022233963 -0.406105101109 0.529940783978 2.10194826126 -0.483003228903 0.530087590218 2.10180163383 -0.494931280613 0.531741440296 2.08046126366 -0.45118111372 0.531818509102 2.10007166862 -0.484063208103 0.531919896603 2.09997034073 -0.407411247492 0.532237410545 2.09965133667 -0.493487000465 0.53252351284 2.08136796951 -0.446147859097 0.533126711845 2.09876227379 -0.409014493227 0.533368647099 2.0985212326 -0.486855596304 0.533448815346 2.08429789543 -0.3906930089 0.533485174179 2.0984044075 -0.490404337645 0.533534228802 2.08421158791 -0.397691935301 0.533863842487 2.08388280869 -0.398683995008 0.534398436546 2.08334612846 -0.441958338022 0.53452372551 2.0831694603 -0.454193472862 0.534830510616 2.08291649818 -0.502675950527 0.534917414188 2.08282995224 -0.509674787521 0.535130679607 2.09675836563 -0.412834733725 0.535135924816 2.08261084557 -0.501668214798 0.535189092159 2.08658790588 -0.39420029521 0.535207629204 2.08661603928 -0.39382699132 0.535216808319 2.08660697937 -0.394573509693 0.535271704197 2.08668899536 -0.393465012312 0.535289883614 2.08667111397 -0.394935488701 0.535379528999 2.08680510521 -0.393125414848 0.535406112671 2.08677911758 -0.395275086164 0.535527706146 2.08696103096 -0.392818510532 0.535548508167 2.08694124222 -0.394455194473 0.535561919212 2.0869269371 -0.39558210969 0.535577595234 2.08698773384 -0.393747895956 0.535711884499 2.08715200424 -0.392553508282 0.535722017288 2.09616708755 -0.461781531572 0.535752475262 2.08711099625 -0.395846992731 0.535804033279 2.08717751503 -0.395243406296 0.535808324814 2.08723425865 -0.39310413599 0.535926282406 2.08737206459 -0.392338603735 0.535972177982 2.0873260498 -0.396061897278 0.536164522171 2.08761405945 -0.392180204391 0.536214411259 2.08756399155 -0.396220296621 0.536216378212 2.08757925034 -0.395689308643 0.536311507225 2.08774995804 -0.392622888088 0.536419272423 2.08787107468 -0.392083197832 0.536471605301 2.08781909943 -0.396317303181 0.536571323872 2.0852060318 -0.506183207035 0.536589682102 2.08523392677 -0.505809903145 0.536598980427 2.08522510529 -0.506556510925 0.53660929203 2.08796787262 -0.395846903324 0.536653876305 2.08530688286 -0.505447983742 0.536672115326 2.08528900146 -0.506918370724 0.536682903767 2.08813500404 -0.392050594091 0.536735892296 2.08808207512 -0.396349906921 0.536761701107 2.08542299271 -0.50510841608 0.536788225174 2.08539700508 -0.507258117199 0.536808907986 2.08824849129 -0.392553567886 0.536909878254 2.08557891846 -0.504801392555 0.536934673786 2.08556246758 -0.506473958492 0.536943972111 2.08554506302 -0.507565021515 0.536947309971 2.08839893341 -0.392083197832 0.536978244781 2.08562731743 -0.505609631538 0.53699952364 2.08834600449 -0.396317303181 0.537093997002 2.08576989174 -0.504536390305 0.537106871605 2.08846735954 -0.395777821541 0.537134587765 2.08572888374 -0.507830023766 0.537143647671 2.08575534821 -0.507132411003 0.537201225758 2.08863711357 -0.392710387707 0.537204504013 2.08865404129 -0.392180204391 0.537254273891 2.08860397339 -0.396220296621 0.537308514118 2.08598995209 -0.50432151556 0.537331581116 2.08599853516 -0.504890084267 0.537354409695 2.08594298363 -0.50804489851 0.53743571043 2.0860376358 -0.507538855076 0.537446498871 2.08889198303 -0.392338603735 0.537492513657 2.08884596825 -0.396061897278 0.537538409233 2.0889081955 -0.395389586687 0.537546575069 2.08623099327 -0.504163086414 0.537596523762 2.08618211746 -0.508203208447 0.537614941597 2.08903956413 -0.393157243729 0.537666320801 2.08910608292 -0.392553508282 0.537706911564 2.08906507492 -0.395846992731 0.537771582603 2.08915305138 -0.394923001528 0.537784039974 2.08645868301 -0.504578530788 0.537801504135 2.08648896217 -0.504066228867 0.537802994251 2.08639836311 -0.507780134678 0.537839829922 2.08924889565 -0.393796503544 0.537853598595 2.08643698692 -0.508300185204 0.53785687685 2.08928990364 -0.392818510532 0.537875950336 2.08927059174 -0.394370883703 0.537891089916 2.0892560482 -0.39558210969 0.538012802601 2.08943796158 -0.393125414848 0.538039207458 2.08941197395 -0.395275086164 0.53806501627 2.08675289154 -0.504033505917 0.538118004799 2.08669996262 -0.508332908154 0.538128912449 2.08954596519 -0.393465012312 0.538146972656 2.0895280838 -0.394935488701 0.538191795349 2.08686733246 -0.504536628723 0.538196206093 2.08679008484 -0.5078343153 0.538201987743 2.08961105347 -0.39382699132 0.538211226463 2.08960103989 -0.394573509693 0.538229584694 2.08962893486 -0.39420029521 0.538329422474 2.08701705933 -0.504066228867 0.538381695747 2.08696389198 -0.508300185204 0.538586497307 2.08727097511 -0.504163086414 0.538587927818 2.08718514442 -0.507694482803 0.538636505604 2.0872220993 -0.508203208447 0.538685321808 2.08735537529 -0.504759371281 0.538828670979 2.08751010895 -0.50432151556 0.538874685764 2.08746409416 -0.50804489851 0.538920223713 2.08752560616 -0.507372915745 0.539048492908 2.08772397041 -0.504536390305 0.539089083672 2.08768296242 -0.507830023766 0.539115190506 2.0877699852 -0.505384027958 0.539196610451 2.08781671524 -0.50678807497 0.539239108562 2.08790802956 -0.504801392555 0.539257824421 2.08789539337 -0.506064414978 0.539273202419 2.0878739357 -0.507565021515 0.539394795895 2.08805608749 -0.50510841608 0.539421379566 2.08803009987 -0.507258117199 0.539511084557 2.08816409111 -0.505447983742 0.539529204369 2.0881459713 -0.506918370724 0.539584100246 2.08822798729 -0.505809903145 0.539593279362 2.08821892738 -0.506556510925 0.539611816406 2.08824706078 -0.506183207035 0.540300428867 2.091588974 -0.398699611425 0.540519893169 2.09136891365 -0.3906930089 0.540605843067 2.0912835598 -0.397691935301 0.54190081358 2.08998799324 -0.502666354179 0.541988372803 2.08990097046 -0.509674787521 0.542546510696 2.07994270325 -0.394196808338 0.542580008507 2.07999205589 -0.393535852432 0.542619287968 2.08000588417 -0.39459168911 0.542771875858 2.08014845848 -0.394996702671 0.542843043804 2.08027124405 -0.392889529467 0.542974293232 2.08034396172 -0.395291298628 0.543249607086 2.08061265945 -0.395538508892 0.543264389038 2.08070206642 -0.39247444272 0.543755054474 2.08111357689 -0.39569273591 0.543772935867 2.08121371269 -0.392376333475 0.543920218945 2.0785574913 -0.506012618542 0.543983578682 2.07860684395 -0.506527006626 0.543984591961 2.07863235474 -0.505432426929 0.544168174267 2.08160543442 -0.392516225576 0.544181287289 2.07879257202 -0.507033467293 0.54423815012 2.08160114288 -0.39551705122 0.544301748276 2.078966856 -0.504747092724 0.544409573078 2.08040904999 -0.394010186195 0.544474184513 2.08184409142 -0.395291298628 0.544488012791 2.07908916473 -0.507416605949 0.54458129406 2.08200788498 -0.392929077148 0.544752061367 2.08213210106 -0.394828259945 0.54476493597 2.07944011688 -0.504411518574 0.544829666615 2.08224105835 -0.393574923277 0.544878125191 2.08227515221 -0.394147247076 0.544956028461 2.07955121994 -0.5076597929 0.545155525208 2.07983231544 -0.50435936451 0.545430660248 2.08002710342 -0.507602870464 0.545551240444 2.08022379875 -0.504499614239 0.545791685581 2.07902598381 -0.505993127823 0.545793473721 2.08039569855 -0.507352173328 0.545891284943 2.08055639267 -0.504821658134 0.546072304249 2.08068537712 -0.506938099861 0.546135783195 2.08078980446 -0.505288481712 0.54623144865 2.08085751534 -0.506414592266 0.546253740788 2.08089351654 -0.505841434002 0.557179272175 2.06466627121 -0.408312708139 0.557196974754 2.06469607353 -0.407795906067 0.557361900806 2.06482839584 -0.409181624651 0.557368218899 2.06488704681 -0.407059878111 0.557690739632 2.06416273117 -0.449439108372 0.55772870779 2.06418371201 -0.450123727322 0.557771801949 2.06425499916 -0.448936104774 0.557771801949 2.06704592705 -0.408182501793 0.557812035084 2.06526088715 -0.409868478775 0.557919323444 2.06545710564 -0.406301856041 0.557952821255 2.06445002556 -0.448419898748 0.557964324951 2.06439876556 -0.45086735487 0.558201670647 2.06470704079 -0.448045700788 0.558211863041 2.0636651516 -0.4907348454 0.558241009712 2.06367182732 -0.491618275642 0.558281302452 2.06572270393 -0.410187244415 0.558283925056 2.06653404236 -0.449676185846 0.558411359787 2.06382632256 -0.492199987173 0.558450698853 2.06487345695 -0.45148473978 0.55854254961 2.06505727768 -0.447731435299 0.558543205261 2.06402087212 -0.489749878645 0.558669447899 2.06621360779 -0.406041145325 0.558715224266 2.06412005424 -0.492722153664 0.558796107769 2.06602191925 -0.491169899702 0.558796823025 2.0662355423 -0.410261929035 0.558892607689 2.06540989876 -0.447586387396 0.558991968632 2.06540703773 -0.451742738485 0.559144258499 2.06453967094 -0.493097394705 0.559180319309 2.06467270851 -0.489140689373 0.559290826321 2.0668284893 -0.406265109777 0.559295833111 2.06673979759 -0.410083562136 0.559301614761 2.06581997871 -0.447558283806 0.559459745884 2.06587338448 -0.451728492975 0.559619069099 2.06500554085 -0.493257284164 0.559659481049 2.0661740303 -0.447681099176 0.559732854366 2.06725931168 -0.406716436148 0.559807538986 2.0672647953 -0.409558534622 0.559813678265 2.06530809402 -0.489051997662 0.559899330139 2.06631946564 -0.451516717672 0.560026884079 2.06653571129 -0.447946071625 0.560068070889 2.06754088402 -0.408878713846 0.560085654259 2.06759166718 -0.407537788153 0.560148477554 2.06763410568 -0.408375144005 0.560279130936 2.06567645073 -0.493107736111 0.560392975807 2.06682825089 -0.450926959515 0.560441672802 2.06592965126 -0.489334583282 0.56047308445 2.06696557999 -0.448618561029 0.560630083084 2.06708574295 -0.45014372468 0.560659706593 2.06713056564 -0.449500352144 0.560773909092 2.06618022919 -0.492622315884 0.560985565186 2.0664536953 -0.490112751722 0.561103105545 2.06652736664 -0.49188554287 0.561172068119 2.06661868095 -0.490995854139 0.561720132828 2.050344944 -0.450437039137 0.562196791172 2.05094599724 -0.445402801037 0.563822805882 2.05392479897 -0.390400618315 0.564445376396 2.05328416824 -0.441759675741 0.564582288265 2.05313467979 -0.453367888927 0.565278887749 2.0524687767 -0.508447468281 0.565698206425 2.05537199974 -0.407940596342 0.565720975399 2.0554060936 -0.407480508089 0.565732419491 2.05539488792 -0.408400714397 0.565800011158 2.0554959774 -0.407034397125 0.565822422504 2.05547404289 -0.408846795559 0.565932929516 2.05563902855 -0.406615793705 0.565965592861 2.05560708046 -0.409265398979 0.566092729568 2.05576109886 -0.408157706261 0.566115617752 2.05583190918 -0.406237512827 0.56612020731 2.05580711365 -0.407429426908 0.566157698631 2.05578994751 -0.40964370966 0.566210389137 2.05486011505 -0.449434310198 0.566233217716 2.05489397049 -0.448974192142 0.566243171692 2.05589437485 -0.408861160278 0.566244602203 2.05488300323 -0.449894398451 0.566312193871 2.05498409271 -0.448528110981 0.566334605217 2.05496191978 -0.450340509415 0.56634247303 2.05606603622 -0.405910909176 0.566386282444 2.05609273911 -0.406613856554 0.566392600536 2.05601596832 -0.409970313311 0.566445112228 2.05512690544 -0.448109507561 0.566477775574 2.05509495735 -0.450759112835 0.566598594189 2.05525612831 -0.449111074209 0.566606879234 2.05633711815 -0.405645996332 0.566627681255 2.05531907082 -0.44773119688 0.566654860973 2.05628752708 -0.409594744444 0.566663503647 2.05628108978 -0.410235196352 0.566669821739 2.05527710915 -0.451137393713 0.56668895483 2.05532073975 -0.450174033642 0.566722512245 2.05434799194 -0.490927994251 0.566725611687 2.05435609818 -0.490721404552 0.566743135452 2.05435824394 -0.491287350655 0.566755533218 2.05439567566 -0.490367501974 0.566821634769 2.05442452431 -0.491738677025 0.566845178604 2.05449843407 -0.489927083254 0.566854715347 2.05555391312 -0.447404593229 0.566898286343 2.05661869049 -0.406045049429 0.566899061203 2.05558133125 -0.448106765747 0.566900491714 2.05663609505 -0.405450791121 0.566904783249 2.05550408363 -0.451463997364 0.566949784756 2.05454802513 -0.492162644863 0.566961884499 2.05657410622 -0.410430401564 0.566994488239 2.05464959145 -0.489513039589 0.567090392113 2.05467796326 -0.492467701435 0.567108392715 2.0547375679 -0.490776926279 0.567119002342 2.05582499504 -0.447139710188 0.567140638828 2.05575037003 -0.451059430838 0.567165970802 2.0547773838 -0.491483569145 0.567175626755 2.05576896667 -0.451728910208 0.567181885242 2.05476498604 -0.492631107569 0.567185044289 2.05485630035 -0.489143967628 0.567214488983 2.05695295334 -0.40533131361 0.567268908024 2.05491900444 -0.489909678698 0.567278921604 2.05688810349 -0.410549998283 0.567363858223 2.05493688583 -0.492894679308 0.567370593548 2.0569922924 -0.410035967827 0.567393302917 2.05711913109 -0.405844807625 0.567399501801 2.05499505997 -0.492157310247 0.567412614822 2.05612397194 -0.446944504976 0.567423224449 2.05509901047 -0.488829791546 0.567474126816 2.05606198311 -0.451924085617 0.5675162673 2.05621480942 -0.447458595037 0.567539393902 2.05727910995 -0.405290991068 0.567604780197 2.05721306801 -0.410590201616 0.567622005939 2.05528688431 -0.489319503307 0.567622959614 2.05519723892 -0.493173480034 0.567691862583 2.05537986755 -0.488580435514 0.567726612091 2.05644106865 -0.446824997663 0.567766547203 2.05534911156 -0.492657214403 0.567790985107 2.05637598038 -0.45204359293 0.567850112915 2.05644798279 -0.451523005962 0.56786519289 2.05760407448 -0.40533131361 0.567909121513 2.05763339996 -0.405896931887 0.567922055721 2.05548000336 -0.493384182453 0.567929685116 2.05753898621 -0.410549998283 0.567996144295 2.05567979813 -0.488401293755 0.568004488945 2.05762839317 -0.409967243671 0.568029046059 2.05570292473 -0.48895201087 0.56805151701 2.05676698685 -0.446784704924 0.568116903305 2.0567009449 -0.45208388567 0.568164885044 2.05686640739 -0.447332799435 0.5681822896 2.05791711807 -0.405450791121 0.568230509758 2.05579304695 -0.493520349264 0.568243682384 2.05785608292 -0.410430401564 0.568311989307 2.05599784851 -0.488299787045 0.568362593651 2.0559360981 -0.493015825748 0.568377375603 2.05709195137 -0.446824997663 0.568385124207 2.05810213089 -0.406195312738 0.568441808224 2.05702710152 -0.45204359293 0.568466901779 2.05809903145 -0.409647256136 0.568480670452 2.05821108818 -0.405645996332 0.568537414074 2.05815505981 -0.410235196352 0.568555057049 2.05611729622 -0.493578583002 0.568622469902 2.05722260475 -0.45142686367 0.568634927273 2.05632972717 -0.488277494907 0.568677067757 2.05635452271 -0.48882651329 0.568694412708 2.05740594864 -0.446944504976 0.568751513958 2.05847597122 -0.405910909176 0.568755924702 2.05734395981 -0.451924085617 0.568766534328 2.05847096443 -0.406708180904 0.568782150745 2.05747771263 -0.447575420141 0.56880158186 2.05842590332 -0.409970313311 0.568883180618 2.05644226074 -0.493556112051 0.568898916245 2.05854725838 -0.408960849047 0.568963527679 2.05665135384 -0.488335818052 0.568986475468 2.05870199203 -0.406237512827 0.568992912769 2.05769896507 -0.447139710188 0.568998277187 2.05868625641 -0.407364934683 0.56902384758 2.05659890175 -0.492958903313 0.569028615952 2.05866003036 -0.40964370966 0.569049477577 2.05764293671 -0.451728910208 0.569060087204 2.05873036385 -0.40809199214 0.56915718317 2.05776977539 -0.450923889875 0.569178521633 2.0588850975 -0.406615793705 0.569200634956 2.05676245689 -0.493454039097 0.569211184978 2.058852911 -0.409265398979 0.569263577461 2.05796289444 -0.447404593229 0.569277644157 2.05696368217 -0.488473683596 0.569294035435 2.0569653511 -0.489068925381 0.569313824177 2.05791306496 -0.451463997364 0.569321811199 2.05901789665 -0.407034397125 0.569344103336 2.05899596214 -0.408846795559 0.569351315498 2.05802822113 -0.448330670595 0.569411695004 2.05909705162 -0.407480508089 0.5694231987 2.05908608437 -0.408400714397 0.56944590807 2.0591199398 -0.407940596342 0.569489717484 2.05707287788 -0.492636114359 0.569496154785 2.05706763268 -0.493275970221 0.569498717785 2.05819010735 -0.44773119688 0.569511175156 2.05814361572 -0.45013231039 0.56954061985 2.05814790726 -0.451137393713 0.569563567638 2.05821895599 -0.449216663837 0.569567680359 2.05725002289 -0.488683700562 0.569690704346 2.0583729744 -0.448109507561 0.569723427296 2.05834007263 -0.450759112835 0.569771468639 2.05734229088 -0.493026018143 0.569790780544 2.05744695663 -0.4896954 0.569833874702 2.05850601196 -0.448528110981 0.569835066795 2.05750799179 -0.488965988159 0.569856226444 2.05848407745 -0.450340509415 0.569922149181 2.05752253532 -0.491950541735 0.569923996925 2.05858492851 -0.448974192142 0.569935202599 2.05857300758 -0.449894398451 0.569958090782 2.05860805511 -0.449434310198 0.57000541687 2.0575902462 -0.492711037397 0.570021748543 2.05766105652 -0.490348607302 0.570061326027 2.05772638321 -0.489306867123 0.570084452629 2.05770659447 -0.491078555584 0.570199728012 2.05779004097 -0.492344856262 0.570239841938 2.05789780617 -0.489691615105 0.570345103741 2.05794286728 -0.491936683655 0.570370614529 2.05802059174 -0.490118861198 0.570433914661 2.05804920197 -0.491494864225 0.570455789566 2.05808019638 -0.490569829941 0.570471644402 2.05809473991 -0.49103564024 0.570891678333 2.06099796295 -0.390422701836 0.572351038456 2.05953788757 -0.50846773386 11.2624998093 1.24594795704 -1.34019994736 11.2624998093 2.04273891449 -1.34019994736 11.2625303268 1.24608397484 -1.33972394466 11.2625303268 2.0426030159 -1.33972394466 11.2625398636 1.24577498436 -1.34066200256 11.2625398636 2.04291200638 -1.34066200256 11.2626495361 1.24556899071 -1.34109902382 11.2626495361 2.0431189537 -1.34109902382 11.2628297806 1.24533605576 -1.34149801731 11.2628297806 2.04335093498 -1.34149801731 11.2630701065 1.24508297443 -1.34184896946 11.2630701065 2.04360389709 -1.34184896946 11.2633695602 1.24481594563 -1.34214198589 11.2633695602 2.0438709259 -1.34214198589 11.263710022 1.24454295635 -1.34236896038 11.263710022 2.04414391518 -1.34236896038 11.2641000748 1.24427103996 -1.34252405167 11.2641000748 2.04441595078 -1.34252405167 11.2645101547 1.24400794506 -1.34260296822 11.2645101547 2.04468011856 -1.34260296822 11.2646999359 1.24983298779 -1.32432103157 11.2646999359 2.03885388374 -1.32432103157 11.2648000717 1.24992895126 -1.32384598255 11.2648000717 2.03875899315 -1.32384598255 11.2649402618 1.24375998974 -1.34260296822 11.2649402618 2.04492688179 -1.34260296822 11.2649698257 1.24997997284 -1.32338297367 11.2649698257 2.0387070179 -1.32338297367 11.2651996613 1.24998700619 -1.32294595242 11.2651996613 2.03870010376 -1.32294595242 11.2653503418 1.25087797642 -1.34179997444 11.2653503418 2.03780889511 -1.34179997444 11.265370369 1.24353504181 -1.34252405167 11.265370369 2.0451529026 -1.34252405167 11.2653799057 1.2510099411 -1.34132301807 11.2653799057 2.03767800331 -1.34132301807 11.2653903961 1.25071001053 -1.34226405621 11.2653903961 2.03797698021 -1.34226405621 11.2654895782 1.24994897842 -1.32254695892 11.2654895782 2.03873896599 -1.32254695892 11.2655000687 1.25050902367 -1.34270203114 11.2655000687 2.03817892075 -1.34270203114 11.2656803131 1.25028002262 -1.34310305119 11.2656803131 2.03840708733 -1.34310305119 11.2658004761 1.24333798885 -1.34236896038 11.2658004761 2.04534888268 -1.34236896038 11.26583004 1.24986600876 -1.32219600677 11.26583004 2.03882098198 -1.32219600677 11.2658500671 1.24903595448 -1.3247179985 11.2658500671 1.24907898903 -1.32459700108 11.2658500671 1.24912595749 -1.32444500923 11.2658700943 1.24915802479 -1.32432103157 11.265879631 1.2489759922 -1.32486402988 11.2658901215 1.24919199944 -1.32416796684 11.2659301758 1.24921298027 -1.32404494286 11.2659301758 1.25003099442 -1.34345495701 11.2659301758 2.03865695 -1.34345495701 11.2659330368 1.24886035919 -1.32510638237 11.2659902573 1.2487950325 -1.32521998882 11.2660207748 1.24924206734 -1.32379198074 11.2660598755 1.24871695042 -1.32534205914 11.2660999298 1.24924397469 -1.32363605499 11.266119957 1.24865102768 -1.3254339695 11.266169548 1.24924099445 -1.32352697849 11.2662096024 1.24317502975 -1.34214198589 11.2662096024 1.24856805801 -1.32553803921 11.2662096024 1.2497420311 -1.32190299034 11.2662096024 2.03894495964 -1.32190299034 11.2662096024 2.04551196098 -1.34214198589 11.2662296295 1.24976694584 -1.34374904633 11.2662296295 2.03891992569 -1.34374904633 11.2662801743 1.24849796295 -1.32561397552 11.266295433 1.24922335148 -1.32335102558 11.2663927078 1.24840795994 -1.32570195198 11.2664499283 1.24918699265 -1.32318794727 11.2665529251 1.24915993214 -1.32309913635 11.2665700912 1.24949598312 -1.34397602081 11.2665700912 2.03919100761 -1.34397602081 11.2665901184 1.24305105209 -1.34184896946 11.2665901184 2.04563593864 -1.34184896946 11.2666196823 1.24958002567 -1.32167601585 11.2666196823 2.03910803795 -1.32167601585 11.2666530609 1.2482136488 -1.32583665848 11.2667703629 1.24908101559 -1.32294499874 11.2668304443 1.24809598923 -1.32588505745 11.2669095993 1.24902701378 -1.32287502289 11.2669296265 1.2429690361 -1.34149801731 11.2669296265 1.24802803993 -1.32590198517 11.2669296265 2.04571795464 -1.34149801731 11.266960144 1.24922597408 -1.34413194656 11.266960144 2.03946089745 -1.34413194656 11.2670097351 1.24897897243 -1.32282805443 11.2670497894 1.24938297272 -1.32152104378 11.2670497894 2.03930401802 -1.32152104378 11.2670850754 1.24793756008 -1.32591283321 11.2671499252 1.24891400337 -1.32278299332 11.2672195435 1.24293100834 -1.34109902382 11.2672195435 2.04575705528 -1.34109902382 11.2672700882 1.24885702133 -1.32275700569 11.2673196793 1.24780905247 -1.32588505745 11.267370224 1.24896299839 -1.34421098232 11.267370224 2.03972411156 -1.34421098232 11.2674398422 1.2477530241 -1.32585895061 11.2674503326 1.25459599495 -1.32586705685 11.2674503326 2.03409099579 -1.32586705685 11.2674598694 1.2429369688 -1.34066200256 11.2674598694 2.04574990273 -1.34066200256 11.2674798965 1.24915802479 -1.32144296169 11.2674798965 2.03953003883 -1.32144296169 11.2674827576 1.24874305725 -1.32273125648 11.267539978 1.25468599796 -1.32538998127 11.267539978 2.03400111198 -1.32538998127 11.2675695419 1.24768805504 -1.32581400871 11.2676296234 1.24298894405 -1.34019994736 11.2676296234 2.04569792747 -1.34019994736 11.2676496506 1.24863898754 -1.32273995876 11.2676801682 1.24764001369 -1.32576704025 11.2677097321 1.25473296642 -1.32492601871 11.2677097321 2.03395390511 -1.32492601871 11.2677297592 1.24308395386 -1.33972394466 11.2677297592 2.04560303688 -1.33972394466 11.2678003311 1.24871599674 -1.34421098232 11.2678003311 2.03997206688 -1.34421098232 11.2678050995 1.24854266644 -1.3227660656 11.2678098679 1.24758601189 -1.32569694519 11.2679100037 1.24890995026 -1.32144296169 11.2679100037 2.03977704048 -1.32144296169 11.2679195404 1.24754798412 -1.32562994957 11.2679395676 1.25473499298 -1.3244869709 11.2679395676 2.03395199776 -1.3244869709 11.2679901123 1.24841403961 -1.32282805443 11.2680397034 1.24750697613 -1.32553803921 11.2681102753 1.24832701683 -1.3228880167 11.2681999207 1.24825596809 -1.32294499874 11.2682294846 1.24745678902 -1.32536768913 11.2682304382 1.24848902225 -1.34413194656 11.2682304382 1.25469303131 -1.32408702374 11.2682304382 2.03399395943 -1.32408702374 11.2682304382 2.04019808769 -1.34413194656 11.2683095932 1.24816799164 -1.32302796841 11.2683296204 1.24864602089 -1.32152104378 11.2683296204 2.04004096985 -1.32152104378 11.2683572769 1.24743235111 -1.32520771027 11.2683801651 1.24809896946 -1.32310402393 11.2685098648 1.24797391891 -1.3232626915 11.2685470581 1.24742102623 -1.32490384579 11.2685699463 1.2546069622 -1.32373404503 11.2685699463 2.03408098221 -1.32373404503 11.2686004639 1.24787199497 -1.32342195511 11.2686004639 1.25384402275 -1.32614302635 11.2686195374 1.25392103195 -1.32586705685 11.2686300278 1.25374495983 -1.32641196251 11.2686395645 1.2478120327 -1.32352697849 11.2686595917 1.2474540472 -1.32459700108 11.2686595917 1.24829101562 -1.34397602081 11.2686595917 2.04039597511 -1.34397602081 11.2686700821 1.2539730072 -1.32559001446 11.2686901093 1.24774301052 -1.32366299629 11.268699646 1.24747502804 -1.32447397709 11.268699646 1.25362598896 -1.32666397095 11.2687101364 1.24768996239 -1.32377803326 11.2687101364 1.24837505817 -1.32167601585 11.2687101364 2.04031300545 -1.32167601585 11.2687196732 1.24750804901 -1.32432103157 11.2687330246 1.24762368202 -1.32394099236 11.2687397003 1.24754095078 -1.32419705391 11.2687702179 1.25399804115 -1.32532095909 11.2688102722 1.25348997116 -1.32689094543 11.268910408 1.25399494171 -1.32507002354 11.2689504623 1.25447905064 -1.32344102859 11.2689504623 2.03420805931 -1.32344102859 11.26902771 1.25328218937 -1.32716023922 11.2690496445 1.24810099602 -1.32190299034 11.2690496445 2.04058599472 -1.32190299034 11.2690696716 1.24812602997 -1.34374904633 11.2690696716 2.04056096077 -1.34374904633 11.2690896988 1.25396597385 -1.32484197617 11.2691402435 1.25318801403 -1.32724702358 11.2692499161 1.25311005116 -1.32731103897 11.2693443298 1.25389266014 -1.32459914684 11.2693500519 1.24783504009 -1.32219600677 11.2693500519 1.2530310154 -1.32736504078 11.2693500519 2.04085302353 -1.32219600677 11.2693595886 1.25431501865 -1.32321298122 11.2693595886 2.03437304497 -1.32321298122 11.2694501877 1.24799895287 -1.34345495701 11.2694501877 2.04068803787 -1.34345495701 11.2695398331 1.25381803513 -1.32446753979 11.2695446014 1.2529040575 -1.32742750645 11.2695903778 1.2475810051 -1.32254695892 11.2695903778 2.04110598564 -1.32254695892 11.2697095871 1.25279998779 -1.32745397091 11.2697496414 1.25372600555 -1.3243689537 11.2697696686 1.24734902382 -1.32294595242 11.2697696686 2.04133892059 -1.32294595242 11.269780159 1.25411605835 -1.32305705547 11.269780159 2.03457093239 -1.32305705547 11.2697896957 1.24791300297 -1.34310305119 11.2697896957 2.04077506065 -1.34310305119 11.2698297501 1.25272595882 -1.32746100426 11.2698802948 1.24714303017 -1.32338297367 11.2698802948 2.04154396057 -1.32338297367 11.2698898315 1.2468329668 -1.32432103157 11.2698898315 2.04185390472 -1.32432103157 11.2699203491 1.2469689846 -1.32384598255 11.2699203491 2.04171800613 -1.32384598255 11.2699604034 1.25265598297 -1.32745397091 11.2700033188 1.25360798836 -1.32429659367 11.270070076 1.24786996841 -1.34270203114 11.270070076 2.04081702232 -1.34270203114 11.2700796127 1.25258898735 -1.32743597031 11.2701301575 1.25353598595 -1.32427895069 11.2702150345 1.25252199173 -1.32740676403 11.2702198029 1.25389003754 -1.32297897339 11.2702198029 2.0347969532 -1.32297897339 11.2702598572 1.25346601009 -1.32427299023 11.2702999115 1.24787199497 -1.34226405621 11.2702999115 2.04081511497 -1.34226405621 11.2704696655 1.24791896343 -1.34179997444 11.2704696655 2.0407679081 -1.34179997444 11.2704782486 1.25333118439 -1.32429134846 11.2705116272 1.25238537788 -1.32728075981 11.2705698013 1.24801003933 -1.34132301807 11.2705698013 2.04067802429 -1.34132301807 11.2706203461 1.25323998928 -1.32432699203 11.27064991 1.25364196301 -1.32297897339 11.27064991 2.03504490852 -1.32297897339 11.2707118988 1.25231063366 -1.3271613121 11.2707300186 1.25316095352 -1.3243689537 11.2708396912 1.25308299065 -1.32442200184 11.270939827 1.25300395489 -1.32448601723 11.2709999084 1.25222599506 -1.32689094543 11.2710599899 1.25337994099 -1.32305705547 11.2710599899 2.03530788422 -1.32305705547 11.2710809708 1.25289273262 -1.32459366322 11.2711696625 1.25219702721 -1.32666397095 11.2712802887 1.25270199776 -1.32484197617 11.2713098526 1.25219404697 -1.32641196251 11.2713899612 1.25256705284 -1.32507002354 11.2714099884 1.25221896172 -1.32614302635 11.2714395523 1.25310897827 -1.32321298122 11.2714395523 2.03557801247 -1.32321298122 11.2714595795 1.25244700909 -1.32532095909 11.2714700699 1.25227105618 -1.32586705685 11.271490097 1.25234794617 -1.32559001446 11.2717895508 1.25283896923 -1.32344102859 11.2717895508 2.03584909439 -1.32344102859 11.2720899582 1.25257503986 -1.32373404503 11.2720899582 2.03611207008 -1.32373404503 11.2723302841 1.25232505798 -1.32408702374 11.2723302841 2.03636193275 -1.32408702374 11.2725095749 1.25209701061 -1.3244869709 11.2725095749 2.03659009933 -1.3244869709 11.2726297379 1.25189602375 -1.32492601871 11.2726297379 2.03679203987 -1.32492601871 11.2726402283 1.25159597397 -1.32586705685 11.2726402283 2.03709101677 -1.32586705685 11.2726697922 1.25172698498 -1.32538998127 11.2726697922 2.03695988655 -1.32538998127 11.3993034363 2.12170433998 -1.34013736248 11.3993301392 1.16694796085 -1.34019994736 11.3993597031 1.16708397865 -1.33972394466 11.3993701935 1.16677498817 -1.34066200256 11.399479866 1.16656899452 -1.34109902382 11.3996601105 1.16633605957 -1.34149801731 11.3997058868 2.122433424 -1.34166812897 11.3999004364 1.16608297825 -1.34184896946 11.4001998901 1.16581594944 -1.34214198589 11.4004964828 2.1222846508 -1.33980846405 11.40051651 1.16633069515 -1.3400028944 11.4005413055 1.16643095016 -1.33964025974 11.4005498886 1.16554296017 -1.34236896038 11.4005641937 1.16618192196 -1.34036898613 11.4006376266 1.16607046127 -1.3405816555 11.4006738663 1.16648995876 -1.3392264843 11.4007482529 2.12276649475 -1.34083998203 11.4007539749 1.16593492031 -1.34079313278 11.4008598328 1.16649484634 -1.3388825655 11.4009189606 1.16577219963 -1.34099721909 11.400929451 2.12219405174 -1.33876264095 11.4009304047 1.16527104378 -1.34252405167 11.4010715485 2.12352657318 -1.34261000156 11.401260376 1.16639816761 -1.33846342564 11.401268959 1.16549539566 -1.34122502804 11.4013395309 1.16500794888 -1.34260296822 11.4015302658 1.1708329916 -1.32432103157 11.4016304016 1.17092895508 -1.32384598255 11.4016342163 2.11769294739 -1.32363951206 11.4016685486 1.16523694992 -1.34131515026 11.4016904831 2.12347722054 -1.34135949612 11.4017696381 1.16475999355 -1.34260296822 11.4017791748 1.16618680954 -1.33818948269 11.4018001556 1.17097997665 -1.32338297367 11.4019670486 2.1225836277 -1.33810770512 11.4020299911 1.17098701 -1.32294595242 11.4020309448 1.16503739357 -1.34128379822 11.402179718 1.17187798023 -1.34179997444 11.4022092819 1.16595745087 -1.33812832832 11.4022102356 1.16453504562 -1.34252405167 11.4022102356 1.17200994492 -1.34132301807 11.4022197723 1.17171001434 -1.34226405621 11.4023199081 1.17094898224 -1.32254695892 11.4023303986 1.17150902748 -1.34270203114 11.4024925232 1.16483044624 -1.34110307693 11.4025201797 1.17128002644 -1.34310305119 11.402551651 2.12432217598 -1.34242939949 11.4026298523 1.16433799267 -1.34236896038 11.4026451111 2.11593270302 -1.3422935009 11.4026699066 1.17086601257 -1.32219600677 11.402715683 2.12393736839 -1.34095287323 11.4027423859 1.16560935974 -1.33826053143 11.4027528763 2.11885380745 -1.32522618771 11.402759552 1.17103099823 -1.34345495701 11.4027938843 1.16473114491 -1.34086704254 11.4028425217 2.11785817146 -1.3219935894 11.4029178619 2.11840558052 -1.32354664803 11.4029855728 1.16468954086 -1.3406637907 11.4029903412 1.16540324688 -1.33844733238 11.4030094147 2.12328624725 -1.33842372894 11.4030399323 1.16417503357 -1.34214198589 11.4030399323 1.17074203491 -1.32190299034 11.4030599594 1.17076694965 -1.34374904633 11.4031476974 1.16467249393 -1.34041714668 11.4032430649 1.16515731812 -1.33876466751 11.4032583237 1.16467654705 -1.34022045135 11.4032878876 2.11679339409 -1.34380173683 11.4032878876 2.12402153015 -1.34019732475 11.403342247 1.16500926018 -1.33903288841 11.4033994675 1.16477274895 -1.33966135979 11.4034051895 2.1237783432 -1.33923840523 11.4034099579 1.17049598694 -1.34397602081 11.4034118652 1.16485714912 -1.33938694 11.4034204483 1.16405105591 -1.34184896946 11.4034500122 1.17058002949 -1.32167601585 11.4037599564 1.16396903992 -1.34149801731 11.4037704468 1.17278504372 -1.34281802177 11.4037904739 1.1702259779 -1.34413194656 11.4037904739 1.17257702351 -1.34313094616 11.4037981033 1.17295992374 -1.34252667427 11.4038600922 1.17235302925 -1.34342002869 11.4038801193 1.17038297653 -1.32152104378 11.4039068222 1.17313015461 -1.34216940403 11.4039115906 2.12476611137 -1.34137332439 11.4039392471 2.11874032021 -1.32276654243 11.4039897919 1.17211902142 -1.34367704391 11.4039955139 2.11561584473 -1.34260761738 11.4040145874 2.11982703209 -1.32597100735 11.4040184021 1.17133355141 -1.34012269974 11.4040279388 1.17327201366 -1.34189331532 11.4040498734 1.16393101215 -1.34109902382 11.4040699005 1.17200899124 -1.34378397465 11.4041795731 1.17188203335 -1.3438949585 11.4041996002 1.1699630022 -1.34421098232 11.4042301178 1.17328894138 -1.34151804447 11.4042797089 1.17559599876 -1.32586705685 11.4042901993 1.16393697262 -1.34066200256 11.4043149948 2.11572337151 -1.34236097336 11.4043197632 1.1701580286 -1.32144296169 11.4043426514 1.17121744156 -1.33990561962 11.4043703079 1.17307221889 -1.34193396568 11.4043798447 1.17568600178 -1.32538998127 11.4043951035 1.17261350155 -1.34330785275 11.4043979645 1.17164933681 -1.34406483173 11.404417038 1.1728259325 -1.34260523319 11.4044303894 1.17326903343 -1.34121501446 11.4044599533 1.16398894787 -1.34019994736 11.4045171738 1.17316305637 -1.34139585495 11.4045200348 2.12467050552 -1.34000384808 11.404540062 1.17573297024 -1.32492601871 11.4045448303 2.11775255203 -1.34452438354 11.4045600891 1.16408395767 -1.33972394466 11.4045801163 1.17219901085 -1.34037005901 11.4046115875 2.11867880821 -1.32138645649 11.4046297073 1.16971600056 -1.34421098232 11.4046382904 1.17108166218 -1.33978199959 11.4046697617 1.17142450809 -1.34418451786 11.4047412872 2.11551833153 -1.34097611904 11.4047498703 1.16990995407 -1.32144296169 11.4047803879 1.1757349968 -1.3244869709 11.4048099518 1.1713180542 -1.3442209959 11.4048166275 1.17314743996 -1.34091341496 11.4048318863 1.17340767384 -1.34097480774 11.404838562 1.17097949982 -1.33974051476 11.404841423 1.17237520218 -1.34323954582 11.4049224854 1.17275691032 -1.34050369263 11.4049892426 2.11187171936 -1.32559919357 11.4050359726 1.17087078094 -1.33972632885 11.4050598145 1.17569303513 -1.32408702374 11.4050703049 1.16948902607 -1.34413194656 11.4050922394 1.17114317417 -1.34426832199 11.4051408768 2.12026000023 -1.32530224323 11.4051599503 1.1696460247 -1.32152104378 11.4051942825 2.11954164505 -1.32298851013 11.405213356 2.11640572548 -1.34353744984 11.4052867889 1.17205178738 -1.34344220161 11.4053192139 1.1710088253 -1.3442491293 11.4054002762 1.17560696602 -1.32373404503 11.4054231644 1.17184877396 -1.34384298325 11.4054803848 1.17058849335 -1.33981120586 11.4054899216 1.16929101944 -1.34397602081 11.4054918289 2.11677336693 -1.34350311756 11.4055404663 1.16937494278 -1.32167601585 11.4055833817 2.12018990517 -1.32430207729 11.4056100845 1.17087304592 -1.34419798851 11.4056215286 2.11582016945 -1.34033548832 11.4056539536 1.17045331001 -1.33990943432 11.4057016373 1.17180037498 -1.34348356724 11.4057302475 1.17082297802 -1.34416401386 11.4057798386 1.17547905445 -1.32344102859 11.4057884216 2.11949944496 -1.32181501389 11.4058904648 1.16910099983 -1.32190299034 11.4059000015 1.16912603378 -1.34374904633 11.4059123993 1.17024409771 -1.34012305737 11.4059400558 1.17074894905 -1.34408903122 11.4059753418 2.11195707321 -1.32411265373 11.4060506821 2.11853885651 -1.34426736832 11.4061098099 1.1706969738 -1.34400701523 11.4061803818 1.16883504391 -1.32219600677 11.4061899185 1.17531502247 -1.32321298122 11.40625 1.17066204548 -1.34392702579 11.4062795639 1.16899895668 -1.34345495701 11.4063796997 1.17115998268 -1.34037005901 11.4063844681 1.17148196697 -1.34325277805 11.4063863754 2.11147737503 -1.3256162405 11.4064302444 1.16858100891 -1.32254695892 11.4064712524 2.12014532089 -1.32258355618 11.4064731598 2.117364645 -1.34361410141 11.4064941406 1.170612216 -1.34373736382 11.4065570831 2.11178469658 -1.32623970509 11.406578064 1.17128908634 -1.34350013733 11.4065999985 1.16834902763 -1.32294595242 11.4066009521 2.11640763283 -1.34040546417 11.4066095352 1.17511594296 -1.32305705547 11.4066200256 1.16891300678 -1.34310305119 11.4066314697 2.11217784882 -1.32732415199 11.4067201614 1.16783297062 -1.32432103157 11.4067201614 1.16814303398 -1.32338297367 11.4067382812 2.11733722687 -1.34302341938 11.4067602158 1.16796898842 -1.32384598255 11.406785965 2.12073469162 -1.32383811474 11.406829834 1.17061197758 -1.34346604347 11.4068403244 1.1720739603 -1.34061205387 11.4069099426 1.16886997223 -1.34270203114 11.4069786072 1.17133426666 -1.34264564514 11.4070396423 1.17191398144 -1.34076094627 11.4070501328 1.17489004135 -1.32297897339 11.4070701599 1.17065000534 -1.34318196774 11.4071130753 1.17180681229 -1.34095990658 11.4071397781 1.16887199879 -1.34226405621 11.4071731567 2.11889886856 -1.34337508678 11.4072294235 1.17140257359 -1.34198725224 11.4072542191 1.17156410217 -1.34144794941 11.4072704315 1.17073094845 -1.34287297726 11.4072933197 1.17192089558 -1.34098148346 11.4072952271 2.11279344559 -1.32803678513 11.4072990417 2.11186861992 -1.32518410683 11.4072999954 1.16891896725 -1.34179997444 11.4073066711 2.11714291573 -1.34141469002 11.4074001312 1.16901004314 -1.34132301807 11.4074029922 2.11252808571 -1.32333242893 11.407409668 1.17153704166 -1.34126496315 11.4074201584 1.17085194588 -1.34254896641 11.4074792862 2.11753487587 -1.34231233597 11.4074802399 1.17464196682 -1.32297897339 11.4075202942 1.17137300968 -1.34157204628 11.4075737 1.17119860649 -1.34191060066 11.4076023102 1.17105078697 -1.34220635891 11.4078674316 2.11887311935 -1.34205937386 11.4078903198 1.1743799448 -1.32305705547 11.4081687927 2.11227488518 -1.32488226891 11.4082698822 1.17410898209 -1.32321298122 11.4083042145 2.1122238636 -1.3245074749 11.4084119797 2.11340665817 -1.32793867588 11.4086198807 1.17383897305 -1.32344102859 11.4086799622 2.11330652237 -1.32345592976 11.4089202881 1.17357504368 -1.32373404503 11.4089670181 2.11281847954 -1.32513642311 11.4091129303 2.11359977722 -1.32728481293 11.4091596603 1.17332494259 -1.32408702374 11.4093503952 1.17309701443 -1.3244869709 11.4094600677 1.17289602757 -1.32492601871 11.4094667435 2.11343479156 -1.32615756989 11.4094696045 1.17259597778 -1.32586705685 11.4095001221 1.17272698879 -1.32538998127 11.4095172882 2.11396980286 -1.32401251793 11.4098024368 2.11346197128 -1.32565772533 11.4101800919 2.11484575272 -1.32554221153 12.7551202774 8.14034366608 -0.896401464939 12.7551202774 8.14934253693 -0.896401405334 12.7551202774 8.22934436798 -0.896401405334 12.7551202774 8.23834323883 -0.896401464939 12.7829799652 8.1478433609 -0.896401405334 12.7829799652 8.14934253693 -0.896401405334 12.7829799652 8.22934436798 -0.896401405334 12.7829799652 8.23084354401 -0.896401405334 12.7989797592 8.1478433609 -0.896401524544 12.7989797592 8.14934253693 -0.896401524544 12.7989797592 8.22934436798 -0.896401524544 12.7989797592 8.23084354401 -0.896401524544 12.8379802704 8.1478433609 -0.896401524544 12.8379802704 8.14934253693 -0.896401524544 12.8379802704 8.22934436798 -0.896401524544 12.8379802704 8.23084354401 -0.896401524544 12.8539800644 8.1478433609 -0.896401524544 12.8539800644 8.14934253693 -0.896401524544 12.8539800644 8.22934436798 -0.896401524544 12.8539800644 8.23084354401 -0.896401524544 12.8992404938 8.14034366608 -0.896401584148 12.9414949417 8.23834323883 -0.896401584148 12.9759998322 8.11934375763 -0.941401600838 12.9759998322 8.12040710449 -0.953556895256 12.9759998322 8.12040710449 -0.929246306419 12.9759998322 8.12356472015 -0.965342998505 12.9759998322 8.12356472015 -0.917460203171 12.9759998322 8.12872219086 -0.976401627064 12.9759998322 8.12872219086 -0.906401574612 12.9759998322 8.13302135468 -0.938188791275 12.9759998322 8.13319396973 -0.944691479206 12.9759998322 8.13572025299 -0.986396670341 12.9759998322 8.13572406769 -0.896401584148 12.9759998322 8.13801765442 -0.946494996548 12.9759998322 8.14034366608 -0.986401617527 12.9759998322 8.14034366608 -0.9368044734 12.9759998322 8.14034366608 -0.896401584148 12.9759998322 8.14034461975 -0.945850849152 12.9759998322 8.14166641235 -0.900753974915 12.9759998322 8.14181041718 -0.979879319668 12.9759998322 8.14200305939 -0.959651827812 12.9759998322 8.14213371277 -0.923547208309 12.9759998322 8.14220523834 -0.919442415237 12.9759998322 8.14222621918 -0.939770519733 12.9759998322 8.14245700836 -0.98366111517 12.9759998322 8.14262771606 -0.903895974159 12.9759998322 8.14273929596 -0.964230120182 12.9759998322 8.14379024506 -0.89823615551 12.9759998322 8.14434814453 -0.995024681091 12.9759998322 8.14521884918 -0.978137016296 12.9759998322 8.14611816406 -0.91818857193 12.9759998322 8.14643096924 -0.924335896969 12.9759998322 8.14648628235 -0.984442830086 12.9759998322 8.14673137665 -0.958338320255 12.9759998322 8.14726352692 -0.903964877129 12.9759998322 8.1474571228 -0.899328827858 12.9759998322 8.14756679535 -0.96342498064 12.9759998322 8.1476020813 -0.896375834942 12.9759998322 8.1478433609 -0.8850299716 12.9759998322 8.14800930023 -0.980348110199 12.9759998322 8.14808559418 -0.921487033367 12.9759998322 8.14934253693 -0.986401617527 12.9759998322 8.14934253693 -0.980168282986 12.9759998322 8.14934253693 -0.896401584148 12.9759998322 8.15181159973 -0.944092273712 12.9759998322 8.15315532684 -0.931093215942 12.9759998322 8.15410518646 -0.954227387905 12.9759998322 8.15434360504 -1.00202298164 12.9759998322 8.15434360504 -0.880779802799 12.9759998322 8.15686798096 -0.960151612759 12.9759998322 8.15686798096 -0.922651588917 12.9759998322 8.15796661377 -0.896683871746 12.9759998322 8.15881824493 -0.98888784647 12.9759998322 8.15902137756 -0.983221828938 12.9759998322 8.16061687469 -0.965506196022 12.9759998322 8.16061687469 -0.917297124863 12.9759998322 8.16126823425 -0.891582787037 12.9759998322 8.16227722168 -0.901555538177 12.9759998322 8.16366195679 -0.991811573505 12.9759998322 8.16437149048 -0.98139077425 12.9759998322 8.16462516785 -0.885971009731 12.9759998322 8.16523933411 -0.970128178596 12.9759998322 8.16523933411 -0.91267490387 12.9759998322 8.16540241241 -1.00717997551 12.9759998322 8.16540241241 -0.875623106956 12.9759998322 8.16639900208 -0.883438944817 12.9759998322 8.16645145416 -0.892179369926 12.9759998322 8.16771697998 -0.886857092381 12.9759998322 8.1679019928 -0.988703787327 12.9759998322 8.16812896729 -0.98435986042 12.9759998322 8.16844367981 -0.898392379284 12.9759998322 8.17059326172 -0.973877608776 12.9759998322 8.17059326172 -0.908925712109 12.9759998322 8.17651844025 -0.976640105247 12.9759998322 8.17651844025 -0.906163096428 12.9759998322 8.17718791962 -1.0103379488 12.9759998322 8.17718791962 -0.872465074062 12.9759998322 8.17875671387 -0.980168282986 12.9759998322 8.18283176422 -0.978331804276 12.9759998322 8.18283176422 -0.904471278191 12.9759998322 8.18934345245 -1.01140201092 12.9759998322 8.18934345245 -0.97890162468 12.9759998322 8.18934345245 -0.903901576996 12.9759998322 8.18934345245 -0.87140160799 12.9759998322 8.19585514069 -0.978331804276 12.9759998322 8.19585514069 -0.904471278191 12.9759998322 8.20149898529 -1.0103379488 12.9759998322 8.20149898529 -0.872465074062 12.9759998322 8.20216941833 -0.976640105247 12.9759998322 8.20216941833 -0.906163096428 12.9759998322 8.20809364319 -0.973877608776 12.9759998322 8.20809364319 -0.908925712109 12.9759998322 8.20991516113 -0.98723167181 12.9759998322 8.20991516113 -0.897165000439 12.9759998322 8.21114253998 -0.886756002903 12.9759998322 8.21170425415 -0.883469343185 12.9759998322 8.21328544617 -1.00717997551 12.9759998322 8.21328544617 -0.875623106956 12.9759998322 8.2134475708 -0.970128178596 12.9759998322 8.2134475708 -0.91267490387 12.9759998322 8.21406364441 -0.886263251305 12.9759998322 8.21454429626 -0.981006681919 12.9759998322 8.21454429626 -0.890940010548 12.9759998322 8.2151966095 -0.991728365421 12.9759998322 8.2151966095 -0.901661753654 12.9759998322 8.21807003021 -0.965506196022 12.9759998322 8.21807003021 -0.917297124863 12.9759998322 8.21986865997 -0.983980357647 12.9759998322 8.21986865997 -0.893913805485 12.9759998322 8.2200088501 -0.988768219948 12.9759998322 8.2200088501 -0.898701548576 12.9759998322 8.22181987762 -0.960151612759 12.9759998322 8.22181987762 -0.922651588917 12.9759998322 8.22434425354 -1.00202298164 12.9759998322 8.22434425354 -0.880779802799 12.9759998322 8.22553157806 -0.951710045338 12.9759998322 8.2258348465 -0.932223320007 12.9759998322 8.22684383392 -0.941401600838 12.9759998322 8.22934436798 -0.986401617527 12.9759998322 8.22934436798 -0.896401584148 12.9759998322 8.23050785065 -0.981308341026 12.9759998322 8.23059082031 -0.960432648659 12.9759998322 8.23059082031 -0.920432686806 12.9759998322 8.23059082031 -0.900432646275 12.9759998322 8.23084354401 -0.8850299716 12.9759998322 8.23098182678 -0.896321773529 12.9759998322 8.23188591003 -0.964040219784 12.9759998322 8.23188591003 -0.924040138721 12.9759998322 8.23188591003 -0.904040277004 12.9759998322 8.23305988312 -0.978100240231 12.9759998322 8.23336601257 -0.958193957806 12.9759998322 8.23336601257 -0.898193955421 12.9759998322 8.23343753815 -0.984903216362 12.9759998322 8.23393821716 -0.918066620827 12.9759998322 8.23433876038 -0.995024681091 12.9759998322 8.23515033722 -0.924416780472 12.9759998322 8.23598861694 -0.904111862183 12.9759998322 8.23606395721 -0.940480232239 12.9759998322 8.23626422882 -0.963964760303 12.9759998322 8.23645877838 -0.959330320358 12.9759998322 8.2366771698 -0.899535655975 12.9759998322 8.2372636795 -0.920899033546 12.9759998322 8.23740386963 -0.980879724026 12.9759998322 8.23834323883 -0.986401617527 12.9759998322 8.23834323883 -0.93690776825 12.9759998322 8.23834323883 -0.896401584148 12.9759998322 8.2383441925 -0.946071267128 12.9759998322 8.24296283722 -0.896401584148 12.9759998322 8.24296665192 -0.986396670341 12.9759998322 8.24551773071 -0.944659233093 12.9759998322 8.24553966522 -0.937926292419 12.9759998322 8.24996566772 -0.976401627064 12.9759998322 8.24996566772 -0.906401574612 12.9759998322 8.25512218475 -0.965342998505 12.9759998322 8.25512218475 -0.917460203171 12.9759998322 8.25827980042 -0.953556895256 12.9759998322 8.25827980042 -0.929246306419 12.9759998322 8.25934410095 -0.941401600838 12.9799909592 8.14742565155 -0.885052800179 12.9799995422 8.13572502136 -0.896401584148 12.9799995422 8.14161014557 -0.891680061817 12.9799995422 8.14281845093 -0.894103765488 12.9799995422 8.14413833618 -0.890811860561 12.9799995422 8.14502716064 -0.893067955971 12.9799995422 8.14771461487 -0.89624941349 12.9799995422 8.23084354401 -0.885030090809 12.9799995422 8.23106575012 -0.896289229393 12.9799995422 8.23351860046 -0.89167535305 12.9799995422 8.23433876038 -0.887778401375 12.9799995422 8.23613643646 -0.894239008427 12.9799995422 8.23654651642 -0.891047894955 12.9799995422 8.24296283722 -0.896401584148 12.982000351 8.13196659088 -0.941086053848 12.982000351 8.1350812912 -0.939389944077 12.982000351 8.13526821136 -0.946186900139 12.982000351 8.13545322418 -0.936613321304 12.982000351 8.13581562042 -0.943876922131 12.982000351 8.1389913559 -0.939181447029 12.982000351 8.13999462128 -0.942731022835 12.982000351 8.14104270935 -0.937485575676 12.982000351 8.14164543152 -0.944808065891 12.982000351 8.15791511536 -0.895573019981 12.982000351 8.15845966339 -0.987874448299 12.982000351 8.15919399261 -0.983145177364 12.982000351 8.16027450562 -0.986076414585 12.982000351 8.1605386734 -0.896289765835 12.982000351 8.16126823425 -0.991220414639 12.982000351 8.16126823425 -0.901153802872 12.982000351 8.16190433502 -0.89148414135 12.982000351 8.16210746765 -0.898840546608 12.982000351 8.16245746613 -0.893705308437 12.982000351 8.16351318359 -0.989285945892 12.982000351 8.16441631317 -0.983731985092 12.982000351 8.16455554962 -0.981361746788 12.982000351 8.16508674622 -0.898567855358 12.982000351 8.16590309143 -0.894987404346 12.982000351 8.16609287262 -0.986999511719 12.982000351 8.16621780396 -0.892015695572 12.982000351 8.16686058044 -0.900327563286 12.982000351 8.16764545441 -0.989840388298 12.982000351 8.1679019928 -0.984166145325 12.982000351 8.16840267181 -0.895797789097 12.982000351 8.20991516113 -0.985638201237 12.982000351 8.20991516113 -0.89557158947 12.982000351 8.2124671936 -0.987588465214 12.982000351 8.21288871765 -0.990959882736 12.982000351 8.21306419373 -0.898172914982 12.982000351 8.21371459961 -0.893890798092 12.982000351 8.21431350708 -0.983864545822 12.982000351 8.21454429626 -0.901796519756 12.982000351 8.2151966095 -0.981141448021 12.982000351 8.2151966095 -0.891074836254 12.982000351 8.21709156036 -0.988766372204 12.982000351 8.21738052368 -0.898524284363 12.982000351 8.21754550934 -0.894626557827 12.982000351 8.21767616272 -0.984687268734 12.982000351 8.21855640411 -0.990758240223 12.982000351 8.21986865997 -0.898822844028 12.982000351 8.2200088501 -0.894035041332 12.982000351 8.22026729584 -0.984485089779 12.982000351 8.23650169373 -0.943145692348 12.982000351 8.23750972748 -0.937625586987 12.982000351 8.23900699615 -0.939565777779 12.982000351 8.24015140533 -0.944191157818 12.982000351 8.24035930634 -0.946601212025 12.982000351 8.24264907837 -0.938959777355 12.982000351 8.24418067932 -0.94206482172 12.982000351 8.24434375763 -0.936933338642 12.982000351 8.24625682831 -0.943673014641 12.983499527 8.17718791962 -0.872465074062 12.983499527 8.17850971222 -0.868143260479 12.983499527 8.18934345245 -0.87140160799 12.983499527 8.18934345245 -0.867401599884 12.983499527 8.2001657486 -0.868159472942 12.983499527 8.20149898529 -0.872465074062 12.9835004807 8.16975879669 -0.874208331108 12.9835014343 8.20886039734 -0.87417191267 12.9844999313 8.13851737976 -0.921094536781 12.9844999313 8.13862609863 -0.980682194233 12.9844999313 8.13879108429 -0.900165915489 12.9844999313 8.13925361633 -0.964423596859 12.9844999313 8.13981628418 -0.957673192024 12.9844999313 8.14034175873 -0.905778825283 12.9844999313 8.14074802399 -0.986025512218 12.9844999313 8.14116954803 -0.926292419434 12.9844999313 8.14181900024 -0.976033508778 12.9844999313 8.14190006256 -0.895970761776 12.9844999313 8.14200305939 -0.963151395321 12.9844999313 8.14200305939 -0.903151392937 12.9844999313 8.14237689972 -0.959071099758 12.9844999313 8.14237689972 -0.899071097374 12.9844999313 8.14261054993 -0.984223246574 12.9844999313 8.14261054993 -0.92422324419 12.9844999313 8.14273929596 -0.978573083878 12.9844999313 8.14273929596 -0.918573081493 12.9844999313 8.14334869385 -0.915113568306 12.9844999313 8.14447212219 -0.955300927162 12.9844999313 8.14521884918 -0.967649459839 12.9844999313 8.14575481415 -0.987511575222 12.9844999313 8.14590072632 -0.907466113567 12.9844999313 8.14611816406 -0.964614629745 12.9844999313 8.14611816406 -0.904614627361 12.9844999313 8.14629554749 -0.927491307259 12.9844999313 8.14643096924 -0.958467245102 12.9844999313 8.14643096924 -0.898467242718 12.9844999313 8.14657115936 -0.895540714264 12.9844999313 8.14733886719 -0.979187190533 12.9844999313 8.14733886719 -0.919187188148 12.9844999313 8.14767742157 -0.983267903328 12.9844999313 8.14767742157 -0.923267841339 12.9844999313 8.14808559418 -0.961316108704 12.9844999313 8.14808559418 -0.901316165924 12.9844999313 8.14817237854 -0.97598862648 12.9844999313 8.14968299866 -0.91755926609 12.9844999313 8.14988231659 -0.897963047028 12.9844999313 8.15011024475 -0.964633882046 12.9844999313 8.15024089813 -0.95784586668 12.9844999313 8.15075206757 -0.903741657734 12.9844999313 8.15084266663 -0.92318636179 12.9844999313 8.15099716187 -0.983379542828 12.9844999313 8.22774600983 -0.961781680584 12.9844999313 8.22777843475 -0.902910232544 12.9844999313 8.22791099548 -0.923966825008 12.9844999313 8.22806549072 -0.978506147861 12.9844999313 8.2292175293 -0.957308232784 12.9844999313 8.22937488556 -0.985761225224 12.9844999313 8.22953701019 -0.916857838631 12.9844999313 8.22956752777 -0.896836578846 12.9844999313 8.2297410965 -0.966022312641 12.9844999313 8.23062896729 -0.98267441988 12.9844999313 8.23062896729 -0.962674438953 12.9844999313 8.23062896729 -0.922674417496 12.9844999313 8.23077964783 -0.903287887573 12.9844999313 8.2315788269 -0.907148718834 12.9844999313 8.23209571838 -0.978560268879 12.9844999313 8.23209571838 -0.958560228348 12.9844999313 8.23209571838 -0.918560326099 12.9844999313 8.23209571838 -0.898560225964 12.9844999313 8.23332214355 -0.975330770016 12.9844999313 8.2336769104 -0.927578270435 12.9844999313 8.23400306702 -0.955224812031 12.9844999313 8.23422431946 -0.987499892712 12.9844999313 8.23451519012 -0.984669685364 12.9844999313 8.23451519012 -0.92466968298 12.9844999313 8.23452854156 -0.915329992771 12.9844999313 8.23511695862 -0.964615106583 12.9844999313 8.23558998108 -0.904243946075 12.9844999313 8.23565292358 -0.978658497334 12.9844999313 8.23565292358 -0.918658554554 12.9844999313 8.23585033417 -0.967431128025 12.9844999313 8.23618221283 -0.895492851734 12.9844999313 8.23690700531 -0.959513902664 12.9844999313 8.23690700531 -0.89951390028 12.9844999313 8.23714447021 -0.981887638569 12.9844999313 8.23714447021 -0.921887755394 12.9844999313 8.23787879944 -0.976706624031 12.9844999313 8.23787975311 -0.906270384789 12.9844999313 8.23846721649 -0.985497832298 12.9844999313 8.23906517029 -0.957952558994 12.9844999313 8.23906517029 -0.917952537537 12.9844999313 8.23925590515 -0.92473089695 12.9844999313 8.23970413208 -0.96312892437 12.9844999313 8.23994255066 -0.98102492094 12.9844999313 8.23995494843 -0.900494158268 12.986000061 8.16469287872 -0.886229395866 12.986000061 8.16581535339 -0.88363224268 12.986000061 8.16823863983 -0.886217534542 12.986000061 8.21136474609 -0.886885523796 12.986000061 8.21141719818 -0.88355833292 12.986000061 8.21411132812 -0.886162519455 12.9900045395 8.23358821869 -0.892639219761 12.9900131226 8.14509773254 -0.891847014427 12.9900159836 8.23498249054 -0.890612840652 12.9900302887 8.23725605011 -0.892541885376 12.9900531769 8.14307785034 -0.894349455833 12.9905004501 8.13472366333 -0.940265893936 12.9905004501 8.13530063629 -0.943210542202 12.9905004501 8.13751029968 -0.938642203808 12.9905004501 8.13867282867 -0.944052636623 12.9905004501 8.13910102844 -0.958913147449 12.9905004501 8.13965511322 -0.925256669521 12.9905004501 8.1398639679 -0.917454242706 12.9905004501 8.13995361328 -0.940369486809 12.9905004501 8.14009094238 -0.96561986208 12.9905004501 8.14334392548 -0.941401600838 12.9905004501 8.14367103577 -0.975483357906 12.9905004501 8.14367866516 -0.907292187214 12.9905004501 8.14404296875 -0.949389398098 12.9905004501 8.14404296875 -0.933413803577 12.9905004501 8.14522457123 -0.91530328989 12.9905004501 8.14542865753 -0.955001533031 12.9905004501 8.14551544189 -0.927453041077 12.9905004501 8.14607620239 -0.967454791069 12.9905004501 8.14657115936 -0.907262504101 12.9905004501 8.14829158783 -0.976177930832 12.9905004501 8.14893817902 -0.926027417183 12.9905004501 8.14990711212 -0.917759954929 12.9905004501 8.14996814728 -0.965127229691 12.9905004501 8.15011024475 -0.95817232132 12.9905004501 8.15027332306 -0.904348134995 12.9905004501 8.1510181427 -0.921237111092 12.9905004501 8.15106773376 -0.983348786831 12.9905004501 8.15181159973 -0.938710927963 12.9905004501 8.15315532684 -0.951709985733 12.9905004501 8.15410518646 -0.970969796181 12.9905004501 8.15410518646 -0.928575873375 12.9905004501 8.15410518646 -0.911833405495 12.9905004501 8.15686798096 -0.960151612759 12.9905004501 8.15686798096 -0.922651588917 12.9905004501 8.15977573395 -0.97663962841 12.9905004501 8.15977573395 -0.906163573265 12.9905004501 8.16061687469 -0.965506196022 12.9905004501 8.16061687469 -0.917297124863 12.9905004501 8.16068077087 -0.895483374596 12.9905004501 8.16095161438 -0.987906098366 12.9905004501 8.16175556183 -0.983858108521 12.9905004501 8.16177272797 -0.898751735687 12.9905004501 8.16326618195 -0.893562734127 12.9905004501 8.1644153595 -0.989138662815 12.9905004501 8.16499137878 -0.898588299751 12.9905004501 8.16523933411 -0.970128297806 12.9905004501 8.16523933411 -0.912675023079 12.9905004501 8.16604709625 -0.985363721848 12.9905004501 8.16607952118 -0.895552575588 12.9905004501 8.16634368896 -0.981238782406 12.9905004501 8.16634368896 -0.90156441927 12.9905004501 8.17059326172 -0.973877608776 12.9905004501 8.17059326172 -0.908925712109 12.9905004501 8.17361068726 -0.984627485275 12.9905004501 8.17361068726 -0.8981757164 12.9905004501 8.17651844025 -0.976640105247 12.9905004501 8.17651844025 -0.906163096428 12.9905004501 8.18135547638 -0.986702799797 12.9905004501 8.18135547638 -0.896100521088 12.9905004501 8.18283176422 -0.978331923485 12.9905004501 8.18283176422 -0.904471278191 12.9905004501 8.18934345245 -0.987401604652 12.9905004501 8.18934345245 -0.97890162468 12.9905004501 8.18934345245 -0.903901576996 12.9905004501 8.18934345245 -0.895401597023 12.9905004501 8.19585514069 -0.978331923485 12.9905004501 8.19585514069 -0.904471278191 12.9905004501 8.19733142853 -0.986702799797 12.9905004501 8.19733142853 -0.896100521088 12.9905004501 8.20216941833 -0.976640105247 12.9905004501 8.20216941833 -0.906163096428 12.9905004501 8.20507621765 -0.984627485275 12.9905004501 8.20507621765 -0.8981757164 12.9905004501 8.20809364319 -0.973877608776 12.9905004501 8.20809364319 -0.908925712109 12.9905004501 8.21234321594 -0.981238782406 12.9905004501 8.21234321594 -0.90156441927 12.9905004501 8.2125825882 -0.985703766346 12.9905004501 8.21287536621 -0.895034015179 12.9905004501 8.2134475708 -0.912675023079 12.9905004501 8.21390724182 -0.899032473564 12.9905004501 8.21458530426 -0.9893040061 12.9905004501 8.21584033966 -0.983567774296 12.9905004501 8.21636199951 -0.967591404915 12.9905004501 8.21678447723 -0.893705129623 12.9905004501 8.21781349182 -0.897702515125 12.9905004501 8.21807003021 -0.917297124863 12.9905004501 8.21821117401 -0.986931204796 12.9905004501 8.21891212463 -0.97663962841 12.9905004501 8.21891212463 -0.906163573265 12.9905004501 8.22181987762 -0.960151612759 12.9905004501 8.22181987762 -0.922651588917 12.9905004501 8.22458171844 -0.970969796181 12.9905004501 8.22458171844 -0.911833405495 12.9905004501 8.22553157806 -0.931093275547 12.9905004501 8.2258348465 -0.950579881668 12.9905004501 8.22684383392 -0.941401600838 12.9905004501 8.22773170471 -0.920649647713 12.9905004501 8.22777271271 -0.962085962296 12.9905004501 8.2278213501 -0.899520874023 12.9905004501 8.22788047791 -0.983262896538 12.9905004501 8.22867012024 -0.965200424194 12.9905004501 8.22891330719 -0.917947351933 12.9905004501 8.22929859161 -0.977098345757 12.9905004501 8.22929859161 -0.957098484039 12.9905004501 8.22954082489 -0.925946950912 12.9905004501 8.23028659821 -0.906798362732 12.9905004501 8.23205852509 -0.915402293205 12.9905004501 8.23317050934 -0.955350160599 12.9905004501 8.23318004608 -0.927492797375 12.9905004501 8.23464488983 -0.949389398098 12.9905004501 8.23464488983 -0.933413803577 12.9905004501 8.23500823975 -0.907288014889 12.9905004501 8.23505210876 -0.975355863571 12.9905004501 8.23534393311 -0.941401600838 12.9905004501 8.23673915863 -0.967180013657 12.9905004501 8.23722076416 -0.956309378147 12.9905004501 8.23855495453 -0.940557718277 12.9905004501 8.23882102966 -0.925350666046 12.9905004501 8.23902988434 -0.917545557022 12.9905004501 8.24006271362 -0.960686862469 12.9905004501 8.24098205566 -0.944413721561 12.9905004501 8.24143409729 -0.938634455204 12.9905004501 8.2442855835 -0.940980672836 12.9905014038 8.15057945251 -0.899615764618 12.9906158447 8.14210796356 -0.891012370586 12.9907331467 8.23511123657 -0.894011676311 12.9934997559 8.11934375763 -0.941401600838 12.9934997559 8.12040710449 -0.953556895256 12.9934997559 8.12040710449 -0.929246306419 12.9934997559 8.12356472015 -0.965342998505 12.9934997559 8.12356472015 -0.917460203171 12.9934997559 8.12872219086 -0.976401627064 12.9934997559 8.12872219086 -0.906401574612 12.9934997559 8.13234329224 -0.941401600838 12.9934997559 8.13320922852 -0.951299607754 12.9934997559 8.13320922852 -0.931503713131 12.9934997559 8.13572025299 -0.986396670341 12.9934997559 8.13572025299 -0.896406471729 12.9934997559 8.13578128815 -0.960896670818 12.9934997559 8.13578128815 -0.921906471252 12.9934997559 8.13910102844 -0.978913128376 12.9934997559 8.13910102844 -0.898913085461 12.9934997559 8.13920116425 -0.983605861664 12.9934997559 8.13998031616 -0.969901621342 12.9934997559 8.13998031616 -0.912901580334 12.9934997559 8.14000988007 -0.90548479557 12.9934997559 8.14190006256 -0.986832201481 12.9934997559 8.14361000061 -0.895348608494 12.9934997559 8.14366531372 -0.975489795208 12.9934997559 8.14367961884 -0.907287478447 12.9934997559 8.14434814453 -0.995024681091 12.9934997559 8.14434814453 -0.887778520584 12.9934997559 8.14817237854 -0.986814439297 12.9934997559 8.14868736267 -0.896565496922 12.9934997559 8.15057373047 -0.983184814453 12.9934997559 8.15270519257 -0.985066115856 12.9934997559 8.15270519257 -0.897737085819 12.9934997559 8.15434360504 -1.00202298164 12.9934997559 8.15434360504 -0.880779802799 12.9934997559 8.16084384918 -0.990764975548 12.9934997559 8.16084384918 -0.892038106918 12.9934997559 8.16540241241 -1.00717997551 12.9934997559 8.16540241241 -0.875623106956 12.9934997559 8.16984939575 -0.994964122772 12.9934997559 8.16984939575 -0.887839078903 12.9934997559 8.16993427277 -0.874104678631 12.9934997559 8.17718791962 -1.0103379488 12.9934997559 8.17852115631 -0.868159532547 12.9934997559 8.17944526672 -0.997535586357 12.9934997559 8.17944526672 -0.885267615318 12.9934997559 8.18934345245 -1.01140201092 12.9934997559 8.18934345245 -0.998401582241 12.9934997559 8.18934345245 -0.884401619434 12.9934997559 8.18934345245 -0.867401599884 12.9934997559 8.19924068451 -0.997535586357 12.9934997559 8.19924068451 -0.885267615318 12.9934997559 8.20017814636 -0.868143379688 12.9934997559 8.20149898529 -1.0103379488 12.9934997559 8.2088394165 -0.994964122772 12.9934997559 8.2088394165 -0.887839078903 12.9934997559 8.20895195007 -0.873935341835 12.9934997559 8.21328544617 -1.00717997551 12.9934997559 8.2178440094 -0.990764975548 12.9934997559 8.2178440094 -0.892038106918 12.9934997559 8.22434425354 -1.00202298164 12.9934997559 8.22434425354 -0.880779802799 12.9934997559 8.22598171234 -0.985066115856 12.9934997559 8.22598171234 -0.897737085819 12.9934997559 8.22811412811 -0.983185112476 12.9934997559 8.22811412811 -0.899618506432 12.9934997559 8.22974872589 -0.896776676178 12.9934997559 8.22999954224 -0.986237406731 12.9934997559 8.23433876038 -0.995024681091 12.9934997559 8.23433876038 -0.887778520584 12.9934997559 8.23500823975 -0.975515723228 12.9934997559 8.23500823975 -0.907287478447 12.9934997559 8.23507785797 -0.987454533577 12.9934997559 8.23585033417 -0.895372033119 12.9934997559 8.23823547363 -0.976977169514 12.9934997559 8.23870754242 -0.969901621342 12.9934997559 8.23870754242 -0.912901580334 12.9934997559 8.23881149292 -0.905371725559 12.9934997559 8.23970413208 -0.899674236774 12.9934997559 8.23987007141 -0.967784404755 12.9934997559 8.23987483978 -0.98340255022 12.9934997559 8.24290561676 -0.921906471252 12.9934997559 8.24296665192 -0.986396670341 12.9934997559 8.24296665192 -0.896406471729 12.9934997559 8.24324131012 -0.960104703903 12.9934997559 8.24547767639 -0.931503713131 12.9934997559 8.24557876587 -0.950886368752 12.9934997559 8.24634361267 -0.941401600838 12.9934997559 8.24996566772 -0.976401627064 12.9934997559 8.24996566772 -0.906401574612 12.9934997559 8.25512218475 -0.965342998505 12.9934997559 8.25512218475 -0.917460203171 12.9934997559 8.25827980042 -0.953556895256 12.9934997559 8.25827980042 -0.929246306419 12.9934997559 8.25934410095 -0.941401600838</float_array>
          <technique_common>
            <accessor source="#positions-array" count="3816" stride="3">
              <param name="X" type="float" />
              <param name="Y" type="float" />
              <param name="Z" type="float" />
            </accessor>
          </technique_common>
        </source>
        <source id="normals">
          <float_array id="normals-array" count="13356">-1 -2.472e-05 -0.00035298 -1 0 0 -0.99999994 -0.00013829 4.23e-05 -0.99999994 -0 0 -0.99999923 -0.00093609 -0.00079074 -0.99999893 0.00058437 0.00140286 -0.99999863 -0.00154477 -0.00060859 -0.99999803 0.00063658 -0.00185372 -0.99998438 0.00351037 -0.00437549 -0.9793492 -0.16469631 0.11726148 -0.97147065 0.23521356 0.03031903 -0.97092283 0.23831938 0.02264419 -0.97090799 0.23836584 0.02278979 -0.97037089 0.23539132 -0.05450929 -0.97025257 0.23862641 0.04083479 -0.9701224 0.23799366 0.0471333 -0.97011745 0.23788749 0.04776673 -0.97010523 0.23793581 0.04777405 -0.9688254 0.23827608 -0.06783599 -0.96395999 0.24796088 -0.0964185 -0.9625743 -0.17179376 -0.20961311 -0.96222788 0.24134043 0.12598579 -0.96171117 0.25146893 -0.10897203 -0.96168953 0.25152266 -0.10903884 -0.96005845 0.25024936 0.12515208 -0.95911092 0.25273293 -0.12740558 -0.95910382 0.25270322 -0.12751868 -0.95847052 -0.28416368 -0.02418945 -0.95567566 0.24913172 -0.15689917 -0.95562273 0.2491973 -0.15711696 -0.95457113 0.25202522 0.15898834 -0.95188767 0.23913248 -0.19163913 -0.95070064 0.24341811 -0.19213499 -0.94693893 0.26432595 0.18286163 -0.94250721 0.26220357 0.20719439 -0.94203109 0.27154079 0.19708677 -0.94200766 0.27153948 0.19720003 -0.94162643 0.27046362 -0.20047227 -0.94115984 0.28088048 -0.18794757 -0.93755865 0.2645202 0.2258601 -0.93741453 0.26465884 0.22629565 -0.93736798 0.26475197 0.22637957 -0.92850947 0.28568152 -0.23718387 -0.92850125 0.28566176 -0.23723996 -0.92847246 0.28572908 -0.23727168 -0.92680681 0.27354768 -0.25729495 -0.92668974 0.27369118 -0.25756413 -0.91763163 -0.15896055 -0.36425781 -0.91601449 0.27351102 0.29344398 -0.90553463 0.31030312 -0.28934231 -0.90434575 0.29680336 0.30670279 -0.90301389 0.30350235 -0.30405962 -0.89914048 0.30010283 0.3185668 -0.89897233 0.31516042 -0.30417538 -0.8981148 0.30265552 -0.31904447 -0.89810872 0.3026689 -0.31904885 -0.89391696 -0.23081951 -0.38423297 -0.88674295 0.31444687 0.33883619 -0.88570011 0.33073577 0.32580528 -0.87755841 0.34068435 0.33738023 -0.87659198 0.45978174 0.14208157 -0.87652695 0.45338079 0.16169837 -0.87647194 0.46988192 -0.10491865 -0.8763957 0.47093362 -0.10075702 -0.87631786 0.46933311 0.10859771 -0.87579912 0.4521527 -0.16891964 -0.87444812 0.48003975 -0.07001651 -0.87429476 -0.47861087 0.08087232 -0.87419176 0.47853041 -0.0824455 -0.87414676 0.47888649 0.08084041 -0.87407589 0.47954455 0.07764323 -0.8740356 0.47988245 0.07599141 -0.87402064 0.47911155 -0.08087105 -0.87396199 -0.48544654 0.02306901 -0.87392747 -0.47982058 0.0776084 -0.87387949 -0.47937492 -0.08083502 -0.87380224 -0.48005334 -0.07757951 -0.87377256 0.47993642 -0.07862885 -0.87373763 0.42836714 0.2304 -0.87367922 0.482236 0.06428929 -0.87359524 0.48051453 -0.07705303 -0.87311763 -0.42937559 -0.23087262 -0.87303925 0.42676789 0.23594807 -0.8730365 0.42958939 0.23078164 -0.87298042 0.42966413 -0.23085491 -0.87297004 0.48209816 0.07419448 -0.8729127 0.42978194 -0.23089172 -0.87277812 0.42745116 -0.23567723 -0.87275302 -0.42958513 0.23185939 -0.87271053 0.42756844 -0.23571515 -0.87260109 0.43564582 0.22086206 -0.87257499 -0.42757183 0.23621018 -0.87248898 -0.42790136 -0.23593113 -0.87246966 0.34476036 0.34631899 -0.87233621 0.42798448 0.23634458 -0.87137705 0.42005122 -0.25349361 -0.87096524 0.16466019 -0.46293262 -0.87040788 0.42329606 0.25141704 -0.86940515 -0.4423551 0.22012898 -0.86702394 -0.39116079 0.30864668 -0.86668229 0.40765792 -0.28753585 -0.86651039 -0.49915883 0.00033812 -0.86634243 -0.49945059 7.041e-05 -0.86627811 0.49956211 -5.217e-05 -0.86627108 0.49957418 -0.00010188 -0.86626935 -0.49957639 0.00091444 -0.86620384 0.34965062 0.35698083 -0.86608827 0.49989104 0.00021711 -0.86606747 0.49992719 -2.992e-05 -0.86604244 -0.49997026 0.0002272 -0.86601865 0.50001156 0.0002562 -0.86599064 0.5000602 -1.764e-05 -0.8659901 -0.50006109 1.405e-05 -0.8659488 -0.50013244 0.00024071 -0.86559576 -0.50074339 -0.00025994 -0.8655948 0.50074512 4.56e-05 -0.86552048 0.50087351 5.746e-05 -0.86546785 -0.50096428 -0.00033768 -0.86539185 0.50107324 -0.00474101 -0.86526328 0.50129211 0.00507082 -0.86511344 0.50153226 -0.00665015 -0.86503953 0.50166029 0.00660435 -0.86488336 -0.50151694 -0.02138852 -0.8644262 0.35314247 -0.35785162 -0.86313951 0.39105815 0.31947401 -0.86295152 -0.5013482 0.0629662 -0.85997963 0.38858977 0.33080676 -0.85979915 0.39005151 -0.32955301 -0.8581503 0.38848472 -0.33564517 -0.85566336 0.51357335 0.06389579 -0.85521686 0.51485044 -0.0594394 -0.85512084 -0.5144943 0.06374867 -0.85395211 0.52007514 -0.01696029 -0.85305887 -0.51614428 0.07671736 -0.85304326 -0.51621473 -0.07641698 -0.8528133 0.51659375 -0.07642238 -0.85281086 0.51675135 0.07537662 -0.85274237 0.51686984 0.0753384 -0.85258335 -0.34797806 -0.38988826 -0.85249585 0.37266758 0.36656481 -0.85207307 -0.51725465 -0.08011968 -0.85197514 0.51721621 -0.08139916 -0.8513512 0.51831895 0.08091059 -0.85133111 0.51724601 0.08770383 -0.84922481 0.36609209 0.38051775 -0.84886116 -0.36607066 -0.38134894 -0.84883749 0.36667305 -0.38082233 -0.84854466 0.3658818 -0.38223359 -0.84803885 0.36452737 -0.38464239 -0.84785444 0.3641018 0.38545117 -0.84770453 -0.36454484 -0.38536227 -0.84720963 -0.36465639 0.38634378 -0.84515989 -0.35926056 0.39577368 -0.8445099 0.35983327 0.39663959 -0.84353244 0.35439011 -0.40356001 -0.84337479 0.35861179 0.40014568 -0.84248304 0.35735789 0.40313473 -0.84047771 0.52809131 0.12131264 -0.84008324 0.34807515 -0.41605753 -0.83812797 -0.36722851 0.40334222 -0.83721298 0.36050019 0.41123489 -0.83604294 0.53035378 -0.14055958 -0.83437675 0.36250895 0.41521385 -0.8343603 0.36251116 0.41524529 -0.83054459 -0.3609544 -0.42415532 -0.82968539 -0.52729982 0.18324061 -0.82783931 0.53314292 -0.17447259 -0.82661498 -0.50589079 0.24654017 -0.82619196 0.53458959 0.17782262 -0.82591814 0.53431654 -0.17990278 -0.82526523 -0.54869533 0.1336816 -0.82293546 0.39427179 -0.40905616 -0.8226558 -0.52093536 0.22773606 -0.82181132 0.32305294 -0.46932185 -0.82031572 0.57155454 -0.02018795 -0.81840575 0.31838363 -0.47837642 -0.81639254 0.31518763 -0.48390087 -0.81443375 0.40640712 0.41416293 -0.81432879 0.40649381 0.41428432 -0.81414676 0.38386959 0.43567094 -0.81334484 0.4015184 -0.42101446 -0.81334388 0.40148315 -0.42104983 -0.81284142 0.38358045 -0.43835491 -0.81246889 0.3839308 -0.43873841 -0.81211603 0.53956127 -0.22212845 -0.81067383 0.54044193 0.22523423 -0.81045413 0.54096472 -0.22476968 -0.81026959 -0.52514058 -0.26017398 -0.80725831 -0.54108566 -0.23571251 -0.80710274 -0.54157746 0.23511496 -0.80707681 0.54140061 -0.23561062 -0.8069061 0.54140824 0.23617713 -0.80625641 0.54253286 0.235815 -0.80603284 0.54223692 0.23725551 -0.80578673 0.54154575 -0.23965791 -0.8056649 -0.5417276 0.23965639 -0.805525 -0.54186881 -0.23980767 -0.80544251 0.41174322 -0.42629802 -0.80536926 0.54210889 0.23978803 -0.80509442 0.39268148 -0.44454956 -0.80506992 0.39271018 -0.44456851 -0.80458355 0.29573125 0.5149644 -0.80356836 0.54012567 0.25008434 -0.80224323 0.5428583 0.2484162 -0.80200213 0.5434404 -0.24792168 -0.79990721 -0.29077804 -0.52497292 -0.7998991 0.29123604 0.52473146 -0.79976565 -0.29154715 0.52476221 -0.79955608 0.29085577 -0.52546453 -0.79870695 -0.28974375 0.52736688 -0.79836643 0.28972244 0.5278939 -0.79814857 -0.28902441 -0.52860534 -0.79812604 0.28845224 -0.52895194 -0.79750901 0.28952241 -0.52929783 -0.79743499 -0.31079525 -0.51720768 -0.79587692 -0.24575284 0.55334026 -0.79397219 0.28365541 -0.53772467 -0.79248118 0.28380334 0.53984189 -0.79128903 -0.2685405 -0.54931569 -0.79077268 0.27848688 -0.54509044 -0.79076457 -0.26741982 0.5506162 -0.78818196 0.27767211 0.5492425 -0.78551078 -0.28102842 -0.55135804 -0.78485876 0.27394813 0.55583191 -0.78304541 0.4124465 0.46554026 -0.77552539 -0.55310905 0.30435306 -0.77500266 0.26052931 0.57575631 -0.77441895 -0.24261376 0.58430642 -0.77300787 -0.55516118 -0.30700949 -0.77083248 -0.31884402 -0.55150312 -0.76987332 0.45001158 0.4525314 -0.76906425 0.42580032 0.47669107 -0.76447058 0.24937575 -0.59447151 -0.7600413 0.45995277 -0.45910844 -0.75835687 0.54996735 -0.34990129 -0.75715142 0.45875883 -0.46503988 -0.75335139 0.29042438 -0.59001291 -0.74538767 -0.54539835 -0.38332459 -0.74476671 0.22489586 0.62828684 -0.74193084 0.55148596 0.38131607 -0.74170566 -0.55176979 0.38134366 -0.73999274 -0.55154431 0.38497999 -0.73995143 -0.55105907 -0.38575348 -0.73987997 0.55184215 0.38476983 -0.73944753 0.55181742 -0.38563576 -0.73886752 0.55280894 -0.38532707 -0.73488796 0.55120814 -0.39510682 -0.73432231 0.55219549 -0.39477959 -0.73378938 -0.55203378 -0.3959949 -0.73276544 0.21163525 0.64673436 -0.73197603 0.21960728 0.64496797 -0.73194563 -0.19399463 -0.6531629 -0.73184872 0.55313355 0.39804608 -0.73162776 0.46560162 0.49793154 -0.73143816 0.21204545 0.64810085 -0.73133963 0.21270949 -0.64799458 -0.73123068 -0.21233903 0.64823908 -0.73092115 0.62148577 0.28197482 -0.73058408 0.55376548 0.39948788 -0.7298457 -0.6832785 -0.0213485 -0.72979766 -0.20951433 -0.65076816 -0.72938633 0.21015809 -0.65102154 -0.72934264 0.2103017 0.6510241 -0.72932959 0.21025567 -0.65105355 -0.72928864 -0.20978071 0.65125275 -0.72692961 0.55154306 -0.40911317 -0.72677511 0.55048531 0.41080874 -0.72541881 -0.23679902 -0.64629221 -0.72492146 0.2047779 -0.65768903 -0.72491473 0.68416649 -0.0800925 -0.72453529 0.55283844 -0.41160432 -0.72437519 0.20384696 -0.65857953 -0.72407645 -0.68968117 -0.00729644 -0.72375357 -0.2044757 -0.65906793 -0.72250819 0.20316876 0.66083604 -0.72152632 0.4969517 0.48211905 -0.72038811 -0.19993591 0.66412848 -0.72014982 0.69376701 -0.00845364 -0.71869045 0.69372994 -0.04714606 -0.71765697 0.69634587 -0.00841927 -0.71685582 0.69691992 -0.02050554 -0.71510553 0.48192483 0.50633228 -0.71505469 0.48194391 0.50638622 -0.7145316 -0.63917434 -0.28443047 -0.71406555 0.69984072 0.01825679 -0.71392363 0.69988573 0.02175189 -0.71345478 0.70036739 0.0216267 -0.71313941 0.70087874 0.01418129 -0.71180952 0.70212841 -0.01851927 -0.71106863 0.70296693 0.01479478 -0.71058542 0.70310467 -0.02668667 -0.71008837 -0.70267791 -0.04492642 -0.70993185 0.70415002 0.01301537 -0.70963496 0.70430607 0.01926492 -0.70962048 0.70438862 0.01659531 -0.70945042 0.66515607 0.23291107 -0.70931536 0.70474035 0.01458462 -0.70930439 0.70475644 0.01433719 -0.7091648 0.70484173 0.01683807 -0.70908976 0.70484513 0.01962311 -0.70883906 0.70513433 0.01823951 -0.70883507 -0.70537341 -0.00110921 -0.70869148 -0.70551789 0.00090784 -0.70867997 0.70485544 0.0308467 -0.70856661 0.70541161 -0.01810469 -0.70845604 0.7054382 0.02114516 -0.70845282 0.70555282 -0.01702456 -0.708305 0.70574868 0.01493099 -0.70829254 0.70570201 -0.01750051 -0.70827067 0.70572346 0.01752132 -0.7082634 0.70563078 0.02117382 -0.70823765 0.70577514 0.01676638 -0.70820522 -0.70600665 -0.00017378 -0.70817208 0.70579243 -0.01869175 -0.70815647 0.70567459 0.02319163 -0.70814455 0.70582181 -0.01862454 -0.70811701 -0.70551074 0.0287219 -0.70811313 0.70586962 -0.01799141 -0.70804191 0.70594323 -0.01791148 -0.70800465 0.7059952 -0.01732748 -0.70799983 -0.70621127 -0.00138129 -0.70795989 0.7060203 -0.01811449 -0.70786244 0.70613098 -0.01760452 -0.7078619 0.7061829 0.01539656 -0.70785654 -0.70635539 0.00099653 -0.70778143 0.70620507 -0.01788255 -0.70777667 -0.70643127 -0.00264331 -0.70777297 0.70621789 -0.01771054 -0.70777208 0.70621389 -0.01790462 -0.70774448 0.70624352 -0.01783018 -0.70772582 0.7062906 0.0166617 -0.70770937 0.70627624 -0.01792634 -0.70769852 0.70632672 0.0162901 -0.70768499 0.70635021 -0.01585498 -0.70768476 0.70630759 0.01766221 -0.7076785 0.70628285 0.01885973 -0.70767552 0.70631504 0.01773436 -0.70765257 -0.70656043 -0.00040178 -0.70761108 0.70637667 0.01784779 -0.7076003 0.70638835 0.01781148 -0.7076 0.70638901 0.01779937 -0.70759451 0.70636731 0.01884947 -0.7075792 0.70643574 -0.01674611 -0.70756733 0.70643759 -0.01715725 -0.70755631 0.70654017 0.01285737 -0.70755309 0.70642614 -0.01817983 -0.7075451 -0.7066682 9.859e-05 -0.70754379 0.70645064 0.0175892 -0.70753539 0.706469 0.01718063 -0.70753103 0.70647877 -0.01696051 -0.7075268 0.70647371 -0.01733844 -0.70751894 0.70646542 -0.01798602 -0.7075181 0.70648837 0.0170939 -0.70751423 0.70648056 0.01757096 -0.70750356 -0.70670974 0.00016226 -0.70750266 0.70648491 0.01785814 -0.70748055 0.70647919 0.01892856 -0.70747179 0.70653492 -0.01708735 -0.70746535 0.70652676 -0.01768249 -0.70746303 0.70654309 -0.01711698 -0.70746231 0.70650494 0.01865126 -0.70745564 0.70653313 -0.01781383 -0.70745361 0.70653641 -0.0177711 -0.70745218 0.7065177 0.01855704 -0.70744693 0.70657557 -0.01642322 -0.70744485 0.70654511 0.01776893 -0.70744431 0.70656443 -0.01700628 -0.70743561 0.70654905 0.01798117 -0.70743418 0.7065677 0.01728964 -0.70743072 0.70656317 -0.01761659 -0.70742989 0.70656735 -0.01748196 -0.70742422 -0.70678908 -0.00046734 -0.70742112 0.70656431 0.01795347 -0.7074182 0.70661354 0.01602327 -0.70741761 0.70658916 0.01709072 -0.70740402 0.70659268 -0.01750593 -0.70740312 0.70658654 -0.01778927 -0.70739669 0.70660728 0.01721135 -0.70739532 0.70661074 0.01712179 -0.70739138 0.70659119 0.01806634 -0.70738971 0.70664138 -0.01605446 -0.70737839 0.70664042 -0.01658424 -0.70737708 -0.7068364 7.247e-05 -0.70737189 0.70663238 0.01719426 -0.70737141 0.70664865 -0.01653079 -0.70737082 0.70663643 0.01707434 -0.70736778 0.70663929 0.0170823 -0.70736456 0.70663738 0.0172969 -0.70736426 0.70662731 0.01770932 -0.70736212 0.7066521 0.01678074 -0.70736206 0.70662671 -0.01782684 -0.70735973 0.70663834 0.01745246 -0.70735884 0.70663255 0.01771921 -0.70735765 0.70664901 0.01710044 -0.70735323 0.70664483 -0.01745378 -0.70735258 0.70668465 -0.01578601 -0.70735031 -0.70686311 0.00038405 -0.70734978 0.70663399 -0.0180214 -0.70734173 0.7066651 0.0170911 -0.70733786 -0.7068755 -2.006e-05 -0.70733339 -0.70688015 1.158e-05 -0.70733172 0.70667869 0.0169424 -0.70732808 0.70667684 0.01716752 -0.70732689 0.7066772 0.01720496 -0.70732498 0.70667493 0.01738017 -0.70732492 0.7066676 -0.01766966 -0.70731169 0.70669425 0.01712751 -0.70731086 0.70669723 0.01704535 -0.70730919 0.70669699 0.0171187 -0.70730823 -0.70690519 0.00040928 -0.70730746 0.70669144 -0.01741738 -0.7073071 0.70669425 0.01731832 -0.70730484 0.70657474 0.02172487 -0.70730239 0.7066946 0.01749391 -0.70729643 0.70671618 0.01685554 -0.70729077 -0.70692247 0.00057133 -0.70729005 0.70672297 0.01683549 -0.70728987 0.70673805 -0.01619961 -0.70728713 0.70671767 0.01718368 -0.70728427 -0.70692921 0.00024428 -0.70727837 0.70671314 0.01771376 -0.70727545 0.70672178 0.0174913 -0.70727116 0.70672846 0.01739351 -0.70726943 0.70673066 0.01737456 -0.7072683 0.7067129 -0.01812368 -0.70726335 0.70674473 -0.01703993 -0.70725542 0.70675212 0.01706258 -0.70725411 0.70675486 0.01700592 -0.70725393 0.70674735 0.01731834 -0.70725262 0.70675492 0.01706673 -0.70724994 0.70676613 0.01670917 -0.70724982 0.70673615 -0.01793931 -0.70724964 0.70677847 -0.01618882 -0.70724839 0.70675308 0.01731779 -0.70724797 0.70674807 -0.01753269 -0.70724708 0.70675856 0.01714822 -0.70724618 0.70672703 -0.01843156 -0.70724499 0.70673376 0.01822088 -0.70724428 -0.70696914 8.379e-05 -0.70724112 0.70675927 0.01735843 -0.70723683 -0.70697671 -0.00011889 -0.70723593 0.70677865 0.01677193 -0.70723426 0.70677406 0.01703498 -0.70723385 0.70677435 0.01703958 -0.70723152 0.70675927 -0.01774628 -0.70722836 0.7067802 -0.01701671 -0.70722795 0.70677191 -0.01737703 -0.70722669 0.70673919 0.01871416 -0.70722568 0.70676929 0.01757496 -0.70722532 0.70677394 -0.01740306 -0.70722502 0.70676029 -0.01795817 -0.70722353 0.70679456 0.01662587 -0.70722109 0.70678318 0.01720357 -0.70721632 -0.70699722 -1.243e-05 -0.70721632 -0.70228517 0.08149017 -0.70721614 -0.70699739 0.00042039 -0.70721525 -0.70699829 1.168e-05 -0.70720744 0.70680118 0.0170234 -0.70720726 0.70679069 0.01745498 -0.70720559 0.7067942 0.01737913 -0.70720047 -0.70701313 8.99e-06 -0.70719939 0.70676965 -0.01859544 -0.70719314 0.70681119 0.01719879 -0.70719236 0.70680028 0.01767319 -0.70718712 0.70680082 -0.01786422 -0.70718408 0.7068159 -0.01737754 -0.70718396 0.7068249 0.01700909 -0.70718205 0.70677733 0.0189577 -0.70718187 0.70679641 -0.01824111 -0.70718145 -0.70703214 3.843e-05 -0.70718086 0.70679289 -0.01841263 -0.70718068 0.70681906 -0.01738752 -0.70717955 -0.70703411 1.207e-05 -0.70717949 0.70683986 0.01657174 -0.707178 0.70681661 0.01759928 -0.7071771 0.70681888 0.01753476 -0.70717669 0.70684505 -0.01646825 -0.70717609 -0.70703733 7.805e-05 -0.70717555 0.70683128 0.01709071 -0.70717436 0.70682305 0.01748004 -0.70716995 0.70683151 0.01731523 -0.70716846 0.70683086 0.01740673 -0.70716727 0.7068342 0.01731202 -0.70716697 -0.70704663 6.686e-05 -0.70716357 -0.70704991 -4.54e-06 -0.70716351 -0.70705009 -2.833e-05 -0.70716107 -0.70705259 1.699e-05 -0.70715928 0.70684463 0.01721764 -0.70715922 -0.7070542 7.43e-06 -0.70715398 0.70681393 0.01863841 -0.70715165 0.70685828 0.01696689 -0.70715135 0.70684767 0.01741803 -0.70714945 0.70685291 0.01727405 -0.70714867 0.70686346 0.01687819 -0.70714658 0.70683563 -0.01809041 -0.70714647 -0.70706713 2.943e-05 -0.70714635 0.70681977 0.01870433 -0.70714629 -0.70706719 -0.0001244 -0.70714623 0.70686686 0.01683335 -0.70714611 0.70681101 0.01903536 -0.70714575 -0.70706785 3.697e-05 -0.70714402 -0.70706946 -1.952e-05 -0.70714337 0.70683926 -0.01807179 -0.70714301 0.70685697 0.01737778 -0.70714301 0.70686042 -0.0172373 -0.70713913 0.70688945 -0.01617422 -0.70713764 -0.70707595 -8.29e-06 -0.70713741 0.70689124 -0.01617002 -0.70713657 -0.70707691 -0.0003948 -0.70713568 -0.70707786 -3.035e-05 -0.70713538 -0.70707816 -9.46e-06 -0.707133 0.70686835 0.01732471 -0.7071327 0.70686656 0.0174054 -0.70712954 0.70687634 0.01714032 -0.70712751 0.70687455 0.01729555 -0.70712632 0.70686698 -0.01764597 -0.70712596 -0.70708764 -9.97e-06 -0.7071256 -0.70708799 -1.555e-05 -0.70712537 0.70685726 -0.01806821 -0.7071231 -0.70709044 7.233e-05 -0.70712274 -0.70709085 0.00015494 -0.70712245 -0.70709115 -1.141e-05 -0.70712125 0.70688736 0.01702069 -0.70711786 -0.70709556 1.718e-05 -0.70711666 -0.70709682 -9.16e-05 -0.7071147 0.70688701 0.01730682 -0.70711416 -0.70709932 -6.034e-05 -0.7071135 -0.70710003 -1.036e-05 -0.70711309 -0.70710051 8.332e-05 -0.70711225 0.70688474 -0.01750173 -0.70711184 -0.70710176 5.61e-06 -0.70711148 0.70687979 -0.0177283 -0.70711058 -0.70710301 -9.395e-05 -0.70710897 -0.70710444 2.282e-05 -0.7071079 0.70689064 0.0174419 -0.70710731 -0.70710635 1.229e-05 -0.70710683 -0.70710671 -2.02e-06 -0.70710677 -0.70710677 0 -0.70710659 -0.70710701 5.09e-06 -0.70710635 -0.70710719 -6.625e-05 -0.70710528 -0.70710826 5.04e-06 -0.70710528 -0.70710826 3.415e-05 -0.70710349 -0.70711005 -4.525e-05 -0.70710343 -0.70711011 -4.203e-05 -0.70710307 -0.70226729 0.08261967 -0.70710278 0.70690387 0.01710584 -0.70710266 -0.70711094 -3.619e-05 -0.7071026 -0.70711106 -3.603e-05 -0.70710248 -0.70711106 3.86e-06 -0.70710212 -0.70711136 -1.81e-06 -0.70710194 -0.7071116 4.184e-05 -0.70710194 0.70688212 -0.01801629 -0.70710093 -0.70711261 2.7e-06 -0.70710075 0.70688754 -0.01784831 -0.70710045 0.70688546 -0.01793814 -0.70710039 -0.70711321 3.35e-06 -0.70710027 -0.70711333 3.425e-05 -0.70709968 -0.70711386 -7.539e-05 -0.70709932 -0.70711434 1.119e-05 -0.70709866 -0.70711488 0.00011255 -0.70709848 -0.70711505 -5.6e-07 -0.70709801 -0.70711547 5.89e-06 -0.70709783 -0.70711571 -5.699e-05 -0.70709634 -0.70711714 6.35e-06 -0.70709515 0.70690733 0.01727645 -0.70709455 0.70689613 0.01774849 -0.70709318 -0.70712024 2.407e-05 -0.70709318 0.70691276 0.01713233 -0.70709211 0.70690858 0.0173476 -0.70709056 -0.70712304 -4.772e-05 -0.70709026 -0.70712322 8.09e-06 -0.70709014 -0.7071234 -4.6e-06 -0.7070899 -0.7071237 6.123e-05 -0.70708936 0.70691806 0.01706975 -0.70708925 -0.70712429 -3.879e-05 -0.70708776 -0.70712578 4.7e-07 -0.7070874 0.7069068 -0.0176095 -0.70708728 0.70692891 -0.01670723 -0.70708704 0.70691162 -0.01743167 -0.70708609 0.7069239 -0.01697025 -0.70708483 -0.70712864 1.76e-05 -0.70708233 -0.70713115 0.00011762 -0.70707816 0.70691067 -0.01782531 -0.7070781 0.70691806 0.01753281 -0.70707786 -0.70713562 5.248e-05 -0.70707369 0.70693511 -0.0170168 -0.70707339 -0.70714009 9.114e-05 -0.70707244 0.7069115 -0.01802223 -0.70707172 0.70694023 0.01688537 -0.70707119 0.70690501 -0.01832101 -0.70707077 0.70694035 -0.01691937 -0.70707041 0.70690221 -0.01845811 -0.70706844 0.7069388 -0.01708002 -0.70706737 -0.70714617 0.00025563 -0.7070657 0.70694089 0.01710479 -0.70706332 0.70692903 0.01768241 -0.70706099 0.70692462 -0.017952 -0.70706064 0.70693034 -0.01774051 -0.70706052 0.70691788 -0.01823741 -0.70706052 0.70692509 -0.01795269 -0.70706004 0.70693028 0.01776836 -0.70705938 -0.7071541 -0.00022866 -0.70705938 0.7069484 -0.01705939 -0.70705926 -0.70715433 8.155e-05 -0.70705539 -0.70715821 -4.987e-05 -0.70705467 -0.70715874 -0.00023727 -0.7070539 0.70697188 -0.01629466 -0.70705169 0.70693696 -0.01783333 -0.70705074 0.70694387 0.01759697 -0.70704991 0.70694697 0.01750608 -0.70704949 0.70694578 0.01757115 -0.70704746 0.70692396 -0.01850323 -0.70704728 0.70693892 -0.01792659 -0.70704645 -0.70716703 -0.00013253 -0.70704597 0.70693988 -0.0179412 -0.70704597 0.70696229 0.0170409 -0.70704585 0.7069456 -0.01772476 -0.70704526 0.70696282 0.01704811 -0.70704424 -0.70716929 -0.00013928 -0.70704204 0.70695776 0.01739163 -0.70704085 -0.70717275 -2.21e-06 -0.70704073 0.70696217 0.01726308 -0.70703816 0.70696163 0.01739011 -0.70703781 0.70696384 0.01730956 -0.70703745 0.7069664 0.01722423 -0.70703655 0.70696217 0.01743451 -0.70703411 0.70696801 0.01728774 -0.70703363 0.70697248 0.01712292 -0.70703214 0.70695758 0.01779213 -0.70702803 0.70696509 0.01765869 -0.70702583 0.70695353 -0.01819993 -0.70702392 0.70696664 0.01775822 -0.70702302 0.7069816 0.01718984 -0.70702255 0.70696777 0.01776271 -0.70702249 0.70698094 0.01724035 -0.70702207 0.70698559 0.01706101 -0.70701909 0.7069782 0.01748869 -0.707017 0.70699531 0.01686853 -0.70701224 0.7070002 -0.0168656 -0.70701116 0.70699209 -0.01724372 -0.70700735 0.7069869 0.01761456 -0.70700622 0.70699555 0.01730649 -0.70700592 0.70701092 0.01668156 -0.70700371 0.7069962 0.01738073 -0.70700288 0.70700085 0.01722343 -0.70700234 0.70699286 0.01757164 -0.70700204 0.70699477 0.01750838 -0.70700121 -0.70721227 0.00016363 -0.70700115 0.70700079 -0.01730067 -0.70700067 0.70699483 -0.01756039 -0.70700026 0.70700222 0.0172774 -0.70700008 0.70699662 0.01751235 -0.7069996 0.706999 0.01743259 -0.70699739 0.70700246 -0.01737779 -0.70699441 0.70700514 0.01739559 -0.70699412 0.70700479 0.01741619 -0.70699382 0.70700043 0.01761339 -0.7069931 0.7070058 0.01742163 -0.70699292 0.70700848 -0.0173172 -0.70699215 0.7070055 0.01747456 -0.70699012 0.707003 -0.0176581 -0.70698911 0.70698589 -0.01836411 -0.70698828 0.70700407 0.01768967 -0.70698649 0.70700568 0.01769004 -0.70698589 0.70701718 -0.01724914 -0.706985 0.70702112 0.01713505 -0.70698351 0.70701081 0.01760798 -0.70698267 0.70700288 0.01795667 -0.70698261 0.70702362 -0.01712396 -0.70697951 0.70701134 0.01775263 -0.70697892 0.70709556 0.01402352 -0.70697516 0.70702451 0.01739033 -0.70697218 -0.70724136 -0.00022418 -0.70697063 0.70704347 -0.01679335 -0.70696968 0.70703042 0.0173745 -0.70696902 0.70703107 0.01737465 -0.70696741 0.70703089 0.01745026 -0.7069667 0.70701969 0.01792158 -0.70696306 0.70703709 -0.0173681 -0.70696259 0.70703828 0.01734313 -0.70696229 0.70704055 0.01726558 -0.70695984 0.70703 0.01778491 -0.70695907 0.70704675 0.0171444 -0.70695746 0.70703453 -0.01770154 -0.70695513 0.70703185 0.0178996 -0.70695299 0.70703554 0.01783474 -0.70695233 0.70704699 -0.01740373 -0.7069515 0.70705926 0.01693589 -0.7069509 0.70705694 -0.01705435 -0.7069506 0.70705807 -0.01701736 -0.70694625 0.70705754 0.01722623 -0.70694572 0.70704544 -0.01773193 -0.70694411 0.70707095 -0.01675573 -0.70694321 -0.70727021 0.0003592 -0.70694005 0.7070393 -0.01819818 -0.70693988 0.70706391 0.01722099 -0.70693702 -0.70727652 0.00025959 -0.70693588 0.70706546 0.0173269 -0.7069276 0.70705253 0.01816896 -0.70692682 0.70708853 0.01674148 -0.70692497 0.70707178 0.01750439 -0.70692456 0.70705569 0.01816081 -0.70692217 0.70706922 -0.01772859 -0.70691699 0.70707786 0.01758675 -0.70691681 0.70707297 0.01778693 -0.7069158 0.70708406 0.01738094 -0.70691514 -0.70729822 -0.00058277 -0.70691335 0.70706838 -0.01810358 -0.70691305 -0.70730048 -8.921e-05 -0.70691222 -0.70730126 -0.00011236 -0.70691007 0.70705682 -0.01867855 -0.70690942 0.7070998 -0.01699957 -0.7069062 0.70710081 -0.01709205 -0.70690602 0.707084 -0.01778095 -0.70690471 0.70707738 0.01809096 -0.70690328 0.70710337 0.01710287 -0.70690179 0.7071051 0.01709433 -0.70689923 0.70709771 0.01749736 -0.70689672 0.70710254 0.01740584 -0.70689565 0.70711219 -0.01705293 -0.70689279 0.70711559 0.0170301 -0.70689106 0.70709783 0.01782268 -0.70688713 0.70711744 0.01718973 -0.70688587 0.70712286 0.01702157 -0.70688564 -0.7073279 0.00012288 -0.70688361 0.70711952 0.01725173 -0.70688188 0.70713389 0.01673158 -0.70687866 0.70712745 0.01713245 -0.7068786 0.70711172 -0.01776758 -0.70687276 0.70713282 -0.01715471 -0.70686644 0.70713794 -0.01719702 -0.70686513 0.70713574 -0.01733767 -0.70686311 -0.70735049 0.0001308 -0.70686275 0.70711702 0.01818338 -0.70686197 0.70713013 -0.01769768 -0.70686048 0.70713884 -0.01740454 -0.70685995 0.70713753 0.01748091 -0.70685905 0.70713419 0.01765207 -0.70685673 -0.70735663 -0.0002821 -0.70685184 -0.7073614 0.00052903 -0.70685112 0.7071625 0.01681328 -0.70684749 0.70715028 -0.01746906 -0.706846 0.70714456 -0.01775813 -0.70684528 0.70716017 0.01715218 -0.7068426 0.70714206 0.01798855 -0.70684052 0.70714396 -0.01800023 -0.70683807 0.70715046 -0.01783785 -0.70683664 0.70716453 0.01733113 -0.70683366 0.70717645 -0.01696174 -0.70683295 0.70718187 0.01676002 -0.70683116 0.70716673 0.01746351 -0.7068305 0.70715356 -0.01801266 -0.70682967 0.70718068 -0.01694805 -0.70682853 0.70719588 -0.01634953 -0.7068243 0.70717442 -0.01742589 -0.70682424 -0.70738888 -0.00062792 -0.70682406 0.70717639 -0.01735463 -0.70682275 0.70717853 0.0173221 -0.70681721 0.70719093 0.01704303 -0.70681608 0.70718747 0.01723622 -0.70681584 -0.70739722 -0.00079094 -0.70681477 0.70718253 -0.01748314 -0.70681447 0.70718098 0.01755953 -0.70681375 0.70718998 -0.01722621 -0.70681232 0.7071858 0.01745172 -0.70681113 0.70719463 0.01714738 -0.70680571 0.70720392 0.01698257 -0.70680529 0.70719117 -0.01752173 -0.70680392 0.70718044 -0.0179997 -0.70679843 0.70722675 0.0163175 -0.7067979 0.70720959 -0.01706558 -0.7067973 0.70719153 0.01782454 -0.70679486 0.70720011 -0.0175764 -0.70679069 0.70721871 0.01698696 -0.70678872 -0.70742452 -0.00060625 -0.70678872 0.70720583 0.01759739 -0.70678872 0.70721 -0.01742585 -0.70678806 0.70721853 -0.01710784 -0.70678699 0.70722806 0.01675037 -0.70678651 0.70722729 0.0168042 -0.70678604 0.70720875 0.01758763 -0.7067821 0.70720369 0.01794242 -0.70678157 0.70722133 0.01725877 -0.70678061 0.70721012 0.01774536 -0.70677662 0.70725071 -0.01622611 -0.70677572 0.70720863 -0.01799781 -0.70677525 0.70723158 0.01709591 -0.70676756 0.70724392 -0.01690172 -0.70676672 0.70723164 -0.01743983 -0.70676541 0.70723164 0.01749647 -0.70676303 0.70723701 0.01737065 -0.70675981 0.70721644 -0.0183156 -0.70675814 0.70724863 0.01709135 -0.70675778 0.7072528 0.01693958 -0.70675737 0.70721102 0.01862006 -0.7067548 0.7072323 -0.01788805 -0.70675445 0.70725703 0.01690506 -0.70675099 0.70743489 0.00624316 -0.70674652 0.70725882 0.01715942 -0.70674598 0.70726055 -0.01710824 -0.70674115 0.7072618 0.01725147 -0.7067408 0.70724648 -0.01788036 -0.7067405 0.70725554 -0.0175413 -0.70673621 0.70731199 -0.01528968 -0.70673561 0.70726991 0.01715 -0.70673239 -0.70384896 0.07159474 -0.70673233 0.70729667 -0.01614887 -0.70673013 0.70728338 0.01681342 -0.7067281 0.70724678 -0.01836901 -0.70672792 -0.70384312 0.07169694 -0.70672423 -0.70748907 -2.153e-05 -0.70672387 0.70678085 -0.0316582 -0.70672172 0.70726019 -0.01809476 -0.70672065 0.70732677 -0.01532039 -0.70671988 0.70727599 0.01754234 -0.70671827 0.70728683 -0.01716877 -0.70671618 0.70729625 0.01685677 -0.70671403 0.70729834 0.01686066 -0.70670635 0.70729345 0.0173826 -0.7067045 0.70729804 -0.01727505 -0.70670396 0.70728147 -0.01795845 -0.70670336 0.70728755 -0.01773736 -0.70669508 0.70728391 -0.01821105 -0.70669419 0.70728749 -0.01809854 -0.70667994 0.70731491 0.01757997 -0.70666605 0.70733249 0.01743404 -0.70666403 0.70732611 -0.01776399 -0.7066626 0.70732087 -0.01802666 -0.70666242 0.70735657 0.01657966 -0.70666218 0.70733088 -0.0176557 -0.70666099 0.70733714 0.01745177 -0.70665956 0.70735294 0.01685608 -0.70665681 0.70735019 0.01708364 -0.70665669 0.70734012 -0.0175049 -0.70665276 0.70733094 -0.01801977 -0.70664781 0.70736611 -0.01679541 -0.70664674 0.70734471 -0.01771686 -0.70664316 0.70735794 -0.01732708 -0.70663959 0.70736092 0.01735156 -0.70663172 0.70736676 0.0174319 -0.706631 0.7073701 0.01732331 -0.70663053 0.70735401 -0.01798985 -0.70662415 0.7073698 0.01761624 -0.70662016 0.70739132 0.01689828 -0.70661569 0.70738465 0.01735848 -0.70661527 0.7073828 0.01745114 -0.7066133 0.70736527 -0.01822125 -0.70660639 0.70740056 0.0170842 -0.70659983 0.70739716 0.01749023 -0.70659512 0.70740211 0.01747854 -0.70659459 0.70739907 0.01762772 -0.70658875 0.70740396 0.0176692 -0.70658714 0.70741242 0.01738581 -0.70658439 0.70743978 -0.01635407 -0.70658237 0.70741045 0.01766135 -0.70657021 0.70742226 -0.01767112 -0.70655876 0.70743281 0.01770391 -0.7065531 0.70743394 -0.01788363 -0.70653993 0.70747024 -0.01694607 -0.70653528 0.70746344 0.01741972 -0.70653522 -0.70767784 -0.00014177 -0.70652765 0.70743853 -0.01869199 -0.70652401 0.7074644 0.01783019 -0.70652008 0.70747119 -0.01771314 -0.70651144 0.70748633 0.01745228 -0.70650983 0.70749444 0.01719564 -0.70650905 0.70746756 -0.01829054 -0.70650458 0.70750046 0.01715635 -0.70650178 0.70750469 -0.01709753 -0.70650107 0.70749927 -0.01734918 -0.70649958 0.70748895 -0.01782556 -0.70649564 0.70751071 0.01710152 -0.706487 0.70752007 0.01707146 -0.70648557 0.70752203 -0.01705219 -0.70648497 0.70751274 0.01745252 -0.70648223 0.70751548 -0.0174526 -0.70648217 -0.70772994 0.00103095 -0.7064774 0.70752507 0.01725875 -0.70647669 0.70751852 0.01755377 -0.70646244 0.70754176 0.0171933 -0.70645297 0.70754671 -0.0173739 -0.70644867 0.70754451 0.01763551 -0.70644796 0.70754927 0.01747304 -0.70644224 0.70752865 -0.01850426 -0.70644182 0.70754832 0.01775708 -0.70643973 0.70753205 0.01847638 -0.70640516 0.70759505 0.01734683 -0.70640045 0.70761067 -0.01689951 -0.70638788 -0.70038486 -0.10235833 -0.70638448 -0.70039427 -0.10231671 -0.70638299 0.70760268 0.01793233 -0.70637816 0.70761305 0.01771041 -0.70637423 0.70762825 -0.0172534 -0.70637393 0.70762968 -0.01720485 -0.70636791 0.70763379 -0.01728635 -0.70636672 0.70762444 0.01771472 -0.70636231 0.70760977 0.01845631 -0.7063514 0.70762742 0.01819959 -0.70634627 0.7076546 0.0173179 -0.7063449 0.70766103 -0.0171108 -0.70633268 0.70766926 -0.01727617 -0.70632261 0.70780498 0.01097859 -0.70632058 -0.70523798 0.06124205 -0.70631522 0.17541835 -0.68581873 -0.70630157 0.70770472 -0.01708999 -0.70628738 0.7077198 -0.01705101 -0.70626879 0.70773399 -0.01723337 -0.70625788 0.7077468 -0.01715516 -0.7062307 -0.70798171 -3.862e-05 -0.70621371 0.70782381 -0.01573436 -0.70619547 -0.70801693 3.438e-05 -0.70618027 0.70780873 0.01778372 -0.70617902 0.70784181 0.01646412 -0.70617348 0.70783019 0.0171878 -0.70617139 0.70781559 -0.01786176 -0.70616466 0.707838 0.01722995 -0.70611268 0.70786321 0.01828802 -0.70609838 0.70792955 -0.01615167 -0.70609725 0.7079311 -0.01613034 -0.70607519 0.70793253 -0.0170085 -0.70607013 0.70793676 -0.01704771 -0.70604783 -0.7081641 0.0003889 -0.70603406 -0.70817786 0.00011663 -0.70602965 0.70800972 -0.0156297 -0.70602 0.70800078 0.01645198 -0.70601684 0.70794821 0.01869561 -0.70599604 0.70800334 0.0173431 -0.70590723 0.70809251 -0.01731574 -0.70586729 0.70809019 -0.0189688 -0.70580786 0.70820558 -0.01673433 -0.70576471 0.70818764 0.01914258 -0.70571965 0.17381188 -0.68683994 -0.70564884 0.70836258 -0.01679908 -0.70557058 -0.70594937 0.06169051 -0.70557046 -0.70182192 0.09806342 -0.70556903 -0.7059629 0.06155286 -0.7055608 -0.70182383 0.09811822 -0.70546561 0.59003699 0.39265081 -0.70534277 -0.7072162 0.04833896 -0.7052753 0.70875144 0.01606513 -0.70520222 -0.7071299 -0.05154729 -0.70514417 0.708736 0.02156224 -0.70514041 -0.70384258 0.08592161 -0.70502877 0.70889747 -0.01996987 -0.70502394 0.70896184 -0.01773176 -0.70499468 0.70909458 0.01293953 -0.70498025 -0.69907576 -0.11956532 -0.70495254 0.70874578 0.02685764 -0.7048896 0.70908713 -0.01805577 -0.70476246 -0.70817357 -0.04242641 -0.70432061 0.7097106 0.01560203 -0.70426935 -0.70519602 0.08187361 -0.70413256 -0.70821428 -0.05128231 -0.70412385 0.70993471 0.01422809 -0.70397782 -0.70295763 -0.10131998 -0.70384967 -0.70679581 -0.07096006 -0.70378661 -0.70937347 -0.03838678 -0.70374191 0.71018541 0.01959473 -0.70372254 -0.70277816 -0.10429418 -0.70360881 0.71016425 0.02452415 -0.70356804 -0.70666069 -0.07498465 -0.70338404 0.71068317 0.01343077 -0.70325589 -0.70876122 -0.05557698 -0.70325547 -0.71093011 0.00321092 -0.70320809 -0.70436537 -0.09678737 -0.70275688 -0.70415956 -0.10144977 -0.70266348 -0.7074061 0.07642416 -0.7026127 -0.70604789 -0.0884977 -0.70226395 0.71171093 0.0171159 -0.70211285 -0.70468038 -0.10228907 -0.70210737 -0.70466429 -0.10243785 -0.70182842 -0.70570242 0.09706113 -0.70172477 -0.70561767 0.09841805 -0.70172197 -0.70563465 0.09831648 -0.70143759 0.7124911 0.01848686 -0.70117259 0.51816785 0.48975402 -0.70113188 0.51823491 0.48974141 -0.70083892 -0.70203513 0.12637849 -0.70081997 0.71327043 0.00983494 -0.70042056 -0.70076776 0.13540854 -0.70041937 -0.70076352 0.13543683 -0.700409 0.52041304 -0.48846453 -0.7003352 0.71309727 0.0319841 -0.70023787 -0.70626867 0.10417044 -0.6998412 0.71409416 -0.01708121 -0.69908458 0.55283463 -0.45349169 -0.69808036 0.55158544 0.45654944 -0.69804567 0.49798894 0.51452827 -0.69708169 0.17631896 -0.69497401 -0.69665861 0.18013838 -0.69441837 -0.69648963 -0.70441282 0.13676497 -0.69635838 0.55080861 -0.46010309 -0.69506848 -0.68702304 -0.21184698 -0.69461268 0.17617895 0.69747698 -0.6940614 0.71116018 0.11193713 -0.69377398 0.69953418 -0.17125878 -0.69301647 0.71965575 -0.04270609 -0.69216967 -0.68180376 0.23673764 -0.69208634 0.72061002 -0.04168556 -0.69195682 0.17196667 -0.70115852 -0.69158959 -0.69032753 0.21248966 -0.69130582 -0.68268633 -0.23671828 -0.69102496 -0.6829797 -0.23669228 -0.68895859 0.16978788 0.70463336 -0.68801886 0.72544509 -0.01896221 -0.68750894 0.50856525 -0.51835597 -0.68730825 0.50876546 -0.51842552 -0.68714005 0.50875878 -0.51865506 -0.68701893 0.50887847 -0.51869816 -0.68690896 -0.67474848 0.26994556 -0.68687743 -0.67465651 0.27025542 -0.68648601 -0.68526512 -0.24320503 -0.6849975 -0.67705673 0.26902166 -0.68487918 -0.67690754 0.26969746 -0.68457735 -0.68714285 0.24328712 -0.68444741 -0.68729824 0.24321388 -0.68399358 -0.67636293 0.27328733 -0.68389827 -0.67220378 0.28359339 -0.68356138 -0.67817295 -0.26986161 -0.68354607 -0.67815685 -0.26994088 -0.68313265 -0.67736328 -0.27296323 -0.68311316 -0.67733979 -0.2730701 -0.68310338 -0.72899801 -0.04395194 -0.68234897 -0.6895082 -0.24285428 -0.68184143 -0.67834079 0.27376288 -0.68171191 -0.67991167 -0.27016473 -0.68169832 -0.68470538 0.25780979 -0.6816628 -0.67984366 -0.27045989 -0.68042594 -0.66615742 -0.30537671 -0.68016541 0.16045164 0.71528333 -0.67954189 -0.46960574 -0.56364286 -0.67896146 -0.55363762 0.48217905 -0.67862803 0.55224091 0.48424578 -0.67753369 -0.68312478 -0.27255943 -0.67719543 -0.68516177 -0.26825312 -0.67662263 -0.68466181 -0.27096164 -0.67655551 -0.68460304 -0.27127731 -0.67648637 -0.68413484 -0.27262706 -0.67636973 -0.6810717 0.28047341 -0.67495084 -0.68638283 -0.27077681 -0.67486018 -0.68636513 -0.27104753 -0.67050785 -0.67591923 -0.30586326 -0.67044401 -0.67586911 -0.30611405 -0.66954547 -0.56833148 -0.47823441 -0.6637795 0.64579773 -0.37728226 -0.66147345 -0.64759076 0.37825772 -0.66057575 -0.65303421 0.37038627 -0.65970933 -0.55448514 -0.50727683 -0.65927225 0.46585998 -0.5901987 -0.6588375 0.13943267 0.73925078 -0.65848064 0.14127935 -0.73921812 -0.65777409 0.5477373 0.51702714 -0.65738022 0.54824835 -0.51698655 -0.65711504 -0.54743814 -0.51818067 -0.65663165 -0.66757673 0.35096475 -0.65640777 -0.66775554 0.35104331 -0.65449077 -0.64957297 0.38690668 -0.65412658 -0.15167335 0.74102199 -0.65297931 -0.66097265 0.36977455 -0.65287936 -0.63805991 0.40820098 -0.65285677 -0.63804197 0.40826544 -0.65280122 -0.53805101 0.5332464 -0.6517424 0.54671389 0.52567649 -0.65149891 -0.63650352 -0.41281039 -0.65135086 -0.5473913 -0.52545661 -0.65118515 0.54753405 -0.52551335 -0.65116447 0.5477137 0.52535182 -0.65107197 0.5465793 -0.52664626 -0.65105331 -0.54689902 0.52633727 -0.65057433 0.65119123 0.39077234 -0.65020853 0.64956415 0.39407539 -0.65005964 0.54723018 -0.52722061 -0.64986533 0.64983416 0.39419612 -0.64939296 -0.64481515 -0.4031156 -0.64905834 -0.54634833 0.52936435 -0.64885998 0.54668915 0.52925569 -0.64814782 -0.64320344 0.40766871 -0.64747977 0.19094396 -0.73777395 -0.64601582 0.57355642 -0.50368315 -0.64594597 0.57360703 -0.50371504 -0.64587164 0.57363605 -0.50377715 -0.64511228 0.28245696 -0.70996356 -0.6448825 0.12686916 0.7536782 -0.64481062 -0.62927991 -0.43385029 -0.64242977 -0.65076184 0.40471354 -0.64215797 0.76343364 -0.06929771 -0.64177454 -0.65029728 0.40649602 -0.6416741 -0.63384652 -0.43184817 -0.64130807 -0.63345194 -0.43296936 -0.64098006 0.57902539 0.50385928 -0.64094687 -0.65180135 0.40539134 -0.64014173 0.64010936 -0.42482752 -0.63865656 -0.12234125 -0.75970411 -0.63840282 0.12236506 -0.7599135 -0.63773948 0.54450285 -0.54479814 -0.63771498 0.12161831 -0.7606107 -0.63759166 0.54327929 0.54619086 -0.63750422 0.58357513 -0.50301933 -0.63707054 0.12091951 -0.76126182 -0.63696486 -0.12110329 -0.76132107 -0.63681155 0.12099674 0.76146626 -0.63676172 -0.64465308 0.42303285 -0.6366412 -0.12092435 0.7616201 -0.63636476 -0.12062237 0.76189905 -0.63617641 0.12053693 0.7620697 -0.63570952 -0.63266641 0.44227439 -0.63543516 -0.61731744 -0.46383336 -0.6347146 -0.6455071 0.42480364 -0.63468105 -0.64545906 0.42492655 -0.63415939 -0.6400528 -0.43379062 -0.63408762 -0.64696765 0.42351589 -0.63408136 -0.6400035 -0.4339774 -0.6329357 -0.64669997 0.42564255 -0.6327014 -0.64162976 -0.43358985 -0.63265812 -0.64161408 -0.43367615 -0.63225067 -0.55494517 0.54064292 -0.63138276 -0.64344627 -0.43281963 -0.62878525 -0.64306909 0.43714002 -0.62563014 -0.18827793 -0.75705904 -0.62520999 -0.64263046 0.44287539 -0.62506962 0.54357296 -0.56019306 -0.62503505 0.56886876 0.53452736 -0.62441045 -0.61039025 -0.48737597 -0.62435752 -0.61041385 -0.48741418 -0.62434047 -0.61038697 -0.48746967 -0.6218822 -0.54058021 -0.56659997 -0.62171525 -0.62967449 -0.46581152 -0.62084842 -0.61406189 0.48731428 -0.62083519 -0.63019741 -0.46627775 -0.62027133 -0.61032754 -0.49271077 -0.6178112 -0.19125223 -0.76271343 -0.61721963 -0.63333708 0.46682337 -0.61573595 0.57742834 0.53613955 -0.61509556 0.54061663 0.57392609 -0.61374646 -0.62772733 -0.47882539 -0.60910916 -0.59545052 -0.52385563 -0.60689652 -0.58813846 0.53457427 -0.60668468 0.58850896 0.53440708 -0.60600203 0.7786634 -0.16261844 -0.60504866 -0.1628902 0.77934778 -0.60341799 0.59238613 0.53382146 -0.60332084 0.59250051 0.53380424 -0.60272974 -0.5829652 0.54485643 -0.60059422 -0.61455554 -0.5114764 -0.60044974 -0.61768878 -0.50785887 -0.59798455 -0.59352922 -0.53864419 -0.59733254 -0.58893782 0.54437679 -0.59677726 -0.80114341 -0.04501269 -0.59675688 0.53560698 -0.59750015 -0.5947448 -0.59084511 0.54514265 -0.59463882 0.0820801 -0.79979217 -0.59134972 0.12666075 0.79640603 -0.59014148 -0.57972616 -0.56182802 -0.58936775 -0.1269867 -0.79782218 -0.58766574 -0.57849944 0.56567436 -0.58759141 -0.57841086 0.56584209 -0.58189833 0.63758445 -0.50485694 -0.58145213 -0.5637334 -0.58661574 -0.58030468 -0.59067458 0.56066936 -0.58006781 0.69557333 -0.42390931 -0.5797767 -0.59041804 0.56148523 -0.57939845 0.50919205 -0.6364125 -0.57828414 -0.5670355 0.58656484 -0.57808232 -0.56709927 0.58670199 -0.57803768 -0.59273922 0.56083214 -0.57767731 -0.59270859 -0.56123573 -0.57689828 -0.73631662 -0.35359043 -0.57590425 -0.59114099 0.56470054 -0.5741483 -0.5571937 -0.59990752 -0.57258624 0.64853024 -0.50155109 -0.57234848 0.06483465 -0.81744331 -0.57234585 0.06438545 0.8174808 -0.57125735 0.62424898 0.5328961 -0.57015145 0.06246193 0.81916171 -0.57013756 0.6487307 0.50407505 -0.56991017 -0.57923651 0.58282715 -0.56963801 0.0627409 -0.81949747 -0.56803739 -0.5492819 -0.61288077 -0.56743175 0.06155631 -0.82111627 -0.56715286 -0.57846147 -0.58627635 -0.56608891 -0.57943428 -0.58634394 -0.56378859 0.63215685 -0.53152621 -0.56364709 0.63226587 -0.53154665 -0.56171131 -0.57319957 0.59659255 -0.56147563 0.52755541 0.63751882 -0.56139058 -0.77559203 -0.28861302 -0.55927622 -0.54652607 -0.62331313 -0.55799717 -0.54414994 0.62653011 -0.55395991 0.52847874 -0.64330292 -0.54937118 -0.03305781 -0.83492428 -0.54756981 0.64618951 -0.53160727 -0.5471583 0.64648795 -0.53166825 -0.54596138 -0.5269888 -0.6513133 -0.54579765 0.52727228 -0.6512211 -0.54526657 -0.52677017 0.65207177 -0.54514247 0.52703255 -0.65196347 -0.54490441 0.52659816 0.65251321 -0.54485321 -0.55789238 0.62601203 -0.54463154 0.52566314 0.65349424 -0.5445962 0.52655828 0.65280277 -0.54453278 -0.5255456 0.65367121 -0.54423606 -0.52638668 0.65324122 -0.5438357 -0.52670389 -0.653319 -0.54317272 0.52630991 -0.65418756 -0.54300064 0.52142543 0.65822923 -0.54297018 -0.51333129 0.66458601 -0.54249859 0.52606183 -0.65494603 -0.53751332 0.52472883 0.66010541 -0.53663605 -0.55495358 0.63564795 -0.53599155 -0.77567041 -0.33323953 -0.53581691 0.03503116 0.84360713 -0.53572541 -0.78160232 -0.31952459 -0.53540665 -0.51233745 0.67145371 -0.53538293 -0.51230335 0.6714986 -0.53536922 -0.03566195 0.84386486 -0.5349263 0.03500073 -0.84417349 -0.53492582 -0.03498668 -0.84417433 -0.53483188 0.03491137 -0.84423697 -0.53482622 -0.03492123 -0.84424013 -0.53482312 -0.06989241 0.84206837 -0.53403729 -0.5120973 0.67272621 -0.53138453 -0.80188048 -0.27316323 -0.53095251 0.68805051 0.49464712 -0.52939433 0.02974631 0.84785414 -0.52935588 -0.02992928 0.84787178 -0.52892983 0.03056538 0.84811491 -0.52885014 -0.50980598 0.67853916 -0.52813762 -0.5465399 0.64989609 -0.5279569 0.02882065 0.84878194 -0.52777815 0.02934525 -0.84887522 -0.52769935 0.02927106 -0.84892666 -0.52731746 -0.27248687 -0.8047902 -0.52472317 -0.50346291 0.68643326 -0.52382934 0.02594299 -0.85142809 -0.5237509 0.6987955 -0.48720604 -0.52222824 0.02475543 -0.85244644 -0.52079839 -0.50658888 0.68712223 -0.52036059 0.69649684 0.49408191 -0.51828372 0.64288926 0.56398171 -0.51771653 -0.49705425 0.69635248 -0.51632589 0.52093631 -0.67973012 -0.51607817 -0.49245095 -0.70082492 -0.5159595 -0.50491828 -0.69198507 -0.5157854 -0.50513852 -0.69195426 -0.51383281 0.81710058 -0.26138592 -0.51376796 -0.50044596 -0.6968475 -0.51190048 -0.50216985 -0.69698167 -0.51089495 -0.52933353 -0.67734218 -0.51070237 -0.52915913 -0.67762357 -0.50989658 -0.52982777 -0.67770797 -0.50765938 -0.50955874 0.69471711 -0.50588888 -0.48351061 0.71434861 -0.50579411 0.70513356 -0.4969497 -0.50306487 -0.48189187 -0.71743 -0.50204235 0.51382422 0.69565672 -0.50033718 0.00713375 0.86580122 -0.50028211 0.00708915 0.8658334 -0.4993811 -0.5229454 -0.69075805 -0.49710807 0.72146642 -0.48204756 -0.49710646 0.7214545 -0.48206714 -0.49707413 0.721524 -0.48199627 -0.49691823 -0.51805985 -0.69619405 -0.49463037 0.51237875 0.70200348 -0.49359894 0.67648232 -0.54656357 -0.49351159 -0.00851602 -0.86969739 -0.49266338 -0.83283424 -0.25232863 -0.49261695 0.81577975 -0.30303803 -0.49261269 -0.00014043 -0.87024862 -0.49240103 -0.50650775 0.70780724 -0.49174839 -0.8155055 -0.30517903 -0.49067855 0.82647234 -0.2760036 -0.48960453 -0.50991106 0.70730335 -0.48948824 -0.50982201 0.70744807 -0.48913923 -0.47056454 -0.73437852 -0.48901558 -0.31144366 -0.81478018 -0.488083 -0.46932814 -0.73587114 -0.48654673 0.83061224 -0.27084216 -0.48547602 0.82974398 -0.27538684 -0.48535287 0.82589918 -0.28691974 -0.4849804 0.83134639 -0.27139872 -0.48491618 -0.46446601 -0.74103147 -0.4844906 0.83177161 -0.27097011 -0.4844169 -0.498615 -0.71883476 -0.48433462 -0.8347317 -0.26199821 -0.48427433 -0.83295977 -0.26768714 -0.48371276 0.83251983 -0.27006066 -0.48312902 -0.49975199 -0.71891195 -0.48311776 0.83275777 -0.27039173 -0.48307398 -0.49969018 -0.71899182 -0.48306912 0.52305561 -0.70218027 -0.48275328 -0.8355701 -0.26224408 -0.48226994 -0.83483899 -0.2654424 -0.48213455 -0.83555752 -0.26341951 -0.48196819 0.83331031 -0.27074105 -0.4816393 0.73723382 0.47382474 -0.48147127 0.83363122 -0.27063704 -0.48146343 0.83360559 -0.2707299 -0.48141924 0.83369088 -0.27054572 -0.48135263 -0.4948692 -0.72346681 -0.48132959 0.83369273 -0.27069944 -0.48124626 -0.50243777 0.71830231 -0.48117197 -0.49470297 -0.72370046 -0.48096457 0.83397686 -0.27047276 -0.48041043 0.83490574 -0.26858586 -0.48005715 -0.83480114 -0.26954073 -0.47962058 -0.83823991 -0.25945726 -0.47953069 -0.0080113 0.87748849 -0.47908863 0.50831121 -0.71560717 -0.47853416 -0.8332215 -0.27703238 -0.47658303 0.83179593 -0.28457719 -0.47590232 -0.49163342 0.72925538 -0.47517833 -0.84809989 -0.23437622 -0.47496277 -0.01419387 0.87989146 -0.47458655 -0.83663821 -0.27350354 -0.47448477 0.83781576 -0.2700536 -0.47404721 -0.83834118 -0.26918989 -0.47334144 -0.49635249 0.7277239 -0.47316986 -0.83649963 -0.27636719 -0.47277385 -0.39843312 -0.78596181 -0.46907362 0.85027796 -0.23874117 -0.4683513 0.72837692 0.5001139 -0.46829495 0.72840863 0.50012058 -0.46826565 0.72846109 0.50007164 -0.46825275 -0.84140348 -0.26977706 -0.46822277 0.46826056 0.74933273 -0.46761319 0.47254092 0.74702281 -0.46750516 0.47275349 0.74695581 -0.46734339 -0.48204055 -0.74109852 -0.46694589 -0.83972669 -0.27716553 -0.46668699 0.47128794 0.74839222 -0.46661109 -0.48274702 -0.74110013 -0.46490094 -0.48601538 -0.74003792 -0.45989969 -0.44469923 0.76859277 -0.45961797 -0.02290615 -0.88782126 -0.45943022 -0.84731853 -0.26641166 -0.45893204 -0.47960383 0.74790472 -0.45747223 0.7368809 0.49772045 -0.45652133 0.73824447 0.49657157 -0.4564282 -0.84507602 -0.27842361 -0.4537639 0.83488411 -0.31155565 -0.45158547 -0.02847004 -0.89177352 -0.45049155 0.59211403 -0.6681754 -0.45031533 -0.46675089 0.76115686 -0.44993082 0.76992667 -0.45252088 -0.44982296 0.77003711 -0.45244029 -0.44866839 0.74797809 0.48910674 -0.44772473 -0.51675421 -0.7297312 -0.44728449 -0.83078057 0.33127061 -0.44600302 0.75136536 -0.48634484 -0.44542068 0.86753571 -0.22131915 -0.44518444 -0.89472175 -0.03582959 -0.44494885 -0.45997506 0.76840311 -0.44481894 -0.4598743 0.76853871 -0.44357622 0.77733189 -0.44608903 -0.44232488 -0.42505875 -0.78973025 -0.44188574 -0.42458111 -0.79023284 -0.43723214 -0.0378825 0.89855051 -0.4360238 -0.49788064 -0.74966532 -0.43216851 0.49370795 0.75464094 -0.43197426 0.76335019 -0.48030698 -0.42916691 -0.38487792 -0.81711984 -0.42873812 0.49509427 0.75568861 -0.4273845 -0.40403888 0.80876142 -0.42671797 -0.40928015 -0.80647475 -0.4254593 0.4922424 0.75939566 -0.42525601 -0.49259445 0.75928128 -0.4248206 -0.49205771 -0.75987279 -0.4247959 0.49210051 -0.75985885 -0.42477185 -0.39917487 -0.81254435 -0.42476311 0.49215743 -0.75984037 -0.42435032 0.49190351 -0.76023519 -0.42375526 0.49182639 -0.76061708 -0.42372644 0.49169922 -0.76071531 -0.42366832 -0.49179828 -0.76068354 -0.42365566 0.90567464 -0.01640968 -0.42298216 -0.40646181 -0.80986106 -0.42248818 -0.44453436 -0.78986901 -0.4224377 -0.49133229 0.7616685 -0.42230126 0.49154294 0.76160818 -0.42208388 -0.44381273 -0.79049057 -0.42164475 0.49139684 0.76206625 -0.42120034 -0.40237847 -0.8128233 -0.41942388 -0.40411943 0.81287825 -0.41751227 0.49069577 0.76478821 -0.41356558 -0.05657263 0.90871501 -0.41354436 -0.05658771 0.90872371 -0.41353774 0.05634388 0.90874195 -0.41271892 -0.05664547 -0.90909541 -0.41178969 0.80858403 0.42026293 -0.41175044 -0.05746157 -0.90948319 -0.41166279 0.05793502 0.90949285 -0.41165823 -0.05769036 0.90951055 -0.41165704 -0.05768835 0.90951115 -0.41043481 -0.43333954 0.80234665 -0.40918177 -0.4272317 -0.80625266 -0.40877464 -0.39244896 0.82394612 -0.40864369 0.48546669 -0.77287287 -0.40666762 -0.42319664 0.80964565 -0.40665051 0.06107146 -0.91154027 -0.40661103 -0.06097351 -0.91156435 -0.40587977 -0.38658863 0.82813692 -0.40566182 -0.06177117 -0.91193348 -0.40564507 -0.42920339 -0.80699229 -0.4056223 0.06167356 -0.9119578 -0.40551212 -0.42428452 0.80965585 -0.40546533 -0.3805083 -0.83115059 -0.40546238 -0.38055149 -0.83113223 -0.4046151 -0.4191305 -0.812783 -0.40452567 -0.38755399 0.82834828 -0.40402547 -0.42517599 -0.80993128 -0.40377313 -0.38809162 0.82846379 -0.4033421 -0.42427096 0.81074619 -0.40228134 -0.42102602 -0.81296176 -0.4016771 -0.38280478 0.83193511 -0.40156713 -0.38270259 0.83203512 -0.40086472 -0.37614498 0.83535755 -0.40063643 -0.49544844 -0.77072781 -0.40052375 -0.42193809 0.81335652 -0.39986557 -0.38580787 0.83142042 -0.3986015 -0.42373005 0.81336933 -0.39832127 -0.06704154 -0.91479266 -0.39075777 -0.36337131 -0.84573615 -0.39024037 -0.07256395 0.917849 -0.38993534 0.82507074 0.40891173 -0.38875741 0.80719697 -0.44418544 -0.38864431 -0.40432328 -0.82793623 -0.38850978 0.8075375 -0.44378304 -0.38684809 -0.40609831 -0.82790864 -0.38567182 -0.40727466 0.82787955 -0.38531476 -0.36805135 0.8462097 -0.37845343 0.47546905 -0.79416764 -0.37151745 -0.08638618 0.92439836 -0.37045091 0.82869542 0.41955942 -0.36968601 -0.08587468 -0.92517984 -0.36754578 0.83117729 0.4171983 -0.36737639 0.83136523 0.41697291 -0.36368319 -0.34623665 0.86478591 -0.36337784 0.85470206 0.37073043 -0.36021137 0.46948993 -0.80611843 -0.35992581 0.09455931 -0.9281767 -0.35919905 0.85675174 0.37007084 -0.35467398 0.86437106 -0.35646731 -0.35453129 0.10623016 0.92899013 -0.34987921 0.12051547 0.92901063 -0.34778574 -0.36286083 0.8645097 -0.34536266 0.87372535 0.3425326 -0.34387872 0.08974278 -0.93471581 -0.34310716 -0.32469985 0.88138944 -0.34091553 0.87265283 -0.34964773 -0.34085506 0.87273759 -0.34949511 -0.34084997 0.87273479 -0.3495073 -0.3398422 0.46254835 0.81887501 -0.33664662 0.87877131 -0.33827505 -0.33628154 0.87902176 -0.33798745 -0.33613396 0.86348468 0.37604269 -0.33597213 0.86175841 0.38012531 -0.33595195 -0.35968587 0.8704955 -0.3354736 0.86238551 0.3791419 -0.33408523 0.86380178 -0.37713858 -0.33306116 0.45817924 0.82410067 -0.32917762 -0.31007427 -0.89190584 -0.32415846 0.45600444 0.8288433 -0.3224096 -0.11872709 0.93912512 -0.32225379 -0.29569381 0.89928728 -0.32178 -0.29638043 0.89923096 -0.32145783 -0.29576468 0.89954889 -0.32129836 -0.29563111 0.89964974 -0.32050073 -0.33775946 0.88498467 -0.31844667 -0.12151242 0.9401204 -0.3169001 0.42778093 -0.84650916 -0.31536439 -0.12364847 -0.94088054 -0.31284329 -0.12134712 -0.94202131 -0.31174338 -0.46710014 0.82742584 -0.31102496 -0.28578851 0.9064151 -0.31090316 -0.76237601 -0.56755805 -0.31032667 -0.33633739 -0.88914263 -0.31025493 -0.33627135 -0.88919264 -0.3089706 -0.32806242 0.89269942 -0.30789658 0.2929078 -0.90520978 -0.30481869 0.36922154 0.87792999 -0.30449885 -0.28171703 -0.90989894 -0.30242154 -0.27641854 -0.9122138 -0.30138129 -0.38488272 -0.87237293 -0.3012602 -0.27799025 -0.9121204 -0.30120662 -0.27794135 -0.91215307 -0.29949787 -0.27083281 -0.91485 -0.29752469 -0.38579959 -0.87329131 -0.29651499 -0.31988537 -0.89986229 -0.29453883 -0.32149315 -0.89993829 -0.29350105 0.44454384 0.84630835 -0.29303616 0.44435868 0.84656662 -0.29302263 0.44435468 0.84657335 -0.29299906 0.44439572 0.84656012 -0.29299459 -0.44389147 -0.8468262 -0.29281068 0.44402182 -0.84682149 -0.29276717 -0.44431284 0.8466838 -0.29252198 0.44390696 -0.84698141 -0.2924667 0.9057467 -0.30673471 -0.29223001 -0.44403735 0.84701383 -0.29129541 0.44440132 -0.8471449 -0.29102927 0.44311854 -0.84790796 -0.29101518 0.44314271 -0.84790015 -0.29093775 -0.44327602 -0.84785706 -0.29023221 0.1708989 0.94157255 -0.28946462 -0.30933359 0.90582728 -0.28580603 -0.31160045 0.90621191 -0.28566834 -0.31148019 0.90629673 -0.28503886 0.92898339 -0.23609908 -0.2846604 0.92952597 0.23441365 -0.28433138 0.91649991 0.28139564 -0.2838262 0.93075275 0.23052536 -0.28232208 0.93324143 0.22215879 -0.28201276 0.91720599 -0.28142852 -0.28195503 0.91727173 -0.28127199 -0.28114039 -0.4530479 0.84599501 -0.28093782 0.92144597 0.26834917 -0.28083813 0.92155862 0.26806647 -0.27955291 0.43810827 -0.85434848 -0.27921394 -0.77507639 -0.56682992 -0.27889466 0.43888062 0.85416716 -0.27888152 -0.2979424 -0.91293782 -0.27814075 -0.14745679 -0.9491545 -0.27798721 -0.14757337 -0.94918138 -0.27784047 -0.29923034 -0.91283399 -0.27779847 0.1476725 -0.94922119 -0.27774957 0.14769842 -0.94923139 -0.27769393 -0.14774275 -0.94924086 -0.2775408 -0.14785914 -0.94926751 -0.2764664 -0.14866829 0.94945461 -0.27641082 -0.14972755 -0.94930434 -0.27627808 -0.14876723 0.949494 -0.27621529 -0.14880024 0.94950712 -0.27577803 -0.30178463 0.91261858 -0.27576619 0.14859033 0.94967037 -0.27394453 -0.2980881 0.91438389 -0.27311623 0.9303776 0.24455108 -0.27206886 0.15141952 0.95028985 -0.27187401 -0.15107699 0.95039999 -0.27179176 0.27162138 0.92322856 -0.27167052 0.2716755 0.92324835 -0.27087718 0.94135886 0.20116943 -0.26876014 -0.94390321 -0.19187176 -0.26793203 -0.15416509 0.95102346 -0.26757482 0.43366134 -0.86043102 -0.26639068 -0.9444375 -0.19254604 -0.26356557 -0.8647185 0.4275454 -0.26204887 0.43660179 -0.86064464 -0.26193675 -0.93786168 0.22760624 -0.25990328 0.14250787 -0.95506114 -0.25861204 -0.15912178 -0.95278537 -0.25781852 0.31667024 0.91282511 -0.25454327 -0.41510713 -0.87343788 -0.25452375 0.94928646 0.1845884 -0.25153586 0.96185505 0.10753828 -0.25046048 0.90137249 -0.35326657 -0.25029811 0.95989013 -0.12633951 -0.24997117 0.95241767 0.17439912 -0.24993414 0.96013838 -0.12516853 -0.2497689 0.96016109 -0.12532431 -0.24836713 0.95442462 -0.16549137 -0.24808945 0.96112818 -0.12117855 -0.24803898 0.96116149 -0.12101731 -0.24591748 -0.26651537 0.93193036 -0.24297623 0.96798784 0.0629444 -0.24071506 0.96564656 -0.09789196 -0.24024832 0.9650799 0.10441023 -0.24022526 0.96510875 0.10419535 -0.23978086 0.96955967 0.04959057 -0.2396747 0.96953368 0.0506008 -0.23802483 0.96906769 0.06520674 -0.23793572 0.96856475 0.07258646 -0.23771261 0.97082657 -0.03143826 -0.23667811 0.96970809 -0.0604117 -0.23608325 -0.21702856 0.94718707 -0.23286994 0.9715035 -0.04418786 -0.22950538 -0.20235755 0.95203924 -0.2291166 0.74195939 -0.63008076 -0.22594476 -0.20605548 -0.95209777 -0.22450519 -0.20749992 -0.95212454 -0.21686408 -0.23780951 0.94679278 -0.21667473 -0.23763274 0.94688046 -0.21407422 0.41097715 -0.88615471 -0.21006912 0.40935776 -0.88786107 -0.21004011 -0.18931261 0.95918912 -0.210039 -0.18868479 0.95931309 -0.20983256 0.80799717 -0.55055499 -0.20776252 -0.18648919 -0.96023774 -0.20711684 -0.17999871 0.96161485 -0.20681706 -0.18752269 -0.96024048 -0.20380913 -0.183566 -0.96164721 -0.20373371 0.97867578 -0.02619711 -0.20325197 -0.18427353 -0.96162987 -0.20313509 -0.1841507 -0.96167803 -0.20258008 -0.22827162 -0.95228857 -0.20253533 -0.22966455 -0.95196301 -0.20252857 0.40522397 0.89150196 -0.20218799 -0.22928514 -0.95212829 -0.20155595 -0.19580531 -0.95970589 -0.20136169 -0.17885011 -0.96305037 -0.19863904 -0.55847102 0.80538982 -0.19514418 0.40162045 0.8947736 -0.19464387 0.21039413 -0.95804387 -0.19377162 0.21786772 -0.95654917 -0.19375139 0.21788462 -0.95654935 -0.1908825 0.54794317 -0.81444585 -0.1906742 -0.92002857 -0.34233153 -0.19066682 -0.920035 -0.34231821 -0.19009019 -0.16064468 0.96853441 -0.18806531 -0.16279413 0.96857083 -0.18788026 -0.2181199 0.95766634 -0.18605375 -0.15890841 -0.96960413 -0.18476237 0.93082643 0.3153173 -0.18471402 -0.15984672 0.969706 -0.18382382 -0.16103438 0.96967864 -0.18362257 -0.20387854 0.96162164 -0.18348011 -0.16047841 -0.96983588 -0.18277313 -0.20617357 0.96129417 -0.18267943 -0.16222513 0.96969646 -0.18261649 -0.16216132 0.96971893 -0.18237056 -0.20497064 0.96162784 -0.18209288 -0.20470217 0.96173763 -0.18190117 0.67966145 -0.71061403 -0.18107909 -0.39316237 0.90146208 -0.18085961 -0.20571864 -0.96175349 -0.18074839 -0.20564194 -0.96179068 -0.18071134 -0.19974309 -0.96304011 -0.18054992 0.92174548 0.34320107 -0.17988048 -0.20807391 -0.96143031 -0.17900679 -0.2014534 -0.96300215 -0.17897706 -0.20142162 -0.96301436 -0.17896625 -0.20141606 -0.9630174 -0.17842272 -0.21104404 0.9610545 -0.17778412 -0.20813446 0.96180713 -0.17619266 0.39455348 0.90182245 -0.17308192 -0.38765725 0.9054085 -0.1729223 0.34333909 -0.92315549 -0.17070539 -0.92753017 0.33248696 -0.16939934 -0.19669451 0.96572006 -0.16629148 0.1990875 0.96576983 -0.16452752 -0.67746925 -0.71691424 -0.16311775 -0.9832812 -0.08093495 -0.16148917 -0.18429102 -0.96951437 -0.16145162 -0.18426235 -0.96952605 -0.1614015 -0.18419605 -0.96954703 -0.16119568 -0.18986303 -0.96848756 -0.16101852 -0.18382928 -0.96968031 -0.16051701 -0.18557428 0.96943098 -0.16005555 -0.1851413 0.96959013 -0.15850101 -0.18591507 0.96969736 -0.15785912 -0.17740297 -0.97139519 -0.15783434 -0.17737788 -0.97140384 -0.15650657 0.79255271 0.58937746 -0.15633842 0.65901625 0.73570096 -0.15627073 0.77899212 -0.60724843 -0.15623659 0.38531569 -0.90946245 -0.15604161 0.38520566 -0.90954262 -0.15585241 -0.38540247 0.9094916 -0.15573266 0.8533926 -0.49746194 -0.15545419 0.38490027 0.90977234 -0.15526533 0.38483271 0.90983319 -0.15365331 0.38412991 -0.91040373 -0.15359184 -0.38406271 -0.91044247 -0.15336627 0.38396713 -0.91052073 -0.15318063 -0.38387588 0.91059047 -0.15296474 0.92203641 0.35559925 -0.15295358 0.82961166 0.53698206 -0.15261219 -0.38370809 -0.91075665 -0.15233207 0.38378128 0.91077268 -0.14984904 0.97262484 -0.17761232 -0.14947897 -0.35928246 0.92117977 -0.14899376 0.28246549 -0.94763613 -0.14871594 0.93581098 0.31959555 -0.14689571 -0.98173046 0.12094176 -0.14659727 0.04583205 -0.98813391 -0.14608656 0.96409082 -0.22178265 -0.14545308 -0.20908183 0.96702027 -0.14499176 -0.95183021 -0.27017894 -0.14472209 -0.95460588 0.26035199 -0.14429182 -0.93674088 0.31889889 -0.14423622 0.36849815 -0.91837084 -0.14261411 -0.3125225 0.93914378 -0.14229763 0.80668038 0.57360119 -0.14145045 -0.37510389 0.91612715 -0.14039385 0.01874901 -0.98991817 -0.14026298 -0.03520359 0.98948818 -0.13982511 -0.46234441 -0.87560648 -0.13957705 -0.38005334 -0.91437292 -0.13856639 -0.76389909 0.63028371 -0.13647565 0.37263203 0.91788876 -0.13551231 0.00042791 -0.99077547 -0.13517773 -0.23448138 0.96267623 -0.13514274 0.23442067 -0.96269596 -0.13512009 -0.23438129 -0.96270865 -0.13511972 0.23426807 0.96273625 -0.13511963 0.23426796 0.96273625 -0.1350686 -0.23429206 0.96273762 -0.13476828 -0.23467372 0.96268672 -0.13474782 -0.23463811 -0.96269828 -0.13465981 -0.23448485 0.96274793 -0.13463207 0.23466304 -0.96270841 -0.13448003 -0.87521464 0.46466601 -0.13270129 -0.04158717 0.99028325 -0.13133393 -0.29131877 -0.94756782 -0.13119099 -0.81463492 -0.56494153 -0.13109648 -0.88248354 0.45170403 -0.13075626 0.37407923 0.9181326 -0.13028179 -0.47107792 -0.87241751 -0.12845965 0.86573339 0.48373941 -0.12754878 -0.62275916 -0.77194709 -0.12682389 -0.92057425 0.36940324 -0.12636623 0.371429 -0.91982174 -0.12475283 -0.60244977 0.78834701 -0.12446975 -0.11252658 0.98582202 -0.12438273 -0.9169119 0.37921178 -0.12322512 0.09673772 -0.98765254 -0.12244783 -0.75723833 -0.64155799 -0.12165533 0.41547662 -0.90143168 -0.12139675 0.08280586 -0.98914415 -0.12135816 -0.10071798 0.98748577 -0.12002707 -0.69988346 -0.70409989 -0.11948036 -0.14614253 0.98202175 -0.11920819 0.97384888 -0.1934104 -0.11908028 0.52112162 0.84513444 -0.11886727 -0.99061483 0.06747615 -0.11880249 0.86770195 0.48267916 -0.11780071 0.6110658 0.78276533 -0.11682328 -0.32878408 -0.93715173 -0.1158925 0.26619616 0.95692664 -0.1147411 -0.79860663 -0.59081471 -0.11384481 0.38481218 -0.91594702 -0.11310118 0.08630263 -0.98982823 -0.11237449 0.52249044 -0.84520745 -0.11174354 0.86025536 -0.49746761 -0.11079787 0.95743746 -0.26652822 -0.10992669 0.22635768 0.96782148 -0.1093407 0.65067172 -0.75144589 -0.10921052 -0.18417409 0.97680753 -0.10920568 0.76747209 -0.6317125 -0.1089957 -0.26519617 0.95801401 -0.10829568 0.98346364 0.14515965 -0.10805806 -0.83383125 -0.54133976 -0.10789533 -0.54438257 0.83186913 -0.10668805 -0.86927992 0.48266977 -0.10576408 -0.45428973 -0.88455343 -0.10561194 -0.08574793 -0.99070346 -0.10516311 0.99419689 -0.02265402 -0.10444391 0.10022742 -0.9894675 -0.1042021 -0.99422306 -0.02573889 -0.10300948 0.66139871 0.74292713 -0.10202053 -0.91247845 0.39620057 -0.10172066 0.97349459 0.20484459 -0.10149739 -0.93871838 0.3294026 -0.10125082 0.08022502 0.99162108 -0.10074873 0.98977315 -0.10098927 -0.10055847 -0.98321611 0.15223032 -0.10047167 0.35998112 -0.92753392 -0.10025879 -0.37801275 -0.92035568 -0.10019913 0.35645938 -0.92892241 -0.10014319 -0.81324267 -0.5732432 -0.10013143 0.49542972 0.86285758 -0.10004167 0.6451177 -0.75750566 -0.10003762 0.95927024 -0.26418379 -0.09965341 0.91429979 0.39258757 -0.09943846 0.8363896 0.53904039 -0.09781443 -0.30115989 -0.94854361 -0.09746326 0.38377959 -0.91826701 -0.09698486 -0.1317157 -0.98653179 -0.09678633 -0.56714469 0.81791162 -0.09648474 0.99399227 0.05167286 -0.09586135 -0.18444017 0.9781577 -0.09537137 -0.94021618 0.32695234 -0.09512692 0.32039708 -0.94249487 -0.09500685 -0.25799096 -0.9614647 -0.09386974 -0.04469739 -0.99458063 -0.09377256 -0.1535072 -0.98368806 -0.09308515 0.72658634 -0.6807403 -0.09295672 0.22373381 0.97020733 -0.09280615 -0.19342725 0.97671539 -0.09239487 0.93790197 -0.33437002 -0.09239478 0.93789876 -0.3343786 -0.09204008 -0.44282573 0.89187109 -0.09155808 0.01677414 -0.99565846 -0.09133992 -0.948165 0.30436844 -0.09095605 -0.07133815 0.99329644 -0.09043553 -0.14555921 0.98520762 -0.09038892 0.79533774 -0.59938955 -0.09018575 0.33366191 0.93836892 -0.08965042 0.66286808 0.74334967 -0.08949693 -0.38918421 0.91680205 -0.08909907 -0.13181323 -0.98726225 -0.0884421 0.39534116 0.91426659 -0.08794554 -0.26040143 0.96148676 -0.08782083 -0.43101752 0.89805984 -0.0876485 0.85387886 0.51303864 -0.08724796 0.64580566 -0.7585004 -0.08724045 0.64580613 -0.75850093 -0.08723415 0.28874886 -0.95342243 -0.08722693 -0.13753645 0.98664856 -0.08674844 -0.14554399 -0.98554134 -0.08653521 0.07819611 -0.99317527 -0.08591257 0.01738112 0.99615109 -0.085814 0.07350845 -0.99359572 -0.08523208 -0.853719 -0.51371145 -0.08518735 0.60505897 -0.7916103 -0.08475638 0.07319257 0.9937098 -0.08452354 -0.06087622 0.99456018 -0.08440545 0.61314142 0.78545099 -0.08428895 -0.05498192 -0.99492329 -0.08424932 -0.05494309 -0.99492878 -0.08409086 -0.05477442 -0.99495137 -0.08382182 0.57952994 0.81062871 -0.08266147 0.55905974 -0.82499659 -0.08206891 0.45519835 0.88659978 -0.08176806 -0.57627195 -0.81315714 -0.08170709 0.81934369 0.56745028 -0.08148444 -0.74224156 -0.66515988 -0.08111393 -0.05788321 0.99502265 -0.08103258 -0.9148978 0.39546907 -0.08055271 0.98404199 -0.15865897 -0.0804334 0.53139544 -0.84329671 -0.0804168 0.10825699 -0.99086511 -0.08027159 -0.34239918 -0.93611926 -0.07946401 -0.83244699 0.54837716 -0.0792945 -0.71829993 0.69120014 -0.07848918 -0.059444 0.99514109 -0.07836199 -0.05423958 -0.99544835 -0.0782875 -0.05415742 -0.99545872 -0.07822601 -0.26735944 -0.96041644 -0.07719635 -0.90512472 -0.4180789 -0.07709184 -0.993559 0.08305012 -0.07708468 -0.53865576 -0.83899212 -0.07700182 -0.04683331 0.99593043 -0.07683128 0.98952943 -0.12218242 -0.07682782 0.98953038 -0.12217691 -0.07681338 0.98954713 -0.12204984 -0.07670072 -0.64339125 0.76168537 -0.07651122 -0.86478758 0.49627462 -0.07647543 -0.00282353 0.99706739 -0.07646044 0.97875625 0.19023645 -0.07634339 -0.85632145 0.51076925 -0.07615383 0.76444799 0.64017171 -0.07580353 0.76800197 0.63594562 -0.07571858 0.23758195 0.9684118 -0.07554799 0.62724078 -0.77515262 -0.07518008 0.45544648 0.88708311 -0.07489073 -0.32139587 0.94397885 -0.07455422 0.59834355 -0.79776359 -0.07446526 -0.85644752 0.51083523 -0.07414086 -0.04521647 0.99622214 -0.07392548 0.85488659 -0.51352108 -0.07289696 -0.99525833 0.06439636 -0.07270362 0.29233384 0.95354861 -0.07257135 -0.57986569 0.81147349 -0.07246812 0.14693755 -0.98648751 -0.07241143 -0.96641582 -0.2465705 -0.07198083 -0.16393313 -0.98384172 -0.07193062 -0.2816152 -0.95682752 -0.07114408 -0.19394058 -0.97843021 -0.07083168 -0.77674115 0.62582421 -0.0707902 0.95698792 0.28135887 -0.07058921 0.96586096 0.24925816 -0.07045262 0.96782357 -0.24156581 -0.0695629 -0.96777588 0.24201415 -0.06951568 -0.99722397 0.02668443 -0.06924015 0.88037115 -0.46920398 -0.06912779 0.54700249 -0.83427191 -0.06864016 -0.03929912 0.99686706 -0.06859336 0.84431398 0.53144026 -0.06826704 -0.05693556 -0.99604118 -0.0677414 -0.17090705 0.98295563 -0.06772207 -0.39869669 0.91457891 -0.06770232 0.5022884 -0.86204565 -0.06769907 -0.6452384 -0.76097584 -0.06734515 0.55420566 -0.82965106 -0.06723815 0.93979782 -0.33505079 -0.06722838 0.05874684 -0.99600661 -0.06715927 -0.99432617 -0.0824938 -0.06664502 -0.82999182 0.55377984 -0.06563623 -0.9932785 0.09533993 -0.06545632 0.8630802 -0.50080729 -0.06515704 -0.03705708 -0.99718672 -0.06503949 -0.99446601 -0.0825066 -0.06503542 0.99372083 -0.09104559 -0.06440163 0.24199153 0.96813869 -0.06431725 -0.54926854 -0.83316714 -0.06426438 0.71429628 -0.6968866 -0.06411746 -0.03833571 -0.99720573 -0.0641074 -0.03832534 -0.99720681 -0.06391261 -0.02754699 -0.99757528 -0.06365997 -0.99723136 -0.03843186 -0.06365014 -0.00333842 0.99796671 -0.0634685 0.61890417 -0.78289795 -0.06293616 0.95546728 0.28830767 -0.0626847 0.76442856 0.64165372 -0.06258276 -0.40617067 -0.91165173 -0.06232668 0.25551614 -0.96479374 -0.06225021 -0.46384844 0.88372481 -0.06211686 -0.49463263 -0.8668794 -0.06150229 -0.9834308 0.17053233 -0.06139117 -0.90612435 -0.41853288 -0.0612958 -0.85779428 -0.51032531 -0.0612672 0.24182221 0.96838433 -0.06114959 -0.63418496 -0.77075952 -0.06092482 0.99799085 -0.01738988 -0.06065287 -0.5934754 -0.80256361 -0.06051672 0.82787198 -0.55764306 -0.06021063 0.82249027 -0.56558323 -0.06019968 0.54254264 -0.83786845 -0.0600591 -0.93573439 -0.34755433 -0.05957537 -0.96670753 -0.2488517 -0.05897302 -0.08465175 -0.99466395 -0.0585862 0.99507833 0.07991821 -0.05819735 -0.08623078 -0.99457395 -0.05786917 0.26019382 0.9638207 -0.057817 0.33446673 0.94063228 -0.05779827 0.99806923 -0.02274226 -0.05748421 -0.07954628 0.99517238 -0.05723226 -0.02860684 0.99795103 -0.05716167 -0.55985737 -0.82661498 -0.05713732 -0.02755832 -0.99798596 -0.05697162 -0.08006355 0.99516034 -0.05686034 0.99815494 0.02129911 -0.05636398 0.8573665 0.51161098 -0.05626881 -0.0311557 0.99792939 -0.05584039 -0.23270532 -0.97094291 -0.0557869 -0.38389787 0.92168874 -0.05571409 -0.72846377 -0.68281513 -0.05524597 0.44749472 -0.89257848 -0.05512251 0.22554111 0.972673 -0.05450507 -0.41190779 -0.909594 -0.05402179 0.56964189 0.82011569 -0.05391345 -0.99675262 0.0598124 -0.05340981 -0.86350048 -0.50151205 -0.05318803 -0.02851577 0.99817723 -0.05310952 0.98917395 0.13680036 -0.05223092 -0.23013967 -0.97175491 -0.05217006 -0.72634357 -0.68534899 -0.05183752 0.33480299 0.94086123 -0.05178447 -0.94622725 -0.31933108 -0.05111028 -0.83290625 0.55104893 -0.05107821 -0.36556205 -0.92938435 -0.05044589 -0.62834507 -0.77629745 -0.05011468 0.93874514 -0.34094873 -0.05005571 -0.617351 0.78509372 -0.05003116 -0.61722553 -0.78519398 -0.04881626 0.33392644 0.94133425 -0.0487217 -0.5765754 -0.8155899 -0.04828441 0.76203102 0.64573789 -0.04806368 -0.07519194 0.99601007 -0.04795082 -0.0750642 0.99602515 -0.04767597 0.63374412 -0.77207226 -0.04741295 0.99676102 -0.06495781 -0.0470729 -0.41961315 0.90648162 -0.04632463 0.33199197 -0.94214404 -0.04586937 0.94746679 0.31654799 -0.04458642 -0.09368529 -0.99460304 -0.04407212 -0.34936139 0.93595093 -0.04360845 -0.06347387 0.99703032 -0.04332935 -0.46240321 0.8856104 -0.0432314 0.59577632 -0.80198604 -0.04300168 -0.97165495 -0.23245943 -0.04297004 -0.61741573 -0.78546262 -0.04275654 0.53240955 -0.84540629 -0.04267354 -0.35468549 0.93401134 -0.04226075 -0.57693303 -0.81569737 -0.04160843 0.88301462 0.46749762 -0.0415986 -0.98709309 0.15465024 -0.04136819 -0.99577576 -0.0819719 -0.04110133 -0.28685889 0.95709074 -0.04100933 -0.48719826 -0.87232798 -0.04098626 -0.99781239 -0.0518711 -0.04097659 -0.96254456 0.26800892 -0.04063846 0.76638418 0.64109582 -0.04057545 0.29237074 -0.95544398 -0.04054299 -0.06042221 -0.9973492 -0.04046565 0.32943451 0.94331092 -0.04026213 0.98812473 -0.14828524 -0.0394439 0.90191507 -0.4301084 -0.03921508 -0.99821103 0.04513016 -0.03908436 -0.01721864 -0.99908763 -0.03889994 -0.06239058 -0.99729341 -0.03886057 -0.18071048 0.98276836 -0.03845509 -0.28795841 -0.9568705 -0.03815084 -0.86410069 -0.50187117 -0.03813775 0.98438257 0.17186148 -0.03813113 0.99397624 0.10274843 -0.03780139 -0.52357227 0.85114229 -0.0377047 -0.95046389 0.30853975 -0.03766273 -0.41815677 0.90759379 -0.03753734 0.99512714 -0.09117444 -0.03721716 -0.86517513 -0.5000869 -0.03700081 -0.94491524 0.32521692 -0.03659581 -0.06468679 0.9972344 -0.03570821 0.90398037 -0.42608011 -0.0353288 -0.38886887 0.92061543 -0.03532122 -0.60296458 -0.79698569 -0.03522844 -0.97258377 0.22986925 -0.03483832 -0.80060905 -0.5981735 -0.03455914 0.57324231 0.81865674 -0.03384929 -0.72634834 0.6864928 -0.03346578 0.35158598 0.93555719 -0.0333688 0.77868944 0.62652147 -0.03314852 0.79999858 -0.59908545 -0.03300444 -0.35975584 0.93246251 -0.03291988 -0.98621404 0.1621674 -0.03279306 -0.99810058 0.05215174 -0.03276607 -0.01025607 0.99941039 -0.03218169 -0.29098797 -0.95618528 -0.03184926 -0.25869659 0.96543342 -0.03149202 -0.00354572 0.99949777 -0.03122942 0.85036141 0.52527153 -0.0303298 -0.05601166 0.99796933 -0.03015239 0.32439476 -0.94544119 -0.02980489 0.46564606 0.88446897 -0.02888769 0.77518916 0.63106847 -0.02823303 -0.14859307 -0.98849529 -0.02807965 0 0.99960566 -0.0279026 0.45381325 -0.89065987 -0.02788249 -0.4991281 0.86607951 -0.02775522 0.01358574 0.99952239 -0.02763931 -0.00281115 0.99961406 -0.02756243 0.99939227 0.02133717 -0.02708458 -0.41418883 0.90978795 -0.02706561 -0.23441522 -0.97175974 -0.02699566 0.23298582 0.97210538 -0.02677822 -0.38806731 0.92124188 -0.02645679 0.98781288 -0.15338092 -0.02640531 0.79601395 -0.60470217 -0.02635097 -0.76895821 0.63875574 -0.02633915 -0.69476175 -0.71875745 -0.02556315 0.97501832 -0.22064894 -0.02553272 -0.04505064 0.99865836 -0.02525328 0.2726092 0.96179336 -0.02484954 -0.29650921 0.95470667 -0.02478354 0.55075592 0.83429831 -0.02394032 -0.93998462 0.34037596 -0.02357983 -0.30567431 -0.9518441 -0.0231408 0.78208691 0.62273949 -0.02275546 -0.9993127 0.02926056 -0.02241587 0.99962455 -0.01575876 -0.02208889 -0.99957091 0.0192394 -0.02165699 -0.29528937 -0.95516241 -0.0211341 0.99958205 0.01972737 -0.02065341 -0.99957812 0.02042263 -0.02006844 0.92888641 -0.36982056 -0.0200683 -0.86572462 -0.5001182 -0.01990887 0.01990921 -0.99960363 -0.01987055 0.01987072 -0.99960506 -0.01908723 0.95607406 -0.29250318 -0.01893329 0.02147652 -0.9995901 -0.01869829 0.02175391 -0.99958837 -0.01850712 -0.74473006 -0.66710907 -0.0184119 -0.70698929 0.70698452 -0.01839029 0.42258784 -0.90613538 -0.01823793 0.83298099 0.55300093 -0.01774493 -0.36013147 -0.93273282 -0.01762034 -0.6051268 0.79593414 -0.01704209 0.52483958 0.85103059 -0.0167326 0.02850044 -0.99945372 -0.0164637 0.91781223 -0.39667317 -0.01537733 0.86429876 -0.50274372 -0.0153546 0.27896962 0.96017718 -0.01465315 -0.01268951 0.99981213 -0.01413237 0.86674786 -0.49854636 -0.0140077 0.9062022 0.42261231 -0.01399336 -0.81903386 0.57357448 -0.01399284 -0.09113936 0.99573988 -0.01358638 0.82898134 0.55911136 -0.01347867 0.43299538 0.9012953 -0.01302275 -0.19266452 0.98117828 -0.0127197 0.01208035 0.9998461 -0.01269543 -0.04867884 0.99873376 -0.01257495 -0.09188301 -0.99569041 -0.01257076 0.01204677 0.99984843 -0.0124882 -0.40630671 0.91365141 -0.01245892 0.0126588 -0.99984223 -0.01236404 0.01224438 -0.9998486 -0.01234245 0.01234259 -0.99984765 -0.01234225 0.01234243 -0.99984765 -0.01218683 0.89488387 0.44613251 -0.01120044 -0.44712752 0.89440006 -0.0109132 -0.99195099 -0.12615149 -0.01090488 -0.99193549 -0.12627397 -0.01089303 0.84093589 -0.54102504 -0.01089217 -0.92210704 0.38678148 -0.01088917 -0.38678357 -0.92210627 -0.01088887 -0.12606154 0.99196267 -0.01088347 0.95498484 0.29645494 -0.01088115 -0.79600173 -0.6051966 -0.01087873 0.54101264 0.84094411 -0.01087421 -0.60518223 0.7960127 -0.01086074 -0.92210507 0.38678718 -0.01048611 0.85863805 -0.51247531 -0.01016896 -0.99647301 -0.0832951 -0.01005588 -0.31384954 -0.94941956 -0.00985021 0.42623428 -0.90455914 -0.00979477 0.14731786 -0.98904073 -0.00974954 -0.94130808 0.33740786 -0.00962724 0.31369537 -0.94947493 -0.0094568 0.31359348 -0.94951022 -0.00943494 0.31357524 -0.94951653 -0.0093926 0.3135533 -0.94952416 -0.00930781 0.89049923 -0.45488957 -0.00918596 -0.59401351 -0.80440265 -0.00917765 -0.44693649 -0.89451867 -0.00908282 -0.31344032 -0.9495644 -0.00861762 0.31316137 0.9496609 -0.00852696 -0.25455639 0.96702039 -0.00847106 0.31309095 0.94968539 -0.00836333 0.01084074 0.99990624 -0.00827445 0.99244547 0.12240732 -0.00825514 -0.29685345 -0.95488739 -0.00811356 0.27029806 0.96274251 -0.00801254 -0.31286216 0.94976473 -0.00790899 0.3128579 0.94976699 -0.00788528 -0.31278154 0.94979239 -0.00785057 0.31284189 0.94977278 -0.00748167 0.01924613 -0.99978685 -0.00665976 0.9856748 0.16852541 -0.00638811 0.31999457 -0.94739795 -0.00624692 -0.48761386 -0.8730371 -0.00535547 0.32380223 -0.94610965 -0.00481311 0.00481315 0.99997681 -0.00479945 0.00479952 0.99997699 -0.00458792 -0.3017213 0.95338511 -0.00454379 -0.02583805 0.99965584 -0.00397039 -0.99959642 -0.02812744 -0.00340155 -0.78371346 0.62111324 -0.00309512 0.00586018 0.99997801 -0.00288979 0.00601012 0.99997777 -0.00259707 0.36127925 0.93245411 -0.00243484 -0.90435177 -0.42678091 -0.00237242 0.02192574 -0.99975681 -0.00220185 0.4452391 -0.89540905 -0.0020862 -0.34488207 -0.93864369 -0.00202876 0.56876576 0.82249713 -0.00197944 0.56922579 0.8221789 -0.00191021 0.94992459 -0.31247318 -0.00188594 -0.63671356 0.77109808 -0.00173424 0.01479288 0.99988914 -0.00169196 0.06985767 0.99755549 -0.00169124 0.06985527 0.99755567 -0.00154931 0.44090417 0.89755291 -0.00150275 0.28922486 -0.95726001 -0.00148378 0.56961644 0.82190931 -0.00096705 0.00382643 -0.99999225 -0.00015975 -0.44986537 0.89309633 -7.926e-05 -0.66486347 0.74696493 -7.926e-05 0.66486347 0.74696493 -6.001e-05 0.69618225 0.71786517 -5.309e-05 -0.70710677 0.70710677 -1.837e-05 -0.81915951 0.5735659 -1.837e-05 0.81913781 0.57359678 -7.45e-06 -4.742e-05 0.99999994 -7.45e-06 1.288e-05 1 -6.74e-06 0.57362264 -0.81911963 -6.73e-06 -0.57361048 -0.81912827 -6.46e-06 0.31773493 0.9481796 -6.17e-06 0.42259583 0.90631825 -5.81e-06 -0.70707947 -0.70713413 -5.81e-06 0.70708859 -0.70712501 -2.14e-06 0 1 -2.01e-06 -0.81914097 0.57359213 -2.01e-06 0.81914264 0.5735898 -1.54e-06 9.09e-06 0.99999994 -1.12e-06 -0.00943383 0.99995553 -1.07e-06 -1.178e-05 0.99999994 -1.07e-06 0 0.99999994 -5.5e-07 -0.01082352 0.99994141 -4.9e-07 7e-07 1 -4.9e-07 3.6e-06 1 -3.6e-07 -6.62e-06 1 0 -0.99992555 0.01220316 0 -0.99619895 -0.0871077 0 -0.99619895 0.0871077 -0 -0.99619544 -0.08714732 0 -0.99619544 0.08714732 -0 -0.99402761 -0.10912848 0 -0.99402243 0.10917602 -0 -0.99401164 -0.10927376 0 -0.99401164 0.10927376 -0 -0.96593529 -0.25878379 0 -0.96593529 0.25878379 -0 -0.96592551 -0.25882024 0 -0.96592486 0.25882268 0 -0.91542065 -0.4024986 0 -0.91541851 0.40250334 0 -0.91541016 -0.40252233 0 -0.91540498 0.40253425 0 -0.90629923 -0.42263648 0 -0.9062984 0.42263833 0 -0.90628433 -0.42266861 0 -0.90628433 0.42266861 0 -0.81917453 0.57354432 0 -0.81917292 -0.57354665 0 -0.81914264 0.5735898 0 -0.81913781 -0.57359678 0 -0.81910807 -0.57363915 0 -0.80630004 0.59150678 0 -0.80629367 0.59151542 -0 -0.80628026 -0.59153354 -0 -0.70711166 -0.70710188 -0 -0.70708853 -0.70712501 0 -0.70706522 0.70714831 0 -0.59152395 0.80628753 0 -0.5914945 -0.8063091 0 -0.57363492 0.81911111 0 -0.57362264 -0.81911963 0 -0.57358497 0.8191461 -0 -0.57356197 -0.81916213 -0 -0.57354361 -0.81917506 0 -0.54728907 0.83694369 0 -0.54725015 0.83696902 -0 -0.4226608 -0.90628797 0 -0.42264074 0.90629733 0 -0.42263138 -0.90630168 0 -0.42263088 -0.90630192 0 -0.42261636 0.90630865 0 -0.42261082 0.90631127 -0 -0.40252849 -0.91540754 0 -0.40250939 0.91541576 0 -0.3176977 0.94819206 -0 -0.25882336 -0.96592468 -0 -0.25881356 -0.96592724 0 -0.25881356 0.9659273 -0 -0.25880659 -0.96592915 0 -0.25880659 0.96592915 0 -0.22844674 0.97355634 0 -0.10907369 -0.99403369 0 -0.1090729 0.99403369 -0 -0.08720379 -0.99619049 -0 -0.0872004 -0.99619079 0 -0.08717419 0.99619311 0 -0.08715676 0.99619454 0 -0.08715609 -0.99619466 0 -0.08715532 0.99619478 0 -0.06830896 0.99766421 0 -0.06829855 0.99766493 0 -0.00354747 0.99999374 0 -7.95e-06 0.99999994 0 -7.95e-06 1 -0 0 0.99999994 0 -0 1 0 6.62e-06 1 -0 7.95e-06 0.99999994 -0 0.00354724 0.99999368 -0 0.00944347 0.99995542 -0 0.01084112 0.99994123 0 0.06830154 0.99766475 0 0.0683035 0.99766463 0 0.08715532 0.99619478 0 0.08715609 -0.99619466 0 0.08715609 0.99619466 -0 0.08716356 0.99619406 0 0.08720379 -0.99619049 0 0.08720719 -0.99619019 0 0.22842546 0.97356135 0 0.25880378 -0.96592987 0 0.25880834 0.96592867 0 0.25881356 -0.96592724 0 0.25882602 0.96592396 0 0.25884303 -0.96591938 0 0.27998808 -0.9600035 -0 0.27999604 0.96000117 -0 0.42256048 0.90633464 0 0.42257553 -0.90632778 -0 0.42258784 0.906322 -0 0.42261082 0.90631127 0 0.42261589 -0.90630889 0 0.42263088 -0.90630192 0 0.54731721 0.83692527 0 0.54734534 0.83690685 0 0.55533928 0.83162379 0 0.57350761 -0.81920016 0 0.57356197 -0.81916213 0 0.57358032 -0.81914932 0 0.57361048 -0.81912827 -0 0.57362264 0.81911963 0 0.70707035 0.70714325 0 0.70707947 -0.70713413 0 0.70711166 -0.70710188 0 0.70712042 0.70709312 0 0.70712507 -0.70708859 0 0.78831583 0.61527091 -0 0.81912273 0.57361829 0 0.8191362 -0.5735991 0 0.81913781 -0.57359678 -0 0.81914097 0.57359213 0 0.81917661 -0.57354122 0 0.81918263 0.57353276 0 0.8316009 -0.55537373 -0 0.83161086 0.55535883 0 0.90631425 -0.42260441 0 0.90631425 0.42260441 0 0.90632832 0.42257413 0 0.90632921 -0.42257228 0 0.91538143 -0.40258762 -0 0.91538143 0.40258762 0 0.95997268 0.28009352 0 0.95997471 -0.28008661 0 0.96592486 -0.25882268 0 0.96592486 0.25882268 0 0.96593529 -0.25878379 0 0.96593529 0.25878379 0 0.99618864 -0.08722489 -0 0.99618864 0.08722489 0 0.99619198 -0.08718609 -0 0.9961921 0.08718525 0 0.99619311 -0.0871726 0 0.99619311 0.0871726 3.6e-07 0.99992502 0.01224538 4.9e-07 -4.17e-06 1 4.9e-07 1.87e-06 1 5.9e-07 -0.99619883 -0.08710854 5.9e-07 0.9961921 -0.08718525 6.4e-07 4.8e-07 1 6.8e-07 -0 1 8.3e-07 -2.96e-06 1 1.32e-06 -0 1 1.76e-06 -0.96592486 -0.25882268 1.76e-06 0.96592551 -0.25882024 5.81e-06 0.70707947 0.70713413 6.24e-06 0.70707017 0.70714343 6.73e-06 0.57363492 0.81911111 7.23e-06 0.57360327 0.81913316 7.45e-06 -3.563e-05 0.99999994 7.45e-06 3.563e-05 0.99999994 7.94e-06 -0.25878957 0.96593374 7.94e-06 0.25884303 0.96591938 8.19e-06 -0.08715609 0.99619466 8.19e-06 0.08717419 0.99619311 1.396e-05 -0.69623172 0.71781707 2.494e-05 0.54730642 0.83693224 5.619e-05 0.70710927 0.70710438 0.00012445 -0.52195132 0.85297525 0.00044771 -0.64230347 -0.76645035 0.0008007 -0.00365606 -0.99999297 0.00147672 -0.56963742 0.82189482 0.00162684 -0.41265318 0.9108867 0.00170054 -0.06987102 0.9975546 0.00170314 -0.06986314 0.99755508 0.00183313 -0.05071235 0.99871159 0.00196955 0.22434036 -0.97450882 0.00198924 -0.56923348 0.82217348 0.00200776 -0.01478477 0.99988866 0.00201145 -0.56882167 0.82245839 0.00219449 -0.02175753 -0.99976075 0.00241721 -0.56893384 0.82237977 0.002892 -0.00146975 -0.9999947 0.00289358 0.90830815 0.41829166 0.00294371 0.803599 0.59516376 0.00299656 -0.00594509 0.99997783 0.00302176 0.23209691 0.97268796 0.00304154 0.31562811 -0.94887805 0.00309396 -0.00586235 0.99997807 0.00312739 0.6560154 0.75474101 0.00342387 0.30475679 -0.95242405 0.00396374 0.59870535 -0.80095953 0.00401116 0.04860981 0.99880975 0.00433839 -0.01809153 0.99982697 0.00440087 -0.01803057 0.9998278 0.00459654 0.30170777 0.95338929 0.00480036 -0.00480042 0.99997693 0.00481398 -0.00481406 0.99997681 0.00625611 -0.48759887 0.87304533 0.00713657 -0.93252987 -0.36102229 0.00729573 -0.01902274 -0.99979252 0.00787197 -0.31277466 0.94979477 0.0078788 -0.31279251 0.94978875 0.00788512 0.31278148 0.94979239 0.00788576 -0.31278035 0.94979274 0.00801909 -0.31285095 0.94976836 0.00822824 0.37504455 0.92697024 0.00836554 -0.01082315 0.99990648 0.00858202 0.31322259 0.94964099 0.00873927 -0.99981177 0.01731703 0.00894182 0.0624844 0.99800587 0.00895846 -0.3132807 -0.94961828 0.00912566 -0.31336743 -0.94958812 0.00931656 0.85857552 0.51260245 0.00942567 0.31359106 -0.94951129 0.00963649 0.3136797 -0.94947988 0.00982946 -0.31382731 -0.94942921 0.00984993 0.4262878 0.90453398 0.01001325 -0.31392267 -0.94939578 0.01014154 -0.76397848 -0.64516199 0.01048423 0.85869265 0.51238382 0.01081683 0.86435038 -0.5027737 0.01085756 -0.92210507 -0.38678718 0.01086435 -0.92209518 -0.38681039 0.01088087 -0.99195182 0.12614794 0.01088402 0.95498681 -0.29644844 0.01088777 -0.38676721 0.92211318 0.01088888 -0.12606145 -0.99196267 0.01089178 0.84094435 0.54101205 0.01089334 0.29637423 0.95500982 0.01089444 -0.60517877 -0.79601502 0.01090396 -0.99193561 0.12627251 0.01090593 -0.795991 0.60521019 0.01097735 -0.45003778 -0.89294207 0.01114942 0.36404601 0.93131417 0.0120876 0.88742405 0.46079534 0.0122217 -0.01234203 0.9998492 0.01230309 -0.01213019 -0.99985081 0.01234101 -0.01234121 -0.99984771 0.01234244 -0.01234234 -0.99984765 0.01236127 -0.01239812 -0.9998467 0.01248859 0.40627715 0.91366452 0.01252559 -0.37551686 -0.92673087 0.01281475 -0.93402386 -0.35698077 0.01347829 -0.01261474 0.99982965 0.01399644 0.25877273 -0.96583688 0.01400524 0.90620399 -0.42260891 0.01414664 -0.30568182 0.95202863 0.0142449 0.29828015 -0.95437205 0.01466439 0.01269793 0.99981183 0.01532886 0.86429942 0.50274402 0.01595259 -0.88760221 -0.46033463 0.01602426 -0.34149197 0.93974805 0.01646515 -0.16631423 0.98593539 0.01655206 -0.02831931 -0.99946183 0.01702918 0.99537921 0.09449957 0.01755794 0.90472072 0.42564321 0.01762978 -0.99281806 0.11832839 0.01763279 0.54093903 -0.84087688 0.01839911 -0.7069506 0.7070235 0.01844516 0.70698643 0.70698643 0.01866611 0.36160833 -0.93214321 0.01870694 -0.0217365 -0.99958867 0.01876676 -0.02164043 -0.99958962 0.01925916 0.39089185 0.92023498 0.0198692 -0.01986945 -0.99960512 0.01986937 -0.0198692 -0.99960518 0.02032856 0.96490651 -0.26180604 0.02049273 0.19903509 -0.97977811 0.0211749 -0.12492098 -0.9919408 0.02137265 -0.99957603 0.01976938 0.02161514 0.91699034 0.39832324 0.02248661 0.91600674 -0.40053195 0.02263963 -0.11431468 -0.99318665 0.02275575 -0.9993127 -0.02926092 0.02278939 -0.90202361 -0.43108481 0.02279189 0.29672623 -0.95469064 0.02280699 -0.61982483 -0.78440875 0.02296668 0.27542672 0.96104765 0.0231487 0.29762203 0.9544031 0.02356643 -0.3056275 0.95185947 0.02373844 0.29579377 -0.95495683 0.02406168 -0.86605471 -0.4993698 0.02437591 0.19488011 0.98052412 0.02483606 -0.55075347 0.83429843 0.02527919 -0.27257982 0.96180099 0.02538933 -0.95224893 -0.30426523 0.02556248 0.9750185 0.22064768 0.02634821 -0.98852569 0.14873722 0.02637188 0.3373768 0.94100022 0.0266476 0.39902776 -0.91655147 0.02678594 0.98535401 -0.16840421 0.02683496 0.96354485 0.26619783 0.02691404 -0.8796069 0.47493911 0.02725997 -0.62760109 0.77805769 0.02744672 -0.9993974 0.02125305 0.02804988 0 0.99960655 0.02805965 0.85145956 0.523669 0.02907178 -0.18075746 -0.98309803 0.02926894 -0.12225369 -0.99206722 0.02998737 -0.32504016 -0.9452247 0.0300526 -0.61826712 0.7853933 0.03021817 0.29265767 -0.95573974 0.03152136 0.00354548 0.99949676 0.03183599 -0.79785019 -0.60201466 0.0318583 0.25868219 0.96543694 0.03257693 -0.90352958 -0.4272857 0.03259876 -0.79790568 -0.60190016 0.03306284 -0.424362 0.90488881 0.03381876 -0.43540946 -0.89959705 0.0338488 -0.69015712 0.72286755 0.03405425 -0.99927008 0.01730765 0.03457379 0.59528315 0.80277187 0.03459694 -0.57322323 0.81866848 0.03499586 -0.97438198 0.22215974 0.03514144 -0.30549729 0.95154423 0.03589058 -0.42646471 0.90379184 0.03668576 0.81846941 -0.57337755 0.03750593 -0.84370267 -0.53549904 0.03767779 -0.57679653 0.81601846 0.03778858 -0.38792926 -0.92091417 0.03779295 -0.52357244 -0.85114253 0.03803271 0.41123337 -0.91073638 0.03809361 0.11453404 0.99268878 0.03813113 0.99397624 -0.10274843 0.03887028 -0.18069722 -0.98277032 0.03890443 -0.21224813 0.97644103 0.03962282 0.35067251 0.93565959 0.03998855 0.06113169 -0.9973284 0.04011188 0.06124021 -0.99731672 0.04105989 -0.55003262 -0.83413321 0.04108844 -0.60844171 0.79253417 0.04183944 0.06522643 -0.99699295 0.04187284 0.98879248 -0.14330401 0.04308928 0.80216026 -0.59555221 0.04311843 -0.9955979 0.08322056 0.04315506 0.28570557 0.95734525 0.04316749 0.56994319 0.82054943 0.04337161 0.46240535 0.8856073 0.04366597 0.52440059 -0.85035127 0.04421003 0.32447302 -0.94486123 0.04433709 0.98037446 0.19209412 0.04450734 -0.38999695 -0.91973996 0.04457155 0.09368341 -0.99460393 0.04460046 0.95529377 0.29227489 0.0448298 0.48021203 -0.87600601 0.04487861 0.36905926 0.92832172 0.0452356 -0.93206894 0.35944575 0.04546156 -0.17346348 0.98379046 0.04598038 0.99757093 0.05232561 0.0460778 -0.57659334 0.81573099 0.04626483 0.61695313 -0.78563881 0.04633728 -0.33196947 -0.94215131 0.04648308 -0.93884921 -0.34117678 0.0467207 0.97893053 0.19877693 0.04673282 0.65627193 0.75307578 0.04675151 -0.9980129 0.04224458 0.04688229 -0.58978689 -0.80619693 0.04694623 -0.3325482 0.94191706 0.0469524 0.29482248 -0.95439786 0.04709414 0.02146919 -0.99865967 0.0471851 0.97031587 0.2371933 0.04731322 -0.52420229 0.85027844 0.04737591 -0.63355792 -0.77224338 0.0478251 -0.85622221 0.5143891 0.04801521 0.82373273 0.56494147 0.04844063 -0.8406316 0.53943682 0.04884116 -0.34831816 -0.93610305 0.0494451 0.28419259 0.95749146 0.04997824 0.61684948 -0.78549278 0.05002192 0.61733538 0.78510809 0.05049558 -0.83300316 -0.55095911 0.05118233 -0.9291805 -0.36606532 0.05135201 0.09155697 -0.99447483 0.05164853 0.97598445 -0.21162823 0.05186035 -0.94000602 -0.33719295 0.05202901 -0.37292698 0.92640084 0.05218877 -0.57641977 0.81548548 0.05241781 -0.66024733 0.74921685 0.05268647 0.84185988 -0.53711826 0.05270564 0.99861014 -0.00011407 0.05287994 0.28531167 0.95697492 0.05335847 -0.8831048 -0.46613166 0.05346538 -0.33603257 0.9403317 0.05351463 -0.99768841 0.04188205 0.05397669 0.26726991 -0.96210873 0.05467847 0.08542892 0.99484283 0.05482984 0.0586128 -0.9967739 0.05499285 0.78140092 -0.62160158 0.05507717 0.49945733 -0.864586 0.05513134 0.80220181 -0.59450221 0.05515054 -0.22552787 0.97267443 0.05565948 -0.93981367 -0.3371239 0.05568928 -0.49969861 -0.86440736 0.05607275 0.08189385 -0.99506241 0.05639018 -0.25704777 0.96475208 0.05719791 -0.95051289 0.30537474 0.05720434 0.99420929 0.09097031 0.05724711 0.90194809 0.42803299 0.05733814 -0.66219866 0.74713129 0.05744637 -0.01735231 -0.99819779 0.05796396 -0.62000173 -0.78245646 0.05806667 0.98520607 0.16123672 0.05809163 0.08613219 -0.99458867 0.05830783 -0.51238883 0.85677183 0.05859441 -0.38753951 -0.91998905 0.05865571 0.07876661 0.99516594 0.0587894 0.08656438 -0.99451017 0.05894862 -0.45379987 0.88915175 0.05906704 -0.93652844 -0.34558028 0.05915912 0.07897889 -0.99511939 0.05916384 -0.72550637 0.68566763 0.05918632 0.07900721 -0.99511552 0.05929972 0.83419943 -0.54826528 0.05971828 0.08561516 0.994537 0.06018281 0.62672192 -0.77691555 0.06040212 0.92770064 0.36840618 0.06055658 0.51453811 -0.85532653 0.0609884 0.03984154 0.997343 0.06109992 0.16382535 -0.98459542 0.06136561 0.19009869 0.97984535 0.06173032 0.0830633 0.99463046 0.06212521 0.03864012 0.99732006 0.06217996 -0.93941897 -0.33708417 0.06236411 0.08216283 0.9946658 0.06254265 -0.28501618 -0.95648015 0.06272499 0.03925039 0.99725872 0.0630288 -0.85712022 -0.51124573 0.06326996 0.45183456 0.88985527 0.06354197 -0.93920583 0.33742368 0.06356785 -0.86298126 0.501221 0.06358979 0.03782528 -0.99725908 0.06363305 0.76282877 -0.64346188 0.06381293 -0.99753445 -0.02920813 0.06383117 0.69824779 0.71300465 0.06397266 0.03821324 -0.99721974 0.06408419 0.03830774 -0.99720901 0.06409425 0.03831165 -0.99720812 0.06474189 -0.57928562 0.81254941 0.06522804 0.98521292 0.15843239 0.06562908 0.99720347 -0.03575078 0.06714358 0.11741359 -0.99081063 0.06733771 -0.8947956 -0.44136882 0.0676339 0.82240856 -0.56486279 0.06779014 0.73693609 -0.67255461 0.06794209 0.1801008 0.98129886 0.06800148 -0.93912899 -0.33676767 0.06831211 0.6195094 -0.78201121 0.06831778 -0.9972297 -0.02942004 0.06837136 0.27483913 0.95905626 0.06860397 -0.46562037 0.88232142 0.06917121 0.82707202 -0.55782366 0.06921151 -0.93760651 -0.34074 0.06945969 0.82705545 -0.55781245 0.06998935 0.8566258 0.51116896 0.07057875 -0.93889308 -0.33689544 0.07068239 -0.99366659 0.08735361 0.07074477 -0.95988953 -0.27130678 0.07082103 -0.7103591 0.70026726 0.07116467 0.24160744 -0.96776098 0.07137033 -0.05333074 0.99602324 0.07149708 -0.93065506 -0.35884431 0.07218176 0.44640252 0.89191628 0.07243669 0.05310764 -0.99595809 0.07367904 -0.98617423 -0.14843118 0.07397001 -0.01718504 0.99711245 0.07401101 0.20235696 -0.97651118 0.0753931 -0.94697165 0.31234682 0.07545941 0.04754605 0.99601465 0.07606702 0.29327422 0.95299733 0.07637866 -0.23696071 -0.96851218 0.07646168 -0.6388728 0.76550323 0.07662032 0.53912222 -0.83873522 0.07680991 0.98954821 0.12204435 0.07682694 0.98953056 0.12217553 0.0771851 0.98571134 -0.14971858 0.07736573 -0.01714069 -0.99685544 0.07745247 0.57546979 -0.81414711 0.07755418 -0.64646196 -0.75899428 0.07763655 0.95502341 0.28618652 0.07798445 0.30422327 -0.94940335 0.07800979 0.97428745 -0.21137279 0.07819427 0.01481605 0.99682808 0.07840125 0.05429313 -0.99544239 0.07854073 0.05444229 -0.99542332 0.07861888 0.48405963 -0.87149608 0.07873203 0.98744637 -0.13693419 0.07908335 -0.2881493 -0.95431429 0.07940071 0.9676643 0.239419 0.0794099 -0.22225711 -0.97174889 0.07956497 0.28952056 0.95385915 0.08041425 -0.10825041 -0.99086595 0.08052351 -0.01717586 -0.99660474 0.08092795 -0.01713584 -0.99657267 0.08128069 0.99652404 0.01825703 0.08129478 0.74643713 0.66047168 0.0817003 -0.16884765 -0.98225027 0.0818529 0.10990856 -0.9905656 0.08213086 -0.74234116 0.66496921 0.08221916 0.05632365 -0.99502146 0.08251901 0.05663057 -0.99497914 0.08277623 -0.88666397 -0.454945 0.08286831 -0.93404293 0.34741426 0.08313261 -0.46822989 -0.87968725 0.08321381 0.63050103 -0.77171499 0.08333645 -0.99565369 0.04157731 0.08458325 0.93781656 0.33666879 0.08458349 0.93781298 0.33667862 0.08465694 0.05895587 0.99466449 0.08519176 0.60511172 0.79156947 0.08535276 0.05965379 0.99456334 0.08579133 -0.35705349 -0.93013579 0.0860082 0.89260787 -0.44255364 0.08668227 -0.97679603 0.19584592 0.08676503 0.45343927 -0.88705385 0.08694681 0.99275136 -0.08297487 0.08717737 0.05787836 0.99451005 0.08724047 0.64580613 0.75850093 0.08778375 0.26054063 0.96146375 0.08870181 0.95765233 -0.27392346 0.08879071 -0.98792648 0.12695532 0.08914495 0.00703602 -0.99599379 0.08921248 -0.18785957 -0.97813594 0.0894875 -0.74170393 -0.66473097 0.09011573 0.77202505 0.62917125 0.09042053 0.79533124 0.59939331 0.09112842 0.97319931 -0.21113673 0.09133992 -0.948165 -0.30436844 0.09219177 0.93718278 0.33643571 0.09234648 0.08078957 0.99244404 0.09360257 0.06610314 0.99341279 0.0937949 -0.9750998 -0.20095482 0.09386045 0.04469052 -0.99458182 0.09414389 0.51475757 -0.85215122 0.0945347 -0.69903737 -0.70880878 0.09482998 -0.47223151 -0.87635869 0.09515445 0.97412932 -0.2049825 0.09515563 0.25782967 -0.96149319 0.09565333 0.63776219 -0.76427078 0.09637143 0.70062703 0.70698965 0.09637675 -0.30426311 0.94770014 0.09717787 0.06750906 0.99297482 0.09785565 -0.35880947 -0.92826724 0.0982412 -0.08001888 -0.99194038 0.09926382 -0.9849968 0.14116618 0.09947032 -0.051395 -0.99371237 0.09970163 0.92133939 0.37575704 0.0998504 -0.98735797 -0.12310115 0.09993331 -0.98184025 -0.16125467 0.10102132 -0.91301662 -0.39521554 0.10110165 0.99143791 -0.08263952 0.10290924 0.12278976 0.98708278 0.10326694 -0.66379219 0.74075377 0.10417701 -0.70601815 -0.70048946 0.10431997 0.99421066 -0.02573934 0.10486889 -0.61561579 0.78103751 0.10534556 -0.36021912 0.92690051 0.10567562 0.08581445 -0.99069089 0.10567832 -0.64971942 -0.75279254 0.10585056 0.08501495 -0.99074119 0.10592209 -0.7762779 -0.62142819 0.10602076 0.78136224 -0.61500615 0.10604891 0.08569039 -0.9906618 0.10623555 0.08540259 -0.99066669 0.1063488 0.4384118 -0.89245999 0.10646287 0.08416017 -0.99074852 0.10683534 0.08455472 -0.99067491 0.10717364 0.83466589 -0.54022825 0.10753603 -0.97527486 0.19306737 0.10818676 -0.2628907 0.95874089 0.10831611 0.2909618 -0.95058346 0.10834241 0.47287822 0.87444156 0.10845093 -0.53578299 -0.83736193 0.10852148 -0.98660606 -0.12178499 0.10933199 -0.40120617 -0.90943944 0.10935389 -0.16352299 0.98046011 0.11032622 0.63672417 -0.7631582 0.11167034 0.34801954 0.93081254 0.11180342 0.97759396 0.1783544 0.11253388 -0.18593045 0.97609729 0.11310647 -0.08630635 -0.98982733 0.11317074 0.98870707 0.09823751 0.11324913 -0.35880288 -0.92651767 0.1132717 -0.35889986 -0.92647737 0.11376914 0.3419815 0.93279427 0.11561991 -0.01993204 0.99309355 0.11644291 -0.46142605 -0.87950385 0.11777159 0.61103553 -0.78279334 0.11779673 0.61105311 -0.78277582 0.11921623 0.38323653 0.91592431 0.12047575 0.73911417 0.66271859 0.12091146 0.51297694 0.84984416 0.12139236 -0.08281361 -0.98914403 0.12172427 -0.99255872 0.00323355 0.12315565 0.26835257 -0.95541596 0.12322313 -0.09673177 -0.9876532 0.12342478 -0.97617155 -0.17848065 0.12418497 -0.37047505 -0.9205032 0.12454254 -0.94482934 -0.30296323 0.12463854 -0.68214363 0.7205174 0.12589869 -0.84431064 0.52085418 0.12606534 -0.1970714 0.9722501 0.12631503 -0.65862119 0.74179691 0.12647602 -0.58642179 0.80007088 0.12758644 -0.62273431 0.77196103 0.12843843 0.62326288 0.77139288 0.13044146 0.47077459 -0.87255734 0.13231152 -0.91386324 -0.38385907 0.13240315 0.95244545 0.2744396 0.13288376 0.24464679 0.96046335 0.13350117 -0.37602687 0.91694129 0.13376477 -0.37397778 0.91774052 0.13425942 0.52601177 0.83981305 0.13465461 0.23470233 -0.96269566 0.13467777 -0.13885865 -0.98111171 0.13467869 -0.23451771 0.96273726 0.13472976 -0.23460665 -0.96270841 0.13474782 0.23463811 -0.96269828 0.13504967 -0.23425928 0.96274817 0.13511963 0.23426796 0.96273625 0.13511965 0.23426801 0.96273631 0.13512009 0.23438129 -0.96270865 0.1351382 -0.2344128 -0.9626984 0.13522884 0.23445733 0.9626748 0.13564403 0.38716754 -0.91197705 0.13592659 0.16368373 0.97710371 0.13962896 0.46235061 -0.87563437 0.13972211 0.16024841 -0.97713768 0.13989443 0.48775581 -0.86169821 0.14038019 0.15990891 -0.97709906 0.1407707 -0.97505331 -0.17162396 0.14099532 -0.24748442 -0.95857799 0.14253528 -0.77574462 0.614739 0.14358811 0.2827206 0.94839418 0.14406003 0.35384926 0.92414147 0.14481732 0.88135892 0.44970468 0.14980271 -0.19095394 0.97010088 0.15010253 0.64092815 0.75278175 0.15064831 0.96370041 -0.22042397 0.15099198 0.94825113 -0.27932268 0.15246643 0.38354757 0.91084856 0.15255104 -0.38374206 0.91075248 0.15265575 -0.38363236 -0.9107812 0.15299734 -0.92186928 0.35601807 0.15304618 -0.38411057 0.91051412 0.15323892 0.18370439 0.97096372 0.15335229 0.38399154 -0.9105128 0.15354799 -0.38413841 -0.91041791 0.15366751 0.38410559 -0.91041154 0.15380411 -0.5177049 0.84162104 0.15386513 -0.94392818 0.29210502 0.15394455 0.46300218 -0.872886 0.15420656 0.18095437 -0.97132683 0.15489595 -0.85301858 -0.49836394 0.15507059 0.52327514 0.83793569 0.15512575 0.38506824 0.90975732 0.15518591 0.1754916 0.9721728 0.15547054 -0.38495183 -0.90974772 0.15599196 -0.38516578 0.90956789 0.15612912 -0.38532338 -0.90947759 0.15626708 -0.38526419 0.90947908 0.15650563 0.79255563 -0.58937395 0.15651134 0.79255486 -0.58937341 0.15832238 0.22042915 -0.96246821 0.15984535 0.18493485 0.96966416 0.1611416 0.18391523 -0.96964347 0.16124617 0.18401538 -0.96960717 0.16427465 -0.45021576 0.87767857 0.16454738 -0.21454491 0.96275365 0.1686859 0.9699986 0.17506513 0.17011283 0.81612098 -0.55227536 0.17070997 -0.927526 -0.33249587 0.1740005 0.21171722 -0.96171695 0.17534003 -0.0255647 -0.98417598 0.17535365 -0.4148232 -0.89284527 0.17746834 0.21366106 -0.96065289 0.17972493 0.18273935 -0.96659476 0.18070114 -0.67998081 -0.71061462 0.18081799 0.19984585 -0.96299869 0.18089269 -0.92157906 0.34346724 0.18126191 0.20615846 -0.96158355 0.18134497 0.20623747 -0.96155083 0.18200983 0.20460506 0.96177393 0.18230291 0.1539084 -0.97112197 0.18255076 0.16206911 0.96974683 0.18266888 0.2052293 0.96151602 0.18314148 0.20594443 0.96127313 0.18372704 0.16092627 0.96971488 0.18526559 0.98234248 0.02607646 0.18591581 0.20417996 0.96111697 0.18635136 0.15918204 -0.96950203 0.18977195 -0.40224227 -0.89564937 0.19066679 -0.920035 0.34231821 0.19374947 0.21790077 0.95654613 0.19546722 -0.21103163 -0.95773602 0.19655827 0.16939129 0.96574914 0.19670905 0.16955133 0.96569031 0.19860508 -0.55846882 -0.80539966 0.19863458 -0.55847758 -0.80538636 0.20051928 0.23052439 -0.95218194 0.20145281 0.22954713 -0.95222092 0.20146284 0.22958252 -0.95221037 0.20236722 0.76181227 -0.6153776 0.20321727 0.17812289 -0.96279538 0.20581597 0.18113701 -0.96168041 0.20584607 0.1811775 -0.96166629 0.20844576 -0.80814141 -0.55087006 0.20883647 0.22980258 0.95056719 0.20969518 0.18814345 0.95949465 0.21139838 0.18492256 -0.95974708 0.21304211 0.10078257 0.97183114 0.21656506 -0.20378429 0.95476252 0.21674931 -0.41301629 -0.88455486 0.21694674 0.23772451 0.94679523 0.22777008 -0.74253219 -0.62989408 0.22911413 0.20198402 0.95221275 0.22971022 -0.4179014 -0.87897199 0.22988318 0.20181213 0.95206392 0.23185396 0.25869274 0.93772161 0.2334576 -0.97225255 -0.01491825 0.23413326 -0.97130829 -0.04173721 0.2342411 -0.97131085 -0.04106615 0.23473571 -0.4212977 0.87601793 0.23721689 -0.96807623 0.08097228 0.23771746 -0.9708277 -0.03136813 0.23849519 -0.96949571 0.05655157 0.23919988 -0.96932399 0.05651744 0.23921674 -0.96931505 0.05660019 0.23921973 -0.96933311 0.05627762 0.23951443 -0.97007167 0.03992311 0.24315457 0.79412597 -0.55699188 0.24652231 -0.95654428 -0.1557233 0.24656314 -0.95650405 -0.15590541 0.24845192 -0.95878929 0.13782148 0.25029144 -0.95988405 -0.12639929 0.25031126 -0.95989805 -0.12625352 0.25034833 -0.95986187 -0.12645501 0.2503705 -0.95983696 -0.12659988 0.25387347 0.26896372 0.92908925 0.25501388 0.16186504 0.95329309 0.25819716 0.23771992 0.93638855 0.25824833 0.23777525 0.93636036 0.25835162 0.23749152 0.93640387 0.26179662 0.45078063 0.8533811 0.26185241 0.93815112 0.22650784 0.26312476 -0.94184381 0.20903508 0.26345226 -0.9497745 0.16888233 0.26349673 -0.94975883 0.16890086 0.2639015 -0.93926942 0.21938346 0.26482636 0.29246104 0.91887623 0.2654869 -0.4322114 -0.86180633 0.265645 -0.93682742 0.22756809 0.26683807 -0.93163228 0.2466958 0.26752809 0.15352124 0.95124131 0.2686244 0.94393271 -0.19191699 0.27092075 0.29791805 0.91533977 0.27170002 -0.27155152 0.92327619 0.27187553 0.15107965 0.95039916 0.27195585 0.9431712 -0.1909661 0.2720795 -0.15143809 0.95028377 0.27480349 -0.27479067 0.92139739 0.27588114 0.25907442 0.92561871 0.27596515 0.14893501 0.94955868 0.27600339 -0.14843476 0.94962579 0.27634633 -0.93744946 0.21171038 0.27634797 -0.43343621 -0.85776734 0.27646789 0.14867088 0.94945371 0.27693486 0.25770247 0.92568707 0.27753299 -0.14784572 -0.94927186 0.27770171 -0.14775614 -0.94923645 0.2777518 0.14770238 -0.94923019 0.27779621 0.14766863 -0.94922251 0.27819845 0.14741637 -0.94914383 0.27824265 0.14738297 -0.94913614 0.27888036 0.2982012 -0.91285372 0.27955329 0.29882908 -0.91244245 0.27979115 -0.92211074 0.26726142 0.28033057 -0.4385086 0.85388803 0.28090239 0.45468217 0.84519696 0.28131762 -0.92019045 -0.27223128 0.28190207 0.1421514 -0.94885421 0.28282773 0.87665945 0.38919994 0.28374997 -0.29998085 0.91076756 0.28420585 0.31308216 0.90620458 0.28429773 0.31304535 0.90618831 0.28447115 -0.92961663 -0.23428427 0.2853004 -0.91117322 -0.29726589 0.28779602 -0.924371 -0.25042295 0.29000849 0.31027022 0.90533286 0.29093775 0.44327602 -0.84785706 0.29101095 -0.44315013 -0.84789783 0.29103357 -0.44311124 -0.8479104 0.29152375 -0.32345808 0.90021598 0.29157957 -0.90894955 0.2979798 0.29220116 -0.44408727 0.84699756 0.29222476 -0.44404641 0.84701085 0.29233265 -0.44407827 0.84695691 0.29243392 -0.44387174 -0.84703028 0.29279625 -0.4442631 0.84669989 0.29289895 -0.44405681 -0.84677255 0.29290208 0.44386384 -0.84687275 0.29302335 0.44435361 0.84657377 0.29347664 0.44458592 0.84629482 0.29480726 0.32177296 -0.89975047 0.29549503 0.32089758 -0.89983743 0.29561451 0.13551216 -0.94564718 0.29586515 0.32155496 -0.899481 0.29660767 0.31974405 0.89988202 0.29828823 0.27898026 0.91279477 0.29960784 0.27823445 0.91259015 0.2998963 0.31732333 0.8996489 0.30039719 0.13520727 0.94418257 0.30089289 -0.4619939 -0.83428121 0.30141497 0.38458061 -0.87249452 0.30154374 0.27824062 -0.91195047 0.30247062 0.27520797 -0.91256356 0.3026945 0.27540284 -0.91243041 0.3027651 -0.91126525 0.27915755 0.30514434 0.28237078 -0.9094798 0.31163099 0.33509028 -0.8891573 0.31309557 0.94350761 -0.10846508 0.31443068 -0.88684636 0.33858064 0.31584466 0.29493088 0.90180814 0.31815466 0.12219281 -0.94013101 0.31883931 0.29755765 0.89988941 0.31903997 0.29590276 -0.90036386 0.32002151 0.29667753 0.89976037 0.3200939 0.2967526 0.89970976 0.32122257 0.29554737 0.89970434 0.32440028 -0.89254254 0.31326064 0.32658693 -0.45678961 0.82745647 0.3281579 -0.88783407 0.32258809 0.32858229 0.37787858 -0.86558735 0.33021113 0.30918679 -0.89183187 0.33047515 0.30406943 0.89349204 0.33099362 0.11367105 0.9367615 0.33202314 -0.8686862 0.36762053 0.33207187 -0.86356294 -0.37945673 0.33214581 -0.86344701 -0.37965578 0.33302489 -0.45825663 0.82407242 0.33667311 -0.87874192 -0.33832502 0.33679131 -0.87865829 -0.33842465 0.33688557 -0.87858021 -0.3385334 0.33736756 -0.36205938 -0.86896271 0.3374289 -0.94116294 -0.01881781 0.34085712 -0.87273812 -0.34949195 0.34581476 0.45681486 -0.81959277 0.34613159 0.47737166 0.80765653 0.34662136 -0.46514744 0.8145498 0.3507944 0.37611803 0.85760045 0.35155058 -0.46612415 0.81187463 0.35272592 -0.84813654 -0.39528337 0.35342008 -0.86405486 0.35847375 0.35480872 -0.86428517 -0.35654193 0.35917413 0.09352105 0.92857301 0.36216462 -0.47038513 -0.80472016 0.36287943 -0.83396345 0.41572028 0.36344177 -0.10018307 -0.92621464 0.36419103 0.0917067 -0.92679816 0.36595389 0.38392901 0.8477478 0.36636284 -0.47393715 -0.80072582 0.36992851 0.38541734 -0.84534401 0.37116727 -0.07291777 -0.92569852 0.37145433 0.39321345 0.84107357 0.38176075 -0.06602434 0.92189997 0.38228777 0.3817583 0.84149671 0.38379455 -0.81264114 0.43853855 0.38552204 0.39955091 -0.8317042 0.38554576 0.39955887 -0.83168942 0.3859992 -0.47777733 -0.78913462 0.38601115 0.40759739 0.82756257 0.38632965 0.39895716 -0.83161443 0.38672116 0.3686454 -0.84530902 0.38679239 0.40609592 -0.82793581 0.38743183 0.40672714 -0.82732683 0.38787034 0.40484715 -0.82804322 0.38925621 -0.80816984 0.44197398 0.39067635 0.36444652 -0.84531105 0.39075258 -0.80274302 0.45046201 0.39226127 -0.82616538 -0.40445247 0.39258227 0.37246215 -0.84092277 0.39483482 0.37998429 -0.83649117 0.39537224 0.47749138 0.7846545 0.39925486 -0.4808909 0.78060204 0.3992956 0.48580524 -0.7775321 0.40130132 0.42260388 -0.81262732 0.40145299 0.3748877 0.83564031 0.40208066 0.06347438 -0.91340142 0.40359563 0.42476296 -0.81036228 0.40403861 -0.81494433 0.41547391 0.40429044 0.38133022 -0.83134615 0.4044441 0.38150167 -0.83119279 0.40556452 0.4306896 0.80624062 0.40561026 -0.06168059 -0.91196269 0.40567267 0.06176208 -0.91192931 0.40630782 0.42807958 0.8072558 0.4066003 0.0609825 -0.91156852 0.4066624 -0.06106448 -0.91153538 0.40873551 0.39341629 -0.82350409 0.41155562 0.0577503 0.90955311 0.41156644 0.05774263 0.9095487 0.41173577 0.39059934 -0.82335037 0.41175506 -0.05785683 0.90945607 0.41176066 0.05745301 -0.90947908 0.412709 0.05665403 -0.9090994 0.41295794 -0.78273362 0.46561125 0.41346759 -0.05640325 0.9087702 0.41364446 0.05652785 0.90868199 0.413645 0.05652884 0.90868163 0.41678771 0.39404905 0.81915402 0.41752058 -0.49068168 0.7647928 0.41852021 0.40396231 0.81342196 0.41889343 0.40355036 0.8134343 0.42125157 0.40244174 -0.81276548 0.42165345 0.44477242 -0.79018086 0.42184415 0.4910551 0.76217604 0.42227346 -0.49161431 0.76157767 0.42293093 -0.49176046 0.76111829 0.42366835 0.49179828 -0.76068354 0.42372623 -0.49169904 -0.76071554 0.4243502 -0.4919036 -0.76023519 0.42476314 -0.49215737 -0.75984037 0.42479599 -0.49210051 -0.75985897 0.4248206 0.49205771 -0.75987279 0.42486316 0.88874972 -0.17209077 0.42492628 0.49744478 -0.75629795 0.42526102 0.49258578 0.75928402 0.42532358 0.44121277 0.79020959 0.42532673 0.41076025 -0.80645716 0.42534807 0.4407663 0.79044551 0.42541957 -0.49231121 0.75937331 0.42591867 0.44239521 0.78922731 0.4261395 -0.77147359 0.47247601 0.42672321 0.40928516 -0.80646944 0.42792454 0.38414007 -0.81811798 0.42827418 0.47897965 -0.76626354 0.42893979 0.44363371 0.78689247 0.42898226 0.3844777 -0.81740516 0.43108645 -0.78881383 0.43810639 0.43212804 -0.49377683 0.75461894 0.43239823 -0.76293188 -0.48059002 0.43382573 0.41089922 0.80184609 0.43533453 -0.88223857 -0.17927374 0.43597248 0.03691437 0.89920259 0.4360415 0.49810615 -0.74950528 0.44042537 -0.83630651 -0.32652259 0.44116631 0.42521921 -0.79029167 0.44121158 0.4252775 -0.79023504 0.44353732 -0.77735901 -0.44608036 0.44357842 -0.77731609 -0.44611427 0.44682461 -0.75062025 -0.48674113 0.44948322 -0.57948005 -0.67982918 0.44992828 -0.7699753 -0.45244059 0.45015714 -0.76973665 -0.45261893 0.4523221 0.43292889 0.77972907 0.45237124 0.42369968 -0.78475392 0.45635548 0.44213849 0.77217436 0.45743954 0.44064003 0.77238947 0.45941558 0.84373325 -0.2775816 0.45965108 -0.76035523 0.45889083 0.46078631 -0.75835693 0.46105394 0.46149218 0.84548026 -0.2686784 0.46252379 0.48252156 0.74380416 0.46405187 0.47794503 0.74580461 0.46417338 0.83995014 -0.28111705 0.46475539 -0.8499831 -0.24805491 0.46485955 0.48674521 0.73958421 0.46669355 -0.4713029 0.74837869 0.46738574 0.48208761 -0.74104112 0.46748787 -0.4727847 0.74694693 0.46762028 -0.47252405 0.74702901 0.46825287 -0.46822882 0.74933368 0.46939301 0.48160905 0.74008316 0.46955255 0.01718386 0.88273728 0.47109661 -0.83950543 -0.27073711 0.4711917 0.0137993 -0.8819229 0.47141045 0.83998996 -0.2686803 0.4718045 -0.83902419 -0.27099633 0.47188091 0.83698761 -0.27709219 0.4722099 0.84042567 -0.26589954 0.47314799 0.01411364 -0.88086987 0.47331503 0.88087797 -0.0052079 0.47414878 0.83719689 -0.27255186 0.47430328 -0.83695358 -0.27302948 0.47466341 -0.69245118 0.5433287 0.47581109 -0.83202869 -0.28518754 0.47801489 -0.84094918 -0.25358698 0.47880298 0.83811027 -0.26137868 0.47989714 0.00860423 0.87728256 0.48085749 0.83311999 -0.27328941 0.48088902 -0.83397573 -0.27061045 0.48105672 -0.68797582 -0.54339099 0.48105937 -0.50978774 -0.71323103 0.48132262 0.83702981 -0.26021078 0.48150992 -0.83359611 -0.27067629 0.4815591 -0.83359653 -0.27058753 0.48184738 -0.71518844 0.50628918 0.4820253 -0.8333174 -0.27061704 0.48203066 0.50072014 -0.71897542 0.48218673 0.50087279 -0.71876442 0.48222682 -0.83320683 -0.27059898 0.48226967 -0.83304715 -0.27101362 0.48261529 -0.8329587 -0.27066988 0.48268449 0.83586717 -0.26142254 0.48288846 0.49945819 -0.71927768 0.48340431 -0.83248305 -0.27072546 0.48343951 -0.83251721 -0.27055725 0.48352453 0.83243257 -0.27066606 0.48468232 0.50546151 0.71385688 0.4853754 0.8325792 -0.26687565 0.4854562 0.83466083 -0.26014143 0.48548076 -0.82551932 -0.28779531 0.48604938 -0.8293035 -0.27570206 0.48674616 -0.83051789 -0.27077359 0.48722404 0.82031351 -0.29949698 0.48897168 0.31097868 -0.81498396 0.48904929 0.83385193 -0.25597188 0.48967129 -0.82796043 -0.27331981 0.49098083 0.01239678 -0.87108213 0.49118647 -0.71455717 -0.49814048 0.49170342 -0.51158237 0.7046355 0.49253193 -0.69913262 -0.51829141 0.49256161 0.50790006 0.70669693 0.49266356 -0.69903314 -0.51830053 0.49398521 -0.81358206 -0.30669639 0.49485084 -0.02103408 0.86872333 0.49521956 0.51992685 -0.69601256 0.49687231 0.51801252 -0.69626212 0.49703309 0.51821578 -0.69599617 0.49715394 -0.72145075 -0.48202369 0.49761719 -0.51588672 0.69730765 0.49788371 -0.52124655 -0.69311893 0.49913555 0.50078881 0.7071594 0.50008512 -0.00754326 0.86594343 0.50064415 0.48242414 -0.7187646 0.50065899 0.47675282 -0.72252852 0.50080067 0.4768962 -0.72233564 0.50144279 0.52131087 0.69050002 0.50160325 0.48291045 0.71776861 0.50202966 -0.00963376 -0.86479676 0.50215739 0.48222589 -0.71784133 0.50247735 -0.51374501 0.69540107 0.50263822 0.4813574 -0.71808761 0.50336659 0.48442468 0.71551019 0.50621241 0.52365971 0.68522227 0.50723869 -0.51844889 -0.68841827 0.5080117 0.51014245 0.69403076 0.50865775 0.53162545 -0.67723083 0.50890714 -0.68706 0.5186156 0.50894827 0.53195047 -0.67675716 0.51100743 0.50470006 -0.69580823 0.5122723 -0.02080259 -0.85857111 0.51294744 0.49699324 0.69991618 0.5133239 0.53450531 -0.67141831 0.51360625 0.49761686 0.69898933 0.51492745 -0.01157327 0.85715556 0.51609224 0.50127351 -0.6945312 0.51679331 0.50299543 0.69276273 0.51687187 0.52986395 0.67237461 0.5175944 0.53055221 0.67127514 0.51770782 -0.70154762 -0.4897036 0.51785171 -0.81501794 -0.25995269 0.52031159 -0.70040697 0.4885754 0.52108413 0.50124943 -0.69081134 0.52173859 0.04152606 -0.85209411 0.521788 -0.82635969 -0.21181808 0.52290988 0.49794951 0.69181746 0.52355099 0.53433841 -0.66360885 0.52384037 -0.69868648 -0.48726636 0.52392429 -0.6986044 -0.48729375 0.52442473 0.54586422 -0.6534608 0.52713865 0.27224058 -0.80499065 0.52769917 -0.02927159 -0.84892684 0.52777332 -0.02934134 -0.84887832 0.52791607 -0.02879434 0.84880829 0.52897871 -0.03059692 0.84808338 0.52931356 0.02988905 0.84789968 0.52944189 -0.02977693 0.84782338 0.53014672 -0.02713499 0.84747159 0.53103089 0.54401046 0.64966053 0.53243786 0.51364678 0.67281252 0.53255624 0.51380891 0.67259514 0.53315562 0.51294172 0.67278218 0.53433037 0.77563703 -0.33597365 0.53465116 0.78262407 -0.31882229 0.53482622 0.03492123 -0.84424013 0.53483164 -0.03491192 -0.84423715 0.53484964 0.51174003 0.67235255 0.53492039 -0.03499608 -0.84417737 0.53493208 0.03499078 -0.84417027 0.53542006 0.03571051 0.84383053 0.5357607 -0.03499457 0.84364438 0.53792775 0.02792244 0.8425284 0.53824437 -0.52482671 0.65943146 0.54056942 0.52970374 -0.65360451 0.54101068 -0.68031323 0.49445054 0.54186183 0.52868682 -0.65335751 0.54193431 -0.65150875 0.53088939 0.54300725 0.52659184 -0.6540978 0.54327959 -0.52625293 -0.65414459 0.54334289 0.55603433 0.62897086 0.54389638 -0.52556866 0.65418208 0.54395443 -0.52650076 -0.65338391 0.54416811 -0.52650279 0.65320432 0.54461384 0.5265274 0.6528129 0.54488647 0.52662891 0.65250349 0.5453338 -0.52665359 0.65210974 0.54584336 -0.52719283 -0.65124714 0.54596138 0.5269888 -0.6513133 0.54805994 0.56775838 -0.61423182 0.54909587 -0.52508152 -0.65021777 0.54935747 0.56809366 0.61276084 0.55110174 -0.52580506 -0.64793211 0.55422801 -0.52865881 -0.64292401 0.55445868 -0.63969892 0.53231639 0.55585903 -0.22160552 -0.80119401 0.55612582 0.56956977 -0.60523903 0.55911654 0.7754215 -0.29344517 0.5612427 -0.63281214 0.53343743 0.56294447 -0.63311505 -0.53128034 0.56296885 -0.63310021 -0.53127229 0.56303298 0.58227253 0.58647472 0.56361926 0.76774752 -0.30479032 0.56433475 0.55282193 0.61311847 0.56673008 0.58006263 -0.58510184 0.56733239 0.58918613 0.57532054 0.56769872 0.57743019 -0.58676434 0.56858045 0.58784163 0.57546377 0.56975263 -0.06317682 -0.8193844 0.57269663 -0.64840192 -0.50159097 0.57314825 -0.64799362 -0.50160271 0.57414961 -0.06596857 0.8160885 0.5743503 -0.61972356 0.53484988 0.57455415 0.53545254 0.61901379 0.57632118 0.556418 0.59854239 0.57893705 -0.07019129 0.8123455 0.58033717 -0.69578677 -0.42318991 0.58118296 -0.50878531 -0.63510942 0.58254647 -0.07306202 -0.80950695 0.58449227 0.56758803 -0.57983834 0.58478749 -0.63628829 0.50315088 0.58834541 -0.63339335 0.50265557 0.58916676 -0.60725659 0.53303105 0.58999991 0.60678017 -0.53265172 0.5914675 0.06232332 -0.80391675 0.59341383 0.58024806 -0.55782807 0.599455 -0.43710789 -0.670515 0.6009202 0.58340114 0.54638624 0.60157859 0.58352447 0.54552948 0.60485399 0.61505282 0.50582767 0.60764283 -0.09260008 -0.78879362 0.60864675 -0.42263842 -0.67151016 0.61219692 0.60439694 -0.50982285 0.61243731 0.62679023 0.48172042 0.61279953 0.62694788 -0.48105422 0.61287957 0.60346913 -0.51010162 0.61335742 0.60340941 0.50959754 0.61674708 0.63008314 0.47182435 0.61710125 0.19102129 -0.76334584 0.61894721 -0.54178655 0.56865776 0.62002462 0.61053354 0.49276593 0.62025893 0.78301036 -0.04662322 0.62080729 0.61003047 0.49240348 0.6232543 0.63389981 0.45795766 0.6235258 0.62849057 -0.46498936 0.62428343 0.61032283 -0.48762301 0.62460804 -0.54411376 -0.56018299 0.6246888 -0.21859685 -0.74965286 0.6261875 0.18758972 -0.75676906 0.62771076 0.62268609 0.46716291 0.62919408 -0.59312332 -0.50231409 0.63243502 0.64573723 0.42784256 0.63265949 0.64155656 -0.43375936 0.63302171 0.6195628 -0.46413949 0.63302368 0.63598406 -0.44136745 0.63308263 0.63597482 -0.44129637 0.6331135 0.63599938 -0.4412165 0.63380367 0.6467877 0.42421526 0.63394403 0.62332308 -0.45780277 0.63410741 0.63999069 -0.4339582 0.63456696 0.64049923 0.43253365 0.6348595 -0.56077927 0.53148836 0.63523304 0.63215423 0.44368899 0.63600755 0.65179318 0.41311014 0.63621771 0.12046522 0.76204669 0.63634413 -0.12065832 0.7619105 0.63642293 -0.54349107 0.54734194 0.63666177 -0.12088825 0.76160872 0.63667649 -0.58450633 -0.50298637 0.63677043 0.12106908 0.76148903 0.63697541 0.12108502 -0.76131511 0.63707072 -0.12091955 -0.76126176 0.63752723 0.62951684 0.44414815 0.63786256 -0.12177848 -0.76046127 0.63849771 0.12219867 -0.75986063 0.63855118 -0.12252638 -0.75976282 0.63934833 0.65574032 -0.40154505 0.63973629 0.62499833 0.44734174 0.64016056 -0.64020914 -0.42464906 0.64066964 0.63507235 -0.43153852 0.64069188 0.63511139 -0.43144798 0.64101559 0.6313073 0.43652055 0.64213699 0.64669317 -0.41164047 0.64339495 0.630876 -0.4336341 0.64358765 0.62475175 -0.44213143 0.64412868 0.6512785 -0.40116668 0.64463001 0.64927393 0.40360337 0.64487922 0.62945759 -0.43349028 0.64499927 -0.54414731 0.53654414 0.64505893 -0.12699819 0.75350547 0.64596975 -0.57360047 -0.50369197 0.6464206 0.65206826 0.39616582 0.64645422 0.65208256 0.3960875 0.64680845 -0.17963991 -0.74119383 0.64751935 0.65239078 0.39383376 0.64798272 -0.57305068 0.50172848 0.64890438 -0.54661286 0.52928007 0.64905292 0.54635781 0.52936131 0.64937025 -0.54712808 -0.52817529 0.64939177 0.64482695 -0.40309858 0.64940363 0.64482296 -0.40308601 0.64987993 -0.64983612 0.39416897 0.65023315 -0.64959437 0.39398491 0.65060711 0.54738194 -0.52638716 0.65062857 -0.5476324 0.52610004 0.6506319 -0.65126508 0.39055336 0.65120697 -0.54663348 0.52642304 0.65121484 -0.54762679 -0.52538002 0.65155029 0.5470466 0.5255686 0.65162122 -0.56997252 0.50052088 0.65171987 -0.54675299 -0.52566391 0.65214646 0.63646817 -0.41184115 0.65360135 0.56437093 -0.5042724 0.65380275 0.66160697 0.36717594 0.65381885 0.66163331 0.36709991 0.65404373 -0.54676312 -0.52275884 0.6562292 0.14878495 0.73974741 0.65673506 -0.54808003 -0.51798385 0.65781921 -0.54766089 0.51705062 0.6578573 0.54744083 -0.51723528 0.65821856 -0.13887028 0.73990756 0.65852803 -0.14140245 -0.73915237 0.66059661 0.64761275 0.37974963 0.6617862 -0.5479207 0.51168549 0.66696578 0.16062348 0.7275691 0.6696524 0.56174672 -0.48580474 0.67000461 0.71468961 0.20078 0.67094916 0.66476923 0.3284952 0.67196935 0.54930091 0.49671492 0.67275125 -0.73966354 -0.01742408 0.6733135 0.66236538 -0.32851344 0.67473388 0.68698359 -0.26979229 0.67488045 0.68513739 0.27408606 0.67491293 0.68714756 -0.26892537 0.67492783 0.6864031 -0.27078247 0.67521775 -0.51852143 -0.52461088 0.67529452 -0.51841617 -0.524616 0.67533994 0.6867255 -0.26893148 0.6758948 0.67052954 0.30586979 0.67682475 0.68970412 -0.25732544 0.67686218 0.6897338 -0.25714737 0.67708278 0.68292016 0.27418777 0.67793643 0.6755929 -0.28978685 0.67816138 0.68349308 0.27006364 0.67836314 -0.73414814 -0.02915169 0.67925817 0.66715854 -0.30579036 0.67945778 -0.16054277 -0.71593517 0.67950076 0.55371988 0.48132434 0.67992783 0.46911749 -0.56358391 0.68064165 0.68175328 0.26821539 0.68067884 -0.16097952 0.71467608 0.6807999 0.69317758 -0.23667736 0.6810894 -0.51580453 0.51967567 0.68164176 0.68052328 -0.26879832 0.68168354 0.68057817 -0.26855353 0.68192214 0.6729666 0.28652757 0.68270445 0.69138163 0.23644441 0.683056 0.72903693 -0.0440433 0.68321651 0.67782998 0.27159119 0.68409371 0.68526274 -0.2498614 0.68443155 0.68507189 -0.24945924 0.68479252 0.67679715 0.27019414 0.68548161 0.67602068 0.27039021 0.6875419 -0.72589684 -0.01896968 0.68792194 -0.50804073 -0.51832229 0.68806064 -0.50788772 -0.51828831 0.68861336 0.68111753 0.24877788 0.69027507 -0.70803994 -0.14899565 0.69131863 0.68270022 -0.23664099 0.69139189 0.68276894 -0.23622845 0.69206339 -0.72063124 -0.04170013 0.69297904 -0.71968937 -0.04274849 0.69302845 0.68057775 0.23775083 0.69319808 -0.17429343 0.69935554 0.69372994 0.6798864 0.23768303 0.69382995 -0.71989346 0.01880183 0.69386786 -0.17732866 -0.69792688 0.69469446 0.70284408 0.1530032 0.69486147 -0.17640942 0.69717085 0.69647312 -0.52029091 -0.49418882 0.69662327 -0.55083495 -0.45967057 0.69722426 0.70560336 0.12649995 0.69735146 -0.71333462 -0.06967562 0.69781983 0.69709569 0.16463633 0.69825101 0.69673556 0.16433239 0.69827014 0.70414686 0.12882522 0.69844222 -0.49760163 0.51436484 0.69845271 -0.71556097 0.01167902 0.69861561 -0.71533167 0.01538646 0.69869244 0.69559193 -0.16727464 0.69925553 -0.55387062 -0.45196122 0.69957709 -0.17824996 -0.69196743 0.69982672 0.70692605 0.10246137 0.70004624 -0.52078813 -0.48858464 0.7003122 -0.71372014 0.01289624 0.70071596 -0.55086774 0.45336711 0.7008369 0.71037519 -0.06476759 0.70127833 -0.71255881 0.02164579 0.70128071 -0.71266961 -0.01753524 0.70183492 0.70571125 0.09695006 0.70209175 0.70468432 -0.10240714 0.70227635 0.70452243 0.10225553 0.70259053 0.70605654 -0.08860383 0.70303589 0.70214081 0.11286618 0.70322895 -0.71086854 0.01161743 0.70323962 -0.71061033 0.02206923 0.70345646 0.70655799 0.07697269 0.70356423 0.7070567 0.07119088 0.70381558 -0.71002936 0.0224052 0.7038421 0.7031486 -0.10093734 0.70387983 0.70292288 -0.10223772 0.7039721 -0.70999885 -0.0180247 0.70399237 -0.71007216 0.01385966 0.70412159 -0.70947808 0.02921657 0.70434016 -0.70984393 0.00515254 0.70442539 -0.70868486 0.03937867 0.70442849 0.70617497 -0.07139499 0.70454997 0.70965356 -0.00104353 0.70458609 -0.70946652 0.01468848 0.70460004 0.70695692 0.06124393 0.70461279 0.70740777 -0.05563249 0.70463187 0.70696819 0.0607438 0.70463228 0.70219797 -0.10203587 0.70464116 -0.70942855 0.01385827 0.70467091 -0.70917016 0.02272913 0.70481712 -0.70922691 0.01516138 0.70502758 -0.70889819 -0.01998231 0.70509881 -0.70892334 -0.01623303 0.70529842 0.70594341 0.06479225 0.70539337 -0.70537794 -0.06973084 0.7054491 -0.59011519 0.39256296 0.7055946 0.70564097 -0.06486155 0.70560491 0.70502263 -0.0711676 0.70562375 -0.70838481 -0.01691008 0.7056368 0.70185137 0.09737301 0.7056796 -0.70826858 0.01928873 0.70574152 -0.70824587 0.01779637 0.70577329 -0.70823163 0.01708973 0.70585853 -0.17414649 -0.68661249 0.70587516 -0.70810229 -0.01820727 0.70587599 -0.70810384 0.01810881 0.70587778 -0.7080794 -0.01897668 0.7058993 0.70429575 -0.07532378 0.70592791 -0.70795107 0.02170191 0.70595151 0.70826 -0.00040237 0.70600206 0.70268983 -0.08824965 0.70600575 0.70820612 -5.161e-05 0.70602506 -0.70796198 0.0178458 0.70603174 -0.70793736 0.01854903 0.7060343 -0.70797104 0.01710808 0.70604098 -0.70796555 0.01705499 0.70608866 0.70441258 0.07240022 0.70609856 -0.70789945 0.01741047 0.70610237 -0.70792198 -0.01630439 0.70613295 -0.70787907 -0.01683618 0.70614117 -0.70786512 -0.01707708 0.70614159 -0.70786631 -0.01700899 0.70616436 0.70804805 7.611e-05 0.70620817 -0.70779932 0.01703531 0.70623255 -0.7077288 -0.01885753 0.70628071 -0.70773381 -0.01674697 0.70628959 -0.70770121 0.01772187 0.70630109 -0.70772094 -0.01642711 0.70630789 -0.70768267 -0.01773368 0.70630848 -0.70770216 -0.01690818 0.70634627 -0.70766383 -0.0169381 0.70634699 0.70786566 7.888e-05 0.70635998 -0.70762527 0.01794352 0.70636433 -0.70755583 0.02035204 0.70636576 -0.70761883 -0.01796783 0.70637298 -0.70761126 0.01798451 0.70637459 -0.70762914 -0.01720002 0.70637965 -0.70759481 0.01836715 0.70640123 -0.70759469 -0.01752722 0.70640665 -0.70758504 -0.01769249 0.70640993 -0.70757854 0.01782596 0.70642924 -0.70755517 -0.01798223 0.70644188 0.70777065 0.00078529 0.70644212 -0.70754814 0.01775723 0.70644355 -0.70757413 -0.01661916 0.70644581 -0.70755249 -0.01743148 0.70645148 -0.70752466 -0.01830574 0.70645458 -0.70755512 0.0169669 0.70647031 0.70774245 -0.00053814 0.70647508 -0.70750904 -0.01799903 0.70647722 -0.70752716 0.0171833 0.70647919 -0.70751023 0.0177905 0.70647985 -0.70753515 0.01674287 0.70648634 -0.70748907 -0.01833857 0.70648742 -0.70751303 -0.01734769 0.70649177 -0.70749557 0.01787033 0.70649832 -0.70749849 0.0174906 0.70650721 -0.70749021 0.01746722 0.70651197 -0.70748627 0.01743488 0.70651358 -0.70751154 0.01630662 0.70651567 -0.70747191 -0.01786204 0.70651591 -0.70746863 0.01798561 0.7065174 0.70769268 -0.00203034 0.70652241 -0.70747507 0.01746822 0.70652479 -0.70745921 -0.01800373 0.70652598 -0.70747411 -0.01736625 0.70652682 -0.70749915 -0.01627022 0.70652807 0.70768499 0.00053554 0.70653629 0.70366645 -0.07523347 0.70653683 -0.70743424 0.01850348 0.70653915 -0.70744205 -0.01811762 0.70654297 -0.70744926 -0.01767614 0.70654666 -0.70741928 -0.01869845 0.70654792 -0.70749533 0.01550654 0.70655471 -0.70744401 -0.01741886 0.70655793 -0.70744127 -0.01739984 0.70656526 -0.70744365 0.01700049 0.70656651 -0.70743495 -0.01730399 0.70656979 -0.70740557 0.01834034 0.70658398 -0.70740974 0.01762094 0.70658702 0.70762628 1.207e-05 0.70659637 -0.70738709 -0.01802649 0.70660561 -0.70736384 -0.01857064 0.70660889 -0.70741618 -0.01631305 0.70661044 -0.7073493 0.01893744 0.7066105 -0.70738971 0.01736147 0.70661449 -0.70737624 -0.01774757 0.70662129 -0.70736015 -0.01811175 0.70662189 -0.70736879 -0.01774802 0.70662636 -0.70734924 0.0183364 0.70662749 -0.70736045 -0.01785566 0.70663059 -0.70735192 0.01806956 0.70663112 -0.70736516 0.01751771 0.70663708 -0.70735675 0.01761656 0.70664859 -0.70734859 0.01748124 0.7066558 -0.70733887 -0.01758772 0.70667857 -0.70731539 -0.0176205 0.70668125 -0.7073251 -0.01711483 0.7066828 -0.70730639 -0.01780904 0.7066831 -0.70731783 0.01733682 0.70669425 -0.70731103 -0.01715603 0.70669615 0.70751721 -4.697e-05 0.70669645 -0.70729899 -0.01755462 0.70669729 -0.70729429 -0.01771476 0.70669806 -0.70729315 -0.01773093 0.70669889 -0.70730031 -0.01740628 0.70670247 -0.70729297 0.01755931 0.70670426 -0.70725101 -0.01910729 0.70671225 -0.70729601 0.01703757 0.70671648 -0.7072829 0.0174035 0.70671904 -0.7072565 0.01834461 0.70672065 -0.70729691 0.01664612 0.70672297 -0.70728797 0.01692399 0.70672351 -0.70726728 -0.01774127 0.706725 -0.70726985 0.01758616 0.70672673 -0.7072559 -0.01806645 0.70673656 -0.70726871 -0.01715598 0.70673686 0.70747656 0.00017305 0.70673722 -0.70726496 0.01728882 0.70674103 -0.70725745 -0.0174394 0.70674121 -0.70725721 -0.01743983 0.70674503 0.70746785 0.00078301 0.70675832 -0.70722932 0.01787021 0.70675886 -0.70723939 -0.01744296 0.70675915 -0.70725149 0.01693531 0.70676494 -0.70722932 -0.01760738 0.70676595 -0.70719826 0.01877373 0.70676637 -0.70720077 0.01866768 0.7067709 -0.70718569 0.01906064 0.70677102 -0.70722347 0.01760095 0.70677108 -0.70673478 -0.03163223 0.70677131 -0.70721078 0.01808977 0.70677471 -0.70723218 0.01709507 0.70677471 -0.70723081 -0.01715063 0.7067765 -0.70722175 -0.01744532 0.70677656 -0.7072162 -0.01766214 0.70677757 -0.7072354 0.01683661 0.70677805 -0.70719612 0.01839679 0.70677811 0.70743531 -0.00018512 0.70677859 -0.70721269 -0.01772944 0.70678282 -0.707205 -0.01786206 0.70678324 -0.70723456 0.01663174 0.70678443 -0.70719016 -0.01837512 0.7067858 -0.70722741 0.01682457 0.70678645 -0.70720643 -0.01766295 0.70678753 -0.70721292 0.01735899 0.70678777 -0.70723945 -0.01622689 0.7067917 -0.70720065 -0.01768643 0.70679426 -0.70720106 0.01756457 0.70679605 -0.7071839 -0.01817233 0.70679754 -0.70720392 -0.0173141 0.70679754 -0.70719469 0.01768658 0.70679957 -0.70719713 -0.01750367 0.70680344 0.70740986 -0.00038655 0.70680642 -0.70718056 0.0178999 0.70680648 -0.70720619 -0.01685185 0.70680821 -0.70718503 -0.01765011 0.70680916 -0.70718127 -0.01776628 0.70680952 -0.70718372 -0.01765281 0.70681024 -0.70720237 0.01685743 0.70681095 -0.70719379 0.01718068 0.706815 -0.7071861 0.01732882 0.70681781 0.70739561 -0.00014975 0.70681846 -0.70718926 -0.0170568 0.70681882 -0.70717692 -0.01754784 0.70681918 -0.7071774 -0.01751523 0.70682001 -0.70717579 -0.01754789 0.70682448 -0.70717579 0.01736524 0.706828 -0.7071802 0.01704057 0.70683306 -0.70716131 0.01760292 0.70683324 -0.70717311 0.01711763 0.70683384 -0.70717531 -0.01700015 0.70683503 0.70737839 0.00029836 0.70683831 -0.70713633 -0.01838171 0.70684206 0.70737135 0.00048666 0.7068423 -0.70716786 -0.01695831 0.70684236 -0.70716161 -0.01721128 0.70684594 -0.70714551 -0.0177221 0.70684594 -0.70714533 -0.01773135 0.70684642 -0.70716244 0.01700963 0.70684707 -0.70713872 0.01794118 0.70684826 -0.70713007 0.0182348 0.70684963 -0.70713997 -0.01779733 0.70684993 -0.70714653 -0.01752277 0.70685047 -0.7071501 -0.01735035 0.70685142 -0.70716316 -0.01677648 0.7068578 -0.70713633 0.01761464 0.70685858 -0.7071107 0.01858867 0.70685935 -0.70714885 -0.01703725 0.70686001 -0.70714992 -0.01696676 0.70686096 -0.70714879 -0.01697266 0.70686173 -0.70713198 0.0176286 0.70686334 -0.70714515 -0.01703139 0.70686811 -0.70713472 0.01726674 0.70686865 0.70734471 -0.00034956 0.70686871 -0.70713103 0.01738919 0.70686948 -0.70711529 -0.01798619 0.70687008 -0.70712382 -0.01762696 0.70687097 -0.70712042 0.01772394 0.70687151 -0.70712292 -0.01760481 0.70687211 -0.70712578 0.01746259 0.70687252 -0.70714146 0.01679831 0.70687532 -0.70711577 -0.01773603 0.70687556 -0.70711923 -0.01758992 0.70687711 -0.70710868 0.01794606 0.70687962 -0.70711368 0.0176475 0.7068879 -0.70711797 0.01713493 0.70688957 -0.70712328 0.01684886 0.7068913 -0.70710242 -0.0176284 0.70689225 -0.70710611 -0.0174441 0.7068944 -0.70708728 0.01810628 0.70689547 -0.70709932 -0.01758646 0.70690125 -0.70707822 -0.01819419 0.70690185 -0.70709473 -0.01751473 0.7069056 -0.7070908 -0.01752838 0.70690709 -0.70709342 0.0173543 0.70691073 -0.70708621 0.01750204 0.70691079 -0.70709771 0.01703466 0.70691282 0.70730078 0.00014692 0.70691395 -0.70708036 -0.01761292 0.70691997 -0.70706475 -0.01799035 0.70692015 -0.70706397 0.01801489 0.7069208 -0.70708781 0.01702481 0.70692146 0.70729214 9.9e-05 0.70692289 -0.70706695 -0.01778825 0.7069248 -0.70707482 0.01739207 0.70692992 -0.7070694 0.01741112 0.70693088 -0.70707381 0.01718851 0.7069329 -0.70705312 0.0179349 0.70693672 -0.70706701 0.01722639 0.70694047 -0.70706767 -0.01704226 0.70694083 -0.7070933 -0.01592652 0.70694083 -0.70705324 -0.01761648 0.70694089 0.70727253 7.058e-05 0.70694119 -0.70706737 0.01702842 0.70694441 -0.7070567 0.01733481 0.70694441 -0.70705104 -0.01755871 0.70694453 -0.70706272 0.01707486 0.70694506 -0.70705998 0.01717149 0.70694596 -0.70706034 0.01712071 0.70694691 -0.7070365 0.01804569 0.70694906 -0.70704192 0.01773817 0.70694947 -0.7070604 0.01697301 0.70694971 -0.70705622 0.01713438 0.7069543 -0.70704544 0.01738862 0.70695549 -0.70707142 0.01624296 0.70695853 -0.70703757 0.01753508 0.70696074 -0.70702904 -0.01778853 0.70696205 -0.70703864 0.01735087 0.70696247 -0.70704317 -0.01714571 0.70696706 -0.70704126 -0.01703792 0.70696926 -0.70702869 0.0174605 0.70697206 -0.70703375 0.01714026 0.7069729 -0.70702702 0.01738538 0.70697433 -0.7070179 -0.01768994 0.70697516 -0.70703143 -0.01710867 0.70697659 -0.70702666 0.01724262 0.70697808 -0.70702028 0.01744049 0.7069788 -0.70704788 -0.01625552 0.7069791 -0.70703268 0.01689427 0.70697922 -0.70703202 -0.01690991 0.70697927 -0.70703757 0.01668131 0.70698249 -0.70700288 -0.01796509 0.70698386 -0.70701277 0.01751302 0.70698458 -0.70702177 0.01712378 0.70698732 -0.707057 -0.01547453 0.70698988 -0.70701778 -0.01706884 0.70698994 -0.707003 0.01766181 0.70699096 -0.70700669 0.01747243 0.7069912 -0.70698726 -0.01823213 0.70699131 -0.70700121 0.01768348 0.70699269 -0.70700669 -0.01740324 0.70699322 -0.70700306 -0.01752545 0.70699435 -0.70696646 0.01890325 0.70699531 -0.70696563 0.01890282 0.70699549 -0.7070182 0.01681425 0.70699662 -0.70699388 0.01775706 0.70699686 -0.70700479 -0.01731613 0.70699835 -0.70700037 0.01743296 0.70700014 -0.70700634 -0.01711224 0.70700145 -0.70699376 -0.01757591 0.70700163 -0.70699561 0.01749537 0.70700192 -0.70699519 0.01749464 0.70700228 -0.70698935 0.01771466 0.70700365 -0.70699799 0.01730883 0.70700455 -0.70698029 -0.01798522 0.7070052 -0.70700121 0.01711516 0.70700681 -0.70697069 -0.01826957 0.70700759 -0.70698172 -0.01781246 0.70700842 -0.70699245 0.01734106 0.70700866 -0.70698166 0.01776501 0.70700884 -0.70698094 0.01778985 0.70700908 -0.70699483 0.01721915 0.70700938 -0.70699137 -0.01734583 0.70701015 -0.70699281 0.01725756 0.70701092 0.70720273 -3.865e-05 0.7070114 -0.70699245 0.01722056 0.70701241 -0.70699382 0.01711997 0.7070176 -0.70697618 0.01763066 0.70702136 -0.70695931 0.01814697 0.70702505 -0.70697111 0.01753417 0.70702535 -0.70697337 0.01743593 0.70702815 -0.70696509 0.01764909 0.70702881 -0.70696878 0.01747239 0.70702958 -0.70697856 -0.01704559 0.7070297 -0.7069779 0.01706861 0.70703048 -0.70697284 0.01724275 0.70703083 -0.70697129 0.01729181 0.70703202 -0.7069602 0.01769445 0.70703465 -0.70697141 0.01713281 0.70703524 -0.70696765 0.01725995 0.70703566 0.70717788 -5.521e-05 0.70703697 0.70717621 -0.0007485 0.70703715 -0.70695972 0.01749956 0.70703918 -0.70695519 -0.01760735 0.70703954 0.70717394 -0.00013698 0.70704037 0.70717311 0.00027446 0.70704156 -0.70696557 0.01708531 0.70704436 0.707169 0.0004493 0.7070446 -0.70695305 0.01747321 0.70704836 -0.70695901 -0.0170763 0.70704901 0.70716465 -7.21e-06 0.70704925 -0.70695901 0.01704009 0.70705658 0.70715696 0.00017353 0.70705688 -0.70693773 0.01759358 0.70706302 -0.70694083 0.01722316 0.70706397 -0.70694673 0.01693636 0.70706517 -0.70694423 0.01699151 0.70706582 0.70714784 -1.327e-05 0.70706606 -0.70690787 0.01840561 0.70706612 -0.70694005 0.01712003 0.70706773 -0.70693445 0.01729313 0.7070682 -0.70693105 0.01740696 0.70706969 -0.70692819 0.01746264 0.70707023 -0.70693833 0.01702568 0.70707071 -0.70696723 0.01575607 0.70707095 -0.70691937 -0.01776614 0.7070716 -0.70690638 0.01825362 0.70707184 -0.70692092 -0.01767155 0.70707303 -0.70691013 -0.01804373 0.70707679 -0.7069357 0.01686465 0.70707685 -0.70690298 0.01817747 0.70707816 -0.70692211 0.01736658 0.70708501 -0.70692128 0.01711664 0.70708525 -0.7069189 0.017208 0.70708537 -0.70690715 0.01767953 0.70708561 -0.70690805 0.01763677 0.70708609 0.70712739 0.00028128 0.70708632 0.70712715 5.919e-05 0.7070868 0.70712668 -1.1e-07 0.7070905 0.70712298 -6.01e-06 0.70709229 0.70712131 -6.24e-06 0.70709252 -0.70691228 0.01718163 0.70709431 -0.70691794 0.01687154 0.70709431 0.70711923 -0.00015656 0.7070955 0.70711797 -6.012e-05 0.70709628 0.70711732 9.56e-06 0.70709664 -0.70689636 0.01766311 0.70709676 0.70711678 5.997e-05 0.70709777 0.70711577 -9e-06 0.70709878 0.70711476 -2.968e-05 0.7070995 0.7071141 -1.13e-06 0.70710009 -0.70689791 0.01745928 0.70710057 0.70711297 3.617e-05 0.70710069 0.70711291 7.1e-07 0.70710129 0.70711231 4.04e-06 0.7071014 0.70711219 -1.3e-06 0.70710266 -0.70690054 0.01724942 0.70710367 -0.70688266 0.01792818 0.70710373 0.70710975 1.82e-06 0.70710391 0.70710969 5.068e-05 0.70710415 0.70710939 5e-07 0.70710444 -0.70687956 -0.01801303 0.70710468 0.70710891 6.64e-05 0.70710486 -0.70689541 0.01736701 0.70710498 0.70710856 -4.33e-06 0.7071054 -0.70690101 0.0171152 0.70710552 0.70710802 -1.615e-05 0.70710605 0.70710742 -0.00011051 0.70710641 0.70710713 -1.762e-05 0.70710659 0.70710689 -5.19e-06 0.70710665 0.70710695 -4.605e-05 0.70710671 0.70710683 3.785e-05 0.70710719 0.70710641 -4.26e-06 0.70710748 0.70710605 0 0.7071079 0.70710576 6.025e-05 0.70710856 0.70710498 -1.448e-05 0.70710874 0.7071048 6.021e-05 0.70711052 0.70710295 5.422e-05 0.70711184 -0.7068727 -0.01799693 0.70711231 0.70710117 3.326e-05 0.70711321 -0.70691001 -0.01640631 0.70711535 0.70709819 -1.184e-05 0.70711583 0.70709771 1.438e-05 0.70711583 0.70709789 1.924e-05 0.70711601 0.70709747 -8.66e-06 0.7071175 -0.70687497 0.01768231 0.70711797 -0.70688516 0.01724359 0.70711803 0.7070955 -2.445e-05 0.70711809 0.70709562 -8.714e-05 0.70711845 -0.70688128 0.01738965 0.70711988 -0.70685554 -0.01834986 0.7071203 -0.70687175 0.01769524 0.70712072 0.70709288 -0.00014981 0.70712125 0.70709229 -2.544e-05 0.70712227 -0.7068705 0.0176713 0.7071231 0.70709044 6.9e-05 0.70712316 -0.70684487 0.01863199 0.70712388 -0.7068823 0.01712525 0.70712465 -0.70686454 0.01780928 0.70712501 -0.70686936 -0.01760122 0.70712566 0.70708781 -0.00015585 0.70712769 -0.70686454 -0.01768939 0.70712912 0.70708442 -1.419e-05 0.70713133 -0.70687705 0.01702844 0.70713449 0.70707905 -7.633e-05 0.70713657 -0.70685744 0.0176168 0.70713699 0.70707661 2.975e-05 0.70713764 -0.70684546 0.0180477 0.7071386 -0.70686346 0.01729288 0.70713937 0.70707422 -5.881e-05 0.70714045 -0.70685959 0.01737529 0.7071417 -0.70683914 0.01814131 0.70714486 0.70706874 0.00016129 0.70714599 -0.70686173 0.01705709 0.70714623 0.70706737 8.501e-05 0.7071473 -0.70684177 0.01781779 0.70714897 -0.70683634 -0.01796256 0.70715177 0.70706177 9.937e-05 0.70715219 -0.70683938 0.01771767 0.70715326 -0.70686394 -0.01665687 0.70715642 -0.70684451 0.01733873 0.70715773 -0.70684212 -0.01738496 0.70715833 -0.70684063 0.01741527 0.70715994 0.70705366 2.542e-05 0.70716131 -0.70679003 0.01925281 0.70716184 0.70705163 1.15e-05 0.70716459 0.70704901 -7.512e-05 0.70716482 0.70704865 9e-06 0.70716512 -0.70682335 -0.01783929 0.70716584 -0.70682043 -0.01792807 0.70716643 -0.70684463 -0.01692289 0.70716673 0.70704675 -7.594e-05 0.70716697 -0.70684868 -0.01672712 0.70717347 0.70703995 -0.00048674 0.70717829 -0.70680529 -0.01803454 0.70717853 -0.70681947 0.01745558 0.70718002 -0.70681465 0.01759293 0.70718008 -0.70681441 0.01759617 0.70718163 -0.70681763 0.01740651 0.70718181 0.70703185 7.78e-06 0.70718253 -0.70681131 0.01762656 0.707183 -0.70682758 0.01694614 0.70718408 -0.70683682 0.01650213 0.70718694 -0.70680124 -0.01784859 0.70718753 -0.70681405 0.01731175 0.70719093 0.70702261 -5.9e-07 0.70719182 -0.70680809 -0.0173785 0.70719248 0.70702112 -1.125e-05 0.70719337 -0.70680547 0.01742657 0.7071991 -0.70678955 -0.01783394 0.70720255 0.70701063 0.00068917 0.70720309 -0.70679635 0.01739947 0.70720547 -0.70679909 0.01718128 0.70720929 0.70700431 -6.375e-05 0.70720959 -0.70677304 0.01806421 0.70721966 0.70699388 -0.0001922 0.70722026 -0.70674306 0.01881205 0.7072221 -0.70677662 0.01743014 0.70722318 0.70699024 -2.204e-05 0.7072233 -0.70678371 -0.01708723 0.70722401 0.70698947 -0.00020927 0.70722628 -0.70677441 0.01734709 0.70722961 -0.70673496 0.01876179 0.7072342 -0.70677912 0.01682293 0.70723486 -0.70677418 -0.01700244 0.70723492 -0.70676678 -0.01730197 0.70723557 -0.70676589 -0.01731306 0.70723665 -0.70676047 0.01748952 0.70723826 -0.70674634 0.0179901 0.70724463 -0.706761 0.01714072 0.70724714 -0.70676196 0.01699881 0.70725 -0.70676422 0.0167836 0.70725012 -0.70674539 -0.0175607 0.70725948 -0.70673013 -0.01779349 0.70726222 -0.70670211 0.0187689 0.70726228 -0.70684963 0.0119847 0.70726323 -0.70675749 -0.01651701 0.70726788 -0.70672703 0.01757968 0.70726866 -0.70674139 -0.01695966 0.70726943 -0.70672667 -0.01753301 0.70726949 0.70694399 -0.00024539 0.70726973 -0.70669788 0.01864837 0.70727342 0.70694 0.00030436 0.70727432 -0.70670736 -0.01810236 0.7072745 -0.70672154 -0.01753296 0.70727795 -0.70670933 0.01788243 0.70728183 -0.70672232 0.01720922 0.70728582 -0.70668542 -0.0185063 0.70728743 0.70692605 -0.00027992 0.70728952 -0.70671123 0.01734494 0.70728976 -0.70671374 0.01723409 0.70729154 -0.70672345 -0.01674907 0.70729214 0.70692122 -0.00040157 0.70729512 -0.70666528 0.01891472 0.70729554 -0.70668697 0.01807311 0.70729774 -0.70671457 -0.01686285 0.70729792 -0.70669407 -0.01769447 0.70729899 -0.70668709 -0.01793025 0.70729959 -0.70669258 0.01768473 0.70730764 -0.70668656 0.01760663 0.70730793 -0.70669639 0.0171984 0.70730925 -0.70669192 -0.01732968 0.70730966 -0.70667493 -0.01798917 0.70731491 -0.70667905 0.01761897 0.70731503 -0.70669162 -0.01710054 0.70731628 -0.7066704 -0.01790943 0.70731908 -0.70667708 -0.01753165 0.70732045 -0.70669103 -0.01689488 0.70732117 -0.7066828 0.01721449 0.70732313 -0.70668811 -0.01691351 0.70732492 -0.70668834 0.01681993 0.70732576 -0.7066707 0.01751389 0.70732784 -0.7066828 -0.01693329 0.70733446 -0.70668447 -0.01658248 0.70733559 -0.70663369 0.01857916 0.70733678 -0.70666921 -0.01712727 0.70733702 -0.70664996 -0.01789246 0.70734012 -0.70666844 -0.01701982 0.70734257 -0.70665276 0.0175619 0.70734471 -0.70666498 -0.01697028 0.70734978 -0.70663959 -0.01779588 0.70735496 -0.70663446 0.01779891 0.70735925 -0.70662457 -0.01801807 0.70735961 -0.70664114 0.0173394 0.70736307 -0.70661604 0.01820479 0.70737857 -0.70662159 0.01736351 0.7073822 -0.7066294 -0.01688941 0.70738846 -0.70662791 0.01669282 0.70739776 -0.70658177 -0.01818508 0.70740449 -0.70660806 0.0168514 0.7074123 -0.70658547 0.01745998 0.70741343 -0.70654964 0.01881223 0.70741761 -0.70657223 -0.01777394 0.7074247 -0.70658046 -0.0171563 0.70742655 -0.70655876 0.01795145 0.70743555 -0.70659786 0.0159482 0.70743579 -0.70658416 -0.01653464 0.70743954 -0.70654285 0.01806773 0.70744413 -0.70655102 -0.01756238 0.70744991 -0.70654595 0.01753761 0.70745093 -0.70653832 -0.01780038 0.70745569 -0.70653319 -0.01781409 0.70745778 0.70474297 0.05330057 0.70746166 -0.70653033 -0.01768692 0.7074635 0.70674998 7.524e-05 0.70746374 -0.7065205 0.01799712 0.70746458 -0.70652175 -0.01791386 0.70746791 -0.70653737 0.01714765 0.70747149 -0.7065084 -0.0181629 0.70747685 -0.70651406 0.01773272 0.70748401 -0.70651203 0.01752152 0.70749354 -0.70660758 0.01259513 0.70749873 -0.70651007 0.01700499 0.70750791 -0.70649558 0.01721891 0.70751768 -0.70648885 0.01709675 0.70751894 0.7066943 9.91e-06 0.70752305 -0.70646548 0.01782367 0.70752567 0.70668727 0.00070162 0.70752752 -0.7064656 0.01763792 0.70753187 -0.70649678 0.01615644 0.70754743 0.70666337 0.00187224 0.70755166 0.7066617 -0.00021283 0.70755333 -0.70643693 -0.01775488 0.70756906 -0.70643866 0.01705041 0.70758504 0.70662773 -0.00079871 0.70759583 0.70661694 -0.00078435 0.70760334 -0.70642602 -0.01612108 0.70760554 -0.70640558 -0.01690074 0.70760995 -0.70640701 0.01664918 0.7076174 -0.70639545 -0.01682495 0.70762843 -0.70636278 -0.01770926 0.70766079 -0.70635533 0.01668363 0.70766306 0.70654947 0.00083172 0.70768422 -0.7063455 -0.01609361 0.70768601 -0.7063089 0.01755743 0.70768785 0.70652479 0.00079179 0.70772195 -0.70627761 0.01736771 0.70773166 -0.70628113 -0.0168164 0.70773298 -0.70626521 0.01741726 0.70774013 -0.70625341 -0.01761001 0.70775044 -0.70625311 -0.01720367 0.70776647 -0.70622236 -0.01779106 0.70777577 -0.70625532 -0.01602571 0.70779198 -0.70618916 -0.01809078 0.70779943 0.7064122 0.0013554 0.70780891 -0.7062965 0.01231768 0.70782918 -0.70619529 0.01630908 0.70783132 -0.70617771 -0.01696885 0.70783192 -0.70614213 0.01836677 0.70784098 -0.17951013 -0.68318176 0.7078563 -0.70612311 0.01815092 0.70786178 -0.70634812 0.00203996 0.70787215 -0.70613706 -0.01695519 0.70788234 0.70632988 0.0007149 0.70789522 0.70631671 -0.0010338 0.70790786 -0.70609957 -0.0170284 0.70799994 -0.70599675 0.01745583 0.70800489 -0.70600504 -0.01691402 0.70803392 -0.70602292 0.01482094 0.70806527 -0.70591962 0.01791884 0.70811361 0.70551521 0.02869381 0.70822525 0.70044827 -0.08825601 0.70828593 -0.70569658 0.0179856 0.70829993 -0.70565152 0.01915886 0.7083143 0.70589703 0.00061017 0.70837855 -0.70568871 0.01425764 0.70843655 -0.70550203 0.01961076 0.70844662 -0.70556372 -0.01683176 0.70858812 -0.5106318 -0.48698884 0.70862412 0.70254838 0.06540321 0.70870942 -0.70538223 0.01291237 0.70872909 -0.7048282 0.0303355 0.70883811 -0.70515299 0.0175423 0.70885479 -0.70513636 0.01754281 0.70893437 0.70420963 0.03874183 0.70897913 -0.70479453 0.02476102 0.70899773 -0.70488787 0.02133942 0.70924789 -0.70480162 0.01490436 0.7092492 0.70481473 0.01420717 0.709355 -0.6993112 -0.08820012 0.70939946 0.70167363 0.06638161 0.70948482 0.70199102 -0.06196776 0.70958775 -0.68707371 -0.15625305 0.70991725 -0.7040922 0.0164826 0.7099275 -0.70376778 0.02672125 0.71039993 0.70236403 -0.04490734 0.71062505 -0.70306599 -0.02665044 0.71104228 -0.702905 -0.01853287 0.7115649 0.21595822 0.66860861 0.71170419 -0.70212901 0.02218281 0.71182191 -0.70228034 0.01058516 0.71218085 -0.48428339 0.50820088 0.71232665 -0.70165694 0.01638271 0.71291739 -0.50956964 -0.48175457 0.71302176 -0.70109695 0.00793461 0.71463346 -0.59895569 0.36131853 0.71469271 -0.69934916 0.01118541 0.71544707 -0.48052236 0.50718212 0.7156496 -0.69840699 -0.00856952 0.71571177 -0.69800323 0.02341102 0.71588463 -0.69789493 0.02125592 0.71744847 -0.69630051 -0.02080919 0.72018743 -0.69372821 -0.00843625 0.72127169 -0.49724996 0.4821924 0.72160047 -0.2011435 -0.66244555 0.72165191 -0.49689347 0.48199102 0.72227579 -0.20297335 0.66115022 0.72394019 0.20462036 -0.65881789 0.72420472 -0.20367548 -0.65882009 0.72453523 -0.55283862 -0.41160437 0.7257362 0.23733692 -0.64573842 0.72578096 0.63342232 0.26836208 0.7274853 -0.55061001 0.40938205 0.72910434 -0.21009836 0.65135664 0.72933596 -0.21031329 -0.65102792 0.72939247 -0.21021563 -0.65099621 0.72950953 0.21001303 0.65093035 0.72977513 0.20948507 -0.65080285 0.72980589 0.68331504 -0.0215396 0.73116398 -0.21252954 -0.64825177 0.73127234 0.2123353 0.64819324 0.73141366 -0.21201941 0.64813733 0.7317099 0.67676812 0.08115075 0.73173153 -0.21925871 0.64536399 0.73179096 -0.55312467 0.39816469 0.73203963 0.19408387 -0.65303099 0.73271412 -0.21158701 0.64680833 0.73305613 0.34701154 -0.58498859 0.733576 -0.45871699 0.50144285 0.73370075 -0.55218792 -0.39594415 0.73426694 -0.55120134 -0.39626896 0.73446912 0.55193943 -0.39486456 0.73615569 -0.60016805 0.31284693 0.73702806 -0.55149591 -0.39069411 0.73709756 -0.55300975 0.38841659 0.73736995 -0.219427 -0.63885623 0.73793083 -0.21795636 0.63871211 0.73888141 -0.55289048 -0.38518351 0.73946148 -0.55189878 -0.38549247 0.73982322 -0.5518344 0.38489005 0.73987806 0.55107951 -0.38586503 0.74004954 0.55155188 0.38485995 0.74176222 0.55177706 0.38122278 0.7418741 -0.55147856 0.38143685 0.74577516 0.54519492 -0.38286042 0.7466327 -0.55131358 -0.37228063 0.7586897 -0.43819812 0.48205021 0.76007569 -0.55082464 0.3447856 0.76024073 -0.45988935 -0.45884186 0.76209521 0.54647332 0.34724307 0.76265824 -0.24744476 -0.59759825 0.76437175 0.64305991 -0.04700775 0.76484078 -0.24775375 0.59467351 0.76827854 0.55291849 0.32253572 0.76904035 -0.25462365 0.58629674 0.76977223 -0.45006925 0.45264608 0.77031356 -0.44956872 0.45222208 0.77080315 0.31896999 -0.55147147 0.77388144 0.55500716 -0.3050814 0.779064 -0.26708734 -0.56720692 0.78577095 -0.27510938 0.5539664 0.78583246 0.61772835 -0.02965056 0.787691 -0.27733737 0.55011511 0.79041225 -0.2780627 -0.54582942 0.79067075 0.54437172 -0.28017709 0.79251206 -0.28390282 0.53974414 0.7930944 0.31795973 -0.51952171 0.79311723 0.29546258 -0.53260392 0.79343897 -0.40475038 0.45456767 0.79412675 -0.28391865 -0.53735727 0.79484183 0.26156414 -0.54754978 0.79750609 -0.28952733 -0.52929956 0.79794693 0.28876299 -0.5290525 0.79832464 -0.28871822 -0.52850688 0.79852581 0.28944647 0.52780437 0.79856813 -0.28998476 0.52744454 0.79973215 -0.29108563 -0.52506924 0.79973418 0.29054356 -0.52536631 0.79974037 0.29151401 0.52481884 0.79990387 -0.29130471 0.52468598 0.80204147 -0.54337263 -0.24794264 0.80271167 -0.54216641 0.24841423 0.80478096 -0.29600313 0.5144996 0.80493653 -0.39277875 -0.44474944 0.8050229 -0.39268684 -0.44467422 0.80505776 -0.39262944 -0.44466168 0.80546504 -0.54207265 0.23954801 0.80553633 0.54182065 0.23987833 0.80561519 0.54184198 -0.23956497 0.80570716 -0.54155433 -0.23990613 0.80665237 -0.54235733 0.2348623 0.80673975 0.54169649 0.23608428 0.80707681 -0.54140061 -0.23561062 0.80724782 0.54110384 -0.23570681 0.80730158 -0.54123259 0.23522659 0.80925626 -0.41101471 -0.41972765 0.81002444 -0.54025996 -0.22799015 0.81037736 -0.54097551 -0.22502001 0.8107667 -0.54040343 0.22499232 0.81115156 0.28147361 0.51264578 0.81240904 -0.5390932 0.22219411 0.8129378 -0.38333061 -0.43839443 0.81335026 -0.40154085 -0.42098239 0.81546026 -0.53901374 0.21092367 0.81646103 -0.31536543 -0.48366931 0.82083845 0.54463553 -0.17203625 0.82113051 -0.32213283 -0.47114235 0.82324564 -0.39402384 -0.40867081 0.82358766 -0.5352965 -0.18751302 0.82382673 -0.37231952 0.42741972 0.82545918 -0.37311399 0.42356014 0.82623947 -0.53450626 0.17785209 0.82670796 -0.53368372 -0.1781449 0.82683128 -0.32974726 -0.4556497 0.82763124 -0.32621056 0.45674199 0.82781065 0.42724985 -0.36357558 0.82861829 0.53297925 0.17124479 0.82993168 0.52653801 0.18431257 0.83296156 -0.53249621 0.1504084 0.83531654 0.53329867 0.13356149 0.83644581 -0.53018451 -0.13879058 0.83979571 -0.3474097 -0.41719258 0.84284669 -0.35796693 0.40183228 0.8428899 0.37380332 0.38704988 0.84318697 -0.35836634 0.40076089 0.84379756 -0.35479581 -0.40264809 0.84470296 -0.36006576 0.39601722 0.84502459 0.35892776 0.39636371 0.84733319 0.36500514 0.38574305 0.84767252 -0.36385551 0.38608357 0.84769052 -0.34950727 0.39908084 0.84786063 0.36483598 -0.38474312 0.84788293 -0.36423671 -0.38526112 0.84816635 -0.36486745 -0.38403848 0.84854466 -0.3658818 -0.38223359 0.84868306 -0.3663809 -0.38144737 0.84901559 0.36636242 -0.38072437 0.84941155 -0.36632541 0.37987599 0.8513298 -0.51720905 0.08793416 0.85136199 -0.51827955 0.08104973 0.85176963 0.51757187 -0.08128903 0.85223305 -0.51697761 -0.08020616 0.85250944 -0.51709658 0.07641131 0.8526392 -0.51691157 0.07621618 0.8526541 -0.3729966 0.36586115 0.85288376 -0.51649129 -0.07632827 0.85301805 0.51623881 -0.07653622 0.85325015 0.51598984 0.07562318 0.85384154 -0.5202564 -0.0169662 0.85514998 0.51446038 0.06363199 0.85517502 -0.51492244 -0.05941824 0.85567594 -0.5135352 0.06403374 0.85734642 0.35333896 0.37431085 0.85752708 -0.31192315 -0.40908584 0.85952961 -0.38757774 0.33315504 0.86034483 -0.39133716 -0.32659164 0.86161005 0.42878258 -0.27161309 0.86299974 -0.3505193 -0.36382377 0.8630895 -0.35042199 -0.3637045 0.86459422 -0.35296017 -0.35762542 0.86464763 -0.50228405 -0.00975614 0.86503452 -0.50166905 0.00660109 0.86527896 -0.40734521 -0.29216802 0.86537951 0.50111681 -0.00039437 0.86548108 -0.50094175 3.918e-05 0.86555636 -0.50081158 2.014e-05 0.86563081 0.50068289 -0.00021031 0.86567467 -0.35031021 0.35761747 0.86572963 -0.50050884 0.00179036 0.865753 -0.50046664 -0.00219121 0.86595339 0.50012463 0.00024713 0.86598963 -0.50006199 -4.903e-05 0.86598963 0.50006199 4.903e-05 0.86602318 -0.50000364 0.00024979 0.86605757 0.49994418 0.00032546 0.86607659 -0.49991155 -5.591e-05 0.86609286 -0.49988315 0.0002107 0.8662582 0.49959558 0.00098997 0.86629921 0.49952537 9.853e-05 0.86631036 -0.49950609 -0.0001576 0.86631733 -0.49949405 -0.0001079 0.86645037 0.49926305 0.00041836 0.86729181 -0.40945622 -0.28310883 0.86842489 -0.40951231 0.27953154 0.87035108 -0.42330348 0.25160116 0.87094212 -0.16512603 -0.46281004 0.87135398 -0.42018339 -0.2533538 0.8716566 -0.32601067 0.36596677 0.8720271 0.43793795 0.2185846 0.87237501 -0.42791745 0.23632273 0.87249732 0.42793739 -0.23583494 0.87257928 0.42756444 0.23620771 0.8726579 -0.43566743 0.22059506 0.87270212 -0.42753237 -0.23581138 0.87270302 -0.42712727 -0.23654129 0.87279326 0.43001252 0.23091388 0.87290484 -0.42974597 -0.23098826 0.87290913 -0.42934069 -0.23172426 0.87293112 -0.48216525 0.07421588 0.872953 -0.42923763 0.23175004 0.87307799 -0.42670098 0.23592629 0.87312555 0.42941153 -0.23077601 0.87328607 -0.34570062 -0.34331128 0.87348896 -0.48086354 -0.07607467 0.87365431 -0.42801648 0.23136568 0.8736679 -0.48028588 -0.07765161 0.87368333 -0.48221338 0.06440348 0.87386942 0.47976866 -0.07857643 0.87392402 0.47927871 -0.08092473 0.87393969 0.47978061 0.0777166 0.87401354 -0.47914317 -0.08076028 0.87403268 -0.47990558 0.07587802 0.87406963 -0.33896261 0.34800354 0.87407321 -0.47956777 0.07752994 0.87414914 -0.47886306 0.08095372 0.87418491 -0.47856215 -0.08233484 0.87428278 0.47865099 0.08076429 0.87430257 0.38550431 -0.29492608 0.87445968 -0.47999057 -0.07020886 0.87469119 -0.47920111 0.07267336 0.87587982 -0.45292634 -0.16640978 0.87644762 -0.47144613 -0.09786732 0.8764956 -0.45357585 0.16132107 0.87655509 -0.45984599 0.14210142 0.87658072 -0.46956465 -0.10542906 0.87998122 -0.31918883 0.35178313 0.88013953 -0.33485618 0.3364903 0.88028926 -0.33464408 0.33630964 0.88222915 0.46923822 0.03856416 0.88664758 -0.31445491 0.33907834 0.89285105 -0.30887863 -0.32773626 0.89538211 0.30644321 -0.32308432 0.89776498 -0.30305317 -0.31965089 0.8978613 -0.30302668 -0.31940526 0.90303963 -0.30353937 -0.30394605 0.91740638 -0.14153579 -0.37193134 0.91804785 -0.28244564 0.27823132 0.92680371 -0.2734378 -0.25742313 0.92847061 -0.28570017 -0.23731332 0.92971599 -0.27425173 0.24579328 0.93302423 -0.26821095 0.23985133 0.93372548 -0.28159702 -0.22104251 0.93717271 -0.26775923 -0.22363418 0.9373973 -0.27243042 -0.21695171 0.93885458 -0.263897 0.22115675 0.94170094 -0.2703824 -0.2002314 0.94270682 -0.26206148 0.20646474 0.94271505 -0.2620464 0.20644604 0.94687295 -0.26427081 0.18328261 0.95069867 -0.24342075 -0.19214173 0.9517048 -0.23979303 -0.19172205 0.95348758 -0.2586982 -0.15471523 0.95648187 -0.25371778 -0.14411715 0.956523 0.15292448 -0.24835011 0.95661575 -0.2466785 0.15503535 0.95678794 0.2418562 0.16143832 0.95859402 -0.24490431 -0.1453253 0.95870346 -0.24490555 -0.14459909 0.95999056 -0.25020966 0.12575059 0.96172595 -0.25146028 -0.10886204 0.9617424 -0.25143144 -0.10878311 0.96371633 -0.2433459 0.10969821 0.96371788 -0.24333218 0.10971455 0.96892798 -0.23808883 -0.06702443 0.97000116 -0.23742688 0.05221277 0.97012675 -0.23804761 0.04676996 0.97014302 -0.2380323 0.04650823 0.9704051 -0.2353563 -0.05404928 0.97043675 -0.24057715 -0.0193681 0.97146606 -0.23523885 0.03027357 0.9715324 -0.23289935 0.04339139 0.98008865 0.19479848 -0.03846813 0.99999303 -0.00219134 -0.00301589 0.99999797 -0.0007378 -0.00179634 0.99999881 0.00135054 -0.00080145 0.99999887 -0.00058454 0.0014033 0.99999994 0 -0 0.99999994 2.473e-05 -0.00035303 0.99999994 0.00013828 4.229e-05 1 -0 0</float_array>
          <technique_common>
            <accessor source="#normals-array" count="4452" stride="3">
              <param name="X" type="float" />
              <param name="Y" type="float" />
              <param name="Z" type="float" />
            </accessor>
          </technique_common>
        </source>
        <vertices id="vertices">
          <input semantic="POSITION" source="#positions" />
        </vertices>
        <triangles count="5477" material="MATERIAL">
          <input semantic="VERTEX" source="#vertices" offset="0" />
          <input semantic="NORMAL" source="#normals" offset="1" />
          <p>342 2520 137 2520 136 2520 346 1763 137 1763 342 1763 347 1962 342 1962 136 1962 140 2525 347 2525 136 2525 346 2767 144 2767 137 2767 352 1941 347 1941 140 1941 352 1687 144 1687 346 1687 144 2715 352 2715 140 2715 340 4451 342 4451 338 4451 346 4451 342 4451 340 4451 342 4451 345 4451 338 4451 350 4451 346 4451 340 4451 342 4451 347 4451 345 4451 354 4451 345 4451 347 4451 352 4451 354 4451 347 4451 350 4451 352 4451 346 4451 350 4451 356 4451 352 4451 356 4451 354 4451 352 4451 452 1834 451 1834 338 1834 451 2639 340 2639 338 2639 456 1748 340 1748 451 1748 345 2742 452 2742 338 2742 456 2799 350 2799 340 2799 460 1670 452 1670 345 1670 466 1680 350 1680 456 1680 354 2749 460 2749 345 2749 466 2798 356 2798 350 2798 468 1815 460 1815 354 1815 356 2618 468 2618 354 2618 468 1754 356 1754 466 1754 224 4451 225 4451 223 4451 493 1753 492 1753 223 1753 492 2771 224 2771 223 2771 225 2625 493 2625 223 2625 496 1940 493 1940 225 1940 496 1711 224 1711 492 1711 224 2622 496 2622 225 2622 222 4451 221 4451 220 4451 457 2383 222 2383 220 2383 465 2675 222 2675 457 2675 221 1803 467 1803 220 1803 467 2095 457 2095 220 2095 467 1782 222 1782 465 1782 222 2693 467 2693 221 2693 341 2645 138 2645 135 2645 343 1864 341 1864 135 1864 139 2651 343 2651 135 2651 348 1759 138 1759 341 1759 348 2745 143 2745 138 2745 351 1764 343 1764 139 1764 143 2773 351 2773 139 2773 351 1709 143 1709 348 1709 339 4451 341 4451 337 4451 341 4451 343 4451 337 4451 343 4451 344 4451 337 4451 348 4451 341 4451 339 4451 349 4451 348 4451 339 4451 351 4451 344 4451 343 4451 353 4451 344 4451 351 4451 349 4451 355 4451 348 4451 355 4448 353 4448 351 4448 355 4448 351 4448 348 4448 450 2110 339 2110 337 2110 453 1838 339 1838 450 1838 344 2704 450 2704 337 2704 453 2547 349 2547 339 2547 458 2352 349 2352 453 2352 459 1635 450 1635 344 1635 353 2748 459 2748 344 2748 469 2028 349 2028 458 2028 469 2127 355 2127 349 2127 469 1703 459 1703 353 1703 355 2519 469 2519 353 2519 361 2564 172 2564 169 2564 364 2379 172 2379 361 2379 369 1927 361 1927 169 1927 176 2442 369 2442 169 2442 370 1956 172 1956 364 1956 370 2604 179 2604 172 2604 179 2131 369 2131 176 2131 370 1938 369 1938 179 1938 359 4451 361 4451 357 4451 364 4451 361 4451 359 4451 361 4451 365 4451 357 4451 367 4451 364 4451 359 4451 361 4451 369 4451 365 4451 367 4451 370 4451 364 4451 374 4451 365 4451 369 4451 367 4451 373 4451 370 4451 370 4448 374 4448 369 4448 373 4451 374 4451 370 4451 490 1833 488 1833 357 1833 488 2563 359 2563 357 2563 497 1806 359 1806 488 1806 365 2754 490 2754 357 2754 497 2628 367 2628 359 2628 501 1603 490 1603 365 1603 497 2018 373 2018 367 2018 503 1767 373 1767 497 1767 374 2864 501 2864 365 2864 503 2734 374 2734 373 2734 503 1606 501 1606 374 1606 171 1976 363 1976 170 1976 363 2433 362 2433 170 2433 368 2013 170 2013 362 2013 368 2372 174 2372 170 2372 177 2566 363 2566 171 2566 368 2460 178 2460 174 2460 372 1743 363 1743 177 1743 372 1822 178 1822 368 1822 178 2612 372 2612 177 2612 360 4451 362 4451 358 4451 362 4451 363 4451 358 4451 363 4451 366 4451 358 4451 368 4451 362 4451 360 4451 371 4451 368 4451 360 4451 372 4451 375 4451 363 4451 375 4448 366 4448 363 4448 371 4448 372 4448 368 4448 371 4451 375 4451 372 4451 491 1832 489 1832 358 1832 489 2640 360 2640 358 2640 498 1725 360 1725 489 1725 366 2753 491 2753 358 2753 498 2859 371 2859 360 2859 502 1602 491 1602 366 1602 504 1599 371 1599 498 1599 375 2863 502 2863 366 2863 504 2858 375 2858 371 2858 504 1605 502 1605 375 1605 216 4427 91 4427 219 4427 91 4425 217 4425 219 4425 395 1911 219 1911 394 1911 395 2531 216 2531 219 2531 217 2583 394 2583 219 2583 396 1896 216 1896 395 1896 396 1756 394 1756 217 1756 396 2138 91 2138 216 2138 91 2548 396 2548 217 2548 398 2720 518 2720 393 2720 518 2021 520 2021 393 2021 395 4451 394 4451 393 4451 394 4446 398 4446 393 4446 397 4451 396 4451 393 4451 396 4451 395 4451 393 4451 396 4444 397 4444 398 4444 394 4445 396 4445 398 4445 515 1922 291 1922 282 1922 524 2349 291 2349 515 2349 295 2619 515 2619 282 2619 527 1819 515 1819 295 1819 530 2069 291 2069 524 2069 530 2481 301 2481 291 2481 308 2571 527 2571 295 2571 537 1995 527 1995 308 1995 537 1987 301 1987 530 1987 537 2501 308 2501 301 2501 282 3 279 3 274 3 295 3 282 3 274 3 282 1 291 1 279 1 287 1 295 1 274 1 291 1 297 1 279 1 291 1 311 1 297 1 313 3 295 3 287 3 301 1 311 1 291 1 313 1 308 1 295 1 316 1 311 1 301 1 313 1 316 1 308 1 308 3 316 3 301 3 240 2540 417 2540 235 2540 420 1993 417 1993 240 1993 422 1947 235 1947 417 1947 422 2503 248 2503 235 2503 430 2435 420 2435 240 2435 256 1979 430 1979 240 1979 431 1994 248 1994 422 1994 431 2516 260 2516 248 2516 260 2558 430 2558 256 2558 430 1889 260 1889 431 1889 235 3 230 3 227 3 240 3 235 3 227 3 234 1 240 1 227 1 235 1 246 1 230 1 235 1 248 1 246 1 234 1 256 1 240 1 259 1 256 1 234 1 266 1 246 1 248 1 260 1 266 1 248 1 259 3 271 3 256 3 271 1 260 1 256 1 271 1 266 1 260 1 20 2652 227 2652 16 2652 230 1984 16 1984 227 1984 234 1879 227 1879 20 1879 230 2478 24 2478 16 2478 246 2057 24 2057 230 2057 108 2511 234 2511 20 2511 22 2730 108 2730 20 2730 259 1683 234 1683 108 1683 246 2418 28 2418 24 2418 266 2022 28 2022 246 2022 121 2840 259 2840 108 2840 271 1728 259 1728 121 1728 266 2459 94 2459 28 2459 271 1862 94 1862 266 1862 271 2614 121 2614 94 2614 243 2647 415 2647 238 2647 426 1737 415 1737 243 1737 415 1930 251 1930 238 1930 427 2355 251 2355 415 2355 255 2659 426 2659 243 2659 432 2080 251 2080 427 2080 432 2516 263 2516 251 2516 436 1897 426 1897 255 1897 263 2589 436 2589 255 2589 436 1931 263 1931 432 1931 243 1 238 1 226 1 233 1 243 1 226 1 238 1 244 1 226 1 238 1 251 1 244 1 245 1 243 1 233 1 245 3 255 3 243 3 264 1 255 1 245 1 268 1 244 1 251 1 263 3 268 3 251 3 264 1 270 1 255 1 270 1 263 1 255 1 270 1 268 1 263 1 17 2499 226 2499 15 2499 233 1942 226 1942 17 1942 226 2054 21 2054 15 2054 244 1841 21 1841 226 1841 27 2505 233 2505 17 2505 245 2133 233 2133 27 2133 109 2400 23 2400 21 2400 244 2635 109 2635 21 2635 244 2492 118 2492 109 2492 264 2023 245 2023 27 2023 268 1682 118 1682 244 1682 29 2508 264 2508 27 2508 270 1997 264 1997 29 1997 95 2417 270 2417 29 2417 268 2679 95 2679 118 2679 270 2423 95 2423 268 2423 517 2386 294 2386 285 2386 523 2416 294 2416 517 2416 522 2102 517 2102 285 2102 290 2387 522 2387 285 2387 534 1981 294 1981 523 1981 532 2072 522 2072 290 2072 306 2464 532 2464 290 2464 534 2446 304 2446 294 2446 534 2375 306 2375 304 2375 534 1967 532 1967 306 1967 278 1 285 1 275 1 290 1 285 1 278 1 294 1 286 1 275 1 285 3 294 3 275 3 300 1 290 1 278 1 294 1 310 1 286 1 300 1 306 1 290 1 304 1 310 1 294 1 300 3 314 3 306 3 315 3 310 3 304 3 306 1 315 1 304 1 314 1 315 1 306 1 275 2546 191 2546 96 2546 278 1861 275 1861 96 1861 64 2579 278 2579 96 2579 275 2001 197 2001 191 2001 286 2350 197 2350 275 2350 300 1765 278 1765 64 1765 310 2019 197 2019 286 2019 310 1804 203 1804 197 1804 70 2711 300 2711 64 2711 203 2338 71 2338 69 2338 310 2542 71 2542 203 2542 314 1904 300 1904 70 1904 76 2537 314 2537 70 2537 315 1877 71 1877 310 1877 315 2562 76 2562 71 2562 315 1960 314 1960 76 1960 443 2309 125 2309 124 2309 126 2308 445 2308 124 2308 445 2308 443 2308 124 2308 444 2309 125 2309 443 2309 444 2298 129 2298 125 2298 449 2087 129 2087 444 2087 130 2391 448 2391 126 2391 448 2299 445 2299 126 2299 449 2394 133 2394 129 2394 454 2291 133 2291 449 2291 134 2290 455 2290 130 2290 455 2083 448 2083 130 2083 454 2281 141 2281 133 2281 461 2281 141 2281 454 2281 142 2282 462 2282 134 2282 462 2282 455 2282 134 2282 461 2272 147 2272 141 2272 471 2089 147 2089 461 2089 150 2424 470 2424 142 2424 470 2273 462 2273 142 2273 472 2053 470 2053 150 2053 471 2395 153 2395 147 2395 475 2263 153 2263 471 2263 154 2262 476 2262 150 2262 476 2411 472 2411 150 2411 475 2252 156 2252 153 2252 478 2252 156 2252 475 2252 157 2251 479 2251 154 2251 479 2251 476 2251 154 2251 478 2229 161 2229 156 2229 482 2086 161 2086 478 2086 162 2393 481 2393 157 2393 481 2228 479 2228 157 2228 482 2392 165 2392 161 2392 486 2220 165 2220 482 2220 166 2219 487 2219 162 2219 487 2085 481 2085 162 2085 486 2204 173 2204 165 2204 500 2090 173 2090 486 2090 175 2396 499 2396 166 2396 499 2205 487 2205 166 2205 500 2398 182 2398 173 2398 505 2199 182 2199 500 2199 183 2200 506 2200 175 2200 506 2088 499 2088 175 2088 505 2188 186 2188 182 2188 510 2084 186 2084 505 2084 187 2389 509 2389 183 2389 509 2187 506 2187 183 2187 510 2390 188 2390 186 2390 511 2178 188 2178 510 2178 188 2177 511 2177 187 2177 511 2081 509 2081 187 2081 242 2692 416 2692 236 2692 423 1814 236 1814 416 1814 423 2503 249 2503 236 2503 428 1760 416 1760 242 1760 254 2642 428 2642 242 2642 429 2003 249 2003 423 2003 429 2543 261 2543 249 2543 438 1884 428 1884 254 1884 261 2621 438 2621 254 2621 438 1898 261 1898 429 1898 236 1 231 1 229 1 242 1 236 1 229 1 236 1 247 1 231 1 236 1 249 1 247 1 253 1 242 1 229 1 253 1 254 1 242 1 265 1 247 1 249 1 261 1 265 1 249 1 272 1 265 1 261 1 253 1 272 1 254 1 272 1 261 1 254 1 104 2702 229 2702 101 2702 231 1768 101 1768 229 1768 231 2691 106 2691 101 2691 247 1722 106 1722 231 1722 253 1716 229 1716 104 1716 113 2119 253 2119 104 2119 247 2751 115 2751 106 2751 117 2677 253 2677 113 2677 265 1788 115 1788 247 1788 265 2476 119 2476 115 2476 272 1715 253 1715 117 1715 122 2448 272 2448 117 2448 265 1991 122 1991 119 1991 272 2035 122 2035 265 2035 516 2386 292 2386 283 2386 526 2067 292 2067 516 2067 525 2092 516 2092 283 2092 289 2060 525 2060 283 2060 305 2491 525 2491 289 2491 526 2413 302 2413 292 2413 536 2025 302 2025 526 2025 533 2036 525 2036 305 2036 536 2477 305 2477 302 2477 536 2093 533 2093 305 2093 283 1 277 1 276 1 289 1 283 1 276 1 283 1 292 1 277 1 292 3 288 3 277 3 298 1 289 1 276 1 292 1 312 1 288 1 298 1 305 1 289 1 302 1 312 1 292 1 318 3 312 3 302 3 298 1 318 1 305 1 305 1 318 1 302 1 192 2660 276 2660 194 2660 277 2515 194 2515 276 2515 288 1787 194 1787 277 1787 298 1907 276 1907 192 1907 199 1811 298 1811 192 1811 288 2755 202 2755 194 2755 312 1712 202 1712 288 1712 209 2669 298 2669 199 2669 312 2768 210 2768 202 2768 318 1639 298 1639 209 1639 318 1700 210 1700 312 1700 210 2796 318 2796 209 2796 241 2540 418 2540 237 2540 421 1849 418 1849 241 1849 424 1947 237 1947 418 1947 424 2503 250 2503 237 2503 257 2658 421 2658 241 2658 435 1988 250 1988 424 1988 435 2485 262 2485 250 2485 433 1894 421 1894 257 1894 262 2541 433 2541 257 2541 435 1970 433 1970 262 1970 237 1 232 1 228 1 241 1 237 1 228 1 239 1 241 1 228 1 237 1 250 1 232 1 250 1 252 1 232 1 239 1 257 1 241 1 258 1 257 1 239 1 267 1 252 1 250 1 262 1 267 1 250 1 258 1 269 1 257 1 269 1 262 1 257 1 269 1 267 1 262 1 103 2681 228 2681 102 2681 232 1750 102 1750 228 1750 239 1785 228 1785 103 1785 232 2820 112 2820 102 2820 114 2817 239 2817 103 2817 252 2000 112 2000 232 2000 258 1689 239 1689 114 1689 252 1792 116 1792 112 1792 267 1870 116 1870 252 1870 269 2719 258 2719 114 2719 120 1813 269 1813 114 1813 267 2766 123 2766 116 2766 123 2575 269 2575 120 2575 269 1672 123 1672 267 1672 521 1818 519 1818 284 1818 519 2620 293 2620 284 2620 296 2617 521 2617 284 2617 529 1727 293 1727 519 1727 535 1855 521 1855 296 1855 529 2706 303 2706 293 2706 309 2486 535 2486 296 2486 529 1829 309 1829 303 1829 535 2004 309 2004 529 2004 284 1 281 1 273 1 296 1 284 1 273 1 280 1 296 1 273 1 284 1 293 1 281 1 299 1 296 1 280 1 293 1 307 1 281 1 303 1 307 1 293 1 299 1 309 1 296 1 299 3 317 3 309 3 317 1 307 1 303 1 309 3 317 3 303 3 273 2437 195 2437 189 2437 281 1965 195 1965 273 1965 280 2044 273 2044 189 2044 193 1761 280 1761 189 1761 299 2427 280 2427 193 2427 281 2512 198 2512 195 2512 206 2760 299 2760 193 2760 307 1752 198 1752 281 1752 307 2514 207 2514 198 2514 317 1719 299 1719 206 1719 211 2470 317 2470 206 2470 317 1742 207 1742 307 1742 317 2513 211 2513 207 2513 111 1 126 1 107 1 126 3 124 3 107 3 124 1 110 1 107 1 124 3 125 3 110 3 125 1 117 1 110 1 117 1 113 1 110 1 112 1 126 1 111 1 116 1 126 1 112 1 130 1 126 1 116 1 129 3 122 3 117 3 125 1 129 1 117 1 123 1 130 1 116 1 150 1 123 1 120 1 128 1 150 1 120 1 122 1 141 1 119 1 141 1 127 1 119 1 150 1 142 1 123 1 133 1 141 1 122 1 129 1 133 1 122 1 142 1 134 1 123 1 134 1 130 1 123 1 141 1 131 1 127 1 132 1 150 1 128 1 141 1 145 1 131 1 146 1 150 1 132 1 147 1 145 1 141 1 147 1 148 1 145 1 149 1 150 1 146 1 147 1 151 1 148 1 152 1 154 1 149 1 154 1 150 1 149 1 153 3 151 3 147 3 153 1 155 1 151 1 158 1 157 1 152 1 157 1 154 1 152 1 156 1 155 1 153 1 156 1 159 1 155 1 161 1 159 1 156 1 158 1 162 1 157 1 160 1 168 1 158 1 185 1 193 1 158 1 181 1 185 1 158 1 168 1 181 1 158 1 193 1 189 1 158 1 189 1 166 1 158 1 166 1 162 1 158 1 163 1 159 1 161 1 164 1 168 1 160 1 165 1 167 1 161 1 167 1 163 1 161 1 173 1 194 1 165 1 194 1 184 1 165 1 184 3 180 3 165 3 180 1 167 1 165 1 189 1 175 1 166 1 182 1 194 1 173 1 189 3 183 3 175 3 192 3 194 3 182 3 186 3 192 3 182 3 189 1 187 1 183 1 189 1 195 1 187 1 199 3 192 3 186 3 200 1 199 1 186 1 205 1 200 1 186 1 188 1 205 1 186 1 195 1 188 1 187 1 195 1 198 1 188 1 201 1 205 1 188 1 198 1 201 1 188 1 274 2421 93 2421 190 2421 279 1859 93 1859 274 1859 279 2401 63 2401 93 2401 287 2027 274 2027 190 2027 196 2002 287 2002 190 2002 279 2130 67 2130 63 2130 297 2594 67 2594 279 2594 204 2607 287 2607 196 2607 311 1869 67 1869 297 1869 313 1798 287 1798 204 1798 74 2399 204 2399 68 2399 74 2475 313 2475 204 2475 311 2637 75 2637 67 2637 316 1836 75 1836 311 1836 316 1802 313 1802 74 1802 75 2713 316 2713 74 2713 325 2136 52 2136 50 2136 320 2144 52 2144 325 2144 92 4443 215 4443 218 4443 215 2685 387 2685 218 2685 388 1810 218 1810 387 1810 390 1757 387 1757 215 1757 388 2626 92 2626 218 2626 92 2726 390 2726 215 2726 390 1878 92 1878 388 1878 434 2436 392 2436 391 2436 437 2172 392 2172 434 2172 330 1951 329 1951 97 1951 329 2527 98 2527 97 2527 99 2555 330 2555 97 2555 333 1883 98 1883 329 1883 334 1801 330 1801 99 1801 333 2376 100 2376 98 2376 105 2689 334 2689 99 2689 333 2532 105 2532 100 2532 334 1723 105 1723 333 1723 328 4451 329 4451 327 4451 329 4451 330 4451 327 4451 330 4451 331 4451 327 4451 332 4451 333 4451 328 4451 333 4451 329 4451 328 4451 334 4451 331 4451 330 4451 335 4451 331 4451 334 4451 332 4448 336 4448 333 4448 336 4448 335 4448 334 4448 336 4451 334 4451 333 4451 406 2744 328 2744 327 2744 406 1681 410 1681 328 1681 407 1732 406 1732 327 1732 331 2670 407 2670 327 2670 410 2800 332 2800 328 2800 413 1781 407 1781 331 1781 335 2655 413 2655 331 2655 410 1777 412 1777 332 1777 412 2718 336 2718 332 2718 419 1900 413 1900 335 1900 412 1713 419 1713 336 1713 336 2762 419 2762 335 2762 409 2165 391 2165 386 2165 414 2462 391 2462 409 2462 434 2373 391 2373 414 2373 555 2168 434 2168 414 2168 442 2358 434 2358 555 2358 556 2242 557 2242 555 2242 557 2169 442 2169 555 2169 560 2154 556 2154 555 2154 572 2166 560 2166 555 2166 564 2242 560 2242 572 2242 568 2242 564 2242 572 2242 569 2242 568 2242 572 2242 573 2242 569 2242 572 2242 564 2242 561 2242 560 2242 565 2242 561 2242 564 2242 388 4451 387 4451 386 4451 391 4451 388 4451 386 4451 387 4448 389 4448 386 4448 390 4451 389 4451 387 4451 392 4451 389 4451 390 4451 391 4451 392 4451 390 4451 391 4451 390 4451 388 4451 2 1 9 1 0 1 9 1 7 1 0 1 7 1 8 1 0 1 8 1 10 1 0 1 10 3 14 3 0 3 14 1 20 1 0 1 20 3 1 3 0 3 20 1 3 1 1 1 4 1 21 1 2 1 21 1 13 1 2 1 13 1 9 1 2 1 20 1 5 1 3 1 6 1 15 1 4 1 15 1 21 1 4 1 20 1 16 1 5 1 16 1 11 1 5 1 12 1 17 1 6 1 17 1 15 1 6 1 16 1 25 1 11 1 26 1 27 1 12 1 27 1 17 1 12 1 21 1 19 1 13 1 18 1 20 1 14 1 22 3 20 3 18 3 21 1 23 1 19 1 24 1 25 1 16 1 24 1 32 1 25 1 33 1 27 1 26 1 28 3 32 3 24 3 33 1 29 1 27 1 34 3 32 3 28 3 33 1 37 1 29 1 37 1 35 1 29 1 30 1 34 1 28 1 94 1139 30 1139 28 1139 31 1153 95 1153 29 1153 35 3 31 3 29 3 34 1 36 1 32 1 38 1 36 1 34 1 37 1 39 1 35 1 38 3 40 3 36 3 43 1 39 1 37 1 42 1 40 1 38 1 41 3 43 3 37 3 42 1 44 1 40 1 45 1 44 1 42 1 41 1 46 1 43 1 47 1 46 1 41 1 45 1 51 1 44 1 48 1 51 1 45 1 47 1 49 1 46 1 58 3 54 3 47 3 54 1 49 1 47 1 64 1 58 1 47 1 52 1 64 1 47 1 50 1 52 1 47 1 55 1 51 1 48 1 53 1 55 1 48 1 57 1 55 1 53 1 56 1 64 1 52 1 57 3 63 3 55 3 63 1 59 1 55 1 60 1 64 1 56 1 61 1 63 1 57 1 64 1 62 1 58 1 67 1 65 1 59 1 63 1 67 1 59 1 66 3 64 3 60 3 93 1151 63 1151 61 1151 64 1081 96 1081 62 1081 66 1 70 1 64 1 67 3 79 3 65 3 80 1 70 1 66 1 72 1 74 1 68 1 71 3 73 3 69 3 72 3 77 3 74 3 89 1 78 1 71 1 78 1 73 1 71 1 75 1 79 1 67 1 77 1 88 1 74 1 87 1 89 1 71 1 88 1 86 1 74 1 80 1 76 1 70 1 85 1 87 1 71 1 84 1 79 1 75 1 86 1 84 1 74 1 76 1 85 1 71 1 84 1 75 1 74 1 80 3 85 3 76 3 81 1 88 1 77 1 89 1 82 1 78 1 83 1 90 1 81 1 90 1 88 1 81 1 89 1 83 1 82 1 89 1 90 1 83 1 319 2450 41 2450 37 2450 322 2345 41 2345 319 2345 324 2236 47 2236 41 2236 322 2339 324 2339 41 2339 325 2141 50 2141 47 2141 324 2248 325 2248 47 2248 321 4447 324 4447 319 4447 324 4449 322 4449 319 4449 323 4451 324 4451 321 4451 326 4451 325 4451 323 4451 325 4451 324 4451 323 4451 326 4450 320 4450 325 4450 401 2174 2 2174 0 2174 399 2174 401 2174 0 2174 1 2173 399 2173 0 2173 1 2313 400 2313 399 2313 3 2319 400 2319 1 2319 3 2183 402 2183 400 2183 403 2184 4 2184 2 2184 401 2184 403 2184 2 2184 5 2189 402 2189 3 2189 5 2189 404 2189 402 2189 405 2190 6 2190 4 2190 403 2190 405 2190 4 2190 11 2196 404 2196 5 2196 11 2196 408 2196 404 2196 409 2162 12 2162 6 2162 405 2195 409 2195 6 2195 25 2201 408 2201 11 2201 25 2201 425 2201 408 2201 386 2150 26 2150 12 2150 409 2147 386 2147 12 2147 389 2203 26 2203 386 2203 32 2209 425 2209 25 2209 32 2209 446 2209 425 2209 389 2208 33 2208 26 2208 392 1943 33 1943 389 1943 437 2211 447 2211 392 2211 447 2211 33 2211 392 2211 36 2213 446 2213 32 2213 36 2213 463 2213 446 2213 464 2074 37 2074 33 2074 447 2214 464 2214 33 2214 40 2223 463 2223 36 2223 40 2223 473 2223 463 2223 464 2451 319 2451 37 2451 321 2557 319 2557 464 2557 474 2224 321 2224 464 2224 44 2231 473 2231 40 2231 44 2231 477 2231 473 2231 474 2233 480 2233 321 2233 480 2233 323 2233 321 2233 51 2255 477 2255 44 2255 51 2255 484 2255 477 2255 480 2253 485 2253 323 2253 485 2253 326 2253 323 2253 55 2259 484 2259 51 2259 55 2259 494 2259 484 2259 485 2256 320 2256 326 2256 495 2471 320 2471 485 2471 320 2361 495 2361 52 2361 495 2157 56 2157 52 2157 59 2268 494 2268 55 2268 59 2268 507 2268 494 2268 495 2158 508 2158 56 2158 508 2266 60 2266 56 2266 65 2274 507 2274 59 2274 65 2274 528 2274 507 2274 398 1998 66 1998 60 1998 508 2271 518 2271 60 2271 518 2504 398 2504 60 2504 79 2280 528 2280 65 2280 79 2280 544 2280 528 2280 398 2426 80 2426 66 2426 397 2149 80 2149 398 2149 543 2148 80 2148 397 2148 84 2286 544 2286 79 2286 84 2286 547 2286 544 2286 548 2287 85 2287 80 2287 543 2163 548 2163 80 2163 86 2295 547 2295 84 2295 86 2295 549 2295 547 2295 550 2294 87 2294 85 2294 548 2294 550 2294 85 2294 88 2300 549 2300 86 2300 88 2320 551 2320 549 2320 552 2301 89 2301 87 2301 550 2301 552 2301 87 2301 90 2314 551 2314 88 2314 90 2306 553 2306 551 2306 553 2307 90 2307 89 2307 552 2307 553 2307 89 2307 378 2014 212 2014 208 2014 213 2610 378 2610 208 2610 380 2037 212 2037 378 2037 382 1729 378 1729 213 1729 383 2347 212 2347 380 2347 383 2544 214 2544 212 2544 214 2700 382 2700 213 2700 383 1908 382 1908 214 1908 377 4451 378 4451 376 4451 380 4451 378 4451 377 4451 378 4451 379 4451 376 4451 381 4451 380 4451 377 4451 382 4451 379 4451 378 4451 384 4451 379 4451 382 4451 381 4451 383 4451 380 4451 381 4451 385 4451 383 4451 385 4451 384 4451 382 4451 383 4451 385 4451 382 4451 531 2747 377 2747 376 2747 539 1762 377 1762 531 1762 540 1905 531 1905 376 1905 379 2613 540 2613 376 2613 539 2750 381 2750 377 2750 542 1895 540 1895 379 1895 545 1701 381 1701 539 1701 384 2662 542 2662 379 2662 545 2770 385 2770 381 2770 546 1708 542 1708 384 1708 546 1636 385 1636 545 1636 385 2837 546 2837 384 2837 406 4451 401 4451 399 4451 400 4451 406 4451 399 4451 410 4451 406 4451 400 4451 402 4451 410 4451 400 4451 406 4451 407 4451 401 4451 407 4451 403 4451 401 4451 404 4451 410 4451 402 4451 407 4448 405 4448 403 4448 408 4451 411 4451 404 4451 411 4448 410 4448 404 4448 414 4451 409 4451 405 4451 407 4451 413 4451 405 4451 413 4448 414 4448 405 4448 425 4448 411 4448 408 4448 411 4451 412 4451 410 4451 425 4451 439 4451 411 4451 446 4451 473 4451 425 4451 473 4451 439 4451 425 4451 442 4451 465 4451 434 4451 465 4451 437 4451 434 4451 465 4451 447 4451 437 4451 450 4448 440 4448 439 4448 453 4451 450 4451 439 4451 473 4451 453 4451 439 4451 443 4451 441 4451 440 4451 444 4451 443 4451 440 4451 449 4451 444 4451 440 4451 454 4451 449 4451 440 4451 443 4451 445 4451 441 4451 451 4448 442 4448 441 4448 456 4451 451 4451 441 4451 445 4451 448 4451 441 4451 452 4451 465 4451 442 4451 451 4451 452 4451 442 4451 463 4451 473 4451 446 4451 465 4451 457 4451 447 4451 457 4451 464 4451 447 4451 455 4451 441 4451 448 4451 440 4451 461 4451 454 4451 462 4448 441 4448 455 4448 458 4451 453 4451 473 4451 450 4451 459 4451 440 4451 459 4451 483 4451 440 4451 471 4451 461 4451 440 4451 483 4451 475 4451 440 4451 475 4448 471 4448 440 4448 476 4451 479 4451 441 4451 462 4448 470 4448 441 4448 470 4451 472 4451 441 4451 472 4451 476 4451 441 4451 479 4451 456 4451 441 4451 452 4451 460 4451 465 4451 460 4448 491 4448 465 4448 479 4451 466 4451 456 4451 467 4451 464 4451 457 4451 467 4451 474 4451 464 4451 473 4451 469 4451 458 4451 469 4451 483 4451 459 4451 468 4451 491 4451 460 4451 480 4451 474 4451 467 4451 491 4451 467 4451 465 4451 491 4451 480 4451 467 4451 479 4451 468 4451 466 4451 479 4451 491 4451 468 4451 473 4448 483 4448 469 4448 483 4451 478 4451 475 4451 484 4451 473 4451 477 4451 488 4451 483 4451 473 4451 488 4451 490 4451 483 4451 482 4451 478 4451 483 4451 489 4451 491 4451 479 4451 498 4451 489 4451 479 4451 481 4448 498 4448 479 4448 492 4451 480 4451 491 4451 492 4448 485 4448 480 4448 494 4451 473 4451 484 4451 492 4451 493 4451 485 4451 493 4448 495 4448 485 4448 483 4451 486 4451 482 4451 487 4451 498 4451 481 4451 483 4451 500 4451 486 4451 499 4451 498 4451 487 4451 494 4451 507 4451 473 4451 497 4451 488 4451 473 4451 507 4451 497 4451 473 4451 490 4451 501 4451 483 4451 501 4451 513 4451 483 4451 513 4451 500 4451 483 4451 491 4448 502 4448 492 4448 496 4448 495 4448 493 4448 508 4451 495 4451 496 4451 492 4451 508 4451 496 4451 512 4451 503 4451 507 4451 503 4451 497 4451 507 4451 505 4448 500 4448 513 4448 504 4451 498 4451 499 4451 514 4451 504 4451 499 4451 520 4451 518 4451 492 4451 518 4448 508 4448 492 4448 502 4451 514 4451 492 4451 514 4451 520 4451 492 4451 506 4451 514 4451 499 4451 512 4451 513 4451 501 4451 503 4451 512 4451 501 4451 504 4451 514 4451 502 4451 513 4451 510 4451 505 4451 509 4451 514 4451 506 4451 528 4451 512 4451 507 4451 513 4451 511 4451 510 4451 511 4451 514 4451 509 4451 513 4448 514 4448 511 4448 528 4451 538 4451 512 4451 544 4448 538 4448 528 4448 544 4451 547 4451 538 4451 545 4451 539 4451 538 4451 547 4451 545 4451 538 4451 540 4451 542 4451 541 4451 548 4451 543 4451 541 4451 542 4451 548 4451 541 4451 550 4448 548 4448 542 4448 547 4451 549 4451 545 4451 546 4451 550 4451 542 4451 552 4451 550 4451 546 4451 549 4451 551 4451 545 4451 551 4451 546 4451 545 4451 553 4451 552 4451 546 4451 551 4451 553 4451 546 4451 554 2344 520 2344 514 2344 558 2170 554 2170 514 2170 559 2167 554 2167 558 2167 566 2241 567 2241 562 2241 567 2241 563 2241 562 2241 574 2242 571 2242 570 2242 575 2171 571 2171 574 2171 563 2153 554 2153 559 2153 567 2240 575 2240 563 2240 575 2164 554 2164 563 2164 571 2239 575 2239 567 2239 541 2415 397 2415 393 2415 520 2469 541 2469 393 2469 554 2245 541 2245 520 2245 543 2242 397 2242 541 2242 3468 2641 3674 2641 3467 2641 3676 1860 3467 1860 3674 1860 3680 1771 3674 1771 3468 1771 3474 2695 3467 2695 3676 2695 3475 2688 3680 2688 3468 2688 3681 1845 3474 1845 3676 1845 3474 2522 3681 2522 3475 2522 3681 1909 3680 1909 3475 1909 3468 1 3467 1 3464 1 3467 1 3470 1 3464 1 3472 1 3468 1 3464 1 3474 1 3470 1 3467 1 3472 1 3475 1 3468 1 3478 1 3470 1 3474 1 3472 3 3479 3 3475 3 3479 1 3478 1 3474 1 3479 1 3474 1 3475 1 3470 1651 3354 1651 3464 1651 3363 2827 3464 2827 3354 2827 3470 2683 3365 2683 3354 2683 3472 1794 3464 1794 3363 1794 3470 1986 3371 1986 3365 1986 3478 2364 3371 2364 3470 2364 3479 2487 3472 2487 3363 2487 3369 2120 3479 2120 3363 2120 3479 2038 3371 2038 3478 2038 3371 2440 3479 2440 3369 2440 3586 1 3587 1 3585 1 3586 2059 3585 2059 3321 2059 3326 2483 3586 2483 3321 2483 3328 2444 3321 2444 3585 2444 3587 1890 3328 1890 3585 1890 3587 1926 3586 1926 3326 1926 3328 2627 3587 2627 3326 2627 3589 1 3590 1 3588 1 3589 2457 3355 2457 3356 2457 3588 2039 3355 2039 3589 2039 3588 2419 3361 2419 3355 2419 3590 2107 3361 2107 3588 2107 3590 2029 3589 2029 3356 2029 3361 2385 3590 2385 3356 2385 3677 1724 3465 1724 3673 1724 3469 2678 3673 2678 3465 2678 3469 1865 3678 1865 3673 1865 3677 2775 3473 2775 3465 2775 3476 2636 3678 2636 3469 2636 3683 1741 3473 1741 3677 1741 3476 1758 3683 1758 3678 1758 3683 2710 3476 2710 3473 2710 3465 1 3466 1 3463 1 3469 1 3465 1 3463 1 3471 1 3469 1 3463 1 3465 1 3477 1 3466 1 3473 1 3477 1 3465 1 3476 1 3469 1 3471 1 3471 1 3480 1 3476 1 3480 1 3477 1 3473 1 3476 1 3480 1 3473 1 3466 1707 3353 1707 3463 1707 3362 2828 3463 2828 3353 2828 3466 2803 3364 2803 3353 2803 3471 1795 3463 1795 3362 1795 3477 1684 3364 1684 3466 1684 3477 2815 3370 2815 3364 2815 3480 2496 3471 2496 3362 2496 3368 1969 3480 1969 3362 1969 3480 1677 3370 1677 3477 1677 3370 2599 3480 2599 3368 2599 3636 1721 3635 1721 3445 1721 3635 2705 3452 2705 3445 2705 3639 1937 3452 1937 3635 1937 3453 2794 3636 2794 3445 2794 3643 1726 3636 1726 3453 1726 3639 2565 3457 2565 3452 2565 3643 1817 3457 1817 3639 1817 3457 2667 3643 2667 3453 2667 3444 3 3445 3 3443 3 3445 1 3447 1 3443 1 3445 1 3452 1 3447 1 3453 1 3445 1 3444 1 3454 1 3453 1 3444 1 3452 1 3460 1 3447 1 3457 3 3460 3 3452 3 3454 1 3461 1 3453 1 3461 3 3457 3 3453 3 3461 3 3460 3 3457 3 3443 2606 3313 2606 3314 2606 3444 2026 3443 2026 3314 2026 3447 1893 3313 1893 3443 1893 3447 2757 3319 2757 3313 2757 3454 2353 3444 2353 3314 2353 3320 2121 3454 2121 3314 2121 3460 1632 3319 1632 3447 1632 3330 2443 3454 2443 3320 2443 3460 2769 3329 2769 3319 2769 3461 2335 3454 2335 3330 2335 3460 2005 3330 2005 3329 2005 3460 1978 3461 1978 3330 1978 3637 1954 3446 1954 3634 1954 3637 2463 3450 2463 3446 2463 3451 2500 3634 2500 3446 2500 3638 1959 3634 1959 3451 1959 3637 2066 3455 2066 3450 2066 3640 2341 3455 2341 3637 2341 3456 2533 3638 2533 3451 2533 3644 1964 3638 1964 3456 1964 3644 2097 3455 2097 3640 2097 3644 2480 3456 2480 3455 2480 3446 1 3448 1 3442 1 3451 1 3446 1 3442 1 3446 1 3450 1 3448 1 3449 1 3451 1 3442 1 3450 1 3459 1 3448 1 3455 1 3459 1 3450 1 3458 1 3451 1 3449 1 3458 1 3456 1 3451 1 3456 1 3462 1 3455 1 3462 3 3459 3 3455 3 3458 1 3462 1 3456 1 3448 1793 3312 1793 3442 1793 3317 2733 3442 2733 3312 2733 3448 2661 3318 2661 3312 2661 3449 1885 3442 1885 3317 1885 3459 1784 3318 1784 3448 1784 3458 2465 3449 2465 3317 2465 3327 2439 3458 2439 3317 2439 3459 2833 3331 2833 3318 2833 3462 2045 3458 2045 3327 2045 3331 2764 3462 2764 3327 2764 3462 1678 3331 1678 3459 1678 3592 9 3595 9 3721 9 3595 1892 3421 1892 3721 1892 3595 2079 3422 2079 3421 2079 3423 2506 3721 2506 3421 2506 3595 2474 3424 2474 3422 2474 3423 1856 3592 1856 3721 1856 3592 1858 3424 1858 3595 1858 3424 2538 3592 2538 3423 2538 3425 2461 3299 2461 3298 2461 3419 1747 3299 1747 3425 1747 3419 8 3421 8 3420 8 3421 1 3422 1 3420 1 3422 1 3425 1 3420 1 3419 7 3423 7 3421 7 3424 1 3425 1 3422 1 3419 6 3424 6 3423 6 3419 4 3425 4 3424 4 3514 1745 3512 1745 3280 1745 3512 2118 3285 2118 3280 2118 3290 2680 3514 2680 3280 2680 3512 2586 3293 2586 3285 2586 3529 1736 3293 1736 3512 1736 3527 1789 3514 1789 3290 1789 3300 2567 3527 2567 3290 2567 3529 2668 3300 2668 3293 2668 3529 1876 3527 1876 3300 1876 3512 4451 3514 4451 3499 4451 3504 4451 3512 4451 3499 4451 3514 4451 3506 4451 3499 4451 3519 4451 3512 4451 3504 4451 3514 4448 3533 4448 3506 4448 3519 4451 3529 4451 3512 4451 3527 4451 3533 4451 3514 4451 3519 4451 3540 4451 3529 4451 3540 4451 3533 4451 3527 4451 3529 4451 3540 4451 3527 4451 3555 1874 3550 1874 3381 1874 3550 2690 3393 2690 3381 2690 3390 2554 3555 2554 3381 2554 3563 1812 3393 1812 3550 1812 3568 1919 3555 1919 3390 1919 3403 2738 3568 2738 3390 2738 3563 2624 3403 2624 3393 2624 3574 2577 3403 2577 3563 2577 3403 1828 3574 1828 3568 1828 3546 4451 3550 4451 3544 4451 3550 4451 3555 4451 3544 4451 3563 4451 3550 4451 3546 4451 3555 4451 3559 4451 3544 4451 3562 4451 3563 4451 3546 4451 3568 4451 3559 4451 3555 4451 3576 4451 3559 4451 3568 4451 3562 4451 3578 4451 3563 4451 3578 4451 3574 4451 3563 4451 3574 4451 3583 4451 3568 4451 3583 4448 3576 4448 3568 4448 3578 4451 3583 4451 3574 4451 3696 2835 3546 2835 3544 2835 3699 1674 3696 1674 3544 1674 3785 1840 3546 1840 3696 1840 3788 2010 3546 2010 3785 2010 3559 2699 3699 2699 3544 2699 3788 2455 3562 2455 3546 2455 3793 2024 3562 2024 3788 2024 3709 1796 3699 1796 3559 1796 3576 2653 3709 2653 3559 2653 3576 2104 3795 2104 3709 2104 3795 1929 3791 1929 3709 1929 3793 2482 3578 2482 3562 2482 3801 1835 3578 1835 3793 1835 3583 2441 3795 2441 3576 2441 3801 2633 3583 2633 3578 2633 3801 1854 3795 1854 3583 1854 3389 2694 3384 2694 3553 2694 3558 1733 3553 1733 3384 1733 3392 2581 3558 2581 3384 2581 3553 1800 3397 1800 3389 1800 3567 2449 3397 2449 3553 2449 3573 1857 3558 1857 3392 1857 3401 2408 3573 2408 3392 2408 3573 1971 3397 1971 3567 1971 3573 2454 3401 2454 3397 2454 3553 4451 3548 4451 3542 4451 3553 4451 3558 4451 3548 4451 3554 4451 3553 4451 3542 4451 3558 4448 3571 4448 3548 4448 3567 4451 3553 4451 3554 4451 3577 4448 3567 4448 3554 4448 3573 4451 3571 4451 3558 4451 3584 4451 3571 4451 3573 4451 3577 4451 3573 4451 3567 4451 3577 4451 3584 4451 3573 4451 3702 1611 3542 1611 3695 1611 3548 2805 3695 2805 3542 2805 3548 1775 3786 1775 3695 1775 3548 2063 3787 2063 3786 2063 3554 2756 3542 2756 3702 2756 3571 2434 3794 2434 3548 2434 3794 2342 3787 2342 3548 2342 3702 1797 3577 1797 3554 1797 3708 2876 3577 2876 3702 2876 3792 2146 3798 2146 3708 2146 3798 1952 3577 1952 3708 1952 3584 2473 3799 2473 3571 2473 3799 2051 3794 2051 3571 2051 3798 2595 3584 2595 3577 2595 3799 1966 3584 1966 3798 1966 3511 1882 3509 1882 3279 1882 3509 2510 3286 2510 3279 2510 3288 2598 3511 2598 3279 2598 3522 1914 3286 1914 3509 1914 3522 2648 3295 2648 3286 2648 3525 1853 3511 1853 3288 1853 3296 2591 3525 2591 3288 2591 3532 1839 3295 1839 3522 1839 3532 1932 3525 1932 3296 1932 3295 2671 3532 2671 3296 2671 3503 4451 3509 4451 3500 4451 3509 4451 3511 4451 3500 4451 3511 4451 3507 4451 3500 4451 3522 4451 3509 4451 3503 4451 3520 4451 3522 4451 3503 4451 3511 4451 3526 4451 3507 4451 3525 4448 3526 4448 3511 4448 3535 4451 3526 4451 3525 4451 3520 4451 3538 4451 3522 4451 3538 4451 3532 4451 3522 4451 3532 4451 3535 4451 3525 4451 3538 4451 3535 4451 3532 4451 3742 1934 3500 1934 3738 1934 3742 2458 3503 2458 3500 2458 3507 2556 3738 2556 3500 2556 3744 1891 3738 1891 3507 1891 3742 2068 3607 2068 3503 2068 3607 2656 3520 2656 3503 2656 3746 2142 3607 2142 3742 2142 3614 2006 3520 2006 3607 2006 3526 2539 3744 2539 3507 2539 3750 1924 3744 1924 3526 1924 3614 2497 3538 2497 3520 2497 3620 2467 3538 2467 3614 2467 3535 2523 3750 2523 3526 2523 3720 1990 3750 1990 3535 1990 3538 2630 3720 2630 3535 2630 3720 1850 3538 1850 3620 1850 3306 2490 3623 2490 3305 2490 3624 1985 3305 1985 3623 1985 3624 2453 3307 2453 3305 2453 3626 2030 3623 2030 3306 2030 3628 2297 3310 2297 3624 2297 3310 2064 3307 2064 3624 2064 3306 2412 3629 2412 3626 2412 3311 2296 3629 2296 3306 2296 3628 2289 3315 2289 3310 2289 3632 2289 3315 2289 3628 2289 3633 2288 3629 2288 3311 2288 3316 2288 3633 2288 3311 2288 3632 2278 3322 2278 3315 2278 3641 2321 3322 2321 3632 2321 3642 2279 3633 2279 3316 2279 3323 2160 3642 2160 3316 2160 3647 2277 3332 2277 3641 2277 3332 2323 3322 2323 3641 2323 3323 2155 3648 2155 3642 2155 3333 2276 3648 2276 3323 2276 3647 2264 3334 2264 3332 2264 3651 2264 3334 2264 3647 2264 3652 2265 3648 2265 3333 2265 3335 2265 3652 2265 3333 2265 3655 2328 3339 2328 3651 2328 3339 2260 3334 2260 3651 2260 3335 2261 3656 2261 3652 2261 3340 2261 3656 2261 3335 2261 3658 2252 3342 2252 3655 2252 3342 2330 3339 2330 3655 2330 3340 2251 3659 2251 3656 2251 3343 2251 3659 2251 3340 2251 3661 2329 3345 2329 3658 2329 3345 2232 3342 2232 3658 2232 3662 2234 3659 2234 3343 2234 3346 2234 3662 2234 3343 2234 3665 2226 3349 2226 3661 2226 3349 2327 3345 2327 3661 2327 3346 2225 3666 2225 3662 2225 3350 2225 3666 2225 3346 2225 3669 2217 3351 2217 3665 2217 3351 2217 3349 2217 3665 2217 3350 2215 3670 2215 3666 2215 3352 2215 3670 2215 3350 2215 3669 2206 3359 2206 3351 2206 3679 2056 3359 2056 3669 2056 3675 2207 3670 2207 3352 2207 3360 2156 3675 2156 3352 2156 3366 2425 3359 2425 3679 2425 3360 2159 3682 2159 3675 2159 3367 2202 3682 2202 3360 2202 3679 2065 3372 2065 3366 2065 3686 2198 3372 2198 3679 2198 3687 2197 3682 2197 3367 2197 3373 2197 3687 2197 3367 2197 3686 2186 3376 2186 3372 2186 3691 2091 3376 2091 3686 2091 3690 2185 3687 2185 3373 2185 3377 2388 3690 2388 3373 2388 3691 2397 3378 2397 3376 2397 3692 2180 3378 2180 3691 2180 3692 2082 3690 2082 3377 2082 3378 2179 3692 2179 3377 2179 3551 2672 3387 2672 3382 2672 3556 1778 3551 1778 3382 1778 3391 2581 3556 2581 3382 2581 3566 1790 3387 1790 3551 1790 3566 2631 3399 2631 3387 2631 3572 1857 3556 1857 3391 1857 3400 2134 3572 2134 3391 2134 3572 1751 3399 1751 3566 1751 3399 2550 3572 2550 3400 2550 3551 4451 3545 4451 3541 4451 3549 4451 3551 4451 3541 4451 3551 4451 3556 4451 3545 4451 3566 4451 3551 4451 3549 4451 3556 4451 3561 4451 3545 4451 3570 4451 3566 4451 3549 4451 3572 4451 3561 4451 3556 4451 3579 4448 3561 4448 3572 4448 3570 4451 3582 4451 3566 4451 3582 4451 3572 4451 3566 4451 3582 4451 3579 4451 3572 4451 3545 2137 3700 2137 3541 2137 3700 2048 3694 2048 3541 2048 3694 2422 3549 2422 3541 2422 3697 2774 3549 2774 3694 2774 3561 2456 3700 2456 3545 2456 3697 1776 3570 1776 3549 1776 3711 1842 3570 1842 3697 1842 3704 2488 3700 2488 3561 2488 3712 1935 3704 1935 3561 1935 3579 2701 3712 2701 3561 2701 3582 2664 3570 2664 3711 2664 3716 1740 3712 1740 3579 1740 3716 1704 3582 1704 3711 1704 3582 2739 3716 2739 3579 2739 3508 2605 3287 2605 3281 2605 3510 1989 3508 1989 3281 1989 3521 1786 3287 1786 3508 1786 3294 2551 3510 2551 3281 2551 3524 2096 3510 2096 3294 2096 3521 2741 3297 2741 3287 2741 3531 1847 3297 1847 3521 1847 3531 1983 3524 1983 3294 1983 3297 2714 3531 2714 3294 2714 3508 4451 3502 4451 3501 4451 3508 4451 3510 4451 3502 4451 3521 4451 3508 4451 3501 4451 3518 4448 3521 4448 3501 4448 3510 4451 3517 4451 3502 4451 3524 4451 3517 4451 3510 4451 3537 4448 3517 4448 3524 4448 3518 4451 3536 4451 3521 4451 3536 4451 3531 4451 3521 4451 3531 4451 3537 4451 3524 4451 3536 4451 3537 4451 3531 4451 3502 2716 3600 2716 3501 2716 3604 1739 3501 1739 3600 1739 3611 1731 3600 1731 3502 1731 3604 2737 3518 2737 3501 2737 3517 2017 3611 2017 3502 2017 3613 1851 3518 1851 3604 1851 3537 2740 3611 2740 3517 2740 3613 2528 3536 2528 3518 2528 3618 2570 3536 2570 3613 2570 3619 1918 3611 1918 3537 1918 3618 2040 3537 2040 3536 2040 3618 2043 3619 2043 3537 2043 3552 2673 3388 2673 3383 2673 3383 1779 3557 1779 3552 1779 3394 2643 3557 2643 3383 2643 3564 1844 3388 1844 3552 1844 3564 2489 3396 2489 3388 2489 3569 1888 3557 1888 3394 1888 3402 2644 3569 2644 3394 2644 3575 1999 3396 1999 3564 1999 3575 2530 3402 2530 3396 2530 3402 1899 3575 1899 3569 1899 3552 4451 3547 4451 3543 4451 3552 4451 3557 4451 3547 4451 3564 4451 3552 4451 3543 4451 3560 4448 3564 4448 3543 4448 3557 4451 3565 4451 3547 4451 3569 4451 3565 4451 3557 4451 3580 4451 3565 4451 3569 4451 3560 4451 3581 4451 3564 4451 3581 4448 3575 4448 3564 4448 3575 4451 3580 4451 3569 4451 3581 4448 3580 4448 3575 4448 3701 1671 3543 1671 3693 1671 3547 2804 3693 2804 3543 2804 3698 2438 3693 2438 3547 2438 3703 1843 3698 1843 3547 1843 3701 2778 3560 2778 3543 2778 3705 2430 3560 2430 3701 2430 3565 2736 3703 2736 3547 2736 3714 1963 3560 1963 3705 1963 3715 1702 3703 1702 3565 1702 3714 2574 3581 2574 3560 2574 3580 2559 3715 2559 3565 2559 3715 1863 3581 1863 3714 1863 3581 2126 3715 2126 3580 2126 3283 1903 3515 1903 3282 1903 3515 1915 3513 1915 3282 1915 3291 2646 3515 2646 3283 2646 3513 2611 3292 2611 3282 2611 3530 1769 3292 1769 3513 1769 3528 1766 3515 1766 3291 1766 3530 2596 3301 2596 3292 2596 3301 2593 3528 2593 3291 2593 3530 1881 3528 1881 3301 1881 3513 4451 3515 4451 3498 4451 3505 4451 3513 4451 3498 4451 3515 4451 3516 4451 3498 4451 3523 4451 3513 4451 3505 4451 3523 4451 3530 4451 3513 4451 3528 4451 3516 4451 3515 4451 3534 4451 3516 4451 3528 4451 3523 4451 3539 4451 3530 4451 3539 4451 3534 4451 3528 4451 3530 4448 3539 4448 3528 4448 3602 1590 3601 1590 3498 1590 3601 2801 3505 2801 3498 2801 3516 2868 3602 2868 3498 2868 3601 1734 3523 1734 3505 1734 3612 2493 3523 2493 3601 2493 3610 1679 3602 1679 3516 1679 3616 1925 3523 1925 3612 1925 3534 2055 3617 2055 3516 2055 3617 2752 3610 2752 3516 2752 3616 2765 3539 2765 3523 2765 3621 1749 3539 1749 3616 1749 3621 2452 3617 2452 3534 2452 3539 2697 3621 2697 3534 2697 3623 4451 3609 4451 3605 4451 3608 4451 3623 4451 3605 4451 3611 4451 3623 4451 3608 4451 3623 4451 3616 4451 3609 4451 3616 4451 3612 4451 3609 4451 3624 4451 3623 4451 3611 4451 3619 4451 3624 4451 3611 4451 3623 4451 3626 4451 3616 4451 3633 4451 3627 4451 3617 4451 3625 4451 3632 4451 3618 4451 3628 4451 3624 4451 3619 4451 3626 4451 3621 4451 3616 4451 3621 4451 3633 4451 3617 4451 3626 4451 3629 4451 3621 4451 3618 4451 3628 4451 3619 4451 3629 4451 3633 4451 3621 4451 3632 4451 3628 4451 3618 4451 3641 4451 3632 4451 3625 4451 3630 4451 3641 4451 3625 4451 3633 4451 3631 4451 3627 4451 3647 4451 3641 4451 3630 4451 3645 4451 3647 4451 3630 4451 3642 4451 3646 4451 3631 4451 3633 4451 3642 4451 3631 4451 3648 4448 3646 4448 3642 4448 3651 4451 3647 4451 3645 4451 3649 4451 3651 4451 3645 4451 3648 4451 3650 4451 3646 4451 3652 4451 3650 4451 3648 4451 3655 4448 3651 4448 3649 4448 3653 4451 3655 4451 3649 4451 3652 4448 3654 4448 3650 4448 3656 4451 3654 4451 3652 4451 3658 4448 3655 4448 3653 4448 3657 4451 3658 4451 3653 4451 3656 4451 3660 4451 3654 4451 3659 4451 3660 4451 3656 4451 3661 4451 3658 4451 3657 4451 3663 4451 3661 4451 3657 4451 3662 4448 3664 4448 3659 4448 3664 4451 3660 4451 3659 4451 3663 4451 3665 4451 3661 4451 3666 4451 3668 4451 3662 4451 3668 4451 3664 4451 3662 4451 3667 4451 3665 4451 3663 4451 3667 4451 3669 4451 3665 4451 3670 4451 3672 4451 3666 4451 3672 4451 3668 4451 3666 4451 3671 4451 3669 4451 3667 4451 3671 4451 3679 4451 3669 4451 3675 4451 3693 4451 3670 4451 3693 4451 3698 4451 3670 4451 3698 4451 3689 4451 3670 4451 3689 4451 3685 4451 3670 4451 3685 4451 3672 4451 3670 4451 3684 4451 3679 4451 3671 4451 3684 4448 3688 4448 3679 4448 3697 4451 3694 4451 3679 4451 3688 4451 3697 4451 3679 4451 3682 4448 3693 4448 3675 4448 3694 4451 3686 4451 3679 4451 3687 4451 3693 4451 3682 4451 3694 4451 3700 4451 3686 4451 3700 4448 3691 4448 3686 4448 3690 4448 3701 4448 3687 4448 3701 4451 3693 4451 3687 4451 3700 4451 3692 4451 3691 4451 3692 4451 3701 4451 3690 4451 3700 4451 3704 4451 3692 4451 3710 4451 3707 4451 3692 4451 3705 4451 3701 4451 3692 4451 3707 4451 3705 4451 3692 4451 3704 4448 3706 4448 3692 4448 3706 4451 3710 4451 3692 4451 3739 1921 3499 1921 3737 1921 3739 2582 3504 2582 3499 2582 3743 1972 3504 1972 3739 1972 3506 2609 3737 2609 3499 2609 3745 1846 3737 1846 3506 1846 3743 2534 3519 2534 3504 2534 3606 2143 3745 2143 3506 2143 3749 1837 3519 1837 3743 1837 3533 2687 3606 2687 3506 2687 3615 2015 3606 2015 3533 2015 3749 2721 3540 2721 3519 2721 3751 1939 3540 1939 3749 1939 3540 2409 3622 2409 3533 2409 3622 2365 3615 2365 3533 2365 3751 2112 3622 2112 3540 2112 3762 2337 3491 2337 3496 2337 3764 2343 3491 2343 3762 2343 3593 38 3722 38 3591 38 3593 20 3594 20 3722 20 3593 1906 3591 1906 3428 1906 3591 2600 3430 2600 3428 2600 3722 2521 3430 2521 3591 2521 3431 2632 3593 2632 3428 2632 3594 1852 3430 1852 3722 1852 3594 1872 3593 1872 3431 1872 3430 2686 3594 2686 3431 2686 3385 2310 3426 2310 3386 2310 3426 2042 3427 2042 3386 2042 3713 2654 3484 2654 3483 2654 3717 1867 3484 1867 3713 1867 3718 1873 3713 1873 3483 1873 3486 2585 3718 2585 3483 2585 3717 2616 3487 2616 3484 2616 3719 1902 3718 1902 3486 1902 3719 1823 3487 1823 3717 1823 3487 2608 3719 2608 3486 2608 3482 1 3483 1 3481 1 3483 1 3484 1 3481 1 3484 1 3485 1 3481 1 3488 1 3486 1 3482 1 3486 1 3483 1 3482 1 3489 3 3485 3 3484 3 3487 1 3489 1 3484 1 3488 1 3487 1 3486 1 3488 3 3489 3 3487 3 3398 1668 3482 1668 3481 1668 3481 2712 3407 2712 3398 2712 3485 1652 3407 1652 3481 1652 3405 2545 3482 2545 3398 2545 3405 1746 3488 1746 3482 1746 3411 2780 3488 2780 3405 2780 3485 2802 3410 2802 3407 2802 3489 1780 3410 1780 3485 1780 3411 1676 3489 1676 3488 1676 3489 2759 3411 2759 3410 2759 3386 2071 3262 2071 3380 2071 3262 2312 3259 2312 3380 2312 3255 2241 3252 2241 3251 2241 3256 2241 3252 2241 3255 2241 3262 2316 3260 2316 3259 2316 3247 2243 3244 2243 3243 2243 3248 2161 3244 2161 3247 2161 3244 2326 3248 2326 3252 2326 3256 2239 3244 2239 3252 2239 3260 2240 3244 2240 3256 2240 3262 2315 3244 2315 3260 2315 3427 2109 3406 2109 3386 2109 3406 2247 3262 2247 3386 2247 3432 2246 3408 2246 3427 2246 3408 2016 3406 2016 3427 2016 3426 1 3428 1 3427 1 3429 1 3428 1 3426 1 3428 1 3430 1 3427 1 3430 1 3432 1 3427 1 3431 1 3428 1 3429 1 3432 1 3431 1 3429 1 3432 1 3430 1 3431 1 3740 4451 3735 4451 3723 4451 3724 4451 3737 4451 3723 4451 3735 4451 3731 4451 3723 4451 3731 4451 3730 4451 3723 4451 3730 4448 3725 4448 3723 4448 3737 4451 3745 4451 3723 4451 3745 4451 3740 4451 3723 4451 3726 4451 3737 4451 3724 4451 3730 4451 3732 4451 3725 4451 3732 4451 3736 4451 3725 4451 3742 4451 3727 4451 3725 4451 3736 4451 3742 4451 3725 4451 3728 4451 3737 4451 3726 4451 3742 4451 3729 4451 3727 4451 3733 4451 3739 4451 3728 4451 3739 4451 3737 4451 3728 4451 3742 4451 3738 4451 3729 4451 3738 4451 3734 4451 3729 4451 3743 4451 3739 4451 3733 4451 3747 4448 3743 4448 3733 4448 3738 4451 3748 4451 3734 4451 3741 4451 3742 4451 3736 4451 3746 4451 3742 4451 3741 4451 3744 4451 3748 4451 3738 4451 3747 4451 3749 4451 3743 4451 3754 4448 3749 4448 3747 4448 3744 4451 3755 4451 3748 4451 3750 4451 3755 4451 3744 4451 3759 4451 3755 4451 3750 4451 3754 4451 3758 4451 3749 4451 3762 4451 3759 4451 3750 4451 3758 4451 3756 4451 3749 4451 3770 4451 3762 4451 3750 4451 3757 4451 3770 4451 3750 4451 3752 4451 3751 4451 3749 4451 3756 4451 3752 4451 3749 4451 3753 4451 3757 4451 3750 4451 3720 3333 3753 3333 3750 3333 3758 4451 3760 4451 3756 4451 3761 4451 3770 4451 3757 4451 3763 4448 3765 4448 3758 4448 3765 4451 3760 4451 3758 4451 3766 4451 3770 4451 3761 4451 3770 4451 3764 4451 3762 4451 3767 4451 3768 4451 3763 4451 3768 4451 3765 4451 3763 4451 3769 4448 3770 4448 3766 4448 3774 4451 3771 4451 3767 4451 3771 4451 3768 4451 3767 4451 3773 4451 3770 4451 3769 4451 3772 4451 3773 4451 3769 4451 3774 4451 3775 4451 3771 4451 3777 4451 3773 4451 3772 4451 3776 4451 3777 4451 3772 4451 3778 4448 3788 4448 3774 4448 3788 4451 3779 4451 3774 4451 3779 4451 3775 4451 3774 4451 3780 4451 3777 4451 3776 4451 3781 4451 3788 4451 3778 4451 3787 4451 3782 4451 3777 4451 3780 4451 3787 4451 3777 4451 3788 4451 3783 4451 3779 4451 3784 4451 3787 4451 3780 4451 3789 4451 3793 4451 3781 4451 3793 4451 3788 4451 3781 4451 3787 4451 3794 4451 3782 4451 3794 4451 3790 4451 3782 4451 3788 4451 3785 4451 3783 4451 3786 4451 3787 4451 3784 4451 3803 4451 3801 4451 3789 4451 3801 4451 3793 4451 3789 4451 3794 4451 3804 4451 3790 4451 3795 4448 3796 4448 3791 4448 3797 4451 3798 4451 3792 4451 3800 4448 3796 4448 3795 4448 3815 4451 3800 4451 3795 4451 3813 4451 3815 4451 3795 4451 3797 4451 3802 4451 3798 4451 3811 4451 3813 4451 3795 4451 3802 4451 3812 4451 3798 4451 3799 4448 3804 4448 3794 4448 3809 4451 3811 4451 3795 4451 3801 4451 3809 4451 3795 4451 3812 4451 3810 4451 3798 4451 3810 4448 3804 4448 3799 4448 3803 4451 3809 4451 3801 4451 3810 4451 3799 4451 3798 4451 3815 4451 3805 4451 3800 4451 3814 4451 3812 4451 3802 4451 3806 4451 3814 4451 3802 4451 3815 4448 3807 4448 3805 4448 3815 4451 3814 4451 3806 4451 3808 4451 3815 4451 3806 4451 3815 4451 3808 4451 3807 4451 3773 2135 3497 2135 3494 2135 3777 2034 3497 2034 3773 2034 3770 2340 3491 2340 3764 2340 3770 2237 3493 2237 3491 2237 3770 2249 3773 2249 3493 2249 3773 2140 3494 2140 3493 2140 3491 2 3490 2 3496 2 3491 1 3492 1 3490 1 3493 3 3492 3 3491 3 3493 3 3495 3 3492 3 3497 5 3495 5 3493 5 3494 0 3497 0 3493 0 3264 2175 3723 2175 3263 2175 3723 2176 3725 2176 3263 2176 3725 2176 3265 2176 3263 2176 3264 2175 3724 2175 3723 2175 3266 2181 3724 2181 3264 2181 3266 2181 3726 2181 3724 2181 3725 2182 3727 2182 3265 2182 3727 2182 3267 2182 3265 2182 3268 2191 3726 2191 3266 2191 3268 2191 3728 2191 3726 2191 3727 2192 3729 2192 3267 2192 3729 2192 3269 2192 3267 2192 3272 2194 3733 2194 3728 2194 3268 2194 3272 2194 3728 2194 3734 2193 3269 2193 3729 2193 3734 2151 3273 2151 3269 2151 3289 2201 3733 2201 3272 2201 3289 2201 3747 2201 3733 2201 3734 2334 3420 2334 3273 2334 3419 2331 3420 2331 3734 2331 3748 2052 3419 2052 3734 2052 3308 2210 3754 2210 3747 2210 3289 2210 3308 2210 3747 2210 3755 2479 3419 2479 3748 2479 3755 2212 3309 2212 3299 2212 3419 1958 3755 1958 3299 1958 3324 2216 3754 2216 3308 2216 3324 2216 3758 2216 3754 2216 3759 2218 3325 2218 3309 2218 3755 2218 3759 2218 3309 2218 3336 2222 3758 2222 3324 2222 3336 2222 3763 2222 3758 2222 3496 2008 3337 2008 3325 2008 3762 2124 3496 2124 3325 2124 3759 2221 3762 2221 3325 2221 3490 2227 3337 2227 3496 2227 3341 2230 3763 2230 3336 2230 3341 2230 3767 2230 3763 2230 3492 2235 3344 2235 3337 2235 3490 2235 3492 2235 3337 2235 3347 2254 3767 2254 3341 2254 3347 2254 3774 2254 3767 2254 3495 2250 3348 2250 3344 2250 3492 2250 3495 2250 3344 2250 3357 2257 3774 2257 3347 2257 3357 2257 3778 2257 3774 2257 3495 2258 3358 2258 3348 2258 3497 1928 3358 1928 3495 1928 3777 2032 3358 2032 3497 2032 3374 2269 3778 2269 3357 2269 3374 2269 3781 2269 3778 2269 3777 2407 3782 2407 3358 2407 3782 2267 3375 2267 3358 2267 3395 2275 3781 2275 3374 2275 3395 2275 3789 2275 3781 2275 3426 2332 3385 2332 3375 2332 3782 2270 3426 2270 3375 2270 3429 2536 3426 2536 3782 2536 3790 2324 3429 2324 3782 2324 3409 2280 3803 2280 3789 2280 3395 2280 3409 2280 3789 2280 3432 2322 3429 2322 3790 2322 3804 2333 3432 2333 3790 2333 3804 2283 3408 2283 3432 2283 3412 2285 3803 2285 3409 2285 3412 2285 3809 2285 3803 2285 3804 2152 3810 2152 3408 2152 3810 2284 3413 2284 3408 2284 3414 2292 3811 2292 3809 2292 3412 2292 3414 2292 3809 2292 3812 2293 3413 2293 3810 2293 3812 2293 3415 2293 3413 2293 3416 2302 3811 2302 3414 2302 3416 2302 3813 2302 3811 2302 3812 2303 3814 2303 3415 2303 3814 2303 3417 2303 3415 2303 3418 2304 3813 2304 3416 2304 3418 2304 3815 2304 3813 2304 3814 2305 3815 2305 3417 2305 3815 2305 3418 2305 3417 2305 3596 2568 3437 2568 3434 2568 3597 2507 3437 2507 3596 2507 3599 1901 3437 1901 3597 1901 3598 1871 3596 1871 3434 1871 3438 2629 3598 2629 3434 2629 3599 2735 3439 2735 3437 2735 3603 1946 3598 1946 3438 1946 3439 2623 3603 2623 3438 2623 3603 1770 3439 1770 3599 1770 3434 1 3437 1 3433 1 3437 1 3435 1 3433 1 3436 1 3434 1 3433 1 3437 1 3441 1 3435 1 3436 3 3438 3 3434 3 3440 3 3438 3 3436 3 3439 1 3441 1 3437 1 3440 1 3439 1 3438 1 3440 3 3441 3 3439 3 3433 2854 3271 2854 3270 2854 3435 1665 3271 1665 3433 1665 3436 1653 3433 1653 3270 1653 3435 2743 3274 2743 3271 2743 3276 2842 3436 2842 3270 2842 3441 1675 3274 1675 3435 1675 3440 1774 3436 1774 3276 1774 3441 1738 3278 1738 3274 1738 3284 2484 3440 2484 3276 2484 3441 2816 3284 2816 3278 2816 3441 1640 3440 1640 3284 1640 3270 1 3271 1 3263 1 3271 1 3264 1 3263 1 3265 1 3270 1 3263 1 3271 1 3266 1 3264 1 3267 1 3270 1 3265 1 3271 3 3268 3 3266 3 3269 1 3270 1 3267 1 3271 1 3274 1 3268 1 3274 1 3275 1 3268 1 3275 1 3272 1 3268 1 3276 1 3270 1 3269 1 3273 1 3277 1 3269 1 3277 1 3276 1 3269 1 3275 1 3289 1 3272 1 3278 1 3275 1 3274 1 3302 1 3289 1 3275 1 3302 3 3308 3 3289 3 3321 1 3304 1 3298 1 3299 1 3321 1 3298 1 3309 1 3321 1 3299 1 3313 1 3308 1 3302 1 3314 1 3313 1 3302 1 3303 1 3314 1 3302 1 3307 3 3310 3 3303 3 3304 1 3305 1 3303 1 3305 1 3307 1 3303 1 3312 1 3318 1 3304 1 3306 3 3305 3 3304 3 3318 1 3316 1 3304 1 3316 1 3311 1 3304 1 3311 1 3306 1 3304 1 3317 3 3312 3 3304 3 3321 1 3317 1 3304 1 3326 1 3321 1 3309 1 3325 1 3326 1 3309 1 3315 1 3303 1 3310 1 3319 1 3308 1 3313 1 3322 1 3303 1 3315 1 3318 1 3323 1 3316 1 3336 3 3324 3 3308 3 3319 1 3336 1 3308 1 3320 1 3314 1 3303 1 3338 1 3320 1 3303 1 3322 1 3338 1 3303 1 3335 1 3333 1 3318 1 3333 1 3323 1 3318 1 3328 1 3327 1 3321 1 3327 1 3317 1 3321 1 3331 1 3335 1 3318 1 3332 1 3338 1 3322 1 3337 1 3326 1 3325 1 3338 1 3330 1 3320 1 3329 1 3336 1 3319 1 3337 1 3328 1 3326 1 3337 1 3327 1 3328 1 3334 1 3339 1 3338 1 3332 1 3334 1 3338 1 3331 1 3340 1 3335 1 3344 1 3331 1 3327 1 3337 1 3344 1 3327 1 3330 1 3338 1 3329 1 3329 1 3341 1 3336 1 3342 3 3338 3 3339 3 3331 1 3343 1 3340 1 3329 1 3347 1 3341 1 3374 1 3357 1 3329 1 3357 1 3347 1 3329 1 3338 1 3353 1 3329 1 3353 1 3364 1 3329 1 3364 1 3374 1 3329 1 3362 3 3353 3 3338 3 3345 1 3362 1 3338 1 3342 1 3345 1 3338 1 3331 1 3346 1 3343 1 3365 1 3346 1 3331 1 3354 1 3365 1 3331 1 3356 1 3355 1 3331 1 3344 3 3356 3 3331 3 3355 1 3361 1 3331 1 3361 1 3363 1 3331 1 3363 1 3354 1 3331 1 3348 1 3356 1 3344 1 3349 1 3362 1 3345 1 3365 1 3350 1 3346 1 3358 1 3356 1 3348 1 3351 1 3362 1 3349 1 3365 1 3352 1 3350 1 3359 1 3362 1 3351 1 3365 1 3360 1 3352 1 3375 1 3356 1 3358 1 3366 1 3362 1 3359 1 3365 1 3367 1 3360 1 3375 3 3361 3 3356 3 3364 1 3370 1 3374 1 3370 1 3379 1 3374 1 3379 1 3395 1 3374 1 3379 1 3368 1 3362 1 3366 1 3379 1 3362 1 3380 1 3373 1 3365 1 3373 1 3367 1 3365 1 3369 1 3363 1 3361 1 3375 1 3385 1 3361 1 3385 1 3386 1 3361 1 3386 1 3380 1 3361 1 3380 1 3369 1 3361 1 3371 1 3380 1 3365 1 3372 1 3379 1 3366 1 3379 1 3370 1 3368 1 3380 1 3371 1 3369 1 3376 1 3379 1 3372 1 3380 1 3377 1 3373 1 3378 1 3379 1 3376 1 3380 1 3378 1 3377 1 3380 1 3379 1 3378 1 3404 1 3395 1 3379 1 3404 1 3409 1 3395 1 3412 1 3409 1 3404 1 3407 1 3412 1 3404 1 3406 1 3411 1 3405 1 3410 1 3412 1 3407 1 3413 1 3406 1 3408 1 3413 1 3411 1 3406 1 3414 1 3412 1 3410 1 3413 1 3415 1 3411 1 3416 1 3414 1 3410 1 3415 1 3417 1 3411 1 3418 1 3416 1 3410 1 3411 1 3418 1 3410 1 3417 1 3418 1 3411 1 3420 2242 3277 2242 3273 2242 3425 2062 3277 2062 3420 2062 3277 2238 3298 2238 3261 2238 3298 2139 3304 2139 3261 2139 3304 2311 3258 2311 3261 2311 3425 2009 3298 2009 3277 2009 3257 2317 3241 2317 3261 2317 3258 2318 3257 2318 3261 2318 3249 2325 3245 2325 3241 2325 3253 2244 3249 2244 3241 2244 3257 2244 3253 2244 3241 2244 3245 2171 3242 2171 3241 2171 3254 2241 3250 2241 3249 2241 3253 2241 3254 2241 3249 2241 3246 2242 3242 2242 3245 2242 1031 4377 1059 4377 1027 4377 1025 4368 1061 4368 1031 4368 1061 4382 1059 4382 1031 4382 1021 4307 1057 4307 1025 4307 1057 4365 1061 4365 1025 4365 1019 4248 1055 4248 1021 4248 1055 4304 1057 4304 1021 4304 1006 4180 1053 4180 1019 4180 1053 4245 1055 4245 1019 4245 993 3361 1051 3361 1006 3361 1051 4186 1053 4186 1006 4186 988 3254 1049 3254 993 3254 1049 3357 1051 3357 993 3357 973 3062 1047 3062 988 3062 1047 3252 1049 3252 988 3252 962 2936 1045 2936 973 2936 1045 3060 1047 3060 973 3060 942 2787 1043 2787 962 2787 1043 2937 1045 2937 962 2937 929 2098 1037 2098 942 2098 1037 2779 1043 2779 942 2779 908 1660 1029 1660 929 1660 1029 2100 1037 2100 929 2100 888 1500 1017 1500 908 1500 1017 1662 1029 1662 908 1662 876 1372 998 1372 888 1372 998 1494 1017 1494 888 1494 944 135 949 135 838 135 949 141 840 141 838 141 863 1203 985 1203 876 1203 985 1369 998 1369 876 1369 949 190 956 190 840 190 956 194 844 194 840 194 852 1052 976 1052 863 1052 976 1193 985 1193 863 1193 956 246 966 246 844 246 966 244 852 244 844 244 966 1067 976 1067 852 1067 858 110 944 110 806 110 944 104 838 104 806 104 946 4211 1033 4211 935 4211 1033 3392 1023 3392 935 3392 1023 3382 928 3382 935 3382 952 4258 1035 4258 946 4258 1035 4215 1033 4215 946 4215 1023 3272 1015 3272 928 3272 1015 3269 917 3269 928 3269 958 4323 1039 4323 952 4323 1039 4266 1035 4266 952 4266 1015 3096 996 3096 917 3096 996 3082 893 3082 917 3082 1041 4314 1039 4314 958 4314 996 2960 982 2960 893 2960 982 2964 879 2964 893 2964 982 2810 970 2810 879 2810 970 2824 865 2824 879 2824 970 2371 954 2371 865 2371 954 2368 847 2368 865 2368 954 1698 938 1698 847 1698 938 1695 835 1695 847 1695 938 1537 924 1537 835 1537 924 1531 829 1531 835 1531 924 1392 901 1392 829 1392 901 1384 821 1384 829 1384 901 1210 890 1210 821 1210 890 1225 816 1225 821 1225 890 1104 882 1104 816 1104 882 1100 814 1100 816 1100 882 262 872 262 814 262 872 254 812 254 814 254 872 210 867 210 812 210 867 206 810 206 812 206 867 149 860 149 810 149 860 153 808 153 810 153 860 94 856 94 808 94 856 83 804 83 808 83 856 69 858 69 804 69 858 70 806 70 804 70 1027 4343 1041 4343 958 4343 1059 4337 1041 4337 1027 4337 894 270 1001 270 896 270 1001 234 1003 234 896 234 1003 204 906 204 896 204 886 1120 990 1120 894 1120 990 1094 999 1094 894 1094 999 991 1001 991 894 991 1003 184 1007 184 906 184 1007 166 1008 166 906 166 1008 130 912 130 906 130 883 1240 990 1240 886 1240 1008 118 1010 118 912 118 1010 120 1011 120 912 120 1011 85 913 85 912 85 877 1371 984 1371 883 1371 984 1307 990 1307 883 1307 873 1438 979 1438 877 1438 979 1430 984 1430 877 1430 1011 60 1012 60 913 60 1012 61 1013 61 913 61 1013 97 911 97 913 97 869 1517 977 1517 873 1517 977 1543 979 1543 873 1543 868 1582 971 1582 869 1582 971 1581 977 1581 869 1581 1013 126 1009 126 911 126 1009 139 1004 139 911 139 1004 156 903 156 911 156 853 1755 967 1755 868 1755 967 1710 971 1710 868 1710 964 1953 967 1953 853 1953 1004 223 1002 223 903 223 1002 221 895 221 903 221 849 2447 959 2447 853 2447 959 2468 964 2468 853 2468 845 2703 959 2703 849 2703 1002 238 1000 238 895 238 1000 993 891 993 895 993 842 2838 947 2838 845 2838 947 2829 959 2829 845 2829 1000 1029 997 1029 891 1029 833 2989 939 2989 842 2989 939 2971 947 2971 842 2971 997 1049 991 1049 891 1049 991 1171 885 1171 891 1171 933 3053 939 3053 833 3053 991 1173 989 1173 885 1173 989 1256 884 1256 885 1256 831 3146 933 3146 833 3146 989 1255 986 1255 884 1255 986 1306 881 1306 884 1306 931 3205 933 3205 831 3205 986 1431 874 1431 881 1431 827 3304 925 3304 831 3304 925 3294 931 3294 831 3294 986 1422 980 1422 874 1422 980 1468 870 1468 874 1468 922 3407 925 3407 827 3407 980 1462 978 1462 870 1462 825 3477 920 3477 827 3477 920 3432 922 3432 827 3432 978 1542 975 1542 870 1542 975 1584 861 1584 870 1584 975 1616 968 1616 861 1616 968 1791 854 1791 861 1791 823 4235 914 4235 825 4235 914 4222 918 4222 825 4222 918 4207 920 4207 825 4207 968 2033 850 2033 854 2033 968 1968 963 1968 850 1968 963 2549 848 2549 850 2549 819 4297 905 4297 823 4297 905 4278 910 4278 823 4278 910 4276 914 4276 823 4276 963 2524 960 2524 848 2524 960 2807 841 2807 848 2807 960 2777 950 2777 841 2777 817 4358 898 4358 819 4358 898 4354 902 4354 819 4354 902 4327 905 4327 819 4327 950 2888 940 2888 841 2888 940 2943 837 2943 841 2943 940 2996 832 2996 837 2996 818 4390 897 4390 817 4390 897 4392 898 4392 817 4392 940 3014 936 3014 832 3014 936 3076 932 3076 832 3076 932 3186 930 3186 832 3186 930 3207 830 3207 832 3207 822 4310 904 4310 818 4310 904 4340 899 4340 818 4340 899 4333 897 4333 818 4333 930 3325 921 3325 830 3325 921 3352 826 3352 830 3352 824 4253 915 4253 822 4253 915 4275 909 4275 822 4275 909 4283 904 4283 822 4283 921 3481 919 3481 826 3481 919 4184 824 4184 826 4184 919 4219 915 4219 824 4219 766 4375 800 4375 764 4375 762 4369 801 4369 766 4369 801 4387 800 4387 766 4387 760 4306 799 4306 762 4306 799 4366 801 4366 762 4366 757 4241 798 4241 760 4241 798 4305 799 4305 760 4305 749 4191 796 4191 757 4191 796 4243 798 4243 757 4243 741 3359 795 3359 749 3359 795 4187 796 4187 749 4187 733 3239 794 3239 741 3239 794 3357 795 3357 741 3357 724 3070 790 3070 733 3070 790 3238 794 3238 733 3238 709 2938 784 2938 724 2938 784 3069 790 3069 724 3069 687 2787 778 2787 709 2787 778 2939 784 2939 709 2939 672 2099 772 2099 687 2099 772 2783 778 2783 687 2783 662 1654 765 1654 672 1654 765 2101 772 2101 672 2101 652 1501 754 1501 662 1501 754 1655 765 1655 662 1655 640 1370 743 1370 652 1370 743 1496 754 1496 652 1496 690 135 697 135 603 135 697 141 605 141 603 141 629 1206 731 1206 640 1206 731 1367 743 1367 640 1367 697 190 706 190 605 190 706 186 613 186 605 186 620 1071 726 1071 629 1071 726 1195 731 1195 629 1195 706 247 713 247 613 247 713 245 620 245 613 245 713 1065 726 1065 620 1065 626 107 690 107 579 107 690 103 603 103 579 103 692 4196 768 4196 683 4196 768 3390 761 3390 683 3390 761 3404 673 3404 683 3404 703 4270 771 4270 692 4270 771 4215 768 4215 692 4215 761 3259 751 3259 673 3259 751 3267 665 3267 673 3267 707 4311 775 4311 703 4311 775 4262 771 4262 703 4262 751 3105 742 3105 665 3105 742 3083 654 3083 665 3083 776 4315 775 4315 707 4315 742 2961 728 2961 654 2961 728 2962 644 2962 654 2962 728 2810 720 2810 644 2810 720 2826 630 2826 644 2826 720 2370 705 2370 630 2370 705 2367 616 2367 630 2367 705 1696 684 1696 616 1696 684 1690 598 1690 616 1690 684 1528 669 1528 598 1528 669 1530 593 1530 598 1530 669 1391 660 1391 593 1391 660 1385 591 1385 593 1385 660 1228 653 1228 591 1228 653 1223 588 1223 591 1223 653 1082 645 1082 588 1082 645 1100 587 1100 588 1100 645 274 636 274 587 274 636 249 584 249 587 249 636 201 632 201 584 201 632 217 582 217 584 217 632 155 625 155 582 155 625 144 581 144 582 144 625 82 624 82 581 82 624 78 578 78 581 78 624 79 626 79 578 79 626 71 579 71 578 71 764 4347 776 4347 707 4347 800 4336 776 4336 764 4336 680 985 786 985 695 985 786 265 788 265 695 265 780 1148 786 1148 680 1148 716 1188 780 1188 680 1188 788 169 791 169 695 169 791 161 704 161 695 161 677 1161 689 1161 680 1161 689 1289 716 1289 680 1289 791 64 792 64 704 64 792 90 699 90 704 90 792 124 789 124 699 124 789 226 787 226 699 226 787 250 679 250 699 250 787 1003 783 1003 679 1003 783 1312 777 1312 679 1312 777 1356 667 1356 679 1356 614 3524 639 3524 621 3524 777 1583 655 1583 667 1583 651 4121 639 4121 614 4121 737 4176 651 4176 614 4176 777 1631 769 1631 655 1631 610 4293 735 4293 614 4293 735 4285 737 4285 614 4285 769 2722 642 2722 655 2722 732 4334 735 4334 610 4334 769 2776 758 2776 642 2776 611 4393 734 4393 610 4393 734 4396 732 4396 610 4396 758 3016 753 3016 642 3016 753 3049 627 3049 642 3049 753 3196 747 3196 627 3196 617 4272 738 4272 611 4272 738 4290 734 4290 611 4290 747 3374 617 3374 627 3374 739 4206 738 4206 617 4206 747 3409 739 3409 617 3409 779 1396 780 1396 716 1396 688 1499 773 1499 716 1499 773 1546 779 1546 716 1546 678 2012 773 2012 688 2012 763 2414 773 2414 678 2414 668 2841 763 2841 678 2841 755 2946 763 2946 668 2946 661 3024 755 3024 668 3024 657 3141 755 3141 661 3141 746 3217 755 3217 657 3217 651 3316 746 3316 657 3316 737 3462 746 3462 651 3462 722 3231 718 3231 714 3231 702 2472 722 2472 714 2472 702 2819 725 2819 722 2819 702 2872 723 2872 725 2872 702 2880 721 2880 723 2880 717 2843 721 2843 702 2843 712 2724 717 2724 702 2724 710 2529 712 2529 702 2529 701 1961 710 1961 702 1961 663 1944 701 1944 702 1944 686 1830 701 1830 663 1830 682 1706 686 1706 663 1706 666 1482 671 1482 663 1482 671 1685 682 1685 663 1685 656 1486 666 1486 663 1486 650 1318 656 1318 663 1318 633 1360 650 1360 663 1360 647 1274 650 1274 633 1274 641 1231 647 1231 633 1231 635 1118 641 1118 633 1118 622 1130 635 1130 633 1130 615 267 622 267 633 267 595 229 615 229 633 229 600 51 609 51 595 51 609 1030 615 1030 595 1030 698 1292 695 1292 708 1292 695 1269 714 1269 708 1269 695 1334 704 1334 714 1334 685 1308 680 1308 698 1308 680 1315 695 1315 698 1315 681 1311 680 1311 685 1311 677 27 680 27 681 27 704 1338 699 1338 714 1338 699 1323 702 1323 714 1323 679 1284 702 1284 699 1284 679 1283 663 1283 702 1283 667 1265 663 1265 679 1265 618 1328 614 1328 621 1328 655 1305 663 1305 667 1305 608 3157 614 3157 618 3157 608 3185 610 3185 614 3185 601 1043 610 1043 608 1043 633 1290 663 1290 655 1290 642 1291 633 1291 655 1291 601 1317 597 1317 610 1317 597 1313 611 1313 610 1313 627 1304 633 1304 642 1304 597 1211 596 1211 611 1211 596 1209 595 1209 611 1209 595 1185 617 1185 611 1185 595 1221 633 1221 627 1221 617 1166 595 1166 627 1166 646 3198 619 3198 744 3198 604 4288 730 4288 744 4288 619 4291 604 4291 744 4291 770 2909 646 2909 744 2909 604 4239 745 4239 730 4239 674 1638 646 1638 770 1638 781 1442 674 1442 770 1442 604 4197 631 4197 745 4197 631 3028 767 3028 745 3028 700 276 674 276 781 276 793 227 700 227 781 227 631 2860 658 2860 767 2860 658 1551 782 1551 767 1551 693 125 700 125 793 125 658 1346 693 1346 782 1346 782 187 693 187 793 187 637 159 576 159 623 159 583 215 576 215 637 215 675 1219 583 1219 637 1219 602 1503 583 1503 675 1503 729 2061 602 2061 675 2061 649 2944 602 2944 729 2944 756 3048 649 3048 729 3048 774 3414 649 3414 756 3414 676 3433 649 3433 774 3433 752 4335 676 4335 802 4335 676 4349 774 4349 802 4349 594 237 612 237 719 237 694 228 594 228 719 228 648 1416 759 1416 719 1416 612 1357 648 1357 719 1357 648 2111 691 2111 759 2111 691 2797 785 2797 759 2797 736 3310 797 3310 785 3310 691 3184 736 3184 785 3184 736 4238 752 4238 797 4238 752 4389 802 4389 797 4389 623 109 594 109 694 109 576 101 594 101 623 101 576 31 599 31 594 31 576 32 577 32 599 32 599 236 643 236 612 236 594 96 599 96 612 96 643 1077 648 1077 612 1077 643 1478 691 1478 648 1478 643 1604 674 1604 691 1604 674 2357 736 2357 691 2357 715 2896 752 2896 736 2896 674 2727 715 2727 736 2727 638 2920 676 2920 752 2920 715 2924 638 2924 752 2924 583 48 577 48 576 48 590 257 577 257 583 257 602 1238 590 1238 583 1238 649 1626 638 1626 602 1626 638 1664 590 1664 602 1664 676 2910 638 2910 649 2910 619 1319 643 1319 599 1319 604 1285 619 1285 599 1285 619 1349 646 1349 643 1349 577 1293 604 1293 599 1293 674 1138 643 1138 646 1138 577 1296 631 1296 604 1296 585 1302 658 1302 631 1302 577 1314 585 1314 631 1314 715 295 674 295 700 295 693 1287 715 1287 700 1287 585 1297 693 1297 658 1297 585 1279 589 1279 693 1279 589 1299 607 1299 693 1299 607 1281 715 1281 693 1281 628 1276 638 1276 715 1276 607 1295 628 1295 715 1295 580 1270 585 1270 577 1270 586 1303 580 1303 577 1303 590 1339 586 1339 577 1339 590 1309 592 1309 586 1309 590 1278 606 1278 592 1278 634 1244 638 1244 628 1244 590 1266 638 1266 606 1266 638 1277 634 1277 606 1277 585 4225 659 4225 670 4225 589 3212 585 3212 670 3212 585 4289 580 4289 659 4289 711 3013 589 3013 670 3013 580 4328 664 4328 659 4328 607 1913 589 1913 711 1913 580 4242 586 4242 664 4242 740 1443 607 1443 711 1443 586 3230 696 3230 664 3230 628 1057 607 1057 740 1057 586 3023 592 3023 696 3023 750 220 628 220 740 220 592 1821 727 1821 696 1821 634 98 628 98 750 98 592 1686 606 1686 727 1686 748 73 634 73 750 73 606 1125 748 1125 727 1125 606 1047 634 1047 748 1047 862 1064 974 1064 965 1064 851 1053 862 1053 965 1053 955 248 851 248 965 248 843 242 851 242 955 242 948 188 843 188 955 188 875 1192 983 1192 974 1192 862 1202 875 1202 974 1202 839 196 843 196 948 196 943 134 839 134 948 134 887 1366 994 1366 983 1366 875 1373 887 1373 983 1373 836 140 839 140 943 140 907 1493 1016 1493 994 1493 887 1502 907 1502 994 1502 926 1666 1028 1666 1016 1666 907 1661 926 1661 1016 1661 941 2094 1036 2094 1028 2094 926 2105 941 2105 1028 2105 961 2788 1042 2788 1036 2788 941 2782 961 2782 1036 2782 972 2934 1044 2934 1042 2934 961 2935 972 2935 1042 2935 987 3059 1046 3059 1044 3059 972 3063 987 3063 1044 3063 992 3251 1048 3251 1046 3251 987 3255 992 3255 1046 3255 1005 3356 1050 3356 1048 3356 992 3360 1005 3360 1048 3360 1018 4189 1052 4189 1050 4189 1005 4179 1018 4179 1050 4179 1020 4244 1054 4244 1052 4244 1018 4249 1020 4249 1052 4249 1024 4303 1056 4303 1054 4303 1020 4308 1024 4308 1054 4308 1030 4362 1060 4362 1056 4362 1024 4373 1030 4373 1056 4373 1026 4380 1058 4380 1060 4380 1030 4379 1026 4379 1060 4379 957 4342 1040 4342 1058 4342 1026 4338 957 4338 1058 4338 855 67 805 67 857 67 803 74 805 74 855 74 859 91 803 91 855 91 807 88 803 88 859 88 866 151 807 151 859 151 809 152 807 152 866 152 871 209 809 209 866 209 811 207 809 207 871 207 880 264 811 264 871 264 813 256 811 256 880 256 889 1103 813 1103 880 1103 815 1102 813 1102 889 1102 900 1214 815 1214 889 1214 820 1224 815 1224 900 1224 923 1390 820 1390 900 1390 828 1386 820 1386 923 1386 937 1536 828 1536 923 1536 834 1533 828 1533 937 1533 953 1693 834 1693 937 1693 846 1694 834 1694 953 1694 969 2374 846 2374 953 2374 864 2369 846 2369 969 2369 981 2806 864 2806 969 2806 878 2821 864 2821 981 2821 995 2967 878 2967 981 2967 892 2968 878 2968 995 2968 1014 3092 892 3092 995 3092 951 4319 1038 4319 1040 4319 957 4321 951 4321 1040 4321 916 3081 892 3081 1014 3081 1022 3270 916 3270 1014 3270 945 4263 1034 4263 1038 4263 951 4259 945 4259 1038 4259 927 3271 916 3271 1022 3271 1032 3394 927 3394 1022 3394 934 4214 1032 4214 1034 4214 945 4213 934 4213 1034 4213 934 3383 927 3383 1032 3383 857 102 836 102 943 102 805 112 836 112 857 112 2970 4202 2859 4202 2850 4202 2962 4210 2970 4210 2850 4210 2840 3396 2962 3396 2850 3396 2972 4264 2867 4264 2859 4264 2970 4261 2972 4261 2859 4261 2951 3403 2962 3403 2840 3403 2832 3273 2951 3273 2840 3273 2976 4317 2873 4317 2867 4317 2972 4313 2976 4313 2867 4313 2939 3268 2951 3268 2832 3268 2818 3087 2939 3087 2832 3087 2928 3085 2939 3085 2818 3085 2798 2965 2928 2965 2818 2965 2908 2957 2928 2957 2798 2957 2786 2808 2908 2808 2798 2808 2889 2813 2908 2813 2786 2813 2778 2384 2889 2384 2786 2384 2875 2378 2889 2378 2778 2378 2772 1692 2875 1692 2778 1692 2854 1697 2875 1697 2772 1697 2770 1527 2854 1527 2772 1527 2843 1526 2854 1526 2770 1526 2768 1401 2843 1401 2770 1401 2830 1399 2843 1399 2768 1399 2766 1217 2830 1217 2768 1217 2823 1215 2830 1215 2766 1215 2764 1098 2823 1098 2766 1098 2809 1093 2823 1093 2764 1093 2762 263 2809 263 2764 263 2796 271 2809 271 2762 271 2760 212 2796 212 2762 212 2794 208 2796 208 2760 208 2758 148 2794 148 2760 148 2790 146 2794 146 2758 146 2754 89 2790 89 2758 89 2784 86 2790 86 2754 86 2756 72 2784 72 2754 72 2788 77 2784 77 2756 77 3009 4345 2956 4345 2873 4345 2976 4351 3009 4351 2873 4351 3011 4386 2958 4386 2956 4386 3009 4385 3011 4385 2956 4385 3007 4361 2954 4361 2958 4361 3011 4371 3007 4371 2958 4371 3005 4301 2947 4301 2954 4301 3007 4298 3005 4298 2954 4298 3003 4247 2943 4247 2947 4247 3005 4251 3003 4251 2947 4251 3001 4185 2934 4185 2943 4185 3003 4193 3001 4193 2943 4193 2999 3351 2926 3351 2934 3351 3001 3353 2999 3353 2934 3353 2994 3257 2915 3257 2926 3257 2999 3241 2994 3241 2926 3241 2986 3065 2894 3065 2915 3065 2994 3074 2986 3074 2915 3074 2979 2923 2879 2923 2894 2923 2986 2928 2979 2928 2894 2928 2967 2786 2861 2786 2879 2786 2979 2785 2967 2785 2879 2785 2949 2106 2846 2106 2861 2106 2967 2116 2949 2116 2861 2116 2937 1667 2834 1667 2846 1667 2949 1659 2937 1659 2846 1659 2923 1492 2820 1492 2834 1492 2937 1489 2923 1489 2834 1489 2900 1364 2800 1364 2820 1364 2923 1380 2900 1380 2820 1380 2776 137 2857 137 2774 137 2890 1199 2792 1199 2800 1199 2900 1196 2890 1196 2800 1196 2864 129 2857 129 2776 129 2780 191 2864 191 2776 191 2882 1062 2782 1062 2792 1062 2890 1075 2882 1075 2792 1075 2871 198 2864 198 2780 198 2782 239 2871 239 2780 239 2882 243 2871 243 2782 243 2774 115 2788 115 2756 115 2857 111 2788 111 2774 111 2989 986 2896 986 2899 986 2991 266 2989 266 2899 266 2993 203 2991 203 2899 203 2907 193 2993 193 2899 193 2985 1133 2888 1133 2896 1133 2989 1096 2985 1096 2896 1096 2912 168 2993 168 2907 168 2997 143 2993 143 2912 143 2917 119 2997 119 2912 119 2981 1262 2885 1262 2888 1262 2985 1254 2981 1254 2888 1254 2981 1383 2881 1383 2885 1383 2919 121 2997 121 2917 121 2998 66 2997 66 2919 66 2918 65 2998 65 2919 65 2981 1451 2878 1451 2881 1451 2975 1519 2870 1519 2878 1519 2981 1461 2975 1461 2878 1461 2996 95 2998 95 2918 95 2914 100 2996 100 2918 100 2975 1595 2866 1595 2870 1595 2966 1705 2856 1705 2866 1705 2975 1600 2966 1600 2866 1600 2911 127 2996 127 2914 127 2992 154 2996 154 2911 154 2906 173 2992 173 2911 173 2966 1945 2853 1945 2856 1945 2964 2502 2848 2502 2853 2502 2966 1975 2964 1975 2853 1975 2902 176 2992 176 2906 176 2990 219 2992 219 2902 219 2898 232 2990 232 2902 232 2964 2445 2960 2445 2848 2445 2953 2855 2841 2855 2848 2855 2960 2684 2953 2684 2848 2684 2988 988 2990 988 2898 988 2897 999 2988 999 2898 999 2945 2919 2838 2919 2841 2919 2953 2852 2945 2852 2841 2852 2942 3001 2836 3001 2838 3001 2945 2905 2942 2905 2838 2905 2893 1050 2988 1050 2897 1050 2984 1170 2988 1170 2893 1170 2887 1176 2984 1176 2893 1176 2935 3139 2827 3139 2836 3139 2942 3020 2935 3020 2836 3020 2983 1233 2984 1233 2887 1233 2886 1235 2983 1235 2887 1235 2982 1340 2983 1340 2886 1340 2884 1333 2982 1333 2886 1333 2935 3154 2932 3154 2827 3154 2931 3301 2825 3301 2827 3301 2932 3199 2931 3199 2827 3199 2978 1420 2982 1420 2884 1420 2877 1433 2978 1433 2884 1433 2974 1470 2978 1470 2877 1470 2925 3406 2819 3406 2825 3406 2931 3297 2925 3297 2825 3297 2925 3436 2816 3436 2819 3436 2869 1549 2974 1549 2877 1549 2969 1597 2974 1597 2869 1597 2863 1627 2969 1627 2869 1627 2921 4208 2814 4208 2816 4208 2925 3464 2921 3464 2816 3464 2921 4224 2812 4224 2814 4224 2965 1772 2969 1772 2863 1772 2961 2007 2965 2007 2863 2007 2852 1982 2961 1982 2863 1982 2913 4232 2811 4232 2812 4232 2921 4234 2913 4234 2812 4234 2849 2518 2961 2518 2852 2518 2946 2708 2961 2708 2849 2708 2845 2763 2946 2763 2849 2763 2905 4316 2806 4316 2811 4316 2913 4294 2905 4294 2811 4294 2905 4326 2802 4326 2806 4326 2941 2882 2946 2882 2845 2882 2839 2878 2941 2878 2845 2878 2837 2916 2941 2916 2839 2916 2903 4394 2803 4394 2802 4394 2905 4356 2903 4356 2802 4356 2903 4395 2804 4395 2803 4395 2933 3021 2941 3021 2837 3021 2829 3035 2933 3035 2837 3035 2904 4332 2805 4332 2804 4332 2903 4370 2904 4370 2804 4370 2904 4341 2807 4341 2805 4341 2828 3158 2933 3158 2829 3158 2930 3211 2933 3211 2828 3211 2826 3279 2930 3279 2828 3279 2910 4284 2808 4284 2807 4284 2904 4322 2910 4322 2807 4322 2910 4268 2813 4268 2808 4268 2922 3332 2930 3332 2826 3332 2817 3401 2922 3401 2826 3401 2910 4252 2920 4252 2813 4252 2920 4217 2815 4217 2813 4217 2815 3466 2922 3466 2817 3466 2920 4181 2922 4181 2815 4181 3202 4201 3109 4201 3103 4201 3196 4209 3202 4209 3103 4209 3088 3393 3196 3393 3103 3393 3210 4264 3119 4264 3109 4264 3202 4269 3210 4269 3109 4269 3187 3384 3196 3384 3088 3384 3086 3273 3187 3273 3088 3273 3212 4317 3124 4317 3119 4317 3210 4313 3212 4313 3119 4313 3174 3265 3187 3265 3086 3265 3073 3088 3174 3088 3086 3088 3165 3086 3174 3086 3073 3086 3060 2963 3165 2963 3073 2963 3153 2956 3165 2956 3060 2956 3052 2823 3153 2823 3060 2823 3142 2825 3153 2825 3052 2825 3044 2382 3142 2382 3052 2382 3127 2377 3142 2377 3044 2377 3038 1692 3127 1692 3044 1692 3106 1697 3127 1697 3038 1697 3034 1522 3106 1522 3038 1522 3090 1521 3106 1521 3034 1521 3025 1389 3090 1389 3034 1389 3084 1387 3090 1387 3025 1387 3021 1230 3084 1230 3025 1230 3075 1229 3084 1229 3021 1229 3020 1098 3075 1098 3021 1098 3066 1095 3075 1095 3020 1095 3018 261 3066 261 3020 261 3058 255 3066 255 3018 255 3017 213 3058 213 3018 213 3056 216 3058 216 3017 216 3016 148 3056 148 3017 148 3054 147 3056 147 3016 147 3014 87 3054 87 3016 87 3050 84 3054 84 3014 84 3015 68 3050 68 3014 68 3053 80 3050 80 3015 80 3236 4348 3189 4348 3124 4348 3212 4352 3236 4352 3124 4352 3237 4378 3192 4378 3189 4378 3236 4383 3237 4383 3189 4383 3234 4372 3190 4372 3192 4372 3237 4376 3234 4376 3192 4376 3233 4296 3184 4296 3190 4296 3234 4309 3233 4309 3190 4309 3232 4254 3178 4254 3184 4254 3233 4237 3232 4237 3184 4237 3229 4178 3171 4178 3178 4178 3232 4198 3229 4198 3178 4198 3227 3375 3164 3375 3171 3375 3229 3353 3227 3353 3171 3353 3224 3240 3155 3240 3164 3240 3227 3243 3224 3243 3164 3243 3222 3066 3145 3066 3155 3066 3224 3073 3222 3073 3155 3073 3217 2932 3131 2932 3145 2932 3222 2928 3217 2928 3145 2928 3199 2789 3111 2789 3131 2789 3217 2789 3199 2789 3131 2789 3186 2108 3094 2108 3111 2108 3199 2114 3186 2114 3111 2114 3172 1667 3087 1667 3094 1667 3186 1658 3172 1658 3094 1658 3162 1491 3074 1491 3087 1491 3172 1490 3162 1490 3087 1490 3150 1358 3062 1358 3074 1358 3162 1378 3150 1378 3074 1378 3040 136 3108 136 3039 136 3141 1207 3055 1207 3062 1207 3150 1198 3141 1198 3062 1198 3114 142 3108 142 3040 142 3046 192 3114 192 3040 192 3132 1066 3048 1066 3055 1066 3141 1051 3132 1051 3055 1051 3122 185 3114 185 3046 185 3048 239 3122 239 3046 239 3132 252 3122 252 3048 252 3039 116 3053 116 3015 116 3108 108 3053 108 3039 108 3078 258 3197 258 3076 258 3197 1032 3070 1032 3076 1032 3204 202 3197 202 3078 202 3197 1184 3067 1184 3070 1184 3082 157 3204 157 3078 157 3197 1204 3176 1204 3067 1204 3176 1361 3057 1361 3067 1361 3205 63 3204 63 3082 63 3085 62 3205 62 3082 62 3176 1633 3049 1633 3057 1633 3081 128 3205 128 3085 128 3201 158 3205 158 3081 158 3176 1688 3160 1688 3049 1688 3077 175 3201 175 3081 175 3160 2615 3042 2615 3049 2615 3166 268 3201 268 3077 268 3071 989 3166 989 3077 989 3148 2977 3037 2977 3042 2977 3160 2874 3148 2874 3042 2874 3159 1150 3166 1150 3071 1150 3064 1178 3159 1178 3071 1178 3148 3109 3137 3109 3037 3109 3152 1267 3159 1267 3064 1267 3137 3244 3032 3244 3037 3244 3051 1471 3152 1471 3064 1471 3137 3459 3030 3459 3032 3459 3140 1529 3152 1529 3051 1529 3117 4226 3027 4226 3030 4226 3137 4195 3117 4195 3030 4195 3136 1827 3140 1827 3051 1827 3045 2041 3136 2041 3051 2041 3117 4286 3026 4286 3027 4286 3128 2466 3136 2466 3045 2466 3117 4355 3023 4355 3026 4355 3112 2857 3128 2857 3045 2857 3036 2931 3112 2931 3045 2931 3117 4364 3113 4364 3023 4364 3101 3026 3112 3026 3036 3026 3113 4391 3024 4391 3023 4391 3031 3278 3101 3278 3036 3278 3120 4280 3028 4280 3024 4280 3113 4292 3120 4292 3024 4292 3134 3276 3101 3276 3031 3276 3120 4205 3031 4205 3028 4205 3120 3476 3134 3476 3031 3476 3175 903 3201 903 3166 903 3195 931 3201 931 3175 931 3134 3197 3125 3197 3101 3197 3134 3303 3138 3303 3125 3303 3181 3324 3183 3324 3194 3324 3183 4182 3200 4182 3194 4182 3173 3334 3183 3334 3181 3334 3183 4229 3220 4229 3200 4229 3220 3434 3206 3434 3200 3434 3170 3237 3183 3237 3173 3237 3167 3181 3183 3181 3170 3181 3220 4406 3215 4406 3206 4406 3161 3100 3151 3100 3167 3100 3151 3103 3183 3103 3167 3103 3157 3047 3151 3047 3161 3047 3149 2998 3151 2998 3157 2998 3143 2979 3151 2979 3149 2979 3133 2792 3151 2792 3143 2792 3129 2772 3151 2772 3133 2772 3116 2638 3151 2638 3129 2638 3105 2517 3115 2517 3116 2517 3115 2535 3151 2535 3116 2535 3104 1950 3115 1950 3105 1950 3098 1735 3115 1735 3104 1735 3093 1621 3115 1621 3098 1621 3091 1576 3115 1576 3093 1576 3089 1585 3115 1585 3091 1585 3092 1657 3115 1657 3089 1657 3092 1977 3102 1977 3115 1977 3095 1554 3102 1554 3092 1554 3183 3288 3197 3288 3220 3288 3176 3173 3197 3173 3183 3173 3197 3283 3204 3283 3220 3283 3204 3249 3219 3249 3220 3249 3204 3250 3218 3250 3219 3250 3205 3144 3214 3144 3218 3144 3204 3148 3205 3148 3218 3148 3151 3169 3160 3169 3183 3169 3160 3155 3176 3155 3183 3155 3205 3411 3207 3411 3214 3411 3201 1252 3207 1252 3205 1252 3148 3159 3160 3159 3151 3159 3201 1263 3198 1263 3207 1263 3201 3130 3195 3130 3198 3130 3137 3182 3148 3182 3151 3182 3115 3176 3137 3176 3151 3176 3117 3175 3137 3175 3115 3175 3102 3142 3117 3142 3115 3142 3102 3124 3113 3124 3117 3124 3102 3127 3120 3127 3113 3127 3135 4407 3138 4407 3134 4407 3102 3180 3107 3180 3120 3180 3107 3153 3118 3153 3120 3153 3118 3281 3135 3281 3134 3281 3120 3145 3118 3145 3134 3145 3110 4277 3022 4277 3130 4277 3022 4236 3033 4236 3130 4236 3033 3050 3158 3050 3130 3050 3033 3012 3047 3012 3158 3012 3029 4324 3022 4324 3110 4324 3047 1601 3185 1601 3158 1601 3147 4160 3029 4160 3110 4160 3047 1446 3072 1446 3185 1446 3154 2834 3043 2834 3147 2834 3043 3191 3029 3191 3147 3191 3072 251 3211 251 3185 251 3072 222 3083 222 3211 222 3191 1634 3043 1634 3154 1634 3063 1622 3043 1622 3191 1622 3083 122 3080 122 3211 122 3080 172 3191 172 3211 172 3080 1115 3063 1115 3191 1115 3168 1031 3041 1031 3139 1031 3068 1061 3041 1061 3168 1061 3213 1514 3068 1514 3168 1514 3126 1669 3068 1669 3213 1669 3228 2877 3126 2877 3213 2877 3238 3258 3163 3258 3228 3258 3163 3030 3126 3030 3228 3030 3179 3410 3163 3410 3238 3410 3240 4271 3179 4271 3238 4271 3193 4295 3179 4295 3240 4295 3013 117 3061 117 3139 117 3041 105 3013 105 3139 105 3013 138 3019 138 3061 138 3019 214 3079 214 3061 214 3019 1189 3035 1189 3079 1189 3035 1264 3123 1264 3079 1264 3035 1973 3059 1973 3123 1973 3059 2356 3169 2356 3123 2356 3059 3091 3096 3091 3169 3091 3096 3110 3203 3110 3169 3110 3203 4216 3096 4216 3221 4216 3096 4230 3121 4230 3221 4230 3221 4353 3193 4353 3240 4353 3121 4346 3193 4346 3221 4346 3216 4421 3240 4421 3239 4421 3216 4422 3221 4422 3240 4422 3061 1474 3079 1474 3099 1474 3079 1936 3147 1936 3099 1936 3079 2103 3123 2103 3147 2103 3123 2978 3180 2978 3147 2978 3123 3009 3169 3009 3180 3009 3169 3379 3203 3379 3180 3379 3203 4231 3216 4231 3180 4231 3203 4357 3221 4357 3216 4357 3139 1541 3061 1541 3177 1541 3061 1544 3099 1544 3177 1544 3168 1547 3139 1547 3177 1547 3213 2845 3168 2845 3177 2845 3225 2809 3213 2809 3177 2809 3228 3150 3213 3150 3225 3150 3239 4204 3238 4204 3225 4204 3238 4167 3228 4167 3225 4167 3240 4411 3238 4411 3239 4411 3182 3178 3209 3178 3177 3178 3099 3179 3188 3179 3177 3179 3188 3227 3182 3227 3177 3227 3209 3190 3225 3190 3177 3190 3223 3177 3225 3177 3209 3177 3099 3166 3208 3166 3188 3166 3230 3151 3225 3151 3223 3151 3230 3111 3239 3111 3225 3111 3099 3171 3130 3171 3208 3171 3130 3168 3158 3168 3208 3168 3235 3149 3239 3149 3230 3149 3158 3160 3226 3160 3208 3160 3158 3156 3185 3156 3226 3156 3185 3163 3231 3163 3226 3163 3231 3140 3239 3140 3235 3140 3211 3172 3216 3172 3231 3172 3185 3161 3211 3161 3231 3161 3216 3143 3239 3143 3231 3143 3110 3183 3130 3183 3099 3183 3147 3108 3110 3108 3099 3108 3180 2948 3154 2948 3147 2948 3180 3152 3191 3152 3154 3152 3191 3167 3216 3167 3211 3167 3180 3131 3216 3131 3191 3131 3069 3398 3209 3398 3182 3398 3065 4400 3069 4400 3182 4400 3069 3101 3097 3101 3209 3101 3188 4360 3065 4360 3182 4360 3097 2790 3223 2790 3209 2790 3208 3402 3065 3402 3188 3402 3097 1548 3146 1548 3223 1548 3146 1439 3230 1439 3223 1439 3100 3221 3065 3221 3208 3221 3146 218 3235 218 3230 218 3226 2561 3100 2561 3208 2561 3146 164 3156 164 3235 164 3144 1472 3100 1472 3226 1472 3231 1250 3144 1250 3226 1250 3156 165 3231 165 3235 165 3156 225 3144 225 3231 225 2757 75 2755 75 2789 75 2755 76 2785 76 2789 76 2755 92 2759 92 2785 92 2759 81 2791 81 2785 81 2759 150 2761 150 2791 150 2761 145 2795 145 2791 145 2761 211 2763 211 2795 211 2763 205 2797 205 2795 205 2763 260 2765 260 2797 260 2765 273 2810 273 2797 273 2765 1099 2767 1099 2810 1099 2767 1092 2824 1092 2810 1092 2767 1218 2769 1218 2824 1218 2769 1216 2831 1216 2824 1216 2769 1403 2771 1403 2831 1403 2771 1398 2844 1398 2831 1398 2771 1524 2773 1524 2844 1524 2773 1525 2855 1525 2844 1525 2773 1699 2779 1699 2855 1699 2779 1691 2876 1691 2855 1691 2779 2380 2787 2380 2876 2380 2787 2381 2892 2381 2876 2381 2787 2812 2799 2812 2892 2812 2799 2814 2909 2814 2892 2814 2799 2966 2822 2966 2909 2966 2822 2955 2929 2955 2909 2955 2822 3089 2833 3089 2929 3089 2833 3084 2940 3084 2929 3084 2973 4312 2874 4312 2977 4312 2833 3274 2842 3274 2940 3274 2842 3264 2952 3264 2940 3264 2971 4260 2868 4260 2973 4260 2868 4318 2874 4318 2973 4318 2842 3389 2851 3389 2952 3389 2851 3405 2963 3405 2952 3405 2963 4212 2860 4212 2971 4212 2860 4265 2868 4265 2971 4265 2851 4203 2860 4203 2963 4203 2775 113 2757 113 2858 113 2757 114 2789 114 2858 114 2891 1074 2783 1074 2883 1074 2783 240 2781 240 2883 240 2781 241 2872 241 2883 241 2781 189 2777 189 2872 189 2777 195 2865 195 2872 195 2901 1201 2793 1201 2891 1201 2793 1068 2783 1068 2891 1068 2777 133 2775 133 2865 133 2775 131 2858 131 2865 131 2924 1377 2801 1377 2901 1377 2801 1194 2793 1194 2901 1194 2938 1495 2821 1495 2924 1495 2821 1365 2801 1365 2924 1365 2950 1656 2835 1656 2938 1656 2835 1498 2821 1498 2938 1498 2968 2115 2847 2115 2950 2115 2847 1663 2835 1663 2950 1663 2980 2784 2862 2784 2968 2784 2862 2113 2847 2113 2968 2113 2987 2929 2880 2929 2980 2929 2880 2781 2862 2781 2980 2781 2995 3072 2895 3072 2987 3072 2895 2925 2880 2925 2987 2925 3000 3242 2916 3242 2995 3242 2916 3068 2895 3068 2995 3068 3002 3355 2927 3355 3000 3355 2927 3256 2916 3256 3000 3256 3004 4192 2936 4192 3002 4192 2936 3350 2927 3350 3002 3350 3006 4250 2944 4250 3004 4250 2944 4188 2936 4188 3004 4188 3008 4299 2948 4299 3006 4299 2948 4246 2944 4246 3006 4246 3012 4367 2955 4367 3008 4367 2955 4300 2948 4300 3008 4300 3010 4381 2959 4381 3012 4381 2959 4363 2955 4363 3012 4363 2957 4388 2959 4388 3010 4388 2977 4344 2957 4344 3010 4344 2874 4350 2957 4350 2977 4350 2545 4440 2539 4440 2538 4440 2540 4426 2545 4426 2538 4426 2545 4423 2541 4423 2539 4423 2546 4359 2545 4359 2540 4359 2545 4329 2547 4329 2541 4329 2553 4218 2545 4218 2546 4218 2545 3465 2559 3465 2547 3465 2562 3347 2545 3347 2553 3347 2568 3214 2545 3214 2562 3214 2545 3226 2567 3226 2559 3226 2574 3032 2545 3032 2568 3032 2545 3045 2573 3045 2567 3045 2578 2899 2580 2899 2545 2899 2574 2942 2578 2942 2545 2942 2580 2890 2579 2890 2545 2890 2579 2953 2573 2953 2545 2953 2538 3518 2606 3518 2604 3518 2610 3427 2540 3427 2604 3427 2540 3429 2538 3429 2604 3429 2538 3517 2539 3517 2606 3517 2539 3416 2541 3416 2606 3416 2541 3366 2615 3366 2606 3366 2622 3277 2540 3277 2610 3277 2546 3224 2540 3224 2622 3224 2541 3201 2547 3201 2615 3201 2547 3112 2633 3112 2615 3112 2652 2921 2553 2921 2622 2921 2553 2973 2546 2973 2622 2973 2547 2871 2653 2871 2633 2871 2562 2590 2553 2590 2652 2590 2547 2849 2559 2849 2653 2849 2673 1866 2562 1866 2652 1866 2559 1974 2669 1974 2653 1974 2568 1617 2562 1617 2673 1617 2686 1465 2568 1465 2673 1465 2559 1644 2567 1644 2669 1644 2567 1520 2684 1520 2669 1520 2574 1382 2568 1382 2686 1382 2700 1213 2574 1213 2686 1213 2567 1402 2573 1402 2684 1402 2573 1282 2696 1282 2684 1282 2578 1127 2574 1127 2700 1127 2573 1144 2579 1144 2696 1144 2579 1113 2704 1113 2696 1113 2708 1013 2580 1013 2700 1013 2580 997 2578 997 2700 997 2579 970 2708 970 2704 970 2579 967 2580 967 2708 967 2604 3747 2598 3747 2597 3747 2599 3746 2604 3746 2597 3746 2610 3777 2604 3777 2599 3777 2601 3759 2610 3759 2599 3759 2606 4084 2600 4084 2598 4084 2604 4066 2606 4066 2598 4066 2603 3758 2610 3758 2601 3758 2606 4061 2602 4061 2600 4061 2622 3615 2610 3615 2603 3615 2607 3573 2622 3573 2603 3573 2615 3988 2605 3988 2602 3988 2606 4003 2615 4003 2602 4003 2616 3558 2622 3558 2607 3558 2615 3535 2614 3535 2605 3535 2623 4100 2622 4100 2616 4100 2615 4022 2620 4022 2614 4022 2652 3632 2622 3632 2623 3632 2638 3582 2652 3582 2623 3582 2633 3774 2620 3774 2615 3774 2633 4069 2635 4069 2620 4069 2650 3714 2652 3714 2638 3714 2633 3652 2648 3652 2635 3652 2653 4031 2648 4031 2633 4031 2660 3873 2652 3873 2650 3873 2653 4009 2659 4009 2648 4009 2673 4021 2652 4021 2660 4021 2671 3804 2673 3804 2660 3804 2669 3702 2668 3702 2653 3702 2668 3972 2659 3972 2653 3972 2678 3526 2668 3526 2669 3526 2680 3917 2673 3917 2671 3917 2680 3950 2686 3950 2673 3950 2684 3815 2687 3815 2669 3815 2687 3974 2678 3974 2669 3974 2688 4082 2686 4082 2680 4082 2694 4095 2687 4095 2684 4095 2698 3967 2686 3967 2688 3967 2698 3728 2700 3728 2686 3728 2696 3633 2702 3633 2684 3633 2702 3649 2694 3649 2684 3649 2698 3523 2706 3523 2700 3523 2710 3782 2702 3782 2696 3782 2706 4134 2712 4134 2700 4134 2704 3707 2717 3707 2696 3707 2717 3712 2710 3712 2696 3712 2712 4103 2718 4103 2700 4103 2718 4090 2708 4090 2700 4090 2720 3945 2717 3945 2704 3945 2718 3983 2721 3983 2708 3983 2708 3846 2722 3846 2704 3846 2722 3980 2720 3980 2704 3980 2721 3864 2722 3864 2708 3864 2543 4438 2554 4438 2542 4438 2554 4431 2544 4431 2542 4431 2549 4416 2554 4416 2543 4416 2554 4413 2548 4413 2544 4413 2554 4374 2550 4374 2548 4374 2556 4302 2554 4302 2549 4302 2554 4267 2557 4267 2550 4267 2564 4169 2554 4169 2556 4169 2554 4165 2563 4165 2557 4165 2554 3336 2569 3336 2563 3336 2570 3308 2554 3308 2564 3308 2554 3235 2572 3235 2569 3235 2576 3162 2554 3162 2570 3162 2554 3114 2577 3114 2572 3114 2582 3022 2554 3022 2576 3022 2584 3006 2577 3006 2554 3006 2582 2917 2585 2917 2554 2917 2585 2892 2586 2892 2554 2892 2586 2903 2584 2903 2554 2903 2625 3478 2543 3478 2619 3478 2543 3507 2542 3507 2619 3507 2549 3380 2543 3380 2625 3380 2542 3454 2544 3454 2619 3454 2544 3386 2634 3386 2619 3386 2643 3291 2549 3291 2625 3291 2544 3344 2548 3344 2634 3344 2556 3138 2549 3138 2643 3138 2548 3229 2550 3229 2634 3229 2550 3094 2658 3094 2634 3094 2667 2950 2556 2950 2643 2950 2550 3046 2557 3046 2658 3046 2564 2879 2556 2879 2667 2879 2557 2875 2563 2875 2658 2875 2563 2728 2677 2728 2658 2728 2690 1831 2570 1831 2667 1831 2570 2020 2564 2020 2667 2020 2563 2526 2569 2526 2677 2526 2569 1628 2697 1628 2677 1628 2576 1573 2570 1573 2690 1573 2569 1649 2572 1649 2697 1649 2709 1415 2576 1415 2690 1415 2572 1476 2577 1476 2697 1476 2582 1332 2576 1332 2709 1332 2577 1298 2719 1298 2697 1298 2726 1142 2582 1142 2709 1142 2577 1247 2584 1247 2719 1247 2585 1076 2582 1076 2726 1076 2584 1042 2728 1042 2719 1042 2728 936 2586 936 2726 936 2586 454 2585 454 2726 454 2584 1036 2586 1036 2728 1036 2619 3847 2609 3847 2608 3847 2625 3785 2619 3785 2608 3785 2611 3989 2625 3989 2608 3989 2613 4030 2625 4030 2611 4030 2619 3969 2612 3969 2609 3969 2618 4057 2625 4057 2613 4057 2619 3597 2617 3597 2612 3597 2643 3819 2625 3819 2618 3819 2624 4006 2643 4006 2618 4006 2634 4035 2621 4035 2617 4035 2619 4040 2634 4040 2617 4040 2636 4053 2643 4053 2624 4053 2634 3738 2632 3738 2621 3738 2645 4108 2643 4108 2636 4108 2634 4086 2642 4086 2632 4086 2667 3639 2643 3639 2645 3639 2657 3590 2667 3590 2645 3590 2658 4018 2642 4018 2634 4018 2658 4088 2655 4088 2642 4088 2666 3883 2667 3883 2657 3883 2658 3926 2664 3926 2655 3926 2676 3840 2667 3840 2666 3840 2658 3797 2675 3797 2664 3797 2677 3725 2675 3725 2658 3725 2690 3765 2667 3765 2676 3765 2685 4042 2690 4042 2676 4042 2683 3939 2675 3939 2677 3939 2697 3889 2693 3889 2677 3889 2693 3820 2683 3820 2677 3820 2695 3691 2690 3691 2685 3691 2703 3547 2693 3547 2697 3547 2707 4106 2690 4106 2695 4106 2707 4059 2709 4059 2690 4059 2713 3620 2703 3620 2697 3620 2716 3544 2709 3544 2707 3544 2719 3681 2725 3681 2697 3681 2725 3657 2713 3657 2697 3657 2716 3772 2727 3772 2709 3772 2727 3829 2726 3829 2709 3829 2730 3826 2725 3826 2719 3826 2727 3672 2731 3672 2726 3672 2734 3818 2730 3818 2719 3818 2731 4120 2736 4120 2726 4120 2728 3629 2738 3629 2719 3629 2738 3947 2734 3947 2719 3947 2736 3856 2739 3856 2726 3856 2739 3572 2728 3572 2726 3572 2740 3664 2738 3664 2728 3664 2739 4013 2740 4013 2728 4013 2552 4441 2561 4441 2551 4441 2555 4418 2561 4418 2552 4418 2561 4415 2558 4415 2551 4415 2560 4401 2561 4401 2555 4401 2561 4274 2566 4274 2558 4274 2565 4240 2561 4240 2560 4240 2571 3438 2561 3438 2565 3438 2561 3376 2575 3376 2566 3376 2581 3263 2561 3263 2571 3263 2561 3195 2583 3195 2575 3195 2587 3042 2561 3042 2581 3042 2588 3011 2583 3011 2561 3011 2587 2959 2589 2959 2561 2959 2589 2889 2590 2889 2561 2889 2590 2902 2588 2902 2561 2902 2552 4132 2551 4132 2641 4132 2644 3485 2552 3485 2641 3485 2551 3440 2649 3440 2641 3440 2555 3399 2552 3399 2644 3399 2654 3337 2555 3337 2644 3337 2551 3370 2558 3370 2649 3370 2560 3266 2555 3266 2654 3266 2665 3174 2560 3174 2654 3174 2558 3260 2661 3260 2649 3260 2558 3043 2674 3043 2661 3043 2682 2915 2565 2915 2665 2915 2565 3025 2560 3025 2665 3025 2558 3057 2566 3057 2674 3057 2571 2822 2565 2822 2682 2822 2566 2732 2692 2732 2674 2732 2705 1917 2571 1917 2682 1917 2566 2666 2575 2666 2692 2666 2581 1718 2571 1718 2705 1718 2575 1630 2715 1630 2692 1630 2723 1463 2581 1463 2705 1463 2575 1593 2583 1593 2715 1593 2587 1395 2581 1395 2723 1395 2737 1220 2587 1220 2723 1220 2583 1330 2733 1330 2715 1330 2589 1146 2587 1146 2737 1146 2583 1261 2588 1261 2733 1261 2588 1111 2742 1111 2733 1111 2744 1010 2589 1010 2737 1010 2590 977 2589 977 2744 977 2588 1039 2590 1039 2742 1039 2590 958 2744 958 2742 958 2641 3830 2627 3830 2626 3830 2628 3554 2641 3554 2626 3554 2644 4131 2641 4131 2628 4131 2641 3956 2629 3956 2627 3956 2630 4138 2644 4138 2628 4138 2641 3538 2649 3538 2629 3538 2649 3494 2631 3494 2629 3494 2637 4162 2644 4162 2630 4162 2654 3511 2644 3511 2637 3511 2649 3500 2639 3500 2631 3500 2640 3510 2654 3510 2637 3510 2646 3605 2654 3605 2640 3605 2649 4172 2647 4172 2639 4172 2651 3491 2654 3491 2646 3491 2665 4148 2654 4148 2651 4148 2649 3521 2661 3521 2647 3521 2661 3509 2656 3509 2647 3509 2662 4166 2665 4166 2651 4166 2661 4091 2674 4091 2656 4091 2674 4143 2663 4143 2656 4143 2670 3461 2665 3461 2662 3461 2682 4147 2665 4147 2670 4147 2674 3473 2672 3473 2663 3473 2679 4168 2682 4168 2670 4168 2674 4083 2681 4083 2672 4083 2689 4130 2682 4130 2679 4130 2692 4117 2681 4117 2674 4117 2692 4171 2691 4171 2681 4171 2699 3490 2682 3490 2689 3490 2699 3795 2705 3795 2682 3795 2692 3483 2701 3483 2691 3483 2699 3794 2711 3794 2705 3794 2715 3594 2701 3594 2692 3594 2724 4142 2723 4142 2705 4142 2711 4161 2724 4161 2705 4161 2715 4144 2714 4144 2701 4144 2724 3480 2732 3480 2723 3480 2729 4145 2714 4145 2715 4145 2741 4149 2737 4149 2723 4149 2732 4156 2741 4156 2723 4156 2733 3580 2735 3580 2715 3580 2735 3529 2729 3529 2715 3529 2741 3498 2745 3498 2737 3498 2743 3766 2735 3766 2733 3766 2745 3504 2747 3504 2737 3504 2742 4135 2746 4135 2733 4135 2746 4137 2743 4137 2733 4137 2749 4155 2744 4155 2737 4155 2747 3499 2749 3499 2737 3499 2748 4164 2746 4164 2742 4164 2749 4007 2751 4007 2744 4007 2744 3474 2750 3474 2742 3474 2750 3501 2748 3501 2742 3501 2751 4123 2750 4123 2744 4123 2119 4436 2124 4436 2118 4436 2124 4424 2120 4424 2118 4424 2121 4412 2124 4412 2119 4412 2124 4330 2125 4330 2120 4330 2127 4281 2124 4281 2121 4281 2137 3472 2124 3472 2127 3472 2124 4140 2136 4140 2125 4140 2145 3284 2124 3284 2137 3284 2124 3296 2143 3296 2136 3296 2124 3118 2147 3118 2143 3118 2152 3044 2124 3044 2145 3044 2153 3019 2147 3019 2124 3019 2152 2918 2157 2918 2124 2918 2157 2885 2156 2885 2124 2885 2156 2951 2153 2951 2124 2951 2119 3537 2118 3537 2179 3537 2118 3502 2181 3502 2179 3502 2185 3418 2119 3418 2179 3418 2121 3346 2119 3346 2185 3346 2118 3431 2120 3431 2181 3431 2120 3365 2190 3365 2181 3365 2194 3287 2121 3287 2185 3287 2213 3036 2127 3036 2194 3036 2127 3093 2121 3093 2194 3093 2120 3202 2125 3202 2190 3202 2125 3113 2208 3113 2190 3113 2232 2830 2137 2830 2213 2830 2137 2848 2127 2848 2213 2848 2125 2870 2227 2870 2208 2870 2125 2869 2136 2869 2227 2869 2247 1805 2145 1805 2232 1805 2145 1816 2137 1816 2232 1816 2136 1980 2243 1980 2227 1980 2136 1910 2143 1910 2243 1910 2260 1464 2145 1464 2247 1464 2143 1523 2258 1523 2243 1523 2152 1418 2145 1418 2260 1418 2143 1487 2147 1487 2258 1487 2275 1212 2152 1212 2260 1212 2147 1288 2270 1288 2258 1288 2147 1286 2153 1286 2270 1286 2157 1105 2152 1105 2275 1105 2153 1134 2156 1134 2270 1134 2156 1114 2280 1114 2270 1114 2283 1009 2157 1009 2275 1009 2156 969 2283 969 2280 969 2156 962 2157 962 2283 962 2179 3764 2173 3764 2172 3764 2174 3743 2179 3743 2172 3743 2185 3682 2179 3682 2174 3682 2176 3811 2185 3811 2174 3811 2181 4055 2175 4055 2173 4055 2179 4050 2181 4050 2173 4050 2178 3807 2185 3807 2176 3807 2181 4122 2177 4122 2175 4122 2194 3855 2185 3855 2178 3855 2182 3848 2194 3848 2178 3848 2190 3612 2180 3612 2177 3612 2181 3614 2190 3614 2177 3614 2191 3838 2194 3838 2182 3838 2190 3576 2189 3576 2180 3576 2213 3606 2194 3606 2191 3606 2198 3600 2213 3600 2191 3600 2190 3522 2196 3522 2189 3522 2212 3556 2213 3556 2198 3556 2208 3750 2196 3750 2190 3750 2208 4077 2209 4077 2196 4077 2232 4017 2213 4017 2212 4017 2224 3986 2232 3986 2212 3986 2208 3742 2223 3742 2209 3742 2227 4071 2223 4071 2208 4071 2235 3862 2232 3862 2224 3862 2227 3952 2234 3952 2223 3952 2247 3731 2232 3731 2235 3731 2245 3930 2247 3930 2235 3930 2243 3599 2242 3599 2227 3599 2242 3895 2234 3895 2227 3895 2253 3850 2242 3850 2243 3850 2255 3675 2247 3675 2245 3675 2255 3701 2260 3701 2247 3701 2258 3854 2261 3854 2243 3854 2261 3647 2253 3647 2243 3647 2263 4110 2260 4110 2255 4110 2268 3669 2261 3669 2258 3669 2273 3536 2260 3536 2263 3536 2273 3561 2275 3561 2260 3561 2270 4081 2278 4081 2258 4081 2278 4067 2268 4067 2258 4067 2273 3866 2281 3866 2275 3866 2284 3658 2278 3658 2270 3658 2281 3613 2286 3613 2275 3613 2280 3767 2293 3767 2270 3767 2293 3736 2284 3736 2270 3736 2286 3994 2294 3994 2275 3994 2294 4062 2283 4062 2275 4062 2296 3789 2293 3789 2280 3789 2294 3918 2297 3918 2283 3918 2283 3921 2298 3921 2280 3921 2298 3760 2296 3760 2280 3760 2297 3940 2298 3940 2283 3940 2123 4442 2132 4442 2122 4442 2132 4417 2126 4417 2122 4417 2128 4408 2132 4408 2123 4408 2132 4331 2133 4331 2126 4331 2135 4282 2132 4282 2128 4282 2132 4220 2139 4220 2133 4220 2142 4163 2132 4163 2135 4163 2132 3354 2146 3354 2139 3354 2150 3298 2132 3298 2142 3298 2132 3234 2151 3234 2146 3234 2132 3115 2154 3115 2151 3115 2159 3071 2132 3071 2150 3071 2160 3008 2154 3008 2132 3008 2159 2987 2161 2987 2132 2987 2161 2911 2164 2911 2132 2911 2164 2893 2165 2893 2132 2893 2165 2900 2160 2900 2132 2900 2200 3471 2123 3471 2195 3471 2123 4074 2122 4074 2195 4074 2122 3439 2204 3439 2195 3439 2219 3293 2128 3293 2200 3293 2128 3315 2123 3315 2200 3315 2122 3397 2126 3397 2204 3397 2126 3262 2215 3262 2204 3262 2135 3102 2128 3102 2219 3102 2126 3206 2133 3206 2215 3206 2133 3038 2233 3038 2215 3038 2241 2949 2135 2949 2219 2949 2142 2873 2135 2873 2241 2873 2133 2982 2139 2982 2233 2982 2139 2729 2252 2729 2233 2729 2262 1933 2150 1933 2241 1933 2150 1923 2142 1923 2241 1923 2139 2601 2146 2601 2252 2601 2146 1629 2272 1629 2252 1629 2277 1473 2150 1473 2262 1473 2146 1650 2151 1650 2272 1650 2159 1436 2150 1436 2277 1436 2151 1475 2154 1475 2272 1475 2295 1232 2159 1232 2277 1232 2154 1327 2290 1327 2272 1327 2161 1187 2159 1187 2295 1187 2154 1249 2160 1249 2290 1249 2160 1109 2301 1109 2290 1109 2304 1017 2164 1017 2295 1017 2164 1046 2161 1046 2295 1046 2165 951 2164 951 2304 951 2160 1040 2165 1040 2301 1040 2165 954 2304 954 2301 954 2195 3865 2184 3865 2183 3865 2200 3852 2195 3852 2183 3852 2186 3817 2200 3817 2183 3817 2188 3853 2200 3853 2186 3853 2195 3888 2187 3888 2184 3888 2193 3863 2200 3863 2188 3863 2204 3984 2192 3984 2187 3984 2195 3976 2204 3976 2187 3976 2219 3778 2200 3778 2193 3778 2199 4025 2219 4025 2193 4025 2204 3935 2197 3935 2192 3935 2210 4056 2219 4056 2199 4056 2204 4079 2207 4079 2197 4079 2221 4128 2219 4128 2210 4128 2215 3942 2217 3942 2207 3942 2204 3827 2215 3827 2207 3827 2241 3666 2219 3666 2221 3666 2231 3610 2241 3610 2221 3610 2233 3716 2217 3716 2215 3716 2233 4046 2229 4046 2217 4046 2240 3762 2241 3762 2231 3762 2233 3631 2239 3631 2229 3631 2250 3923 2241 3923 2240 3923 2233 4000 2249 4000 2239 4000 2252 3858 2249 3858 2233 3858 2262 3721 2241 3721 2250 3721 2259 4002 2262 4002 2250 4002 2257 3533 2249 3533 2252 3533 2272 3943 2267 3943 2252 3943 2267 4118 2257 4118 2252 4118 2269 3843 2262 3843 2259 3843 2269 3929 2277 3929 2262 3929 2279 3553 2267 3553 2272 3553 2282 3578 2277 3578 2269 3578 2287 3635 2279 3635 2272 3635 2292 3867 2277 3867 2282 3867 2292 3878 2295 3878 2277 3878 2290 3680 2299 3680 2272 3680 2299 3689 2287 3689 2272 3689 2292 3791 2302 3791 2295 3791 2306 3722 2299 3722 2290 3722 2302 3627 2307 3627 2295 3627 2301 3823 2310 3823 2290 3823 2310 3700 2306 3700 2290 3700 2307 3928 2311 3928 2295 3928 2311 4043 2304 4043 2295 4043 2313 3845 2310 3845 2301 3845 2311 3970 2314 3970 2304 3970 2304 3831 2315 3831 2301 3831 2315 3813 2313 3813 2301 3813 2314 3851 2315 3851 2304 3851 2130 4437 2140 4437 2129 4437 2140 4432 2131 4432 2129 4432 2134 4419 2140 4419 2130 4419 2140 4410 2138 4410 2131 4410 2141 4397 2140 4397 2134 4397 2140 4279 2144 4279 2138 4279 2148 4200 2140 4200 2141 4200 2140 3479 2149 3479 2144 3479 2140 3295 2155 3295 2149 3295 2158 3280 2140 3280 2148 3280 2140 3119 2162 3119 2155 3119 2163 3098 2140 3098 2158 3098 2167 3007 2162 3007 2140 3007 2163 3002 2166 3002 2140 3002 2166 2914 2168 2914 2140 2914 2168 2894 2169 2894 2140 2894 2169 2901 2167 2901 2140 2901 2220 3493 2130 3493 2216 3493 2130 3505 2129 3505 2216 3505 2226 3343 2134 3343 2220 3343 2134 3400 2130 3400 2220 3400 2129 3455 2131 3455 2216 3455 2131 3385 2228 3385 2216 3385 2131 3331 2138 3331 2228 3331 2237 3210 2141 3210 2226 3210 2141 3245 2134 3245 2226 3245 2251 3015 2141 3015 2237 3015 2138 3099 2248 3099 2228 3099 2138 3079 2144 3079 2248 3079 2148 2904 2141 2904 2251 2904 2271 2552 2148 2552 2251 2552 2144 2856 2149 2856 2248 2856 2149 2723 2266 2723 2248 2723 2158 1783 2148 1783 2271 1783 2289 1587 2158 1587 2271 1587 2149 1912 2155 1912 2266 1912 2155 1625 2291 1625 2266 1625 2163 1447 2158 1447 2289 1447 2305 1362 2163 1362 2289 1362 2155 1488 2162 1488 2291 1488 2166 1236 2163 1236 2305 1236 2162 1301 2312 1301 2291 1301 2317 1136 2166 1136 2305 1136 2162 1248 2167 1248 2312 1248 2168 1056 2166 1056 2317 1056 2167 1041 2319 1041 2312 1041 2319 934 2169 934 2317 934 2169 544 2168 544 2317 544 2167 1035 2169 1035 2319 1035 2216 3897 2202 3897 2201 3897 2220 3726 2216 3726 2201 3726 2203 3568 2220 3568 2201 3568 2206 3571 2220 3571 2203 3571 2216 3954 2205 3954 2202 3954 2226 3662 2220 3662 2206 3662 2214 3821 2226 3821 2206 3821 2216 3828 2211 3828 2205 3828 2222 3708 2226 3708 2214 3708 2228 3995 2218 3995 2211 3995 2216 3993 2228 3993 2211 3993 2237 3648 2226 3648 2222 3648 2230 3748 2237 3748 2222 3748 2228 4085 2225 4085 2218 4085 2251 3773 2237 3773 2230 3773 2238 3761 2251 3761 2230 3761 2228 4032 2236 4032 2225 4032 2246 4001 2251 4001 2238 4001 2248 3810 2236 3810 2228 3810 2248 4026 2244 4026 2236 4026 2256 3756 2251 3756 2246 3756 2248 3749 2254 3749 2244 3749 2271 3999 2251 3999 2256 3999 2265 3968 2271 3968 2256 3968 2248 3534 2264 3534 2254 3534 2266 3874 2264 3874 2248 3874 2276 3937 2271 3937 2265 3937 2274 3861 2264 3861 2266 3861 2276 3784 2289 3784 2271 3784 2291 3780 2285 3780 2266 3780 2285 3763 2274 3763 2266 3763 2288 3824 2289 3824 2276 3824 2300 3973 2285 3973 2291 3973 2303 3577 2289 3577 2288 3577 2303 3643 2305 3643 2289 3643 2308 3630 2300 3630 2291 3630 2309 3812 2305 3812 2303 3812 2312 3645 2316 3645 2291 3645 2316 3653 2308 3653 2291 3653 2309 3719 2318 3719 2305 3719 2318 3690 2317 3690 2305 3690 2320 3796 2316 3796 2312 3796 2318 3650 2321 3650 2317 3650 2322 3727 2320 3727 2312 3727 2321 3579 2323 3579 2317 3579 2319 3688 2324 3688 2312 3688 2324 3788 2322 3788 2312 3788 2323 3584 2325 3584 2317 3584 2325 3564 2319 3564 2317 3564 2326 3755 2324 3755 2319 3755 2325 4063 2326 4063 2319 4063 2082 1069 2080 1069 1963 1069 2338 4199 2342 4199 2349 4199 2344 1996 2342 1996 2338 1996 2349 3090 2365 3090 2359 3090 2365 167 2344 167 2359 167 2342 283 2365 283 2349 283 1951 4221 1941 4221 1958 4221 1941 4325 1956 4325 1953 4325 1951 1350 1956 1350 1941 1350 1962 170 1951 170 1958 170 1953 1469 1956 1469 1962 1469 1937 3902 1951 3902 2017 3902 1951 4194 1962 4194 2017 4194 1962 3147 2000 3147 2017 3147 1962 4223 1956 4223 2000 4223 1956 3925 1935 3925 2000 3925 1951 3938 1935 3938 1956 3938 1937 3870 1935 3870 1951 3870 1937 1717 2017 1717 1963 1717 1914 1730 1937 1730 1963 1730 1935 998 1937 998 1914 998 1913 290 1935 290 1914 290 2000 1325 1913 1325 1955 1325 1935 1326 1913 1326 2000 1326 2382 1048 2392 1048 2366 1048 2354 1539 2330 1539 2337 1539 2354 1479 2346 1479 2330 1479 2330 279 2346 279 2332 279 2346 944 2347 944 2332 944 2332 2346 2355 2346 2339 2346 2347 2058 2355 2058 2332 2058 2339 3468 2358 3468 2360 3468 2355 4154 2358 4154 2339 4154 2373 2553 2382 2553 2366 2553 2345 1799 2373 1799 2366 1799 2337 259 2345 259 2364 259 2345 291 2366 291 2364 291 2337 488 2343 488 2345 488 2337 584 2330 584 2343 584 2330 696 2341 696 2343 696 2330 472 2340 472 2341 472 2340 3430 2339 3430 2360 3430 2332 524 2339 524 2340 524 2330 453 2332 453 2340 453 1957 1673 1982 1673 1944 1673 1930 2348 1957 2348 1944 2348 1982 3443 1942 3443 1987 3443 1957 3946 1942 3946 1982 3946 1954 3816 1942 3816 1957 3816 1931 3915 1942 3915 1954 3915 1950 4014 1931 4014 1954 4014 1945 3543 1947 3543 1949 3543 1947 3569 1931 3569 1950 3569 1945 3955 1933 3955 1947 3955 1933 3977 1931 3977 1947 3977 1944 1341 1982 1341 1952 1341 1922 3515 1949 3515 1923 3515 1920 3453 1945 3453 1922 3453 1945 4151 1949 4151 1922 4151 1912 2336 1945 2336 1920 2336 1933 2117 1945 2117 1912 2117 1911 277 1931 277 1912 277 1931 943 1933 943 1912 943 1942 1538 1911 1538 1918 1538 1942 1459 1931 1459 1911 1459 2499 937 2497 937 2387 937 2386 1091 2499 1091 2387 1091 2076 1159 2077 1159 1959 1159 1961 1072 2076 1072 1959 1072 2097 3834 2077 3834 2078 3834 2097 3802 2387 3802 2077 3802 2381 3803 2387 3803 2097 3803 2388 3737 2387 3737 2381 3737 1952 932 2000 932 1955 932 1982 280 2000 280 1952 280 2029 649 2372 649 2017 649 2000 948 2029 948 2017 948 2000 174 1982 174 2029 174 1982 1374 1987 1374 2029 1374 2369 653 2372 653 2029 653 2364 132 2366 132 2369 132 2366 1004 2368 1004 2369 1004 2368 288 2372 288 2369 288 2366 928 2406 928 2368 928 2392 984 2406 984 2366 984 2406 1329 2333 1329 2368 1329 2348 1324 2333 1324 2406 1324 2333 811 2348 811 2334 811 2348 996 2350 996 2334 996 2359 555 2334 555 2372 555 2368 516 2359 516 2372 516 2349 506 2359 506 2368 506 2338 604 2349 604 2368 604 2333 495 2338 495 2368 495 2344 1550 2334 1550 2359 1550 2338 1147 2334 1147 2344 1147 2333 486 2334 486 2338 486 2350 1820 2500 1820 2372 1820 2334 1714 2350 1714 2372 1714 2393 3769 2079 3769 2082 3769 2393 3799 2377 3799 2079 3799 2377 3805 2098 3805 2079 3805 2393 3822 2389 3822 2377 3822 2017 2698 2082 2698 1963 2698 2017 2405 2372 2405 2082 2405 2372 2404 2393 2404 2082 2404 2372 1955 2500 1955 2393 1955 2393 1070 2500 1070 2390 1070 2498 2122 2384 2122 2593 2122 2752 2129 2498 2129 2593 2129 2593 419 2388 419 2594 419 2387 556 2388 556 2593 556 2384 563 2387 563 2593 563 2384 922 2386 922 2387 922 2594 1205 2381 1205 2592 1205 2388 1149 2381 1149 2594 1149 2381 2073 2097 2073 2336 2073 2592 2070 2381 2070 2336 2070 2097 3097 2078 3097 2328 3097 2336 3061 2097 3061 2328 3061 2078 3642 2327 3642 2328 3642 2078 3839 2077 3839 2327 3839 2077 3965 2076 3965 2327 3965 2076 3906 2075 3906 2327 3906 2075 2123 1960 2123 2170 2123 2327 2128 2075 2128 2170 2128 1948 541 1963 541 2171 541 1955 535 1943 535 2171 535 1943 497 1948 497 2171 497 1963 526 1964 526 2171 526 2170 540 1961 540 2171 540 1961 485 1959 485 2171 485 1952 521 1955 521 2171 521 1959 580 1952 580 2171 580 1960 562 1961 562 2170 562 1948 440 1946 440 1963 440 1946 581 1938 581 1963 581 1918 528 1929 528 1959 528 1929 455 1936 455 1959 455 1936 755 1940 755 1959 755 1940 396 1944 396 1959 396 1944 566 1952 566 1959 566 1938 510 1932 510 1963 510 1932 559 1914 559 1963 559 1939 382 1943 382 1955 382 1934 708 1939 708 1955 708 1913 571 1928 571 1955 571 1928 500 1934 500 1955 500 1927 706 1914 706 1932 706 1918 519 1924 519 1929 519 1925 477 1914 477 1927 477 1913 603 1926 603 1928 603 1918 586 1911 586 1924 586 1913 320 1921 320 1926 320 1919 324 1914 324 1925 324 1917 399 1920 399 1922 399 1911 371 1916 371 1924 371 1913 860 1919 860 1921 860 1913 910 1914 910 1919 910 1912 572 1920 572 1917 572 1915 709 1912 709 1917 709 1911 921 1915 921 1916 921 1911 456 1912 456 1915 456 1964 2428 2331 2428 2171 2428 1964 2431 2081 2431 2331 2431 2080 3875 2329 3875 2331 3875 2081 3911 2080 3911 2331 3911 2082 4097 2079 4097 2329 4097 2080 3588 2082 3588 2329 3588 2079 3216 2335 3216 2329 3216 2079 3121 2098 3121 2335 3121 2098 2403 2591 2403 2335 2403 2377 2406 2591 2406 2098 2406 2377 1394 2595 1394 2591 1394 2377 1376 2389 1376 2595 1376 2390 547 2391 547 2596 547 2595 508 2390 508 2596 508 2389 760 2393 760 2595 760 2393 346 2390 346 2595 346 2391 2429 2753 2429 2596 2429 2391 2432 2501 2432 2753 2432 2500 3896 2752 3896 2753 3896 2501 3909 2500 3909 2753 3909 2497 3890 2499 3890 2752 3890 2500 3901 2406 3901 2752 3901 2406 3885 2392 3885 2752 3885 2392 3900 2497 3900 2752 3900 2499 3879 2498 3879 2752 3879 2380 3836 2385 3836 2500 3836 2385 3876 2383 3876 2500 3876 2383 3957 2406 3957 2500 3957 2374 3868 2354 3868 2497 3868 2382 4020 2379 4020 2497 4020 2379 4012 2374 4012 2497 4012 2392 3871 2382 3871 2497 3871 2350 3913 2376 3913 2500 3913 2376 3949 2380 3949 2500 3949 2383 3971 2378 3971 2406 3971 2375 3934 2371 3934 2406 3934 2371 3877 2348 3877 2406 3877 2378 3744 2375 3744 2406 3744 2350 3837 2370 3837 2376 3837 2367 3659 2354 3659 2374 3659 2363 3944 2348 3944 2371 3944 2350 3987 2362 3987 2370 3987 2361 3869 2354 3869 2367 3869 2346 3927 2354 3927 2361 3927 2357 4116 2348 4116 2363 4116 2350 4126 2356 4126 2362 4126 2347 3695 2353 3695 2358 3695 2355 3924 2347 3924 2358 3924 2352 4089 2346 4089 2361 4089 2350 3532 2348 3532 2357 3532 2350 3674 2357 3674 2356 3674 2347 4093 2351 4093 2353 4093 2351 3530 2346 3530 2352 3530 2347 3842 2346 3842 2351 3842 2531 1563 2513 1563 2512 1563 2514 1564 2531 1564 2512 1564 2531 1510 2516 1510 2513 1510 2518 1497 2531 1497 2514 1497 2531 1437 2521 1437 2516 1437 2518 1359 2524 1359 2531 1359 2528 1007 2530 1007 2531 1007 2524 1181 2528 1181 2531 1181 2530 199 2533 199 2531 199 2535 29 2537 29 2531 29 2533 55 2535 55 2531 55 2537 12 2536 12 2531 12 2534 93 2532 93 2531 93 2536 35 2534 35 2531 35 2532 230 2529 230 2531 230 2529 1089 2527 1089 2531 1089 2527 1294 2521 1294 2531 1294 2513 3463 2430 3463 2512 3463 2433 3475 2514 3475 2512 3475 2430 4133 2433 4133 2512 4133 2438 3377 2430 3377 2513 3377 2516 3323 2438 3323 2513 3323 2433 3311 2518 3311 2514 3311 2433 3305 2443 3305 2518 3305 2445 3188 2438 3188 2516 3188 2521 3128 2445 3128 2516 3128 2457 2954 2445 2954 2521 2954 2527 2884 2457 2884 2521 2884 2443 2999 2524 2999 2518 2999 2443 2991 2455 2991 2524 2991 2470 2572 2457 2572 2527 2572 2455 2649 2528 2649 2524 2649 2529 1848 2470 1848 2527 1848 2455 2602 2469 2602 2528 2602 2477 1618 2470 1618 2529 1618 2469 1643 2530 1643 2528 1643 2532 1466 2477 1466 2529 1466 2469 1594 2479 1594 2530 1594 2482 1408 2477 1408 2532 1408 2479 1425 2533 1425 2530 1425 2534 1239 2482 1239 2532 1239 2486 1154 2482 1154 2534 1154 2485 1179 2535 1179 2533 1179 2479 1257 2485 1257 2533 1257 2536 1060 2486 1060 2534 1060 2485 1037 2537 1037 2535 1037 2488 980 2486 980 2536 980 2537 809 2488 809 2536 809 2485 1034 2488 1034 2537 1034 2430 784 2420 784 2418 784 2433 446 2430 446 2418 446 2419 812 2433 812 2418 812 2430 857 2423 857 2420 857 2422 668 2433 668 2419 668 2430 425 2427 425 2423 425 2426 639 2433 639 2422 639 2438 767 2431 767 2427 767 2430 730 2438 730 2427 730 2443 471 2433 471 2426 471 2429 531 2443 531 2426 531 2438 829 2437 829 2431 829 2435 502 2443 502 2429 502 2445 710 2444 710 2437 710 2438 369 2445 369 2437 369 2442 551 2443 551 2435 551 2445 304 2450 304 2444 304 2455 768 2443 768 2442 768 2449 909 2455 909 2442 909 2457 905 2450 905 2445 905 2457 606 2459 606 2450 606 2456 322 2455 322 2449 322 2457 918 2466 918 2459 918 2469 734 2455 734 2456 734 2465 868 2469 868 2456 868 2470 748 2466 748 2457 748 2470 907 2475 907 2466 907 2474 327 2469 327 2465 327 2477 505 2478 505 2470 505 2478 315 2475 315 2470 315 2474 494 2479 494 2469 494 2476 929 2479 929 2474 929 2481 417 2478 417 2477 417 2480 308 2479 308 2476 308 2482 607 2484 607 2477 607 2484 803 2481 803 2477 803 2489 450 2484 450 2482 450 2480 861 2483 861 2479 861 2483 664 2485 664 2479 664 2486 394 2491 394 2482 394 2491 424 2489 424 2482 424 2483 763 2487 763 2485 763 2493 787 2491 787 2486 787 2487 819 2490 819 2485 819 2495 735 2493 735 2486 735 2490 777 2492 777 2485 777 2492 746 2488 746 2485 746 2488 349 2496 349 2486 349 2496 846 2495 846 2486 846 2492 713 2494 713 2488 713 2494 364 2496 364 2488 364 2112 1568 2092 1568 2091 1568 2093 1559 2112 1559 2091 1559 2112 1508 2095 1508 2092 1508 2100 1458 2112 1458 2093 1458 2112 1423 2104 1423 2095 1423 2100 1348 2105 1348 2112 1348 2108 1008 2110 1008 2112 1008 2105 1182 2108 1182 2112 1182 2110 200 2113 200 2112 200 2115 28 2117 28 2112 28 2113 54 2115 54 2112 54 2117 11 2116 11 2112 11 2114 106 2111 106 2112 106 2116 36 2114 36 2112 36 2111 275 2109 275 2112 275 2109 1174 2104 1174 2112 1174 2092 3467 2005 3467 2091 3467 2005 4153 2008 4153 2091 4153 2008 3428 2093 3428 2091 3428 2013 3378 2005 3378 2092 3378 2095 3319 2013 3319 2092 3319 2008 3373 2011 3373 2093 3373 2028 3129 2013 3129 2095 3129 2011 3222 2100 3222 2093 3222 2104 3058 2028 3058 2095 3058 2011 3200 2021 3200 2100 3200 2021 2984 2105 2984 2100 2984 2021 2980 2033 2980 2105 2980 2047 2717 2028 2717 2104 2717 2109 2580 2047 2580 2104 2580 2033 2650 2108 2650 2105 2650 2033 2603 2046 2603 2108 2603 2055 1613 2047 1613 2109 1613 2111 1575 2055 1575 2109 1575 2046 1642 2110 1642 2108 1642 2046 1623 2053 1623 2110 1623 2060 1410 2055 1410 2111 1410 2053 1427 2113 1427 2110 1427 2114 1251 2060 1251 2111 1251 2053 1409 2059 1409 2113 1409 2064 1155 2060 1155 2114 1155 2059 1180 2115 1180 2113 1180 2116 1059 2064 1059 2114 1059 2059 1165 2063 1165 2115 1165 2063 1033 2117 1033 2115 1033 2066 979 2064 979 2116 979 2117 805 2066 805 2116 805 2063 1023 2066 1023 2117 1023 2005 692 1994 692 1992 692 2008 434 2005 434 1992 434 1993 582 2008 582 1992 582 2005 741 1996 741 1994 741 1995 504 2008 504 1993 504 2005 445 2001 445 1996 445 2011 602 2008 602 1995 602 1999 658 2011 658 1995 658 2013 691 2006 691 2001 691 2005 592 2013 592 2001 592 2004 616 2011 616 1999 616 2013 820 2012 820 2006 820 2021 597 2011 597 2004 597 2010 599 2021 599 2004 599 2028 380 2020 380 2012 380 2013 554 2028 554 2012 554 2019 468 2021 468 2010 468 2028 880 2027 880 2020 880 2033 834 2021 834 2019 834 2025 923 2033 923 2019 923 2028 350 2036 350 2027 350 2034 317 2033 317 2025 317 2028 917 2043 917 2036 917 2046 707 2033 707 2034 707 2042 893 2046 893 2034 893 2047 815 2043 815 2028 815 2047 894 2052 894 2043 894 2051 325 2046 325 2042 325 2055 507 2056 507 2047 507 2056 313 2052 313 2047 313 2051 331 2053 331 2046 331 2054 578 2053 578 2051 578 2058 432 2056 432 2055 432 2057 875 2053 875 2054 875 2060 614 2062 614 2055 614 2062 813 2058 813 2055 813 2057 914 2059 914 2053 914 2067 596 2062 596 2060 596 2057 785 2061 785 2059 785 2064 410 2069 410 2060 410 2069 470 2067 470 2060 470 2065 357 2063 357 2059 357 2061 444 2065 444 2059 444 2071 835 2069 835 2064 835 2065 869 2068 869 2063 869 2073 788 2071 788 2064 788 2068 752 2070 752 2063 752 2070 801 2066 801 2063 801 2066 366 2074 366 2064 366 2074 866 2073 866 2064 866 2070 702 2072 702 2066 702 2072 381 2074 381 2066 381 2084 1574 2099 1574 2083 1574 2099 1540 2085 1540 2083 1540 2086 1513 2099 1513 2084 1513 2099 1440 2087 1440 2085 1440 2088 1424 2099 1424 2086 1424 2088 1191 2090 1191 2099 1191 2090 1006 2094 1006 2099 1006 2094 182 2102 182 2099 182 2106 13 2107 13 2099 13 2102 45 2106 45 2099 45 2107 33 2103 33 2099 33 2101 178 2096 178 2099 178 2103 59 2101 59 2099 59 2096 975 2089 975 2099 975 2089 1237 2087 1237 2099 1237 1973 3506 2084 3506 2083 3506 1976 3435 1973 3435 2083 3435 1973 3508 1975 3508 2084 3508 2085 3349 1976 3349 2083 3349 1978 3318 2086 3318 2084 3318 1975 3369 1978 3369 2084 3369 1984 3225 1976 3225 2085 3225 2087 3132 1984 3132 2085 3132 1983 3064 2088 3064 2086 3064 1978 3208 1983 3208 2086 3208 1989 2976 1984 2976 2087 2976 2089 2811 1989 2811 2087 2811 1983 2981 1988 2981 2088 2981 2003 2587 1989 2587 2089 2587 1988 2725 2090 2725 2088 2725 1988 2597 2002 2597 2090 2597 2015 1612 2003 1612 2089 1612 2096 1608 2015 1608 2089 1608 2002 1641 2094 1641 2090 1641 2002 1596 2018 1596 2094 1596 2024 1400 2015 1400 2096 1400 2101 1414 2024 1414 2096 1414 2018 1407 2102 1407 2094 1407 2103 1226 2024 1226 2101 1226 2032 1163 2024 1163 2103 1163 2018 1331 2026 1331 2102 1331 2107 1045 2032 1045 2103 1045 2035 1126 2106 1126 2102 1126 2026 1143 2035 1143 2102 1143 2038 1024 2032 1024 2107 1024 2035 960 2107 960 2106 960 2035 964 2038 964 2107 964 1973 384 1967 384 1965 384 1975 359 1973 359 1965 359 1966 791 1975 791 1965 791 1973 728 1969 728 1967 728 1968 712 1975 712 1966 712 1976 711 1971 711 1969 711 1973 683 1976 683 1969 683 1978 648 1975 648 1968 648 1970 585 1978 585 1968 585 1976 833 1974 833 1971 833 1972 464 1978 464 1970 464 1976 678 1979 678 1974 678 1983 660 1978 660 1972 660 1977 661 1983 661 1972 661 1984 342 1981 342 1979 342 1976 449 1984 449 1979 449 1980 611 1983 611 1977 611 1984 873 1986 873 1981 873 1988 808 1983 808 1980 808 1985 841 1988 841 1980 841 1989 375 1986 375 1984 375 1989 370 1991 370 1986 370 1990 827 1988 827 1985 827 1989 906 1998 906 1991 906 2002 751 1988 751 1990 751 1997 892 2002 892 1990 892 2003 919 1998 919 1989 919 2003 887 2009 887 1998 887 2007 362 2002 362 1997 362 2015 343 2016 343 2003 343 2016 321 2009 321 2003 321 2007 390 2018 390 2002 390 2014 351 2018 351 2007 351 2023 688 2016 688 2015 688 2022 821 2018 821 2014 821 2024 476 2031 476 2015 476 2031 405 2023 405 2015 405 2039 806 2031 806 2024 806 2022 826 2030 826 2018 826 2030 673 2026 673 2018 673 2032 553 2041 553 2024 553 2041 515 2039 515 2024 515 2030 920 2037 920 2026 920 2037 927 2035 927 2026 927 2045 754 2041 754 2032 754 2037 306 2040 306 2035 306 2038 577 2049 577 2032 577 2049 756 2045 756 2032 756 2040 883 2044 883 2035 883 2050 376 2049 376 2038 376 2044 395 2048 395 2035 395 2048 328 2038 328 2035 328 2048 461 2050 461 2038 461 2503 1572 2519 1572 2502 1572 2519 1553 2504 1553 2502 1553 2519 1511 2505 1511 2504 1511 2506 1512 2519 1512 2503 1512 2519 1445 2507 1445 2505 1445 2519 1388 2508 1388 2507 1388 2509 1426 2519 1426 2506 1426 2509 1190 2511 1190 2519 1190 2511 1005 2515 1005 2519 1005 2515 183 2522 183 2519 183 2525 18 2526 18 2519 18 2522 46 2525 46 2519 46 2526 24 2523 24 2519 24 2520 177 2517 177 2519 177 2523 58 2520 58 2519 58 2517 976 2510 976 2519 976 2510 1222 2508 1222 2519 1222 2402 3531 2503 3531 2502 3531 2504 3442 2402 3442 2502 3442 2402 3528 2404 3528 2503 3528 2408 3372 2402 3372 2504 3372 2505 3329 2408 3329 2504 3329 2409 3321 2506 3321 2503 3321 2404 3339 2409 3339 2503 3339 2507 3203 2408 3203 2505 3203 2414 3095 2408 3095 2507 3095 2508 3029 2414 3029 2507 3029 2409 3067 2509 3067 2506 3067 2409 3056 2415 3056 2509 3056 2421 2851 2414 2851 2508 2851 2510 2791 2421 2791 2508 2791 2415 2731 2511 2731 2509 2731 2436 1824 2421 1824 2510 1824 2415 2665 2428 2665 2511 2665 2517 1607 2436 1607 2510 1607 2428 1645 2515 1645 2511 1645 2428 1624 2439 1624 2515 1624 2448 1429 2436 1429 2517 1429 2520 1413 2448 1413 2517 1413 2439 1412 2522 1412 2515 1412 2523 1200 2448 1200 2520 1200 2439 1379 2451 1379 2522 1379 2454 1162 2448 1162 2523 1162 2451 1128 2525 1128 2522 1128 2461 1016 2454 1016 2523 1016 2526 1012 2461 1012 2523 1012 2451 1116 2458 1116 2525 1116 2458 965 2526 965 2525 965 2458 955 2461 955 2526 955 2402 753 2396 753 2394 753 2404 465 2402 465 2394 465 2395 822 2404 822 2394 822 2402 837 2398 837 2396 837 2397 776 2404 776 2395 776 2402 719 2400 719 2398 719 2409 761 2404 761 2397 761 2399 731 2409 731 2397 731 2408 823 2403 823 2400 823 2402 799 2408 799 2400 799 2401 745 2409 745 2399 745 2408 529 2407 529 2403 529 2405 694 2409 694 2401 694 2408 319 2411 319 2407 319 2415 598 2409 598 2405 598 2410 591 2415 591 2405 591 2414 863 2413 863 2411 863 2408 579 2414 579 2411 579 2412 802 2415 802 2410 802 2414 358 2417 358 2413 358 2416 772 2415 772 2412 772 2421 858 2417 858 2414 858 2421 904 2425 904 2417 904 2428 855 2415 855 2416 855 2424 900 2428 900 2416 900 2421 899 2434 899 2425 899 2436 589 2434 589 2421 589 2432 361 2428 361 2424 361 2441 318 2434 318 2436 318 2432 431 2439 431 2428 431 2440 345 2439 345 2432 345 2447 729 2441 729 2436 729 2446 630 2439 630 2440 630 2448 836 2453 836 2436 836 2453 853 2447 853 2436 853 2446 518 2451 518 2439 518 2462 587 2453 587 2448 587 2446 870 2452 870 2451 870 2454 576 2464 576 2448 576 2464 612 2462 612 2448 612 2452 742 2460 742 2451 742 2468 686 2464 686 2454 686 2460 795 2463 795 2451 795 2463 770 2458 770 2451 770 2461 638 2472 638 2454 638 2472 689 2468 689 2454 689 2463 590 2467 590 2458 590 2473 397 2472 397 2461 397 2467 333 2471 333 2458 333 2471 329 2461 329 2458 329 2471 436 2473 436 2461 436 1270 1567 1239 1567 1238 1567 1242 1555 1270 1555 1238 1555 1270 1552 1243 1552 1239 1552 1249 1448 1270 1448 1242 1448 1270 1455 1246 1455 1243 1455 1249 1259 1255 1259 1270 1259 1255 1080 1267 1080 1270 1080 1267 181 1274 181 1270 181 1276 22 1278 22 1270 22 1274 43 1276 43 1270 43 1277 30 1275 30 1270 30 1278 14 1277 14 1270 14 1275 52 1273 52 1270 52 1264 1121 1253 1121 1270 1121 1273 231 1264 231 1270 231 1253 1336 1246 1336 1270 1336 1239 3514 1109 3514 1238 3514 1113 3420 1242 3420 1238 3420 1109 3496 1113 3496 1238 3496 1117 3448 1109 3448 1239 3448 1243 3413 1117 3413 1239 3413 1113 3345 1120 3345 1242 3345 1120 3193 1249 3193 1242 3193 1131 3246 1117 3246 1243 3246 1246 3218 1131 3218 1243 3218 1120 3165 1134 3165 1249 3165 1143 2992 1131 2992 1246 2992 1253 2933 1143 2933 1246 2933 1147 2866 1255 2866 1249 2866 1134 2940 1147 2940 1249 2940 1159 2682 1143 2682 1253 2682 1164 1809 1267 1809 1255 1809 1147 2494 1164 2494 1255 2494 1264 1957 1159 1957 1253 1957 1179 1648 1159 1648 1264 1648 1164 1591 1184 1591 1267 1591 1273 1467 1179 1467 1264 1467 1184 1406 1274 1406 1267 1406 1201 1419 1179 1419 1273 1419 1184 1355 1204 1355 1274 1355 1275 1175 1201 1175 1273 1175 1204 1123 1276 1123 1274 1123 1212 1131 1201 1131 1275 1131 1214 1001 1278 1001 1276 1001 1204 1073 1214 1073 1276 1073 1277 1038 1212 1038 1275 1038 1214 966 1212 966 1277 966 1278 938 1214 938 1277 938 1109 915 1095 915 1094 915 1113 913 1109 913 1094 913 1096 496 1113 496 1094 496 1098 645 1113 645 1096 645 1109 895 1097 895 1095 895 1120 666 1113 666 1098 666 1105 766 1120 766 1098 766 1117 852 1103 852 1097 852 1109 862 1117 862 1097 862 1115 749 1120 749 1105 749 1117 824 1112 824 1103 824 1134 779 1120 779 1115 779 1122 773 1134 773 1115 773 1117 663 1119 663 1112 663 1130 849 1134 849 1122 849 1131 633 1128 633 1119 633 1117 662 1131 662 1119 662 1147 492 1134 492 1130 492 1140 457 1147 457 1130 457 1131 881 1137 881 1128 881 1143 462 1137 462 1131 462 1150 650 1147 650 1140 650 1143 617 1145 617 1137 617 1164 411 1147 411 1150 411 1158 600 1164 600 1150 600 1143 466 1157 466 1145 466 1159 750 1157 750 1143 750 1170 916 1164 916 1158 916 1167 474 1157 474 1159 474 1170 896 1184 896 1164 896 1179 511 1180 511 1159 511 1180 681 1167 681 1159 681 1183 311 1184 311 1170 311 1195 368 1180 368 1179 368 1198 807 1184 807 1183 807 1198 634 1204 634 1184 634 1201 627 1203 627 1179 627 1203 698 1195 698 1179 698 1205 385 1204 385 1198 385 1211 665 1203 665 1201 665 1205 426 1213 426 1204 426 1215 635 1211 635 1201 635 1216 404 1214 404 1204 404 1213 402 1216 402 1204 402 1212 877 1217 877 1201 877 1217 499 1215 499 1201 499 1216 759 1218 759 1214 759 1219 865 1217 865 1212 865 1218 671 1220 671 1214 671 1214 775 1221 775 1212 775 1221 867 1219 867 1212 867 1220 690 1221 690 1214 690 1236 1561 1263 1561 1232 1561 1263 1566 1233 1566 1232 1566 1263 1516 1237 1516 1233 1516 1245 1450 1263 1450 1236 1450 1263 1434 1244 1434 1237 1434 1250 1097 1256 1097 1263 1097 1245 1258 1250 1258 1263 1258 1256 233 1262 233 1263 233 1269 37 1272 37 1263 37 1262 123 1269 123 1263 123 1272 10 1271 10 1263 10 1271 39 1268 39 1263 39 1268 163 1259 163 1263 163 1259 281 1252 281 1263 281 1252 1141 1247 1141 1263 1141 1247 1321 1244 1321 1263 1321 1091 4152 1089 4152 1232 4152 1089 3426 1236 3426 1232 3426 1233 3470 1091 3470 1232 3470 1237 3328 1091 3328 1233 3328 1089 3342 1104 3342 1236 3342 1106 3313 1091 3313 1237 3313 1104 3192 1245 3192 1236 3192 1244 3123 1106 3123 1237 3123 1123 3075 1106 3075 1244 3075 1104 3037 1127 3037 1245 3037 1247 2906 1123 2906 1244 2906 1127 2865 1250 2865 1245 2865 1138 2862 1123 2862 1247 2862 1148 1880 1256 1880 1250 1880 1127 2578 1148 2578 1250 2578 1252 2359 1138 2359 1247 2359 1154 1949 1138 1949 1252 1949 1259 1580 1154 1580 1252 1580 1163 1481 1262 1481 1256 1481 1148 1589 1163 1589 1256 1589 1169 1506 1154 1506 1259 1506 1268 1351 1169 1351 1259 1351 1177 1253 1269 1253 1262 1253 1163 1375 1177 1375 1262 1375 1185 1271 1169 1271 1268 1271 1193 1063 1272 1063 1269 1063 1177 1152 1193 1152 1269 1152 1196 1107 1185 1107 1268 1107 1271 1084 1196 1084 1268 1084 1193 1011 1199 1011 1272 1011 1199 971 1196 971 1271 971 1272 316 1199 316 1271 316 1089 798 1078 798 1077 798 1079 341 1089 341 1077 341 1081 336 1089 336 1079 336 1091 850 1080 850 1078 850 1089 804 1091 804 1078 804 1104 379 1089 379 1081 379 1086 564 1104 564 1081 564 1091 859 1084 859 1080 859 1093 588 1104 588 1086 588 1091 814 1090 814 1084 814 1102 725 1104 725 1093 725 1106 378 1099 378 1090 378 1091 353 1106 353 1090 353 1127 644 1104 644 1102 644 1114 667 1127 667 1102 667 1106 393 1111 393 1099 393 1124 435 1127 435 1114 435 1123 695 1111 695 1106 695 1123 816 1121 816 1111 816 1135 641 1127 641 1124 641 1123 637 1132 637 1121 637 1138 792 1132 792 1123 792 1148 503 1127 503 1135 503 1142 534 1148 534 1135 534 1138 421 1141 421 1132 421 1153 491 1148 491 1142 491 1154 418 1152 418 1138 418 1152 608 1141 608 1138 608 1153 512 1163 512 1148 512 1160 715 1152 715 1154 715 1162 737 1163 737 1153 737 1169 626 1172 626 1154 626 1172 498 1160 498 1154 498 1175 854 1163 854 1162 854 1175 898 1177 898 1163 898 1182 818 1172 818 1169 818 1186 442 1177 442 1175 442 1185 762 1194 762 1169 762 1194 765 1182 765 1169 765 1186 348 1197 348 1177 348 1197 334 1193 334 1177 334 1200 406 1194 406 1185 406 1197 789 1202 789 1193 789 1196 392 1206 392 1185 392 1206 422 1200 422 1185 422 1202 838 1207 838 1193 838 1207 843 1199 843 1193 843 1208 388 1206 388 1196 388 1207 423 1209 423 1199 423 1199 685 1210 685 1196 685 1210 360 1208 360 1196 360 1209 522 1210 522 1199 522 1254 1569 1229 1569 1228 1569 1230 1558 1254 1558 1228 1558 1254 1535 1231 1535 1229 1535 1235 1453 1254 1453 1230 1453 1254 1454 1234 1454 1231 1454 1235 1344 1240 1344 1254 1344 1240 1156 1248 1156 1254 1156 1248 235 1257 235 1254 235 1257 53 1261 53 1254 53 1266 16 1265 16 1254 16 1261 26 1266 26 1254 26 1265 34 1260 34 1254 34 1260 57 1258 57 1254 57 1258 224 1251 224 1254 224 1251 1132 1241 1132 1254 1132 1241 1337 1234 1337 1254 1337 1075 4141 1073 4141 1228 4141 1229 3520 1075 3520 1228 3520 1073 3417 1230 3417 1228 3417 1231 3358 1075 3358 1229 3358 1073 3340 1085 3340 1230 3340 1087 3314 1075 3314 1231 3314 1085 3215 1235 3215 1230 3215 1234 3223 1087 3223 1231 3223 1107 3052 1087 3052 1234 3052 1110 2970 1240 2970 1235 2970 1085 3034 1110 3034 1235 3034 1241 2927 1107 2927 1234 2927 1110 2498 1248 2498 1240 2498 1129 2707 1107 2707 1241 2707 1110 2560 1133 2560 1248 2560 1251 2031 1129 2031 1241 2031 1149 1609 1129 1609 1251 1609 1151 1485 1257 1485 1248 1485 1133 1577 1151 1577 1248 1577 1258 1444 1149 1444 1251 1444 1165 1316 1149 1316 1258 1316 1168 1177 1261 1177 1257 1177 1151 1242 1168 1242 1257 1242 1260 1197 1165 1197 1258 1197 1173 1110 1165 1110 1260 1110 1265 1058 1173 1058 1260 1058 1168 1021 1266 1021 1261 1021 1168 1019 1176 1019 1266 1019 1176 972 1173 972 1265 972 1266 933 1176 933 1265 933 1065 330 1073 330 1064 330 1073 309 1075 309 1064 309 1075 959 1066 959 1064 959 1067 332 1073 332 1065 332 1068 307 1073 307 1067 307 1075 797 1069 797 1066 797 1070 292 1073 292 1068 292 1085 950 1073 950 1070 950 1075 285 1071 285 1069 285 1074 941 1085 941 1070 941 1075 758 1072 758 1071 758 1075 403 1087 403 1072 403 1087 412 1076 412 1072 412 1082 778 1085 778 1074 778 1087 953 1083 953 1076 953 1088 289 1085 289 1082 289 1110 945 1085 945 1088 945 1087 323 1107 323 1083 323 1107 310 1092 310 1083 310 1100 982 1110 982 1088 982 1107 924 1101 924 1092 924 1116 284 1110 284 1100 284 1107 687 1108 687 1101 687 1107 968 1118 968 1108 968 1125 298 1110 298 1116 298 1125 670 1133 670 1110 670 1129 344 1118 344 1107 344 1129 286 1126 286 1118 286 1136 974 1133 974 1125 974 1129 957 1139 957 1126 957 1144 771 1151 771 1133 771 1136 305 1144 305 1133 305 1149 769 1139 769 1129 769 1144 287 1155 287 1151 287 1149 300 1146 300 1139 300 1155 978 1161 978 1151 978 1156 744 1146 744 1149 744 1171 296 1168 296 1151 296 1161 303 1171 303 1151 303 1165 831 1166 831 1149 831 1166 885 1156 885 1149 885 1171 961 1178 961 1168 961 1174 389 1166 389 1165 389 1178 939 1187 939 1168 939 1173 299 1181 299 1165 299 1181 297 1174 297 1165 297 1189 294 1176 294 1168 294 1187 947 1189 947 1168 947 1188 293 1181 293 1173 293 1189 901 1192 901 1176 901 1176 473 1191 473 1173 473 1191 339 1190 339 1173 339 1190 314 1188 314 1173 314 1192 930 1191 930 1176 930 1661 1571 1694 1571 1660 1571 1694 1556 1664 1556 1660 1556 1667 1507 1694 1507 1661 1507 1670 1441 1694 1441 1667 1441 1694 1457 1669 1457 1664 1457 1676 1169 1683 1169 1694 1169 1670 1343 1676 1343 1694 1343 1683 981 1691 981 1694 981 1691 171 1699 171 1694 171 1701 19 1702 19 1694 19 1699 44 1701 44 1694 44 1702 21 1700 21 1694 21 1698 179 1690 179 1694 179 1700 50 1698 50 1694 50 1690 987 1682 987 1694 987 1675 1345 1669 1345 1694 1345 1682 1172 1675 1172 1694 1172 1538 3488 1661 3488 1660 3488 1538 3486 1541 3486 1661 3486 1546 3447 1538 3447 1660 3447 1664 3424 1546 3424 1660 3424 1549 3320 1667 3320 1661 3320 1541 3338 1549 3338 1661 3338 1549 3170 1670 3170 1667 3170 1560 3247 1546 3247 1664 3247 1669 3220 1560 3220 1664 3220 1549 3134 1565 3134 1670 3134 1565 2969 1676 2969 1670 2969 1572 2993 1560 2993 1669 2993 1675 2975 1572 2975 1669 2975 1584 2569 1683 2569 1676 2569 1565 2844 1584 2844 1676 2844 1588 2676 1572 2676 1675 2676 1682 2592 1588 2592 1675 2592 1605 1610 1691 1610 1683 1610 1584 1744 1605 1744 1683 1744 1607 1647 1588 1647 1682 1647 1690 1620 1607 1620 1682 1620 1605 1381 1699 1381 1691 1381 1627 1417 1607 1417 1690 1417 1698 1411 1627 1411 1690 1411 1605 1363 1630 1363 1699 1363 1700 1160 1627 1160 1698 1160 1630 1124 1701 1124 1699 1124 1640 1119 1627 1119 1700 1119 1638 992 1702 992 1701 992 1630 1088 1638 1088 1701 1088 1702 1000 1640 1000 1700 1000 1638 956 1640 956 1702 956 1538 794 1524 794 1522 794 1541 621 1538 621 1522 621 1525 723 1541 723 1522 723 1528 669 1541 669 1525 669 1538 891 1527 891 1524 891 1549 629 1541 629 1528 629 1536 727 1549 727 1528 727 1546 874 1533 874 1527 874 1538 884 1546 884 1527 884 1543 699 1549 699 1536 699 1546 851 1540 851 1533 851 1565 796 1549 796 1543 796 1552 793 1565 793 1543 793 1546 704 1548 704 1540 704 1559 830 1565 830 1552 830 1560 595 1557 595 1548 595 1546 565 1560 565 1548 565 1569 416 1565 416 1559 416 1560 878 1566 878 1557 878 1572 624 1566 624 1560 624 1584 726 1565 726 1569 726 1578 740 1584 740 1569 740 1572 682 1575 682 1566 682 1587 642 1584 642 1578 642 1572 407 1586 407 1575 407 1588 619 1586 619 1572 619 1605 441 1584 441 1587 441 1598 925 1605 925 1587 925 1596 622 1586 622 1588 622 1607 781 1608 781 1588 781 1608 676 1596 676 1588 676 1612 714 1605 714 1598 714 1621 338 1608 338 1607 338 1625 437 1605 437 1612 437 1625 705 1630 705 1605 705 1627 408 1629 408 1607 408 1629 489 1621 489 1607 489 1631 352 1630 352 1625 352 1637 632 1629 632 1627 632 1631 429 1639 429 1630 429 1641 594 1637 594 1627 594 1639 443 1642 443 1630 443 1642 448 1638 448 1630 448 1640 845 1643 845 1627 845 1643 467 1641 467 1627 467 1642 790 1644 790 1638 790 1645 839 1643 839 1640 839 1644 764 1646 764 1638 764 1646 757 1640 757 1638 757 1647 832 1645 832 1640 832 1646 800 1647 800 1640 800 1656 1560 1687 1560 1654 1560 1687 1565 1655 1565 1654 1565 1687 1515 1659 1515 1655 1515 1662 1452 1687 1452 1656 1452 1687 1435 1665 1435 1659 1435 1662 1353 1668 1353 1687 1353 1673 1079 1680 1079 1687 1079 1668 1234 1673 1234 1687 1234 1680 180 1692 180 1687 180 1692 42 1695 42 1687 42 1697 15 1696 15 1687 15 1695 23 1697 23 1687 23 1696 40 1693 40 1687 40 1693 160 1685 160 1687 160 1685 253 1678 253 1687 253 1678 1137 1671 1137 1687 1137 1671 1322 1665 1322 1687 1322 1517 4150 1518 4150 1654 4150 1518 3425 1656 3425 1654 3425 1655 3469 1517 3469 1654 3469 1523 3441 1517 3441 1655 3441 1659 3326 1523 3326 1655 3326 1518 3341 1535 3341 1656 3341 1537 3300 1523 3300 1659 3300 1535 3213 1662 3213 1656 3213 1665 3122 1537 3122 1659 3122 1556 2985 1668 2985 1662 2985 1535 3033 1556 3033 1662 3033 1558 3000 1537 3000 1665 3000 1671 2908 1558 2908 1665 2908 1556 2818 1673 2818 1668 2818 1574 2634 1558 2634 1671 2634 1577 1808 1680 1808 1673 1808 1556 2576 1577 2576 1673 2576 1678 2125 1574 2125 1671 2125 1589 1637 1574 1637 1678 1637 1577 1592 1593 1592 1680 1592 1685 1562 1589 1562 1678 1562 1593 1405 1692 1405 1680 1405 1610 1393 1589 1393 1685 1393 1693 1342 1610 1342 1685 1342 1593 1354 1613 1354 1692 1354 1613 1122 1695 1122 1692 1122 1624 1112 1610 1112 1693 1112 1696 1090 1624 1090 1693 1090 1622 1002 1697 1002 1695 1002 1613 1087 1622 1087 1695 1087 1697 902 1624 902 1696 902 1622 949 1624 949 1697 949 1518 747 1506 747 1505 747 1507 363 1518 363 1505 363 1509 355 1518 355 1507 355 1517 452 1508 452 1506 452 1518 420 1517 420 1506 420 1535 372 1518 372 1509 372 1515 573 1535 573 1509 573 1523 825 1514 825 1508 825 1517 828 1523 828 1508 828 1521 567 1535 567 1515 567 1523 780 1519 780 1514 780 1531 675 1535 675 1521 675 1537 482 1529 482 1519 482 1523 463 1537 463 1519 463 1556 674 1535 674 1531 674 1542 684 1556 684 1531 684 1537 480 1539 480 1529 480 1553 414 1556 414 1542 414 1537 844 1550 844 1539 844 1558 615 1550 615 1537 615 1563 743 1556 743 1553 743 1558 545 1561 545 1550 545 1577 439 1556 439 1563 439 1571 479 1577 479 1563 479 1558 478 1570 478 1561 478 1574 736 1570 736 1558 736 1582 583 1577 583 1571 583 1580 610 1570 610 1574 610 1582 659 1593 659 1577 659 1589 525 1590 525 1574 525 1590 656 1580 656 1574 656 1592 625 1593 625 1582 625 1600 387 1590 387 1589 387 1603 864 1593 864 1592 864 1603 842 1613 842 1593 842 1610 623 1611 623 1589 623 1611 677 1600 677 1589 677 1614 433 1613 433 1603 433 1620 697 1611 697 1610 697 1614 428 1623 428 1613 428 1626 490 1620 490 1610 490 1623 513 1628 513 1613 513 1628 514 1622 514 1613 514 1624 367 1632 367 1610 367 1632 487 1626 487 1610 487 1628 722 1633 722 1622 722 1634 340 1632 340 1624 340 1633 643 1635 643 1622 643 1635 652 1624 652 1622 652 1636 356 1634 356 1624 356 1635 847 1636 847 1624 847 1679 1570 1651 1570 1650 1570 1652 1557 1679 1557 1650 1557 1679 1509 1653 1509 1651 1509 1658 1449 1679 1449 1652 1449 1679 1432 1657 1432 1653 1432 1666 1078 1674 1078 1679 1078 1658 1260 1666 1260 1679 1260 1674 197 1681 197 1679 197 1681 49 1686 49 1679 49 1689 17 1688 17 1679 17 1686 25 1689 25 1679 25 1688 41 1684 41 1679 41 1684 162 1677 162 1679 162 1677 282 1672 282 1679 282 1672 1140 1663 1140 1679 1140 1663 1320 1657 1320 1679 1320 1503 4146 1501 4146 1650 4146 1651 3489 1503 3489 1650 3489 1501 3419 1652 3419 1650 3419 1513 3363 1503 3363 1651 3363 1501 3368 1511 3368 1652 3368 1653 3322 1513 3322 1651 3322 1511 3194 1658 3194 1652 3194 1511 3164 1526 3164 1658 3164 1657 3120 1513 3120 1653 3120 1532 3107 1513 3107 1657 3107 1663 2907 1532 2907 1657 2907 1545 2867 1666 2867 1658 2867 1526 2941 1545 2941 1658 2941 1551 2861 1532 2861 1663 2861 1562 1807 1674 1807 1666 1807 1545 2495 1562 2495 1666 2495 1672 2360 1551 2360 1663 2360 1568 1948 1551 1948 1672 1948 1677 1579 1568 1579 1672 1579 1562 1578 1579 1578 1674 1578 1581 1505 1568 1505 1677 1505 1579 1421 1681 1421 1674 1421 1684 1352 1581 1352 1677 1352 1594 1272 1581 1272 1684 1272 1597 1157 1686 1157 1681 1157 1579 1243 1597 1243 1681 1243 1601 1108 1594 1108 1684 1108 1688 1086 1601 1086 1684 1086 1597 1020 1689 1020 1686 1020 1597 1018 1604 1018 1689 1018 1604 973 1601 973 1688 973 1689 935 1604 935 1688 935 1501 879 1495 879 1494 879 1496 447 1501 447 1494 447 1498 373 1501 373 1496 373 1503 700 1497 700 1495 700 1501 703 1503 703 1495 703 1511 871 1501 871 1498 871 1500 872 1511 872 1498 872 1503 782 1499 782 1497 782 1504 897 1511 897 1500 897 1513 401 1502 401 1499 401 1503 413 1513 413 1499 413 1526 459 1511 459 1504 459 1512 458 1526 458 1504 458 1513 374 1510 374 1502 374 1520 701 1526 701 1512 701 1513 386 1516 386 1510 386 1545 733 1526 733 1520 733 1534 451 1545 451 1520 451 1532 680 1516 680 1513 680 1532 817 1530 817 1516 817 1547 720 1545 720 1534 720 1532 493 1544 493 1530 493 1551 840 1544 840 1532 840 1562 398 1545 398 1547 398 1555 481 1562 481 1547 481 1551 640 1554 640 1544 640 1567 636 1562 636 1555 636 1568 383 1564 383 1551 383 1564 475 1554 475 1551 475 1567 718 1579 718 1562 718 1573 716 1564 716 1568 716 1576 427 1579 427 1567 427 1581 568 1583 568 1568 568 1583 430 1573 430 1568 430 1585 886 1579 886 1576 886 1591 848 1583 848 1581 848 1595 631 1579 631 1585 631 1595 628 1597 628 1579 628 1594 783 1599 783 1581 783 1599 786 1591 786 1581 786 1595 721 1602 721 1597 721 1606 377 1599 377 1594 377 1602 856 1609 856 1597 856 1601 365 1615 365 1594 365 1615 391 1606 391 1594 391 1609 882 1616 882 1597 882 1616 890 1604 890 1597 890 1617 347 1615 347 1601 347 1616 911 1618 911 1604 911 1604 912 1619 912 1601 912 1619 335 1617 335 1601 335 1618 926 1619 926 1604 926 1740 3391 1858 3391 1738 3391 1476 47 1482 47 1479 47 1482 2947 1471 2947 1479 2947 1470 2836 1476 2836 1479 2836 1457 1518 1476 1518 1470 1518 1455 4403 1457 4403 1470 4403 1471 1347 1457 1347 1455 1347 1867 2986 1879 2986 1870 2986 1865 56 1879 56 1867 56 1879 99 1864 99 1870 99 1864 4183 1856 4183 1870 4183 1856 4287 1865 4287 1867 4287 1859 3317 1865 3317 1856 3317 1864 1545 1859 1545 1856 1545 1870 561 1883 561 1885 561 1867 575 1870 575 1885 575 1819 570 1867 570 1885 570 1870 552 1803 552 1883 552 1856 533 1803 533 1870 533 1819 527 1856 527 1867 527 1819 620 1803 620 1856 620 1803 2758 1858 2758 1883 2758 1858 2746 1907 2746 1883 2746 1883 3456 1907 3456 1885 3456 1907 4158 1908 4158 1885 4158 1908 3135 1819 3135 1885 3135 1866 3136 1819 3136 1908 3136 1424 3312 1451 3312 1434 3312 1490 3005 1465 3005 1474 3005 1490 2922 1483 2922 1465 2922 1488 4174 1490 4174 1474 4174 1473 3512 1488 3512 1474 3512 1462 2420 1488 2420 1473 2420 1481 2132 1488 2132 1462 2132 1461 278 1481 278 1462 278 1458 995 1478 995 1461 995 1478 269 1481 269 1461 269 1434 1868 1451 1868 1444 1868 1451 2709 1475 2709 1444 2709 1480 3563 1477 3563 1490 3563 1488 4087 1480 4087 1490 4087 1478 4136 1480 4136 1488 4136 1481 3833 1478 3833 1488 3833 1477 3963 1483 3963 1490 3963 1475 4190 1453 4190 1483 4190 1477 3958 1475 3958 1483 3958 1451 4157 1453 4157 1475 4157 1837 2839 1877 2839 1863 2839 1877 1875 1889 1875 1863 1875 1869 483 1872 483 1888 483 1872 558 1887 558 1888 558 1872 337 1873 337 1887 337 1873 520 1875 520 1887 520 1878 574 1869 574 1888 574 1863 460 1869 460 1878 460 1832 1022 1837 1022 1878 1022 1837 613 1863 613 1878 613 1868 3117 1877 3117 1837 3117 1902 994 1899 994 1875 994 1873 1085 1902 1085 1875 1085 1896 1044 1902 1044 1873 1044 1875 2366 1909 2366 1887 2366 1899 2145 1909 2145 1875 2145 1909 4170 1910 4170 1888 4170 1887 3513 1909 3513 1888 3513 1910 2958 1878 2958 1888 2958 1910 2926 1903 2926 1878 2926 1317 3516 1429 3516 1315 3516 1429 3364 1431 3364 1315 3364 1743 3302 1862 3302 1744 3302 1862 3387 1860 3387 1744 3387 1743 646 1725 646 1429 646 1725 651 1440 651 1429 651 1440 609 1428 609 1429 609 1743 717 1742 717 1725 717 1409 3484 1451 3484 1424 3484 1450 3527 1451 3527 1409 3527 1449 4320 1453 4320 1451 4320 1450 3449 1449 3449 1451 3449 1447 4159 1449 4159 1450 4159 1792 3801 1449 3801 1447 3801 1803 3798 1792 3798 1447 3798 1792 3415 1819 3415 1832 3415 1819 3010 1837 3010 1832 3010 1819 4173 1868 4173 1837 4173 1866 3519 1868 3519 1819 3519 1792 3497 1803 3497 1819 3497 1487 3137 1409 3137 1472 3137 1450 3133 1409 3133 1487 3133 1486 3651 1487 3651 1472 3651 1469 3457 1486 3457 1472 3457 1476 3872 1450 3872 1487 3872 1482 3881 1476 3881 1487 3881 1486 3849 1482 3849 1487 3849 1447 3412 1471 3412 1486 3412 1471 3327 1482 3327 1486 3327 1457 3882 1450 3882 1476 3882 1447 4233 1457 4233 1471 4233 1447 3959 1450 3959 1457 3959 1314 2657 1447 2657 1469 2657 1447 2761 1486 2761 1469 2761 1741 655 1423 655 1427 655 1436 654 1741 654 1427 654 1741 679 1738 679 1423 679 1729 657 1741 657 1436 657 1423 2509 1447 2509 1314 2509 1738 2077 1803 2077 1447 2077 1423 2078 1738 2078 1447 2078 1738 1773 1858 1773 1803 1773 1426 3388 1423 3388 1314 3388 1432 2363 1225 2363 1316 2363 1225 2351 1063 2351 1316 2351 1431 3552 1429 3552 1432 3552 1429 3905 1225 3905 1432 3905 1428 3982 1225 3982 1429 3982 1224 3638 1225 3638 1428 3638 1226 3299 1224 3299 1428 3299 1440 3031 1226 3031 1428 3031 1725 2402 1484 2402 1440 2402 1484 2410 1226 2410 1440 2410 1742 1310 1492 1310 1725 1310 1492 1335 1484 1335 1725 1335 1493 542 1744 542 1745 542 1492 647 1743 647 1744 647 1493 593 1492 593 1744 593 1492 415 1742 415 1743 415 1861 2362 1649 2362 1745 2362 1649 2354 1493 2354 1745 2354 1909 3979 1906 3979 1910 3979 1906 3990 1904 3990 1910 3990 1904 3739 1900 3739 1910 3739 1902 4107 1905 4107 1909 4107 1905 3503 1906 3503 1909 3503 1900 3936 1895 3936 1910 3936 1907 3601 1901 3601 1908 3601 1901 3622 1898 3622 1908 3622 1898 4096 1894 4096 1908 4096 1897 4125 1901 4125 1907 4125 1893 3832 1897 3832 1907 3832 1899 3919 1902 3919 1909 3919 1894 3891 1892 3891 1908 3891 1892 3914 1866 3914 1908 3914 1895 3880 1903 3880 1910 3880 1895 3754 1891 3754 1903 3754 1891 3899 1862 3899 1903 3899 1858 3903 1884 3903 1907 3903 1884 4092 1890 4092 1907 4092 1890 3715 1893 3715 1907 3715 1886 3886 1866 3886 1892 3886 1882 3583 1862 3583 1891 3583 1881 3683 1866 3683 1886 3683 1858 3941 1880 3941 1884 3941 1877 4104 1862 4104 1882 4104 1876 4076 1866 4076 1881 4076 1858 4024 1874 4024 1880 4024 1648 3904 1866 3904 1876 3904 1871 3844 1648 3844 1876 3844 1858 3693 1871 3693 1874 3693 1868 3907 1862 3907 1877 3907 1858 3898 1648 3898 1871 3898 1648 3916 1862 3916 1868 3916 1866 3892 1648 3892 1868 3892 1862 3985 1648 3985 1860 3985 1860 3908 1649 3908 1861 3908 1648 3887 1649 3887 1860 3887 1857 3884 1648 3884 1858 3884 1489 2047 1857 2047 1739 2047 1489 2050 1648 2050 1857 2050 1491 618 1489 618 1741 618 1489 557 1738 557 1741 557 1738 810 1739 810 1740 810 1738 543 1489 543 1739 543 1491 1168 1741 1168 1729 1168 1485 1186 1491 1186 1729 1186 1227 2075 1729 2075 1436 2075 1485 2076 1729 2076 1227 2076 1223 3275 1436 3275 1427 3275 1223 3233 1227 3233 1436 3233 1222 3992 1223 3992 1427 3992 1423 3920 1222 3920 1427 3920 1222 3932 1423 3932 1426 3932 1425 3894 1222 3894 1426 3894 1062 2046 1425 2046 1313 2046 1062 2049 1222 2049 1425 2049 1467 302 1468 302 1474 302 1468 908 1473 908 1474 908 1464 672 1467 672 1474 672 1468 301 1466 301 1473 301 1466 739 1461 739 1473 739 1448 605 1454 605 1472 605 1409 517 1448 517 1472 517 1454 601 1460 601 1472 601 1460 400 1469 400 1472 400 1456 469 1464 469 1474 469 1465 484 1456 484 1474 484 1460 272 1463 272 1469 272 1463 963 1459 963 1469 963 1459 509 1452 509 1469 509 1461 550 1462 550 1473 550 1446 354 1456 354 1465 354 1317 532 1442 532 1465 532 1442 774 1446 774 1465 774 1445 326 1441 326 1469 326 1441 537 1314 537 1469 537 1452 876 1445 876 1469 876 1409 536 1443 536 1448 536 1409 732 1439 732 1443 732 1317 693 1438 693 1442 693 1437 569 1314 569 1441 569 1317 523 1434 523 1438 523 1409 724 1435 724 1439 724 1433 409 1314 409 1437 409 1409 312 1430 312 1435 312 1409 548 1314 548 1430 548 1430 738 1314 738 1433 738 1317 501 1424 501 1434 501 1062 538 1314 538 1409 538 1317 530 1062 530 1424 530 1062 549 1409 549 1424 549 1315 438 1062 438 1317 438 1063 539 1315 539 1316 539 1063 560 1062 560 1315 560 1062 546 1313 546 1314 546 1284 4428 1280 4428 1279 4428 1281 4434 1284 4434 1279 4434 1284 4405 1282 4405 1280 4405 1283 4399 1284 4399 1281 4399 1284 4255 1285 4255 1282 4255 1286 4228 1284 4228 1283 4228 1284 3451 1287 3451 1285 3451 1288 3395 1284 3395 1286 3395 1284 3286 1291 3286 1287 3286 1294 3261 1284 3261 1288 3261 1284 3106 1299 3106 1291 3106 1298 3104 1284 3104 1294 3104 1298 2995 1301 2995 1284 2995 1301 2912 1304 2912 1284 2912 1304 2887 1303 2887 1284 2887 1303 2952 1299 2952 1284 2952 1328 3492 1279 3492 1326 3492 1281 3458 1279 3458 1328 3458 1279 3445 1280 3445 1326 3445 1280 3362 1331 3362 1326 3362 1332 3335 1281 3335 1328 3335 1280 3292 1282 3292 1331 3292 1283 3253 1281 3253 1332 3253 1282 3080 1338 3080 1331 3080 1336 3078 1283 3078 1332 3078 1282 3040 1285 3040 1338 3040 1286 2994 1283 2994 1336 2994 1285 2847 1345 2847 1338 2847 1344 2850 1286 2850 1336 2850 1285 2832 1287 2832 1345 2832 1288 2696 1286 2696 1344 2696 1287 1887 1358 1887 1345 1887 1356 1916 1288 1916 1344 1916 1287 1826 1291 1826 1358 1826 1294 1720 1288 1720 1356 1720 1291 1483 1369 1483 1358 1483 1368 1504 1294 1504 1356 1504 1291 1460 1299 1460 1369 1460 1298 1456 1294 1456 1368 1456 1299 1241 1378 1241 1369 1241 1375 1268 1298 1268 1368 1268 1301 1208 1298 1208 1375 1208 1299 1145 1303 1145 1378 1145 1382 1101 1301 1101 1375 1101 1303 1028 1385 1028 1378 1028 1304 1054 1301 1054 1382 1054 1385 942 1304 942 1382 942 1303 952 1304 952 1385 952 1326 3694 1320 3694 1318 3694 1328 3551 1326 3551 1318 3551 1319 3752 1328 3752 1318 3752 1326 3775 1322 3775 1320 3775 1321 3644 1328 3644 1319 3644 1326 4033 1324 4033 1322 4033 1332 3806 1328 3806 1321 3806 1323 4049 1332 4049 1321 4049 1331 3619 1327 3619 1324 3619 1326 3623 1331 3623 1324 3623 1325 4038 1332 4038 1323 4038 1331 3814 1330 3814 1327 3814 1329 4072 1332 4072 1325 4072 1331 4112 1334 4112 1330 4112 1336 3859 1332 3859 1329 3859 1333 3910 1336 3910 1329 3910 1338 3687 1337 3687 1334 3687 1331 3996 1338 3996 1334 3996 1335 3655 1336 3655 1333 3655 1338 4011 1340 4011 1337 4011 1344 3640 1336 3640 1335 3640 1339 3641 1344 3641 1335 3641 1345 3546 1340 3546 1338 3546 1345 3540 1349 3540 1340 3540 1348 3598 1344 3598 1339 3598 1345 4111 1357 4111 1349 4111 1358 4041 1357 4041 1345 4041 1348 3697 1356 3697 1344 3697 1355 4078 1356 4078 1348 4078 1364 3696 1357 3696 1358 3696 1363 4048 1356 4048 1355 4048 1369 3960 1372 3960 1358 3960 1372 3776 1364 3776 1358 3776 1363 4029 1368 4029 1356 4029 1371 3723 1368 3723 1363 3723 1377 3975 1372 3975 1369 3975 1378 3585 1386 3585 1369 3585 1386 3587 1377 3587 1369 3587 1371 3581 1376 3581 1368 3581 1376 3781 1375 3781 1368 3781 1388 3670 1386 3670 1378 3670 1376 4139 1384 4139 1375 4139 1392 3595 1388 3595 1378 3595 1384 3966 1387 3966 1375 3966 1387 3922 1382 3922 1375 3922 1385 3560 1396 3560 1378 3560 1396 3596 1392 3596 1378 3596 1387 3545 1391 3545 1382 3545 1397 3591 1396 3591 1385 3591 1391 4105 1395 4105 1382 4105 1395 4109 1385 4109 1382 4109 1395 3574 1397 3574 1385 3574 1707 4429 1704 4429 1703 4429 1705 4433 1707 4433 1703 4433 1707 4404 1706 4404 1704 4404 1708 4384 1707 4384 1705 4384 1707 4257 1709 4257 1706 4257 1707 3450 1711 3450 1709 3450 1710 4177 1707 4177 1708 4177 1707 3285 1715 3285 1711 3285 1713 3307 1707 3307 1710 3307 1707 3116 1718 3116 1715 3116 1720 3126 1707 3126 1713 3126 1722 3017 1718 3017 1707 3017 1720 2997 1724 2997 1707 2997 1724 2913 1727 2913 1707 2913 1727 2886 1726 2886 1707 2886 1726 2945 1722 2945 1707 2945 1703 3482 1756 3482 1754 3482 1705 3460 1703 3460 1754 3460 1703 3446 1704 3446 1756 3446 1759 3348 1705 3348 1754 3348 1704 3309 1760 3309 1756 3309 1704 3290 1706 3290 1760 3290 1708 3232 1705 3232 1759 3232 1706 3054 1766 3054 1760 3054 1764 3077 1708 3077 1759 3077 1706 3039 1709 3039 1766 3039 1709 2846 1773 2846 1766 2846 1772 2853 1710 2853 1764 2853 1710 2881 1708 2881 1764 2881 1709 2831 1711 2831 1773 2831 1711 1886 1787 1886 1773 1886 1785 1920 1713 1920 1772 1920 1713 2011 1710 2011 1772 2011 1711 1825 1715 1825 1787 1825 1715 1484 1798 1484 1787 1484 1801 1477 1720 1477 1785 1477 1720 1534 1713 1534 1785 1534 1715 1480 1718 1480 1798 1480 1718 1273 1806 1273 1798 1273 1722 1135 1813 1135 1806 1135 1718 1275 1722 1275 1806 1275 1810 1183 1724 1183 1801 1183 1724 1227 1720 1227 1801 1227 1722 1129 1726 1129 1813 1129 1816 1026 1727 1026 1810 1026 1727 1055 1724 1055 1810 1055 1726 946 1816 946 1813 946 1726 940 1727 940 1816 940 1754 3525 1748 3525 1746 3525 1747 3667 1754 3667 1746 3667 1756 3981 1750 3981 1748 3981 1754 3841 1756 3841 1748 3841 1749 3705 1754 3705 1747 3705 1756 4065 1752 4065 1750 4065 1759 3835 1754 3835 1749 3835 1751 4027 1759 4027 1749 4027 1756 3609 1755 3609 1752 3609 1753 4005 1759 4005 1751 4005 1760 3732 1758 3732 1755 3732 1756 3698 1760 3698 1755 3698 1757 4037 1759 4037 1753 4037 1760 4127 1762 4127 1758 4127 1764 3768 1759 3768 1757 3768 1761 3783 1764 3783 1757 3783 1766 3624 1765 3624 1762 3624 1760 4039 1766 4039 1762 4039 1763 3646 1764 3646 1761 3646 1766 4028 1768 4028 1765 4028 1772 3729 1764 3729 1763 3729 1767 3724 1772 3724 1763 3724 1773 3550 1768 3550 1766 3550 1773 3542 1777 3542 1768 3542 1776 3557 1772 3557 1767 3557 1773 4113 1786 4113 1777 4113 1787 4010 1786 4010 1773 4010 1776 3709 1785 3709 1772 3709 1783 4115 1785 4115 1776 4115 1794 3692 1786 3692 1787 3692 1793 4054 1785 4054 1783 4054 1798 3961 1802 3961 1787 3961 1802 3770 1794 3770 1787 3770 1793 4015 1801 4015 1785 4015 1800 3625 1801 3625 1793 3625 1809 4034 1802 4034 1798 4034 1806 3603 1817 3603 1798 3603 1817 3604 1809 3604 1798 3604 1800 3549 1807 3549 1801 3549 1813 3565 1820 3565 1806 3565 1820 3567 1817 3567 1806 3567 1807 4114 1815 4114 1801 4114 1815 4080 1810 4080 1801 4080 1824 3711 1820 3711 1813 3711 1815 4060 1818 4060 1810 4060 1828 3793 1824 3793 1813 3793 1818 3628 1823 3628 1810 3628 1823 3706 1816 3706 1810 3706 1816 3636 1829 3636 1813 3636 1829 3745 1828 3745 1813 3745 1823 4098 1827 4098 1816 4098 1827 3663 1829 3663 1816 3663 1719 4439 1714 4439 1712 4439 1719 4409 1717 4409 1714 4409 1716 4420 1719 4420 1712 4420 1721 4339 1719 4339 1716 4339 1719 4273 1723 4273 1717 4273 1719 3421 1730 3421 1723 3421 1728 4175 1719 4175 1721 4175 1731 3306 1719 3306 1728 3306 1719 3189 1732 3189 1730 3189 1733 3125 1719 3125 1731 3125 1735 3003 1732 3003 1719 3003 1733 3018 1734 3018 1719 3018 1736 2895 1737 2895 1719 2895 1734 2930 1736 2930 1719 2930 1737 2898 1735 2898 1719 2898 1784 3487 1712 3487 1781 3487 1712 3589 1714 3589 1781 3589 1714 3423 1788 3423 1781 3423 1790 3367 1716 3367 1784 3367 1716 3408 1712 3408 1784 3408 1714 3330 1717 3330 1788 3330 1717 3236 1797 3236 1788 3236 1799 3204 1721 3204 1790 3204 1721 3209 1716 3209 1790 3209 1717 3027 1808 3027 1797 3027 1717 3051 1723 3051 1808 3051 1811 2974 1721 2974 1799 2974 1728 2883 1721 2883 1811 2883 1723 2793 1730 2793 1808 2793 1730 2663 1826 2663 1808 2663 1825 2584 1728 2584 1811 2584 1731 1992 1728 1992 1825 1992 1730 1598 1836 1598 1826 1598 1833 1614 1731 1614 1825 1614 1730 1586 1732 1586 1836 1586 1733 1532 1731 1532 1833 1532 1840 1397 1733 1397 1833 1397 1732 1280 1842 1280 1836 1280 1734 1300 1733 1300 1840 1300 1732 1245 1735 1245 1842 1245 1844 1158 1734 1158 1840 1158 1735 1083 1845 1083 1842 1083 1736 1117 1734 1117 1844 1117 1847 1014 1736 1014 1844 1014 1735 1027 1737 1027 1845 1027 1737 888 1847 888 1845 888 1737 983 1736 983 1847 983 1781 3964 1771 3964 1769 3964 1784 3991 1781 3991 1769 3991 1770 3608 1784 3608 1769 3608 1781 3704 1775 3704 1771 3704 1774 3637 1784 3637 1770 3637 1788 3771 1779 3771 1775 3771 1781 3792 1788 3792 1775 3792 1790 3735 1784 3735 1774 3735 1778 3825 1790 3825 1774 3825 1788 3607 1782 3607 1779 3607 1780 3948 1790 3948 1778 3948 1788 3740 1791 3740 1782 3740 1799 3809 1790 3809 1780 3809 1789 3808 1799 3808 1780 3808 1797 4101 1796 4101 1791 4101 1788 3753 1797 3753 1791 3753 1795 3790 1799 3790 1789 3790 1808 3618 1805 3618 1796 3618 1797 3676 1808 3676 1796 3676 1811 3733 1799 3733 1795 3733 1804 3626 1811 3626 1795 3626 1808 3962 1814 3962 1805 3962 1812 3720 1811 3720 1804 3720 1808 3539 1822 3539 1814 3539 1825 3617 1811 3617 1812 3617 1821 3586 1825 3586 1812 3586 1826 3671 1822 3671 1808 3671 1826 4119 1831 4119 1822 4119 1830 4073 1825 4073 1821 4073 1836 4051 1835 4051 1826 4051 1835 3912 1831 3912 1826 3912 1830 4102 1833 4102 1825 4102 1834 4070 1833 4070 1830 4070 1839 3684 1835 3684 1836 3684 1838 3616 1833 3616 1834 3616 1843 4075 1839 4075 1836 4075 1838 3555 1840 3555 1833 3555 1842 3678 1848 3678 1836 3678 1848 3786 1843 3786 1836 3786 1838 3562 1841 3562 1840 3562 1850 3860 1848 3860 1842 3860 1841 3931 1846 3931 1840 3931 1846 3997 1844 3997 1840 3997 1845 3686 1852 3686 1842 3686 1852 3751 1850 3751 1842 3751 1846 3559 1849 3559 1844 3559 1854 3718 1852 3718 1845 3718 1849 3710 1851 3710 1844 3710 1851 3668 1847 3668 1844 3668 1847 4058 1855 4058 1845 4058 1855 3703 1854 3703 1845 3703 1851 3757 1853 3757 1847 3757 1853 4045 1855 4045 1847 4045 1297 4435 1290 4435 1289 4435 1292 4430 1297 4430 1289 4430 1297 4414 1293 4414 1290 4414 1297 4402 1295 4402 1293 4402 1296 4398 1297 4398 1292 4398 1297 4256 1300 4256 1295 4256 1302 4227 1297 4227 1296 4227 1297 3422 1305 3422 1300 3422 1306 3381 1297 3381 1302 3381 1297 3187 1308 3187 1305 3187 1307 3228 1297 3228 1306 3228 1309 3055 1297 3055 1307 3055 1310 3004 1308 3004 1297 3004 1309 2983 1311 2983 1297 2983 1311 2891 1312 2891 1297 2891 1312 2897 1310 2897 1297 2897 1289 3495 1290 3495 1353 3495 1290 3437 1360 3437 1353 3437 1359 3452 1292 3452 1353 3452 1292 3444 1289 3444 1353 3444 1290 3371 1293 3371 1360 3371 1366 3289 1292 3289 1359 3289 1293 3282 1295 3282 1360 3282 1295 3219 1370 3219 1360 3219 1296 3248 1292 3248 1366 3248 1295 3041 1300 3041 1370 3041 1300 2972 1380 2972 1370 2972 1379 2988 1302 2988 1366 2988 1302 2990 1296 2990 1366 2990 1300 2795 1305 2795 1380 2795 1305 2573 1394 2573 1380 2573 1393 2588 1306 2588 1379 2588 1306 2674 1302 2674 1379 2674 1305 1615 1402 1615 1394 1615 1400 1619 1307 1619 1393 1619 1307 1646 1306 1646 1393 1646 1305 1588 1308 1588 1402 1588 1308 1368 1407 1368 1402 1368 1406 1404 1309 1404 1400 1404 1309 1428 1307 1428 1400 1428 1308 1246 1310 1246 1407 1246 1411 1164 1311 1164 1406 1164 1311 1167 1309 1167 1406 1167 1310 1106 1412 1106 1407 1106 1414 1015 1311 1015 1411 1015 1310 1025 1312 1025 1412 1025 1312 889 1414 889 1412 889 1312 990 1311 990 1414 990 1353 4068 1343 4068 1341 4068 1342 4052 1353 4052 1341 4052 1353 3673 1347 3673 1343 3673 1359 3800 1353 3800 1342 3800 1346 3656 1359 3656 1342 3656 1360 3713 1351 3713 1347 3713 1353 3730 1360 3730 1347 3730 1350 3654 1359 3654 1346 3654 1360 3592 1354 3592 1351 3592 1366 3933 1359 3933 1350 3933 1352 3978 1366 3978 1350 3978 1360 3734 1362 3734 1354 3734 1361 4019 1366 4019 1352 4019 1370 4099 1367 4099 1362 4099 1360 4004 1370 4004 1362 4004 1365 3741 1366 3741 1361 3741 1370 3621 1374 3621 1367 3621 1379 3717 1366 3717 1365 3717 1373 3665 1379 3665 1365 3665 1380 3953 1374 3953 1370 3953 1380 3998 1383 3998 1374 3998 1381 3699 1379 3699 1373 3699 1380 3541 1390 3541 1383 3541 1393 3634 1379 3634 1381 3634 1389 3575 1393 3575 1381 3575 1394 3566 1390 3566 1380 3566 1394 4124 1399 4124 1390 4124 1398 4073 1393 4073 1389 4073 1402 4047 1403 4047 1394 4047 1403 3779 1399 3779 1394 3779 1398 4094 1400 4094 1393 4094 1401 4016 1400 4016 1398 4016 1405 3787 1403 3787 1402 3787 1404 3685 1400 3685 1401 3685 1407 4023 1410 4023 1402 4023 1410 4064 1405 4064 1402 4064 1404 3570 1406 3570 1400 3570 1415 3548 1410 3548 1407 3548 1404 3602 1408 3602 1406 3602 1417 3893 1415 3893 1407 3893 1408 3857 1413 3857 1406 3857 1413 4036 1411 4036 1406 4036 1412 3679 1419 3679 1407 3679 1419 3951 1417 3951 1407 3951 1413 4129 1416 4129 1411 4129 1421 3677 1419 3677 1412 3677 1416 3593 1418 3593 1411 3593 1418 3611 1414 3611 1411 3611 1414 4044 1422 4044 1412 4044 1422 3661 1421 3661 1412 3661 1418 3660 1420 3660 1414 3660 1420 4008 1422 4008 1414 4008</p>
        </triangles>
      </mesh>
    </geometry>
  </library_geometries>
  <library_visual_scenes>
    <visual_scene id="Scene" name="Scene">
      <node id="Object" name="Object" type="NODE">
        <instance_geometry url="#geometry">
          <bind_material>
            <technique_common>
              <instance_material symbol="MATERIAL" target="#mat" />
            </technique_common>
          </bind_material>
        </instance_geometry>
      </node>
    </visual_scene>
  </library_visual_scenes>
  <scene>
    <instance_visual_scene url="#Scene" />
  </scene>
</COLLADA>