<?xml version='1.0' encoding='utf-8'?>
<COLLADA xmlns="http://www.collada.org/2005/11/COLLADASchema" version="1.4.1">
  <asset>
    <contributor>
      <authoring_tool>RM27 reviewed Blender visual export</authoring_tool>
    </contributor>
    <created>2026-10-07T00:00:00Z</created>
    <modified>2026-10-07T00:00:00Z</modified>
    <unit name="meter" meter="1" />
    <up_axis>Z_UP</up_axis>
  </asset>
  <library_effects>
    <effect id="fx">
      <profile_COMMON>
        <technique sid="common">
          <phong>
            <emission>
              <color>0 0 0 1</color>
            </emission>
            <ambient>
              <color>1 0.792156863 0 1</color>
            </ambient>
            <diffuse>
              <color>1 0.792156863 0 1</color>
            </diffuse>
            <specular>
              <color>0.08 0.08 0.08 1</color>
            </specular>
            <shininess>
              <float>12</float>
            </shininess>
          </phong>
        </technique>
      </profile_COMMON>
    </effect>
  </library_effects>
  <library_materials>
    <material id="mat" name="source_color">
      <instance_effect url="#fx" />
    </material>
  </library_materials>
  <library_geometries>
    <geometry id="geometry" name="geometry">
      <mesh>
        <source id="positions">
          <float_array id="positions-array" count="16008">-13.1188879013 -5.01358747482 -0.63525390625 -13.1188879013 -4.78780555725 -0.51037311554 -13.1188869476 -4.78973245621 -0.635788738728 -13.1188793182 -5.01464414597 -0.566660881042 -13.1185493469 -4.78977775574 -0.510524630547 -13.1185483932 -5.01266336441 -0.56721675396 -13.1185483932 -4.79169416428 -0.635226070881 -13.1185464859 -5.01162052155 -0.635121464729 -13.118350029 -5.01364707947 -0.637586116791 -13.1179599762 -5.01280403137 -0.564803183079 -13.1178674698 -4.78961229324 -0.507527649403 -13.1177806854 -5.01170682907 -0.638230085373 -13.1177721024 -4.78754997253 -0.506498634815 -13.1176586151 -4.79158973694 -0.638501286507 -13.1172389984 -5.01499414444 -0.562627971172 -13.117184639 -5.01381444931 -0.639991939068 -13.1169710159 -4.78946685791 -0.640393674374 -13.1167163849 -5.01305866241 -0.562345981598 -13.1162700653 -4.78929042816 -0.504828155041 -13.11602211 -5.01197195053 -0.64101266861 -13.1158151627 -4.79130744934 -0.641237854958 -13.1154203415 -5.01534509659 -0.560617625713 -13.1152906418 -4.78706932068 -0.503538489342 -13.1142482758 -5.01428556442 -0.64293384552 -13.1139268875 -4.7888469696 -0.502768218517 -13.1137952805 -4.7889509201 -0.64313262701 -13.1135387421 -5.01366281509 -0.559379637241 -13.1134347916 -5.01239538193 -0.643111109734 -13.1134176254 -5.01571750641 -0.559231817722 -13.1133203506 -4.79089832306 -0.643161356449 -13.1118087769 -4.78642654419 -0.501618623734 -13.1110315323 -4.78832006454 -0.501525402069 -13.0288295746 -4.96455621719 -0.720872998238 -13.0288295746 -4.96455621719 -0.710581719875 -13.0288295746 -4.95830583572 -0.720872998238 -13.0288295746 -4.95830583572 -0.713581621647 -13.0288295746 -4.95480585098 -0.720872998238 -13.0288295746 -4.95480585098 -0.713581621647 -13.0288295746 -4.94855690002 -0.720872998238 -13.0288295746 -4.94855690002 -0.710581719875 -13.0288295746 -4.85475587845 -0.720872998238 -13.0288295746 -4.85475587845 -0.710581719875 -13.0288295746 -4.84850597382 -0.720872998238 -13.0288295746 -4.84850597382 -0.713581621647 -13.0288295746 -4.84500598907 -0.720872998238 -13.0288295746 -4.84500598907 -0.713581621647 -13.0288295746 -4.83875608444 -0.720872998238 -13.0288295746 -4.83875608444 -0.710581719875 -13.0279970169 -4.96121358871 -0.713581621647 -13.0279970169 -4.84141397476 -0.713581621647 -13.0278720856 -4.9609041214 -0.710581719875 -13.0278720856 -4.85240888596 -0.713581621647 -13.0278720856 -4.84110403061 -0.710581719875 -13.027844429 -4.95209980011 -0.713581383228 -13.027712822 -4.95046901703 -0.710581719875 -13.027712822 -4.850669384 -0.710581719875 -13.0276374817 -4.85164070129 -0.713581442833 -13.0276031494 -4.96186590195 -0.713581621647 -13.027598381 -4.95268583298 -0.710581719875 -13.027598381 -4.85288572311 -0.710581719875 -13.027598381 -4.84288549423 -0.710581719875 -13.0275974274 -4.96268606186 -0.710581719875 -13.0275974274 -4.85062599182 -0.713581621647 -13.0275697708 -4.84143352509 -0.713581562042 -13.0275506973 -4.951816082 -0.72012257576 -13.0275506973 -4.85149717331 -0.720122635365 -13.0275497437 -4.96181678772 -0.720122456551 -13.0275449753 -4.96124124527 -0.72011256218 -13.0275440216 -4.95123958588 -0.720112323761 -13.0275440216 -4.84160804749 -0.720138788223 -13.0275173187 -4.95030355453 -0.713581621647 -13.0274591446 -4.85219955444 -0.720092773438 -13.0274305344 -4.84233236313 -0.720054209232 -13.0273599625 -4.9523897171 -0.713581740856 -13.0273599625 -4.84258890152 -0.713581740856 -13.0273389816 -4.96230792999 -0.719985544682 -13.027338028 -4.95230817795 -0.719985485077 -13.0273256302 -4.96289873123 -0.713581621647 -13.0273256302 -4.84309864044 -0.713581621647 -13.0272569656 -4.96074724197 -0.719953298569 -13.027256012 -4.95074558258 -0.719952464104 -13.027256012 -4.85094594955 -0.719952523708 -13.027256012 -4.84094572067 -0.719952642918 -13.027048111 -4.85070085526 -0.713581562042 -13.0269937515 -4.96019124985 -0.713581621647 -13.0268917084 -4.85305976868 -0.713581502438 -13.0268745422 -4.96272850037 -0.719706892967 -13.0268745422 -4.95272874832 -0.719706833363 -13.0268745422 -4.85292863846 -0.719706714153 -13.0268745422 -4.84292840958 -0.719706714153 -13.0268440247 -4.84043979645 -0.713581621647 -13.0268297195 -4.96655702591 -0.719685971737 -13.0268297195 -4.96655702591 -0.710581719875 -13.0268297195 -4.94655609131 -0.719685971737 -13.0268297195 -4.94655609131 -0.710581719875 -13.0268297195 -4.85675621033 -0.719685971737 -13.0268297195 -4.85675621033 -0.710581719875 -13.0268297195 -4.8367562294 -0.719685971737 -13.0268297195 -4.8367562294 -0.710581719875 -13.0268068314 -4.95999622345 -0.710581719875 -13.0268068314 -4.84019613266 -0.710581719875 -13.0266752243 -4.95025110245 -0.713581502438 -13.0265283585 -4.96026754379 -0.719500243664 -13.0265264511 -4.95026874542 -0.719498991966 -13.0265245438 -4.840467453 -0.719498336315 -13.0265226364 -4.85046672821 -0.719496905804 -13.026506424 -4.96289110184 -0.713581621647 -13.0263872147 -4.95324993134 -0.713581621647 -13.0263080597 -4.96023273468 -0.713581621647 -13.0261554718 -4.95283079147 -0.713581621647 -13.0261535645 -4.84302949905 -0.713581621647 -13.0261497498 -4.85337495804 -0.710581719875 -13.0260896683 -4.85049343109 -0.713581621647 -13.0258769989 -4.94999408722 -0.713581621647 -13.0258216858 -4.85019254684 -0.710581719875 -13.0256929398 -4.85283327103 -0.719004809856 -13.0256576538 -4.85070943832 -0.718983352184 -13.0255689621 -4.85021495819 -0.713581621647 -13.0255680084 -4.96309709549 -0.710581719875 -13.0255680084 -4.8432970047 -0.710581719875 -13.0255670547 -4.95309686661 -0.710581719875 -13.0255336761 -4.95006608963 -0.710581719875 -13.0255336761 -4.8432469368 -0.713581621647 -13.0255327225 -4.96304655075 -0.713581621647 -13.025472641 -4.9624414444 -0.71886152029 -13.0254716873 -4.95244121552 -0.718861222267 -13.0254716873 -4.84264087677 -0.718861103058 -13.0254526138 -4.96011304855 -0.713581621647 -13.0254526138 -4.84031248093 -0.713581621647 -13.0254507065 -4.950715065 -0.718843638897 -13.0254507065 -4.84091567993 -0.718843281269 -13.0254497528 -4.96071720123 -0.718842506409 -13.0254201889 -4.96016311646 -0.710581719875 -13.0254201889 -4.85315036774 -0.713581621647 -13.0254201889 -4.84036302567 -0.710581719875 -13.0253744125 -4.85271501541 -0.713581562042 -13.0252428055 -4.85118484497 -0.71872395277 -13.0252361298 -4.84098625183 -0.713581740856 -13.0252351761 -4.85224676132 -0.718701720238 -13.0252046585 -4.95218801498 -0.713581621647 -13.0251541138 -4.9610118866 -0.713581740856 -13.0251541138 -4.85121202469 -0.713581681252 -13.0251312256 -4.84207010269 -0.71866607666 -13.0251302719 -4.96187019348 -0.71866607666 -13.0251302719 -4.95186901093 -0.718665838242 -13.0251207352 -4.95129871368 -0.718655824661 -13.0251197815 -4.9612994194 -0.718655705452 -13.0251197815 -4.84149932861 -0.718655824661 -13.0250930786 -4.85170507431 -0.718644678593 -13.0250673294 -4.95086956024 -0.713581979275 -13.024933815 -4.85266590118 -0.710581719875 -13.0248422623 -4.95230579376 -0.713581621647 -13.0248298645 -4.84190607071 -0.71358191967 -13.0248289108 -4.96170568466 -0.713581860065 -13.0248041153 -4.851146698 -0.710581719875 -13.0246906281 -4.9615073204 -0.710581719875 -13.0246906281 -4.95150756836 -0.710581719875 -13.0246906281 -4.85180568695 -0.713581621647 -13.0246906281 -4.84170722961 -0.710581719875 -13.0238304138 -4.96270608902 -0.71790522337 -13.0238304138 -4.95830583572 -0.717905521393 -13.0238304138 -4.95830583572 -0.713581621647 -13.0238304138 -4.95480585098 -0.717905521393 -13.0238304138 -4.95480585098 -0.713581621647 -13.0238304138 -4.84850597382 -0.717905521393 -13.0238304138 -4.84850597382 -0.713581621647 -13.0238304138 -4.84500598907 -0.717905521393 -13.0238304138 -4.84500598907 -0.713581621647 -13.0238275528 -4.95035648346 -0.717904686928 -13.0238275528 -4.84055566788 -0.717904686928 -13.0238256454 -4.85295581818 -0.717904686928 -13.0238208771 -4.96311998367 -0.713581681252 -13.0238199234 -4.95009469986 -0.713581621647 -13.0238199234 -4.85330247879 -0.713581621647 -13.0238199234 -4.84029531479 -0.713581621647 -13.0236978531 -4.96328496933 -0.71782964468 -13.0236721039 -4.94975709915 -0.717810511589 -13.0236711502 -4.85356092453 -0.717809259892 -13.0236711502 -4.8399553299 -0.717809915543 -13.0235500336 -4.90819311142 -0.67558157444 -13.0235500336 -4.89512014389 -0.705581724644 -13.0235500336 -4.89512014389 -0.67558157444 -13.0235233307 -4.90826416016 -0.705805003643 -13.0232830048 -4.96389865875 -0.717595458031 -13.0232467651 -4.83939838409 -0.717581927776 -13.0232458115 -4.94919633865 -0.717581093311 -13.0232410431 -4.85413169861 -0.717575252056 -13.022939682 -4.89030313492 -0.717374205589 -13.022939682 -4.89022016525 -0.717376828194 -13.022939682 -4.89022016525 -0.707581698895 -13.022939682 -4.89013719559 -0.717375278473 -13.0229301453 -4.89038515091 -0.717367589474 -13.0229301453 -4.89038515091 -0.707581698895 -13.0229301453 -4.89005422592 -0.717369675636 -13.0229301453 -4.89005422592 -0.707581698895 -13.0229101181 -4.89046621323 -0.717356801033 -13.0228900909 -4.89054584503 -0.717342197895 -13.0228900909 -4.89054584503 -0.707581698895 -13.0228500366 -4.89062309265 -0.717323601246 -13.0228204727 -4.89069700241 -0.717301309109 -13.0228204727 -4.89069700241 -0.707581698895 -13.0227203369 -4.89083480835 -0.717246174812 -13.0227203369 -4.89083480835 -0.707581698895 -13.0226821899 -4.94860649109 -0.713581621647 -13.0226812363 -4.83880567551 -0.713581621647 -13.0226097107 -4.89095592499 -0.717178285122 -13.0226097107 -4.89095592499 -0.707581698895 -13.0225772858 -4.8547205925 -0.713581621647 -13.0225696564 -4.96452188492 -0.713581621647 -13.022480011 -4.89105510712 -0.717099487782 -13.022480011 -4.89105510712 -0.707581698895 -13.0224227905 -4.96448850632 -0.71706956625 -13.0223302841 -4.89113092422 -0.717011928558 -13.0223302841 -4.89113092422 -0.707581698895 -13.0222349167 -4.94858074188 -0.716958999634 -13.0222330093 -4.85473251343 -0.716957509518 -13.0222301483 -4.83877944946 -0.716956198215 -13.0221700668 -4.89118289948 -0.716918110847 -13.0221700668 -4.89118289948 -0.707581698895 -13.0220899582 -4.89119815826 -0.707581698895 -13.0220098495 -4.89120721817 -0.716820597649 -13.0220098495 -4.89120721817 -0.707667171955 -13.0218801498 -4.89120721817 -0.707789719105 -13.0218400955 -4.89120388031 -0.716721892357 -13.0218400955 -4.89120388031 -0.707830905914 -13.0217428207 -4.90547943115 -0.682581722736 -13.0217399597 -4.90537977219 -0.704581618309 -13.0216798782 -4.89117193222 -0.716625094414 -13.0216703415 -4.89117002487 -0.707995593548 -13.0215301514 -4.89077711105 -0.70808172226 -13.0215215683 -4.89111661911 -0.708134710789 -13.0215196609 -4.8911151886 -0.7165325284 -13.0213804245 -4.90977716446 -0.682581722736 -13.0213804245 -4.89103317261 -0.716446995735 -13.0213680267 -4.89102554321 -0.708276391029 -13.02135849 -4.89313030243 -0.682581722736 -13.0212898254 -4.89278793335 -0.704581618309 -13.0212841034 -4.88233423233 -0.705803334713 -13.0212802887 -4.92106819153 -0.705581724644 -13.0212802887 -4.92106819153 -0.67558157444 -13.0212802887 -4.88224506378 -0.67558157444 -13.0212497711 -4.89092683792 -0.71637070179 -13.0212497711 -4.89092588425 -0.708378314972 -13.0211496353 -4.89081811905 -0.708458125591 -13.0211400986 -4.89080286026 -0.708466887474 -13.0211400986 -4.89080190659 -0.716305673122 -13.0210895538 -4.8907327652 -0.716278076172 -13.0210571289 -4.89067316055 -0.708529651165 -13.0210504532 -4.89066076279 -0.716253995895 -13.0210199356 -4.89059495926 -0.708552181721 -13.0210199356 -4.89058494568 -0.716233491898 -13.0209903717 -4.89050722122 -0.716216921806 -13.0209798813 -4.89047861099 -0.708575069904 -13.0209598541 -4.89036417007 -0.716197013855 -13.0209598541 -4.89036417007 -0.708581626415 -13.0206804276 -4.88013505936 -0.716033577919 -13.0206804276 -4.88013505936 -0.707581698895 -13.0200099945 -4.9178609848 -0.704581618309 -13.0199689865 -4.91810083389 -0.682581722736 -13.0198497772 -4.88474988937 -0.715540587902 -13.0192604065 -4.87893295288 -0.707581698895 -13.0190753937 -4.95618486404 -0.712081611156 -13.0190725327 -4.84614181519 -0.712081611156 -13.0190525055 -4.95741796494 -0.713581621647 -13.0190525055 -4.84761857986 -0.713581621647 -13.0188446045 -4.88085985184 -0.682581722736 -13.0186901093 -4.88045978546 -0.704581618309 -13.018371582 -4.95478916168 -0.713581621647 -13.018368721 -4.8449845314 -0.713581621647 -13.0183095932 -4.87924003601 -0.708581626415 -13.0182266235 -4.95851993561 -0.712081611156 -13.0182256699 -4.84872102737 -0.712081611156 -13.0181798935 -4.87884616852 -0.714549124241 -13.0178489685 -5.03090715408 -0.6631539464 -13.0178384781 -4.77242040634 -0.664273738861 -13.0175876617 -4.95413255692 -0.712081551552 -13.0174665451 -4.90369558334 -0.677581608295 -13.0174617767 -5.02893257141 -0.663921654224 -13.0174360275 -4.77437782288 -0.664091467857 -13.0173835754 -4.90116786957 -0.682581543922 -13.0173053741 -4.77229547501 -0.662307858467 -13.0171298981 -4.90320920944 -0.682581603527 -13.0171098709 -4.8706111908 -0.713913083076 -13.0171098709 -4.8706111908 -0.707581698895 -13.0171070099 -5.02901887894 -0.662399053574 -13.0170936584 -5.03100776672 -0.665289640427 -13.0170488358 -4.90518188477 -0.67558157444 -13.0169458389 -4.77426195145 -0.662153244019 -13.0168104172 -4.93335294724 -0.67558157444 -13.0168104172 -4.86995983124 -0.67558157444 -13.0168066025 -4.93332147598 -0.705806076527 -13.0168037415 -4.86997890472 -0.705809831619 -13.0166893005 -5.02904748917 -0.665271639824 -13.0165739059 -4.77424478531 -0.665303468704 -13.0165500641 -4.96455621719 -0.713581621647 -13.0165500641 -4.95933675766 -0.713582754135 -13.0165500641 -4.95385169983 -0.713581204414 -13.0165500641 -4.94855690002 -0.713581621647 -13.0165500641 -4.85475587845 -0.713581621647 -13.0165500641 -4.84953594208 -0.713582634926 -13.0165500641 -4.84406661987 -0.713581860065 -13.0165500641 -4.83875608444 -0.713581621647 -13.0165452957 -4.90467405319 -0.682581603527 -13.0165452957 -4.89863824844 -0.682581603527 -13.0165071487 -4.84392023087 -0.712081730366 -13.016169548 -4.92986011505 -0.704581618309 -13.0160999298 -4.93001508713 -0.682581603527 -13.0159215927 -4.77210617065 -0.665738403797 -13.0158815384 -5.03127861023 -0.661502063274 -13.0158729553 -4.77203369141 -0.661565124989 -13.0157899857 -4.95928287506 -0.712081611156 -13.0157899857 -4.84948348999 -0.712081611156 -13.0157756805 -5.02926492691 -0.661611497402 -13.0156602859 -4.95786046982 -0.690372288227 -13.0156469345 -4.95781040192 -0.68574565649 -13.0154333115 -4.95398950577 -0.712081491947 -13.0154247284 -5.03129577637 -0.665652811527 -13.0152273178 -4.89675283432 -0.677581608295 -13.015209198 -4.91837787628 -0.682581603527 -13.015209198 -4.88602638245 -0.682581603527 -13.0152082443 -4.90627145767 -0.682581603527 -13.0152044296 -4.89703798294 -0.682581603527 -13.0151720047 -5.02930879593 -0.665639817715 -13.0151510239 -4.95416164398 -0.712751865387 -13.0151443481 -4.7739367485 -0.661598920822 -13.0151195526 -4.91679096222 -0.682581603527 -13.0151195526 -4.88443803787 -0.682581603527 -13.0150690079 -4.77398633957 -0.665660917759 -13.0150098801 -4.84451580048 -0.712651133537 -13.0149974823 -4.95539093018 -0.693655371666 -13.0148763657 -4.95493984222 -0.682812929153 -13.0148496628 -4.86821508408 -0.707581698895 -13.0147237778 -4.89615058899 -0.67558157444 -13.0146503448 -4.92039966583 -0.682581603527 -13.0146503448 -4.88804626465 -0.682581603527 -13.0146503448 -4.88291406631 -0.682581603527 -13.0146493912 -4.91526651382 -0.682581603527 -13.0146360397 -4.848549366 -0.71237385273 -13.014632225 -4.95834541321 -0.712371230125 -13.014383316 -4.84531259537 -0.712191402912 -13.0143823624 -4.95511388779 -0.712190747261 -13.0143690109 -4.77178001404 -0.662243187428 -13.0143289566 -4.77181625366 -0.665043115616 -13.0142660141 -5.02952384949 -0.66197437048 -13.0142660141 -4.86920928955 -0.682581603527 -13.0141201019 -4.90090894699 -0.682581603527 -13.0140199661 -4.95859336853 -0.712278902531 -13.0140199661 -4.95526218414 -0.71208190918 -13.0140199661 -4.84879732132 -0.71227991581 -13.0140199661 -4.84546136856 -0.712081968784 -13.0140123367 -5.03155851364 -0.664648532867 -13.0140104294 -5.03158903122 -0.662736952305 -13.013999939 -4.86876392365 -0.704581618309 -13.0139598846 -4.8686671257 -0.712042093277 -13.0139598846 -4.8686671257 -0.708581626415 -13.0138444901 -5.02955389023 -0.664855062962 -13.0138168335 -4.77371644974 -0.662432789803 -13.0137710571 -4.77169561386 -0.663600802422 -13.0134963989 -4.77369022369 -0.664320111275 -13.0134878159 -5.02964019775 -0.663329541683 -13.0134725571 -4.88123273849 -0.682581603527 -13.0134687424 -4.91358184814 -0.682581603527 -13.013466835 -4.88973331451 -0.682581603527 -13.0134658813 -4.92208576202 -0.682581603527 -13.0134429932 -4.94959163666 -0.693707764149 -13.0134096146 -4.93964290619 -0.711716771126 -13.0134096146 -4.93955993652 -0.711720824242 -13.0134096146 -4.93955993652 -0.707581698895 -13.0134096146 -4.93947792053 -0.711720824242 -13.0134096146 -4.93939495087 -0.711716771126 -13.0134096146 -4.93939495087 -0.707581698895 -13.0133934021 -4.89599657059 -0.682581543922 -13.0133895874 -4.93972396851 -0.711708724499 -13.0133895874 -4.93972396851 -0.707581698895 -13.0133895874 -4.93931293488 -0.711708724499 -13.0133857727 -4.90731906891 -0.682581663132 -13.0133800507 -4.90369701385 -0.682581603527 -13.0133695602 -4.93980407715 -0.711696684361 -13.0133695602 -4.93923282623 -0.711696684361 -13.0133695602 -4.93923282623 -0.707581698895 -13.0133495331 -4.93988180161 -0.711680829525 -13.0133495331 -4.93988180161 -0.707581698895 -13.0133495331 -4.93915510178 -0.711680710316 -13.0133304596 -4.94917964935 -0.683136582375 -13.0133104324 -4.93995809555 -0.711661100388 -13.0133104324 -4.93908023834 -0.711660981178 -13.0133104324 -4.93908023834 -0.707581698895 -13.0132799149 -4.94003105164 -0.711637794971 -13.0132799149 -4.94003105164 -0.707581698895 -13.0132703781 -4.93900680542 -0.711637616158 -13.0132303238 -4.93893814087 -0.711610794067 -13.0132303238 -4.93893814087 -0.707581698895 -13.0131196976 -4.93881177902 -0.711547374725 -13.0131196976 -4.93881177902 -0.707581698895 -13.0129995346 -4.9387049675 -0.711472570896 -13.0129995346 -4.9387049675 -0.707581698895 -13.0129203796 -4.93865585327 -0.707581698895 -13.0128498077 -4.93862104416 -0.711388409138 -13.0128498077 -4.93862104416 -0.707657217979 -13.0127630234 -4.94704961777 -0.686343312263 -13.012755394 -4.94703626633 -0.690252959728 -13.0127000809 -4.93856096268 -0.711297094822 -13.0127000809 -4.93856096268 -0.707820773125 -13.0125398636 -4.93852710724 -0.711201012135 -13.0125398636 -4.93852710724 -0.707977712154 -13.0123701096 -4.93851995468 -0.711103081703 -13.0123701096 -4.93851995468 -0.708123803139 -13.0122804642 -4.86165904999 -0.711047410965 -13.0122804642 -4.86165904999 -0.707581698895 -13.0122404099 -4.93883514404 -0.70808160305 -13.0122404099 -4.91783380508 -0.67558157444 -13.0122098923 -4.93854093552 -0.711005926132 -13.0122098923 -4.93854093552 -0.708255171776 -13.0122098923 -4.92302799225 -0.682581603527 -13.0122098923 -4.88028383255 -0.682581603527 -13.0121622086 -4.88471126556 -0.67558157444 -13.0120801926 -4.92536878586 -0.682581603527 -13.0120801926 -4.89886808395 -0.682581603527 -13.012049675 -4.9385881424 -0.710911929607 -13.012049675 -4.9385881424 -0.708368182182 -13.012049675 -4.88651418686 -0.67558157444 -13.0119819641 -4.76866579056 -0.486940592527 -13.0119800568 -4.93862009048 -0.708415925503 -13.011926651 -4.91655254364 -0.67558157444 -13.01192379 -4.91911840439 -0.67558157444 -13.0118999481 -4.93866014481 -0.710823893547 -13.0118999481 -4.93866014481 -0.708459496498 -13.0118303299 -4.9387049675 -0.708495914936 -13.0117950439 -4.77066516876 -0.486937701702 -13.0117702484 -4.93875598907 -0.710744082928 -13.0117702484 -4.93875598907 -0.708526670933 -13.0117645264 -4.91237783432 -0.682581663132 -13.0117588043 -4.89093732834 -0.682581603527 -13.0117101669 -4.93881177902 -0.708550512791 -13.0116500854 -4.93887281418 -0.710674881935 -13.0116500854 -4.93887281418 -0.708567798138 -13.0116462708 -4.94273614883 -0.682582318783 -13.011633873 -4.94267511368 -0.705875217915 -13.0115995407 -4.93893814087 -0.708578109741 -13.0115604401 -4.93900680542 -0.710617899895 -13.0115604401 -4.93900680542 -0.708581626415 -13.0115003586 -4.96655702591 -0.710581600666 -13.0115003586 -4.94655609131 -0.710581600666 -13.0115003586 -4.85675621033 -0.710581898689 -13.0115003586 -4.8367562294 -0.710581600666 -13.0113353729 -4.90767812729 -0.682581603527 -13.0113344193 -4.89563322067 -0.682581603527 -13.0111408234 -4.91550207138 -0.67558157444 -13.0111408234 -4.88781023026 -0.67558157444 -13.011138916 -4.8831486702 -0.67558157444 -13.0111379623 -4.92016601562 -0.67558157444 -13.0107727051 -4.92364835739 -0.682581603527 -13.0107650757 -4.8796620369 -0.682581603527 -13.0105895996 -4.90444517136 -0.682581603527 -13.010389328 -4.90805006027 -0.677581608295 -13.0102701187 -4.94467401505 -0.67558157444 -13.0102701187 -4.85863780975 -0.705581605434 -13.0102701187 -4.85863780975 -0.67558157444 -13.0101442337 -4.94166660309 -0.682583153248 -13.0100269318 -4.94157171249 -0.704599678516 -13.009976387 -4.91492128372 -0.67558157444 -13.0097322464 -4.91183328629 -0.682581603527 -13.0097322464 -4.89147949219 -0.682581603527 -13.0096197128 -4.94558811188 -0.709469676018 -13.0095701218 -4.85765600204 -0.709440410137 -13.0094738007 -4.88243579865 -0.67558157444 -13.0094709396 -4.88852500916 -0.67558157444 -13.0094671249 -4.92087745667 -0.67558157444 -13.0092897415 -4.89961481094 -0.682581603527 -13.0092840195 -4.90731906891 -0.682581603527 -13.0092763901 -4.89599657059 -0.682581603527 -13.0091552734 -4.93199634552 -0.67558157444 -13.0091552734 -4.86949634552 -0.67558157444 -13.0090913773 -5.03261518478 -0.520052492619 -13.0090837479 -5.03464698792 -0.519951581955 -13.0090513229 -4.93108081818 -0.677581608295 -13.0090513229 -4.86858081818 -0.677581608295 -13.0089139938 -4.93388080597 -0.682581603527 -13.0089139938 -4.87138080597 -0.682581603527 -13.0088434219 -4.93165445328 -0.682581603527 -13.0088434219 -4.86915445328 -0.682581603527 -13.0088329315 -5.03264713287 -0.5198559165 -13.0088195801 -4.85831689835 -0.707581698895 -13.008685112 -4.92383289337 -0.682581603527 -13.0086765289 -4.87948036194 -0.682581603527 -13.0086717606 -4.91485023499 -0.67558157444 -13.0085496902 -4.90240287781 -0.682581603527 -13.0081710815 -4.93593025208 -0.682581603527 -13.0081710815 -4.92988204956 -0.682581603527 -13.0081710815 -4.87343025208 -0.682581603527 -13.0081710815 -4.86738204956 -0.682581603527 -13.0081596375 -4.91192388535 -0.682581603527 -13.0081596375 -4.89138889313 -0.682581603527 -13.0081300735 -4.94424390793 -0.708581626415 -13.0081300735 -4.85906791687 -0.708581626415 -13.0079469681 -4.89615058899 -0.677581608295 -13.0079460144 -4.90716171265 -0.67558157444 -13.0077514648 -4.85848236084 -0.682581603527 -13.0077009201 -4.88810777664 -0.67558157444 -13.0077009201 -4.88285207748 -0.67558157444 -13.007478714 -4.91536903381 -0.67558157444 -13.0074653625 -4.89703798294 -0.682581603527 -13.0074615479 -4.90627145767 -0.682581603527 -13.0074567795 -4.92033720016 -0.67558157444 -13.0074100494 -4.90165615082 -0.708158493042 -13.0073795319 -4.85804700851 -0.704581618309 -13.0072097778 -4.93714904785 -0.682581603527 -13.0072097778 -4.92866420746 -0.682581603527 -13.0072097778 -4.87464904785 -0.682581603527 -13.0072097778 -4.86616420746 -0.682581603527 -13.0071697235 -4.90505886078 -0.708013892174 -13.0071697235 -4.89825391769 -0.708013892174 -13.0068569183 -4.93780851364 -0.67558157444 -13.0068397522 -4.90165615082 -0.707581698895 -13.006685257 -4.92330169678 -0.682581603527 -13.006685257 -4.8909497261 -0.682581603527 -13.0066795349 -4.91236543655 -0.682581603527 -13.0066776276 -4.88001441956 -0.682581603527 -13.0065908432 -4.88700580597 -0.67558157444 -13.0065898895 -4.91630935669 -0.67558157444 -13.0065889359 -4.88395833969 -0.67558157444 -13.0064401627 -4.94968414307 -0.707581698895 -13.0064401627 -4.94810676575 -0.707581698895 -13.0064401627 -4.9084148407 -0.707581698895 -13.0064401627 -4.89489793777 -0.707581698895 -13.0064401627 -4.85520601273 -0.707581698895 -13.0064401627 -4.85362815857 -0.707581698895 -13.0063533783 -4.91885185242 -0.67558157444 -13.0062112808 -4.91752719879 -0.67558157444 -13.0061769485 -4.8854804039 -0.67558157444 -13.0061283112 -4.90467882156 -0.682581603527 -13.0061283112 -4.89863348007 -0.682581603527 -13.005947113 -4.93813610077 -0.682581603527 -13.005947113 -4.92767524719 -0.682581603527 -13.005947113 -4.87563610077 -0.682581603527 -13.005947113 -4.86517524719 -0.682581603527 -13.0057497025 -4.93365287781 -0.682581603527 -13.0057497025 -4.87115287781 -0.682581603527 -13.005440712 -4.93914651871 -0.677581608295 -13.005440712 -4.87664651871 -0.677581608295 -13.0054063797 -4.90060043335 -0.682581603527 -13.0053987503 -4.90268516541 -0.682662129402 -13.0053501129 -4.92242908478 -0.682581603527 -13.0053501129 -4.89007711411 -0.682581603527 -13.0052633286 -4.9270863533 -0.67558157444 -13.0051984787 -4.90289306641 -0.677581608295 -13.0050811768 -4.87677764893 -0.67558157444 -13.0050535202 -4.89844274521 -0.675582885742 -13.0050001144 -4.93086481094 -0.682581603527 -13.0050001144 -4.86836481094 -0.682581603527 -13.0049505234 -4.91357135773 -0.682581603527 -13.0049467087 -4.88122224808 -0.682581603527 -13.0048313141 -4.90787887573 -0.682581961155 -13.0047235489 -4.89479446411 -0.682581663132 -13.0045099258 -4.93870210648 -0.682581603527 -13.0045099258 -4.87620210648 -0.682581603527 -13.0043172836 -4.91221523285 -0.675587952137 -13.0042715073 -4.88893318176 -0.682581603527 -13.0042705536 -4.92128372192 -0.682581603527 -13.0042629242 -4.86407661438 -0.67558157444 -13.0040102005 -4.8824801445 -0.682581603527 -13.0039949417 -4.92697429657 -0.682581603527 -13.0039949417 -4.86447429657 -0.682581603527 -13.0037508011 -4.9152841568 -0.682581603527 -13.0037097931 -4.93569517136 -0.682581603527 -13.0037097931 -4.87319517136 -0.682581603527 -13.003569603 -4.91988515854 -0.682581603527 -13.0035400391 -4.88748025894 -0.682581603527 -13.0033903122 -4.88392448425 -0.682581603527 -13.0033130646 -4.9166727066 -0.682581603527 -13.0032110214 -4.91836452484 -0.682581603527 -13.0032110214 -4.88601255417 -0.682581603527 -13.003071785 -4.85123968124 -0.705441713333 -13.0030651093 -4.84980154037 -0.705598056316 -13.0029602051 -4.93892765045 -0.682581603527 -13.0029602051 -4.87642765045 -0.682581603527 -13.0024404526 -4.92692899704 -0.682581603527 -13.0024404526 -4.86442899704 -0.682581603527 -13.0023269653 -4.88394498825 -0.675577938557 -13.0022201538 -4.93011808395 -0.682581603527 -13.0022201538 -4.86761808395 -0.682581603527 -13.0018701553 -4.95468902588 -0.67558157444 -13.0016107559 -4.92632961273 -0.677581608295 -13.0016107559 -4.86382961273 -0.677581608295 -13.0014038086 -4.85099840164 -0.704619348049 -13.0009222031 -4.95578765869 -0.682571828365 -13.0009202957 -4.93494701385 -0.682581603527 -13.0009202957 -4.87244701385 -0.682581603527 -13.000916481 -4.93857002258 -0.682581603527 -13.000916481 -4.87607002258 -0.682581603527 -13.0009078979 -4.92724561691 -0.682581603527 -13.0009078979 -4.86474561691 -0.682581603527 -13.0003108978 -4.84693861008 -0.675580739975 -13.000169754 -4.93215894699 -0.682581603527 -13.000169754 -4.86965894699 -0.682581603527 -13.000123024 -4.93858957291 -0.67558157444 -12.9998197556 -4.92542791367 -0.682581603527 -12.9998197556 -4.87788391113 -0.682581603527 -12.999548912 -4.84908819199 -0.682581424713 -12.9995203018 -4.93782091141 -0.682581603527 -12.9995203018 -4.92799091339 -0.682581603527 -12.9995203018 -4.87532091141 -0.682581603527 -12.9995203018 -4.86549091339 -0.682581603527 -12.9990291595 -4.94638442993 -0.682581603527 -12.9990291595 -4.85799694061 -0.682581603527 -12.9989404678 -4.94480895996 -0.682581603527 -12.9989404678 -4.85642004013 -0.682581603527 -12.9986305237 -4.92788076401 -0.67558157444 -12.9984874725 -4.94329881668 -0.682581603527 -12.9984874725 -4.86001586914 -0.682581603527 -12.9984874725 -4.85490894318 -0.682581603527 -12.9984865189 -4.94840526581 -0.682581603527 -12.9983615875 -4.93678951263 -0.682581603527 -12.9983615875 -4.87428951263 -0.682581603527 -12.9983587265 -4.92902612686 -0.682581603527 -12.9983587265 -4.86652612686 -0.682581603527 -12.9979915619 -4.86673641205 -0.67558157444 -12.9976301193 -4.86131906509 -0.682581603527 -12.9976301193 -4.85360479355 -0.682581603527 -12.9975204468 -4.93544197083 -0.682581603527 -12.9975204468 -4.93037080765 -0.682581603527 -12.9975204468 -4.87294197083 -0.682581603527 -12.9975204468 -4.86787080765 -0.682581603527 -12.9972896576 -4.94158935547 -0.682581603527 -12.9972867966 -4.95011472702 -0.682581603527 -12.9970350266 -4.93394184113 -0.682581603527 -12.9970350266 -4.93187189102 -0.682581603527 -12.9970350266 -4.87144184113 -0.682581603527 -12.9970350266 -4.86937189102 -0.682581603527 -12.9968557358 -4.87210178375 -0.675576627254 -12.9966554642 -4.93479681015 -0.677581608295 -12.9966554642 -4.87229681015 -0.677581608295 -12.9964914322 -4.86239242554 -0.682581603527 -12.9964885712 -4.85253047943 -0.682581603527 -12.9964618683 -4.93184232712 -0.675580441952 -12.9960298538 -4.94065380096 -0.682581603527 -12.9960136414 -4.94533538818 -0.67558157444 -12.9960136414 -4.85797643661 -0.67558157444 -12.9958686829 -4.94690847397 -0.67558157444 -12.9957942963 -4.85615730286 -0.67558157444 -12.9955720901 -4.95130872726 -0.682581603527 -12.9954996109 -4.85918903351 -0.67558157444 -12.995349884 -4.84539699554 -0.70100158453 -12.995349884 -4.84282493591 -0.70100158453 -12.9951982498 -4.9436955452 -0.67558157444 -12.9951581955 -4.94798278809 -0.67558157444 -12.9949102402 -4.93391990662 -0.682581603527 -12.9945907593 -4.9400343895 -0.682581603527 -12.9945888519 -4.86327934265 -0.682581603527 -12.9945850372 -4.85164403915 -0.682581603527 -12.9943208694 -4.85469102859 -0.67558157444 -12.9943180084 -4.86023426056 -0.67558157444 -12.9941005707 -4.76872587204 -0.695249915123 -12.9940700531 -4.95175886154 -0.682581603527 -12.9940681458 -4.94869756699 -0.67558157444 -12.9939966202 -5.03460359573 -0.69529825449 -12.9938192368 -4.94294309616 -0.67558157444 -12.9936332703 -4.76866579056 -0.69530159235 -12.9935722351 -5.03264713287 -0.695301890373 -12.9935674667 -4.77066516876 -0.695302009583 -12.9935064316 -5.03464698792 -0.69530159235 -12.9934339523 -4.86719179153 -0.682592749596 -12.9930295944 -4.93984985352 -0.682581603527 -12.9930295944 -4.85146188736 -0.682581603527 -12.9927721024 -4.85446214676 -0.67558157444 -12.992767334 -4.86046218872 -0.67558157444 -12.9925117493 -4.95185089111 -0.682581603527 -12.9925079346 -4.86346149445 -0.682581603527 -12.9924917221 -4.94286823273 -0.67558157444 -12.9922399521 -4.948802948 -0.67558157444 -12.9918498993 -4.96309280396 -0.682581603527 -12.9918498993 -4.96309280396 -0.67558157444 -12.9918498993 -4.84021997452 -0.70100158453 -12.9918498993 -4.84021997452 -0.67558157444 -12.9915208817 -4.8600897789 -0.67558157444 -12.9915208817 -4.85483407974 -0.67558157444 -12.9914751053 -4.85164403915 -0.682581603527 -12.9914693832 -4.9400343895 -0.682581603527 -12.990901947 -4.94798278809 -0.67558157444 -12.9908628464 -4.94369506836 -0.67558157444 -12.9905614853 -4.85919046402 -0.67558157444 -12.9904880524 -4.95130872726 -0.682581603527 -12.9904880524 -4.86292171478 -0.682581603527 -12.9904603958 -4.93948793411 -0.682581603527 -12.9902639389 -4.85615873337 -0.67558157444 -12.990190506 -4.94690847397 -0.67558157444 -12.9900474548 -4.94533109665 -0.67558157444 -12.9900465012 -4.85798072815 -0.67558157444 -12.9900302887 -4.94065380096 -0.682581603527 -12.9897947311 -4.84117126465 -0.682581484318 -12.9895715714 -4.85253047943 -0.682581603527 -12.9891700745 -4.95044708252 -0.682581603527 -12.9891395569 -4.84079217911 -0.70100158453 -12.9888744354 -4.94120025635 -0.675581395626 -12.9887704849 -4.94158935547 -0.682581603527 -12.9887704849 -4.86172437668 -0.682581603527 -12.9880933762 -4.85400629044 -0.682581603527 -12.9880905151 -4.94930171967 -0.682581603527 -12.987569809 -4.86001062393 -0.682581603527 -12.9875688553 -4.94330406189 -0.682581603527 -12.9873895645 -4.94790315628 -0.682581603527 -12.9872102737 -4.85590648651 -0.682581603527 -12.9871196747 -4.94480895996 -0.682581603527 -12.987030983 -4.94638252258 -0.682581603527 -12.987030983 -4.85799455643 -0.682581603527 -12.9865598679 -4.95487785339 -0.682581603527 -12.9865598679 -4.85849618912 -0.682581603527 -12.9862165451 -4.95782184601 -0.677581608295 -12.9862165451 -4.95374488831 -0.67558157444 -12.9862165451 -4.84956741333 -0.677581608295 -12.9862165451 -4.84549045563 -0.67558157444 -12.9861335754 -4.84704065323 -0.682581603527 -12.9861049652 -4.95558166504 -0.682581603527 -12.9859628677 -4.95706129074 -0.68309122324 -12.9858798981 -4.84908294678 -0.682581603527 -12.9858264923 -4.95759057999 -0.682581603527 -12.9856872559 -4.95357465744 -0.682581603527 -12.9853658676 -4.9586687088 -0.68257111311 -12.9852952957 -4.84451198578 -0.682581603527 -12.985294342 -4.85054826736 -0.682581603527 -12.9852657318 -4.85854387283 -0.675582289696 -12.984919548 -4.95222187042 -0.682581603527 -12.9839773178 -4.85243320465 -0.67558157444 -12.9839773178 -4.84262609482 -0.677581608295 -12.9839754105 -4.95087814331 -0.677581608295 -12.9839582443 -4.8429145813 -0.682581603527 -12.9839544296 -4.85214805603 -0.682581603527 -12.9838647842 -4.95109415054 -0.682581603527 -12.9833316803 -4.94623708725 -0.682587146759 -12.9828701019 -4.95503616333 -0.682581603527 -12.9828701019 -4.84678316116 -0.682581603527 -12.9822053909 -4.9621553421 -0.67558157444 -12.9821434021 -4.85318946838 -0.682581603527 -12.9821357727 -4.84186697006 -0.682581603527 -12.9821300507 -4.95782423019 -0.682581603527 -12.9821300507 -4.84957122803 -0.682581603527 -12.9819507599 -4.85610866547 -0.682582199574 -12.9815797806 -4.94991207123 -0.682581603527 -12.9808301926 -4.95299386978 -0.682581603527 -12.9808301926 -4.84474086761 -0.682581603527 -12.9805297852 -4.96962881088 -0.682581603527 -12.9805297852 -4.96962881088 -0.67558157444 -12.9805297852 -4.83368301392 -0.70100158453 -12.9805297852 -4.83368301392 -0.67558157444 -12.9800853729 -4.8535528183 -0.682581603527 -12.9800853729 -4.84150791168 -0.682581603527 -12.9793395996 -4.95857095718 -0.682581603527 -12.9793395996 -4.85031795502 -0.682581603527 -12.979139328 -4.8411359787 -0.67558157444 -12.9791374207 -4.96217632294 -0.677581608295 -12.979136467 -4.85392379761 -0.677581608295 -12.9791288376 -4.94923114777 -0.675578534603 -12.979019165 -4.94985580444 -0.682581603527 -12.9788713455 -4.83505630493 -0.682581603527 -12.9780797958 -4.83476781845 -0.70100158453 -12.9780397415 -4.95374202728 -0.682581603527 -12.9780397415 -4.84548902512 -0.682581603527 -12.9780340195 -4.84186697006 -0.682581603527 -12.9780263901 -4.85318946838 -0.682581603527 -12.9772996902 -4.95653009415 -0.682581603527 -12.9772996902 -4.84827709198 -0.682581603527 -12.9770994186 -4.95055437088 -0.682581603527 -12.9767627716 -4.96081638336 -0.682568967342 -12.9766969681 -4.95027732849 -0.677581608295 -12.9766960144 -4.84202432632 -0.677581608295 -12.9762153625 -4.85214805603 -0.682581603527 -12.9762115479 -4.8429145813 -0.682581603527 -12.9760980606 -4.85247087479 -0.67558157444 -12.9756479263 -4.95982027054 -0.683081865311 -12.9755191803 -4.95185995102 -0.682581603527 -12.9753665924 -4.9515414238 -0.67558157444 -12.9753112793 -4.95945262909 -0.682581603527 -12.9748783112 -4.85055303574 -0.682581603527 -12.9748783112 -4.84450721741 -0.682581603527 -12.9744653702 -4.95361280441 -0.682581603527 -12.9743518829 -4.95763444901 -0.682581603527 -12.9742898941 -4.84908294678 -0.682581603527 -12.9742898941 -4.84597682953 -0.682581603527 -12.9740686417 -4.9555773735 -0.682581603527 -12.974064827 -4.84752988815 -0.682581603527 -12.9739484787 -4.95701980591 -0.677581608295 -12.9739484787 -4.84876680374 -0.677581608295 -12.9739484787 -4.84629297256 -0.67558157444 -12.973947525 -4.95781373978 -0.67558157444 -12.9729290009 -4.77066516876 -0.663261413574 -12.9728050232 -5.03464698792 -0.664370238781 -12.9728050232 -5.03264713287 -0.662793040276 -12.9728050232 -4.76866579056 -0.662793040276 -12.9726104736 -4.95263576508 -0.682581603527 -12.9726104736 -4.8506770134 -0.682581603527 -12.9722585678 -5.03464698792 -0.662010669708 -12.9721355438 -5.03264713287 -0.665300369263 -12.9721355438 -4.76866579056 -0.665300369263 -12.9718418121 -4.77066516876 -0.665444016457 -12.9717340469 -4.77066516876 -0.661755740643 -12.9713115692 -4.76866579056 -0.661601424217 -12.9710178375 -4.96231889725 -0.682590186596 -12.9710102081 -4.8412861824 -0.682581603527 -12.9709396362 -4.96108198166 -0.683081507683 -12.9709272385 -4.96090650558 -0.682581603527 -12.97082901 -4.84284162521 -0.682581603527 -12.97082901 -4.83973026276 -0.682581603527 -12.9707727432 -5.03464698792 -0.665699183941 -12.9705858231 -5.03264713287 -0.661441147327 -12.9702100754 -4.84428596497 -0.682581603527 -12.9702091217 -4.95898962021 -0.682581603527 -12.9701766968 -5.03464698792 -0.661629617214 -12.9701766968 -4.77066516876 -0.661629617214 -12.9700164795 -4.76866579056 -0.6654484272 -12.9699497223 -4.83783435822 -0.682581603527 -12.9696893692 -4.96579027176 -0.682601451874 -12.9694232941 -4.77066516876 -0.66516572237 -12.9694232941 -4.76866579056 -0.661997616291 -12.9693536758 -5.03264713287 -0.665150284767 -12.9692716599 -4.84554576874 -0.682581603527 -12.9690208435 -5.03464698792 -0.662654876709 -12.9689264297 -5.03464698792 -0.664420306683 -12.9688949585 -4.9574213028 -0.682581603527 -12.9688892365 -5.03264713287 -0.662913382053 -12.968870163 -4.83668899536 -0.682581603527 -12.9688425064 -4.77066516876 -0.662970721722 -12.9688425064 -4.76866579056 -0.664192318916 -12.9686851501 -4.96679782867 -0.682581603527 -12.9685821533 -4.96686935425 -0.682770490646 -12.9682502747 -4.97410106659 -0.67558157444 -12.9682502747 -4.82921218872 -0.70100158453 -12.9682502747 -4.82921218872 -0.67558157444 -12.9680433273 -4.96202707291 -0.67558157444 -12.9680433273 -4.8412861824 -0.67558157444 -12.9679660797 -4.97416257858 -0.700998425484 -12.9679660797 -4.96196365356 -0.683218240738 -12.967795372 -4.97232627869 -0.682581663132 -12.9677362442 -4.970682621 -0.690600275993 -12.9676294327 -4.96355199814 -0.67558157444 -12.967628479 -4.96049880981 -0.67558157444 -12.9676275253 -4.83975791931 -0.67558157444 -12.9676141739 -4.97429943085 -0.682581603527 -12.9675550461 -4.84674310684 -0.682581603527 -12.9675474167 -4.83582448959 -0.682581603527 -12.967508316 -4.8430480957 -0.67558157444 -12.9673614502 -4.97232246399 -0.70100158453 -12.9671230316 -4.95638608932 -0.682581603527 -12.967051506 -4.83090162277 -0.682581603527 -12.9669380188 -4.96773099899 -0.682581603527 -12.9669113159 -4.96780252457 -0.682787060738 -12.9667387009 -4.96964502335 -0.683955073357 -12.9665212631 -4.96465396881 -0.67558157444 -12.9665203094 -4.959400177 -0.67558157444 -12.9665203094 -4.83865880966 -0.67558157444 -12.9664611816 -4.97113609314 -0.686798214912 -12.966460228 -4.96452665329 -0.682568728924 -12.9662752151 -4.84401941299 -0.67558157444 -12.9661397934 -4.83073616028 -0.70100158453 -12.966050148 -4.84719514847 -0.682581603527 -12.966050148 -4.83537721634 -0.682581603527 -12.965265274 -4.838285923 -0.67558157444 -12.965171814 -4.96821451187 -0.68249553442 -12.9651136398 -4.95600557327 -0.682581603527 -12.9649934769 -4.96804666519 -0.682581067085 -12.9647502899 -4.95898199081 -0.67558157444 -12.9647502899 -4.84433031082 -0.67558157444 -12.9647474289 -4.96507120132 -0.67558157444 -12.9644880295 -4.83528661728 -0.682581603527 -12.9644851685 -4.84728574753 -0.682581603527 -12.9644670486 -4.95999193192 -0.690221309662 -12.9639720917 -4.83844137192 -0.67558157444 -12.9638700485 -4.973092556 -0.694759488106 -12.9637441635 -4.97312831879 -0.685596168041 -12.9635696411 -4.9645280838 -0.682640731335 -12.9635362625 -4.97522306442 -0.69634449482 -12.9633903503 -4.95598983765 -0.67558157444 -12.9633903503 -4.84732294083 -0.67558157444 -12.963098526 -4.9563126564 -0.682581603527 -12.9630670547 -4.96435308456 -0.67558157444 -12.9630670547 -4.8436126709 -0.67558157444 -12.9630661011 -4.95970106125 -0.67558157444 -12.9630155563 -4.84695148468 -0.682581603527 -12.9630117416 -4.96771287918 -0.682652711868 -12.9629602432 -4.83564710617 -0.682581603527 -12.9628782272 -4.83915758133 -0.67558157444 -12.9628047943 -4.96320533752 -0.683052539825 -12.9621706009 -4.9630856514 -0.67558157444 -12.9621706009 -4.84234380722 -0.67558157444 -12.9620599747 -4.96123075485 -0.67558157444 -12.9620599747 -4.8404917717 -0.67558157444 -12.9618682861 -4.97555685043 -0.687103509903 -12.9618663788 -4.97552156448 -0.682072579861 -12.9615736008 -4.84622955322 -0.682581603527 -12.9615688324 -4.83634567261 -0.682581603527 -12.9612998962 -4.95728540421 -0.682581603527 -12.960267067 -4.97378921509 -0.692625880241 -12.9602632523 -4.97375917435 -0.696455955505 -12.960234642 -4.97581291199 -0.692869663239 -12.9602098465 -4.95842695236 -0.682581603527 -12.9600934982 -4.84475421906 -0.682581603527 -12.9600925446 -4.83781862259 -0.682581603527 -12.9597167969 -4.96135997772 -0.685441851616 -12.9597005844 -4.96488046646 -0.682733476162 -12.9593696594 -4.8433380127 -0.682581603527 -12.9593267441 -4.97053146362 -0.693284630775 -12.9592895508 -4.96390390396 -0.68307441473 -12.9592189789 -4.97389554977 -0.682728767395 -12.9592161179 -4.96026229858 -0.682581603527 -12.9591941833 -4.83971166611 -0.682581603527 -12.959145546 -4.96258306503 -0.692530691624 -12.9590435028 -4.96280622482 -0.682581603527 -12.9590110779 -4.84181928635 -0.682581603527 -12.9584197998 -4.84472084045 -0.67558157444 -12.9569597244 -4.95731687546 -0.682581603527 -12.9556999207 -4.82897901535 -0.682581603527 -12.9554519653 -4.97266626358 -0.685137689114 -12.9553699493 -4.97637081146 -0.70100158453 -12.9553699493 -4.97637081146 -0.67558157444 -12.9553699493 -4.82694101334 -0.70100158453 -12.9553699493 -4.82694101334 -0.67558157444 -12.9553384781 -4.97303009033 -0.690051853657 -12.9549665451 -4.96619558334 -0.6775816679 -12.9549665451 -4.84119558334 -0.6775816679 -12.9549655914 -4.84040546417 -0.67558157444 -12.9549074173 -4.84563684464 -0.682581543922 -12.9548835754 -4.83866786957 -0.682581603527 -12.9548530579 -4.96444034576 -0.682581603527 -12.9548501968 -4.96446657181 -0.683032035828 -12.9546298981 -4.84070920944 -0.682581603527 -12.9545984268 -4.9624209404 -0.682581603527 -12.9545593262 -4.96597242355 -0.682587146759 -12.9545488358 -4.96768188477 -0.67558157444 -12.9543399811 -4.97444915771 -0.70100158453 -12.9542856216 -4.96581172943 -0.693841457367 -12.9540452957 -4.84217405319 -0.682581603527 -12.9540452957 -4.83613824844 -0.682581603527 -12.9539499283 -4.9610118866 -0.682581603527 -12.9539022446 -4.96170186996 -0.687390565872 -12.9537401199 -4.9576921463 -0.682581603527 -12.9536800385 -4.82881689072 -0.70100158453 -12.9529781342 -4.95978593826 -0.682581603527 -12.9527273178 -4.95925283432 -0.677581548691 -12.9527273178 -4.83425283432 -0.677581548691 -12.9527082443 -4.84377145767 -0.682581603527 -12.9527044296 -4.83453798294 -0.682581603527 -12.9525194168 -4.96890068054 -0.682610452175 -12.9522237778 -4.83365058899 -0.67558157444 -12.9517459869 -4.96484184265 -0.683308959007 -12.9516544342 -4.95789480209 -0.675580382347 -12.9516201019 -4.96490287781 -0.682581603527 -12.9516201019 -4.83990287781 -0.682581603527 -12.9513587952 -4.97468280792 -0.682581186295 -12.9513196945 -4.95867300034 -0.682581603527 -12.9512910843 -4.96965265274 -0.682581603527 -12.9510364532 -4.96978759766 -0.682690918446 -12.9509210587 -4.84531927109 -0.675578713417 -12.9508934021 -4.83349657059 -0.682581603527 -12.9508857727 -4.84481906891 -0.682581603527 -12.9508800507 -4.96211481094 -0.682581603527 -12.9508800507 -4.83711481094 -0.682581603527 -12.9495801926 -4.96694517136 -0.682583093643 -12.9495801926 -4.84194517136 -0.682581603527 -12.9493455887 -4.95815658569 -0.68258023262 -12.949341774 -4.97015571594 -0.682581603527 -12.948884964 -4.9704914093 -0.682402968407 -12.9488353729 -4.83313322067 -0.682581543922 -12.9488344193 -4.84517812729 -0.682586014271 -12.9482059479 -4.82876968384 -0.682581543922 -12.9480895996 -4.96136808395 -0.682581603527 -12.9480895996 -4.83636808395 -0.682581603527 -12.947889328 -4.97055006027 -0.677581489086 -12.947889328 -4.84555006027 -0.677581489086 -12.9477615356 -4.97016954422 -0.693936884403 -12.9473419189 -4.96998882294 -0.682581305504 -12.9473295212 -4.95832777023 -0.682573735714 -12.9467897415 -4.96619701385 -0.682634592056 -12.9467897415 -4.96619701385 -0.682581484318 -12.9467897415 -4.84119701385 -0.682581484318 -12.9467840195 -4.84481906891 -0.682577073574 -12.9467763901 -4.83349657059 -0.682581245899 -12.9467487335 -4.95799303055 -0.675579726696 -12.9464149475 -4.96955347061 -0.683122456074 -12.9463968277 -4.96471738815 -0.683056890965 -12.9460496902 -4.96340894699 -0.682581484318 -12.9460496902 -4.83840894699 -0.682581484318 -12.9460144043 -4.84541702271 -0.675579428673 -12.9454841614 -4.95915603638 -0.682581484318 -12.9454469681 -4.95865058899 -0.677581489086 -12.9454469681 -4.83365058899 -0.677581489086 -12.9454460144 -4.96966171265 -0.67558157444 -12.9453878403 -4.9691028595 -0.682579100132 -12.9449653625 -4.83453798294 -0.682581484318 -12.9449615479 -4.84377145767 -0.682581484318 -12.9448251724 -4.96201848984 -0.685634374619 -12.9445333481 -4.96193552017 -0.690571248531 -12.9436883926 -4.96096944809 -0.682581484318 -12.9436283112 -4.84217882156 -0.682581484318 -12.9436283112 -4.83613348007 -0.682581484318 -12.9433956146 -4.97305202484 -0.690467715263 -12.943365097 -4.97258424759 -0.684599876404 -12.9431152344 -4.83563613892 -0.67558157444 -12.9430398941 -4.84070920944 -0.682581484318 -12.9430398941 -4.83760404587 -0.682581484318 -12.9429712296 -4.96557044983 -0.682695567608 -12.9428634644 -4.96339035034 -0.682581484318 -12.942814827 -4.83915567398 -0.682581484318 -12.9428033829 -4.96452045441 -0.683108270168 -12.9427604675 -4.957675457 -0.682581424713 -12.9426984787 -4.96539306641 -0.677581489086 -12.9426984787 -4.96291923523 -0.67558157444 -12.9426984787 -4.84039306641 -0.677581489086 -12.9426755905 -4.84565210342 -0.682581424713 -12.9422998428 -4.97637081146 -0.70100158453 -12.9422998428 -4.97637081146 -0.67558157444 -12.9422998428 -4.82694101334 -0.70100158453 -12.9422998428 -4.82694101334 -0.67558157444 -12.941740036 -4.97431087494 -0.70100158453 -12.9410896301 -4.82906913757 -0.70100158453 -12.9407739639 -4.82909917831 -0.682581484318 -12.9407396317 -4.96645212173 -0.682581484318 -12.9392499924 -4.84472084045 -0.67558157444 -12.9391918182 -4.97410297394 -0.682581484318 -12.938709259 -4.96229219437 -0.682581484318 -12.9386587143 -4.84181928635 -0.682581484318 -12.9384794235 -4.83973026276 -0.682581484318 -12.9383745193 -4.96391820908 -0.683119237423 -12.9382562637 -4.95980167389 -0.682581484318 -12.9381189346 -4.84383487701 -0.682581484318 -12.9379615784 -4.96488952637 -0.68274641037 -12.9375982285 -4.8378329277 -0.682581484318 -12.9372158051 -4.95809268951 -0.682581484318 -12.9369220734 -4.84554481506 -0.682581484318 -12.9365196228 -4.83668899536 -0.682581484318 -12.9356498718 -4.95679807663 -0.682581484318 -12.9356441498 -4.96151208878 -0.67558157444 -12.9356441498 -4.84179973602 -0.67558157444 -12.9354248047 -4.96333169937 -0.67558157444 -12.935423851 -4.83997964859 -0.67558157444 -12.9353666306 -4.96332168579 -0.683005392551 -12.9352073669 -4.84674215317 -0.682581484318 -12.9351997375 -4.83582544327 -0.682581484318 -12.9349822998 -4.84323501587 -0.67558157444 -12.9348287582 -4.95987081528 -0.67558157444 -12.9347877502 -4.96071529388 -0.691700458527 -12.9347019196 -4.96770048141 -0.682560324669 -12.9342803955 -4.95598983765 -0.67558157444 -12.9342803955 -4.84732294083 -0.67558157444 -12.9342384338 -4.95623159409 -0.682581484318 -12.934170723 -4.96465444565 -0.67558157444 -12.9339523315 -4.83851575851 -0.67558157444 -12.9339094162 -4.84716939926 -0.682581484318 -12.9336967468 -4.84413337708 -0.67558157444 -12.9333753586 -4.96802425385 -0.682718038559 -12.9331817627 -4.83528661728 -0.682581484318 -12.9329299927 -4.95898246765 -0.67558157444 -12.9329166412 -4.96502685547 -0.67558157444 -12.9326963425 -4.9560046196 -0.682581484318 -12.9326601028 -4.96490955353 -0.682500004768 -12.932595253 -4.96804666519 -0.682581484318 -12.932518959 -4.97123527527 -0.690756082535 -12.9324064255 -4.838285923 -0.67558157444 -12.9323320389 -4.97119855881 -0.685816884041 -12.9321346283 -4.84728574753 -0.682581484318 -12.9318675995 -4.84423828125 -0.67558157444 -12.9316196442 -4.83537721634 -0.682581484318 -12.9313688278 -4.9647974968 -0.67558157444 -12.9311504364 -4.83865833282 -0.67558157444 -12.9311494827 -4.95939970016 -0.67558157444 -12.9310483932 -4.96796274185 -0.693823218346 -12.931022644 -4.96795368195 -0.682746291161 -12.9306201935 -4.96769046783 -0.682581484318 -12.9303379059 -4.84323501587 -0.67558157444 -12.9301929474 -4.9602971077 -0.67558157444 -12.9301872253 -4.95649814606 -0.682581484318 -12.9301595688 -4.96346998215 -0.682634592056 -12.9301586151 -4.96194648743 -0.683063328266 -12.9301223755 -4.83582448959 -0.682581484318 -12.9301147461 -4.84674310684 -0.682581484318 -12.9298963547 -4.83997964859 -0.67558157444 -12.929895401 -4.96333169937 -0.67558157444 -12.9298229218 -4.83110141754 -0.682581543922 -12.9296760559 -4.96151208878 -0.67558157444 -12.9296760559 -4.84179973602 -0.67558157444 -12.9294881821 -4.95914459229 -0.685794711113 -12.9294204712 -4.97410106659 -0.70100158453 -12.9294204712 -4.97410106659 -0.67558157444 -12.9294204712 -4.82921218872 -0.70100158453 -12.9293498993 -4.9720082283 -0.70100158453 -12.9289903641 -4.96675157547 -0.682890415192 -12.9288673401 -4.96670722961 -0.682581484318 -12.9287996292 -4.83668899536 -0.682581484318 -12.9287204742 -4.83148193359 -0.701001524925 -12.9283981323 -4.84554576874 -0.682581484318 -12.9282207489 -4.82943582535 -0.67558157444 -12.9281759262 -4.96259021759 -0.693909347057 -12.9281597137 -4.95802879333 -0.682581484318 -12.9278841019 -4.96566772461 -0.68261963129 -12.9277200699 -4.83783435822 -0.682581484318 -12.9274597168 -4.84428596497 -0.682581484318 -12.9270801544 -4.95975637436 -0.682581484318 -12.9269733429 -4.97139692307 -0.682581484318 -12.9268407822 -4.84284162521 -0.682581484318 -12.9268407822 -4.83973026276 -0.682581484318 -12.9267711639 -4.96078920364 -0.683058142662 -12.926659584 -4.8412861824 -0.682581484318 -12.9266338348 -4.96188783646 -0.682653844357 -12.9266195297 -4.95803117752 -0.67558157444 -12.9253063202 -4.95748567581 -0.691305935383 -12.9251203537 -4.83840799332 -0.682581484318 -12.9250602722 -4.95263576508 -0.682581484318 -12.9250602722 -4.8506770134 -0.682581484318 -12.9237165451 -4.95782184601 -0.677581489086 -12.9237165451 -4.84956741333 -0.677581489086 -12.9236354828 -4.95556640625 -0.682581484318 -12.9236335754 -4.84704065323 -0.682581484318 -12.9235363007 -4.95198345184 -0.67558157444 -12.9233798981 -4.84908294678 -0.682581484318 -12.9232997894 -4.95762395859 -0.682581484318 -12.922917366 -4.85152816772 -0.67558157444 -12.9227952957 -4.84451198578 -0.682581484318 -12.922794342 -4.85054826736 -0.682581484318 -12.9227685928 -4.952647686 -0.682581484318 -12.9227333069 -4.84411525726 -0.67558157444 -12.9226408005 -4.9590549469 -0.682581484318 -12.9226207733 -4.95908927917 -0.683129787445 -12.921664238 -4.96018838882 -0.682600617409 -12.9214773178 -4.96068620682 -0.67558157444 -12.9214773178 -4.84262609482 -0.677581489086 -12.9214754105 -4.95087814331 -0.677581489086 -12.9214582443 -4.8429145813 -0.682581484318 -12.9214544296 -4.85214805603 -0.682581484318 -12.9212226868 -5.03264713287 -0.486880362034 -12.921210289 -5.03464698792 -0.48687043786 -12.9211931229 -4.77066516876 -0.486938297749 -12.9211158752 -4.76866579056 -0.486937433481 -12.92100811 -4.9508266449 -0.682581484318 -12.9205684662 -4.77080154419 -0.486819773912 -12.9205226898 -5.03248071671 -0.486793786287 -12.9204845428 -4.96786117554 -0.687288939953 -12.9203701019 -4.95503616333 -0.682581484318 -12.9203701019 -4.84678316116 -0.682581484318 -12.9203672409 -5.03451681137 -0.486621171236 -12.9202108383 -4.76883792877 -0.486562758684 -12.9198389053 -4.95776748657 -0.68313395977 -12.9197015762 -5.03423881531 -0.48631682992 -12.9196434021 -4.85318946838 -0.682581484318 -12.9196357727 -4.84186697006 -0.682581484318 -12.9196300507 -4.95782423019 -0.682581484318 -12.9196300507 -4.84957122803 -0.682581484318 -12.9195098877 -4.76920080185 -0.486205905676 -12.9191770554 -4.94997692108 -0.682581484318 -12.9183301926 -4.95299386978 -0.682581484318 -12.9183301926 -4.84474086761 -0.682581484318 -12.9180936813 -4.96179008484 -0.682564795017 -12.9180669785 -4.83537340164 -0.682581484318 -12.9179801941 -4.94886541367 -0.675581336021 -12.9177808762 -5.03464698792 -0.662913501263 -12.9177436829 -5.03264713287 -0.664420962334 -12.9177436829 -4.77066516876 -0.662742078304 -12.9177436829 -4.76866579056 -0.664420962334 -12.9176492691 -5.03464698792 -0.66450792551 -12.9176492691 -5.03264713287 -0.662654995918 -12.9175853729 -4.8535528183 -0.682581484318 -12.9175844193 -4.84150791168 -0.682581484318 -12.9175395966 -4.96760988235 -0.701001524925 -12.9175319672 -4.85481119156 -0.675581157207 -12.9174184799 -4.77066516876 -0.664992034435 -12.9173164368 -4.76866579056 -0.662013173103 -12.917140007 -4.96962881088 -0.701001524925 -12.917140007 -4.96962881088 -0.67558157444 -12.917140007 -4.83368301392 -0.701001524925 -12.917140007 -4.83368301392 -0.67558157444 -12.9169502258 -4.83598709106 -0.701001524925 -12.9168395996 -4.95857095718 -0.682581484318 -12.9168395996 -4.85031795502 -0.682581484318 -12.9168081284 -4.96173048019 -0.68283957243 -12.9166584015 -4.94979763031 -0.682581484318 -12.916639328 -4.8411359787 -0.67558157444 -12.9166374207 -4.96217632294 -0.677581489086 -12.916636467 -4.85392379761 -0.677581489086 -12.9165697098 -4.94773292542 -0.682581484318 -12.9165697098 -4.85557889938 -0.682581484318 -12.916560173 -4.95281362534 -0.685656070709 -12.9164934158 -4.95302534103 -0.691694319248 -12.9164924622 -5.03464698792 -0.665533721447 -12.9164924622 -5.03264713287 -0.661629378796 -12.916258812 -4.96430873871 -0.692519247532 -12.9160833359 -5.03464698792 -0.661441147327 -12.9159841537 -4.96158647537 -0.682581484318 -12.9158973694 -5.03264713287 -0.665699124336 -12.9158973694 -4.76866579056 -0.665699124336 -12.9157152176 -4.77066516876 -0.661430954933 -12.9155397415 -4.95374202728 -0.682581484318 -12.9155397415 -4.84548902512 -0.682581484318 -12.9155340195 -4.84186697006 -0.682581484318 -12.9155263901 -4.85318946838 -0.682581484318 -12.9153966904 -4.96664714813 -0.682581484318 -12.9151973724 -4.95505142212 -0.683039665222 -12.9150381088 -4.77066516876 -0.665547370911 -12.9149360657 -5.03464698792 -0.665407299995 -12.9148855209 -4.76866579056 -0.661721587181 -12.9148683548 -4.96273326874 -0.68344950676 -12.9147996902 -4.95653009415 -0.682581484318 -12.9147996902 -4.84827709198 -0.682581484318 -12.9147968292 -4.95652532578 -0.68260383606 -12.914522171 -4.96128845215 -0.682459235191 -12.9142656326 -5.03264713287 -0.662104010582 -12.9141969681 -4.96128845215 -0.67558157444 -12.9141969681 -4.95027732849 -0.677581489086 -12.9141969681 -4.85303592682 -0.67558157444 -12.9141960144 -4.84202432632 -0.677581489086 -12.9141941071 -5.03464698792 -0.662368774414 -12.9141941071 -4.76866579056 -0.664794504642 -12.9139766693 -5.03264713287 -0.664531826973 -12.9138631821 -4.95100402832 -0.682581484318 -12.9138116837 -5.03464698792 -0.66407674551 -12.9138031006 -4.76866579056 -0.66332668066 -12.913734436 -4.96045732498 -0.682581484318 -12.9137153625 -4.85214805603 -0.682581484318 -12.9137153625 -4.77066516876 -0.663278162479 -12.9137115479 -4.8429145813 -0.682581484318 -12.912774086 -4.95901107788 -0.683564722538 -12.9124679565 -4.84992265701 -0.700991094112 -12.9123783112 -4.85055303574 -0.682581484318 -12.9123783112 -4.84450721741 -0.682581484318 -12.9122495651 -4.95299291611 -0.682581484318 -12.9121379852 -4.95314121246 -0.683288216591 -12.9121160507 -4.95832633972 -0.682567059994 -12.9117898941 -4.84908294678 -0.682581484318 -12.9117898941 -4.84597682953 -0.682581484318 -12.9117250443 -4.95450019836 -0.682594358921 -12.911564827 -4.84752988815 -0.682581484318 -12.9114484787 -4.95701980591 -0.677581489086 -12.9114484787 -4.95454597473 -0.675581514835 -12.9114484787 -4.84876680374 -0.677581489086 -12.9114484787 -4.84629297256 -0.675581514835 -12.9110803604 -4.85204935074 -0.693289041519 -12.9110002518 -4.94328403473 -0.682581484318 -12.9110002518 -4.86002922058 -0.682581484318 -12.9106626511 -4.94572496414 -0.682581484318 -12.9106388092 -4.85799455643 -0.682581484318 -12.9105186462 -4.85548877716 -0.701000571251 -12.9104595184 -4.85590648651 -0.682581484318 -12.9104204178 -4.94421720505 -0.682581484318 -12.9103603363 -4.94774007797 -0.682581484318 -12.9100999832 -4.86001062393 -0.682581484318 -12.9098739624 -4.96222019196 -0.687804758549 -12.909576416 -4.85400629044 -0.682581484318 -12.909573555 -4.94233894348 -0.682580411434 -12.9094648361 -4.84563684464 -0.700991272926 -12.9093961716 -4.94954538345 -0.682581484318 -12.9092731476 -4.94167518616 -0.675581336021 -12.9089002609 -4.86172437668 -0.682579815388 -12.9088754654 -4.95048713684 -0.69370162487 -12.9086360931 -4.95035600662 -0.683133602142 -12.9085817337 -4.94680070877 -0.685661494732 -12.9085388184 -4.94663286209 -0.690228998661 -12.9080953598 -4.85252857208 -0.682581484318 -12.9077796936 -4.95099496841 -0.682714641094 -12.9076986313 -4.94066047668 -0.682581484318 -12.9076738358 -4.85746240616 -0.675581514835 -12.9076385498 -4.94554376602 -0.675581514835 -12.907497406 -4.94686603546 -0.675581514835 -12.9074544907 -4.85757398605 -0.689472079277 -12.9072589874 -4.85593700409 -0.675581514835 -12.9072580338 -4.94432401657 -0.675581514835 -12.9072570801 -4.85899066925 -0.675581514835 -12.90721035 -4.93948793411 -0.682581484318 -12.90721035 -4.86382484436 -0.682581484318 -12.90721035 -4.84159374237 -0.682581484318 -12.9071846008 -4.86292076111 -0.682581484318 -12.9067335129 -4.84740400314 -0.691244244576 -12.9066696167 -4.96124696732 -0.701001524925 -12.9065647125 -4.8583984375 -0.695566773415 -12.9063949585 -4.94835472107 -0.675581514835 -12.9063711166 -4.94338655472 -0.675581514835 -12.9062414169 -4.94837284088 -0.683218419552 -12.9061937332 -4.85164403915 -0.682581484318 -12.9061508179 -4.86008930206 -0.675581514835 -12.9061508179 -4.85483455658 -0.675581514835 -12.9061403275 -4.84244680405 -0.701001524925 -12.9058198929 -4.96309280396 -0.701001524925 -12.9058198929 -4.96309280396 -0.675581514835 -12.9058198929 -4.84021997452 -0.701001524925 -12.9058198929 -4.84021997452 -0.675581514835 -12.9057722092 -4.93993663788 -0.682581484318 -12.9057188034 -4.86523389816 -0.675582051277 -12.9054555893 -4.85707759857 -0.685497522354 -12.9051923752 -4.84506511688 -0.700999200344 -12.9051771164 -4.94286823273 -0.675581514835 -12.9051618576 -4.86346149445 -0.682581484318 -12.9047927856 -4.95998239517 -0.682581484318 -12.9046401978 -4.85146188736 -0.682581484318 -12.9043827057 -4.94889545441 -0.675581514835 -12.904378891 -4.86050701141 -0.675581514835 -12.9043769836 -4.8544178009 -0.675581514835 -12.9041252136 -4.85665845871 -0.700907945633 -12.9039020538 -4.95180892944 -0.682621121407 -12.9038724899 -4.94293928146 -0.675581514835 -12.9037456512 -4.93989658356 -0.682581484318 -12.9036588669 -4.95426797867 -0.693667948246 -12.9031972885 -4.94835472107 -0.682667315006 -12.9030847549 -4.85164403915 -0.682581484318 -12.9030809402 -4.86327934265 -0.682581484318 -12.902926445 -4.8468708992 -0.692750513554 -12.902759552 -4.93391990662 -0.682581484318 -12.902759552 -4.86939287186 -0.682581484318 -12.9026966095 -4.94817733765 -0.675581514835 -12.9026947021 -4.85513734818 -0.675581514835 -12.9026937485 -4.94352674484 -0.675581514835 -12.9026927948 -4.85978555679 -0.675581514835 -12.9025144577 -4.94452857971 -0.683060228825 -12.9024744034 -4.95146894455 -0.682581484318 -12.9020490646 -4.95140218735 -0.682438373566 -12.9019479752 -4.85885572433 -0.696393311024 -12.90184021 -4.9405207634 -0.682581484318 -12.9018011093 -4.94690847397 -0.675581514835 -12.9018011093 -4.85640287399 -0.675581514835 -12.9017496109 -4.94585084915 -0.682634592056 -12.9016895294 -4.94505786896 -0.675581514835 -12.9016895294 -4.85825443268 -0.675581514835 -12.901599884 -4.93949079514 -0.691206157207 -12.9015073776 -4.9399061203 -0.684930682182 -12.9012393951 -4.86408615112 -0.690823197365 -12.901181221 -4.85253047943 -0.682581484318 -12.90117836 -4.86239242554 -0.682581484318 -12.9007196426 -4.84870100021 -0.701005220413 -12.9007024765 -4.93230819702 -0.682581484318 -12.9007024765 -4.87100458145 -0.682581484318 -12.900639534 -4.93383789062 -0.682581484318 -12.900639534 -4.86947488785 -0.682581484318 -12.9006137848 -4.85325145721 -0.700928032398 -12.9005479813 -4.86789798737 -0.675581514835 -12.9004297256 -4.92938995361 -0.677581489086 -12.9004297256 -4.86688995361 -0.677581489086 -12.9004201889 -4.95496702194 -0.687804460526 -12.9003486633 -4.95011997223 -0.682581484318 -12.9002008438 -4.94178152084 -0.682581484318 -12.9001922607 -4.85941410065 -0.683107435703 -12.9001560211 -4.94184017181 -0.683088779449 -12.9001560211 -4.87298250198 -0.682581484318 -12.9001541138 -4.93032598495 -0.682581484318 -12.900021553 -4.86749505997 -0.682581484318 -12.9000196457 -4.93582105637 -0.682581484318 -12.9000101089 -4.95029115677 -0.682213544846 -12.9000072479 -4.93017959595 -0.675574541092 -12.8999290466 -4.86115312576 -0.68296444416 -12.8997411728 -4.85396146774 -0.682581484318 -12.8997392654 -4.86096000671 -0.682581484318 -12.8996009827 -4.85269212723 -0.684606313705 -12.899310112 -4.94308423996 -0.682588577271 -12.8991279602 -4.87527799606 -0.675581514835 -12.8991069794 -4.94810581207 -0.682902514935 -12.8990221024 -4.94800806046 -0.682581484318 -12.8990001678 -4.85951423645 -0.682581484318 -12.8989706039 -4.92865419388 -0.682581484318 -12.8989696503 -4.87466049194 -0.682581484318 -12.8989677429 -4.859354496 -0.682248413563 -12.8989267349 -4.86235189438 -0.693831264973 -12.8988246918 -4.85588598251 -0.682581484318 -12.8988046646 -4.8545794487 -0.696925580502 -12.8986816406 -4.94659757614 -0.682609915733 -12.8986473083 -4.85725259781 -0.683213829994 -12.898639679 -4.85798883438 -0.682581484318 -12.8983516693 -4.86561632156 -0.682581484318 -12.8983459473 -4.93770074844 -0.682581484318 -12.8983316422 -4.9384021759 -0.675581514835 -12.8981018066 -4.9384059906 -0.677581489086 -12.8981018066 -4.8759059906 -0.677581489086 -12.8978595734 -4.92542791367 -0.682581484318 -12.8978595734 -4.87788391113 -0.682581484318 -12.8975000381 -4.93365287781 -0.682581484318 -12.8975000381 -4.87115287781 -0.682581484318 -12.8974342346 -4.86998081207 -0.686824440956 -12.8974237442 -4.93831300735 -0.683177232742 -12.8974218369 -4.8650021553 -0.683140337467 -12.8973388672 -4.9274892807 -0.682581484318 -12.8973302841 -4.87582731247 -0.682581484318 -12.8971223831 -4.84997177124 -0.682581782341 -12.8970499039 -4.95310878754 -0.701001524925 -12.896946907 -4.85203504562 -0.692293584347 -12.8967504501 -4.93086481094 -0.682581484318 -12.8967504501 -4.86836481094 -0.682581484318 -12.8965902328 -4.85067176819 -0.701001524925 -12.8964233398 -4.93868589401 -0.682630598545 -12.8964223862 -4.86462688446 -0.682592391968 -12.8959598541 -4.93107509613 -0.685361027718 -12.8957996368 -4.95468902588 -0.701001524925 -12.8957996368 -4.84862279892 -0.701001524925 -12.8957853317 -4.93747377396 -0.693859934807 -12.8957061768 -4.93571376801 -0.682843327522 -12.8956327438 -4.84843540192 -0.675581693649 -12.8954877853 -4.85948801041 -0.68261629343 -12.8954601288 -4.93569517136 -0.682581484318 -12.8954601288 -4.87319517136 -0.682581484318 -12.895450592 -4.95157957077 -0.682581484318 -12.8954343796 -4.86801052094 -0.683065295219 -12.8953933716 -4.92692327499 -0.682581484318 -12.8953933716 -4.87638902664 -0.682581484318 -12.8950195312 -4.85839986801 -0.693806171417 -12.8948984146 -4.87396526337 -0.691358149052 -12.8944997787 -4.88709783554 -0.675581514835 -12.8944883347 -4.91781520844 -0.682581484318 -12.8944501877 -4.88501310349 -0.682581484318 -12.8943901062 -4.88656759262 -0.682581484318 -12.8942346573 -4.95328235626 -0.675581395626 -12.8942155838 -4.85518312454 -0.685561776161 -12.8941488266 -4.88349485397 -0.682581484318 -12.8941478729 -4.91982078552 -0.682581484318 -12.8941278458 -4.91576147079 -0.682581484318 -12.8939599991 -4.93011808395 -0.682581484318 -12.8939599991 -4.86761808395 -0.682634592056 -12.8939599991 -4.86761808395 -0.682581484318 -12.8939199448 -4.88798999786 -0.682581484318 -12.8938808441 -4.92757177353 -0.690941870213 -12.8937654495 -4.9265127182 -0.675581514835 -12.8937253952 -4.94192647934 -0.693931341171 -12.8937215805 -4.91328525543 -0.675584197044 -12.8934135437 -4.87673711777 -0.675581514835 -12.8933591843 -4.87627458572 -0.682581484318 -12.8933534622 -4.92703962326 -0.682581484318 -12.8931341171 -4.94489908218 -0.68404763937 -12.8930997849 -4.8893237114 -0.682581484318 -12.8929948807 -4.93108463287 -0.683094680309 -12.8928613663 -4.88130760193 -0.682581484318 -12.8928594589 -4.92200708389 -0.682581484318 -12.8928394318 -4.90787553787 -0.682582199574 -12.8928394318 -4.89543676376 -0.682582199574 -12.8927927017 -4.91359329224 -0.682581484318 -12.892742157 -4.87266492844 -0.68307030201 -12.8926696777 -4.93494701385 -0.682581484318 -12.8926696777 -4.87244701385 -0.682581484318 -12.892496109 -4.89937496185 -0.675577640533 -12.8924665451 -4.90369558334 -0.677581489086 -12.892416954 -4.92708301544 -0.677581489086 -12.892416954 -4.86458301544 -0.677581489086 -12.8923721313 -4.94615793228 -0.690164804459 -12.8923110962 -4.90065526962 -0.682581484318 -12.8921632767 -4.9031662941 -0.682581484318 -12.8921194077 -4.86496162415 -0.682568073273 -12.892115593 -4.93834877014 -0.682572722435 -12.8919906616 -4.86411571503 -0.675581514835 -12.8919200897 -4.93215894699 -0.682581484318 -12.8919200897 -4.86965894699 -0.682583451271 -12.891919136 -4.93215942383 -0.682641804218 -12.8919000626 -4.89206790924 -0.675581514835 -12.8914756775 -4.8754863739 -0.682581484318 -12.8914699554 -4.92782974243 -0.682581484318 -12.891456604 -4.88265132904 -0.685715317726 -12.8914146423 -4.91704082489 -0.675581514835 -12.8914136887 -4.88468647003 -0.675581514835 -12.8913354874 -4.92787313461 -0.68329501152 -12.8913249969 -4.90502166748 -0.682581484318 -12.8913249969 -4.89829063416 -0.682581484318 -12.8913249969 -4.88296222687 -0.690602600574 -12.8913183212 -4.8864941597 -0.675581514835 -12.8913173676 -4.91884803772 -0.675581514835 -12.8913125992 -4.8754196167 -0.683289408684 -12.8913087845 -4.93806266785 -0.677581489086 -12.8913087845 -4.87556266785 -0.677581489086 -12.8911657333 -4.9059510231 -0.675581514835 -12.8911523819 -4.89090967178 -0.682581484318 -12.8911066055 -4.86563253403 -0.682899594307 -12.89103508 -4.93787193298 -0.675581514835 -12.8907356262 -4.9234085083 -0.682581484318 -12.8907337189 -4.87990283966 -0.682581484318 -12.8906793594 -4.91223239899 -0.682581484318 -12.8905944824 -4.91570615768 -0.675581514835 -12.8905944824 -4.88760662079 -0.675581514835 -12.8905897141 -4.88334941864 -0.675581514835 -12.8905496597 -4.91806745529 -0.685977756977 -12.8904247284 -4.86617851257 -0.682581484318 -12.8904209137 -4.9371304512 -0.682581484318 -12.8903665543 -4.93727636337 -0.68260627985 -12.8902397156 -4.87441205978 -0.682597219944 -12.8902339935 -4.92890787125 -0.682605147362 -12.8902273178 -4.89675283432 -0.677581489086 -12.8902206421 -4.92033147812 -0.675581514835 -12.8899230957 -4.89681911469 -0.682581484318 -12.8899211884 -4.90649461746 -0.682581484318 -12.8898162842 -4.85862064362 -0.682581543922 -12.8897352219 -4.92368507385 -0.682954907417 -12.8897066116 -4.8782119751 -0.693779945374 -12.8895759583 -4.87952613831 -0.683329820633 -12.8894176483 -4.86735725403 -0.682830631733 -12.8894100189 -4.91181898117 -0.68908405304 -12.8892583847 -4.8678393364 -0.682581484318 -12.889257431 -4.93547153473 -0.682581484318 -12.88925457 -4.91487932205 -0.675581514835 -12.8892507553 -4.88843393326 -0.675581514835 -12.8892507553 -4.88252639771 -0.675581514835 -12.889131546 -4.89222097397 -0.685729324818 -12.889125824 -4.935546875 -0.682564914227 -12.8891201019 -4.90090894699 -0.682581484318 -12.8889703751 -4.94343709946 -0.701001524925 -12.8888988495 -4.91816139221 -0.692885577679 -12.8887586594 -4.87123584747 -0.682627379894 -12.8887577057 -4.93207931519 -0.682618737221 -12.8887386322 -4.86952543259 -0.682741343975 -12.8887214661 -4.9335603714 -0.682581484318 -12.8887214661 -4.86975336075 -0.682581484318 -12.8887071609 -4.89296150208 -0.691501915455 -12.8886928558 -4.87183666229 -0.675581514835 -12.8886814117 -4.91181468964 -0.682581484318 -12.888671875 -4.89149808884 -0.682581484318 -12.888669014 -4.93379259109 -0.682508647442 -12.888628006 -4.92385721207 -0.682666599751 -12.8886222839 -4.87945318222 -0.682644665241 -12.8886003494 -4.86041593552 -0.701001524925 -12.8885507584 -4.88298082352 -0.683037519455 -12.8885297775 -4.92082452774 -0.683349430561 -12.8883905411 -4.93216943741 -0.675581514835 -12.8883800507 -4.90369701385 -0.682581484318 -12.8883609772 -4.93252372742 -0.677581489086 -12.8883609772 -4.87002372742 -0.677581489086 -12.8882894516 -4.90215969086 -0.685295939445 -12.8882265091 -4.90315580368 -0.691344380379 -12.8882083893 -4.92087841034 -0.675581514835 -12.888094902 -4.90741539001 -0.682581484318 -12.888094902 -4.8958978653 -0.682581484318 -12.8877315521 -4.94176244736 -0.682581484318 -12.8877010345 -4.93639802933 -0.692609429359 -12.8876962662 -4.88839197159 -0.675581514835 -12.8876924515 -4.91492128372 -0.675581514835 -12.8876905441 -4.88257026672 -0.675581514835 -12.8873996735 -4.94467401505 -0.701001524925 -12.8873996735 -4.94467401505 -0.675581514835 -12.8873996735 -4.85863780975 -0.701001524925 -12.8873996735 -4.85863780975 -0.675581514835 -12.8872804642 -4.91562891006 -0.683081507683 -12.8870983124 -4.88815116882 -0.683210611343 -12.8870801926 -4.89886808395 -0.682581484318 -12.8870201111 -4.88297986984 -0.682634592056 -12.8866662979 -4.91208696365 -0.682581484318 -12.8866662979 -4.89122438431 -0.682581484318 -12.8866033554 -4.8911819458 -0.683045625687 -12.8865594864 -4.91209840775 -0.683102548122 -12.8865356445 -4.92016792297 -0.675581514835 -12.8865337372 -4.88314676285 -0.675581514835 -12.8865327835 -4.91550016403 -0.675581514835 -12.8865318298 -4.8878121376 -0.675581514835 -12.8865089417 -4.86712741852 -0.684896290302 -12.8860759735 -4.90767192841 -0.682581484318 -12.8860759735 -4.89564037323 -0.682581484318 -12.8859872818 -4.89561796188 -0.683161318302 -12.8859815598 -4.91927671432 -0.682419419289 -12.8859729767 -4.91638278961 -0.682596206665 -12.8859682083 -4.90769767761 -0.683207631111 -12.8857650757 -4.89922142029 -0.683054447174 -12.8857593536 -4.90459871292 -0.68305516243 -12.8857078552 -4.86825084686 -0.691253840923 -12.8856859207 -4.93627738953 -0.68781965971 -12.8856134415 -4.91885185242 -0.675581514835 -12.8856134415 -4.8864979744 -0.675581514835 -12.8855895996 -4.90444517136 -0.682581484318 -12.8855829239 -4.8854804039 -0.682529628277 -12.8855171204 -4.91703653336 -0.675581514835 -12.8855171204 -4.88468265533 -0.675581514835 -12.8854341507 -4.89067840576 -0.682570397854 -12.885389328 -4.90805006027 -0.677581489086 -12.885386467 -4.89526224136 -0.675581514835 -12.8851985931 -4.91279506683 -0.682621598244 -12.88484478 -4.92262506485 -0.682618498802 -12.88484478 -4.88068819046 -0.682616531849 -12.8847942352 -4.89149665833 -0.682585954666 -12.8844976425 -4.89594268799 -0.682602703571 -12.8844690323 -4.90736103058 -0.682596623898 -12.8842973709 -4.89961624146 -0.682576298714 -12.8842897415 -4.89961481094 -0.682581484318 -12.8842563629 -4.90391397476 -0.693864583969 -12.8840398788 -4.90975379944 -0.682581484318 -12.8837633133 -4.92159509659 -0.682581484318 -12.8837633133 -4.88171720505 -0.682581484318 -12.8836269379 -4.92142772675 -0.682759642601 -12.8835496902 -4.90240287781 -0.682581484318 -12.8835363388 -4.88193559647 -0.682628273964 -12.8833942413 -4.86907577515 -0.682580411434 -12.8833522797 -4.8813252449 -0.693900108337 -12.8829469681 -4.89615058899 -0.677581489086 -12.8829460144 -4.90716171265 -0.675581514835 -12.8829288483 -4.91550588608 -0.682617247105 -12.8829288483 -4.88780784607 -0.682617783546 -12.8828029633 -4.91987657547 -0.682581484318 -12.8828020096 -4.88343763351 -0.682581484318 -12.8826799393 -4.93252086639 -0.701001524925 -12.8824300766 -4.91940450668 -0.682597160339 -12.8824234009 -4.91739749908 -0.682581484318 -12.8824234009 -4.88591480255 -0.682581484318 -12.8824224472 -4.88609075546 -0.682614862919 -12.8824100494 -4.87138795853 -0.701001524925 -12.882358551 -4.91733121872 -0.682466804981 -12.8823156357 -4.88388204575 -0.682372093201 -12.8817920685 -4.8781709671 -0.684942483902 -12.8817796707 -4.93073272705 -0.682581484318 -12.8814592361 -4.92076873779 -0.693040013313 -12.8814172745 -4.90512418747 -0.682711243629 -12.8814144135 -4.89819097519 -0.682702600956 -12.8813705444 -4.92522668839 -0.685797095299 -12.8809614182 -4.92521190643 -0.68953371048 -12.8808603287 -4.93335294724 -0.701001524925 -12.8808603287 -4.93335294724 -0.675581514835 -12.8808603287 -4.86995983124 -0.701001524925 -12.8808603287 -4.86995983124 -0.675581514835 -12.8808364868 -4.8992023468 -0.682581484318 -12.8808059692 -4.87833023071 -0.688727974892 -12.8806905746 -4.90760850906 -0.693865716457 -12.8806152344 -4.90364933014 -0.682581484318 -12.8803405762 -4.90112447739 -0.682581484318 -12.8802709579 -4.90296506882 -0.682507812977 -12.8802633286 -4.90052461624 -0.682609736919 -12.8801984787 -4.90289306641 -0.677581489086 -12.8801984787 -4.90041923523 -0.675581514835 -12.8795108795 -4.88664579391 -0.692154705524 -12.8785619736 -4.88156795502 -0.682581484318 -12.8783998489 -4.91368770599 -0.685790657997 -12.8783597946 -4.92068576813 -0.701001524925 -12.8781900406 -4.88326215744 -0.701001524925 -12.8780069351 -4.91371679306 -0.689514935017 -12.8779363632 -4.88974380493 -0.686451017857 -12.8778495789 -4.91902017593 -0.682582437992 -12.8773851395 -4.90179586411 -0.685771405697 -12.8771276474 -4.90158653259 -0.690535008907 -12.8766374588 -4.88098192215 -0.675581514835 -12.8763904572 -4.92106819153 -0.701001524925 -12.8763904572 -4.92106819153 -0.675581514835 -12.8763904572 -4.88224506378 -0.701001524925 -12.876162529 -4.89385461807 -0.682581484318 -12.8761396408 -4.90828323364 -0.701001524925 -12.8760795593 -4.89568376541 -0.701001524925 -12.8759117126 -4.90735578537 -0.682582080364 -12.8741197586 -4.90819311142 -0.701001524925 -12.8741197586 -4.89512014389 -0.701001524925 -12.8741197586 -4.89512014389 -0.675581514835 -12.8738517761 -4.90626239777 -0.67558157444 -12.8728713989 -5.03464698792 -0.663473546505 -12.8728713989 -5.03264713287 -0.663689613342 -12.8728713989 -4.77066516876 -0.663473546505 -12.8728713989 -4.76866579056 -0.663689613342 -12.8722677231 -4.76866579056 -0.662061393261 -12.8721513748 -5.03464698792 -0.665244221687 -12.8721513748 -4.77066516876 -0.665244221687 -12.8721504211 -5.03264713287 -0.661918699741 -12.8720874786 -5.03464698792 -0.661909222603 -12.8720874786 -5.03264713287 -0.665253639221 -12.8720874786 -4.77066516876 -0.661909222603 -12.8720874786 -4.76866579056 -0.665253639221 -12.8703594208 -5.03264713287 -0.66556173563 -12.8703584671 -5.03464698792 -0.661601364613 -12.8700380325 -4.76866579056 -0.661615610123 -12.869884491 -4.77066516876 -0.665441274643 -12.8697118759 -5.03464698792 -0.665377914906 -12.8697118759 -5.03264713287 -0.661785006523 -12.8696374893 -4.77066516876 -0.661788761616 -12.8696374893 -4.76866579056 -0.665374219418 -12.8688030243 -4.77066516876 -0.663836479187 -12.8688030243 -4.76866579056 -0.663326621056 -12.8687791824 -5.03464698792 -0.662943840027 -12.8687791824 -5.03264713287 -0.664219498634 -12.8593873978 -4.84079408646 -0.521661996841 -12.8593816757 -4.96225690842 -0.521790385246 -12.8593025208 -4.96309280396 -0.520855307579 -12.8592700958 -4.93165588379 -0.522298574448 -12.8592672348 -4.84014606476 -0.520676195621 -12.8591508865 -4.84153747559 -0.522753238678 -12.8590812683 -4.9631562233 -0.520220160484 -12.8590393066 -4.83954143524 -0.522992551327 -12.8590211868 -4.96342134476 -0.523225903511 -12.8589897156 -4.96437120438 -0.522436797619 -12.8589801788 -4.84015607834 -0.520034372807 -12.8589410782 -4.84087657928 -0.523531675339 -12.8589315414 -4.96227693558 -0.523571848869 -12.8588562012 -4.83858060837 -0.522170484066 -12.8585720062 -4.9631562233 -0.519468545914 -12.8585157394 -4.84015607834 -0.519409000874 -12.8583431244 -4.96538305283 -0.522050261497 -12.858288765 -4.83789205551 -0.522035300732 -12.8578863144 -4.84087896347 -0.521639764309 -12.8578577042 -4.96224355698 -0.521792292595 -12.8578462601 -4.96301746368 -0.521182835102 -12.8578300476 -4.9631562233 -0.518889427185 -12.8578195572 -4.93165588379 -0.521910429001 -12.8577604294 -4.84011411667 -0.520917892456 -12.8577575684 -4.84015607834 -0.518850445747 -12.8576316833 -4.83985996246 -0.522556483746 -12.8576192856 -4.83938550949 -0.521868944168 -12.8576002121 -4.96183586121 -0.522742986679 -12.8575944901 -4.96397638321 -0.521834492683 -12.8575878143 -4.9631562233 -0.520623087883 -12.8575696945 -4.9633846283 -0.522845864296 -12.8575296402 -4.83739423752 -0.521830439568 -12.8574991226 -4.84124135971 -0.523119747639 -12.8574552536 -4.96595144272 -0.521810293198 -12.8574438095 -4.84015607834 -0.520468652248 -12.8572483063 -4.83894538879 -0.521756410599 -12.8572044373 -4.96440029144 -0.521744549274 -12.8571500778 -4.96415615082 -0.518624484539 -12.8571500778 -4.9631562233 -0.518624484539 -12.8571500778 -4.84015607834 -0.518624484539 -12.8571500778 -4.83915615082 -0.518624484539 -12.8569841385 -4.9631562233 -0.52013361454 -12.8569288254 -4.84015607834 -0.520118415356 -12.856760025 -4.96415615082 -0.52007329464 -12.856760025 -4.83915615082 -0.52007329464 -12.8566303253 -4.96615600586 -0.520556271076 -12.8566303253 -4.96465587616 -0.520556271076 -12.8566303253 -4.83865594864 -0.520556271076 -12.8566303253 -4.83715581894 -0.520556271076 -12.8565816879 -4.83865642548 -0.521578907967 -12.8565635681 -4.8371553421 -0.52157497406 -12.8565444946 -4.96615552902 -0.521568059921 -12.8565330505 -4.96465587616 -0.521565556526 -12.8541021347 -4.81511259079 -0.448445469141 -12.8540840149 -4.98818731308 -0.448434591293 -12.853717804 -4.98778676987 -0.448214441538 -12.8536930084 -4.81554841995 -0.44820484519 -12.853433609 -4.8160738945 -0.448051273823 -12.8534221649 -4.98723268509 -0.448061794043 -12.8533000946 -4.98658370972 -0.447983950377 -12.8533000946 -4.8166718483 -0.4479842484 -12.8532304764 -4.81338787079 -0.447939008474 -12.8531017303 -4.98983860016 -0.447864979506 -12.8526830673 -4.81381368637 -0.447770476341 -12.8523864746 -4.98917913437 -0.447673588991 -12.85197258 -4.98860692978 -0.447548091412 -12.8519573212 -4.81471729279 -0.447541236877 -12.8516368866 -4.98788976669 -0.447466164827 -12.8515796661 -4.81559371948 -0.447453916073 -12.8514375687 -4.98719501495 -0.447443038225 -12.8513727188 -4.81647253036 -0.447464317083 -12.8513698578 -4.97092819214 -0.447466313839 -12.8513698578 -4.90385723114 -0.447466313839 -12.8513698578 -4.8952960968 -0.447466313839 -12.8513698578 -4.83611774445 -0.447466284037 -12.8459434509 -4.94315195084 -0.572050571442 -12.8459396362 -4.96031093597 -0.572049379349 -12.8456134796 -4.94167089462 -0.573264718056 -12.845574379 -4.9616522789 -0.573432385921 -12.8449459076 -4.93623876572 -0.575773835182 -12.8449001312 -4.88415622711 -0.504470527172 -12.8449001312 -4.82938718796 -0.504470825195 -12.8448991776 -4.97443056107 -0.504472851753 -12.8448667526 -4.9276008606 -0.576068580151 -12.8448343277 -4.92538642883 -0.576180815697 -12.8447875977 -4.82802820206 -0.504885017872 -12.8446455002 -4.93849802017 -0.576885044575 -12.8445501328 -4.97621488571 -0.5057721138 -12.8445253372 -4.93467473984 -0.577340900898 -12.8444957733 -4.96035861969 -0.57166749239 -12.8444957733 -4.94293785095 -0.571662306786 -12.844370842 -4.928814888 -0.577903330326 -12.8443431854 -4.82668638229 -0.506543457508 -12.8442716599 -4.92462491989 -0.578272759914 -12.8441934586 -4.97665309906 -0.507091701031 -12.8441143036 -4.96165370941 -0.573083996773 -12.8441038132 -4.94166660309 -0.57310128212 -12.8441038132 -4.93843126297 -0.578904390335 -12.8440141678 -4.93510770798 -0.579239964485 -12.8439264297 -4.97139930725 -0.508081138134 -12.8439226151 -4.8670592308 -0.508120596409 -12.8439216614 -4.83206129074 -0.508121609688 -12.843919754 -4.9276137352 -0.579578697681 -12.8438949585 -4.90240001678 -0.508217573166 -12.8438901901 -4.92588472366 -0.579710662365 -12.8438720703 -4.93694734573 -0.579789340496 -12.8438711166 -4.9376077652 -0.508301436901 -12.8438596725 -4.93577766418 -0.508343935013 -12.8438596725 -4.90077733994 -0.508344292641 -12.8438587189 -4.83077669144 -0.508345007896 -12.8438539505 -4.86576652527 -0.50835621357 -12.8438091278 -4.97273731232 -0.508524596691 -12.8436594009 -4.97030115128 -0.509091675282 -12.8436422348 -4.86799430847 -0.509147822857 -12.8436355591 -4.83299589157 -0.509178221226 -12.8435506821 -4.90292787552 -0.50948882103 -12.8435373306 -4.83039522171 -0.509551525116 -12.8435220718 -4.83915615082 -0.514971613884 -12.8435058594 -4.96415615082 -0.514967441559 -12.8434829712 -4.93658399582 -0.575434088707 -12.8434829712 -4.92660951614 -0.575433969498 -12.8434791565 -4.86542415619 -0.509766161442 -12.8434152603 -4.90048885345 -0.509994208813 -12.8433933258 -4.97269439697 -0.510093808174 -12.8433647156 -4.93763256073 -0.510196864605 -12.8433599472 -4.94165611267 -0.581703126431 -12.8433599472 -4.93165588379 -0.581703126431 -12.8433599472 -4.84015607834 -0.581703126431 -12.8433523178 -4.93559646606 -0.510232567787 -12.8432950974 -4.93817472458 -0.576136171818 -12.8432893753 -4.92819881439 -0.576160132885 -12.8432826996 -4.90214729309 -0.510483682156 -12.8432788849 -4.97123527527 -0.510508537292 -12.8432788849 -4.92507743835 -0.576203286648 -12.8432559967 -4.86693525314 -0.510593533516 -12.8432321548 -4.83169603348 -0.510678052902 -12.8431653976 -4.93472528458 -0.576620876789 -12.8430347443 -4.83915615082 -0.514700293541 -12.8429956436 -4.96415615082 -0.514664769173 -12.8429708481 -4.83715581894 -0.516895413399 -12.842956543 -4.96415615082 -0.516372382641 -12.8428621292 -4.92872333527 -0.577742993832 -12.8428611755 -4.93872356415 -0.577742099762 -12.8428459167 -4.93642663956 -0.583612263203 -12.842833519 -4.83915615082 -0.516339123249 -12.8428316116 -4.92587327957 -0.583667755127 -12.8428211212 -4.96615695953 -0.516855418682 -12.8428087234 -4.83865404129 -0.516852080822 -12.8427801132 -4.9648809433 -0.512370884418 -12.8427753448 -4.83865642548 -0.512402236462 -12.8427467346 -4.92464256287 -0.578167498112 -12.8427391052 -4.92793369293 -0.584006905556 -12.8427381516 -4.93793439865 -0.584007263184 -12.8426980972 -4.96465921402 -0.516822338104 -12.8426532745 -4.83766412735 -0.512861728668 -12.8426513672 -4.93504333496 -0.584330320358 -12.84263134 -4.96565198898 -0.512929022312 -12.8426198959 -4.93500900269 -0.578649401665 -12.8426198959 -4.83915615082 -0.514141201973 -12.8425865173 -4.86690330505 -0.507292211056 -12.8425712585 -4.83133077621 -0.507352054119 -12.8425703049 -4.88415622711 -0.513163805008 -12.8425617218 -4.90203380585 -0.507380545139 -12.8425607681 -4.96411991119 -0.513194799423 -12.8425540924 -4.93655014038 -0.50741481781 -12.842549324 -4.96415615082 -0.51396137476 -12.8425369263 -4.97085142136 -0.507471144199 -12.8425140381 -4.97251939774 -0.507556140423 -12.8425140381 -4.9007935524 -0.507556378841 -12.8425130844 -4.83918476105 -0.513464570045 -12.8425073624 -4.97169494629 -0.507587194443 -12.8425073624 -4.90169429779 -0.507587134838 -12.8425016403 -4.83255815506 -0.507600903511 -12.842499733 -4.86680936813 -0.507619380951 -12.842499733 -4.83180952072 -0.507619440556 -12.8424930573 -4.92772674561 -0.579128324986 -12.8424854279 -4.93768167496 -0.507666528225 -12.842420578 -4.92614269257 -0.579380869865 -12.8424024582 -4.92462062836 -0.585267782211 -12.8423976898 -4.93710327148 -0.579490482807 -12.8423929214 -4.93526363373 -0.508023679256 -12.8423929214 -4.86526250839 -0.508024871349 -12.8423805237 -4.93867969513 -0.585343778133 -12.84237957 -4.90306138992 -0.508081197739 -12.84237957 -4.83034706116 -0.508074343204 -12.8423480988 -4.86802864075 -0.508193790913 -12.8423147202 -4.83693695068 -0.516719818115 -12.842291832 -4.97310829163 -0.508404493332 -12.8422861099 -4.92873859406 -0.585688710213 -12.8422803879 -4.93542528152 -0.508441388607 -12.8422603607 -4.93463277817 -0.585787832737 -12.842250824 -4.97040653229 -0.508552849293 -12.8422336578 -4.90292358398 -0.508615136147 -12.8422241211 -4.86531305313 -0.508644223213 -12.8422031403 -4.83331441879 -0.508726298809 -12.8421802521 -4.89999008179 -0.508816003799 -12.8421649933 -4.93830299377 -0.508868694305 -12.842133522 -4.90025949478 -0.508989274502 -12.8421258926 -4.96998977661 -0.509006559849 -12.8421239853 -4.96415615082 -0.515891253948 -12.8421154022 -4.93507671356 -0.509049594402 -12.8420791626 -4.93805456161 -0.509190499783 -12.8420791626 -4.83305454254 -0.509190142155 -12.8420619965 -4.90322208405 -0.509247362614 -12.8420391083 -4.86820316315 -0.509339153767 -12.8420276642 -4.83005619049 -0.50936961174 -12.8420171738 -4.96663665771 -0.516640365124 -12.8420124054 -4.92499876022 -0.586710214615 -12.8419971466 -4.97318887711 -0.509494304657 -12.8419246674 -4.86521244049 -0.509768545628 -12.8419103622 -4.9631562233 -0.581314921379 -12.8419103622 -4.94165611267 -0.581314921379 -12.8419103622 -4.93165588379 -0.581314921379 -12.8419103622 -4.84015607834 -0.581314921379 -12.8418998718 -4.93802309036 -0.587128460407 -12.8418941498 -4.92787027359 -0.587146401405 -12.8418741226 -4.83915615082 -0.515665471554 -12.8418674469 -4.83283662796 -0.509996771812 -12.8418664932 -4.93783569336 -0.509997904301 -12.8418359756 -4.93564128876 -0.587363898754 -12.8418340683 -4.83836174011 -0.516591310501 -12.8418331146 -4.97102832794 -0.510119438171 -12.8418283463 -4.93568086624 -0.510139346123 -12.8418226242 -4.86627101898 -0.510158360004 -12.8418207169 -4.90150260925 -0.510162830353 -12.8418121338 -4.83091640472 -0.510201096535 -12.8417959213 -4.97079133987 -0.510266125202 -12.8417959213 -4.90251970291 -0.510267019272 -12.8417949677 -4.97665596008 -0.516061902046 -12.841794014 -4.82665586472 -0.516062140465 -12.8417901993 -4.96565580368 -0.516061604023 -12.8417901993 -4.92635154724 -0.587532937527 -12.8417901993 -4.83765697479 -0.516061604023 -12.8417892456 -4.83630275726 -0.516579091549 -12.8417739868 -4.90085124969 -0.510352373123 -12.8417568207 -4.97215509415 -0.510406672955 -12.8417310715 -4.93669939041 -0.510502934456 -12.8417310715 -4.83169984818 -0.510502755642 -12.8417272568 -4.86699581146 -0.51051568985 -12.8416614532 -4.96744394302 -0.516544818878 -12.8416595459 -4.97665596008 -0.51654458046 -12.8416595459 -4.83574390411 -0.516544520855 -12.8416595459 -4.82665586472 -0.51654458046 -12.8416252136 -4.965072155 -0.516533792019 -12.8414926529 -4.96415615082 -0.515189349651 -12.8414096832 -4.83915615082 -0.515039801598 -12.8413820267 -4.93743753433 -0.583276867867 -12.8413801193 -4.92743682861 -0.58327627182 -12.8412885666 -4.96556663513 -0.512144446373 -12.8412885666 -4.93537855148 -0.583618819714 -12.8412675858 -4.83771848679 -0.51222038269 -12.8412351608 -4.83909225464 -0.512344777584 -12.8412046432 -4.924929142 -0.583933949471 -12.8411951065 -4.9641661644 -0.512494444847 -12.8411855698 -4.96165275574 -0.589820444584 -12.8411417007 -4.83915615082 -0.514432430267 -12.8411197662 -4.86537408829 -0.512775599957 -12.8411178589 -4.96415615082 -0.514351308346 -12.8410720825 -4.94168996811 -0.590239882469 -12.8410167694 -4.83774423599 -0.516371428967 -12.8410129547 -4.96415615082 -0.513452172279 -12.8410100937 -4.83915615082 -0.513516366482 -12.8409519196 -4.92869281769 -0.584882318974 -12.8409376144 -4.96565914154 -0.516350328922 -12.840929985 -4.93463277817 -0.584956943989 -12.8408069611 -4.93879652023 -0.585416197777 -12.8407735825 -4.96049022675 -0.591343700886 -12.8407697678 -4.94323635101 -0.591360569 -12.8406047821 -4.92486381531 -0.586156845093 -12.8405532837 -4.9282913208 -0.586350023746 -12.8405380249 -4.93504524231 -0.586417734623 -12.8404626846 -4.8368973732 -0.51622313261 -12.8404369354 -4.96647787094 -0.516216039658 -12.8403396606 -4.97665596008 -0.515673279762 -12.8403396606 -4.96565580368 -0.515673279762 -12.8403396606 -4.83765697479 -0.515673279762 -12.8403396606 -4.82665586472 -0.515673279762 -12.8403282166 -4.93699741364 -0.587197721004 -12.8403205872 -4.92659759521 -0.587223649025 -12.8402204514 -4.8359670639 -0.516159117222 -12.840218544 -4.96737718582 -0.516158342361 -12.8402099609 -4.97665596008 -0.516156315804 -12.8402099609 -4.82665586472 -0.516156315804 -12.839756012 -4.94165802002 -0.589355051517 -12.8396120071 -4.96161985397 -0.58986645937 -12.8393259048 -4.94273900986 -0.590950071812 -12.8393201828 -4.96007442474 -0.590972185135 -12.8386201859 -4.9743013382 -0.502788424492 -12.8386154175 -4.82893323898 -0.502804756165 -12.838385582 -4.97583150864 -0.503657519817 -12.8383464813 -4.82733249664 -0.503795325756 -12.8379945755 -4.97665500641 -0.505108475685 -12.8379631042 -4.82665634155 -0.505226016045 -12.8377504349 -4.86669874191 -0.50602710247 -12.8377084732 -4.93740272522 -0.506175935268 -12.8376951218 -4.93586874008 -0.506220340729 -12.8376283646 -4.86553430557 -0.506476342678 -12.8375358582 -4.8681473732 -0.506840586662 -12.8374290466 -4.93823957443 -0.50724697113 -12.8374147415 -4.93504190445 -0.507301449776 -12.8373031616 -4.86499023438 -0.507714867592 -12.8371706009 -4.86816263199 -0.508181333542 -12.8371009827 -4.93806171417 -0.508447825909 -12.8370933533 -4.935297966 -0.508486807346 -12.8369550705 -4.86744403839 -0.509015440941 -12.8369426727 -4.86590909958 -0.509059488773 -12.836889267 -4.93660926819 -0.509254038334 -12.8357906342 -4.97221565247 -0.505609810352 -12.8357906342 -4.83225822449 -0.505619883537 -12.835767746 -4.90254402161 -0.505706906319 -12.8357667923 -4.83086919785 -0.505702674389 -12.8357515335 -4.90073394775 -0.505756735802 -12.8357286453 -4.97055864334 -0.505841314793 -12.8355798721 -4.97311496735 -0.506399035454 -12.8354730606 -4.83004236221 -0.506781876087 -12.8354530334 -4.83333206177 -0.506859600544 -12.8354358673 -4.90003728867 -0.506925344467 -12.8353776932 -4.90330266953 -0.507143974304 -12.835267067 -4.97005653381 -0.507558584213 -12.8352193832 -4.97318840027 -0.507737517357 -12.8351659775 -4.90029668808 -0.507967174053 -12.8351650238 -4.83029603958 -0.507966279984 -12.8350601196 -4.90267896652 -0.508347868919 -12.8350572586 -4.83267879486 -0.508347213268 -12.8350009918 -4.97100734711 -0.508543372154 -12.8349838257 -4.97212362289 -0.508607685566 -12.8349714279 -4.90132427216 -0.508658647537 -12.8349714279 -4.83132410049 -0.508658766747 -12.8348932266 -4.83185195923 -0.541796207428 -12.8348884583 -4.97161912918 -0.541830480099 -12.8347997665 -4.9562921524 -0.517053186893 -12.8347997665 -4.87494897842 -0.517052471638 -12.8346796036 -4.86962795258 -0.51747828722 -12.8346681595 -4.9728884697 -0.54263728857 -12.8346538544 -4.97039842606 -0.542706310749 -12.8345975876 -4.83030462265 -0.542912244797 -12.8344249725 -4.83299779892 -0.543545365334 -12.8343400955 -4.86445188522 -0.518744409084 -12.8342971802 -4.97076797485 -0.544028401375 -12.8342437744 -4.97237062454 -0.544237971306 -12.8342227936 -4.83121538162 -0.544314563274 -12.8339195251 -4.97165584564 -0.512590229511 -12.8339195251 -4.90385723114 -0.512590229511 -12.8337898254 -4.85956287384 -0.520816206932 -12.8336515427 -4.80657243729 -0.513608574867 -12.8334960938 -4.972178936 -0.541209697723 -12.8334960938 -4.83217763901 -0.541209518909 -12.833480835 -4.97094726562 -0.54127407074 -12.8334684372 -4.83092975616 -0.541310012341 -12.8333740234 -4.83245992661 -0.541675806046 -12.8333625793 -4.97083330154 -0.541717708111 -12.8333311081 -4.83063030243 -0.54184037447 -12.8332548141 -4.97318887711 -0.542137145996 -12.8332548141 -4.83318901062 -0.542136907578 -12.833231926 -4.83009338379 -0.542216718197 -12.8332042694 -4.97291326523 -0.542317509651 -12.8331975937 -4.9700717926 -0.542353332043 -12.833029747 -4.85509204865 -0.523637115955 -12.8329372406 -4.83052396774 -0.54331022501 -12.8329353333 -4.83307504654 -0.543312072754 -12.8329248428 -4.97315073013 -0.543346345425 -12.83289814 -4.9704875946 -0.543461799622 -12.8328666687 -4.87528085709 -0.516533255577 -12.8328638077 -4.9562921524 -0.516533434391 -12.8328361511 -4.97031545639 -0.543679058552 -12.8328361511 -4.8303155899 -0.543678820133 -12.8328065872 -4.97239589691 -0.543806195259 -12.8327531815 -4.83161687851 -0.54399728775 -12.8327484131 -4.86962938309 -0.516960144043 -12.8326768875 -4.83866596222 -0.517233967781 -12.8326673508 -4.97199583054 -0.544322967529 -12.8326673508 -4.83199501038 -0.544322907925 -12.8324098587 -4.86445188522 -0.518226802349 -12.8320999146 -4.85116386414 -0.527130186558 -12.8318595886 -4.85956287384 -0.520298480988 -12.8318138123 -4.87256002426 -0.547517597675 -12.8317689896 -4.88833665848 -0.547670483589 -12.8317327499 -4.88985872269 -0.547809541225 -12.8316068649 -4.87124967575 -0.548281550407 -12.83157444 -4.88751888275 -0.548404693604 -12.8315315247 -4.87418174744 -0.54854875803 -12.8314342499 -4.99798488617 -0.521877706051 -12.8313808441 -4.89058256149 -0.549112856388 -12.8313236237 -4.87098693848 -0.549328446388 -12.8312473297 -4.88733673096 -0.549615979195 -12.8311443329 -4.87397766113 -0.550002038479 -12.8311004639 -4.85509204865 -0.523119390011 -12.8310375214 -4.87157487869 -0.550393819809 -12.8310203552 -4.88993215561 -0.550446212292 -12.8310098648 -4.84788417816 -0.531200170517 -12.8309698105 -4.8884100914 -0.550662100315 -12.830950737 -4.87293386459 -0.550711631775 -12.8301696777 -4.85116386414 -0.526612579823 -12.8297901154 -4.84534311295 -0.535736083984 -12.8290700912 -4.84788417816 -0.530682623386 -12.8288202286 -4.94098997116 -0.539345026016 -12.8288202286 -4.90803718567 -0.539345383644 -12.8288192749 -4.87395143509 -0.539349317551 -12.8286972046 -4.97185230255 -0.539824962616 -12.8286733627 -4.8321223259 -0.539917707443 -12.8286437988 -4.83087062836 -0.540026903152 -12.8285694122 -4.97053527832 -0.540282487869 -12.828494072 -4.97301626205 -0.540558457375 -12.8284826279 -4.87002420425 -0.540618240833 -12.8284797668 -4.8436088562 -0.540614128113 -12.8284368515 -4.83318805695 -0.540785610676 -12.8283166885 -4.82999801636 -0.541241049767 -12.8282403946 -4.96998977661 -0.541520237923 -12.8282165527 -4.97327518463 -0.541603207588 -12.8279762268 -4.8304772377 -0.542511284351 -12.8279743195 -4.83292531967 -0.542509794235 -12.8279619217 -4.97277832031 -0.542566478252 -12.8279533386 -4.97058677673 -0.542595028877 -12.8279161453 -5.03264713287 -0.663164317608 -12.8279161453 -4.76866579056 -0.663164317608 -12.8278770447 -5.03464698792 -0.663483381271 -12.8278770447 -4.77066516876 -0.663483381271 -12.8278598785 -4.84534311295 -0.535218477249 -12.8278465271 -4.83147764206 -0.542989432812 -12.8278398514 -4.9716129303 -0.543015778065 -12.8278026581 -4.84082794189 -0.639736115932 -12.8277702332 -4.86723661423 -0.543295383453 -12.8277053833 -4.96188497543 -0.640108764172 -12.8276796341 -4.96339464188 -0.640195012093 -12.8275156021 -4.83943748474 -0.640525341034 -12.8274412155 -4.84132385254 -0.641105413437 -12.8274402618 -4.93165588379 -0.641107499599 -12.827413559 -4.96408081055 -0.640640377998 -12.8273735046 -5.03464698792 -0.664952099323 -12.827299118 -4.96238994598 -0.641518354416 -12.8271512985 -4.77066516876 -0.665244281292 -12.8271436691 -4.840695858 -0.641846001148 -12.8271198273 -4.84273004532 -0.545701384544 -12.8271169662 -4.83873796463 -0.640955507755 -12.8270874023 -5.03464698792 -0.661909162998 -12.8270874023 -5.03264713287 -0.665253639221 -12.8270874023 -4.77066516876 -0.661909162998 -12.8270874023 -4.76866579056 -0.665253639221 -12.8270225525 -4.9647154808 -0.641003727913 -12.82700634 -4.86594247818 -0.546121954918 -12.8269195557 -4.96291923523 -0.6421828866 -12.8268899918 -4.94098997116 -0.538827300072 -12.8268899918 -4.90803718567 -0.538827955723 -12.8268899918 -4.88077116013 -0.538827717304 -12.8268718719 -4.87324047089 -0.538899958134 -12.8266572952 -4.83810472488 -0.640898704529 -12.8265638351 -4.84013700485 -0.642553150654 -12.82654953 -4.8436088562 -0.540096521378 -12.8264722824 -4.96540260315 -0.640848994255 -12.8263692856 -4.86904382706 -0.540777385235 -12.8263263702 -4.84060239792 -0.639443635941 -12.8263254166 -5.03264713287 -0.661552906036 -12.8263254166 -4.76866579056 -0.661552906036 -12.8262968063 -4.96202087402 -0.639576613903 -12.8261852264 -4.86571836472 -0.549198806286 -12.8261795044 -4.84148740768 -0.639993786812 -12.8261470795 -4.96345376968 -0.640045762062 -12.8261203766 -4.83982133865 -0.640121102333 -12.8260278702 -4.83757400513 -0.640730619431 -12.8259897232 -4.93165588379 -0.640719294548 -12.8259487152 -4.96227550507 -0.640868008137 -12.8259401321 -4.84094142914 -0.640903830528 -12.8259315491 -4.9631562233 -0.64301019907 -12.8258666992 -4.84015607834 -0.643031656742 -12.8258123398 -4.97202825546 -0.575688362122 -12.8258104324 -4.83205032349 -0.575694680214 -12.8257846832 -4.96394205093 -0.640653669834 -12.8257579803 -4.83933782578 -0.640670537949 -12.8257398605 -4.84273004532 -0.550858795643 -12.825720787 -4.83071279526 -0.576046049595 -12.8256912231 -4.96591806412 -0.640640318394 -12.8256578445 -4.97045612335 -0.57628017664 -12.8255958557 -4.84017372131 -0.6414052248 -12.8255672455 -4.9631485939 -0.641458153725 -12.8255357742 -4.86658382416 -0.543883621693 -12.8254356384 -4.83300304413 -0.577111840248 -12.8254137039 -5.03464698792 -0.665656328201 -12.8253927231 -4.83040618896 -0.577274501324 -12.8253726959 -4.97300052643 -0.577352702618 -12.8253593445 -5.03264713287 -0.665561795235 -12.8253583908 -5.03464698792 -0.661601305008 -12.825343132 -4.96443223953 -0.640546262264 -12.8252859116 -4.83884239197 -0.640530645847 -12.8251895905 -4.84273004532 -0.545183718204 -12.8251895905 -4.77066516876 -0.661627352238 -12.8251895905 -4.76866579056 -0.665535748005 -12.8251819611 -4.8669462204 -0.552923858166 -12.8251791 -4.83722114563 -0.640501618385 -12.825176239 -4.97096538544 -0.578064978123 -12.8251695633 -4.84015607834 -0.643263697624 -12.825138092 -4.83157444 -0.578213214874 -12.8251247406 -4.84015607834 -0.641725480556 -12.8250312805 -4.87221956253 -0.545773267746 -12.8250112534 -4.88939857483 -0.545831263065 -12.8249988556 -4.88828659058 -0.545897960663 -12.8249454498 -4.9741063118 -0.546096563339 -12.8249368668 -4.9631562233 -0.641781926155 -12.8249311447 -4.87370014191 -0.546151220798 -12.8248910904 -4.9631562233 -0.643318474293 -12.8247995377 -4.88747930527 -0.546635985374 -12.824798584 -4.87114858627 -0.546638309956 -12.8247499466 -4.926612854 -0.554551482201 -12.8247499466 -4.89371109009 -0.554551482201 -12.8247489929 -4.89054393768 -0.546823322773 -12.8247442245 -4.86571836472 -0.546844661236 -12.8247280121 -4.96615600586 -0.640380322933 -12.8246707916 -4.87420368195 -0.547105848789 -12.8246383667 -4.96465587616 -0.640357017517 -12.8245868683 -4.83865594864 -0.64034307003 -12.8245401382 -4.83715581894 -0.640331089497 -12.8245401382 -4.77066516876 -0.665304899216 -12.8245220184 -4.88734674454 -0.547669827938 -12.824508667 -4.84015607834 -0.643339276314 -12.8244552612 -4.86967229843 -0.555654227734 -12.8244514465 -5.03264713287 -0.662054479122 -12.8244495392 -4.76866579056 -0.662055373192 -12.8244428635 -4.97218847275 -0.575019419193 -12.8244428635 -4.83218097687 -0.575018048286 -12.8244371414 -4.87107515335 -0.547982335091 -12.824426651 -4.83112812042 -0.575075864792 -12.8244037628 -4.97079706192 -0.575169086456 -12.8243875504 -4.87401008606 -0.548175215721 -12.824379921 -4.8436088562 -0.55594599247 -12.8243637085 -4.9712395668 -0.575313150883 -12.8243560791 -4.89024782181 -0.548275053501 -12.8243541718 -4.84015607834 -0.641834259033 -12.824303627 -4.9631562233 -0.641821146011 -12.8242797852 -4.96615600586 -0.641296982765 -12.8242797852 -4.96465587616 -0.641296982765 -12.8242797852 -4.83865594864 -0.641296982765 -12.8242797852 -4.83715581894 -0.641296982765 -12.8242464066 -4.8303103447 -0.575732469559 -12.8242454529 -4.88806343079 -0.548692762852 -12.824213028 -4.97309350967 -0.575862526894 -12.8242015839 -4.88932085037 -0.54887086153 -12.8241930008 -4.83318901062 -0.575943946838 -12.8241710663 -4.87256002426 -0.548977077007 -12.8241500854 -4.96415615082 -0.641779899597 -12.8241500854 -4.83915615082 -0.641779899597 -12.8241462708 -4.83291196823 -0.576121509075 -12.8240938187 -5.03464698792 -0.662480056286 -12.8240642548 -4.96999025345 -0.576430439949 -12.8240509033 -4.97033309937 -0.576489150524 -12.8240423203 -4.87347316742 -0.557209432125 -12.8240394592 -4.94098091125 -0.557214617729 -12.8240308762 -4.97298002243 -0.576562106609 -12.8240118027 -4.97328233719 -0.576624631882 -12.8239898682 -4.830037117 -0.576701641083 -12.8239278793 -4.9631562233 -0.643273591995 -12.8239240646 -4.86594247818 -0.549921274185 -12.8239002228 -4.83042001724 -0.577042400837 -12.8238801956 -5.03464698792 -0.664226174355 -12.8238697052 -4.83315038681 -0.57715511322 -12.8238325119 -4.77066516876 -0.662992060184 -12.8238096237 -4.84273004532 -0.550341188908 -12.8237733841 -5.03264713287 -0.664209663868 -12.8237628937 -4.76866579056 -0.664015769958 -12.8237600327 -4.96415615082 -0.643228828907 -12.8237600327 -4.84015607834 -0.643228828907 -12.8237600327 -4.83915615082 -0.643228828907 -12.8237304688 -4.97053289413 -0.577666223049 -12.8237276077 -4.97217321396 -0.577683210373 -12.8237056732 -4.8322095871 -0.577767968178 -12.8237028122 -4.83062982559 -0.577772498131 -12.8236913681 -4.97265195847 -0.577820539474 -12.8236303329 -4.97150278091 -0.578045547009 -12.8236236572 -4.83212900162 -0.57807290554 -12.8231601715 -4.86723518372 -0.552744925022 -12.8230695724 -4.84534311295 -0.560823976994 -12.8228197098 -4.926612854 -0.554033815861 -12.8228197098 -4.89371109009 -0.554033756256 -12.8226051331 -4.85865926743 -0.581871449947 -12.8225917816 -4.85756444931 -0.581923723221 -12.8225688934 -4.86944103241 -0.554976940155 -12.8224401474 -4.8436088562 -0.55542832613 -12.8224020004 -4.85669279099 -0.582621335983 -12.8223905563 -4.8595995903 -0.582680761814 -12.8221273422 -4.873067379 -0.556613445282 -12.822101593 -4.94098138809 -0.556697785854 -12.822098732 -4.88478660583 -0.55669683218 -12.8220825195 -4.85657835007 -0.583828866482 -12.8220653534 -4.8597035408 -0.583885610104 -12.821849823 -4.84788513184 -0.565359890461 -12.8218231201 -4.85735464096 -0.584779500961 -12.821803093 -4.85874557495 -0.58486109972 -12.8211402893 -4.84534311295 -0.560306370258 -12.8209400177 -4.79927110672 -0.561028003693 -12.8207597733 -4.85116481781 -0.569429814816 -12.820520401 -4.96765613556 -0.589655518532 -12.820520401 -4.86537408829 -0.589655518532 -12.820520401 -4.83565616608 -0.589655518532 -12.8199195862 -4.84788513184 -0.564842224121 -12.8198299408 -4.85509204865 -0.572922885418 -12.8192577362 -4.90630292892 -0.5943557024 -12.819108963 -4.90473031998 -0.59491199255 -12.8190698624 -4.85956287384 -0.575743675232 -12.8190279007 -4.90754842758 -0.595205068588 -12.8188295364 -4.85116481781 -0.56891220808 -12.8186740875 -4.9075512886 -0.596558511257 -12.8186073303 -4.90461397171 -0.596786975861 -12.8185195923 -4.86445188522 -0.577815413475 -12.8184089661 -4.90639543533 -0.597533643246 -12.8181800842 -4.86962795258 -0.57908141613 -12.8180599213 -4.91778278351 -0.579506695271 -12.8180599213 -4.87494897842 -0.579507172108 -12.8178892136 -4.85509395599 -0.572406768799 -12.8177051544 -4.9719991684 -0.573111772537 -12.8176898956 -4.83184146881 -0.573150098324 -12.8175668716 -4.83039140701 -0.57362639904 -12.8175601959 -4.83284044266 -0.573633909225 -12.8175096512 -4.86827707291 -0.581551194191 -12.8175001144 -4.97021055222 -0.573860228062 -12.8174095154 -4.97321844101 -0.57420951128 -12.8173542023 -4.87311792374 -0.582155168056 -12.8173503876 -4.90049982071 -0.582170188427 -12.8172283173 -4.83331441879 -0.574900746346 -12.8171396255 -4.85956287384 -0.575226128101 -12.8171386719 -4.83009290695 -0.575215756893 -12.8170366287 -4.97026252747 -0.575601458549 -12.817027092 -5.00629615784 -0.575630068779 -12.8170175552 -4.97299766541 -0.57567435503 -12.8169269562 -4.83255815506 -0.576025545597 -12.8168621063 -4.83118104935 -0.576260447502 -12.816860199 -4.97325611115 -0.576260387897 -12.816860199 -4.97005605698 -0.576260387897 -12.8168487549 -4.97161340714 -0.57630521059 -12.8168153763 -4.79688501358 -0.576431751251 -12.8167657852 -4.83175516129 -0.60946637392 -12.816740036 -4.97229814529 -0.609552621841 -12.8165836334 -4.86445665359 -0.577300608158 -12.8165721893 -4.97038078308 -0.610181629658 -12.8165254593 -4.8329372406 -0.610344469547 -12.816485405 -4.84635400772 -0.577671825886 -12.8164815903 -4.8302564621 -0.61052185297 -12.8162975311 -4.94716596603 -0.578373074532 -12.8162403107 -4.86962795258 -0.578563690186 -12.8162279129 -4.9728307724 -0.611460387707 -12.8161296844 -4.91778278351 -0.578989028931 -12.8161296844 -4.90792703629 -0.578989088535 -12.8161296844 -4.90385723114 -0.578989207745 -12.8161296844 -4.87494897842 -0.578989624977 -12.8161268234 -4.97101831436 -0.611843645573 -12.8160648346 -4.83195304871 -0.612072765827 -12.8158388138 -4.85874462128 -0.580089688301 -12.815788269 -4.85708808899 -0.580287158489 -12.8155851364 -4.86827611923 -0.581035017967 -12.815574646 -4.8597035408 -0.581065535545 -12.8154354095 -4.87246799469 -0.58159083128 -12.8154201508 -4.90049982071 -0.581652581692 -12.8154153824 -4.85651493073 -0.581668376923 -12.8153753281 -4.97105503082 -0.608852148056 -12.8153648376 -4.97218132019 -0.608902096748 -12.8153619766 -4.8311829567 -0.608910143375 -12.8153247833 -4.83270835876 -0.609050393105 -12.8152513504 -4.8595995903 -0.582270979881 -12.8152036667 -4.97306156158 -0.609503924847 -12.8151931763 -4.97269392014 -0.609539330006 -12.8151931763 -4.83269453049 -0.609540045261 -12.8151521683 -4.83012485504 -0.609694063663 -12.8151454926 -4.85695934296 -0.582653820515 -12.8150539398 -4.97031259537 -0.610068023205 -12.8150453568 -4.96998023987 -0.610094487667 -12.8150043488 -4.85838651657 -0.583189249039 -12.814953804 -4.83328199387 -0.610432207584 -12.8148155212 -4.83022546768 -0.610951900482 -12.8148069382 -4.97318744659 -0.610976099968 -12.8148002625 -4.83278465271 -0.611003160477 -12.8147144318 -4.97261619568 -0.611316978931 -12.8147029877 -4.97050189972 -0.611360907555 -12.8146457672 -4.83115196228 -0.611565947533 -12.8146038055 -4.83086824417 -0.611731112003 -12.8146028519 -4.83254623413 -0.611726760864 -12.8145465851 -4.97184562683 -0.611935734749 -12.8139476776 -4.85653781891 -0.614178538322 -12.8139152527 -4.85501050949 -0.614302277565 -12.8136692047 -4.85743570328 -0.615211725235 -12.813536644 -4.854180336 -0.615705430508 -12.8133525848 -4.8573217392 -0.616416335106 -12.8131723404 -4.85508775711 -0.617056012154 -12.8131456375 -4.85633420944 -0.617167413235 -12.8124904633 -4.90653944016 -0.592574000359 -12.812412262 -4.90503787994 -0.592867970467 -12.8122119904 -4.90761995316 -0.59361410141 -12.8120527267 -4.90439033508 -0.594213187695 -12.811829567 -4.90819597244 -0.602778494358 -12.811829567 -4.88101577759 -0.602778494358 -12.8117847443 -4.9073266983 -0.59520226717 -12.8116693497 -4.90543460846 -0.595640182495 -12.8114786148 -4.85385608673 -0.596340835094 -12.8106279373 -4.9661564827 -0.637638151646 -12.8105792999 -4.97184944153 -0.607438266277 -12.8105792999 -4.83184862137 -0.607438266277 -12.810552597 -4.83715486526 -0.637618243694 -12.8104887009 -4.83865499496 -0.637601017952 -12.8104877472 -4.96465682983 -0.637600898743 -12.810459137 -4.97053098679 -0.607901632786 -12.810459137 -4.83053302765 -0.607900381088 -12.8104152679 -4.97291755676 -0.608064830303 -12.8103752136 -4.96415615082 -0.638089060783 -12.8103322983 -4.83915615082 -0.63807874918 -12.8102893829 -4.83326339722 -0.608519911766 -12.8101949692 -4.97003698349 -0.608864247799 -12.8101387024 -4.97330284119 -0.609081745148 -12.8101243973 -4.8299908638 -0.609136939049 -12.8100948334 -4.83915615082 -0.639566719532 -12.8100566864 -4.96633005142 -0.637484908104 -12.8100147247 -4.96415615082 -0.639546215534 -12.8099107742 -4.83688831329 -0.637446582317 -12.8098917007 -4.90818929672 -0.602263569832 -12.8098897934 -4.88101577759 -0.602260887623 -12.8098888397 -4.90373897552 -0.6022605896 -12.8098802567 -4.97036743164 -0.610030889511 -12.8098325729 -4.83280515671 -0.610209345818 -12.8097877502 -4.97257852554 -0.610383868217 -12.8097696304 -4.83847522736 -0.637407898903 -12.8097400665 -4.83103466034 -0.610562860966 -12.8097372055 -4.97134590149 -0.61057138443 -12.8097295761 -4.8657450676 -0.610606312752 -12.8097295761 -4.84090423584 -0.610606312752 -12.8096017838 -4.96489858627 -0.63736230135 -12.8094797134 -4.96690177917 -0.637331187725 -12.8094625473 -4.83634757996 -0.637325525284 -12.8094348907 -4.83915615082 -0.639597952366 -12.8093852997 -4.96415615082 -0.638080954552 -12.8093109131 -4.83577156067 -0.637285411358 -12.8093099594 -4.97665596008 -0.637285172939 -12.8093099594 -4.96757411957 -0.637285292149 -12.8093099594 -4.82665586472 -0.637285172939 -12.8092947006 -4.83915615082 -0.638096809387 -12.8091802597 -4.97665596008 -0.637768208981 -12.8091802597 -4.96565580368 -0.637768208981 -12.8091802597 -4.83765602112 -0.637768208981 -12.8091802597 -4.82665586472 -0.637768208981 -12.8091363907 -4.83815336227 -0.637238144875 -12.8091220856 -4.96415615082 -0.639712393284 -12.8089504242 -4.9570479393 -0.613524496555 -12.8088178635 -4.9654173851 -0.637153208256 -12.808757782 -4.83915615082 -0.640005350113 -12.8085803986 -4.96415615082 -0.638335287571 -12.8085803986 -4.83915615082 -0.638335287571 -12.8085403442 -4.83758401871 -0.63707870245 -12.8084726334 -4.96411657333 -0.640410661697 -12.8084402084 -4.83917045593 -0.640523314476 -12.8084001541 -4.88415622711 -0.640666007996 -12.8083305359 -4.96564722061 -0.640926301479 -12.8083152771 -4.83766508102 -0.640988230705 -12.8083000183 -4.96240901947 -0.615946471691 -12.8083000183 -4.92818021774 -0.615946471691 -12.8082418442 -4.96615839005 -0.636998355389 -12.8082075119 -4.83870220184 -0.641412675381 -12.8081922531 -4.96478128433 -0.641454815865 -12.8081483841 -4.83697795868 -0.636973381042 -12.8079538345 -4.96415615082 -0.638717532158 -12.8078994751 -5.01157045364 -0.609695911407 -12.807882309 -4.96716690063 -0.636902868748 -12.807882309 -4.83915615082 -0.638777554035 -12.8078622818 -4.83595752716 -0.636897146702 -12.8078603745 -4.97665596008 -0.636897027493 -12.8078603745 -4.82665586472 -0.636897027493 -12.8077974319 -4.86574649811 -0.610087811947 -12.8077945709 -4.84090709686 -0.610086917877 -12.8077297211 -4.97665596008 -0.637380003929 -12.8077297211 -4.96565580368 -0.637380003929 -12.8077297211 -4.83765602112 -0.637380003929 -12.8077297211 -4.82665586472 -0.637380003929 -12.8077135086 -4.83125495911 -0.643235325813 -12.8077068329 -4.9370932579 -0.64327609539 -12.8077030182 -4.97162437439 -0.643287658691 -12.8076992035 -4.8666229248 -0.643287837505 -12.8076982498 -4.90114879608 -0.643299818039 -12.8075265884 -4.97285890579 -0.643944621086 -12.8075227737 -4.86786031723 -0.643946230412 -12.807518959 -4.90287160873 -0.643975198269 -12.8075065613 -4.93541908264 -0.64401692152 -12.8075056076 -4.86541843414 -0.644017934799 -12.8075017929 -4.97041702271 -0.644020795822 -12.8074636459 -4.83294773102 -0.644162118435 -12.807390213 -4.96415615082 -0.639333486557 -12.8072843552 -4.93796396255 -0.644838035107 -12.80727005 -4.90036439896 -0.644895076752 -12.8072309494 -4.83915615082 -0.639569282532 -12.8072223663 -4.85577344894 -0.6122366786 -12.8071708679 -4.83044099808 -0.645252287388 -12.8071136475 -4.97253465652 -0.64548689127 -12.8071136475 -4.86753177643 -0.645489990711 -12.8071022034 -4.86583852768 -0.645537257195 -12.8071012497 -4.83244752884 -0.645528078079 -12.8070735931 -4.97092056274 -0.645619809628 -12.8070497513 -4.96413326263 -0.639944016933 -12.8070402145 -4.86665582657 -0.645737111568 -12.8070402145 -4.83165597916 -0.645737111568 -12.8070402145 -4.82665586472 -0.645737111568 -12.8070306778 -4.85726642609 -0.612957298756 -12.8070211411 -4.90218305588 -0.645809233189 -12.807015419 -4.93620491028 -0.645831108093 -12.807015419 -4.85446977615 -0.613013386726 -12.807012558 -4.95704746246 -0.613004028797 -12.8069601059 -4.86537408829 -0.640277802944 -12.8068847656 -4.96565055847 -0.640549063683 -12.8068447113 -4.8376865387 -0.640698671341 -12.8068027496 -4.83900928497 -0.640862107277 -12.8067960739 -4.97665548325 -0.646651685238 -12.8067417145 -4.9646654129 -0.641061723232 -12.8066720963 -4.85743570328 -0.614293575287 -12.8066539764 -4.85431194305 -0.614352464676 -12.8065814972 -4.82676696777 -0.64746773243 -12.8064432144 -4.97626543045 -0.647987484932 -12.8064126968 -4.85665893555 -0.61524528265 -12.8063936234 -4.85526609421 -0.615325510502 -12.8063697815 -4.86065244675 -0.615410387516 -12.8063697815 -4.84786319733 -0.615410089493 -12.8063688278 -4.92817974091 -0.615428447723 -12.8063669205 -4.96240949631 -0.615428268909 -12.8063411713 -4.83141183853 -0.642567873001 -12.8063402176 -4.90190029144 -0.642567574978 -12.8063240051 -4.86619377136 -0.64263188839 -12.8063220978 -4.97222757339 -0.642641842365 -12.806306839 -4.93590974808 -0.642699182034 -12.8063020706 -4.86717987061 -0.642708539963 -12.8062973022 -4.93743944168 -0.642741560936 -12.8062763214 -4.97070264816 -0.642827391624 -12.8062591553 -4.90169286728 -0.642863035202 -12.8062486649 -4.8277387619 -0.648700654507 -12.8062467575 -4.97135591507 -0.642915725708 -12.8062429428 -4.8327498436 -0.642951667309 -12.8062419891 -4.90056371689 -0.642950594425 -12.8062410355 -4.93612241745 -0.642947554588 -12.8062400818 -4.83112239838 -0.642947554588 -12.8061447144 -4.86806058884 -0.643309414387 -12.8061342239 -4.83269405365 -0.643347024918 -12.8061332703 -4.8676943779 -0.643347561359 -12.8061256409 -4.8652100563 -0.643379211426 -12.8061151505 -4.90314865112 -0.643418610096 -12.8061141968 -4.83016395569 -0.643419981003 -12.8061132431 -4.9727807045 -0.643425345421 -12.8060712814 -4.82906150818 -0.649357676506 -12.8060703278 -4.97445106506 -0.649358808994 -12.8060560226 -4.90285205841 -0.643639266491 -12.806055069 -4.97321796417 -0.643634796143 -12.8060522079 -4.93813753128 -0.643648028374 -12.8060245514 -4.93514251709 -0.643749892712 -12.8059873581 -4.90013456345 -0.64389193058 -12.8059663773 -4.97003698349 -0.643966078758 -12.8059597015 -4.97031784058 -0.643992900848 -12.8059301376 -4.86522912979 -0.644101500511 -12.8059301376 -4.83325481415 -0.644103348255 -12.805768013 -4.86782264709 -0.644705057144 -12.8057670593 -4.93782234192 -0.644705951214 -12.8057184219 -4.83024120331 -0.644892156124 -12.8057146072 -4.93810415268 -0.644901454449 -12.8057146072 -4.90310382843 -0.644901692867 -12.8057088852 -4.86814641953 -0.644920647144 -12.8057012558 -4.97029161453 -0.644947767258 -12.8056955338 -4.97306013107 -0.644974768162 -12.8056955338 -4.9352517128 -0.644972860813 -12.8056945801 -4.90025424957 -0.644976377487 -12.8056879044 -4.865213871 -0.645000636578 -12.8056659698 -4.8329668045 -0.645076870918 -12.8056411743 -4.97250795364 -0.645179510117 -12.8056411743 -4.90250825882 -0.645179271698 -12.8055810928 -4.86661911011 -0.645420134068 -12.8055744171 -4.93637752533 -0.645439207554 -12.8055744171 -4.83137798309 -0.645439207554 -12.8055276871 -4.9022359848 -0.645597875118 -12.8055143356 -4.90137910843 -0.645655870438 -12.8054933548 -4.86669969559 -0.645732045174 -12.8054819107 -4.97160863876 -0.645777821541 -12.8054819107 -4.93670320511 -0.645777881145 -12.8054819107 -4.83160924911 -0.64577794075 -12.8036203384 -4.84392309189 -0.633412003517 -12.8016901016 -4.84392356873 -0.632894098759 -12.8015298843 -4.93670320511 -0.641211628914 -12.8015193939 -4.86684799194 -0.641245782375 -12.801399231 -4.86553096771 -0.641708731651 -12.8013553619 -4.86791801453 -0.641873002052 -12.8013153076 -4.93525123596 -0.642016410828 -12.8012952805 -4.93810415268 -0.642087817192 -12.8011350632 -4.86503696442 -0.642671763897 -12.8010787964 -4.86830282211 -0.642889201641 -12.8009929657 -4.93507242203 -0.643218040466 -12.8009719849 -4.9382185936 -0.643294692039 -12.8009357452 -4.77066516876 -0.695301532745 -12.8009243011 -5.03264713287 -0.695301473141 -12.8008527756 -4.86530017853 -0.643720149994 -12.8008441925 -5.03464698792 -0.695301055908 -12.8007936478 -4.7686662674 -0.695301234722 -12.8007268906 -4.86757421494 -0.644194424152 -12.8007116318 -4.93743944168 -0.644247233868 -12.800702095 -4.93590927124 -0.644289374352 -12.8006858826 -4.8661942482 -0.644356906414 -12.800444603 -4.97665548325 -0.645246863365 -12.8004159927 -4.82665681839 -0.645352244377 -12.8002529144 -5.03250026703 -0.69517147541 -12.8002300262 -4.7708272934 -0.695159912109 -12.8001441956 -5.03453397751 -0.695011854172 -12.8000116348 -4.97582530975 -0.646870315075 -12.8000087738 -4.76881837845 -0.694956421852 -12.7999820709 -4.82762670517 -0.646971702576 -12.7997999191 -4.9741358757 -0.647676587105 -12.7997999191 -4.82920742035 -0.647676765919 -12.7995948792 -4.83160877228 -0.640693128109 -12.7995700836 -4.97325611115 -0.640784204006 -12.7995700836 -4.97165584564 -0.640784204006 -12.7995700836 -4.97005605698 -0.640784204006 -12.7995700836 -4.90385723114 -0.640784204006 -12.7995700836 -4.90165615082 -0.640784204006 -12.7995700836 -4.8952960968 -0.640784204006 -12.7995700836 -4.83942127228 -0.640784204006 -12.7995700836 -4.78693294525 -0.640784204006 -12.7995500565 -4.97230863571 -0.640887498856 -12.7995471954 -4.97096776962 -0.640897750854 -12.7995214462 -4.9007396698 -0.640981912613 -12.7995080948 -4.90264892578 -0.641033351421 -12.7994394302 -5.034263134 -0.694701969624 -12.7993822098 -4.76908683777 -0.694668591022 -12.7993631363 -4.8302116394 -0.641565382481 -12.7993507385 -4.8331489563 -0.641607105732 -12.7993268967 -4.97016334534 -0.641700565815 -12.7992486954 -4.97331571579 -0.642000496387 -12.7991695404 -4.90001010895 -0.642287909985 -12.7991485596 -4.90330266953 -0.642371952534 -12.7989664078 -4.83016395569 -0.643051683903 -12.7989616394 -4.97016477585 -0.643052339554 -12.7988834381 -4.83298492432 -0.643345475197 -12.7988653183 -4.90047597885 -0.643414676189 -12.7988233566 -4.90268373489 -0.643573462963 -12.7988109589 -4.97265338898 -0.643622398376 -12.798746109 -4.97125434875 -0.64385420084 -12.798740387 -4.90385723114 -0.643875181675 -12.798740387 -4.78645515442 -0.643875181675 -12.7987356186 -4.9014749527 -0.643893241882 -12.7987327576 -4.83141517639 -0.643903076649 -12.7979412079 -4.97800636292 -0.64686191082 -12.7977600098 -4.88762950897 -0.647535562515 -12.7965154648 -5.01814460754 -0.652181386948 -12.7964696884 -4.8539648056 -0.652355015278 -12.7964696884 -4.8380651474 -0.652355015278 -12.7964696884 -4.78514289856 -0.652355015278 -12.7961368561 -4.95213937759 -0.661326646805 -12.7961339951 -4.85141897202 -0.661332845688 -12.7961168289 -5.00109577179 -0.661392450333 -12.7961053848 -4.80248355865 -0.661433935165 -12.796046257 -5.00296783447 -0.661680042744 -12.7960224152 -4.80024909973 -0.661754727364 -12.7960042953 -4.85309362411 -0.661825239658 -12.7959833145 -4.95013809204 -0.661902308464 -12.7958717346 -4.84979343414 -0.662309885025 -12.7958669662 -4.99984741211 -0.662335753441 -12.7957649231 -4.80360460281 -0.662708997726 -12.7957630157 -4.95365619659 -0.662710189819 -12.7955036163 -4.79964017868 -0.663687705994 -12.7954359055 -5.0036649704 -0.66393327713 -12.7954339981 -4.85366296768 -0.663939476013 -12.7954092026 -4.94968652725 -0.664035975933 -12.7953596115 -4.80347013474 -0.664226710796 -12.795334816 -4.84989833832 -0.664319753647 -12.7953262329 -4.95336818695 -0.664349615574 -12.7952833176 -4.9999256134 -0.664522588253 -12.7951803207 -4.80053091049 -0.664923906326 -12.7950944901 -5.00206279755 -0.665235698223 -12.795088768 -4.80206203461 -0.665232479572 -12.7950716019 -4.95172262192 -0.665320813656 -12.7950696945 -4.85171508789 -0.665330469608 -12.7942228317 -4.95115470886 -0.660743057728 -12.7942075729 -5.00134944916 -0.660799562931 -12.7942047119 -4.8018860817 -0.660811781883 -12.7941627502 -4.85064935684 -0.660966455936 -12.794137001 -4.85273361206 -0.661071419716 -12.7941064835 -5.002866745 -0.661184430122 -12.7940979004 -4.80037593842 -0.661208689213 -12.7939777374 -4.95339775085 -0.661656796932 -12.7939414978 -4.80351877213 -0.661791861057 -12.79388237 -4.99968719482 -0.66201287508 -12.793712616 -5.00373888016 -0.662644207478 -12.7936944962 -4.84959793091 -0.662714481354 -12.7936944962 -4.79959774017 -0.662714421749 -12.7936468124 -4.94950580597 -0.66289126873 -12.7936143875 -4.85379648209 -0.66300535202 -12.7934837341 -4.95357179642 -0.663496613503 -12.7934446335 -4.80348062515 -0.663642287254 -12.7933139801 -4.85019111633 -0.664132356644 -12.7933101654 -5.0001449585 -0.664156019688 -12.7932834625 -4.80029726028 -0.664261698723 -12.7932004929 -4.9524731636 -0.664568722248 -12.7931900024 -4.95089864731 -0.664616525173 -12.7931671143 -5.00250816345 -0.664676487446 -12.7931537628 -4.80214977264 -0.664722502232 -12.7931413651 -4.85196685791 -0.66479152441 -12.791970253 -5.02188587189 -0.676898777485 -12.791970253 -4.8381562233 -0.676898777485 -12.791970253 -4.78142595291 -0.676898777485 -12.7900295258 -5.02188587189 -0.676381111145 -12.7900295258 -4.97905635834 -0.676381111145 -12.7900295258 -4.9580321312 -0.676381111145 -12.7900295258 -4.92892599106 -0.676381111145 -12.7900295258 -4.88841247559 -0.676381111145 -12.7900295258 -4.8539648056 -0.676381111145 -12.7900295258 -4.78142595291 -0.676381111145 -12.7896547318 -5.02543544769 -0.68905621767 -12.789563179 -4.77793931961 -0.689002513885 -12.789226532 -5.0249838829 -0.688802659512 -12.7890129089 -4.77868700027 -0.688688993454 -12.7889604568 -5.02444696426 -0.688647210598 -12.7888412476 -5.02391624451 -0.688581705093 -12.7888402939 -4.77942895889 -0.688581585884 -12.7886219025 -5.02705430984 -0.688464701176 -12.7886142731 -4.77626466751 -0.688455939293 -12.7878437042 -5.02632761002 -0.688242912292 -12.787735939 -4.77712106705 -0.688207507133 -12.7872495651 -4.77798891068 -0.688081085682 -12.7872085571 -5.02524328232 -0.688063681126 -12.7870121002 -4.7787232399 -0.688032925129 -12.7869052887 -5.02408456802 -0.688063979149 -12.7868995667 -4.77952003479 -0.688063800335 12.7869005203 8.06690979004 -0.687063932419 12.7869052887 8.31177139282 -0.687063992023 12.7872085571 8.31293010712 -0.687063574791 12.7872123718 8.06575679779 -0.687073886395 12.7877388 8.06480407715 -0.687208592892 12.7878437042 8.31401443481 -0.687242686749 12.7886190414 8.06394863129 -0.687458395958 12.7886219025 8.31474208832 -0.687465071678 12.7888402939 8.06711769104 -0.687581479549 12.7888412476 8.31160449982 -0.687581598759 12.7889604568 8.31213378906 -0.687647223473 12.7890138626 8.0663728714 -0.687689244747 12.7892246246 8.31266880035 -0.687801897526 12.7895650864 8.06562519073 -0.688003599644 12.7896537781 8.31312274933 -0.688055813313 12.7900295258 8.06911373138 -0.67538112402 12.7900295258 8.12944984436 -0.67538112402 12.7900295258 8.14165210724 -0.67538112402 12.7900295258 8.17609977722 -0.67538112402 12.7900295258 8.21661281586 -0.67538112402 12.7900295258 8.24571990967 -0.67538112402 12.7900295258 8.26674461365 -0.67538112402 12.7900295258 8.3095741272 -0.67538112402 12.791970253 8.06911373138 -0.67589867115 12.791970253 8.12584400177 -0.67589867115 12.791970253 8.3095741272 -0.67589867115 12.7931423187 8.08891582489 -0.663768649101 12.7931537628 8.2898311615 -0.663725137711 12.7931890488 8.13858699799 -0.663617134094 12.7931900024 8.23858451843 -0.663616061211 12.7931995392 8.14015865326 -0.663569688797 12.7932777405 8.24082279205 -0.663280010223 12.7932834625 8.28798484802 -0.663260877132 12.7933206558 8.09086990356 -0.663101613522 12.7934656143 8.13747596741 -0.662552893162 12.7934656143 8.23747730255 -0.662554085255 12.7936134338 8.14148330688 -0.662008285522 12.7936153412 8.29148387909 -0.662006497383 12.7936468124 8.0871925354 -0.661890923977 12.7936944962 8.28728485107 -0.661713719368 12.7938766479 8.23742866516 -0.661035776138 12.7939014435 8.09132099152 -0.660941183567 12.7939224243 8.13747787476 -0.660864293575 12.7939405441 8.2412071228 -0.660794198513 12.7940969467 8.28806591034 -0.660207152367 12.794137001 8.14041996002 -0.660070717335 12.7941904068 8.29012680054 -0.659865021706 12.7941932678 8.13886737823 -0.659853637218 12.7942228317 8.23902893066 -0.65974342823 12.7942237854 8.08884429932 -0.659742236137 12.7950630188 8.08940219879 -0.664328336716 12.7950639725 8.23940944672 -0.6643242836 12.7950992584 8.13993167877 -0.664217054844 12.7951116562 8.28869056702 -0.66416990757 12.7952327728 8.29090976715 -0.663713157177 12.7952547073 8.13775444031 -0.66363722086 12.795340538 8.23757457733 -0.663300573826 12.7953596115 8.09115695953 -0.663226902485 12.7953605652 8.24115848541 -0.663223683834 12.7954006195 8.14120960236 -0.663072645664 12.7954092026 8.08737277985 -0.663034558296 12.7954559326 8.28734493256 -0.662864327431 12.7957391739 8.23736763 -0.661803364754 12.7957611084 8.24129581451 -0.661722660065 12.7957611084 8.29129695892 -0.661724030972 12.7957639694 8.09129238129 -0.661710679531 12.7958135605 8.14125061035 -0.661531865597 12.7958726883 8.13748073578 -0.661308944225 12.7960243225 8.28794574738 -0.66074937582 12.7960596085 8.08805751801 -0.660614788532 12.7960662842 8.23826313019 -0.660592913628 12.7960786819 8.09032821655 -0.660536587238 12.7961072922 8.24017620087 -0.660436272621 12.7961091995 8.29016780853 -0.660433351994 12.7961530685 8.13965415955 -0.660263061523 12.7964696884 8.0728302002 -0.651355028152 12.7964696884 8.12575244904 -0.651355028152 12.7965154648 8.30583190918 -0.651180386543 12.7973995209 8.1426525116 -0.647885322571 12.7976055145 8.25173187256 -0.647115111351 12.798740387 8.1915435791 -0.64287519455 12.798740387 8.26094341278 -0.64287519455 12.7987451553 8.2589635849 -0.642859339714 12.7987508774 8.18986606598 -0.642837822437 12.7987585068 8.11867904663 -0.642807781696 12.7987823486 8.12006950378 -0.642738699913 12.7987823486 8.26007175446 -0.642737925053 12.7988090515 8.18834590912 -0.642621636391 12.7989044189 8.25803375244 -0.64226692915 12.7989721298 8.19080352783 -0.642029047012 12.7989912033 8.26083755493 -0.641957521439 12.7990264893 8.12090587616 -0.641834914684 12.7990427017 8.1177816391 -0.641777575016 12.7991695404 8.18769741058 -0.641288459301 12.7992553711 8.25771999359 -0.640956223011 12.7992935181 8.19090652466 -0.640828073025 12.7993144989 8.26087665558 -0.640748858452 12.7993621826 8.11789703369 -0.640567302704 12.7993736267 8.32190799713 -0.693664371967 12.7993879318 8.05677032471 -0.693672120571 12.7994117737 8.07454586029 -0.64037156105 12.799446106 8.12061023712 -0.640240848064 12.7995214462 8.18842697144 -0.639981985092 12.7995471954 8.2586555481 -0.639897584915 12.7995615005 8.18995285034 -0.639851629734 12.7995634079 8.25990962982 -0.6398422122 12.7995700836 8.17572116852 -0.639784216881 12.7995700836 8.19357872009 -0.639784216881 12.7995700836 8.25774383545 -0.639784216881 12.7995700836 8.26094341278 -0.639784216881 12.7995738983 8.11901092529 -0.639770567417 12.7997999191 8.11689662933 -0.646676778793 12.7997999191 8.26182365417 -0.646676599979 12.7999830246 8.11531352997 -0.64597094059 12.8000116348 8.26351261139 -0.645870685577 12.8000144958 8.05650424957 -0.693959414959 12.8000354767 8.32218837738 -0.693968653679 12.8002147675 8.05852508545 -0.694151759148 12.8002529144 8.32018756866 -0.694171607494 12.8004159927 8.11434459686 -0.644351005554 12.8004455566 8.26434421539 -0.644240736961 12.8006687164 8.15444564819 -0.643417596817 12.8006687164 8.22473239899 -0.643414914608 12.8007221222 8.32233428955 -0.694299757481 12.8007678986 8.22324848175 -0.643036305904 12.8007802963 8.15546703339 -0.642986893654 12.8007898331 8.15313053131 -0.64295488596 12.8008089066 8.05635261536 -0.694300949574 12.8009061813 8.05835342407 -0.694301486015 12.8009233475 8.32033443451 -0.694301486015 12.8009347916 8.22587680817 -0.642430901527 12.8010654449 8.22271728516 -0.641944348812 12.8011550903 8.15602016449 -0.641606688499 12.8011732101 8.1527299881 -0.641528010368 12.8012580872 8.22583961487 -0.641221761703 12.8013763428 8.2231092453 -0.640793144703 12.8014678955 8.15355968475 -0.640447735786 12.801486969 8.15494728088 -0.640366792679 12.8015193939 8.22468566895 -0.640244007111 12.8016901016 8.13160991669 -0.631894290447 12.8036203384 8.13160991669 -0.632412016392 12.8054904938 8.22468471527 -0.644745111465 12.8055152893 8.18882083893 -0.644650578499 12.805516243 8.11986637115 -0.644650816917 12.8055229187 8.15494728088 -0.644622206688 12.8055229187 8.26000881195 -0.644620656967 12.8055324554 8.11888885498 -0.644583821297 12.8055419922 8.15355968475 -0.644541084766 12.8055477142 8.1899471283 -0.644532084465 12.8055696487 8.25834655762 -0.644434452057 12.8055810928 8.22430706024 -0.644420146942 12.805598259 8.15397357941 -0.644349217415 12.8056344986 8.2231092453 -0.644196212292 12.8056411743 8.12019538879 -0.644179582596 12.8056545258 8.25843143463 -0.644130170345 12.805683136 8.19070148468 -0.64401191473 12.805683136 8.26037025452 -0.644020497799 12.8057155609 8.11789512634 -0.643899619579 12.8057308197 8.1878862381 -0.64384585619 12.8057413101 8.15577888489 -0.643800079823 12.8057603836 8.22576236725 -0.643734574318 12.8057804108 8.18810749054 -0.643657624722 12.8058023453 8.26090621948 -0.643587529659 12.8058319092 8.12100315094 -0.643471598625 12.8058357239 8.1527299881 -0.643460512161 12.8058671951 8.22298717499 -0.643335700035 12.8058719635 8.15303325653 -0.643326580524 12.8058958054 8.25771713257 -0.643237948418 12.8059453964 8.22271728516 -0.643045067787 12.8059597015 8.11800575256 -0.642993509769 12.8059663773 8.15588283539 -0.642968058586 12.8059720993 8.19097614288 -0.6429464221 12.8060388565 8.1177816391 -0.642691671848 12.806055069 8.18778133392 -0.642635345459 12.8060703278 8.11692905426 -0.648358523846 12.8060703278 8.26194477081 -0.648359000683 12.8060760498 8.22587680817 -0.642557859421 12.8060846329 8.26078510284 -0.64253026247 12.8061132431 8.12046813965 -0.64242619276 12.8061132431 8.19046878815 -0.642425894737 12.8061599731 8.223072052 -0.642255783081 12.806180954 8.15353965759 -0.642171144485 12.8062105179 8.25845813751 -0.642059981823 12.806219101 8.15313053131 -0.642033994198 12.8062295914 8.15546703339 -0.642002344131 12.8062324524 8.18869304657 -0.641975343227 12.8062372208 8.11541366577 -0.647735714912 12.8062429428 8.12043762207 -0.641951978207 12.8062582016 8.25825977325 -0.641894876957 12.8062591553 8.22512531281 -0.641878128052 12.8062906265 8.11852359772 -0.641768217087 12.8062953949 8.26348304749 -0.647530257702 12.8062973022 8.19013023376 -0.641742527485 12.8063154221 8.11950302124 -0.641658425331 12.8063163757 8.18873691559 -0.641661345959 12.8063220978 8.1544752121 -0.641638636589 12.8063220978 8.25991535187 -0.641641914845 12.8063373566 8.22401237488 -0.641582965851 12.8063669205 8.25009632111 -0.614428222179 12.8063678741 8.21586704254 -0.614428281784 12.8063697815 8.14165210724 -0.614410102367 12.8063697815 8.14834022522 -0.614410102367 12.8063926697 8.14295482635 -0.614325940609 12.8064413071 8.14461421967 -0.614127755165 12.806640625 8.11441135406 -0.646244823933 12.8066854477 8.26433563232 -0.646067619324 12.8066902161 8.14193725586 -0.61321824789 12.8067779541 8.2532749176 -0.639944553375 12.8068027496 8.12669658661 -0.639862120152 12.8068447113 8.12537384033 -0.639699041843 12.8068981171 8.25184249878 -0.639508664608 12.8069295883 8.14516830444 -0.612326443195 12.8069601059 8.15306091309 -0.639277815819 12.8070030212 8.25926113129 -0.644875049591 12.807012558 8.24473381042 -0.612004339695 12.8070220947 8.22438049316 -0.64480304718 12.8070230484 8.18987178802 -0.644806742668 12.8070402145 8.11434364319 -0.644737124443 12.8070402145 8.11934375763 -0.644737124443 12.8070402145 8.15434360504 -0.644737124443 12.8070459366 8.14225292206 -0.611907601357 12.807100296 8.15352630615 -0.644537091255 12.8071012497 8.11852264404 -0.644533276558 12.8071050644 8.15521335602 -0.644494891167 12.8071117401 8.12021541595 -0.644494354725 12.8072290421 8.14360713959 -0.611209869385 12.8072309494 8.12684345245 -0.638569414616 12.8072366714 8.25184440613 -0.638547360897 12.8072710037 8.18805217743 -0.643897414207 12.8072729111 8.22304916382 -0.64388358593 12.8073158264 8.22570133209 -0.643716275692 12.8073787689 8.26071548462 -0.643491506577 12.8074445724 8.25797939301 -0.643239319324 12.8074893951 8.12057876587 -0.643068134785 12.8074922562 8.15309143066 -0.643058478832 12.8075056076 8.11810779572 -0.643011331558 12.8075170517 8.19055843353 -0.642973661423 12.8075218201 8.1555480957 -0.642947494984 12.8076620102 8.22365379333 -0.642436146736 12.8076639175 8.2249546051 -0.642434954643 12.8076963425 8.18883514404 -0.642301499844 12.8076992035 8.15431118011 -0.642287790775 12.8077030182 8.11942100525 -0.642272353172 12.8077087402 8.25953483582 -0.642265200615 12.8077297211 8.11434364319 -0.636380016804 12.8077297211 8.12534332275 -0.636380016804 12.8077297211 8.25334358215 -0.636380016804 12.8077297211 8.26434421539 -0.636380016804 12.8077945709 8.1285943985 -0.609087049961 12.8077974319 8.15343284607 -0.609087944031 12.8078603745 8.11434364319 -0.635896980762 12.8078603745 8.26434421539 -0.635896980762 12.8078622818 8.1236448288 -0.635897159576 12.807882309 8.12684345245 -0.63777756691 12.807882309 8.25485515594 -0.635902762413 12.8078994751 8.29925727844 -0.608695983887 12.8079538345 8.25184440613 -0.637717545033 12.8081483841 8.12466526031 -0.63597369194 12.8081874847 8.25268268585 -0.640471994877 12.8082075119 8.1263885498 -0.640412926674 12.8082408905 8.25384902954 -0.635997891426 12.8083000183 8.21586704254 -0.614946484566 12.8083000183 8.25009632111 -0.614946484566 12.8083152771 8.1253528595 -0.639988124371 12.8083591461 8.25334072113 -0.639823079109 12.8084001541 8.17184352875 -0.63966602087 12.8084402084 8.12685775757 -0.63952344656 12.8084697723 8.25178337097 -0.639419257641 12.8085403442 8.12527179718 -0.636078715324 12.8085803986 8.12684345245 -0.637335300446 12.8085803986 8.25184440613 -0.637335300446 12.8086996078 8.25323200226 -0.636121928692 12.8087568283 8.12684345245 -0.639005541801 12.8089504242 8.24473381042 -0.61252450943 12.8091220856 8.25184440613 -0.638712406158 12.8091392517 8.12584209442 -0.636239111423 12.8091802597 8.11434364319 -0.636768221855 12.8091802597 8.12534332275 -0.636768221855 12.8091802597 8.25334358215 -0.636768221855 12.8091802597 8.26434421539 -0.636768221855 12.8092031479 8.25280475616 -0.636255681515 12.8092937469 8.12684345245 -0.637097001076 12.8093099594 8.11434364319 -0.636285185814 12.8093099594 8.26434421539 -0.636285185814 12.8093109131 8.12350940704 -0.636285662651 12.8093109131 8.25516986847 -0.636285483837 12.809384346 8.25184440613 -0.63708114624 12.8094358444 8.12684345245 -0.638597905636 12.8095464706 8.2544965744 -0.636349320412 12.8095693588 8.12424659729 -0.63635468483 12.809720993 8.25930023193 -0.609630942345 12.8097295761 8.1285905838 -0.609606325626 12.8097295761 8.1534318924 -0.609606325626 12.8097438812 8.11986255646 -0.609549999237 12.8097696304 8.12616252899 -0.636407911777 12.8097858429 8.1184797287 -0.609395325184 12.8098335266 8.25827312469 -0.609209001064 12.8098602295 8.25249195099 -0.636432170868 12.8098888397 8.19142627716 -0.601260602474 12.8098897934 8.16870307922 -0.601260900497 12.8098917007 8.19587612152 -0.601263642311 12.8099184036 8.26078605652 -0.608899056911 12.8099603653 8.12080097198 -0.608744263649 12.8100147247 8.25184440613 -0.638546168804 12.8100547791 8.25401878357 -0.636484503746 12.810090065 8.25771427155 -0.608272492886 12.8100948334 8.12684345245 -0.638566613197 12.8101243973 8.11767864227 -0.608137607574 12.8103227615 8.12087440491 -0.607396900654 12.810333252 8.12684345245 -0.637079000473 12.8103551865 8.26079177856 -0.607281327248 12.8103761673 8.25184440613 -0.637089252472 12.8104276657 8.12484073639 -0.636584818363 12.8104600906 8.11822128296 -0.606899023056 12.8104953766 8.12634277344 -0.636602699757 12.8104963303 8.25234413147 -0.63660299778 12.8104982376 8.25829124451 -0.606757164001 12.8105545044 8.25980854034 -0.606531023979 12.8105792999 8.11953735352 -0.606438457966 12.8106212616 8.25384426117 -0.636636555195 12.8114795685 8.14154624939 -0.595337986946 12.8116931915 8.19454860687 -0.594558477402 12.8117513657 8.19261741638 -0.594340026379 12.811829567 8.16870307922 -0.601778507233 12.811829567 8.19588279724 -0.601778507233 12.8120298386 8.19536399841 -0.593296706676 12.812166214 8.19213199615 -0.592792928219 12.8123025894 8.19510555267 -0.592252850533 12.8124027252 8.19274139404 -0.591894507408 12.8125047684 8.19394207001 -0.591516792774 12.8131361008 8.14388751984 -0.61621761322 12.8132581711 8.14229393005 -0.61574447155 12.8133478165 8.14500713348 -0.615420222282 12.8136129379 8.14196395874 -0.614421367645 12.813744545 8.14505290985 -0.61393237114 12.8138980865 8.14256191254 -0.613365650177 12.8139619827 8.14393901825 -0.613126814365 12.8145465851 8.11953353882 -0.61093556881 12.8145503998 8.25920677185 -0.610928058624 12.8146371841 8.25953388214 -0.610599815845 12.8146457672 8.11883831024 -0.610565602779 12.8146934509 8.25811004639 -0.610389351845 12.814740181 8.26073646545 -0.610223114491 12.8147478104 8.11790084839 -0.610193252563 12.8147792816 8.1203918457 -0.610082566738 12.8148069382 8.12087440491 -0.609976053238 12.8148574829 8.26054096222 -0.609792113304 12.8150119781 8.14578437805 -0.582160651684 12.8150405884 8.25771427155 -0.60910141468 12.8150815964 8.2580537796 -0.608961224556 12.8151721954 8.12046909332 -0.608618974686 12.8151817322 8.1179485321 -0.608580827713 12.8151931763 8.26038169861 -0.608539402485 12.8152036667 8.12074756622 -0.60850250721 12.8152093887 8.14727020264 -0.581429600716 12.8152093887 8.26078701019 -0.608476877213 12.8152303696 8.14433765411 -0.581350028515 12.8152971268 8.25835037231 -0.60814422369 12.8153047562 8.1189250946 -0.608120679855 12.8154058456 8.25929927826 -0.607743501663 12.8154201508 8.11929702759 -0.607698023319 12.8154201508 8.18818759918 -0.580652594566 12.8154220581 8.16065406799 -0.580644667149 12.8155851364 8.15596294403 -0.580035030842 12.8156461716 8.14727306366 -0.579806923866 12.8156652451 8.14442443848 -0.579736709595 12.8158798218 8.14587497711 -0.578934073448 12.8160791397 8.25926780701 -0.61102104187 12.8161296844 8.1626367569 -0.577989578247 12.8161296844 8.1915435791 -0.577989161015 12.8161296844 8.19561386108 -0.57798910141 12.8161296844 8.20547103882 -0.577988982201 12.8161611557 8.1185092926 -0.610716402531 12.8161973953 8.12047672272 -0.610568702221 12.8162403107 8.15731620789 -0.577563822269 12.8162975311 8.23485279083 -0.577373504639 12.8163146973 8.26060009003 -0.61012762785 12.8163871765 8.25801372528 -0.609879434109 12.816485405 8.13340950012 -0.57667183876 12.8165836334 8.15214443207 -0.576300621033 12.8166275024 8.11817836761 -0.608978509903 12.8166904449 8.25859260559 -0.608729243279 12.8167171478 8.12007808685 -0.608633100986 12.816740036 8.25999069214 -0.608554601669 12.8168153763 8.08457279205 -0.575432002544 12.8168458939 8.11900234222 -0.575318217278 12.8168535233 8.25944137573 -0.575285792351 12.816860199 8.25774383545 -0.575260400772 12.816860199 8.26094341278 -0.575260400772 12.8169717789 8.2604637146 -0.574857890606 12.8169946671 8.12057781219 -0.574769020081 12.8170042038 8.25801372528 -0.574729859829 12.8170280457 8.29398441315 -0.57462900877 12.8171377182 8.11778068542 -0.574217319489 12.8171396255 8.14725017548 -0.574226081371 12.8172626495 8.2609910965 -0.573755562305 12.8173046112 8.12097072601 -0.573619365692 12.8173503876 8.18818759918 -0.581170201302 12.8173542023 8.16080665588 -0.581155240536 12.8173952103 8.2577791214 -0.57327491045 12.8174991608 8.11793613434 -0.572888791561 12.8175096512 8.15596485138 -0.580551087856 12.8175926208 8.26042747498 -0.57251650095 12.8176193237 8.12033462524 -0.572416841984 12.8176803589 8.11895847321 -0.572184026241 12.8176908493 8.25880622864 -0.572162926197 12.8178892136 8.1427822113 -0.571406722069 12.8180599213 8.1626367569 -0.578507304192 12.8180599213 8.20547103882 -0.578506708145 12.8181800842 8.15731620789 -0.578081429005 12.818441391 8.19308280945 -0.596409797668 12.8184614182 8.19446849823 -0.596339285374 12.8185195923 8.1521396637 -0.57681542635 12.8186731339 8.1952381134 -0.595560729504 12.8187170029 8.19218254089 -0.595379531384 12.8188295364 8.13885116577 -0.567912220955 12.8190279007 8.19523715973 -0.594207167625 12.8190698624 8.14725017548 -0.574743688107 12.8191080093 8.1924161911 -0.593913257122 12.8192577362 8.19399166107 -0.593355894089 12.8198299408 8.14278030396 -0.571922898293 12.8199195862 8.13557052612 -0.563842177391 12.820520401 8.12334346771 -0.588655412197 12.820520401 8.15306091309 -0.588655412197 12.820520401 8.25534439087 -0.588655412197 12.8207597733 8.13885116577 -0.56842982769 12.8209400177 8.08695888519 -0.560028016567 12.8209400177 8.25774383545 -0.560028016567 12.8211402893 8.13303089142 -0.559306383133 12.8217601776 8.14587497711 -0.584017157555 12.821849823 8.13557052612 -0.564359903336 12.8219747543 8.14442443848 -0.583214521408 12.8219938278 8.14727306366 -0.583144366741 12.8220996857 8.1684589386 -0.555697500706 12.822101593 8.22866916656 -0.555697858334 12.8221111298 8.1615190506 -0.555667281151 12.8222980499 8.14424514771 -0.582010090351 12.822350502 8.15849399567 -0.55478489399 12.8224334717 8.14727020264 -0.581522285938 12.8224401474 8.13129711151 -0.5544282794 12.8225402832 8.14486122131 -0.581114768982 12.8226203918 8.14592647552 -0.580810427666 12.8228197098 8.1813993454 -0.55303311348 12.8228197098 8.21430015564 -0.553033828735 12.8229970932 8.15531158447 -0.552355647087 12.8230695724 8.13303089142 -0.559823989868 12.8236351013 8.11881637573 -0.577035486698 12.823641777 8.2586812973 -0.577006340027 12.8236761093 8.26020717621 -0.576881885529 12.8236913681 8.12034034729 -0.576819598675 12.8236989975 8.25977325439 -0.576784670353 12.8237056732 8.11989593506 -0.576768159866 12.8237600327 8.12684345245 -0.642228782177 12.8237600327 8.12784385681 -0.642228782177 12.8237600327 8.25184440613 -0.642228782177 12.8238096237 8.13041782379 -0.549341201782 12.8238325119 8.05635261536 -0.663170814514 12.8238325119 8.05835342407 -0.661992192268 12.8238506317 8.11788368225 -0.576224982738 12.8238763809 8.11817836761 -0.576134741306 12.8238763809 8.25817966461 -0.576135635376 12.8238801956 8.32033443451 -0.661936759949 12.8239097595 8.26082611084 -0.576013088226 12.8239278793 8.25084400177 -0.64227360487 12.8239536285 8.25772953033 -0.575840771198 12.8239707947 8.32233428955 -0.663587749004 12.8240118027 8.12096977234 -0.575622081757 12.8240394592 8.22866821289 -0.556214630604 12.8240413666 8.16177368164 -0.556213617325 12.8240756989 8.05835342407 -0.663578271866 12.8240938187 8.32033443451 -0.663683116436 12.8240938187 8.32233428955 -0.66148006916 12.8241100311 8.11777591705 -0.575258076191 12.8241415024 8.15340614319 -0.548112154007 12.8241500854 8.12684345245 -0.640779912472 12.8241500854 8.25184440613 -0.640779912472 12.8241786957 8.16039276123 -0.547950208187 12.8241939545 8.26087665558 -0.574946522713 12.8241996765 8.17700862885 -0.547870218754 12.8242359161 8.25792884827 -0.574774384499 12.8242444992 8.1757516861 -0.547693312168 12.8242740631 8.12062454224 -0.574638187885 12.8242797852 8.12484359741 -0.640296876431 12.8242797852 8.12634372711 -0.640296876431 12.8242797852 8.2523431778 -0.640296876431 12.8242797852 8.25384426117 -0.640296876431 12.8243026733 8.25084400177 -0.640821099281 12.8243169785 8.1591091156 -0.547421634197 12.8243246078 8.15806007385 -0.555142045021 12.8243541718 8.12784385681 -0.640834271908 12.8243551254 8.16160297394 -0.547278285027 12.824379921 8.13129711151 -0.554945886135 12.8243837357 8.17802715302 -0.547174572945 12.8243865967 8.25961685181 -0.574228644371 12.8244028091 8.11848545074 -0.574168145657 12.8244066238 8.2586145401 -0.574141919613 12.8244190216 8.05635261536 -0.661003410816 12.8244342804 8.11971664429 -0.57405269146 12.8244428635 8.25987529755 -0.574019432068 12.824508667 8.12784385681 -0.642339289188 12.8245220184 8.17503452301 -0.546669602394 12.8245401382 8.12484359741 -0.639331102371 12.8245849609 8.15866756439 -0.54643791914 12.824590683 8.12634372711 -0.639344155788 12.824634552 8.2523431778 -0.639356076717 12.8246364594 8.16192054749 -0.546246826649 12.8247270584 8.25384426117 -0.639379918575 12.8247442245 8.17818546295 -0.545836925507 12.8247499466 8.18139839172 -0.553551495075 12.8247499466 8.21430015564 -0.553551495075 12.8247995377 8.17516613007 -0.545637071133 12.8248910904 8.25084400177 -0.642318487167 12.8249359131 8.32033443451 -0.660755515099 12.8249378204 8.25084400177 -0.640781700611 12.8249549866 8.15923976898 -0.545059323311 12.8249845505 8.16118526459 -0.544948577881 12.8249988556 8.17597389221 -0.544897794724 12.825003624 8.17722892761 -0.544860720634 12.8250303268 8.15508174896 -0.552486538887 12.8251247406 8.12784385681 -0.640725374222 12.8251333237 8.11901855469 -0.577228784561 12.8251466751 8.25918006897 -0.577183842659 12.8251485825 8.15370464325 -0.544335842133 12.8251695633 8.12784385681 -0.642263710499 12.8251791 8.12490844727 -0.639501571655 12.8251895905 8.05635261536 -0.66453564167 12.8251895905 8.05835342407 -0.660627365112 12.8251895905 8.13041782379 -0.544183671474 12.8252868652 8.12653064728 -0.639530897141 12.8253393173 8.2582025528 -0.57646125555 12.8253421783 8.25212097168 -0.639545798302 12.8253498077 8.26057434082 -0.576437175274 12.8253583908 8.32233428955 -0.660601317883 12.8253593445 8.32033443451 -0.6645616889 12.8254137039 8.05835342407 -0.664656221867 12.8254346848 8.32233428955 -0.664560735226 12.8254365921 8.12069034576 -0.576111376286 12.8254671097 8.25087833405 -0.640525817871 12.8255882263 8.12789344788 -0.640412926674 12.8256349564 8.11807537079 -0.575370848179 12.8256797791 8.25821590424 -0.575201869011 12.8256950378 8.25360298157 -0.639641284943 12.8257398605 8.13041782379 -0.549858808517 12.8257579803 8.1270236969 -0.639670789242 12.8257818222 8.15370368958 -0.549704909325 12.8257837296 8.25162792206 -0.639660716057 12.8257989883 8.25999069214 -0.574747562408 12.8258094788 8.11976146698 -0.574701488018 12.8258666992 8.12784385681 -0.642031908035 12.8258876801 8.15508270264 -0.541555762291 12.8259296417 8.2498998642 -0.639937996864 12.8259305954 8.25084400177 -0.642010331154 12.8259410858 8.12873363495 -0.639901101589 12.8259897232 8.21934318542 -0.639719188213 12.8260231018 8.12525749207 -0.639729380608 12.8261213303 8.12750911713 -0.639120042324 12.8261508942 8.25114154816 -0.639031469822 12.8261957169 8.12913703918 -0.638929486275 12.8263120651 8.24982833862 -0.6385217309 12.8263263702 8.1282453537 -0.638441622257 12.8264627457 8.25309848785 -0.639846265316 12.8264932632 8.05635261536 -0.66062939167 12.8264932632 8.32033443451 -0.66062939167 12.82654953 8.13129711151 -0.539096593857 12.8265790939 8.12780857086 -0.641538500786 12.8266077042 8.1580581665 -0.538901984692 12.8266611099 8.12579536438 -0.639899551868 12.826789856 8.15340614319 -0.545930743217 12.8268890381 8.16179084778 -0.537833869457 12.8268899918 8.19572353363 -0.537828028202 12.8268899918 8.22867774963 -0.537827372551 12.8269224167 8.25062847137 -0.64117950201 12.8270235062 8.25239753723 -0.640014886856 12.8270874023 8.05635261536 -0.664253532887 12.8270874023 8.05835342407 -0.660909175873 12.8270874023 8.32033443451 -0.664253532887 12.8270874023 8.32233428955 -0.660909175873 12.8271150589 8.12642192841 -0.639957010746 12.8271198273 8.13041782379 -0.544701397419 12.8271474838 8.12835502625 -0.640840232372 12.8271512985 8.32233428955 -0.664244234562 12.8273677826 8.24982261658 -0.640367209911 12.8273735046 8.05835342407 -0.663952171803 12.8274402618 8.21934318542 -0.640107512474 12.8274431229 8.12900257111 -0.640098750591 12.827504158 8.25156974792 -0.639558792114 12.8275156021 8.12712669373 -0.639524638653 12.8277235031 8.25084209442 -0.639036893845 12.8277444839 8.24979305267 -0.638967514038 12.8277683258 8.154920578 -0.54229927063 12.8277978897 8.12854385376 -0.63875490427 12.8278341293 8.11959075928 -0.542044579983 12.8278446198 8.25944137573 -0.541996240616 12.8278598785 8.13302993774 -0.534218370914 12.8278770447 8.05835342407 -0.662483394146 12.8278770447 8.32233428955 -0.662483394146 12.8279161453 8.05635261536 -0.662164330482 12.8279161453 8.32033443451 -0.662164330482 12.8279294968 8.2583694458 -0.541687250137 12.827960968 8.2604637146 -0.541568219662 12.8279762268 8.11816596985 -0.541512846947 12.8281412125 8.12094402313 -0.540883600712 12.8282012939 8.25771427155 -0.540658354759 12.8282928467 8.26101016998 -0.540329575539 12.8283166885 8.11768627167 -0.540239572525 12.8284797668 8.13129711151 -0.539614081383 12.8284816742 8.15770530701 -0.539620876312 12.8284950256 8.12070274353 -0.539557218552 12.8285455704 8.25811195374 -0.539368212223 12.8286323547 8.26020336151 -0.539067983627 12.8286437988 8.11855697632 -0.539027154446 12.8286733627 8.11981105804 -0.538918077946 12.8286819458 8.25909996033 -0.538883686066 12.8288192749 8.16163730621 -0.538349270821 12.8288202286 8.19572353363 -0.538345277309 12.8288202286 8.22867774963 -0.538344979286 12.8290700912 8.13557052612 -0.529682576656 12.8297901154 8.13302993774 -0.534736096859 12.8301696777 8.13885116577 -0.525612473488 12.8309497833 8.16005134583 -0.549726843834 12.8309698105 8.1760969162 -0.549661874771 12.8309783936 8.17720127106 -0.549609601498 12.8310098648 8.13557052612 -0.530200183392 12.8310499191 8.16139125824 -0.549338877201 12.8311004639 8.14277935028 -0.522119402885 12.8311214447 8.15898227692 -0.549086928368 12.8311653137 8.17806434631 -0.548924565315 12.8312807083 8.17496395111 -0.548484921455 12.8313465118 8.16192054749 -0.548248231411 12.8313970566 8.15866756439 -0.548056542873 12.8314342499 8.2617931366 -0.520877718925 12.8314342499 8.28567123413 -0.520877718925 12.8314905167 8.17818546295 -0.547705173492 12.8316240311 8.16160297394 -0.547215044498 12.8317174911 8.15929508209 -0.546860814095 12.8317174911 8.17562580109 -0.546860337257 12.8317680359 8.17728614807 -0.546673297882 12.831785202 8.16067314148 -0.546623051167 12.8318595886 8.1472492218 -0.519298613071 12.8320999146 8.13885116577 -0.526130199432 12.8324098587 8.1521396637 -0.517226815224 12.8326673508 8.11968231201 -0.543322920799 12.8326673508 8.25968265533 -0.543323040009 12.8326768875 8.12635326385 -0.516233921051 12.8327493668 8.15731620789 -0.515960037708 12.8327732086 8.25897407532 -0.542927265167 12.8327846527 8.11874198914 -0.542882502079 12.8327903748 8.11822319031 -0.542862057686 12.8328361511 8.25800228119 -0.542679011822 12.8328638077 8.24398040771 -0.515533387661 12.8328695297 8.16263961792 -0.515534639359 12.832909584 8.26051139832 -0.542414546013 12.8329248428 8.26083946228 -0.542343318462 12.8329820633 8.12094020844 -0.542138755322 12.833029747 8.14277935028 -0.52263712883 12.8330850601 8.11769771576 -0.541763246059 12.8331785202 8.12065410614 -0.541419506073 12.8331832886 8.25779724121 -0.54139739275 12.8332538605 8.26087665558 -0.541139066219 12.8333492279 8.11807346344 -0.540778279305 12.8333625793 8.25852012634 -0.540718257427 12.8334064484 8.12048912048 -0.540546834469 12.8334531784 8.26003074646 -0.540373504162 12.8334789276 8.25859546661 -0.540277898312 12.8334913254 8.11915206909 -0.540234029293 12.8336439133 8.09425544739 -0.512636840343 12.8337898254 8.1472492218 -0.519816219807 12.8339195251 8.1915435791 -0.511590182781 12.8339195251 8.25774383545 -0.511590182781 12.8341960907 8.25957870483 -0.543411195278 12.8342189789 8.11895179749 -0.543328106403 12.8343400955 8.1521396637 -0.517744421959 12.8344249725 8.12068843842 -0.54254347086 12.8345317841 8.25793075562 -0.542146861553 12.8345527649 8.26066207886 -0.542066931725 12.8345975876 8.11799240112 -0.541911661625 12.8346796036 8.15731525421 -0.516478300095 12.8347997665 8.1626367569 -0.516052424908 12.8347997665 8.24398040771 -0.516053199768 12.8348932266 8.11954021454 -0.540796339512 12.8348970413 8.25953960419 -0.540797352791 12.8349676132 8.11959075928 -0.50767326355 12.8349838257 8.25981044769 -0.50760781765 12.8349847794 8.18887615204 -0.507607758045 12.8350009918 8.18999481201 -0.507542610168 12.8350133896 8.25856018066 -0.507499277592 12.835100174 8.11813259125 -0.50721102953 12.8351659775 8.26070308685 -0.506967306137 12.8351745605 8.1207485199 -0.506931245327 12.8351869583 8.18789482117 -0.506856024265 12.8352079391 8.19080448151 -0.506796836853 12.835272789 8.25778007507 -0.506540298462 12.835436821 8.26096248627 -0.505922794342 12.8354740143 8.11773109436 -0.505778253078 12.8355236053 8.12090587616 -0.505594491959 12.8355255127 8.19090652466 -0.505596578121 12.8355464935 8.1878118515 -0.505514085293 12.8356637955 8.25801372528 -0.505084574223 12.8357257843 8.26037025452 -0.50485599041 12.8357696533 8.12006855011 -0.504691064358 12.835776329 8.18869113922 -0.50465798378 12.8357906342 8.11868095398 -0.504620730877 12.8357906342 8.1899471283 -0.504620552063 12.8358125687 8.259308815 -0.504540026188 12.83689785 8.22415447235 -0.508219659328 12.8369436264 8.15499591827 -0.508059859276 12.8369560242 8.15345668793 -0.508012413979 12.8370218277 8.22546291351 -0.507761478424 12.8371353149 8.15580368042 -0.507316172123 12.8371896744 8.22273540497 -0.50713545084 12.8373146057 8.22599029541 -0.506662905216 12.8373384476 8.1526966095 -0.506574988365 12.8374633789 8.15590667725 -0.506114900112 12.8376054764 8.22311019897 -0.50556230545 12.8376140594 8.22552013397 -0.505529165268 12.8376283646 8.15322208405 -0.505476117134 12.8377504349 8.22438526154 -0.505027115345 12.8377523422 8.15468215942 -0.505013883114 12.8379449844 8.26434421539 -0.504292011261 12.8379621506 8.11434364319 -0.50423002243 12.8382892609 8.26383209229 -0.503025949001 12.8383464813 8.11501789093 -0.502797782421 12.8386201859 8.11666107178 -0.501788854599 12.8386201859 8.26217651367 -0.501789212227 12.8393201828 8.24776268005 -0.589972138405 12.8393259048 8.23042583466 -0.589950084686 12.8396205902 8.24933338165 -0.588836491108 12.8397541046 8.22934627533 -0.588361799717 12.8402099609 8.11434364319 -0.515156328678 12.8402099609 8.25510883331 -0.515156388283 12.8402099609 8.26434421539 -0.515156328678 12.8402204514 8.12365436554 -0.515159130096 12.8403396606 8.11434364319 -0.514673292637 12.8403396606 8.12534332275 -0.514673292637 12.8403396606 8.25334358215 -0.514673292637 12.8403396606 8.26434421539 -0.514673292637 12.8403453827 8.22485923767 -0.586132347584 12.8403625488 8.2137670517 -0.586065530777 12.8404188156 8.21549797058 -0.585857927799 12.8404378891 8.25416374207 -0.515216290951 12.8404436111 8.22313117981 -0.585759997368 12.8404626846 8.12458515167 -0.515222907066 12.8406047821 8.21255111694 -0.585155725479 12.8407697678 8.23092365265 -0.590360462666 12.8407735825 8.24817943573 -0.590343534946 12.8407897949 8.22230815887 -0.584474861622 12.8408060074 8.22648334503 -0.584419429302 12.8408088684 8.21636772156 -0.584397017956 12.8409404755 8.25334358215 -0.515351116657 12.8410129547 8.25184440613 -0.512452185154 12.8410148621 8.12542915344 -0.515371024609 12.8410196304 8.12684345245 -0.512686371803 12.8410549164 8.12688446045 -0.512017786503 12.8410711288 8.22937774658 -0.589241266251 12.8411178589 8.25184440613 -0.513351380825 12.8411197662 8.15306091309 -0.511775612831 12.8411417007 8.12684345245 -0.513432502747 12.8411855698 8.24934101105 -0.588818430901 12.8411931992 8.1253528595 -0.511500298977 12.8411951065 8.25185394287 -0.51149314642 12.8412027359 8.21595478058 -0.582939445972 12.8412046432 8.2126159668 -0.582935333252 12.8412895203 8.25325393677 -0.511144697666 12.8413276672 8.22541904449 -0.582482337952 12.8413295746 8.1262512207 -0.510987460613 12.841337204 8.22315883636 -0.582440257072 12.8413944244 8.21457290649 -0.582223713398 12.8414096832 8.12684345245 -0.514039695263 12.8414926529 8.25184440613 -0.514189362526 12.8416223526 8.25276088715 -0.515533208847 12.8416595459 8.11434364319 -0.515544593334 12.8416595459 8.26434421539 -0.515544593334 12.8416604996 8.25523471832 -0.515544712543 12.8416614532 8.12357616425 -0.515544712543 12.8417234421 8.22409725189 -0.509531378746 12.8417291641 8.11953639984 -0.509513795376 12.8417310715 8.25930023193 -0.509502768517 12.8417539597 8.18881988525 -0.509420931339 12.8417692184 8.15397357941 -0.509362578392 12.8417816162 8.19007396698 -0.509319186211 12.8417901993 8.12534332275 -0.515061616898 12.8417901993 8.2140378952 -0.586533069611 12.8417901993 8.25334358215 -0.515061616898 12.841791153 8.22421360016 -0.586529552937 12.841794014 8.11434364319 -0.515062153339 12.841794014 8.26434421539 -0.515061795712 12.8418207169 8.11919116974 -0.509162724018 12.8418235779 8.25463104248 -0.515587747097 12.8418321609 8.15546989441 -0.509135007858 12.8418331146 8.18871593475 -0.509119272232 12.8418340683 8.12604904175 -0.515591204166 12.8418464661 8.22486305237 -0.509067714214 12.8418655396 8.26045703888 -0.509003221989 12.8418731689 8.2255191803 -0.508959174156 12.8418741226 8.12684345245 -0.514665544033 12.8418941498 8.21555805206 -0.586146295071 12.8418998718 8.22346305847 -0.508867204189 12.8418998718 8.25846290588 -0.508866786957 12.8419103622 8.12784385681 -0.580314874649 12.8419103622 8.21934318542 -0.580314874649 12.8419103622 8.22934436798 -0.580314874649 12.8419103622 8.25084400177 -0.580314874649 12.8419132233 8.12419605255 -0.515611588955 12.8419246674 8.11789989471 -0.508768737316 12.8419246674 8.12070083618 -0.508782505989 12.8419303894 8.22579097748 -0.586017072201 12.8419456482 8.257853508 -0.508690178394 12.8419599533 8.15285015106 -0.508631765842 12.8419628143 8.22281360626 -0.585897982121 12.8419952393 8.18781089783 -0.508494913578 12.8419952393 8.22281074524 -0.508494913578 12.8419971466 8.19054698944 -0.508494377136 12.8420133591 8.21268558502 -0.585708498955 12.8420801163 8.15574264526 -0.508188605309 12.842089653 8.1910200119 -0.508149325848 12.8421020508 8.1179857254 -0.508102536201 12.8421049118 8.12094688416 -0.508090674877 12.8421239853 8.25184440613 -0.514891386032 12.8421649933 8.22599029541 -0.50786703825 12.8421726227 8.26068878174 -0.507834136486 12.8421878815 8.25417804718 -0.515686571598 12.8421926498 8.1530046463 -0.507762074471 12.8422040939 8.15596294403 -0.50773280859 12.842209816 8.25249195099 -0.515691518784 12.8422174454 8.2610206604 -0.507675051689 12.8422403336 8.21638011932 -0.584860980511 12.842250824 8.2580947876 -0.507550418377 12.8422832489 8.222905159 -0.507436394691 12.8422851562 8.18788528442 -0.50742906332 12.8423175812 8.11785411835 -0.507306039333 12.8423252106 8.15284919739 -0.507284641266 12.8423519135 8.12463665009 -0.515728473663 12.8423976898 8.22479057312 -0.578490614891 12.8424015045 8.2223072052 -0.584272503853 12.8424119949 8.25800228119 -0.50695168972 12.8424167633 8.1904964447 -0.506922900677 12.8424243927 8.21405410767 -0.578399956226 12.8424291611 8.12056446075 -0.506885588169 12.8424425125 8.22540569305 -0.506826996803 12.842458725 8.15546512604 -0.506770730019 12.8424768448 8.11971282959 -0.506703913212 12.8424968719 8.21233654022 -0.583910703659 12.842499733 8.25179386139 -0.512451946735 12.8425073624 8.15438270569 -0.506587266922 12.8425073624 8.2593832016 -0.506587266922 12.8425111771 8.12686824799 -0.512409031391 12.8425140381 8.1884803772 -0.506556332111 12.8425140381 8.22348022461 -0.506556689739 12.8425235748 8.22631263733 -0.583813011646 12.8425550461 8.22459888458 -0.506413698196 12.8425579071 8.18970108032 -0.506397783756 12.8425664902 8.21588993073 -0.577855169773 12.8425703049 8.17184352875 -0.512163817883 12.842581749 8.25968265533 -0.506307959557 12.8425827026 8.1190032959 -0.506308376789 12.8425827026 8.15400409698 -0.506308376789 12.8426198959 8.12684345245 -0.513140976429 12.8426198959 8.22269821167 -0.577651917934 12.8426446915 8.25184440613 -0.513180017471 12.8426523209 8.12535095215 -0.51186221838 12.8426628113 8.25333404541 -0.511825740337 12.8427124023 8.21236419678 -0.577295899391 12.8427505493 8.21565914154 -0.582963228226 12.8427724838 8.25242996216 -0.511414885521 12.8427762985 8.12634277344 -0.511400699615 12.8427772522 8.22326850891 -0.582870125771 12.8428144455 8.12634181976 -0.515853524208 12.8428173065 8.22635173798 -0.576905190945 12.8428211212 8.25384521484 -0.515855252743 12.8428287506 8.21376609802 -0.582680702209 12.842833519 8.12684345245 -0.515339195728 12.8428344727 8.2248210907 -0.582654297352 12.8428869247 8.25234413147 -0.515872895718 12.8429574966 8.25184440613 -0.515372574329 12.8429660797 8.12484359741 -0.515894293785 12.8429956436 8.25184440613 -0.513664782047 12.8430347443 8.12684345245 -0.513700246811 12.8430557251 8.21633243561 -0.576026976109 12.8432235718 8.22607421875 -0.575408577919 12.8432331085 8.22248649597 -0.575361549854 12.843249321 8.18914413452 -0.509607374668 12.8432750702 8.11892604828 -0.509512841702 12.843290329 8.21279239655 -0.575156986713 12.8433008194 8.1549243927 -0.509427666664 12.8433008194 8.2249250412 -0.509427964687 12.843337059 8.22351169586 -0.509291172028 12.8433542252 8.26036167145 -0.509226560593 12.8433570862 8.25840759277 -0.509234070778 12.8433599472 8.12784385681 -0.5807030797 12.8433599472 8.21934318542 -0.5807030797 12.8433599472 8.22934436798 -0.5807030797 12.8433837891 8.2155046463 -0.574802875519 12.8433914185 8.15321826935 -0.509100139141 12.843413353 8.12047290802 -0.509005963802 12.8434667587 8.21413421631 -0.574493765831 12.8434705734 8.22470855713 -0.574479222298 12.8435058594 8.25184440613 -0.513967692852 12.8435220718 8.12684345245 -0.513971924782 12.8435382843 8.11808204651 -0.508548498154 12.8435878754 8.190741539 -0.508352458477 12.8436136246 8.22566604614 -0.508255004883 12.8436441422 8.15568065643 -0.508148014545 12.8436536789 8.1879863739 -0.508104681969 12.8436555862 8.22307395935 -0.508101284504 12.8438301086 8.26033592224 -0.507452964783 12.8438568115 8.15346050262 -0.507348418236 12.8438587189 8.11846351624 -0.507345676422 12.8438768387 8.12021064758 -0.507282674313 12.8438768387 8.25839138031 -0.507277429104 12.8438882828 8.22517871857 -0.578723490238 12.8438901901 8.21357154846 -0.57871067524 12.8439188004 8.15474510193 -0.507118403912 12.8439397812 8.21546459198 -0.578511476517 12.843952179 8.1894235611 -0.507008433342 12.8439664841 8.22430706024 -0.506934702396 12.8440151215 8.2227935791 -0.578239202499 12.8441104889 8.22935390472 -0.572102963924 12.8441143036 8.24933815002 -0.572080075741 12.8442897797 8.11435985565 -0.505743205547 12.8443002701 8.26432514191 -0.505695283413 12.8443250656 8.22638988495 -0.577078282833 12.8443651199 8.21220111847 -0.576935231686 12.8444709778 8.21647644043 -0.576544344425 12.8444957733 8.23062229156 -0.570662379265 12.8444957733 8.24804496765 -0.570667505264 12.8445253372 8.22236347198 -0.576339185238 12.8446836472 8.2634344101 -0.504257082939 12.8447561264 8.11549568176 -0.503999233246 12.8447933197 8.22573852539 -0.575336277485 12.8448762894 8.2134475708 -0.575031340122 12.844877243 8.21514892578 -0.575028181076 12.8448982239 8.22358703613 -0.574941396713 12.8449001312 8.11707496643 -0.503470778465 12.8449001312 8.17184352875 -0.503470480442 12.8449001312 8.26193237305 -0.50347161293 12.8455734253 8.24934005737 -0.572434604168 12.8456106186 8.2293586731 -0.572271883488 12.8459396362 8.24799823761 -0.571049332619 12.8459434509 8.23083972931 -0.571050584316 12.8513698578 8.12379455566 -0.446466237307 12.8513698578 8.18298339844 -0.446466296911 12.8513698578 8.1915435791 -0.446466296911 12.8513698578 8.25774383545 -0.446466296911 12.8513698578 8.26094341278 -0.446466296911 12.8513727188 8.10415935516 -0.446464300156 12.8513736725 8.27460765839 -0.446462899446 12.8515806198 8.10328006744 -0.446453928947 12.8516368866 8.27557563782 -0.446466118097 12.8519563675 8.10240745544 -0.446540772915 12.8519735336 8.27629566193 -0.446548372507 12.8523836136 8.27686405182 -0.446672618389 12.8526773453 8.10150623322 -0.446768224239 12.8530988693 8.27752399445 -0.446863740683 12.853228569 8.1010761261 -0.446937859058 12.8533000946 8.10435771942 -0.446984231472 12.8533000946 8.27427005768 -0.446983963251 12.8534212112 8.27491855621 -0.447061568499 12.8534345627 8.1037607193 -0.447051405907 12.8536911011 8.10323810577 -0.447204083204 12.8537111282 8.27546405792 -0.447211205959 12.8540821075 8.27587413788 -0.447433441877 12.8541040421 8.10279750824 -0.447446316481 12.856423378 8.2523431778 -0.520535767078 12.8564710617 8.12634372711 -0.5205488801 12.8565425873 8.25384426117 -0.520567536354 12.8565626144 8.12484359741 -0.520574629307 12.8566303253 8.12484359741 -0.519556283951 12.8566303253 8.12634372711 -0.519556283951 12.8566303253 8.2523431778 -0.519556283951 12.8566303253 8.25384426117 -0.519556283951 12.856760025 8.12684345245 -0.519073307514 12.856760025 8.25184440613 -0.519073307514 12.8569288254 8.12784385681 -0.51911842823 12.8569841385 8.25084400177 -0.519133627415 12.8571128845 8.25216197968 -0.520719468594 12.8571500778 8.12684345245 -0.517624497414 12.8571500778 8.12784385681 -0.517624497414 12.8571500778 8.25084400177 -0.517624497414 12.8571500778 8.25184440613 -0.517624497414 12.8571624756 8.12655639648 -0.520732522011 12.8574438095 8.12784385681 -0.519468665123 12.8574581146 8.25363636017 -0.520811319351 12.8574743271 8.25020217896 -0.522221088409 12.8574800491 8.12820625305 -0.522188484669 12.8575344086 8.12508296967 -0.520831644535 12.8575878143 8.25084400177 -0.519623100758 12.8575925827 8.25166702271 -0.520832598209 12.8576231003 8.12913417816 -0.521672785282 12.8576345444 8.25119304657 -0.521495461464 12.8576717377 8.12726020813 -0.521116435528 12.8576965332 8.24952316284 -0.521388232708 12.857758522 8.12784385681 -0.517850756645 12.8577604294 8.12780189514 -0.519917905331 12.8578195572 8.25084495544 -0.520106673241 12.8578205109 8.21934318542 -0.520906805992 12.8578310013 8.25084400177 -0.517889738083 12.857878685 8.2501449585 -0.520659863949 12.8578863144 8.12856674194 -0.520639538765 12.858288765 8.12557983398 -0.52103549242 12.8583345413 8.25307750702 -0.521047890186 12.8585157394 8.12784385681 -0.518409132957 12.8585729599 8.25084400177 -0.518468737602 12.8588562012 8.12626552582 -0.521169602871 12.8589315414 8.25024223328 -0.522583067417 12.858953476 8.12873363495 -0.522499322891 12.8589801788 8.12784385681 -0.519034385681 12.8589878082 8.25206375122 -0.521432876587 12.8590393066 8.12722969055 -0.521993339062 12.8590450287 8.25122451782 -0.522069513798 12.8590812683 8.25084400177 -0.519220173359 12.8591051102 8.24951839447 -0.52191722393 12.8592023849 8.12913894653 -0.521553695202 12.8592672348 8.12783432007 -0.519676208496 12.8592700958 8.21934318542 -0.521298587322 12.8593025208 8.25078010559 -0.519855320454 12.8593845367 8.25017547607 -0.520723581314 12.8593873978 8.12848186493 -0.520662009716 12.8687791824 8.32233428955 -0.661943793297 12.8688030243 8.05635261536 -0.66232663393 12.8688030243 8.05835342407 -0.662836432457 12.8688116074 8.32033443451 -0.662086308002 12.8696069717 8.05835342407 -0.664208173752 12.8696374893 8.05635261536 -0.664374172688 12.8696374893 8.05835342407 -0.66078877449 12.869638443 8.32033443451 -0.664374291897 12.8697118759 8.32233428955 -0.66437792778 12.8698854446 8.05635261536 -0.660721600056 12.8704137802 8.32033443451 -0.660506844521 12.8708972931 8.32233428955 -0.660463988781 12.8713245392 8.05835342407 -0.664610147476 12.8720874786 8.05635261536 -0.664253652096 12.8720874786 8.05835342407 -0.660909235477 12.8720874786 8.32033443451 -0.664253652096 12.8721504211 8.05635261536 -0.660918653011 12.8721513748 8.32233428955 -0.664244234562 12.8723745346 8.32033443451 -0.661211669445 12.8728494644 8.32233428955 -0.661921679974 12.8728713989 8.05635261536 -0.662689507008 12.8728713989 8.32033443451 -0.662689507008 12.8729114532 8.05835342407 -0.663006305695 12.8738517761 8.19394874573 -0.674581587315 12.8741197586 8.18280696869 -0.700001478195 12.8741197586 8.18280696869 -0.67458152771 12.8741197586 8.19587993622 -0.700001478195 12.8759117126 8.19504261017 -0.681582093239 12.8760795593 8.18337059021 -0.700001478195 12.8761396408 8.19597053528 -0.700001478195 12.876162529 8.18154335022 -0.681581497192 12.8763904572 8.16993236542 -0.700001478195 12.8763904572 8.20875644684 -0.700001478195 12.8763904572 8.20875644684 -0.67458152771 12.8766374588 8.16866779327 -0.67458152771 12.8771276474 8.18927383423 -0.689534962177 12.8773851395 8.18948364258 -0.684771478176 12.8778495789 8.20670795441 -0.681582450867 12.8779363632 8.17743015289 -0.685450971127 12.8780059814 8.20140361786 -0.688514351845 12.8781900406 8.17094898224 -0.700001478195 12.8783597946 8.20837306976 -0.700001478195 12.8783998489 8.20137500763 -0.684790551662 12.8785619736 8.16925621033 -0.681581497192 12.8795108795 8.17433357239 -0.691154956818 12.8801984787 8.19058036804 -0.676581501961 12.8802633286 8.18821430206 -0.681610047817 12.8802709579 8.19065093994 -0.681508600712 12.8803405762 8.18987464905 -0.681581497192 12.8806152344 8.18582439423 -0.67458152771 12.8806152344 8.18735122681 -0.681581497192 12.8806915283 8.19529628754 -0.692865729332 12.8808059692 8.16601753235 -0.687727451324 12.8808383942 8.19180202484 -0.681581497192 12.8808603287 8.15764713287 -0.700001478195 12.8808603287 8.15764713287 -0.67458152771 12.8808603287 8.22103977203 -0.700001478195 12.8808603287 8.22103977203 -0.67458152771 12.8809623718 8.21290111542 -0.688533842564 12.8813705444 8.21291446686 -0.684797525406 12.8814115524 8.18588256836 -0.681702077389 12.8814153671 8.19280815125 -0.681710362434 12.8814592361 8.2084569931 -0.692040145397 12.8817806244 8.21842479706 -0.681581497192 12.8817920685 8.16585826874 -0.683941841125 12.8823213577 8.17156887054 -0.681383192539 12.882358551 8.20502090454 -0.681467056274 12.8824100494 8.15907478333 -0.700001478195 12.8824234009 8.17360305786 -0.681581497192 12.8824234009 8.17378044128 -0.681615293026 12.8824234009 8.20508575439 -0.681581497192 12.8824291229 8.2070941925 -0.681595087051 12.8826799393 8.2202091217 -0.700001478195 12.8828029633 8.17112255096 -0.681581497192 12.8828029633 8.20756530762 -0.681581497192 12.882815361 8.15806865692 -0.681581735611 12.8829278946 8.20319271088 -0.681617498398 12.8829288483 8.17549514771 -0.68161791563 12.8829469681 8.18383789062 -0.676581501961 12.8829469681 8.19484901428 -0.67458152771 12.883351326 8.16901493073 -0.692900180817 12.8835363388 8.16962337494 -0.681628465652 12.8835496902 8.19009113312 -0.681581497192 12.8836297989 8.20911693573 -0.681760549545 12.8837633133 8.16940498352 -0.681581497192 12.8837633133 8.20928096771 -0.681581497192 12.8840417862 8.19746112823 -0.681581497192 12.8842563629 8.19160175323 -0.692864596844 12.8842897415 8.18730258942 -0.681581497192 12.8842973709 8.18730354309 -0.681579291821 12.8844766617 8.19505119324 -0.681600153446 12.8848457336 8.16837406158 -0.681616425514 12.884847641 8.21031475067 -0.681617617607 12.8851976395 8.17820358276 -0.681601345539 12.8853883743 8.19573783875 -0.676581501961 12.8854351044 8.20032024384 -0.681604146957 12.8855171204 8.17237091064 -0.67458152771 12.8855171204 8.20472145081 -0.67458152771 12.8855829239 8.1731672287 -0.681522548199 12.8855895996 8.19213199615 -0.681581497192 12.8856134415 8.17418575287 -0.67458152771 12.8856134415 8.20653915405 -0.67458152771 12.8856859207 8.22396469116 -0.686818480492 12.8857078552 8.15593910217 -0.690254330635 12.8857584 8.19228553772 -0.682055950165 12.8857650757 8.18690872192 -0.682051479816 12.8859672546 8.19538497925 -0.682212114334 12.8859729767 8.20407104492 -0.68159365654 12.8859815598 8.2069644928 -0.681423723698 12.8860588074 8.18333625793 -0.681740045547 12.8860750198 8.19535923004 -0.681581497192 12.8865089417 8.15481472015 -0.683897137642 12.8865299225 8.20784950256 -0.67458152771 12.8865327835 8.170835495 -0.67458152771 12.8865337372 8.20318698883 -0.67458152771 12.8865356445 8.1755027771 -0.67458152771 12.8865766525 8.17890739441 -0.682091891766 12.886598587 8.19982051849 -0.682041883469 12.8866662979 8.17891216278 -0.681581497192 12.8866786957 8.1997718811 -0.681581497192 12.8870201111 8.17066669464 -0.681634604931 12.8870801926 8.18655490875 -0.681581497192 12.8870983124 8.17583942413 -0.682211101055 12.8872804642 8.20331573486 -0.682081520557 12.8873996735 8.14632511139 -0.700001478195 12.8873996735 8.14632511139 -0.67458152771 12.8873996735 8.23236083984 -0.700001478195 12.8873996735 8.23236083984 -0.67458152771 12.8875999451 8.19521045685 -0.681581497192 12.8876886368 8.20260906219 -0.67458152771 12.8876943588 8.17025566101 -0.67458152771 12.8876962662 8.17607879639 -0.67458152771 12.8876962662 8.20843219757 -0.67458152771 12.8877010345 8.22408390045 -0.691609680653 12.8877372742 8.22945690155 -0.681581497192 12.8880939484 8.18358516693 -0.681581497192 12.8882265091 8.19084358215 -0.690344393253 12.8882417679 8.22040462494 -0.67458152771 12.8882894516 8.18984699249 -0.684296011925 12.8883609772 8.15847587585 -0.67458152771 12.8883800507 8.19138526917 -0.681581497192 12.8883905411 8.1588306427 -0.676581501961 12.8883905411 8.2213306427 -0.676581501961 12.8884181976 8.14807224274 -0.681583583355 12.8885297775 8.20851230621 -0.68234872818 12.8885507584 8.17066764832 -0.682037472725 12.8886003494 8.14810276031 -0.700001478195 12.8886175156 8.21154594421 -0.681665241718 12.8886232376 8.16714000702 -0.681644499302 12.8886404037 8.1835231781 -0.67458152771 12.888669014 8.22147750854 -0.681509912014 12.8886709213 8.19950199127 -0.681581497192 12.888677597 8.17918586731 -0.681581497192 12.8887071609 8.18064975739 -0.690502047539 12.8887214661 8.15744113922 -0.681581497192 12.8887214661 8.22124671936 -0.681581497192 12.8887376785 8.15720939636 -0.681738436222 12.8887577057 8.2197675705 -0.681618750095 12.8887586594 8.15892410278 -0.681627452374 12.8888988495 8.20584583282 -0.691884994507 12.8889703751 8.23112487793 -0.700001478195 12.8891201019 8.18859672546 -0.681581497192 12.889125824 8.22323322296 -0.681564331055 12.889131546 8.17990684509 -0.684729397297 12.8892469406 8.20847415924 -0.67458152771 12.8892526627 8.17021369934 -0.67458152771 12.8892536163 8.17611980438 -0.67458152771 12.88925457 8.20256710052 -0.67458152771 12.889257431 8.15552902222 -0.681581497192 12.889257431 8.22315883636 -0.681581497192 12.8894100189 8.19950485229 -0.688083648682 12.8894176483 8.15504169464 -0.681827783585 12.8895215988 8.19449520111 -0.681581497192 12.8895835876 8.16721630096 -0.682315170765 12.8897352219 8.21137332916 -0.681954860687 12.8899250031 8.18450832367 -0.681581497192 12.890165329 8.165599823 -0.692703664303 12.8902254105 8.18443965912 -0.676581501961 12.8902330399 8.21659660339 -0.681600809097 12.8903598785 8.2249622345 -0.681598126888 12.8904209137 8.22481822968 -0.681581497192 12.8904247284 8.15386581421 -0.681581497192 12.8904476166 8.16233921051 -0.681590199471 12.8905496597 8.20575428009 -0.684978187084 12.8905887604 8.20765209198 -0.67458152771 12.8905897141 8.20338916779 -0.67458152771 12.8905906677 8.17529773712 -0.67458152771 12.8905925751 8.1710395813 -0.67458152771 12.8906793594 8.17876720428 -0.681581497192 12.8907423019 8.16759395599 -0.681581497192 12.8907442093 8.21109199524 -0.681581497192 12.8911075592 8.1533203125 -0.681900382042 12.8911523819 8.20009040833 -0.681581497192 12.891166687 8.19363689423 -0.67458152771 12.8913173676 8.20653533936 -0.67458152771 12.8913183212 8.17418193817 -0.67458152771 12.8913249969 8.17065048218 -0.689602136612 12.8913249969 8.19270992279 -0.681581497192 12.8913259506 8.18597888947 -0.681581497192 12.891336441 8.21555995941 -0.682291388512 12.8914136887 8.2047252655 -0.67458152771 12.8914146423 8.17237472534 -0.67458152771 12.8914203644 8.16311359406 -0.682081520557 12.8914575577 8.17033672333 -0.684714972973 12.8914737701 8.16317272186 -0.681581497192 12.8914766312 8.21551322937 -0.681581497192 12.8919000626 8.17975521088 -0.67458152771 12.891919136 8.21984672546 -0.681641042233 12.8919200897 8.15734672546 -0.681585431099 12.8919200897 8.21984672546 -0.681581497192 12.892118454 8.22603797913 -0.681572794914 12.8921203613 8.15264892578 -0.681568145752 12.8921632767 8.1908531189 -0.681581497192 12.8922357559 8.23370838165 -0.687715351582 12.8922529221 8.16376113892 -0.676581501961 12.8922529221 8.22626113892 -0.676581501961 12.8923110962 8.1883430481 -0.681581497192 12.8924665451 8.19138336182 -0.676581501961 12.8924770355 8.18749809265 -0.674575567245 12.8926696777 8.16013526917 -0.681581497192 12.8926696777 8.22263622284 -0.681581497192 12.892742157 8.16035175323 -0.682069182396 12.8927936554 8.17740440369 -0.681581497192 12.892827034 8.21428585052 -0.676581501961 12.8928279877 8.15178585052 -0.676581501961 12.8928394318 8.18312454224 -0.681582212448 12.8928394318 8.19556331635 -0.681582212448 12.8928604126 8.16899490356 -0.681581497192 12.892865181 8.20968818665 -0.681581497192 12.8929948807 8.21877193451 -0.682094573975 12.8931007385 8.20167732239 -0.681581497192 12.8931350708 8.23258781433 -0.683047473431 12.8931732178 8.13896751404 -0.674581408501 12.8931913376 8.15168857574 -0.67458152771 12.8933591843 8.16396141052 -0.681581497192 12.8933591843 8.21472549438 -0.681581497192 12.8934135437 8.16442489624 -0.67458152771 12.8934135437 8.22692489624 -0.67458152771 12.8937215805 8.20097255707 -0.674584209919 12.8937673569 8.21419906616 -0.67458152771 12.8938808441 8.21526145935 -0.689941823483 12.8939599991 8.15530490875 -0.681634604931 12.8939599991 8.15530490875 -0.681581497192 12.8939599991 8.21780490875 -0.681581497192 12.8941268921 8.17523670197 -0.681581497192 12.8941278458 8.20345020294 -0.681581497192 12.8941488266 8.1711807251 -0.681581497192 12.8941488266 8.20750522614 -0.681581497192 12.8942317963 8.24096775055 -0.674581468105 12.8942518234 8.14262580872 -0.685432136059 12.8944883347 8.17318534851 -0.681581497192 12.8944883347 8.20550346375 -0.681581497192 12.8944997787 8.17478466034 -0.67458152771 12.8949270248 8.23118495941 -0.692972302437 12.8953504562 8.1612663269 -0.689195275307 12.8953895569 8.16407680511 -0.681581497192 12.8953895569 8.21461009979 -0.681581497192 12.8954353333 8.15569877625 -0.682063281536 12.895447731 8.23926353455 -0.681581497192 12.8954601288 8.16088199615 -0.681581497192 12.8954601288 8.22338199615 -0.681581497192 12.8956861496 8.13927459717 -0.681581497192 12.8957061768 8.22339916229 -0.681836843491 12.8957242966 8.14479732513 -0.681915938854 12.8957853317 8.22515964508 -0.692859768867 12.8957996368 8.13631057739 -0.700001478195 12.8957996368 8.24237632751 -0.700001478195 12.8959465027 8.1450252533 -0.692981243134 12.8959598541 8.21876239777 -0.684361577034 12.8960876465 8.14067745209 -0.690986275673 12.8964233398 8.15231895447 -0.681612670422 12.8964309692 8.22637176514 -0.681630671024 12.8965902328 8.13835906982 -0.700001478195 12.8967504501 8.15605258942 -0.681581497192 12.8967504501 8.21855258942 -0.681581497192 12.8969764709 8.15798568726 -0.68500316143 12.8970499039 8.24079608917 -0.700001478195 12.8973302841 8.16351509094 -0.681581497192 12.8973369598 8.21517467499 -0.681581497192 12.8974208832 8.15274810791 -0.68202316761 12.8974237442 8.22600078583 -0.682176887989 12.8975000381 8.15884113312 -0.681581497192 12.8975000381 8.22134113312 -0.681581497192 12.8978595734 8.16557121277 -0.681581497192 12.8978595734 8.21311473846 -0.681581497192 12.8979616165 8.2382106781 -0.691618680954 12.8983402252 8.15329360962 -0.681581497192 12.898349762 8.22538566589 -0.681581497192 12.8985033035 8.163189888 -0.676581501961 12.8985033035 8.225689888 -0.676581501961 12.8986301422 8.13635158539 -0.681581497192 12.898639679 8.14567565918 -0.681581497192 12.8986568451 8.14882278442 -0.693055689335 12.898680687 8.14484596252 -0.681868612766 12.8986816406 8.23428535461 -0.681609749794 12.8988256454 8.14357185364 -0.681581497192 12.8989667892 8.14704418182 -0.681257367134 12.8989706039 8.1623468399 -0.681581497192 12.8989725113 8.2163438797 -0.681581497192 12.8990001678 8.14720153809 -0.681581497192 12.8990221024 8.23569393158 -0.681581497192 12.8991060257 8.23578929901 -0.681905329227 12.8991279602 8.16296577454 -0.67458152771 12.8993110657 8.23077106476 -0.681589126587 12.8996706009 8.22427368164 -0.67458152771 12.8997402191 8.14864826202 -0.681581497192 12.8997440338 8.14164447784 -0.681581497192 12.8998575211 8.14696121216 -0.682987809181 12.8999099731 8.21759414673 -0.681581497192 12.8999290466 8.14884090424 -0.68196439743 12.8999643326 8.1370639801 -0.687767326832 12.9000082016 8.21786785126 -0.674574553967 12.9000091553 8.23797798157 -0.681214690208 12.9000196457 8.22350883484 -0.681581497192 12.9000205994 8.15518093109 -0.681581497192 12.9001550674 8.16067123413 -0.681581497192 12.9001560211 8.22952651978 -0.682087361813 12.9001989365 8.22947120667 -0.681581497192 12.900349617 8.23780727386 -0.681581497192 12.9004192352 8.24265384674 -0.686804950237 12.9005126953 8.14086341858 -0.699946939945 12.9005174637 8.21899986267 -0.681581497192 12.9005489349 8.15558624268 -0.67458152771 12.900639534 8.15716171265 -0.681581497192 12.9007024765 8.15869140625 -0.681581497192 12.9007167816 8.22104358673 -0.681581497192 12.90072155 8.15571880341 -0.676581501961 12.90072155 8.21821975708 -0.676581501961 12.9007482529 8.13643741608 -0.70000231266 12.9007797241 8.1405544281 -0.681581497192 12.9011793137 8.15007972717 -0.681581497192 12.9013986588 8.15136051178 -0.69048923254 12.9014539719 8.22719478607 -0.690374851227 12.9016046524 8.23886013031 -0.681496739388 12.9016532898 8.22730541229 -0.684306383133 12.9016895294 8.14435577393 -0.67458152771 12.9016895294 8.23433017731 -0.67458152771 12.9017496109 8.23353767395 -0.681634604931 12.9018011093 8.14620685577 -0.67458152771 12.901802063 8.23247718811 -0.67458152771 12.9018383026 8.22820949554 -0.681581497192 12.9020957947 8.13969135284 -0.681581497192 12.9024772644 8.2391576767 -0.681581497192 12.9025144577 8.23221492767 -0.682058632374 12.9026937485 8.14282512665 -0.67458152771 12.9026966095 8.14747619629 -0.67458152771 12.9026975632 8.23120975494 -0.67458152771 12.9026975632 8.23586559296 -0.67458152771 12.902759552 8.15707969666 -0.681581497192 12.902759552 8.22160720825 -0.681581497192 12.9030847549 8.15096664429 -0.681581497192 12.9031982422 8.23604106903 -0.681655049324 12.9035100937 8.14635372162 -0.683331310749 12.9035749435 8.23947048187 -0.68164652586 12.9035997391 8.13924026489 -0.681581497192 12.903635025 8.13817501068 -0.685967624187 12.9036808014 8.14388084412 -0.699870765209 12.9037370682 8.22758579254 -0.681581497192 12.9038743973 8.14223766327 -0.67458152771 12.9041404724 8.12892723083 -0.674581468105 12.9043779373 8.14819335938 -0.67458152771 12.9043798447 8.23049259186 -0.67458152771 12.9043836594 8.23658275604 -0.67458152771 12.9046401978 8.15114974976 -0.681581497192 12.9047966003 8.24767303467 -0.681581497192 12.905166626 8.13914966583 -0.681581497192 12.9051761627 8.14216709137 -0.67458152771 12.9054298401 8.13265705109 -0.699997723103 12.9057216644 8.15291786194 -0.674582064152 12.9057636261 8.22762107849 -0.681581497192 12.9058198929 8.12790679932 -0.700001478195 12.9058198929 8.25078010559 -0.700001478195 12.9058198929 8.25078010559 -0.67458152771 12.9061403275 8.13013458252 -0.700001478195 12.9061937332 8.15096664429 -0.681581497192 12.9062423706 8.23606014252 -0.682218134403 12.906373024 8.14268684387 -0.67458152771 12.9063920975 8.23103141785 -0.67458152771 12.9063930511 8.14765453339 -0.67458152771 12.9063949585 8.23604106903 -0.67458152771 12.9066696167 8.24893474579 -0.700001478195 12.9066896439 8.1395111084 -0.681581497192 12.9068517685 8.145819664 -0.695206880569 12.9072084427 8.12928295135 -0.681581497192 12.90721035 8.22717475891 -0.681581497192 12.9072151184 8.14507293701 -0.700014650822 12.9072580338 8.1436214447 -0.67458152771 12.90741539 8.23886203766 -0.681587338448 12.9074983597 8.14616394043 -0.67458152771 12.9074983597 8.23455238342 -0.67458152771 12.9075937271 8.23274421692 -0.67458152771 12.9076156616 8.15102291107 -0.681581437588 12.9076385498 8.14484024048 -0.67458152771 12.9076404572 8.15034580231 -0.681581497192 12.9076986313 8.22834682465 -0.681581497192 12.9077730179 8.13429069519 -0.692665159702 12.9080934525 8.14021492004 -0.681581497192 12.9085359573 8.23431682587 -0.689228415489 12.90858078 8.23448753357 -0.684662103653 12.9086360931 8.23804283142 -0.682131886482 12.9087152481 8.23797416687 -0.681581497192 12.9088745117 8.23817443848 -0.69270157814 12.9089002609 8.1494102478 -0.681581497192 12.909239769 8.14129161835 -0.681581497192 12.9092712402 8.22936058044 -0.674581348896 12.9093198776 8.13332748413 -0.699998617172 12.909330368 8.13983249664 -0.689190268517 12.9095726013 8.23002529144 -0.681580483913 12.9100799561 8.24914169312 -0.68391174078 12.9100990295 8.24969387054 -0.6889321208 12.9101009369 8.14260387421 -0.681581497192 12.9101009369 8.14769554138 -0.681581497192 12.9102163315 8.2359085083 -0.681581497192 12.9103183746 8.14234161377 -0.691473841667 12.9104204178 8.23190402985 -0.681581497192 12.9105501175 8.14619064331 -0.681581497192 12.9106388092 8.14461708069 -0.681581497192 12.9106626511 8.23341083527 -0.681581497192 12.9110002518 8.14771556854 -0.681581497192 12.9110002518 8.23097229004 -0.681581497192 12.911564827 8.13521766663 -0.681581497192 12.9116601944 8.14171695709 -0.699998855591 12.9117250443 8.24218845367 -0.6815944314 12.9117498398 8.24598884583 -0.67458152771 12.9117898941 8.13366413116 -0.681581497192 12.9117898941 8.13677024841 -0.681581497192 12.911898613 8.24631214142 -0.676581501961 12.9121160507 8.24601364136 -0.681565582752 12.9121370316 8.24083042145 -0.682291865349 12.9122467041 8.24068641663 -0.681581497192 12.9122972488 8.13129234314 -0.67458152771 12.9123783112 8.13219451904 -0.681581497192 12.9123802185 8.13824272156 -0.681581497192 12.9124679565 8.13760948181 -0.699991047382 12.9125986099 8.13051223755 -0.676581501961 12.9126291275 8.23978233337 -0.67458152771 12.9127702713 8.2466917038 -0.682568669319 12.9129705429 8.139585495 -0.67458152771 12.9137125015 8.13060188293 -0.681581497192 12.9137172699 8.13983631134 -0.681581497192 12.9137334824 8.24814510345 -0.681581497192 12.9138031006 8.05635261536 -0.662326693535 12.9138116837 8.32033443451 -0.662086308002 12.9138221741 8.05835342407 -0.662193417549 12.9138622284 8.23869132996 -0.681581497192 12.9138622284 8.32233428955 -0.663446426392 12.9139661789 8.14071846008 -0.676581501961 12.9140625 8.24894428253 -0.692748785019 12.9141941071 8.32033443451 -0.663794279099 12.9141941071 8.32233428955 -0.661368787289 12.9144191742 8.05835342407 -0.664159357548 12.9145107269 8.23734378815 -0.676581501961 12.9145326614 8.24894809723 -0.681521892548 12.9146375656 8.05635261536 -0.664374232292 12.9147968292 8.24421310425 -0.681603074074 12.9147996902 8.13596439362 -0.681581497192 12.9147996902 8.24421787262 -0.681581497192 12.9148855209 8.05635261536 -0.66072165966 12.9149360657 8.32033443451 -0.660755693913 12.9149837494 8.05835342407 -0.660673439503 12.9151964188 8.24273967743 -0.682039618492 12.9153928757 8.25433349609 -0.681581497192 12.9155302048 8.12955474854 -0.681581497192 12.9155302048 8.14087772369 -0.681581497192 12.9155397415 8.13317584991 -0.681581497192 12.9155397415 8.24143028259 -0.681581497192 12.9158973694 8.32033443451 -0.664699018002 12.9159860611 8.24927520752 -0.681581497192 12.9160833359 8.32233428955 -0.660441100597 12.9161453247 8.32233428955 -0.664677321911 12.9164924622 8.05835342407 -0.664533674717 12.9164924622 8.32033443451 -0.660629332066 12.9164934158 8.24071216583 -0.690694630146 12.916560173 8.24050140381 -0.684654533863 12.9165697098 8.14326667786 -0.681581497192 12.9165697098 8.23542118073 -0.681581497192 12.9165792465 8.05835342407 -0.660703063011 12.9166564941 8.23748493195 -0.681581497192 12.9168024063 8.24941730499 -0.681840181351 12.9168395996 8.13800525665 -0.681581497192 12.9168395996 8.24625873566 -0.681581497192 12.9169502258 8.1236743927 -0.700001478195 12.9169902802 8.05635261536 -0.660841822624 12.9170875549 8.05635261536 -0.664253771305 12.917140007 8.12137031555 -0.700001478195 12.917140007 8.12137031555 -0.67458152771 12.917140007 8.25731563568 -0.700001478195 12.917140007 8.25731563568 -0.67458152771 12.9174165726 8.24972724915 -0.67458152771 12.9175395966 8.25529766083 -0.700001478195 12.9175853729 8.12919425964 -0.681581497192 12.9175853729 8.14124011993 -0.681581497192 12.9176492691 8.05835342407 -0.663508057594 12.9176492691 8.32033443451 -0.661655128002 12.9176492691 8.32233428955 -0.663508057594 12.9177436829 8.05835342407 -0.661742091179 12.9177436829 8.32033443451 -0.663420975208 12.9177808762 8.32233428955 -0.661913573742 12.917886734 8.05635261536 -0.662531256676 12.9180698395 8.12305927277 -0.681581497192 12.9180936813 8.2494764328 -0.68156516552 12.9183301926 8.13242912292 -0.681581497192 12.9183301926 8.24068164825 -0.681581497192 12.9185600281 8.23689365387 -0.674580097198 12.9187955856 8.12922763824 -0.67458152771 12.9189033508 8.14153289795 -0.674577057362 12.919169426 8.23766136169 -0.681581497192 12.9195098877 8.05688858032 -0.485205888748 12.9196300507 8.13725757599 -0.681581497192 12.9196300507 8.24551105499 -0.681581497192 12.9196395874 8.12955474854 -0.681581497192 12.9196395874 8.14087772369 -0.681581497192 12.9197473526 8.3219575882 -0.485343337059 12.9198389053 8.24545383453 -0.682131946087 12.9202079773 8.05652618408 -0.485561519861 12.9203653336 8.25543785095 -0.687304317951 12.9203701019 8.13446998596 -0.681581497192 12.9203701019 8.24272441864 -0.681581497192 12.9205236435 8.32016849518 -0.48579403758 12.9205713272 8.05848789215 -0.485821485519 12.9206619263 8.24959659576 -0.676581501961 12.9207038879 8.32227802277 -0.485742539167 12.9210004807 8.23850917816 -0.681581497192 12.9211139679 8.05635261536 -0.485936552286 12.9211931229 8.05835342407 -0.4859380126 12.9212265015 8.32033443451 -0.485877305269 12.9213895798 8.32233428955 -0.4859380126 12.9214525223 8.13983631134 -0.681581497192 12.9214572906 8.13060188293 -0.681581497192 12.921661377 8.24787902832 -0.681599676609 12.9222011566 8.13958454132 -0.676581501961 12.922495842 8.23907852173 -0.67458152771 12.9226207733 8.24677658081 -0.682130455971 12.9226417542 8.24674129486 -0.681581497192 12.9227333069 8.13180351257 -0.67458152771 12.9227676392 8.24033355713 -0.681581497192 12.9227924347 8.13823795319 -0.681581497192 12.922794342 8.13219928741 -0.681581497192 12.9228658676 8.13128566742 -0.676581501961 12.9229822159 8.13914585114 -0.67458152771 12.9232616425 8.24632453918 -0.67458152771 12.9232625961 8.24061775208 -0.676581501961 12.9232997894 8.24531078339 -0.681581497192 12.9233798981 8.13366413116 -0.681581497192 12.9233798981 8.13677024841 -0.681581497192 12.923620224 8.13521671295 -0.681581497192 12.9236354828 8.24325370789 -0.681581497192 12.9243583679 8.25495910645 -0.682501852512 12.9243688583 8.25438594818 -0.69262188673 12.9250602722 8.1383638382 -0.681581497192 12.9250602722 8.24032306671 -0.681581497192 12.9251203537 8.12609481812 -0.681581497192 12.9253034592 8.24517250061 -0.69030559063 12.9254331589 8.24512195587 -0.684648394585 12.9266338348 8.24957561493 -0.681653857231 12.926659584 8.1289730072 -0.681581497192 12.9267711639 8.24847698212 -0.682058155537 12.9268407822 8.12741756439 -0.681581497192 12.9268407822 8.13052940369 -0.681581497192 12.9269742966 8.25908470154 -0.681581497192 12.9270792007 8.24744606018 -0.681581497192 12.9274597168 8.12597370148 -0.681581497192 12.9277191162 8.13242340088 -0.681581497192 12.9278821945 8.25335216522 -0.68162304163 12.9281606674 8.24571418762 -0.681581497192 12.9282264709 8.1171207428 -0.674581587315 12.9283981323 8.12471389771 -0.681581497192 12.9287204742 8.1191701889 -0.700001478195 12.9287996292 8.13356971741 -0.681581497192 12.9288625717 8.25439071655 -0.681581497192 12.9293298721 8.24472141266 -0.681581497192 12.9293498993 8.25969600677 -0.700001478195 12.9294204712 8.11689853668 -0.700001478195 12.9294204712 8.26178836823 -0.700001478195 12.9294204712 8.26178836823 -0.674581587315 12.9295272827 8.25496387482 -0.681721627712 12.9296760559 8.12948703766 -0.674581587315 12.9296760559 8.24919986725 -0.674581587315 12.9297628403 8.25052642822 -0.674581587315 12.9298324585 8.11878681183 -0.681581556797 12.9298963547 8.12766647339 -0.674581587315 12.9301176071 8.12351417542 -0.681581497192 12.9301185608 8.13443183899 -0.681581497192 12.9301586151 8.24963378906 -0.68206346035 12.9301595688 8.25115776062 -0.681634604931 12.9301939011 8.24798297882 -0.674581587315 12.9303369522 8.13092136383 -0.674581587315 12.9303398132 8.25166702271 -0.674581587315 12.9306211472 8.25537967682 -0.681581497192 12.9307050705 8.24402046204 -0.681581497192 12.9309272766 8.12651062012 -0.674581587315 12.9311513901 8.24708557129 -0.67458152771 12.9311656952 8.25879383087 -0.689629137516 12.9316196442 8.12306404114 -0.681581497192 12.9316253662 8.13182163239 -0.674581348896 12.9318056107 8.25547790527 -0.682344257832 12.9318704605 8.25266647339 -0.674581587315 12.9321241379 8.12599086761 -0.674581587315 12.932138443 8.134973526 -0.681581497192 12.9323310852 8.25888633728 -0.684816658497 12.932595253 8.25573444366 -0.681581497192 12.9326400757 8.25212669373 -0.692921876907 12.9326601028 8.25259590149 -0.681484460831 12.9327030182 8.24369239807 -0.681581497192 12.9329319 8.24666976929 -0.67458152771 12.9331932068 8.12297534943 -0.681581497192 12.9333724976 8.25571060181 -0.681721568108 12.9334535599 8.13192558289 -0.674581050873 12.9336938858 8.25256252289 -0.674581587315 12.9339113235 8.13485622406 -0.681581497192 12.9339475632 8.12620067596 -0.674581587315 12.9342374802 8.24391841888 -0.681581497192 12.9342803955 8.1350107193 -0.674581587315 12.9342803955 8.24367713928 -0.674581587315 12.9347085953 8.25538539886 -0.681561112404 12.9348249435 8.24812221527 -0.685004472733 12.9348287582 8.24755764008 -0.674581587315 12.9349803925 8.25166702271 -0.674581587315 12.9349832535 8.13092136383 -0.674581587315 12.9352035522 8.13443088531 -0.681581497192 12.9352045059 8.12351512909 -0.681581497192 12.9353475571 8.25104141235 -0.682101070881 12.935423851 8.12766647339 -0.674581587315 12.9355573654 8.25052642822 -0.674581587315 12.9356441498 8.12948703766 -0.674581587315 12.9356441498 8.24919986725 -0.674581587315 12.9356489182 8.24448490143 -0.681581497192 12.9365196228 8.13356971741 -0.681581497192 12.9369220734 8.12471485138 -0.681581497192 12.9372138977 8.2457780838 -0.681581497192 12.9375991821 8.13242530823 -0.681581497192 12.9379692078 8.25256633759 -0.681679189205 12.9381198883 8.1264257431 -0.681581497192 12.9382562637 8.24748802185 -0.681581497192 12.9383897781 8.2516784668 -0.682303726673 12.9384794235 8.13052940369 -0.681581497192 12.9386587143 8.12844085693 -0.681581497192 12.938709259 8.24997901917 -0.681581497192 12.9391908646 8.26179027557 -0.681581497192 12.9392499924 8.13240814209 -0.674581587315 12.9394731522 8.25083255768 -0.691828668118 12.9397115707 8.24924564362 -0.689232409 12.9407396317 8.25413990021 -0.681581497192 12.9407644272 8.11678695679 -0.681581497192 12.9410896301 8.11675643921 -0.700001478195 12.941740036 8.26199817657 -0.700001478195 12.9422998428 8.11462879181 -0.700001478195 12.9422998428 8.11462879181 -0.674581587315 12.9422998428 8.26405906677 -0.700001478195 12.9422998428 8.26405906677 -0.674581587315 12.9426689148 8.13334083557 -0.681581437588 12.9426984787 8.12560558319 -0.674581587315 12.9426984787 8.12808036804 -0.676581501961 12.9426984787 8.25060462952 -0.674581587315 12.9427614212 8.24536323547 -0.681581437588 12.9428024292 8.25224590302 -0.68218433857 12.942814827 8.12684440613 -0.681581497192 12.9428634644 8.25107860565 -0.681581497192 12.9429712296 8.25325775146 -0.681695759296 12.9430398941 8.12529087067 -0.681581497192 12.9430398941 8.12839698792 -0.681581497192 12.943271637 8.26097488403 -0.686563968658 12.9432868958 8.25929737091 -0.682785630226 12.9434556961 8.24914836884 -0.681581497192 12.9435462952 8.25576782227 -0.676581501961 12.9436273575 8.12382221222 -0.681581497192 12.9436283112 8.12986660004 -0.681581497192 12.944152832 8.2602186203 -0.690786957741 12.9442205429 8.24747371674 -0.676581501961 12.9443302155 8.24788093567 -0.681581497192 12.9449491501 8.24980831146 -0.684251904488 12.9449634552 8.13146018982 -0.681581497192 12.9449653625 8.12222671509 -0.681581497192 12.9453849792 8.25678920746 -0.681578278542 12.9454469681 8.12133789062 -0.676581501961 12.9454469681 8.25734901428 -0.674581587315 12.9454870224 8.24684143066 -0.681581497192 12.9460496902 8.12609672546 -0.681581497192 12.9460496902 8.25109672546 -0.681581497192 12.9463968277 8.25240516663 -0.682056307793 12.9464139938 8.25724124908 -0.682121515274 12.9465522766 8.13317871094 -0.674577891827 12.9467802048 8.12118148804 -0.681581497192 12.9467802048 8.1325044632 -0.681581497192 12.9467897415 8.12888526917 -0.681581497192 12.9467897415 8.25388622284 -0.681634604931 12.9467897415 8.25388622284 -0.681581497192 12.9472751617 8.24565124512 -0.674578845501 12.9473342896 8.24601364136 -0.681581497192 12.9478282928 8.25781536102 -0.681581497192 12.9478883743 8.12044906616 -0.674581587315 12.9478883743 8.13323783875 -0.676581501961 12.9480895996 8.12405490875 -0.681581497192 12.9480895996 8.24905490875 -0.681581497192 12.9482011795 8.11645698547 -0.681581497192 12.94880867 8.25643634796 -0.693105220795 12.9488353729 8.12082099915 -0.681581497192 12.9488353729 8.13286685944 -0.681581497192 12.9488840103 8.25817775726 -0.681404948235 12.9493532181 8.245844841 -0.681581497192 12.9495801926 8.12963199615 -0.681581497192 12.9495801926 8.25463199615 -0.681589722633 12.9503316879 8.25767612457 -0.681581497192 12.9508800507 8.12480258942 -0.681581497192 12.9508800507 8.24980258942 -0.681581497192 12.9508895874 8.12118148804 -0.681581497192 12.9508895874 8.1325044632 -0.681581497192 12.9511356354 8.25737762451 -0.681860148907 12.9513225555 8.24636173248 -0.681581497192 12.9513492584 8.26237106323 -0.68158107996 12.9516201019 8.12759113312 -0.681581497192 12.9516201019 8.25259113312 -0.681581497192 12.9517459869 8.25252914429 -0.682308673859 12.9522829056 8.25679016113 -0.681567370892 12.9527044296 8.12222671509 -0.681581497192 12.952706337 8.13146018982 -0.681581497192 12.9527254105 8.12193965912 -0.676581501961 12.9527282715 8.25674629211 -0.674581587315 12.9527635574 8.25712871552 -0.676581501961 12.9529809952 8.24747467041 -0.681581497192 12.953537941 8.24685764313 -0.676581501961 12.9536800385 8.11650466919 -0.700001597404 12.9537401199 8.24538040161 -0.681581497192 12.9539499283 8.24869918823 -0.681581497192 12.954044342 8.12986183167 -0.681581497192 12.9540452957 8.12382698059 -0.681581497192 12.9543399811 8.26213645935 -0.700001597404 12.9545583725 8.2536611557 -0.681586563587 12.9545984268 8.25010871887 -0.681581497192 12.9546298981 8.12529087067 -0.681581497192 12.9546298981 8.12839698792 -0.681581497192 12.9548463821 8.25222587585 -0.682178556919 12.9548530579 8.25212860107 -0.681581497192 12.954870224 8.12684345245 -0.681581497192 12.9549131393 8.13332557678 -0.681581437588 12.9549665451 8.12888336182 -0.676581501961 12.9549674988 8.24980640411 -0.674581587315 12.9553356171 8.26071739197 -0.689051151276 12.9553699493 8.11462879181 -0.700001597404 12.9553699493 8.11462879181 -0.674581587315 12.9553699493 8.26405906677 -0.700001597404 12.9553699493 8.26405906677 -0.674581587315 12.9556732178 8.12644004822 -0.674581587315 12.9556999207 8.11666679382 -0.681581497192 12.9569597244 8.24500465393 -0.681581497192 12.9578142166 8.24510097504 -0.674587190151 12.9584197998 8.13240814209 -0.674581587315 12.9584817886 8.24924945831 -0.68484044075 12.9588718414 8.2507019043 -0.691813051701 12.9590110779 8.12844085693 -0.681581497192 12.9590435028 8.25049304962 -0.681581497192 12.9590597153 8.24894523621 -0.681581497192 12.9591665268 8.24897480011 -0.689154088497 12.9591941833 8.1305475235 -0.681581497192 12.9592418671 8.2615814209 -0.684571027756 12.9592895508 8.25159168243 -0.682074844837 12.9593276978 8.25821876526 -0.692284822464 12.9593696594 8.12692165375 -0.681581497192 12.9593849182 8.13386154175 -0.674594044685 12.9594278336 8.24746417999 -0.681581497192 12.9597015381 8.25256919861 -0.681732773781 12.9598274231 8.26356601715 -0.682347297668 12.9598960876 8.26035404205 -0.685319066048 12.9600915909 8.13243961334 -0.681581497192 12.9600934982 8.12550449371 -0.681581497192 12.9602098465 8.24611377716 -0.681581497192 12.9602842331 8.26349258423 -0.69177043438 12.9606666565 8.25847148895 -0.682671427727 12.9612236023 8.26127815247 -0.696068286896 12.9612960815 8.2449760437 -0.681581497192 12.9615488052 8.26326274872 -0.685758411884 12.9615688324 8.13391304016 -0.681584477425 12.9615736008 8.12403011322 -0.681581556797 12.9617938995 8.2612285614 -0.691100180149 12.9620275497 8.25023269653 -0.674581587315 12.9620599747 8.12976837158 -0.674581587315 12.9621706009 8.12791442871 -0.674581587315 12.9621706009 8.24865627289 -0.674581587315 12.9628047943 8.25089263916 -0.682052731514 12.962849617 8.25187969208 -0.674581587315 12.9628782272 8.24758529663 -0.674581587315 12.9629602432 8.12333488464 -0.681581616402 12.9630155563 8.13463878632 -0.681581497192 12.9630184174 8.255402565 -0.681654274464 12.9630661011 8.12664794922 -0.674581587315 12.9630680084 8.13130092621 -0.674581587315 12.963098526 8.2439994812 -0.681580781937 12.963467598 8.26292324066 -0.69543415308 12.9635696411 8.25221729279 -0.681647658348 12.9638233185 8.26080703735 -0.681727290154 12.9639720917 8.24686908722 -0.674581587315 12.9641532898 8.26276111603 -0.682999372482 12.9642457962 8.12606143951 -0.674581587315 12.9644765854 8.12297534943 -0.681581616402 12.9644889832 8.134973526 -0.681581616402 12.9647493362 8.2527589798 -0.674581587315 12.9647512436 8.13201808929 -0.674581587315 12.9650068283 8.25573253632 -0.68158107996 12.9651174545 8.24369335175 -0.681581616402 12.965174675 8.25589561462 -0.681509017944 12.9652605057 8.24671363831 -0.674581587315 12.9655456543 8.12599086761 -0.674581587315 12.966050148 8.12306404114 -0.681581616402 12.966050148 8.13488197327 -0.681581616402 12.9661397934 8.11842346191 -0.700001597404 12.9662704468 8.25244903564 -0.674581587315 12.966460228 8.25221538544 -0.681581616402 12.9665193558 8.24708557129 -0.674581587315 12.9667425156 8.12651062012 -0.674581587315 12.9667634964 8.13147735596 -0.674581587315 12.9669160843 8.25548934937 -0.681785285473 12.9669437408 8.25541687012 -0.681581616402 12.9670543671 8.11858940125 -0.681581616402 12.9671239853 8.24407482147 -0.681581616402 12.9673624039 8.26000976562 -0.700001597404 12.9675073624 8.25147914886 -0.674581587315 12.9675512314 8.13443183899 -0.681581616402 12.9675521851 8.12351417542 -0.681581616402 12.9676141739 8.26198768616 -0.681581556797 12.9676275253 8.24818611145 -0.674581587315 12.967628479 8.12744617462 -0.674581587315 12.9677400589 8.25836849213 -0.68959993124 12.967795372 8.26001358032 -0.681581676006 12.9678668976 8.12999153137 -0.674581587315 12.9679660797 8.26185035706 -0.699998438358 12.9679679871 8.24963951111 -0.68219935894 12.9680080414 8.12866592407 -0.674581587315 12.9680433273 8.24971294403 -0.674581587315 12.9682502747 8.11689853668 -0.700001597404 12.9682502747 8.11689853668 -0.674581587315 12.9682502747 8.26178836823 -0.674581587315 12.9685811996 8.25455760956 -0.681769967079 12.9686861038 8.25448417664 -0.681581616402 12.9687681198 8.32233428955 -0.662137210369 12.9688425064 8.05635261536 -0.663192272186 12.9688425064 8.05835342407 -0.66197091341 12.968870163 8.13356971741 -0.681581616402 12.9688892365 8.32033443451 -0.661913573742 12.9688901901 8.24510478973 -0.681581616402 12.9690208435 8.32033443451 -0.663508117199 12.9692716599 8.12471389771 -0.681581616402 12.9694232941 8.05635261536 -0.660997569561 12.9694232941 8.05835342407 -0.664165496826 12.9694604874 8.32233428955 -0.664119362831 12.9696884155 8.25347995758 -0.681601762772 12.9699306488 8.32033443451 -0.660755336285 12.969950676 8.13242340088 -0.681581616402 12.9700164795 8.05635261536 -0.66444838047 12.9700164795 8.05835342407 -0.660714805126 12.9700164795 8.32233428955 -0.660714805126 12.9701766968 8.32033443451 -0.664533555508 12.970208168 8.24667644501 -0.681581616402 12.9702100754 8.12597370148 -0.681581616402 12.97082901 8.12741756439 -0.681581616402 12.97082901 8.13052940369 -0.681581616402 12.9709272385 8.24859237671 -0.681581616402 12.9709396362 8.24876880646 -0.682081580162 12.9710102081 8.1289730072 -0.681581616402 12.9710178375 8.25000572205 -0.681590616703 12.9711399078 8.32233428955 -0.664618015289 12.9713106155 8.05835342407 -0.664561808109 12.9715833664 8.05635261536 -0.664498388767 12.9717340469 8.32033443451 -0.664407193661 12.9718418121 8.05635261536 -0.660719156265 12.9718418121 8.32033443451 -0.660719156265 12.9721355438 8.05835342407 -0.660862922668 12.9721355438 8.32233428955 -0.660862922668 12.9726104736 8.1383638382 -0.681581616402 12.9726104736 8.24032306671 -0.681581616402 12.9728050232 8.05835342407 -0.66337031126 12.9728050232 8.32233428955 -0.66337031126 12.9729290009 8.05635261536 -0.662901699543 12.9729290009 8.32033443451 -0.662901699543 12.974064827 8.13521766663 -0.681581616402 12.9740686417 8.24326610565 -0.681581616402 12.9741039276 8.1390171051 -0.674581587315 12.9742498398 8.24598884583 -0.674581587315 12.9742898941 8.13366413116 -0.681581616402 12.9742898941 8.13677024841 -0.681581616402 12.9743518829 8.24532413483 -0.681581616402 12.974398613 8.24631214142 -0.67658162117 12.9744644165 8.24130249023 -0.681581616402 12.9748783112 8.13219451904 -0.681581616402 12.9748802185 8.13824272156 -0.681581616402 12.9749269485 8.13211536407 -0.674581587315 12.9750986099 8.13051223755 -0.67658162117 12.9752616882 8.23927783966 -0.674581587315 12.9753103256 8.24713802338 -0.681581616402 12.9755172729 8.23954963684 -0.681581616402 12.9756450653 8.24753665924 -0.682136595249 12.9762125015 8.13060188293 -0.681581616402 12.9762172699 8.13983631134 -0.681581616402 12.9764661789 8.14071846008 -0.67658162117 12.9768419266 8.24855136871 -0.681626141071 12.9770107269 8.23734378815 -0.67658162117 12.977101326 8.238240242 -0.681581616402 12.9772996902 8.13596439362 -0.681581616402 12.9772996902 8.24421787262 -0.681581616402 12.9780302048 8.12955474854 -0.681581616402 12.9780302048 8.14087772369 -0.681581616402 12.9780397415 8.13317584991 -0.681581616402 12.9780397415 8.24143028259 -0.681581616402 12.9780797958 8.12245559692 -0.700001597404 12.9787683487 8.23715400696 -0.674577057362 12.9788713455 8.12274456024 -0.681581616402 12.9790220261 8.23754310608 -0.681581616402 12.9790258408 8.14171791077 -0.674580454826 12.979139328 8.12882232666 -0.674581587315 12.9793395996 8.13800525665 -0.681581616402 12.9793395996 8.24625873566 -0.681581616402 12.9799165726 8.24972724915 -0.674581587315 12.9800844193 8.12919425964 -0.681581616402 12.9800853729 8.14124011993 -0.681581616402 12.9805297852 8.12137031555 -0.700001597404 12.9805297852 8.12137031555 -0.674581587315 12.9805297852 8.25731563568 -0.681581616402 12.9805297852 8.25731563568 -0.674581587315 12.9808301926 8.13242912292 -0.681581616402 12.9808301926 8.24068164825 -0.681581616402 12.9815797806 8.23759841919 -0.681581616402 12.9821300507 8.13725757599 -0.681581616402 12.9821300507 8.24551105499 -0.681581616402 12.9821395874 8.12955474854 -0.681581616402 12.9821395874 8.14087772369 -0.681581616402 12.9828701019 8.13446998596 -0.681581616402 12.9828701019 8.24272441864 -0.681581616402 12.982998848 8.14448070526 -0.681585013866 12.9831619263 8.24959659576 -0.67658162117 12.9833307266 8.2339258194 -0.681587159634 12.9838619232 8.23877906799 -0.681581616402 12.9839525223 8.13983631134 -0.681581616402 12.9839572906 8.13060188293 -0.681581616402 12.9847002029 8.23910140991 -0.674581587315 12.9847011566 8.13958454132 -0.67658162117 12.984919548 8.23990917206 -0.681581616402 12.9852333069 8.13180351257 -0.674581587315 12.9852924347 8.13823795319 -0.681581616402 12.985294342 8.13219928741 -0.681581616402 12.9853658676 8.13128566742 -0.67658162117 12.9853658676 8.24635601044 -0.681571662426 12.9856872559 8.24126052856 -0.681581616402 12.9857616425 8.24632453918 -0.674581587315 12.9857625961 8.13806819916 -0.674581587315 12.9857625961 8.24061775208 -0.67658162117 12.9858264923 8.24528026581 -0.681581616402 12.9858798981 8.13366413116 -0.681581616402 12.9858798981 8.13677024841 -0.681581616402 12.9859638214 8.24474811554 -0.682090997696 12.9861049652 8.24326896667 -0.681581616402 12.986120224 8.13521671295 -0.681581616402 12.9865598679 8.14618301392 -0.681581616402 12.9865598679 8.2425661087 -0.681581616402 12.987030983 8.14568138123 -0.681581616402 12.987030983 8.23300552368 -0.681581616402 12.9871196747 8.1441078186 -0.681581616402 12.9872102737 8.23509407043 -0.681581616402 12.9875688553 8.14260387421 -0.681581616402 12.9875688553 8.14769554138 -0.681581616402 12.987569809 8.2309885025 -0.681581616402 12.9880924225 8.23699188232 -0.681581616402 12.9883728027 8.14929580688 -0.674581408501 12.9884300232 8.14900588989 -0.681581616402 12.9887619019 8.14089584351 -0.681581616402 12.9887695312 8.22927761078 -0.681581616402 12.9888782501 8.22888469696 -0.674581408501 12.9891395569 8.12847995758 -0.700001597404 12.989566803 8.23846721649 -0.681581616402 12.989569664 8.15007972717 -0.681581616402 12.9897994995 8.12886142731 -0.681581556797 12.9900465012 8.14463043213 -0.674581587315 12.9900798798 8.23433208466 -0.674581587315 12.990190506 8.14620685577 -0.674581587315 12.9901914597 8.23247718811 -0.674581587315 12.9904603958 8.22717475891 -0.681581616402 12.990486145 8.13969135284 -0.681581616402 12.9904928207 8.22807598114 -0.681581616402 12.990860939 8.14299488068 -0.674581587315 12.9909009933 8.14728069305 -0.674581587315 12.9909009933 8.23566913605 -0.674581587315 12.990901947 8.23140525818 -0.674581587315 12.9914693832 8.23935317993 -0.681581616402 12.9914751053 8.15096664429 -0.681581616402 12.9918498993 8.12790679932 -0.700001597404 12.9918498993 8.12790679932 -0.674581587315 12.9918498993 8.25078010559 -0.681581616402 12.9918498993 8.25078010559 -0.674581587315 12.99223423 8.14810085297 -0.674581587315 12.9922370911 8.23058509827 -0.674581587315 12.9922389984 8.23649024963 -0.674581587315 12.9924926758 8.14216709137 -0.674581587315 12.9925031662 8.13914966583 -0.681581616402 12.9925050735 8.22753810883 -0.681581616402 12.9930295944 8.15114974976 -0.681581616402 12.9930295944 8.23953819275 -0.681581616402 12.9934940338 8.32233428955 -0.694301605225 12.9935703278 8.32033443451 -0.69430232048 12.9935722351 8.05835342407 -0.694301009178 12.9936199188 8.05635261536 -0.694301605225 12.9938173294 8.14224147797 -0.674581587315 12.9939937592 8.32229232788 -0.694299459457 12.9940662384 8.14799785614 -0.674581587315 12.9940671921 8.23638439178 -0.674581587315 12.9940681458 8.23069000244 -0.674581587315 12.9940700531 8.13924026489 -0.681581616402 12.9940700531 8.22762870789 -0.681581616402 12.994099617 8.05641365051 -0.694253504276 12.994225502 8.15602493286 -0.68158364296 12.9945850372 8.15096664429 -0.681581616402 12.9945907593 8.23935317993 -0.681581616402 12.9949102402 8.22160720825 -0.681581616402 12.9951581955 8.23140525818 -0.674581587315 12.9951591492 8.14728069305 -0.674581587315 12.9951591492 8.23566913605 -0.674581587315 12.9951992035 8.14299583435 -0.674581587315 12.995349884 8.13051319122 -0.700001597404 12.995349884 8.13308429718 -0.700001597404 12.9955673218 8.22807598114 -0.681581616402 12.9955739975 8.13969135284 -0.681581616402 12.9957513809 8.15797805786 -0.674581468105 12.9958677292 8.23247718811 -0.674581587315 12.9958686829 8.14620685577 -0.674581587315 12.9959802628 8.23433017731 -0.674581587315 12.9960136414 8.14463424683 -0.674581587315 12.9963855743 8.21961212158 -0.674580276012 12.9964904785 8.15007972717 -0.681581616402 12.9964933395 8.23846721649 -0.681581616402 12.9966554642 8.15998458862 -0.67658162117 12.9966554642 8.22248458862 -0.67658162117 12.9970350266 8.15705871582 -0.681581616402 12.9970350266 8.15913009644 -0.681581616402 12.9970350266 8.21955871582 -0.681581616402 12.9970350266 8.22163009644 -0.681581616402 12.9972906113 8.22927761078 -0.681581616402 12.9972982407 8.14089584351 -0.681581616402 12.9975204468 8.15555763245 -0.681581616402 12.9975204468 8.16062927246 -0.681581616402 12.9975204468 8.21805763245 -0.681581616402 12.9975204468 8.22312927246 -0.681581616402 12.9976301193 8.14900588989 -0.681581616402 12.9976301193 8.23739528656 -0.681581616402 12.9983568192 8.21671676636 -0.681581616402 12.9983587265 8.15421390533 -0.681581616402 12.9983606339 8.16197681427 -0.681581616402 12.9983606339 8.22447681427 -0.681581616402 12.9984865189 8.23098373413 -0.681581616402 12.9984874725 8.23609161377 -0.681581616402 12.9984884262 8.14259910583 -0.681581616402 12.9984884262 8.14770030975 -0.681581616402 12.9985551834 8.2157087326 -0.674581646919 12.9987754822 8.16292095184 -0.674581706524 12.9989404678 8.14619064331 -0.681581616402 12.9989404678 8.23458003998 -0.681581616402 12.9990291595 8.14461517334 -0.681581616402 12.9990291595 8.23300361633 -0.681581616402 12.9992980957 8.21562194824 -0.67658162117 12.9995203018 8.1531791687 -0.681581616402 12.9995203018 8.16300868988 -0.681581616402 12.9995203018 8.2156791687 -0.681581616402 12.9995203018 8.22550868988 -0.681581616402 12.9995508194 8.13677692413 -0.681581318378 12.9998197556 8.16557121277 -0.681581616402 12.9998197556 8.21311473846 -0.681581616402 13.000125885 8.15240955353 -0.67658162117 13.000169754 8.15734672546 -0.681581616402 13.000169754 8.21984672546 -0.681581616402 13.0003128052 8.1346282959 -0.67458063364 13.0009069443 8.21493244171 -0.681581616402 13.0009126663 8.15243148804 -0.681581616402 13.0009126663 8.16375541687 -0.681581616402 13.0009126663 8.22625541687 -0.681581616402 13.0009202957 8.16013526917 -0.681581616402 13.0009202957 8.22263622284 -0.681581616402 13.0009241104 8.24347305298 -0.68157184124 13.0014038086 8.13868522644 -0.703619360924 13.0016107559 8.22716999054 -0.674581646919 13.0018701553 8.24237632751 -0.674581646919 13.0022201538 8.15530490875 -0.681581616402 13.0022201538 8.21780490875 -0.681581616402 13.0024404526 8.22657108307 -0.681581616402 13.0029602051 8.15207195282 -0.681581616402 13.0029602051 8.16411685944 -0.681581616402 13.0029602051 8.21457195282 -0.681581616402 13.0030651093 8.13748931885 -0.704598069191 13.003071785 8.13892650604 -0.704441606998 13.0031700134 8.17478466034 -0.674581706524 13.0032110214 8.2060546875 -0.681581616402 13.0032138824 8.17381572723 -0.681581616402 13.0032997131 8.17212581635 -0.681581616402 13.0033130646 8.20436000824 -0.681581616402 13.0036859512 8.16440582275 -0.67658162117 13.0036859512 8.22690582275 -0.67658162117 13.0037097931 8.16088199615 -0.681581616402 13.0037097931 8.22338199615 -0.681581616402 13.0037488937 8.17062091827 -0.681581616402 13.0037488937 8.17571353912 -0.681581616402 13.0037498474 8.20297241211 -0.681581616402 13.0037508011 8.20806980133 -0.681581616402 13.0039968491 8.2265253067 -0.681581616402 13.0042610168 8.15176296234 -0.674581706524 13.0043172836 8.19990253448 -0.674588024616 13.0045099258 8.15229797363 -0.681581616402 13.0045099258 8.16388893127 -0.681581616402 13.0045099258 8.21479797363 -0.681581616402 13.0047245026 8.18248271942 -0.681581676006 13.0048313141 8.19556713104 -0.68158197403 13.004948616 8.1689081192 -0.681581616402 13.004948616 8.20126056671 -0.681581616402 13.0049505234 8.17742919922 -0.681581616402 13.0049514771 8.2097826004 -0.681581616402 13.0050001144 8.15605258942 -0.681581616402 13.0050001144 8.21855258942 -0.681581616402 13.0050907135 8.18735790253 -0.674582719803 13.0051984787 8.19058036804 -0.67658162117 13.0053987503 8.19037246704 -0.681662142277 13.0054063797 8.18828678131 -0.681581616402 13.0057497025 8.15884113312 -0.681581616402 13.0057497025 8.22134113312 -0.681581616402 13.0059423447 8.21536064148 -0.681581616402 13.005947113 8.1528635025 -0.681581616402 13.0059490204 8.16332244873 -0.681581616402 13.0059490204 8.22582244873 -0.681581616402 13.0060396194 8.16377830505 -0.674581706524 13.0060396194 8.21446990967 -0.674581706524 13.0060396194 8.21490955353 -0.67658162117 13.0061273575 8.18632221222 -0.681581616402 13.0061283112 8.19236660004 -0.681581616402 13.0062112808 8.20521450043 -0.674581706524 13.0062122345 8.17286014557 -0.674581706524 13.0063533783 8.17418575287 -0.674581706524 13.0063533783 8.20653915405 -0.674581706524 13.0064401627 8.14131546021 -0.706581711769 13.0064401627 8.14289283752 -0.706581711769 13.0064401627 8.18258476257 -0.706581711769 13.0064401627 8.19610309601 -0.706581711769 13.0064401627 8.23579406738 -0.706581711769 13.0064401627 8.2373714447 -0.706581711769 13.0065870285 8.20399951935 -0.674581706524 13.0065898895 8.17164325714 -0.674581706524 13.0066766739 8.17863273621 -0.681581616402 13.0066766739 8.21098518372 -0.681581616402 13.0066785812 8.2000541687 -0.681581616402 13.0066795349 8.16770076752 -0.681581616402 13.0068397522 8.18934345245 -0.706581711769 13.006855011 8.15319061279 -0.67658162117 13.0070829391 8.20765304565 -0.674581706524 13.0071697235 8.18594169617 -0.707013785839 13.0071697235 8.19274520874 -0.707013785839 13.0072097778 8.15385246277 -0.681581616402 13.0072097778 8.16233634949 -0.681581616402 13.0072097778 8.21635246277 -0.681581616402 13.0072097778 8.22483634949 -0.681581616402 13.0073795319 8.14573478699 -0.703581571579 13.0074100494 8.18934345245 -0.707158505917 13.0074586868 8.1756734848 -0.674581706524 13.0074634552 8.19396018982 -0.681581616402 13.0074653625 8.18472671509 -0.681581616402 13.0074739456 8.20305919647 -0.674581706524 13.0074768066 8.17070484161 -0.674581706524 13.0077533722 8.14617347717 -0.681581616402 13.0079469681 8.18383789062 -0.67658162117 13.0079469681 8.19484901428 -0.674581706524 13.0081300735 8.14675617218 -0.707581698895 13.0081300735 8.2319316864 -0.707581698895 13.0081596375 8.19960975647 -0.681581616402 13.0081710815 8.16111755371 -0.681581616402 13.0081710815 8.21756744385 -0.681581616402 13.0081710815 8.22361755371 -0.681581616402 13.0081720352 8.15507125854 -0.681581616402 13.0084209442 8.20847320557 -0.674581706524 13.0085496902 8.19009113312 -0.681581616402 13.0086688995 8.20253753662 -0.674581706524 13.0086727142 8.17018508911 -0.674581706524 13.00867939 8.1671667099 -0.681581616402 13.00867939 8.1791677475 -0.681581616402 13.0086860657 8.21152114868 -0.681581616402 13.0087461472 8.32033443451 -0.518823325634 13.0087795258 8.22290897369 -0.674581706524 13.0088195801 8.14600372314 -0.706581711769 13.0088424683 8.15934753418 -0.681581616402 13.0088434219 8.21934127808 -0.681581616402 13.0089139938 8.15711975098 -0.681581616402 13.0089139938 8.22156906128 -0.681581616402 13.0090045929 8.32031726837 -0.519019424915 13.0090894699 8.32233428955 -0.518953680992 13.009144783 8.1595697403 -0.67658162117 13.009144783 8.2220697403 -0.67658162117 13.0091552734 8.15718269348 -0.674581706524 13.0092802048 8.18368148804 -0.681581616402 13.0092802048 8.1950044632 -0.681581616402 13.0092897415 8.18730258942 -0.681581616402 13.0094718933 8.17621135712 -0.674581706524 13.0095701218 8.14534282684 -0.708440423012 13.0096197128 8.23327541351 -0.708469688892 13.0097522736 8.19952201843 -0.681581616402 13.0099725723 8.20843219757 -0.674581706524 13.0099744797 8.17025566101 -0.674581706524 13.0099802017 8.20260906219 -0.674581706524 13.0100269318 8.22925949097 -0.703599572182 13.01014328 8.22935390472 -0.681583166122 13.0102701187 8.14632511139 -0.704581618309 13.0102701187 8.14632511139 -0.674581706524 13.0102701187 8.23236083984 -0.674581766129 13.0103883743 8.18294906616 -0.674581706524 13.0103883743 8.19573783875 -0.67658162117 13.0105895996 8.19213199615 -0.681581616402 13.0107650757 8.17898464203 -0.681581616402 13.010766983 8.16734981537 -0.681581616402 13.010766983 8.21133708954 -0.681581616402 13.0111379623 8.17550086975 -0.674581706524 13.011138916 8.20318889618 -0.674581706524 13.0111398697 8.17083644867 -0.674581706524 13.0111427307 8.20784759521 -0.674581706524 13.0113344193 8.18332099915 -0.681581616402 13.0113344193 8.19536685944 -0.681581616402 13.0115003586 8.12444400787 -0.709581613541 13.0115003586 8.14444255829 -0.709581851959 13.0115003586 8.23424339294 -0.709581613541 13.0115003586 8.25424385071 -0.709581613541 13.0115604401 8.22669506073 -0.709617912769 13.0115604401 8.22669506073 -0.707581698895 13.0115995407 8.22662353516 -0.707578122616 13.011633873 8.23036289215 -0.704875290394 13.0116462708 8.23042392731 -0.681582331657 13.0116500854 8.22656059265 -0.7096747756 13.0116500854 8.22656059265 -0.707567811012 13.0117101669 8.22649860382 -0.707550525665 13.01176548 8.20006656647 -0.681581616402 13.0117702484 8.22644329071 -0.709744095802 13.0117702484 8.22644329071 -0.707526683807 13.011803627 8.05835342407 -0.485938429832 13.0118303299 8.2263917923 -0.707495927811 13.0118999481 8.2263469696 -0.709823906422 13.0118999481 8.2263469696 -0.707459628582 13.0119762421 8.05635261536 -0.485940217972 13.0119800568 8.22630691528 -0.707415878773 13.0120487213 8.17213249207 -0.674581706524 13.0120487213 8.20655536652 -0.674581706524 13.012049675 8.22627353668 -0.709911882877 13.012049675 8.22627353668 -0.707368195057 13.0120801926 8.18655490875 -0.681581616402 13.0120801926 8.21305656433 -0.681581616402 13.0121622086 8.17393493652 -0.674581706524 13.0121622086 8.20474910736 -0.674581706524 13.0122098923 8.16797161102 -0.681581616402 13.0122098923 8.17836380005 -0.681581616402 13.0122098923 8.21071624756 -0.681581616402 13.0122098923 8.22622776031 -0.710005879402 13.0122098923 8.22622776031 -0.70725518465 13.0122404099 8.22652339935 -0.707081615925 13.0122804642 8.14934635162 -0.71004742384 13.0122804642 8.14934635162 -0.706581711769 13.0123701096 8.22620677948 -0.710103094578 13.0123701096 8.22620677948 -0.707123816013 13.0125398636 8.22621536255 -0.710201084614 13.0125398636 8.22621536255 -0.70697760582 13.0127000809 8.22624778748 -0.710297107697 13.0127000809 8.22624778748 -0.706820726395 13.0127601624 8.23472213745 -0.689253091812 13.0128498077 8.22630786896 -0.710388422012 13.0128498077 8.22630786896 -0.706657171249 13.0128574371 8.23508834839 -0.683877468109 13.0129203796 8.22634410858 -0.706581711769 13.0129995346 8.22639274597 -0.710472583771 13.0129995346 8.22639274597 -0.706581711769 13.0131196976 8.22649860382 -0.7105473876 13.0131196976 8.22649860382 -0.706581711769 13.0132303238 8.2266254425 -0.710610687733 13.0132303238 8.2266254425 -0.706581711769 13.0132703781 8.22669410706 -0.710637629032 13.0132799149 8.22771930695 -0.710637807846 13.0132799149 8.22771930695 -0.706581711769 13.0133104324 8.2267665863 -0.710660994053 13.0133104324 8.2267665863 -0.706581711769 13.0133104324 8.22764492035 -0.710661113262 13.0133495331 8.22684288025 -0.71068072319 13.0133495331 8.2275686264 -0.710680782795 13.0133495331 8.2275686264 -0.706581711769 13.0133695602 8.22692108154 -0.710696697235 13.0133695602 8.22692108154 -0.706581711769 13.0133695602 8.22749137878 -0.710696697235 13.0133800507 8.19138526917 -0.681581616402 13.0133895874 8.18368148804 -0.681581616402 13.0133895874 8.1950044632 -0.681581616402 13.0133895874 8.22700119019 -0.710708677769 13.0133895874 8.22741127014 -0.710708677769 13.0133895874 8.22741127014 -0.706581711769 13.0133991241 8.31733417511 -0.662869393826 13.0134096146 8.2270822525 -0.710716784 13.0134096146 8.2270822525 -0.706581711769 13.0134096146 8.22716426849 -0.710720777512 13.0134096146 8.22724723816 -0.710720777512 13.0134096146 8.22724723816 -0.706581711769 13.0134096146 8.22733020782 -0.710716784 13.0134439468 8.23727798462 -0.692707836628 13.0134677887 8.20977115631 -0.681581616402 13.0134687424 8.1774187088 -0.681581616402 13.0134706497 8.16891860962 -0.681581616402 13.0134706497 8.20127105713 -0.681581616402 13.0134973526 8.06137752533 -0.663320839405 13.0137434006 8.31931495667 -0.662228941917 13.0138168335 8.06140422821 -0.661432564259 13.013833046 8.05938625336 -0.66205394268 13.0139598846 8.1563539505 -0.711042106152 13.0139598846 8.1563539505 -0.707581698895 13.013999939 8.15645122528 -0.703581571579 13.0140199661 8.13315010071 -0.711081624031 13.0140199661 8.13648033142 -0.711278736591 13.0140199661 8.24295043945 -0.711081624031 13.0140199661 8.24628257751 -0.711279213428 13.0141201019 8.18859672546 -0.681581616402 13.0142660141 8.15689659119 -0.681581616402 13.0142669678 8.3172121048 -0.660973310471 13.0142717361 8.24037742615 -0.681303501129 13.014380455 8.24279975891 -0.711190640926 13.014383316 8.13300228119 -0.711190581322 13.0144720078 8.05953216553 -0.664314389229 13.0146341324 8.24603462219 -0.711372613907 13.0146369934 8.13623905182 -0.711374938488 13.0146493912 8.20808792114 -0.681581616402 13.0146503448 8.20295524597 -0.681581616402 13.0146512985 8.17060375214 -0.681581616402 13.0146512985 8.17573070526 -0.681581616402 13.0148239136 8.06162834167 -0.664559423923 13.0148496628 8.15590190887 -0.706581711769 13.0149974823 8.24307632446 -0.692656040192 13.0150432587 8.31904983521 -0.66466063261 13.0151195526 8.17212581635 -0.681581616402 13.0151195526 8.20656299591 -0.681581616402 13.0151329041 8.06162166595 -0.660600602627 13.0151405334 8.24185657501 -0.711744725704 13.0151538849 8.13204956055 -0.71175301075 13.0151586533 8.3169965744 -0.664757072926 13.0151720047 8.05959892273 -0.660694777966 13.0152044296 8.18472671509 -0.681581616402 13.015206337 8.19396018982 -0.681581616402 13.015209198 8.17371273041 -0.681581616402 13.015209198 8.20497512817 -0.681581616402 13.0152254105 8.18443965912 -0.67658162117 13.0152282715 8.19424629211 -0.674581706524 13.0155944824 8.24529838562 -0.683942198753 13.0156469345 8.24157238007 -0.711081624031 13.0156602859 8.24554729462 -0.689374387264 13.0157737732 8.31695270538 -0.660611331463 13.0157899857 8.13717079163 -0.711081624031 13.015791893 8.24697113037 -0.711081624031 13.0158815384 8.31896686554 -0.66050195694 13.0159044266 8.13169193268 -0.711081683636 13.0160999298 8.21770191193 -0.681581616402 13.016169548 8.21754837036 -0.703581571579 13.016535759 8.06192588806 -0.664398312569 13.016544342 8.19236183167 -0.681581616402 13.0165452957 8.18632698059 -0.681581616402 13.0165500641 8.12644386292 -0.712581694126 13.0165500641 8.13179969788 -0.712581694126 13.0165500641 8.13722229004 -0.712582588196 13.0165500641 8.14244365692 -0.712581694126 13.0165500641 8.23624324799 -0.712581694126 13.0165500641 8.24153900146 -0.712581455708 13.0165500641 8.24701309204 -0.712582111359 13.0165500641 8.25224399567 -0.712581694126 13.0166082382 8.05991172791 -0.664543509483 13.0168037415 8.15766620636 -0.704809844494 13.0168066025 8.22100830078 -0.704806029797 13.0168104172 8.15764713287 -0.674581706524 13.0168104172 8.22103977203 -0.674581706524 13.0169506073 8.06194972992 -0.661158084869 13.0169563293 8.0599155426 -0.660935997963 13.0171089172 8.31670570374 -0.661401033401 13.0171098709 8.15829753876 -0.712913095951 13.0171098709 8.15829753876 -0.706581711769 13.0171298981 8.18779087067 -0.681581616402 13.0171298981 8.19089698792 -0.681581616402 13.0172119141 8.31867694855 -0.664149403572 13.017370224 8.18934345245 -0.681581616402 13.0173902512 8.31662368774 -0.663465857506 13.0174474716 8.06206321716 -0.662913501263 13.0174665451 8.19138336182 -0.67658162117 13.0174674988 8.18730640411 -0.674581706524 13.0178489685 8.31859493256 -0.662153184414 13.0178775787 8.06010818481 -0.662909626961 13.017996788 8.24208068848 -0.711081624031 13.018078804 8.13230228424 -0.712581694126 13.0181798935 8.16653442383 -0.713549077511 13.0182256699 8.24620819092 -0.711081624031 13.0183095932 8.16692733765 -0.707581698895 13.0185031891 8.13273620605 -0.711081624031 13.0185031891 8.24594974518 -0.712581694126 13.0186901093 8.1681470871 -0.703581571579 13.0187721252 8.13591766357 -0.711081624031 13.0188446045 8.16854763031 -0.681581616402 13.0188522339 8.24301528931 -0.712581694126 13.0190525055 8.13530540466 -0.712581694126 13.0190639496 8.24409866333 -0.711081624031 13.0192604065 8.16662025452 -0.706581711769 13.0198497772 8.17243671417 -0.714540600777 13.0199689865 8.20578765869 -0.681581616402 13.0200099945 8.20554828644 -0.703581571579 13.0206804276 8.16782188416 -0.715033471584 13.0206804276 8.16782188416 -0.706581711769 13.0209598541 8.17805099487 -0.71519702673 13.0209598541 8.17805099487 -0.707581698895 13.0209798813 8.17816638947 -0.707575201988 13.0209903717 8.17819404602 -0.715216875076 13.0210199356 8.17827224731 -0.715233504772 13.0210199356 8.17828273773 -0.707552194595 13.0210504532 8.17834854126 -0.71525400877 13.0210580826 8.17836284637 -0.707528948784 13.0210895538 8.17842102051 -0.715278089046 13.0211400986 8.17848968506 -0.715305685997 13.0211400986 8.17848968506 -0.707467019558 13.0211496353 8.17850494385 -0.707458078861 13.0212497711 8.17861366272 -0.707378327847 13.0212497711 8.17861461639 -0.715370714664 13.0212802887 8.16993236542 -0.674581706524 13.0212802887 8.20875644684 -0.704581618309 13.0212802887 8.20875644684 -0.674581706524 13.0212841034 8.1700220108 -0.704803228378 13.0212898254 8.18047523499 -0.703581571579 13.02135849 8.18081760406 -0.681581616402 13.0213699341 8.1787147522 -0.707274675369 13.0213804245 8.17872047424 -0.71544700861 13.0213804245 8.19746398926 -0.681581616402 13.0215196609 8.17880344391 -0.71553248167 13.0215215683 8.17880439758 -0.707134068012 13.0215301514 8.17846393585 -0.707081615925 13.0216703415 8.17885780334 -0.706995487213 13.0216798782 8.17885971069 -0.715625107288 13.0217399597 8.19306659698 -0.703581571579 13.0217428207 8.19316673279 -0.681581616402 13.0218400955 8.17889118195 -0.715722024441 13.0218400955 8.17889118195 -0.706830918789 13.0218801498 8.17889404297 -0.706789672375 13.0220098495 8.17889404297 -0.715820610523 13.0220098495 8.17889404297 -0.706667125225 13.0220899582 8.1788854599 -0.706581711769 13.0221700668 8.17887020111 -0.715918183327 13.0221700668 8.17887020111 -0.706581711769 13.0222301483 8.12646770477 -0.715955913067 13.0222320557 8.23626708984 -0.715957224369 13.0223302841 8.1788187027 -0.716012001038 13.0223302841 8.1788187027 -0.706581711769 13.0223836899 8.14239311218 -0.716046631336 13.0224132538 8.25217723846 -0.716064274311 13.022480011 8.17874240875 -0.716099500656 13.022480011 8.17874240875 -0.706581711769 13.0225667953 8.25220966339 -0.712581694126 13.0225782394 8.14240837097 -0.712581694126 13.0226097107 8.17864227295 -0.716178297997 13.0226097107 8.17864227295 -0.706581711769 13.0226802826 8.12649345398 -0.712581694126 13.0226812363 8.23629379272 -0.712581694126 13.0227203369 8.17852210999 -0.716246187687 13.0227203369 8.17852210999 -0.706581711769 13.0228204727 8.17838478088 -0.716301321983 13.0228204727 8.17838478088 -0.706581711769 13.0228500366 8.17831134796 -0.71632361412 13.0228900909 8.17823314667 -0.71634221077 13.0228900909 8.17823314667 -0.706581711769 13.0229101181 8.1781539917 -0.716356813908 13.0229301453 8.17774105072 -0.716369688511 13.0229301453 8.17774105072 -0.706581711769 13.0229301453 8.17807292938 -0.716367602348 13.0229301453 8.17807292938 -0.706581711769 13.022939682 8.17782402039 -0.716375291348 13.022939682 8.17790699005 -0.716376781464 13.022939682 8.17790699005 -0.706581711769 13.022939682 8.17798995972 -0.716374218464 13.0231571198 8.25172901154 -0.716510474682 13.0231723785 8.1419172287 -0.716518163681 13.0232467651 8.12708759308 -0.716582477093 13.0232477188 8.23689079285 -0.716583669186 13.0235233307 8.19595146179 -0.704804837704 13.0235500336 8.18280696869 -0.704581618309 13.0235500336 8.18280696869 -0.674581706524 13.0235500336 8.19587993622 -0.674581706524 13.0235652924 8.25123214722 -0.716752707958 13.0236082077 8.14133262634 -0.716786146164 13.0236701965 8.12764263153 -0.716809749603 13.0236730576 8.2374458313 -0.716810643673 13.0238199234 8.12798213959 -0.712581694126 13.0238199234 8.14098930359 -0.712581694126 13.0238199234 8.23778343201 -0.712581694126 13.0238208771 8.25050926208 -0.716904461384 13.0238208771 8.25080776215 -0.712581753731 13.0238256454 8.14064311981 -0.716904640198 13.0238275528 8.12824440002 -0.716904640198 13.0238275528 8.23804187775 -0.716904640198 13.0238304138 8.13269329071 -0.716905474663 13.0238304138 8.13269329071 -0.712581694126 13.0238304138 8.13619327545 -0.716905474663 13.0238304138 8.13619327545 -0.712581694126 13.0238304138 8.24249267578 -0.716905474663 13.0238304138 8.24249267578 -0.712581694126 13.0238304138 8.24599266052 -0.716905474663 13.0238304138 8.24599266052 -0.712581694126 13.0246782303 8.24889183044 -0.709581613541 13.0246906281 8.12939357758 -0.709581613541 13.0246906281 8.1294927597 -0.712581694126 13.0246906281 8.13949298859 -0.712581694126 13.0246906281 8.23919487 -0.709581613541 13.0246906281 8.23929309845 -0.712581694126 13.0248289108 8.24939250946 -0.712581992149 13.0248413086 8.13869667053 -0.709581613541 13.024933815 8.14035320282 -0.709581613541 13.0250368118 8.12954998016 -0.712581753731 13.0250501633 8.2397441864 -0.712581694126 13.0251197815 8.12918663025 -0.717655777931 13.0251197815 8.24898529053 -0.717655956745 13.0251207352 8.13918590546 -0.717655837536 13.0251274109 8.23904418945 -0.717647075653 13.0251302719 8.1397562027 -0.717665910721 13.0251312256 8.12975883484 -0.717666208744 13.0251312256 8.24955558777 -0.717665731907 13.0251569748 8.23812103271 -0.712581694126 13.0251913071 8.24858474731 -0.712581813335 13.0252380371 8.23973655701 -0.717702686787 13.0252475739 8.25047779083 -0.709581613541 13.0252532959 8.14018821716 -0.712581694126 13.0252914429 8.1383228302 -0.712582051754 13.0254201889 8.13083744049 -0.712581694126 13.0254468918 8.24840545654 -0.717841088772 13.0254497528 8.12860298157 -0.71784311533 13.0254497528 8.23840141296 -0.717843174934 13.0254516602 8.1386013031 -0.717844188213 13.02546978 8.14032649994 -0.71785980463 13.0254716873 8.13032817841 -0.717861294746 13.0254716873 8.25012874603 -0.717861175537 13.0255022049 8.12846565247 -0.712581634521 13.0255346298 8.24073410034 -0.712581694126 13.0255346298 8.25073432922 -0.712581694126 13.0255680084 8.13098430634 -0.709581613541 13.0255680084 8.24078464508 -0.709581613541 13.0255680084 8.24770355225 -0.712581694126 13.0255689621 8.12790298462 -0.712581694126 13.0256538391 8.14102458954 -0.712581694126 13.0256547928 8.23766231537 -0.709581613541 13.0256567001 8.12786197662 -0.709581613541 13.0256958008 8.24032211304 -0.718006789684 13.0256967545 8.13056659698 -0.712581574917 13.0257616043 8.23803043365 -0.712581455708 13.0260734558 8.13814544678 -0.712581694126 13.0261487961 8.14106178284 -0.709581613541 13.0261535645 8.25051784515 -0.712581694126 13.0262413025 8.2475233078 -0.709581613541 13.0263881683 8.13775062561 -0.709581613541 13.0265140533 8.13815307617 -0.718491613865 13.0265264511 8.12815570831 -0.718499064445 13.0265359879 8.24795532227 -0.718504607677 13.0265407562 8.23795700073 -0.718507707119 13.026591301 8.23756790161 -0.712581694126 13.026673317 8.24793720245 -0.712581574917 13.0267066956 8.24053287506 -0.712581574917 13.0267295837 8.13782119751 -0.712581694126 13.0267295837 8.25086593628 -0.709581613541 13.0267763138 8.12819290161 -0.712581574917 13.0268297195 8.12444400787 -0.718685984612 13.0268297195 8.12444400787 -0.709581613541 13.0268297195 8.14444255829 -0.718685984612 13.0268297195 8.14444255829 -0.709581613541 13.0268297195 8.23424339294 -0.718685984612 13.0268297195 8.23424339294 -0.709581613541 13.0268297195 8.25424385071 -0.718685984612 13.0268297195 8.25424385071 -0.709581613541 13.0268688202 8.24041843414 -0.718703448772 13.0268697739 8.14061832428 -0.718704044819 13.0268726349 8.13061618805 -0.718705713749 13.0268745422 8.250415802 -0.718706846237 13.026889801 8.1307477951 -0.712581574917 13.0272102356 8.14078998566 -0.712581694126 13.0272216797 8.24838829041 -0.718928039074 13.0272483826 8.23830795288 -0.712581694126 13.0272541046 8.13863277435 -0.718951880932 13.0272550583 8.12863349915 -0.718952596188 13.027256012 8.23843097687 -0.71895223856 13.0272979736 8.12812995911 -0.709581613541 13.0273256302 8.24058628082 -0.712581694126 13.0273256302 8.2505865097 -0.712581694126 13.0273389816 8.130194664 -0.718985855579 13.0273551941 8.13073635101 -0.709581613541 13.0273599625 8.25007629395 -0.712581813335 13.0273609161 8.1402759552 -0.712581813335 13.0274448395 8.23975467682 -0.719073593616 13.0274581909 8.1398859024 -0.719092786312 13.0274591446 8.24968719482 -0.719092607498 13.0274791718 8.13876819611 -0.71258187294 13.0275287628 8.2489490509 -0.719119429588 13.0275449753 8.12912940979 -0.719112634659 13.0275497437 8.12970542908 -0.719122409821 13.0275506973 8.13918399811 -0.71912252903 13.027554512 8.23904037476 -0.719131529331 13.0275974274 8.24037361145 -0.709581613541 13.027598381 8.14057254791 -0.709581613541 13.027598381 8.24811458588 -0.712581694126 13.0275993347 8.1283159256 -0.712581694126 13.0276088715 8.23945426941 -0.712581634521 13.0276374817 8.12932777405 -0.712581515312 13.0277748108 8.23829555511 -0.709581613541 13.0277833939 8.24947357178 -0.712581574917 13.0277910233 8.24997520447 -0.709581613541 13.0278720856 8.13009548187 -0.712581694126 13.0278720856 8.24859142303 -0.709581613541 13.0278730392 8.13879299164 -0.709581613541 13.0279970169 8.13910198212 -0.712581694126 13.0279970169 8.23890209198 -0.712581694126 13.0280036926 8.12934398651 -0.709581613541 13.0288295746 8.12644386292 -0.719873011112 13.0288295746 8.12644386292 -0.709581613541 13.0288295746 8.13269329071 -0.719873011112 13.0288295746 8.13269329071 -0.712581694126 13.0288295746 8.13619327545 -0.719873011112 13.0288295746 8.13619327545 -0.712581694126 13.0288295746 8.14244365692 -0.719873011112 13.0288295746 8.14244365692 -0.709581613541 13.0288295746 8.23624324799 -0.719873011112 13.0288295746 8.23624324799 -0.709581613541 13.0288295746 8.24249267578 -0.719873011112 13.0288295746 8.24249267578 -0.712581694126 13.0288295746 8.24599266052 -0.719873011112 13.0288295746 8.24599266052 -0.712581694126 13.0288295746 8.25224399567 -0.719873011112 13.0288295746 8.25224399567 -0.709581613541 13.1110305786 8.07600784302 -0.50052523613 13.1118068695 8.07411289215 -0.500618338585 13.113319397 8.07858562469 -0.642161846161 13.1134166718 8.30340480804 -0.558231413364 13.1134338379 8.30008220673 -0.642111539841 13.1135492325 8.30134868622 -0.558383464813 13.1137962341 8.07663822174 -0.642132401466 13.1139268875 8.07653522491 -0.501768231392 13.1142482758 8.30197143555 -0.641933858395 13.1152906418 8.07475662231 -0.50253790617 13.1154203415 8.30303192139 -0.559617578983 13.1158151627 8.07899570465 -0.640238165855 13.1160230637 8.29965877533 -0.640012264252 13.1162700653 8.0769777298 -0.503827691078 13.1167154312 8.30074691772 -0.561344206333 13.1169710159 8.07715415955 -0.639393568039 13.1172399521 8.30268192291 -0.561628580093 13.1176586151 8.0792760849 -0.637502372265 13.1176633835 8.30142784119 -0.638328135014 13.1177721024 8.07523727417 -0.505499184132 13.1177806854 8.29939460754 -0.63722962141 13.1178674698 8.07729911804 -0.506527781487 13.1179599762 8.30049037933 -0.563803195953 13.1185464859 8.29930782318 -0.634121000767 13.1185483932 8.07938194275 -0.634211778641 13.1185483932 8.30035114288 -0.56621658802 13.1185493469 8.07746601105 -0.509528934956 13.1188793182 8.30233192444 -0.565660238266 13.1188869476 8.07741928101 -0.634787917137 13.1188879013 8.07549285889 -0.509370923042 13.1188879013 8.3012752533 -0.634253680706</float_array>
          <technique_common>
            <accessor source="#positions-array" count="5336" stride="3">
              <param name="X" type="float" />
              <param name="Y" type="float" />
              <param name="Z" type="float" />
            </accessor>
          </technique_common>
        </source>
        <source id="normals">
          <float_array id="normals-array" count="22374">-1 0 0 -0.99999982 0.00064309 0 -0.99999976 0.00064281 0 -0.99999952 -0 -0.00088352 -0.99999863 -0.00107135 -0.00123785 -0.99999809 -0.00198059 0 -0.99999791 -0.00203156 0 -0.99999774 -0.00211151 0.00014581 -0.99999762 -0.00218731 0 -0.99999619 0.00222671 -0.00162977 -0.99999619 0.00222761 -0.00163168 -0.99994445 0 -0.01054165 -0.99991494 0.00476817 0.01213319 -0.9998883 0.00034936 -0.0149437 -0.99987322 -0.01588561 -0.00112046 -0.9998672 0.00851299 0.01390351 -0.99982393 -0.01857399 -0.00265909 -0.99976426 0.01695662 -0.01356351 -0.9997108 -0.02404508 0 -0.99951601 0.03110703 -1.16e-05 -0.9993583 0.03572651 0.00256313 -0.99880099 0 0.04895541 -0.99879658 0.01218114 -0.04750921 -0.99860972 -0.00015209 0.05271299 -0.99835259 0.05737659 0.00048609 -0.99833333 -0.05770713 0.00048894 -0.99821287 -0.0584756 0.0123165 -0.99813175 0.01728009 0.05860398 -0.99810439 0.01896046 0.05855046 -0.99785966 0 -0.06539131 -0.99748611 -0.06151414 -0.03518036 -0.99723619 -0.048765 0.05605387 -0.99688649 -0.07818677 -0.01020968 -0.99685109 0.05871323 -0.05329819 -0.99685055 0.05870998 -0.05331076 -0.9966256 0.03378611 -0.07480566 -0.99658936 -0.04802527 -0.06710567 -0.99646276 -0.08403371 0.00051208 -0.99643648 -0.08427371 0.00350965 -0.99642408 0.00016288 0.0844936 -0.99639648 0.06787007 0.05087127 -0.99639165 0.00774472 -0.08452088 -0.9963491 0.08507404 -0.00712643 -0.99567074 -0.04342737 0.08218164 -0.99564242 -0.09143108 0.01834517 -0.99538755 0 -0.09593531 -0.99479574 0.0849292 -0.05628985 -0.9946177 0.10359897 0.00170649 -0.99448484 0.08763946 -0.05761342 -0.99435109 -0.09546801 0.04638641 -0.99434704 -8.015e-05 -0.1061794 -0.99433351 -0.09205907 0.05315999 -0.99345887 0.11419068 0 -0.99344021 0 0.11435283 -0.99330741 -0.11550086 0 -0.99326336 0.00016405 -0.11587853 -0.99263895 -0.00017478 0.12111133 -0.99262756 0.08386485 -0.08750474 -0.99262595 -0.1211927 0.00243172 -0.9922772 -0.08470105 -0.09061903 -0.99199188 0 0.12630136 -0.99137425 0.12727478 -0.03127742 -0.99135059 -0.12984438 -0.0190954 -0.99115425 0.05393829 -0.1212595 -0.9908095 0.08471652 0.10544911 -0.99046844 -0.13727915 0.01125284 -0.9903264 -0.10681083 -0.08857292 -0.98921019 -0 -0.14650288 -0.98909289 0.14497283 -0.02604154 -0.98851293 0.13457048 0.06879558 -0.98804092 -0.15315193 0.01787786 -0.98777074 -0.00033337 0.15591307 -0.98716414 -0.1081765 -0.11749414 -0.98712343 0.15078957 -0.05338388 -0.98692214 0.14338124 -0.0736642 -0.98691458 0.16124342 0.00023948 -0.98687965 -8.345e-05 -0.16145787 -0.98672158 -0.15229143 -0.05646116 -0.9864018 0.16387571 0.01250483 -0.98620397 0.16551317 0.00267312 -0.98606318 -0.16094224 -0.04215604 -0.98592597 -0.16718268 -1.873e-05 -0.98579818 -0.16749108 0.01219185 -0.98561692 0.16897739 0.00244688 -0.98555356 -0.16934395 0.00259494 -0.98554707 -0.16938175 0.00259491 -0.98529392 0.17084834 0.00259612 -0.98526418 0.17103757 -0.00073355 -0.98520589 0.15100154 0.08104349 -0.98516089 0.0002101 -0.17163324 -0.98499852 -0.17256258 -0.0004646 -0.98488027 -0.17005876 0.03303067 -0.98481399 -0.17361264 0 -0.98481399 0.17361264 0 -0.98480487 0.17366467 0 -0.98480046 -0.17368962 0 -0.98470682 0.17163002 -0.0299284 -0.98465854 -0.17215414 -0.02846777 -0.98465788 0.17449513 -0.00039056 -0.98451334 -0.17530793 0.00084528 -0.98434776 0.17620619 0.00330838 -0.98387009 -0.15415625 0.09074958 -0.98295772 -0.07479402 -0.16792856 -0.98243713 0.00021571 0.18659374 -0.98145753 -0.19166741 -0.00218854 -0.98120147 -4.222e-05 -0.19298601 -0.9810077 0.19396856 0 -0.97965032 0.20071183 -6.592e-05 -0.97883195 0.00017022 -0.20466582 -0.97847593 0.20633753 0.00311467 -0.97799289 0.20863849 0 -0.97734714 -0.18819429 -0.09682725 -0.97727758 0.00022336 -0.21196325 -0.97643334 0.00042236 0.2158186 -0.9758206 -0.00597421 -0.2184912 -0.97545695 0.00288902 0.22017139 -0.97537404 -0.20655382 -0.07733554 -0.97523129 0.22118743 0 -0.97523129 0.22118746 0 -0.97304547 0.08225384 -0.21544552 -0.97273201 -2.227e-05 0.23193191 -0.97227955 0.23164992 -0.03179276 -0.97167367 -0.23606324 -0.01114884 -0.97152615 -0.13377087 -0.19555649 -0.97145689 0.23721622 0 -0.97119153 0 -0.23829998 -0.97099566 0.00234699 0.2390855 -0.97089517 -0.00036644 -0.23950462 -0.97081059 -0.23984733 0 -0.97081059 -0.23984732 0 -0.97081059 0.23984732 5.542e-05 -0.97048753 -0.00035596 0.24115118 -0.97031987 -0.13376033 0.20146373 -0.97031164 -0.24185809 1.77e-05 -0.97021264 0 -0.24225511 -0.97014248 -0.24253562 0 -0.97014242 0.24253561 0 -0.970101 -0.00011358 0.24270159 -0.96998304 -0.00906473 0.24300319 -0.96996927 0.01883172 -0.24249709 -0.9698 -0.2439018 0 -0.96957356 0.04971044 0.23969965 -0.96953011 -0.00053305 -0.24497162 -0.96927518 -0.24597919 7.126e-05 -0.96904778 2.439e-05 0.2468732 -0.96884763 -0.22357398 -0.10653153 -0.96868634 -0.11522236 0.21993308 -0.9686265 0.0082424 0.24838428 -0.96856731 -0.05548763 0.24248423 -0.96837008 -0.24951866 0 -0.96836996 0.24951865 0 -0.9681958 0.00118448 -0.25019088 -0.96817136 -0.00254744 -0.25027516 -0.96816814 0.0093826 0.25012502 -0.968144 0.0053298 0.25033742 -0.96802974 0.01349966 0.2504721 -0.96797311 0.01274975 0.25072968 -0.96794683 -0.00129181 0.2511518 -0.96786243 -0.00375068 0.25145233 -0.96782953 0.00501622 0.25155702 -0.96778893 0.00329875 0.25174147 -0.96774554 0.00397831 0.25189841 -0.96765214 -0.00094977 -0.25228676 -0.96765196 -0.00181865 0.2522822 -0.96765119 -0.00240581 0.25228047 -0.96764803 0.00411443 -0.25227061 -0.967619 0.00978098 0.25222519 -0.96761835 0.00199008 0.25240988 -0.96760625 2.747e-05 -0.25246391 -0.96758139 0.00048685 0.25255895 -0.96757627 -0.00261807 0.25256568 -0.96755952 0.00015734 0.25264311 -0.96751523 -0.0078538 0.25269079 -0.96751297 -0.24978206 -0.03908598 -0.96751142 -0.00325573 -0.2528064 -0.96750617 0.00224478 0.25283748 -0.96749836 0.00154498 0.25287279 -0.96748722 0.00067191 -0.2529192 -0.96746433 -0.00421606 -0.25297245 -0.96740812 0.25286698 0.01341022 -0.96734363 -0.00069748 -0.25346753 -0.96730101 0.06842498 -0.24422677 -0.9672659 0.00155548 0.25376001 -0.96725363 0.00159202 0.25380689 -0.96724868 -0.00036164 -0.25383052 -0.96722788 -0.00014948 -0.25390947 -0.96722639 -0.00990562 0.25372216 -0.9671939 0.00071932 0.25403833 -0.96718889 0.25403997 -0.00306879 -0.96715772 0.00302595 0.25415879 -0.96713752 0.00355064 -0.25422913 -0.96712786 -0.00160743 0.25428542 -0.96712685 -0.00013309 -0.25429469 -0.96704966 0.0023918 0.2545768 -0.96704406 -0.00042651 0.25460872 -0.96703809 0.10487538 0.23203157 -0.9670108 -0.00070884 -0.25473425 -0.96700788 0.00535217 -0.25469035 -0.96697986 0.00141473 -0.25484914 -0.96697533 0.00273206 -0.25485539 -0.96695143 -0.00816431 -0.25483 -0.96694654 0.00559799 0.25491807 -0.9668811 4.636e-05 0.25522745 -0.96687508 -0.00024333 0.25524974 -0.96685874 0.00146223 0.25530791 -0.96685332 0.00246913 -0.25532031 -0.96684563 0.25499046 0.01376317 -0.96682733 -0.00133804 -0.25542778 -0.96682429 -0.01132138 -0.25519136 -0.96682042 -0.00018399 -0.25545713 -0.96681333 -0.00023121 0.25548348 -0.96680933 -0.00032566 0.25549859 -0.96680754 -0.0002948 -0.25550583 -0.96677917 -0.0007917 -0.25561169 -0.96677732 0.00625666 0.25554323 -0.96675962 -0.00020803 -0.25568691 -0.9667592 0.00097479 -0.25568673 -0.96675491 -0.00036705 -0.25570467 -0.96674144 -0.00189239 -0.2557486 -0.96673965 0.00042721 -0.2557624 -0.96670282 0.00199113 -0.25589398 -0.96667564 -0.00187503 -0.25599727 -0.96665758 0.00462158 0.25603122 -0.96663177 -0.00119856 0.25616696 -0.96663082 0.03300956 0.25403786 -0.96662056 0 -0.25621188 -0.9666186 -0.00021997 -0.25621939 -0.96661335 9.95e-06 0.25623944 -0.96661133 -0.0005632 0.2562466 -0.9666062 -0.00397484 -0.2562353 -0.96657073 9.809e-05 -0.25640038 -0.96656758 -0.00027885 0.256412 -0.96656507 0.00287249 0.25640523 -0.96655649 4.086e-05 -0.2564539 -0.9665463 -0.00068461 0.25649148 -0.96654242 0.00124962 0.25650379 -0.96652246 0.00220492 0.2565726 -0.9665091 -0.00011417 0.25663218 -0.96650374 0.00010936 -0.25665233 -0.96649724 -0.00024006 -0.25667679 -0.96647871 5.368e-05 0.25674638 -0.96647561 -0.00180908 0.25675207 -0.96647412 -0.00815616 0.25663468 -0.96646333 0.00182741 -0.25679815 -0.96644247 0.0022538 -0.2568734 -0.96644157 4.186e-05 0.25688624 -0.96643782 -3.43e-06 -0.25690049 -0.96643454 -0.00097493 0.2569111 -0.96642429 -0.00011392 0.25695145 -0.966416 -0.00138761 0.25697899 -0.96641546 -1.565e-05 -0.25698477 -0.96640921 0.00038705 0.25700805 -0.96640515 -0.00017365 0.25702342 -0.96640497 -0.00222197 0.25701436 -0.96640468 -0.00020577 0.25702533 -0.9663738 0.00139469 0.25713733 -0.96636534 0 -0.25717321 -0.9663614 0.0004876 0.25718763 -0.96635419 0.00068609 0.2572141 -0.96634078 0.00021615 0.25726527 -0.96633911 -7.856e-05 -0.25727162 -0.96633649 -0.00196462 0.25727385 -0.96633565 0.00122759 0.25728193 -0.96632421 0.01130058 0.25707895 -0.96632385 -0.00112637 0.25732639 -0.96632344 -0.00028409 -0.25733036 -0.96630418 5.83e-06 0.25740272 -0.96630168 7.17e-06 0.25741193 -0.96629834 0.00067087 0.25742438 -0.96629637 -1.062e-05 0.25743228 -0.96629316 1.021e-05 -0.25744423 -0.96628708 -0.00023737 -0.25746706 -0.96628577 -0.00017186 -0.25747219 -0.96627945 -0.00061947 0.25749519 -0.96627271 -0.00101402 0.25751919 -0.96627027 -3.72e-06 0.25753024 -0.96626729 -0.01071216 0.25731853 -0.96625859 8.885e-05 0.25757408 -0.96625245 0.0010043 0.25759515 -0.96625191 0.00053065 -0.25759831 -0.966241 -0.00233185 -0.25762933 -0.96623605 -0.01698334 0.25709799 -0.96623594 6.067e-05 -0.25765884 -0.9662295 -0.00094867 -0.2576811 -0.9662292 0.00118677 -0.25768131 -0.96622562 0.00041781 0.25769749 -0.96622384 -0.00437274 -0.25766718 -0.96621948 -0.00057122 0.25771996 -0.96621734 -0.00243056 0.2577174 -0.9662171 -7.194e-05 0.25772947 -0.96621698 -4.031e-05 -0.25773001 -0.96620959 0.25775778 0.00024009 -0.96620691 0.00100103 0.25776574 -0.96620494 -0.00100913 0.25777319 -0.9662022 0.00146325 -0.25778157 -0.96619135 5.245e-05 -0.25782615 -0.96618754 -0.00163139 -0.2578356 -0.96618754 -0.00034129 0.25784037 -0.9661808 -1.15e-05 -0.25786552 -0.96618032 0.00209664 0.25785878 -0.96618015 -7.218e-05 0.25786811 -0.96617663 0.00370276 0.25785458 -0.96617597 0.00099279 0.2578814 -0.96617526 -0.00029966 0.25788629 -0.96617454 0.0002552 -0.25788903 -0.96615559 0.00054088 0.25795928 -0.9661516 0.00062162 0.25797433 -0.96615022 -0.00060811 -0.25797939 -0.96614999 0.00180499 0.25797471 -0.96614635 0.00152799 0.25799009 -0.96614391 0.00036019 0.25800326 -0.96614355 0.00073956 0.25800407 -0.9661411 0.00035009 -0.2580137 -0.96613896 -0.00049912 0.25802171 -0.9661386 -0.00014112 -0.25802383 -0.96613806 0.00075095 0.25802431 -0.96613288 -0.00076983 0.25804392 -0.9661327 0.00032489 0.25804555 -0.96613181 8.892e-05 0.25804904 -0.96612835 0.0011576 0.25805935 -0.96612656 -0.0017352 -0.2580632 -0.96612549 -0.00241562 -0.25806165 -0.96612495 4.984e-05 -0.25807479 -0.96612281 -0.00074074 0.25808182 -0.96612161 0 0.25808698 -0.96611905 -0.00308872 0.25807846 -0.96611637 0.00032637 -0.25810656 -0.9661153 -6.945e-05 0.25811067 -0.96611416 -0.00010921 -0.25811511 -0.9661141 0 -0.25811541 -0.96611309 -0.00034447 0.25811908 -0.96610183 -9.002e-05 0.25816131 -0.96610141 0.00062935 -0.25816244 -0.96608973 0.00225748 0.25819689 -0.96608555 0.00012057 0.25822234 -0.96608514 0.00099252 0.25822201 -0.96608496 -0.00078878 0.25822321 -0.96608132 9.312e-05 -0.25823796 -0.96608007 0 -0.25824261 -0.96607733 0.00649651 0.25817093 -0.96607566 -0.00170555 -0.25825375 -0.9660753 -5.592e-05 0.25826058 -0.96607488 -4.2e-06 0.25826219 -0.96607238 2.866e-05 0.25827134 -0.96606666 0.00038386 -0.25829247 -0.96606207 0.00029526 -0.2583099 -0.96606094 -5.317e-05 0.25831428 -0.96605742 0.00366884 0.25830138 -0.96605617 -0.00097501 0.25833046 -0.96605343 0 0.25834236 -0.96605188 -0.00041528 0.25834787 -0.96605182 -4.654e-05 0.25834835 -0.96604997 -0.00106748 0.25835341 -0.96604973 0.00055789 0.25835571 -0.96604896 -2.959e-05 0.25835887 -0.96604544 -0.00030884 0.25837186 -0.96604347 0.0007344 0.25837854 -0.96604145 0.00062734 0.25838646 -0.96603894 0.00050179 0.258396 -0.96603578 -0.00365617 0.25838217 -0.96603531 -0.00025722 0.25840971 -0.96603531 1.888e-05 0.2584103 -0.96603274 0.00037966 0.25841963 -0.96603084 -0.00010389 0.25842693 -0.96602994 0.00017866 0.2584303 -0.96602714 -0.02651417 0.25707704 -0.96602714 0.00112493 0.2584382 -0.96602267 -0.00012469 -0.25845727 -0.96602148 0.00088969 0.2584601 -0.96602035 0.00552516 -0.25840676 -0.96602011 -0.00602948 0.25839666 -0.96601796 -0.00216097 0.2584658 -0.96601784 -0.00185356 -0.25846863 -0.96601772 0.0015426 0.25847107 -0.96601748 -4.352e-05 0.25847697 -0.96601593 -0.00018199 0.2584824 -0.96601444 -0.0033706 0.25846604 -0.96601409 -0.00081106 0.25848818 -0.96601087 -0.00180324 0.25849524 -0.96601087 0 -0.25850147 -0.96600759 0.00081913 0.25851247 -0.96600497 -0.00066507 0.25852281 -0.96600312 -4.006e-05 -0.25853047 -0.96600115 -0.00167558 0.25853279 -0.96599996 -0.0020098 -0.25853437 -0.9659999 0 0.25854248 -0.96599972 0 -0.25854295 -0.96599829 -0.00092117 0.25854677 -0.96599752 0 0.25855127 -0.96599692 -3.79e-06 0.2585533 -0.96599591 0.00124815 0.25855443 -0.96599424 -4.32e-06 -0.25856361 -0.96599394 0 0.25856465 -0.96599376 0.00027409 0.25856522 -0.96599215 -2.34e-06 0.25857145 -0.96598947 0.00211582 -0.258573 -0.96598756 0.00457374 -0.25854796 -0.96598589 -0.00014621 0.25859502 -0.9659844 0.00013212 -0.25860056 -0.96597928 -0.00557249 0.25855958 -0.9659791 0.00030092 0.25861996 -0.96597874 0.00120715 0.25861895 -0.96597838 -0.00030874 0.2586228 -0.96597803 -0.00010078 -0.25862426 -0.96597689 -0.00095877 0.25862664 -0.96597594 -0.00065305 0.25863108 -0.96597463 0.00216433 -0.25862813 -0.96597457 -7.266e-05 0.25863713 -0.96597356 8.212e-05 0.2586408 -0.96597219 0.00036271 -0.2586458 -0.96597022 0.00079801 0.25865215 -0.96596986 -2.03e-05 0.25865477 -0.96596956 0 0.25865614 -0.96596915 -0.00258507 0.25864467 -0.96596819 -0.00098795 0.25865898 -0.96596801 0.00595175 0.25859278 -0.96596754 -4.166e-05 -0.25866327 -0.96596736 0 0.25866401 -0.96596605 9.896e-05 0.2586689 -0.96596414 0.00103361 -0.25867438 -0.96596354 -0.0012155 0.25867563 -0.96596265 -0.00044544 -0.258681 -0.96596229 -0.00077562 -0.25868168 -0.96596175 -0.00130429 0.25868192 -0.96596116 0.00010782 -0.2586872 -0.96596026 0.0006792 -0.25868931 -0.96596009 -7.084e-05 -0.25869125 -0.96596009 0.00011478 0.25869131 -0.96596003 0.00083253 0.25869039 -0.96595949 -0.00126841 0.25869033 -0.96595943 -0.00771566 0.25857848 -0.96595865 0.00095756 0.25869459 -0.9659586 3.419e-05 0.25869685 -0.96595848 -0.00117074 0.25869456 -0.9659583 -1.41e-06 -0.25869757 -0.96595722 -8.689e-05 -0.25870213 -0.96595609 -0.00020668 -0.258706 -0.96595514 3.89e-06 -0.25870973 -0.9659549 -0.00093823 -0.25870889 -0.96595472 0.01600781 -0.2582154 -0.96595466 0 0.25871155 -0.9659546 0 0.25871152 -0.96595454 0 0.25871152 -0.96595448 0.00274335 -0.25869742 -0.96595442 0.00193532 -0.25870538 -0.96595359 -0.00011478 -0.25871554 -0.96595341 -6.975e-05 -0.25871575 -0.96595263 0.00230986 -0.2587083 -0.96595258 -0.00013937 0.25871927 -0.96595186 -0.00196429 0.2587145 -0.96595186 0.00015904 0.25872174 -0.96595144 1.511e-05 0.25872338 -0.96595126 -0.00230975 0.25871351 -0.96595126 2.38e-06 -0.25872409 -0.96594989 -4.22e-06 -0.25872913 -0.96594948 -0.00046625 0.25873011 -0.96594894 0.00242582 -0.25872117 -0.96594864 -7.369e-05 -0.25873402 -0.9659484 -6.21e-05 0.25873485 -0.96594816 -3.59e-05 0.25873551 -0.96594751 2.62e-06 -0.2587378 -0.96594745 3.3e-06 -0.2587384 -0.96594739 -7.568e-05 0.25873834 -0.96594697 -7.363e-05 0.2587401 -0.96594685 -3.023e-05 0.25874051 -0.9659462 -7.684e-05 -0.2587432 -0.96594614 -4.432e-05 0.25874323 -0.96594614 0 0.25874305 -0.96594542 -4.5e-07 -0.25874606 -0.96594489 0.00372324 -0.25872079 -0.96594483 -4.493e-05 -0.25874826 -0.96594465 -0.00011853 0.25874853 -0.96594459 -3.923e-05 -0.25874904 -0.96594447 -6.776e-05 -0.25874951 -0.96594429 -2.25e-06 0.25875029 -0.96594423 0.00065742 -0.25874949 -0.96594363 -0.00018332 0.25875288 -0.9659434 0.00025862 -0.25875339 -0.96594256 -3.4e-06 -0.25875655 -0.96594238 7.986e-05 -0.25875723 -0.9659422 -1e-06 0.25875804 -0.96594161 0.00138978 -0.25875637 -0.96594107 6.81e-06 0.25876239 -0.96594107 7.912e-05 -0.25876218 -0.96594054 4.294e-05 0.25876409 -0.96594036 1.927e-05 0.25876462 -0.96593976 7.613e-05 0.25876707 -0.96593976 0.00048434 -0.25876644 -0.9659397 -3.13e-06 0.25876701 -0.96593958 0 -0.2587676 -0.9659391 0.00092826 -0.25876766 -0.96593899 0 0.25877005 -0.96593803 -0.00110248 0.25877106 -0.96593767 -4.624e-05 0.25877485 -0.96593708 0.00168434 -0.25877148 -0.96593672 -0.00011522 0.25877851 -0.96593618 -0.00033677 -0.25878042 -0.96593612 0.00045911 -0.25878051 -0.96593595 0.00030147 -0.25878105 -0.96593595 0.00093878 0.25877959 -0.96593559 -0.00248825 -0.25877079 -0.96593535 0.00046998 0.25878307 -0.96593523 2.987e-05 -0.25878379 -0.96593511 -0.00013922 -0.25878438 -0.96593493 0 -0.25878513 -0.96593493 0 -0.2587851 -0.96593469 -2.649e-05 -0.2587859 -0.96593368 -2.79e-05 -0.25878969 -0.96593344 0.00096314 -0.2587887 -0.96593279 0.00036057 0.25879306 -0.96593267 0.00116509 -0.25879079 -0.96593219 0.00029108 0.25879496 -0.96593189 -3.902e-05 0.25879624 -0.96593165 0 -0.25879744 -0.96593153 0.00211931 0.25878891 -0.9659313 0.00029971 -0.25879845 -0.96593124 4.294e-05 0.25879869 -0.96593112 0.00069733 -0.25879839 -0.96593094 7.762e-05 -0.25879988 -0.9659301 0.00067442 0.25880212 -0.96593004 2.6e-07 0.25880325 -0.96592963 0.00153737 0.25880018 -0.96592915 1.042e-05 0.25880632 -0.96592897 -0.00218163 0.25879809 -0.96592879 -0.00256767 -0.25879529 -0.96592808 0.00435903 0.25877377 -0.96592802 1.519e-05 0.25881073 -0.96592796 0.00016963 0.25881103 -0.9659279 -0.00031528 -0.25881115 -0.9659279 6e-08 -0.25881135 -0.96592784 -7.093e-05 0.25881183 -0.96592754 -0.00036092 -0.25881264 -0.96592748 -0.00022154 -0.25881261 -0.96592748 4.917e-05 -0.25881296 -0.96592724 -0.00020178 -0.25881329 -0.96592724 4.96e-06 -0.25881377 -0.96592706 0.00066411 -0.25881353 -0.96592665 1.61e-06 -0.2588163 -0.96592647 -7.945e-05 0.25881687 -0.96592647 -6.642e-05 0.25881687 -0.96592641 -7.835e-05 -0.25881672 -0.96592617 -4.868e-05 -0.25881788 -0.96592617 0.00016108 0.25881749 -0.96592605 -0.00014683 -0.25881824 -0.96592599 -2.139e-05 0.25881836 -0.96592599 8.222e-05 -0.25881836 -0.96592587 5.491e-05 -0.2588191 -0.96592575 0.00076004 -0.258818 -0.96592563 8.85e-06 0.25881988 -0.96592557 3.96e-06 -0.25881991 -0.96592551 -0.00028834 0.25882 -0.96592551 0 0.25882047 -0.9659251 5.937e-05 -0.25882161 -0.9659248 -4.51e-06 0.25882262 -0.96592468 0.00034073 0.25882301 -0.96592432 -0.00024909 -0.25882456 -0.96592426 -6.23e-05 0.25882515 -0.96592426 -2.837e-05 0.25882494 -0.96592426 -1.71e-06 -0.25882465 -0.96592426 0 0.25882515 -0.96592414 5.218e-05 0.25882512 -0.96592396 0.00047965 0.25882554 -0.96592391 0.00213499 0.25881752 -0.96592337 4.466e-05 0.25882807 -0.96592313 -0.00020444 -0.25882909 -0.96592289 0.00044871 -0.25882968 -0.96592289 0.00074912 0.25882882 -0.96592247 -3.77e-06 0.25883162 -0.96592224 -0.00030278 -0.25883254 -0.96592188 0.00151758 0.25882921 -0.9659217 -0.0021314 -0.25882575 -0.96592098 -6.325e-05 0.25883693 -0.96592057 0.0014993 -0.2588343 -0.96592039 4.673e-05 -0.25883922 -0.96591949 0.00312677 0.25882387 -0.96591932 0.00349119 0.25881961 -0.96591896 -0.00327632 0.25882399 -0.9659189 4.585e-05 0.25884482 -0.96591878 0 0.25884503 -0.96591878 0.0002053 0.25884509 -0.9659183 0.00019739 0.25884676 -0.96591818 -6.921e-05 0.25884765 -0.96591789 0 0.25884861 -0.96591687 0.00386864 0.2588236 -0.96591622 -0.00452165 -0.25881565 -0.96591538 0 -0.25885811 -0.96591532 -8.062e-05 0.25885847 -0.96591514 2.308e-05 0.25885874 -0.96591496 -0.00168445 -0.25885406 -0.96591455 0.0019028 -0.25885394 -0.96591425 -3.426e-05 0.25886238 -0.96591276 -0.00026651 -0.25886771 -0.96591276 -4.035e-05 -0.25886774 -0.96591252 -0.00100314 0.25886697 -0.96591246 -0.00217185 0.25885984 -0.96591192 -1.506e-05 0.25887078 -0.96591187 -0.00151893 -0.25886655 -0.96591151 -0.00023272 -0.25887224 -0.96591133 0.00120232 -0.25887057 -0.96591091 0.00082177 0.25887358 -0.96591085 0.00023346 -0.25887501 -0.96591073 -0.00184748 0.25886869 -0.96591067 0.00042861 0.25887549 -0.96591038 6.96e-06 -0.25887701 -0.96591026 1.144e-05 -0.2588774 -0.96590984 -0.000581 -0.25887761 -0.96590972 0 0.25887924 -0.9659096 0.0024219 0.25886837 -0.96590954 -0.00637553 -0.2588014 -0.96590912 -0.00192496 0.25887406 -0.965909 -0.00296155 0.25886476 -0.96590871 0.00022037 0.25888291 -0.96590817 -0.00357411 0.25885993 -0.96590817 1.042e-05 0.258885 -0.96590781 -0.0009175 -0.25888464 -0.96590769 -0.00205007 0.25887874 -0.96590716 -0.00126142 -0.25888568 -0.9659071 -0.00654065 0.25880629 -0.9659068 -0.000449 -0.2588895 -0.96590567 -0.00148231 0.25889039 -0.96590519 -3.955e-05 -0.25889575 -0.96590477 7.591e-05 0.25889772 -0.96590477 0.00103894 -0.25889546 -0.96590459 0 0.25889829 -0.96590424 0.00663976 0.25881463 -0.9659037 0 0.25890157 -0.96590257 -8.558e-05 0.25890598 -0.96590239 3.396e-05 0.25890648 -0.96590221 -0.00130404 -0.2589041 -0.96590197 -0.000591 -0.25890735 -0.96590161 -0.00249732 -0.25889733 -0.96590155 0.2589097 0.00019192 -0.96590149 0.00262997 -0.25889668 -0.96590143 9.91e-06 0.25891012 -0.96590102 -0.00287765 -0.25889546 -0.96590084 0 0.25891215 -0.96590078 -2.869e-05 0.25891253 -0.96589988 0 0.25891566 -0.96589905 -0.00113153 -0.25891641 -0.96589845 -0.00017278 0.25892136 -0.96589762 -0.00087832 -0.25892261 -0.96589756 0.00049488 0.25892374 -0.96589732 2.082e-05 0.25892517 -0.96589726 -3.154e-05 0.25892562 -0.96589702 0.0003174 -0.25892618 -0.9658969 -2.735e-05 0.25892696 -0.96589684 -3.032e-05 0.2589274 -0.96589583 0.00167138 -0.25892574 -0.96589571 0.0001583 0.2589314 -0.96589524 -0.00327901 -0.25891221 -0.96589524 -5.991e-05 -0.25893328 -0.96589404 0.00063189 0.25893673 -0.96589375 0.00499145 -0.25889033 -0.96589231 7.152e-05 0.25894427 -0.96589017 -0.00101256 -0.25895 -0.9658891 -7.47e-06 0.25895628 -0.9658888 4.81e-05 0.25895706 -0.96588862 -8.817e-05 0.25895765 -0.96588671 -0.00402592 -0.25893381 -0.96588641 -1.67e-06 0.25896612 -0.96588582 -5.201e-05 0.25896803 -0.96588492 -3.6e-06 0.25897208 -0.96588427 -0.00024575 0.25897369 -0.9658829 -0.00011157 0.2589792 -0.96588105 -0.00081858 0.25898466 -0.96588081 -2.991e-05 0.25898716 -0.96588051 -0.00316895 -0.25896892 -0.96587795 -0.00409795 -0.25896516 -0.96587783 -0.00630327 -0.25892153 -0.96587676 4.557e-05 -0.25900218 -0.9658764 0 0.25900334 -0.9658761 -4.904e-05 0.25900462 -0.96587539 -0.00164608 0.25900179 -0.96587509 -0.00044626 0.25900814 -0.96587461 0.00891634 0.25885671 -0.9658727 0.00101267 -0.25901523 -0.96587157 0.00108101 0.25901899 -0.96587133 -0.0001918 0.25902212 -0.96587068 0.00018415 0.25902477 -0.96586955 0.000175 -0.25902888 -0.96586841 -0.00136837 0.25902972 -0.96586812 0.0020065 -0.25902659 -0.96586806 -0.00110834 0.25903195 -0.9658677 0.00152328 -0.25903133 -0.9658668 1.593e-05 0.2590391 -0.96586663 0.00285379 0.25902402 -0.96586591 0.00361194 -0.2590172 -0.96586448 -0.00048204 -0.25904721 -0.96586299 -0.00137332 0.25904962 -0.96586204 0.0033833 -0.25903487 -0.96586072 -0.00029682 -0.25906193 -0.96586007 -3.33e-06 0.25906453 -0.96585828 -1.539e-05 -0.25907102 -0.96585828 0.00285081 -0.25905505 -0.96585786 2.46e-06 0.25907251 -0.96585608 0.00102222 0.25907725 -0.96585524 -0.0009932 0.25908038 -0.96585524 -2.34e-06 0.25908226 -0.9658547 -0.00213585 0.25907534 -0.96585405 -0.00630943 0.25900978 -0.9658525 -0.00430758 0.25905696 -0.96585238 2.035e-05 -0.25909323 -0.96585035 -2.362e-05 0.25910041 -0.9658494 -0.00198491 0.25909626 -0.96584851 0.00081535 0.25910631 -0.96584839 -0.00098566 -0.25910613 -0.96584761 -0.00492354 -0.25906402 -0.96584749 -0.00061661 0.25911024 -0.9658469 -1.746e-05 0.25911349 -0.96584487 0.00026743 -0.25912085 -0.96584445 0 -0.25912255 -0.96584147 -0.00540592 -0.25907734 -0.9658401 -0.0020186 -0.25913084 -0.96583962 0.00053569 -0.25913998 -0.96583921 0.00953584 0.25896689 -0.96583885 0.00026912 0.25914347 -0.96583718 0.00072817 -0.25914863 -0.96583694 0.00190483 -0.25914314 -0.96583563 0.00327752 0.25913486 -0.96583521 -0.00644695 -0.25907689 -0.96583498 -0.00032281 0.25915793 -0.96583271 -0.00031107 0.25916615 -0.96582836 -0.0008982 0.25918099 -0.965828 0.00036329 -0.25918382 -0.96582735 -0.0091409 -0.2590251 -0.9658258 0.00038252 0.2591919 -0.96582544 4.087e-05 -0.2591933 -0.96582526 9.798e-05 0.2591942 -0.96582216 0.00019446 0.25920555 -0.96582156 0.25920781 5.471e-05 -0.9658215 0.00064878 0.25920725 -0.96582133 -0.00327016 0.25918832 -0.96582091 -0.00049694 0.25921005 -0.96582025 -0.00101267 -0.25921106 -0.96581942 -0.00287078 -0.25920007 -0.96581942 0.25921556 -1.69e-06 -0.96581733 -7.943e-05 0.25922391 -0.96581715 -4.393e-05 0.25922415 -0.96581644 -0.00094915 -0.25922534 -0.96581608 0.25922838 -1.814e-05 -0.96581495 -0.00016312 0.25923261 -0.96581078 0.00031685 0.25924778 -0.96581042 -1.73e-06 0.25924909 -0.96580881 -0.00062355 0.25925478 -0.96580857 0 0.25925648 -0.96580845 -6.65e-06 -0.25925687 -0.96580672 0.00069108 -0.25926185 -0.96580637 -0.00012176 -0.2592645 -0.96580577 -3.2e-07 -0.25926647 -0.96580309 -0.00022714 0.25927657 -0.96580076 -0.00118273 -0.25928262 -0.96579784 -0.00380559 0.25926808 -0.96579659 0.00798184 0.25917777 -0.96579605 0.00126971 -0.25929961 -0.96579576 -0.00107478 0.25930178 -0.96579456 0.00089236 0.25930697 -0.96579337 0.0003425 -0.25931275 -0.96579319 0.00026023 0.25931329 -0.96579319 0.00260316 -0.25930035 -0.96579289 0.00140459 0.2593106 -0.96579099 -8.045e-05 0.25932163 -0.96579027 -0.00016084 0.2593244 -0.96579009 -0.00095002 -0.25932369 -0.96578979 0.00116612 -0.2593236 -0.96578914 0.00042568 -0.25932801 -0.96578687 0.00027373 0.25933725 -0.96578556 -0.00088526 -0.25934041 -0.96578503 -0.00023565 0.25934392 -0.96578294 -3.198e-05 0.25935209 -0.96578223 0 0.25935462 -0.96578074 0.00011586 -0.25935999 -0.96578044 0.00204352 -0.2593528 -0.96578032 0.00803708 0.2592369 -0.96577823 0.00707805 0.25927269 -0.96577662 -0.01424304 0.25898373 -0.96577585 -0.00189922 0.25937104 -0.96577537 0.02392949 0.25827363 -0.96577501 1.539e-05 -0.25938112 -0.96577442 0 0.25938365 -0.96576673 0.00114876 -0.25940961 -0.96576613 -0.00220198 0.25940496 -0.9657656 -0.00378247 0.25938872 -0.9657622 -0.00019589 -0.25942859 -0.96576071 0 0.25943458 -0.96575981 1.45e-06 -0.25943771 -0.96575844 0 -0.2594429 -0.96575648 0.00436079 -0.25941342 -0.96575594 0.00044426 0.25945199 -0.96575433 0.00027992 0.25945812 -0.96575087 -0.00085231 -0.25946972 -0.96575075 0.00042557 -0.25947124 -0.9657498 0.00261238 -0.25946203 -0.9657495 -0.00211438 -0.25946799 -0.96574694 5.082e-05 0.25948575 -0.96574438 0.00019264 0.25949499 -0.96574324 0.00106252 0.25949728 -0.96574259 0.00052486 0.25950119 -0.96573919 -0.00032508 0.25951427 -0.96573818 -0.00039665 -0.25951791 -0.965738 0.00070518 -0.25951806 -0.96573794 0.00026477 0.25951925 -0.96573275 -0.0029716 -0.25952172 -0.96573257 0.00042678 0.25953877 -0.96572864 -0.00376038 -0.25952667 -0.96572638 1.146e-05 -0.25956205 -0.96572506 0.00050293 -0.25956687 -0.96572292 0.0019531 0.25956765 -0.96572131 0.00058389 -0.25958073 -0.96572018 -0.00042314 -0.25958467 -0.96571887 0.0001965 0.25959015 -0.96571708 -0.00175045 -0.25959086 -0.9657166 -0.00302493 0.25958085 -0.96571386 -0.00488829 0.25956273 -0.96570843 0.00213729 0.25962007 -0.96570206 -0.00124513 -0.25965005 -0.96569914 -0.00026199 0.25966325 -0.96569878 0.00487835 0.25961912 -0.96569854 -0.00172601 0.25966004 -0.96569848 -0.00044866 -0.25966573 -0.96569717 -0.00043761 -0.2596707 -0.96569651 0.00053789 0.25967276 -0.96569645 0.0006322 0.25967273 -0.9656955 -0.00183504 0.25967073 -0.96569014 0 -0.25969714 -0.96568996 -6.956e-05 -0.25969747 -0.96568739 -0.01421318 -0.25931787 -0.96568555 0.00020684 -0.25971404 -0.96568543 -0.00149749 0.25971034 -0.96568465 -0.00067053 -0.25971612 -0.96568435 -0.01794696 0.25909764 -0.96568096 2.447e-05 -0.25973144 -0.96567458 0.00079833 0.25975338 -0.96567172 -0.00693429 0.25967327 -0.9656716 -0.03613388 0.25724056 -0.96566463 -0.00055076 0.25979134 -0.96566153 0.00128661 -0.25980046 -0.96566129 0.00609672 -0.25973287 -0.96565682 0.00078191 -0.25981978 -0.96565533 2.488e-05 -0.25982633 -0.96565038 0.00351995 0.25982112 -0.96564889 0.00076555 -0.25984898 -0.96564764 0.00127665 0.25985208 -0.96564406 0.00187589 -0.25986129 -0.96564287 -0.0014878 -0.25986832 -0.96564209 -0.00621947 0.25980115 -0.96563756 -0.00047957 -0.25989214 -0.96563441 0.00034904 0.25990388 -0.96563113 -0.00027206 0.25991619 -0.96562916 -0.00187276 0.25991714 -0.96562916 0.0006186 0.25992271 -0.96562809 -0.00125926 0.25992444 -0.96562642 0.00214849 0.25992504 -0.96562499 -0.00018953 0.25993925 -0.96562296 0 -0.25994641 -0.96562213 0.00017007 0.25994998 -0.96561766 -0 -0.25996634 -0.9656117 0 -0.25998861 -0.96560758 0.00012584 -0.26000383 -0.96560687 -0.00114232 -0.26000395 -0.96560669 0.00038244 0.26000696 -0.96560609 0.00281464 0.25999406 -0.96560007 0.00264877 -0.26001817 -0.96559906 0.00111562 0.2600331 -0.96559304 0.00016507 -0.2600579 -0.96559244 0.00011922 -0.26006016 -0.96558702 0.01057197 0.25986516 -0.9655844 -0.00339742 -0.26006806 -0.96558267 -0.00087148 -0.26009485 -0.96557897 6.353e-05 -0.26010978 -0.96557879 -0.00094261 -0.26010877 -0.96556997 0.00387388 0.26011416 -0.96556967 -0.02854594 0.25857377 -0.96555722 -0.00319606 -0.26017115 -0.96555716 0.00081443 -0.26018962 -0.96555388 0 -0.26020336 -0.96555209 0.00136257 -0.26020625 -0.96554977 0.00026738 0.26021859 -0.96554548 4.11e-06 -0.26023445 -0.9655444 0.000517 0.2602379 -0.96554261 0.00891778 0.26009208 -0.96553195 0.00204552 -0.26027662 -0.96553165 0.0002574 0.26028562 -0.96552855 -3.5e-06 -0.26029709 -0.96552783 -0.00072323 -0.26029882 -0.96552569 -0.00236356 -0.26029712 -0.96551961 0.03322544 -0.25820139 -0.965518 -0.00103604 0.26033467 -0.9655174 -0.00176665 0.26033249 -0.9655084 0 0.26037154 -0.96549875 -0.03304329 0.25830269 -0.96549755 -0.00019514 -0.2604121 -0.96549654 -0.00034749 -0.26041597 -0.96549261 -0.00187525 0.26042333 -0.96549225 3.213e-05 0.26043174 -0.96548551 -0.00084547 -0.26045543 -0.96547943 0.00078863 -0.26047802 -0.9654792 0.00018706 -0.26048017 -0.96547151 0.00152984 -0.26050425 -0.96546966 0.26046479 0.00512154 -0.96546596 6.705e-05 -0.2605291 -0.96545827 0.00026252 0.26055759 -0.9654488 -0.00266522 0.26057938 -0.96544838 0.00032708 0.26059404 -0.96544445 -2.118e-05 -0.26060894 -0.96544302 0.00123919 0.26061121 -0.96543747 -0.00023093 0.26063466 -0.96543747 0.0067755 0.26054677 -0.96542764 0.00153231 -0.2606667 -0.96542734 0.00029077 -0.26067203 -0.96542209 0.00133255 0.26068839 -0.96541995 0.00479282 -0.26065534 -0.96541244 -0.00065287 -0.26072666 -0.96540165 -0.00037141 0.26076719 -0.96539766 0.00231701 -0.26077226 -0.96539676 0.03016768 0.25903475 -0.96539038 2.531e-05 0.26080912 -0.96539015 -0.21260619 -0.1510646 -0.96538639 -0.00041055 -0.26082385 -0.96538079 5.837e-05 -0.2608448 -0.96537977 0.00036894 -0.2608481 -0.96537769 5.67e-06 0.26085615 -0.96536446 0.00096612 -0.26090327 -0.96535885 0 0.26092571 -0.96535057 0.01274686 0.26064512 -0.96534997 0.00488592 0.26091278 -0.96534956 -0.00013798 0.26096019 -0.96534574 -0.0002423 -0.26097429 -0.96534175 8.86e-05 -0.26098922 -0.96534127 0.00241624 -0.26097959 -0.96533209 -0.00012997 -0.26102489 -0.965325 0.01322977 0.26071566 -0.96532375 7.443e-05 -0.26105586 -0.96532255 0.00343422 -0.26103729 -0.96531439 0.26108816 -0.00099213 -0.96530324 0.00020129 -0.26113105 -0.96530056 -0.00239209 -0.2611303 -0.96529806 0.00029357 -0.26115027 -0.9652918 -0.00413034 0.26114115 -0.9652679 -0.00012063 -0.26126215 -0.9652676 0.00164803 0.26125786 -0.96526682 0.00053235 0.26126549 -0.96526647 -0.00165247 0.26126209 -0.96526641 0.00126839 0.26126438 -0.96525288 0.00321887 -0.26129773 -0.96524858 -0.00052643 -0.26133284 -0.96524554 6.958e-05 -0.26134443 -0.96524346 2.676e-05 -0.26135221 -0.96522522 0.00172241 0.26141402 -0.96521068 -0.00177604 -0.26146728 -0.96520686 0.00022217 -0.26148736 -0.96519554 0.00195352 0.26152217 -0.96519214 -0.00258196 0.26152885 -0.96518177 0.00424325 0.26154551 -0.96517456 -0.0013465 -0.26160344 -0.96516931 0.000557 -0.26162577 -0.96515524 -0.00505826 -0.26162928 -0.96515471 0.00113676 0.26167735 -0.96515101 -0.00261975 -0.26168031 -0.9651472 0.00157638 0.26170322 -0.96511793 0.01689516 0.26126981 -0.96509916 0.00591766 0.26181799 -0.96509659 0.00012206 0.26189426 -0.96508741 0.00480917 0.26188397 -0.96508259 -0.00139073 -0.26194209 -0.96508068 6.11e-06 -0.26195264 -0.96508044 0.00464435 0.26191238 -0.96507508 0.00834566 0.26184037 -0.96507502 0.00418089 0.26194036 -0.96506852 0.00169638 0.26199231 -0.9650678 -0.00202783 0.26199239 -0.96506029 -0.00039678 0.26202735 -0.96504927 0.00783777 0.26195157 -0.96504039 0.03213909 -0.26012319 -0.96503079 0.00445102 0.26209891 -0.96502757 -0.03812772 0.25936094 -0.96502703 0.00106989 0.26214793 -0.96498787 -0.0018354 0.26228788 -0.96498162 -0.00259254 0.26230478 -0.96497703 0.00317568 0.26231515 -0.96497476 -0.01934936 0.26162806 -0.96496737 0.00331422 -0.26234937 -0.96496415 0.00315212 -0.26236275 -0.96495944 0.00301643 0.26238161 -0.96495318 0.00473473 -0.26237965 -0.96495283 0 0.26242343 -0.96494466 -0.00104454 -0.26245117 -0.96491951 -0.00023718 0.26254612 -0.96488094 0.0081273 0.26256165 -0.96486944 0.00034828 -0.2627297 -0.96486402 0.00033243 0.26274964 -0.96486151 -0.00502258 0.26271087 -0.96484053 -0.00167014 -0.26283079 -0.96478885 -0.0042407 0.26299122 -0.96476191 -0.00507419 0.26307559 -0.96475375 -0.00500905 0.2631065 -0.96473277 0.00276361 -0.26321661 -0.96469617 -1.092e-05 0.26336572 -0.96467876 -0.04840216 0.25894421 -0.96464336 -0.00017481 -0.26355878 -0.9645713 0.00255413 0.26380995 -0.96452504 -0.00878444 0.26384515 -0.96451432 -0.0001495 0.2640304 -0.96447235 -0.0124354 0.26389068 -0.96443677 0.05201417 -0.25914517 -0.9644323 0.00757418 0.26422164 -0.96441203 0.0002472 -0.26440355 -0.96440589 0.00822398 0.26429838 -0.96437508 0.00946168 0.26436961 -0.96432018 0 -0.26473868 -0.96427459 0.00186804 -0.26489806 -0.96424049 -0.01140062 0.2647838 -0.96418875 -0.00420977 -0.26518342 -0.96410024 0.00802594 0.26541737 -0.96405548 -0.00628418 0.26562676 -0.96404332 -0.00248175 0.26573363 -0.96393663 0.00764635 0.26602179 -0.96389616 0.00043121 0.26627803 -0.96388835 0.00138289 -0.26630339 -0.96381623 -0.00359463 0.2665433 -0.9637472 0.00760323 0.26670891 -0.96372885 -0.00022836 0.26688325 -0.96369302 -0.00439427 0.26697645 -0.9636519 0.01145027 0.26691562 -0.96353781 -0.00016342 0.26757222 -0.96352291 0.0026451 -0.26761287 -0.96343499 0.0029284 0.26792583 -0.96326911 0.00115654 -0.26853532 -0.96322262 0.24785262 0.10378462 -0.96318257 0.00176293 -0.26884243 -0.96314222 0.00631547 0.26891848 -0.96312368 0.24800771 0.10432987 -0.96298057 -0.01366286 0.26922461 -0.96239233 4.82e-06 -0.27166373 -0.96236575 0.00300064 0.27174133 -0.96222019 0.08782291 0.25771961 -0.96215278 -0.00449846 0.27247339 -0.96215045 0.00143607 -0.272515 -0.96209621 0.27269408 0.00295579 -0.96187013 -0.05998605 0.26684722 -0.96170896 -0.09345268 0.25764802 -0.96160275 0.09635853 0.25697339 -0.96149081 -0.27442005 0.01513292 -0.96129376 0.09737678 -0.25774437 -0.96125698 0.00290127 0.27563843 -0.960989 -0.01145701 -0.27634934 -0.96095437 -0.00071409 -0.2767058 -0.96039182 0.0092462 0.27849954 -0.95991725 0 -0.28028381 -0.9592396 -0.11942415 -0.25611952 -0.95923311 -0.1194803 -0.25611779 -0.95863503 6.316e-05 -0.2846382 -0.95840001 0.00077401 0.2854276 -0.95782131 -0.28078553 0.0611369 -0.95668703 0.13846739 0.25607973 -0.95662981 -0.18171042 0.22768585 -0.95624542 3.983e-05 0.29256585 -0.95513713 0.15441217 0.25272512 -0.95512569 -0.1544313 -0.25275645 -0.95498544 0.00010882 -0.29665285 -0.95478147 -0.09621105 0.28131104 -0.95473045 0.25239629 0.15743569 -0.95388353 0.29997393 -0.01103911 -0.95384228 -0.17115736 -0.24675894 -0.95364422 -0.15702425 -0.25672171 -0.95362788 0.18168449 -0.23996797 -0.95259309 0.20487288 -0.2249303 -0.95247936 0 -0.30460301 -0.95242423 0.10065763 -0.28767368 -0.95241332 -0.30480558 0.00154116 -0.95230168 -0.30428186 0.02310654 -0.95227444 0.01871623 0.30466881 -0.95189232 0 -0.30643272 -0.95120496 0.17213099 -0.25608611 -0.95110589 -0.30886391 -0.00085413 -0.95073903 -0.12014412 0.28576335 -0.94980347 0.31205055 -0.02231009 -0.9492318 -0.00130631 0.3145749 -0.94898486 -0.30619988 -0.07529513 -0.94851685 -0.10611501 -0.29842156 -0.94804931 0.31811333 -0.00250487 -0.94598639 -0.20248052 -0.25320226 -0.94580561 -2.49e-06 -0.3247332 -0.94551051 0.32559153 -0.00044466 -0.94543213 0.03321082 0.32412186 -0.94435012 -0.00020818 0.328942 -0.94333464 0.22583476 0.24314252 -0.94321483 0.0001844 0.33218345 -0.94219762 -0.33485058 0.01177359 -0.94197667 0.11126348 -0.31670234 -0.94100213 -0.33759651 0.02331237 -0.94084352 -0.32962635 0.07848514 -0.94060802 0.18010157 0.2877844 -0.94009811 0.34090373 -0.00042272 -0.93973124 0.34191275 -0.00089018 -0.93972731 -0.34192464 -0.00047463 -0.93971455 0.3419598 0 -0.93970245 -0.34190229 -0.00787775 -0.93959641 0.31215525 -0.14041974 -0.93935084 -0.34295788 0 -0.93929803 0.3428703 0.01262325 -0.93920904 0.23354082 -0.25168431 -0.93866402 -0.34216979 -0.04277475 -0.93829018 -0.04982244 -0.34224138 -0.93779951 -0.20686841 -0.27881476 -0.9377175 -0.23984887 -0.2513136 -0.93715101 -0.24194854 0.25141352 -0.9363721 0.34684908 -0.05387945 -0.93635809 0.35104635 0 -0.93635809 0.35104638 0 -0.93621963 0.30355042 0.17705873 -0.93576288 0.20999385 -0.28328526 -0.93569767 -0.23655878 -0.26174355 -0.93538862 0.3536216 -4.27e-06 -0.93512428 -0.13514164 -0.32753515 -0.9350242 0.3478435 -0.06880774 -0.93456155 -0.2530351 -0.25013584 -0.93432701 -0.07483635 0.34847188 -0.93430692 -2.012e-05 0.35646945 -0.93386698 -0.21745716 0.28391001 -0.93379468 -0.35780916 0 -0.93273348 0.25986686 0.24995497 -0.93264443 -0.36076835 -0.00454579 -0.93256789 0.06125573 -0.35575956 -0.93243903 0.36132011 0.00229551 -0.93208599 0.35983154 -0.04167468 -0.93201953 0.2627331 -0.24962136 -0.93171722 -0.28033119 0.23090565 -0.93071353 0.365749 -0.00012307 -0.93065554 -0.36440787 -0.03297374 -0.93037933 -0.02754772 -0.36556187 -0.92929763 -0.36316717 0.06719708 -0.92917353 0.02797374 0.36858371 -0.92905593 -0.36384386 0.06687889 -0.9285236 0.37127316 -0.00050705 -0.92847663 -0.37139067 0 -0.92814636 0.37219697 0.0036906 -0.92801046 -0.23922352 -0.28560236 -0.92796248 0.00018198 -0.37267372 -0.92778069 -0.37068436 -0.04261515 -0.92767781 0.27872974 0.24844217 -0.92735785 -0.36968285 0.05780945 -0.92706805 0.24253708 0.28586805 -0.92678809 0.24347144 -0.28598142 -0.92676687 0.07714932 0.36762905 -0.92607242 -0.27496102 0.25843075 -0.92539662 -0.04112915 -0.37676197 -0.92480242 0.38044772 0 -0.92468697 0.38067797 0.00618147 -0.92422247 0.25226808 0.28665954 -0.92420745 0.38185745 -0.00505543 -0.92419392 -0.25244236 0.28659803 -0.923917 -0.36866102 -0.1023053 -0.92391181 -0.36714217 -0.10767294 -0.92370713 0.04268036 0.38071418 -0.92302358 -0.25628084 -0.28696308 -0.92282313 -0.37956032 0.06581433 -0.92254078 -0.38589942 0 -0.92180061 0.09579205 -0.37564281 -0.92179251 -0.09579681 0.37566137 -0.92137712 -0.04563969 -0.38598096 -0.92137372 0.07538892 0.38129628 -0.92108196 -0.38812628 -0.03108037 -0.92060995 0.37766671 0.09922213 -0.91991854 0.37760714 -0.10565433 -0.91879863 0.3156724 0.23698115 -0.91585279 -0.37333632 -0.14776289 -0.91486025 0.00012379 -0.40377063 -0.91456562 -0.40394881 0.01987524 -0.91395348 0.39635491 0.08713122 -0.91370648 0.13426925 -0.38355222 -0.91285741 0.00013355 0.40827858 -0.91285586 9.085e-05 -0.40828207 -0.91040862 -0.22248608 -0.34879231 -0.91038185 0.22251771 0.34884191 -0.91018456 0.29550913 -0.29023871 -0.90930605 -0.37611109 -0.17805293 -0.90829438 -0.41833118 -0.00041738 -0.90796894 -0.19416967 -0.37133634 -0.90636688 -0.34595701 0.24251352 -0.90625685 -0.42272687 -0.00078044 -0.90531981 -0.42435229 0.01792159 -0.90453261 -0.42128918 -0.06584956 -0.904495 -0.42647523 0.00277297 -0.90370661 0.41909495 -0.08760025 -0.90320623 -0.04909272 -0.42638987 -0.90299594 -0.42088795 0.0863233 -0.90287131 0.42991096 9.559e-05 -0.90281343 0.09734365 0.41886994 -0.90266043 -0.07229996 0.42423677 -0.90255302 -0.26801205 0.33699805 -0.9017933 -0.00022966 -0.43216762 -0.90051508 0.2046528 -0.38365322 -0.89951622 0.36444357 -0.24093871 -0.89860272 -0.3667393 0.2408639 -0.89835256 0 -0.43927506 -0.89787281 -0.38261402 0.21778663 -0.89715832 0.44164628 0.00745436 -0.89548612 -0.04211549 -0.44309232 -0.89533848 -0.44406486 0.03428321 -0.89521331 0.37568328 -0.23969772 -0.89429224 -0.25560212 0.36729953 -0.89369172 0.0264446 0.44790161 -0.89077091 0.11550677 -0.43952867 -0.89070934 0.09888106 -0.44368842 -0.89070517 0.09892774 -0.44368628 -0.89049709 0.08849204 0.44630048 -0.89037848 -0.45517212 0.00665724 -0.89033449 -0.0886174 -0.44659993 -0.89033115 -0.08865932 -0.44659826 -0.88993329 -0.45609081 0 -0.88901746 -0.21386372 -0.40485817 -0.88775456 -0.46031719 0 -0.88762754 0.3942076 0.23815486 -0.88638341 0.46295184 0 -0.88557613 -0.46449411 0.0004394 -0.88543451 0.46475816 -0.00237658 -0.88543403 0.46475798 -0.00258419 -0.88474065 -0.46584123 -0.01502881 -0.88269889 0.22627313 -0.41187742 -0.88186413 -0.40785611 -0.23657757 -0.88174695 -0.40834698 0.23616737 -0.88023025 0.46845588 0.07578705 -0.88010055 0.47478738 0 -0.88010043 0.47478768 -1e-05 -0.88004023 0.47488919 -0.00308878 -0.87889361 -0.4770157 0.00146252 -0.87889355 -0.47701567 0.00153835 -0.87864649 -0.4150911 -0.23596555 -0.87789559 0.47885212 0 -0.87772113 0.47871864 0.02083471 -0.87770015 0.47919109 -0.00426073 -0.87744808 -0.47967163 0 -0.87708646 0.47586605 0.0653524 -0.87687302 0.12082757 -0.46528968 -0.87662494 -0.48117125 -0.00172742 -0.87620759 -0.47935745 0.04976747 -0.87548542 0.48317131 0.00840649 -0.87548393 0.48317048 0.0086078 -0.87510014 -0.4839415 -0.00061435 -0.87494433 0.30443418 -0.376553 -0.87351388 -0.4859283 0.02910609 -0.87313694 -0.48532912 0.04569054 -0.87308955 -0.48208362 0.07287014 -0.87276083 -0.48766413 0.02172967 -0.8725875 0.48119289 -0.0839315 -0.87230355 0.16867007 0.45895207 -0.87140614 0.31278908 0.37790793 -0.87115914 -0.22784784 -0.4349336 -0.87110674 0.49109375 0.00028868 -0.87084621 -0.49132231 0.01514282 -0.87037283 -0.47015762 0.14629675 -0.86911827 -0.19663189 0.45383853 -0.86841631 -0.00022569 -0.49583563 -0.86670172 -0.40252405 0.29462263 -0.86649346 0.49918827 0 -0.86636758 0.49924085 0.01287842 -0.86594015 -0.50014752 0 -0.86592191 0.50017917 0 -0.86590856 0.50020224 -0.00050685 -0.86576086 -0.49961022 0.02911756 -0.86545455 -0.49998209 0.03172501 -0.8653779 -0.50027686 0.02905479 -0.8646304 0.45724076 -0.20819488 -0.8638261 0.4984377 0.07324166 -0.86377895 0.50387102 0 -0.86372441 0.50395507 -0.00307246 -0.86350369 0.50313002 0.03495112 -0.86320823 -0.50484687 0.00102501 -0.863204 0.50178391 -0.05560553 -0.86242884 0.50498205 0.03477989 -0.8618241 0.50503099 0.04693549 -0.86158252 0.07855451 -0.50150245 -0.86147064 0.50744289 0.01923491 -0.85471046 0.51910508 -0.00017157 -0.85468525 0.51914656 0 -0.85412711 -0.24283481 0.45988926 -0.85252249 -0.00025002 -0.52269047 -0.85210186 0.4321323 0.29526982 -0.8520785 -0.52338803 -0.00523549 -0.85145849 -0.30764499 -0.4247033 -0.85099554 0.17244311 0.49605453 -0.85091358 0.52059901 0.07016329 -0.85074049 0.52557093 0.00397629 -0.85021114 0.45247981 0.2690782 -0.84710896 0.53140879 -0.00335476 -0.84476936 0.53299791 0.0477277 -0.84436488 0.00029406 0.53576851 -0.84339434 -0.53717685 0.01126909 -0.84300715 0.41329682 -0.34427419 -0.84144974 -0.54031885 0.00421492 -0.83973956 0.54298949 0 -0.83930582 0.54293001 0.02815588 -0.83915186 -0.3419514 0.42295787 -0.83914739 -0.34194958 0.42296824 -0.83914739 0.34194958 -0.42296824 -0.83914286 0.34194776 -0.42297855 -0.8390761 0.34201875 -0.4230538 -0.83906126 -0.34203315 0.42307159 -0.83905858 0.3420358 -0.42307487 -0.83905679 -0.34203133 0.42308196 -0.83649969 -0.54796749 0 -0.83575422 -0.5484156 -0.02748234 -0.83512431 -0.55006129 0 -0.8332932 0.17329869 0.52496672 -0.83271861 -0.55368567 -0.00345273 -0.83041739 -0.18164805 0.52669829 -0.82805991 -0.04988834 -0.55841541 -0.82805312 0.56064969 0 -0.82799846 -0.21922407 0.51609999 -0.8278656 -0.00016687 0.5609265 -0.8263827 0.08341346 0.55689669 -0.82612693 -0.55816203 -0.07726205 -0.82337838 9.503e-05 0.56749278 -0.81967819 -0.35010466 -0.45338115 -0.81948757 -0.49094394 -0.29565895 -0.81919289 0.49151823 -0.29552117 -0.81806564 -0.57470834 0.02188382 -0.81792217 -0.49371016 0.29538697 -0.81737816 0.00023362 -0.57610154 -0.81607622 0.26339501 0.51443428 -0.81558782 0.21756022 -0.53617537 -0.81554961 -0.53572947 0.21879865 -0.81154209 -0.58216333 -0.04985276 -0.81023288 0.58541965 -0.02839782 -0.81014264 -0.57403111 0.11898439 -0.80902743 0.10720868 -0.5779109 -0.80897808 -0.58783877 0 -0.80897802 -0.58783871 0 -0.80709338 -0.38125709 -0.45082512 -0.80683559 -0.26033393 -0.53032309 -0.80672199 0.51181203 -0.29537797 -0.80642128 0.26027882 0.53098005 -0.80582529 -0.11106212 -0.58164495 -0.80568361 0.58591694 0.08703616 -0.80510926 0.59312534 0.00118294 -0.80425733 0.06941778 -0.590213 -0.80307156 -8.186e-05 0.59588253 -0.80303663 -0.00018051 -0.59592968 -0.80281919 7.862e-05 0.59622252 -0.8027885 0.55605477 0.21525282 -0.80239207 0.51874447 0.29507831 -0.80233169 0.26609105 -0.53428411 -0.79970235 0.56081784 0.21438162 -0.79884547 0.50722986 -0.32336321 -0.79882663 0.60122907 -0.0199894 -0.79821289 -0.59505689 0.09361338 -0.79758805 0.60285664 -0.02042738 -0.79648322 0.60439116 -0.01805342 -0.79621691 0.60407799 0.03359263 -0.79428345 0.60715395 -0.02185839 -0.79384518 0.60771626 -0.02215353 -0.79307842 -0.24157725 -0.55916625 -0.78940052 0.30827078 -0.53086346 -0.78670388 -0.61733055 0 -0.78609657 0.61809456 -0.00332567 -0.78604835 -0.00020668 0.61816496 -0.7854557 -0.58217376 -0.21007848 -0.78435701 0.32779941 -0.52662289 -0.78353733 0.55281425 0.28366473 -0.78335094 -0.07268978 0.61731458 -0.78323388 0.62172711 0 -0.78310925 0.54874629 0.29260445 -0.78221285 0.58662927 -0.20978358 -0.78183669 -0.62210953 -0.04136632 -0.78108686 -0.62428081 -0.01330172 -0.78084308 0.62416631 -0.02646774 -0.78046882 -0.62386709 0.04072378 -0.77971494 -0.62613469 0 -0.77959114 0.09666575 0.61878389 -0.77850735 -0.62637216 0.0398015 -0.77812791 0.62722147 -0.03331769 -0.77701724 -0.62909651 -0.02194768 -0.77546197 -0.20789844 -0.59618545 -0.77540827 0.25026911 0.57974762 -0.77501643 0.63194102 0 -0.77459419 -0.14747672 -0.61502403 -0.77341056 0.00032908 -0.63390529 -0.7732361 -0.63402712 0.0107524 -0.77291167 -0.63397616 0.02611364 -0.77240455 -0.63468283 -0.02385236 -0.77239847 -0.63458633 0.02647642 -0.77228922 -7.673e-05 0.63527113 -0.769705 -0.05803161 0.63575667 -0.76961142 0.63792145 -0.02746478 -0.76737946 0.64105296 0.01340767 -0.76701212 -0.64154983 -0.01030687 -0.76617783 -0.64262199 -0.00290322 -0.76614422 0.64256316 -0.011648 -0.76611102 -0.64259648 -0.01199014 -0.76574433 0.1975016 0.61206919 -0.76566494 -0.57079285 0.29656824 -0.76533258 -0.61015713 0.20487621 -0.76425308 0.28512546 -0.57846415 -0.76391411 -0.6453132 0.0024539 -0.7631411 0.21692249 0.60873652 -0.76281476 0.64661717 6.847e-05 -0.76268929 -0.03855361 0.64561498 -0.76191622 0.64751154 -0.01457819 -0.76143616 0.64818996 0.00804314 -0.76137215 0.08369653 0.6428898 -0.76113087 0.08357057 0.64319187 -0.76059544 0.10300081 0.64100355 -0.7581833 0.57042056 0.31587753 -0.75739962 -0.65290445 -0.00785285 -0.75688016 -0.30853304 0.57614219 -0.75659567 0.00011895 0.65388298 -0.75601465 -0.65448463 0.00958011 -0.75333291 0.65760827 -0.00639813 -0.75311571 0.08485696 -0.65239251 -0.75248188 -0.65842164 -0.01587339 -0.75246835 -0.21794809 0.62152237 -0.75245965 -0.21794556 0.62153363 -0.75240076 0.65870559 0 -0.75166351 -0.07133727 0.65567744 -0.75150955 0.65972215 0 -0.74724001 0.40555191 -0.52645981 -0.74512506 -0.66655648 -0.02216137 -0.7446233 0.38987914 0.54178441 -0.74406165 0.60073549 0.29238504 -0.74355137 0.00027816 -0.66867858 -0.74304986 -0.50686055 0.4370003 -0.74255902 -0.63950229 -0.19910547 -0.74117494 -0.60927767 -0.28185174 -0.73972511 0.64316756 0.19784419 -0.73922241 0.40243521 0.5399965 -0.73835963 -0.67440724 0 -0.73717421 0.64624685 -0.19733021 -0.73557466 0.67744368 8.083e-05 -0.7331391 0.65106589 -0.19652049 -0.73283112 0.65143836 -0.19643477 -0.73246771 -0.67744058 0.06756738 -0.73225403 0.000538 -0.68103141 -0.73034984 -0.66947132 -0.13563649 -0.729406 -0.00033686 0.6840809 -0.72938627 0.09831137 0.67700106 -0.72923321 -0.15244116 -0.66706866 -0.72790956 0.12179563 -0.67476922 -0.72790444 0.12185285 -0.67476445 -0.72555953 -0.63997573 -0.25297105 -0.72536749 -0.11934783 0.67793667 -0.72466069 -0.68899071 -0.01259257 -0.72368735 0.16695283 0.66962934 -0.72151929 -0.03097122 0.69170129 -0.7214604 0.21370493 -0.65865386 -0.72105688 0.52342987 -0.45398027 -0.72063935 0.62973905 0.29001331 -0.72021186 -0.15589172 0.67601234 -0.71985412 0.0838794 0.68903863 -0.71806771 -0.69597328 0 -0.71661586 0.17073692 0.67624736 -0.7165519 0.11624891 0.68777877 -0.71580899 0.69803953 0.01892599 -0.71546835 0.1379353 0.68489331 -0.71511436 0.69543368 0.07059341 -0.71095324 -0.02034085 0.70294517 -0.71095312 0.0203437 0.70294511 -0.71036232 -0.6414212 0.28976595 -0.71014357 0.70274073 0.0430316 -0.70938098 0.5102613 -0.48622224 -0.70902461 -0.64312047 -0.28927529 -0.70894879 -0.67918438 0.1900005 -0.70880955 -0.14617568 0.69008827 -0.70727533 -0.70693821 0 -0.70727533 -0.70693815 0 -0.70727533 0.70693821 0 -0.70727533 0.70693827 0 -0.70719111 -0.70702255 0 -0.70719111 -0.70702249 0 -0.70710683 0.70710683 0 -0.70710677 0.70710677 0 -0.70539975 0.090523 0.70300567 -0.70471811 0.11082431 -0.70077842 -0.70341724 -0.14421491 0.69599301 -0.70283169 0.05035644 -0.70957142 -0.70250165 0.09583377 0.7052002 -0.70234019 0.13605078 -0.6987192 -0.70196831 0.02161289 0.71188021 -0.69983375 0.71199274 0.0574375 -0.69968116 0.66631925 -0.25780821 -0.69886291 -0.71525484 -0.00110585 -0.6982348 -0.48792976 0.52382505 -0.69755918 0.67365789 -0.24412377 -0.69717622 0.10097022 0.70975375 -0.69645077 0.12668008 0.70633453 -0.69620514 0.09212611 0.71190667 -0.69580412 -0.66114008 -0.28062481 -0.69569701 0.10272532 0.7109524 -0.69381452 -0.10409047 0.71259153 -0.69322914 0.09744238 0.71409965 -0.69233423 0.11514419 0.71233076 -0.69230169 -0.72120351 0.02416546 -0.69055039 -0.26694077 0.67222226 -0.68981338 0.16198085 0.70563436 -0.6895346 0.31609866 0.65163147 -0.68897378 0.07901049 0.72046679 -0.68802392 0.52034181 0.50583339 -0.68740731 -0.72594005 0.02196135 -0.6857003 -0.16352449 0.70927757 -0.68568909 -0.27951285 0.67208856 -0.68562657 -0.04364686 0.72664374 -0.68531233 0.06535202 0.7253111 -0.68528533 0.72202331 0.09521716 -0.68465334 -0.7054438 0.18329987 -0.68422127 0.70582777 0.18343514 -0.68308026 -0.72848243 -0.05210314 -0.68171787 0.03037541 0.73098427 -0.67965007 0.65471786 -0.33078745 -0.67918563 -0.73394263 -0.00593099 -0.67844379 0.68270993 0.27133217 -0.67838019 -0.1658681 0.71574306 -0.67762512 0.06828251 0.7322306 -0.67730945 -0.73569822 0 -0.67689538 0.73604757 0.006821 -0.67527026 -0.26126531 -0.68974668 -0.67522997 -0.73757076 0.00732657 -0.67299265 0.0586102 0.73732334 -0.66892534 -0.26958627 0.69272083 -0.66873372 0.74349296 -0.00366166 -0.66838253 0.17217788 -0.72361553 -0.66815114 -0.72228569 -0.17854257 -0.66798514 0.60322011 -0.43579966 -0.6674695 0.744573 -0.00977131 -0.66486901 -0.38910392 0.63761061 -0.66450322 -0.74707061 0.01791709 -0.66437095 -0.38881245 0.63830733 -0.66436386 0.74740928 0 -0.6643638 0.74740928 0 -0.66339123 -0.08472262 -0.74346095 -0.66217226 -0.06511274 -0.74651736 -0.66205806 -0.0651693 -0.7466138 -0.66064012 -0.0240255 -0.75031823 -0.66057551 -0.09224049 0.74507171 -0.66047591 -0.74858272 -0.05827074 -0.65971828 0.31749547 0.68115216 -0.65965062 -0.44535962 0.60540563 -0.65714979 -0.58052403 -0.48077655 -0.65561682 0.26970944 0.70528251 -0.65516472 0.26960912 0.70574081 -0.65512317 -0.48871922 0.57616591 -0.65443206 -0.05441722 -0.75416011 -0.65428257 -0.05442129 -0.75428945 -0.6539771 0.73599923 0.17498286 -0.65387422 0.26997048 0.70679879 -0.65254879 -0.75768143 0.00994156 -0.65222108 -0.07826968 -0.75397706 -0.65112543 0.18695633 0.73558354 -0.65110642 -0.73495036 0.18949491 -0.65079147 -0.75925666 0 -0.64932585 0.00493041 0.76049429 -0.64867097 -0.01833325 0.76084805 -0.64752442 -0.04910994 -0.76046062 -0.64683414 0.76213688 -0.02744172 -0.64668834 -0.05725942 -0.76060218 -0.64621425 0.1698454 0.74401599 -0.64621055 0.76315528 0.00243147 -0.64581138 0.76337951 0.01339468 -0.64361501 0.76534939 -0.0002903 -0.64259845 0.76620311 0 -0.64255452 -0.76615071 -0.01169609 -0.64224297 -0.7657792 0.03325981 -0.642066 -0.00045175 -0.76664919 -0.64180195 -0.76480258 -0.0562777 -0.64146566 0.13810325 -0.75461864 -0.641164 -0.13822241 0.75485325 -0.64081556 -0.35060269 0.68295914 -0.63924825 0.05795959 0.7668131 -0.63889527 -0.76929235 -0.00148634 -0.63797528 0.54546148 -0.54356158 -0.63661844 0.7709167 -0.02011126 -0.6351099 -0.32099032 0.70256722 -0.63466418 -0.15922229 0.75620747 -0.63216376 -0.77284217 -0.05553279 -0.63196683 -0.1715862 0.75576192 -0.63072282 0.03729244 0.77511162 -0.63071293 -0.03728922 0.77511984 -0.63019031 0.77634931 -0.01190967 -0.62980694 -0.00023791 -0.77675164 -0.62949175 0.7770071 9.271e-05 -0.62898314 0.29569864 0.71898705 -0.62895721 0.77578139 -0.05075651 -0.62824458 -0.77801585 -0.00041005 -0.6275425 0.06204798 0.77610606 -0.6272676 -0.30345285 0.71725291 -0.62716812 -0.77888387 0 -0.62691146 -0.72692871 0.28027976 -0.62668121 0.72708106 -0.28039938 -0.62518632 -0.36389259 -0.69045216 -0.62464881 -0.77392912 -0.10415142 -0.6242463 -0.78122759 -0.00013301 -0.62412363 0.78132522 0.0006464 -0.62228215 -0.06009083 0.78048319 -0.62219894 0.78210741 -0.03430145 -0.62185985 0.78312862 0 -0.62124145 -0.34805962 0.70207804 -0.62110883 -0.36332333 -0.69442052 -0.61904901 -0.62276959 -0.47847289 -0.61900079 0.62272108 0.47859836 -0.61886972 0.62276125 0.47871578 -0.61861634 -0.62267762 -0.4791517 -0.61861634 0.62267762 0.4791517 -0.61861217 0.62267333 0.47916275 -0.61860794 0.6226691 0.47917372 -0.61860657 -0.62267315 -0.47917017 -0.61825997 -0.73463702 -0.27939776 -0.61620814 0.61991173 0.48579529 -0.61556327 -0.36597368 0.69795787 -0.61529011 -0.00010015 0.78830081 -0.61494964 -0.77114075 0.16486035 -0.61481488 -0.31145272 0.72456878 -0.61440188 -0.36026981 0.70193732 -0.61385506 0.73858547 -0.2786997 -0.61377782 0.0053999 0.7894603 -0.61321592 -0.29866081 0.73127824 -0.61246926 -0.77324873 0.16421865 -0.61229026 0.73994631 0.27853194 -0.61012053 0.74184036 0.27825475 -0.61000115 0.77530307 -0.16371833 -0.60983986 0.37152112 0.70004827 -0.60943532 -0.35679349 0.7080161 -0.60905677 -0.79294443 -0.01700189 -0.60887247 -0.793055 0.01838876 -0.60745013 -0.79435784 0 -0.60725361 -0.41641822 0.67663801 -0.60667324 -0.39741462 0.68848324 -0.60581535 0.36797985 0.70539254 -0.60444909 -0.36979282 0.70561641 -0.60442013 -0.35602447 0.71268702 -0.60357928 0.79355597 0.07720705 -0.60312492 -0.36056748 0.71149939 -0.60312331 -0.38296777 0.69969851 -0.60299945 -0.34300694 0.72023457 -0.60203874 0.03735225 0.79759276 -0.60168254 0.79838401 0.02368573 -0.60090739 0.60485232 0.52255535 -0.60060346 -0.38703474 0.69962817 -0.60049218 0.1854908 -0.77781892 -0.59958434 0.71694887 -0.3556442 -0.59717077 -0.80211043 -0.00241464 -0.59703153 -0.09337905 0.79676455 -0.59700543 0.80212706 0.0132937 -0.59556311 0.80329478 0.00470167 -0.59512699 -0.77682596 0.20582823 -0.59371489 0.42347172 -0.68423277 -0.59313214 9.435e-05 0.80510521 -0.59290981 -0.29830599 -0.74797833 -0.59233332 -0.14096527 -0.79326546 -0.59148514 -0.13251697 -0.7953518 -0.58844244 0.02103649 -0.80826545 -0.58833748 0.24461628 0.77072817 -0.58432114 -0.39330679 0.70984399 -0.58212662 -0.65708792 0.47891977 -0.57996595 0.81464058 -0.00042856 -0.57678574 0.39767003 -0.71356624 -0.57656258 0.81589925 -0.04340338 -0.5762248 0.51200593 0.63703603 -0.57581204 -0.35633177 -0.73584521 -0.57464921 -0.00032996 -0.81839973 -0.57394511 0.81759608 -0.04608356 -0.57329226 0.81467342 0.08742557 -0.57134056 0.60199422 0.55782866 -0.56981981 0.8073948 0.15303263 -0.56960547 -0.23385552 0.78794742 -0.56914586 0.07251484 -0.81903261 -0.56807911 0.0615309 0.82067055 -0.56772298 0.78127801 0.25941345 -0.56705141 0.82368034 -0.0018565 -0.56698608 0.7816875 0.2597912 -0.56590354 0.00015453 -0.82447153 -0.56555784 0.02596453 0.82429981 -0.56506336 -0.18084003 -0.80498469 -0.56236237 0.00015071 -0.82689095 -0.56055677 0.17564143 0.80927509 -0.56029946 0.42855522 0.7088052 -0.5600214 0.82839966 -0.01140415 -0.55952877 -0.82867557 -0.01497501 -0.55917865 0.38699669 0.73317993 -0.55899012 0.00021062 0.82917434 -0.55816567 0.13114496 0.8192997 -0.55794865 -0.67829335 0.47813338 -0.55630171 0.61227918 0.56182081 -0.55625278 -0.2076524 0.80465108 -0.55469221 -0.23368526 0.79856598 -0.55383623 -0.2420563 0.79666436 -0.55159217 0.81233418 0.18936558 -0.55138111 0.83242023 -0.05527673 -0.55131978 -0.83021873 0.08236083 -0.54603183 0.83367354 -0.0826895 -0.54559946 0.83790225 0.01552763 -0.54333198 0.83951694 0.00134966 -0.54286987 -0.12457741 0.83052558 -0.54133958 -0.84080404 0 -0.54075944 -0.03848162 -0.84029657 -0.54062688 0.84107959 0.01754121 -0.53997356 -0.79780716 0.26820171 -0.53959113 0.21638204 -0.81364626 -0.53656632 -0.23200355 0.81133896 -0.53543699 -0.61564672 -0.57817501 -0.53517568 -9.939e-05 0.84474087 -0.53455186 0.35633019 0.76634395 -0.53213549 0.84665012 -0.00390454 -0.53071213 0.81129593 -0.24524176 -0.52933025 -0.33258325 0.78051126 -0.52755105 0.82271391 0.21173528 -0.52728492 0.84955925 0.0148244 -0.52456486 0.84541517 -0.10052274 -0.52439064 0.85145813 -0.00577315 -0.5228917 -0.06589203 -0.84984851 -0.52230692 0.34818396 0.77843648 -0.52079946 0 0.85367912 -0.51972264 -0.85253423 0.0554405 -0.51928377 -0.84319353 -0.13917257 -0.51891196 0.84912866 0.09854294 -0.51755202 0.11033816 -0.84850782 -0.51690185 -0.85331094 0.06835887 -0.51677185 0.84489632 -0.13819249 -0.51575029 -0.66212362 -0.5436855 -0.51554906 -0.00050565 -0.85685992 -0.51534736 -0.12398319 0.84796536 -0.51415849 -0.83705217 -0.18704176 -0.5129382 -0.8583678 0.00995574 -0.51192278 0.8590315 -5.566e-05 -0.51143408 -0.85709447 0.06184021 -0.51124698 -0.06698847 0.85681915 -0.51020443 8.483e-05 0.86005318 -0.50994104 0.36988634 -0.77662361 -0.50892395 0.86081147 1.783e-05 -0.50839716 0.55050147 -0.66217864 -0.50781864 -0.8506639 -0.13598214 -0.50719029 0.86138493 0.02782148 -0.50654763 0.86172581 -0.02894873 -0.50591385 0.24300297 -0.82764775 -0.50517899 -0.68067074 -0.53054845 -0.50513202 0.86293387 0.01366309 -0.5050652 -0.8630448 0.00793839 -0.5029043 0.8624115 -0.05773856 -0.50257307 -0.86453474 0 -0.50252223 -0.86403668 0.03020013 -0.50226331 -0.86412221 0.03200652 -0.50060481 -0.00120277 0.86567509 -0.50054449 0.00108185 0.86571002 -0.50050563 -0.00101286 0.86573273 -0.50047266 0.00093011 0.86575186 -0.50025529 -0.00095703 -0.86587745 -0.50007445 0.05795401 0.86404109 -0.50007397 0.86598271 0 -0.50004584 -0.8659972 0.00172712 -0.50001925 -0.86601424 0 -0.49999195 0.8660301 0 -0.49996904 0.00026462 -0.86604321 -0.49986377 0.86564618 0.02815834 -0.49981695 -0.86573356 0.02623848 -0.49979371 0.00035918 -0.86614436 -0.49975538 -4.55e-05 -0.86616665 -0.49931899 -0.08979061 -0.86175299 -0.49870917 -0.00158687 -0.86676788 -0.49759391 0.07355628 -0.86428565 -0.49734229 0.86255741 0.09298075 -0.49727347 0.43038934 0.75331539 -0.49713555 -0.86767203 -0.00123215 -0.496905 0.49113277 -0.71545368 -0.49650151 0.76966542 -0.4013744 -0.49570549 0.3670207 0.78712881 -0.49565494 0.86650628 0.05910194 -0.49514368 -0.25715855 -0.82988095 -0.49287933 0.86808634 0.05912756 -0.49069238 -0.7976169 -0.35075402 -0.48976126 0.86169273 -0.13273847 -0.48935136 0.30231172 -0.81801158 -0.48895454 0.8712765 0.0424345 -0.48894176 0.87231654 0 -0.4889417 0.87231648 0 -0.48842704 0.87260455 -0.00057212 -0.48829749 0.42211962 0.76379353 -0.48768809 -0.0675937 -0.87039721 -0.48672882 -0.25657833 -0.83502251 -0.48644117 -3.393e-05 0.87371331 -0.48450848 0.3317275 -0.80944937 -0.48395529 0.00789519 0.87505716 -0.48317677 0.10189061 -0.86957371 -0.48224235 -0.86637741 -0.12973972 -0.48036072 -0.69007474 -0.54134142 -0.47980338 0.87435681 0.07272498 -0.47833705 0.87815022 0.00677931 -0.4772296 -0.87653702 0.06272832 -0.47597346 0.3265205 0.81659889 -0.4738498 -0.0380381 0.87978369 -0.4734664 0.52386445 -0.70809293 -0.4716498 -0.79350215 -0.38457882 -0.47043785 -0.63641357 -0.61128235 -0.46817479 0.63790381 -0.61146641 -0.46804199 0.88351941 0.01816468 -0.46610606 -0.0308401 0.88419116 -0.46607739 0.05016549 0.88332063 -0.46531048 -0.04593287 -0.88395494 -0.465305 0.41796279 0.78025532 -0.46486965 -0.13335022 0.87527943 -0.4642067 -0.69744283 0.54597229 -0.46183115 0.1797175 -0.86856985 -0.46163419 -0.79193771 -0.39966065 -0.4568654 0.55942273 0.691607 -0.45684668 0.59363884 -0.66248327 -0.45500565 0.16545899 -0.87498176 -0.45440641 0.24559134 0.85627085 -0.45300254 -0.73116225 0.51008856 -0.45293081 0.88827449 -0.07630263 -0.45209509 0.38753542 -0.80338424 -0.451906 0.63128376 -0.63028717 -0.4517538 -0.89214265 0 -0.45175377 -0.89214265 0 -0.4491902 -0.70094889 -0.55398458 -0.44825932 0.40172115 0.79855096 -0.44799685 -0.6267103 0.63759947 -0.44721359 -0.89442718 0 -0.44682199 -0.08115929 0.89093399 -0.44550207 -0.72416037 0.52642149 -0.44338912 -0.24175072 0.86311221 -0.44289103 0.71954042 -0.53489184 -0.44276884 -0.71971756 0.53475451 -0.44253927 0.88819045 0.12359905 -0.44232696 0.57419938 0.68894267 -0.44175717 -0.08207893 -0.89337206 -0.44133499 0.04295632 -0.89631361 -0.44116917 -0.00058882 0.8974238 -0.44047058 -0.89776701 -0.00027988 -0.4402073 -0.8124302 -0.38232788 -0.43951139 0.88769549 0.13720949 -0.4392001 0.89765435 -0.03632962 -0.43842208 0.10253225 -0.89290154 -0.43650281 0.57936931 -0.68832874 -0.43527582 -0.88526839 -0.16381352 -0.43523771 -0.00024913 0.90031552 -0.43446153 -0.14775805 0.88848788 -0.43397459 0.41707182 0.79857194 -0.43307421 -0.86599141 -0.25001094 -0.43303335 0.86601138 0.25001264 -0.43303284 0.86601293 -0.25000811 -0.43302196 0.86601931 0.25000498 -0.43301749 -0.86602199 0.25000364 -0.43301624 0.86602187 -0.25000614 -0.43301243 -0.86602461 -0.2500034 -0.43301153 -0.8660261 0.24999964 -0.43283466 0.86860728 0.24119602 -0.43273795 0.04430818 -0.90043026 -0.43232948 -0.90171576 0 -0.43144622 -0.04301061 -0.90111279 -0.43040159 0.04357445 0.90158516 -0.43010569 -0.18321772 -0.88399106 -0.42902005 0.3929235 0.81335908 -0.42764103 -0.37465045 0.82265437 -0.42579684 0.89762771 0.11384854 -0.4254849 0.69140303 0.58388752 -0.4251866 -0.47243485 0.77202445 -0.42512003 0.86900735 -0.25317845 -0.42446792 -0.55012804 -0.71915644 -0.42389679 -0.37950537 0.82236671 -0.42358759 0.06751081 -0.90333593 -0.42335832 0.14549765 0.89420259 -0.42113027 -0.47311288 -0.77383041 -0.42037898 -0.68270218 0.5976615 -0.41681331 0.0347833 -0.90832633 -0.41606876 0.31364581 0.85352981 -0.415649 0.17419168 0.89268875 -0.41436651 0.08148631 0.9064548 -0.41393211 0.57399225 0.70653611 -0.41360581 0.49581751 -0.76360679 -0.41349417 -0.23515896 -0.87961513 -0.40877429 -0.73589528 -0.53977931 -0.40856758 0.01320162 0.91263258 -0.40765026 0.67689908 -0.61288577 -0.40651146 0.54005808 0.73694342 -0.40577504 0.37320891 -0.83430308 -0.40487733 0.91391087 -0.02900469 -0.40351236 -0.90857434 0.10803036 -0.4027383 0.12750693 -0.90639049 -0.40211448 -0.04717959 -0.91437298 -0.4017742 0.54674757 0.73460507 -0.40118042 0.62017781 0.67411703 -0.4005726 -0.68809122 -0.60503894 -0.40056822 -0.68808371 -0.60505033 -0.39768848 -0.10607438 0.91136819 -0.39731428 -0.68213236 0.61387032 -0.39513355 -0.91840351 0.02010878 -0.39304984 0.03720731 -0.91876405 -0.39190841 0.25276217 -0.88460112 -0.39051548 -0.91463131 0.10462934 -0.38961136 -0.4623642 -0.7965064 -0.38870454 -0.13262816 -0.91176671 -0.38824472 0.08346859 -0.91776854 -0.38797671 0.07689728 0.91845572 -0.3879315 0.85085607 0.35433486 -0.38767967 0.63547856 -0.66773605 -0.38720497 0.62903464 -0.67408282 -0.38668543 0.18058959 -0.90435708 -0.38651475 0.08018001 -0.91879129 -0.38642302 -0.08068576 -0.91878557 -0.38626775 -0.08150253 -0.9187789 -0.38621077 0.0820673 -0.91875249 -0.38614109 0.04760859 0.92121035 -0.38572779 0.7433027 -0.54654837 -0.38563541 -0.12518047 0.91411996 -0.38457978 0.68370497 -0.62019825 -0.38340765 0.47538421 0.79183865 -0.38335356 -0.42026025 -0.82244843 -0.38162887 0.80886096 -0.44732919 -0.3801457 0.01428747 0.92481619 -0.37968016 -0.92509294 -0.00678748 -0.37957892 0.9251498 -0.00419496 -0.37951121 0.83483797 0.3987692 -0.3778545 -0.05304299 0.9243443 -0.37772074 -0.8988834 -0.2221162 -0.37709367 0.71724415 -0.58597034 -0.37681115 -0.92615163 -0.0160173 -0.37661874 -0.15194094 -0.91382295 -0.37616652 -0.28531438 0.88152951 -0.37615561 -0.13278085 0.91699308 -0.37532654 -0.10874494 0.9204914 -0.37300435 0.05767698 0.92603517 -0.37240967 0.92806852 0 -0.37240961 0.9280684 0 -0.37237921 -0.81824797 -0.43795434 -0.36937797 -0.68537927 0.62754703 -0.36868936 0.72849023 0.57738209 -0.36848691 -0.92963296 -0.00023259 -0.36834517 0.00139208 -0.92968804 -0.36800247 0.91581446 -0.16080388 -0.3662506 0.30575132 0.87884957 -0.36456922 0.93054348 -0.03432367 -0.36394694 -0.90738469 0.21022746 -0.36356601 0.1059628 -0.92552239 -0.3630532 -8.136e-05 0.93176836 -0.36214885 0.03069705 0.9316147 -0.36063424 0.92891198 -0.08405647 -0.36051279 -0.93275023 -0.00273408 -0.35978308 0.65513355 -0.66434634 -0.35972008 0.92803508 -0.09670843 -0.35971722 0.92809141 -0.09617683 -0.35945681 -0.0989137 -0.92790461 -0.35914847 -0.8476162 -0.39058822 -0.3589977 -0.93333763 -0.00124766 -0.35856411 0.93319994 0.02386522 -0.35811076 -0.56665313 0.74206525 -0.35791853 -0.93375283 0 -0.35772929 -0.09208622 0.92927384 -0.35745165 -0.93388397 0.00944241 -0.35620105 -0.02728059 0.9340111 -0.35552493 0.00193475 -0.93466479 -0.35407692 0.58748728 0.72765934 -0.35321489 0.74861723 -0.56108063 -0.35314029 -0.09472063 -0.93076307 -0.35232383 -0.00058135 0.93587798 -0.35226199 0.00246004 0.93589818 -0.3515394 0.11151704 0.92950737 -0.35126951 -0.3822141 0.85470593 -0.3511273 0.90387809 0.24436423 -0.35096827 0.83238626 -0.42889899 -0.35011292 0.44246522 -0.82561815 -0.34936899 0.9369176 -0.01124806 -0.34904304 -0.13293254 0.92763025 -0.34896579 0.93703204 0.01392633 -0.34862289 0 0.93726313 -0.34848568 -0.07276932 0.9344852 -0.34746605 0.81251395 0.46806884 -0.34681147 -0.93712634 -0.03893589 -0.34576684 -0.62744772 -0.69767809 -0.34480879 0.04527108 0.93758065 -0.34444824 0.51849562 0.78263509 -0.34444648 0.04715088 0.93762112 -0.34360567 -0.93878627 -0.02480515 -0.34352729 0.63550681 -0.69146222 -0.34222347 0.93961859 0 -0.34222344 0.93961853 0 -0.34221128 -0.93961245 -0.00447078 -0.34214845 -0.93961304 -0.00785753 -0.34211805 0.93965703 0 -0.34171289 -0.03620659 0.9391067 -0.34153777 -0.93986744 -0.00102567 -0.34124115 -0.55122823 -0.76138163 -0.34093192 -0.37344831 0.86272925 -0.34007275 -0.94039917 0 -0.34000754 0.03986796 0.93957728 -0.34000263 0.05658762 -0.93872041 -0.33863488 0.04309598 -0.93993044 -0.33816963 0.46768695 0.8166458 -0.3378399 0.94120365 -3.015e-05 -0.33750823 -0.38142911 0.86058122 -0.33662575 -0.0930006 0.93703473 -0.33653024 0.10142636 -0.93619442 -0.3351959 0.54323876 -0.76976323 -0.33431348 -0.93703395 0.10100371 -0.33429676 0.65666211 0.67604786 -0.3328599 -0.04183276 -0.94204783 -0.33271575 -0.05037046 0.94168103 -0.33200336 -0.32482529 0.88558584 -0.33194342 0.03120094 0.94278318 -0.33171672 0.94337887 -0.00054461 -0.33143204 0.94347906 -0.00015774 -0.33050963 0.9436394 -0.01754957 -0.33034754 0.15758449 -0.93061149 -0.33014119 -0.77841824 -0.53392124 -0.32796663 0.02139792 0.94444692 -0.32776478 -0.62125707 -0.71176523 -0.32658964 0.87444949 0.35871607 -0.32620025 0.11395857 0.93840653 -0.32540008 0.50040185 -0.8023172 -0.32488638 0.6561836 0.68108135 -0.32454216 -0.08390167 -0.94214272 -0.32364166 0.9453761 0.03898866 -0.3224842 -0.83622193 0.44355017 -0.32178184 -0.94681364 0.00042354 -0.32134572 0.31598169 0.89268833 -0.32117411 0.93181872 -0.16899993 -0.32071593 -0.94267702 0.09220289 -0.32046598 0.5671227 -0.75873148 -0.31993979 0.94740927 0.0073505 -0.31911543 -0.94552726 0.06437017 -0.31815982 0.50476676 -0.80248672 -0.31807944 0.63934988 0.70004082 -0.31786111 0.26841468 0.90935016 -0.31738836 0.6326462 0.70641595 -0.31684586 0 0.94847709 -0.31648448 -0.37310234 -0.87214237 -0.31623131 -0.54251015 0.77825487 -0.31581402 9.8e-07 -0.94882119 -0.31560522 -0.92038095 -0.23085113 -0.31529114 -0.94477177 -0.08942981 -0.31495288 0.25473341 0.91428423 -0.31491777 0.03599488 0.9484362 -0.314513 0.23286374 0.92024779 -0.31440604 -0.18783122 0.93052047 -0.31388971 0.56593907 0.7623558 -0.31309643 -0.93237686 0.18067649 -0.31228071 0.93273824 0.18022251 -0.31163213 0.9479056 -0.06603297 -0.31140882 -0.03781531 -0.94952333 -0.31035 0.82961899 0.4641284 -0.30986744 -0.0004562 0.95077962 -0.30857396 -0.95120037 0 -0.3085739 -0.95120037 0 -0.30770215 -0.63125223 -0.71192694 -0.30705419 0.83191627 -0.46220455 -0.30688563 0.80992115 0.4998489 -0.3068516 -0.21496871 -0.92716259 -0.30674845 -0.57692581 -0.75700855 -0.30500358 0.03404341 0.95174247 -0.3042205 -0.2075253 0.92972213 -0.30349457 0.06347897 0.95071632 -0.3033776 0.03566998 -0.9522025 -0.30247563 0.43719324 -0.84697723 -0.30222675 0.80790412 0.50591499 -0.30146936 0.02812596 0.95306098 -0.30142909 9.753e-05 0.95348865 -0.30130485 -0.82509756 0.47794294 -0.30119228 0.39932701 0.86592221 -0.29868916 0.90405113 0.30573902 -0.29860479 -0.03364165 0.95378369 -0.29799357 -0.06892672 -0.95207608 -0.29753384 -0.25457257 0.9201448 -0.29722252 0.0297873 0.95434344 -0.29718035 -0.17290647 0.93903524 -0.29621291 0.95180452 -0.07953588 -0.29465845 0.36200368 0.88438094 -0.29450616 -0.93947464 -0.17508177 -0.29438892 -0.35760248 0.88625938 -0.29364154 0.23250656 0.92720836 -0.29306003 0.14223097 -0.94545555 -0.29294023 0.8930999 0.34140679 -0.29235083 -0.26428777 -0.91906637 -0.29152578 -0.25007591 0.92329562 -0.29065195 0.85102594 0.43735152 -0.28912538 -0.93715829 0.19529633 -0.28770164 0.84825432 -0.444626 -0.28691214 0.20196679 0.93642449 -0.28680477 0.28266302 0.91533858 -0.28664383 0.64703137 -0.70653081 -0.28651258 -0.31107616 -0.906169 -0.28633091 0.95677537 0.05094657 -0.28591391 -0.235462 -0.9288761 -0.28580102 -0.18345736 0.94056433 -0.28527042 -0.80163097 0.52536523 -0.28516662 0.16361482 0.94440997 -0.28509822 -0.06879686 -0.95602614 -0.28469485 0.12043704 0.95102251 -0.28452072 0.15557402 0.94596225 -0.28435764 0.3240459 0.90229434 -0.28432924 -0.95062512 0.12437292 -0.28417921 0.95140117 -0.11865065 -0.28408083 -0.00021617 -0.95880032 -0.28396323 0.00299776 0.95883048 -0.28382841 0.1456317 -0.9477514 -0.28187346 0.69144005 -0.66517508 -0.28145224 0.70658928 0.64924282 -0.28135598 -0.78169721 0.55658627 -0.2803154 -0.95695162 0.07527844 -0.28026462 0.1318128 -0.95082974 -0.27931729 0.29047987 -0.91520667 -0.27910063 0.00771382 -0.96023089 -0.27896771 -0.96016568 0.01608459 -0.27886257 0.16954105 0.94524676 -0.27857327 0.10080015 -0.95511055 -0.27812782 0.00253211 0.96054071 -0.27766877 0.17422734 0.94474596 -0.27756763 0.17665602 -0.94432449 -0.276732 0.85439605 0.439803 -0.27666423 0.19058199 0.94187862 -0.27596128 0.70153069 0.65703881 -0.27560923 0.1139741 -0.95448911 -0.27548149 0.09672996 -0.95642734 -0.27527174 0.95854092 0.0736523 -0.27472112 -0.96152389 0 -0.27456588 0.78499347 0.55533671 -0.27419835 -0.10513477 -0.95590889 -0.27415165 -0.86142278 -0.42754143 -0.27347726 -0.64014989 0.71792632 -0.27342793 -0.01543928 0.96176863 -0.27333543 0.15558907 -0.94925225 -0.27304742 -0.00131727 0.96199965 -0.27296075 0.11589317 -0.95501894 -0.27274698 0.43370613 -0.85878295 -0.27208912 -0.95953506 -0.07252587 -0.27181903 0.92536485 -0.26422399 -0.27177271 -0.00463869 -0.96235031 -0.27140087 0.05905026 0.96065331 -0.27126488 -0.14425163 0.95163381 -0.27015832 -0.75910455 -0.59226233 -0.27009183 -0.3535974 -0.89555526 -0.27002141 0.37085861 0.88856763 -0.26947901 -0.61831337 -0.73828828 -0.26833636 -0.0596935 -0.96147406 -0.2682327 -0.35717687 -0.8946932 -0.26797828 0.23202606 0.93506765 -0.26776737 -0.01746746 -0.96332514 -0.26768586 0.96081638 0.07194565 -0.26725695 0.46193287 -0.84569019 -0.26531243 0.47511747 0.83897126 -0.26526716 0.04404122 0.96316856 -0.26488915 0.13355561 -0.95498514 -0.26461631 0.30113149 0.91613215 -0.26461446 -0.76155829 -0.59161472 -0.26371491 -0.53648496 0.80164725 -0.26330408 -0.36158451 0.89438665 -0.26324987 -0.17043237 -0.94955379 -0.26274851 0.04095769 -0.96399468 -0.26253298 0.26454183 0.92795151 -0.26194432 -0.96469933 -0.02721376 -0.26145464 0.23205185 0.93690634 -0.26125529 -0.5341568 0.80400383 -0.2610172 -8.44e-06 0.96533424 -0.26070696 -0.00012928 -0.96541798 -0.26059589 -0.4543362 -0.85186177 -0.26053345 -0.00014566 -0.96546483 -0.26043802 -0.0001346 0.96549052 -0.26040041 0.34527788 0.90165108 -0.26029503 0.3098028 -0.91447741 -0.26022378 0.00115365 0.96554762 -0.26022008 0.00064277 -0.96554905 -0.26016614 0.00052605 -0.96556377 -0.2599003 -0.00105329 0.96563494 -0.25986221 0.23187935 0.93739188 -0.25971431 3.77e-06 0.96568549 -0.25949055 -0.00043443 0.96574551 -0.25942221 -4.633e-05 -0.96576405 -0.25937474 -5.281e-05 -0.9657768 -0.25933629 3.231e-05 0.96578705 -0.25931868 -3.38e-06 -0.96579176 -0.25931734 -0.00017006 0.96579212 -0.25926641 0.00018988 -0.96580589 -0.25924364 0 0.96581197 -0.25924158 -1.518e-05 -0.96581244 -0.25919336 0.28328979 -0.92334491 -0.25918481 -4.91e-06 0.9658277 -0.25915742 1.69e-06 0.96583515 -0.25914237 1.19e-06 -0.96583909 -0.25914118 2.829e-05 0.96583945 -0.2591022 -2.761e-05 0.96584994 -0.25908989 -9.2e-06 -0.96585321 -0.25908175 0 0.96585542 -0.25906205 0 0.96586061 -0.25906017 0.00012802 -0.9658612 -0.25905278 0.00032017 0.96586311 -0.2590481 -3.18e-06 -0.96586436 -0.25903425 -1.75e-06 0.96586812 -0.25903425 5.84e-06 0.96586812 -0.25902972 3.455e-05 -0.96586937 -0.25902316 1.075e-05 0.96587116 -0.25902307 0.00033723 0.96587104 -0.25902036 0 0.96587187 -0.25902024 0 0.96587181 -0.25901413 -0.00025398 -0.96587348 -0.25901228 0.00036304 0.96587396 -0.25900823 1.288e-05 -0.96587515 -0.25900638 -0.00029604 -0.96587551 -0.25900069 0.00036718 -0.96587706 -0.25899881 -4.9e-07 0.96587753 -0.25898778 -1.05e-06 -0.96588057 -0.25898182 0.00013487 -0.96588212 -0.25897861 1.394e-05 0.96588308 -0.25897291 0.00022265 -0.96588463 -0.2589727 -2.89e-06 -0.96588463 -0.25894836 0.40079045 -0.87881333 -0.25894821 9.269e-05 -0.96589118 -0.25894701 0.02950318 -0.96544087 -0.25893101 0.00015529 -0.96589577 -0.2589272 -0.00092645 0.96589631 -0.25892666 -9.38e-06 0.96589702 -0.25892293 0.00011872 0.96589798 -0.25890222 0 0.96590358 -0.2589021 -1.34e-06 0.96590358 -0.25889078 0 0.96590668 -0.25889072 0 0.96590656 -0.2588726 0 0.96591151 -0.25887105 0 0.96591192 -0.25886488 -7.532e-05 0.96591353 -0.25886393 -7.112e-05 0.96591377 -0.2588622 0.00018522 -0.96591425 -0.2588619 0 -0.96591437 -0.2588591 -4.933e-05 -0.96591502 -0.25885803 1.25e-06 -0.96591538 -0.25885794 0 -0.96591544 -0.25885674 0.0004085 -0.96591562 -0.25885406 0 -0.9659164 -0.2588447 0.00016952 -0.96591896 -0.25881785 -3.38e-06 0.96592617 -0.25881073 0.00010287 0.96592808 -0.25879079 -0.00014138 -0.96593332 -0.25878623 0.00060604 -0.9659344 -0.25878185 -7.86e-06 -0.96593583 -0.25877464 4.48e-06 -0.96593779 -0.25876355 -0.53259355 0.8058446 -0.2587333 0.00029551 0.9659487 -0.25872549 -2.857e-05 0.96595091 -0.25872549 8.7e-07 0.96595085 -0.25872421 -2.835e-05 0.96595114 -0.25871423 9.14e-06 0.96595383 -0.2586925 6.34e-06 0.96595973 -0.25868878 -0.00084743 0.96596038 -0.25868845 -9.42e-06 -0.9659608 -0.25868842 -2.334e-05 -0.9659608 -0.25866202 5.26e-06 0.96596789 -0.25860524 -0.00101298 0.9659825 -0.25860381 -4.257e-05 -0.96598345 -0.25860381 -0 -0.96598357 -0.25860259 -0.00083197 -0.96598345 -0.25856954 0.00085539 0.96599221 -0.25856102 0.0010775 -0.96599436 -0.25852975 0 0.9660033 -0.25851473 -3.472e-05 0.96600735 -0.25844473 -5.631e-05 0.96602607 -0.2584058 -0.000717 -0.96603614 -0.25839469 -0.96597445 0.01119913 -0.2583825 0.08286107 -0.96248239 -0.25830331 -0 -0.96606392 -0.25829163 4.79e-06 -0.96606696 -0.25811195 -0.20567517 0.94396824 -0.25808832 -0.08284671 0.96256268 -0.25808698 0.08274563 -0.96257174 -0.25808156 7.379e-05 -0.9661231 -0.25799567 -0.00111892 -0.9661454 -0.2578381 0 -0.96618813 -0.25781786 1.85e-06 -0.9661935 -0.25780123 0.00027885 -0.96619785 -0.25779018 5.3e-07 -0.96620089 -0.25767019 0.95468932 0.14891058 -0.25766635 2.42e-06 -0.96623391 -0.25766602 -0.00119068 -0.96623337 -0.2573694 0.00065967 0.96631294 -0.25724521 0.28878543 -0.92218637 -0.25722644 -0.1011228 -0.96104556 -0.25715622 -0.11034065 -0.96004987 -0.25710127 -0.00050986 0.96638429 -0.25707871 0.16959992 -0.9513917 -0.2570782 0.04594519 -0.96529782 -0.25699592 -0.0824201 0.96289152 -0.25696 0.00034764 0.96642202 -0.2569595 -2.197e-05 -0.96642214 -0.25691545 -0.96621138 0.02073838 -0.25679556 0.42654827 0.8672443 -0.25677654 -0.00049513 -0.96647072 -0.25672284 -0.96336764 -0.07756437 -0.25656378 -0.13332357 -0.95728779 -0.25625524 0.000117 0.96660924 -0.25599712 -0.05952546 0.96484309 -0.25586969 -0.0038295 -0.96670377 -0.2557779 0.000554 0.96673536 -0.25566858 -0.00028444 -0.96676439 -0.25544101 -0.00056385 -0.96682453 -0.25472105 0.1765548 -0.95076054 -0.25439176 0.26827204 0.92914742 -0.25314495 -0.10331529 0.96189576 -0.25294462 -0.0709844 0.96487314 -0.25292864 -0.82118022 0.51155645 -0.25280219 0.03169831 -0.96699864 -0.25256675 -0.96502137 0.07031187 -0.25248933 -0.07234991 0.96489108 -0.25237566 0.06640148 -0.96534836 -0.25224486 0.39954838 -0.88132483 -0.25135845 -0.05964518 -0.9660545 -0.25125739 0.24559198 -0.93624479 -0.25123376 -0.96354181 0.09202557 -0.25107846 0.24552307 -0.93631095 -0.25097793 0.08974722 -0.96382338 -0.25027937 -0.10344062 0.96263194 -0.25013384 0.0692603 0.96573085 -0.24998271 -0.24548139 0.93661499 -0.24969484 -0.24536993 0.93672091 -0.24951771 0.01671345 0.96822596 -0.24908686 0.34396079 -0.90534335 -0.24908176 -0.78013813 -0.57388383 -0.24884395 0.56091017 -0.78959268 -0.2488244 0.29806623 0.92154378 -0.24857342 -0.09150736 0.9642809 -0.24846767 0.05981153 -0.96679187 -0.24792437 0.00100193 0.96877885 -0.24787752 0.96641713 -0.06778358 -0.24754088 -0.10634596 0.96302336 -0.24733877 0.36830896 -0.89619869 -0.24728151 -0.96843839 -0.03128742 -0.24688154 0.49755976 0.83155501 -0.24554473 -0.74608427 -0.61892331 -0.24516249 -0.41670552 -0.87535816 -0.24497798 -0.92199928 -0.2998383 -0.24474514 0.76053512 0.60140353 -0.24466196 -0.17227836 -0.9541806 -0.24433228 -0.96063322 -0.13223308 -0.24428737 -0.51774573 0.81991655 -0.24405168 -0.01883846 0.96957928 -0.24394859 0.03821508 0.96903491 -0.24394296 -0.12778564 -0.96133387 -0.243683 -0.56955284 0.78500205 -0.24290654 0.89070648 -0.38423756 -0.2427997 0.08889811 -0.96599454 -0.2427181 -0.14142644 0.95973247 -0.24244401 0.96798128 0.06506325 -0.24189258 -0.47454911 0.84633988 -0.24150427 -0.8129155 0.5299474 -0.24143982 -0.49797145 -0.83290535 -0.24136204 -0.55566859 -0.79559839 -0.24070689 0.49696785 0.83371639 -0.24056727 0.19879687 0.95005637 -0.24045509 -0.41833344 -0.87588733 -0.24036449 0.44240451 -0.86400408 -0.24007457 0.26512381 0.93384886 -0.24001758 -0.0400941 -0.96994025 -0.23993927 -0.93549919 -0.25936526 -0.23962747 -0.30779597 -0.92078245 -0.2386371 -0.05893982 0.96931857 -0.23844589 -0.0527579 -0.96972167 -0.23843534 -0.55063993 -0.79996514 -0.23816587 -0.29145804 -0.92646068 -0.23781599 0.05274294 0.96987724 -0.2377629 -0.96923816 0.06361037 -0.23721839 0.40145603 -0.88462454 -0.23721837 0.401456 -0.88462454 -0.23714635 -0.40186557 0.88445777 -0.23691054 -0.92578965 -0.2945959 -0.23647875 -0.39152172 -0.88926291 -0.2362819 -0.40154615 0.88483417 -0.23616876 -0.37498352 0.89644384 -0.23535357 -0.0602957 0.97003776 -0.235321 -0.57287818 0.78513348 -0.23506901 0.00289293 0.97197431 -0.23500116 0.14414625 0.96124732 -0.23482624 -0.42370188 -0.87483341 -0.2345715 -0.42361784 -0.8749423 -0.23449126 0.05879887 -0.97033828 -0.23430155 0.55297512 0.79957569 -0.23418382 0.41801885 0.87773472 -0.23347527 0.0023887 0.97235984 -0.2332014 -0.88832331 0.39559919 -0.23229389 0.4424817 0.86616939 -0.23179667 -0.48036358 -0.84588486 -0.23172061 0.44249651 0.86631548 -0.23161815 -0.28925472 -0.92880821 -0.23141792 0.95062035 -0.20680088 -0.23129965 -0.4445861 0.86535752 -0.23085944 0.59461045 -0.7701574 -0.23051789 0.92949957 -0.28790987 -0.23023908 -0.97288477 -0.02202687 -0.23002611 0.70941585 0.66619605 -0.2299979 -0.97318697 -0.00283682 -0.22883315 -0.56430721 -0.79321665 -0.22868286 -0.23550408 0.94458562 -0.22825509 0.00988835 0.97355115 -0.2282306 -0.34658438 0.90982974 -0.22689693 -0.20285518 0.9525584 -0.22679307 -0.87145478 0.43489245 -0.22661687 0.90152502 0.36864263 -0.22618678 -0.29485103 -0.92838699 -0.22595426 -0.22061805 -0.94882673 -0.22586107 -0.28594124 -0.93124878 -0.22559564 -0.46891266 -0.85394818 -0.22535682 -0.60192049 0.7660979 -0.22531845 0.9724164 0.06031519 -0.22525413 -0.37030205 0.90118647 -0.2252171 0.97337443 0.04265537 -0.22516829 0.97338951 0.04256928 -0.22468595 0.97259259 -0.05983225 -0.2246798 0.17840403 0.95796192 -0.22463232 0.15178987 -0.96254873 -0.22459935 0.65780067 -0.71892524 -0.22405073 -0.97271866 -0.06016343 -0.22340137 -0.54854703 -0.80572206 -0.22325981 -0.44375783 0.8678906 -0.22311564 0.97400093 0.0392647 -0.222946 0.41860464 0.88037783 -0.22164281 0.18183556 0.95802426 -0.22152191 0.97494501 0.02025107 -0.22137013 -0.82883865 -0.51383048 -0.22097553 0.33991846 -0.91412544 -0.220817 0.4874306 -0.84477884 -0.2202535 0.64329731 0.73325086 -0.22013883 -0.39081046 0.89375949 -0.21986027 -0.50587463 -0.83411771 -0.21967717 -0.29469612 0.92999792 -0.2185144 0.61686474 0.75612789 -0.21794844 -0.49612045 0.84045404 -0.21774702 -0.97500062 0.04426979 -0.21726018 -0.54609418 0.80906075 -0.21700893 0.47098023 0.85503495 -0.2169514 0.54710567 -0.80846 -0.21681289 0.54705805 -0.80852932 -0.21679795 -0.54700869 0.80856669 -0.21623027 0.97633201 -0.00450342 -0.21614446 0.83136433 -0.51197165 -0.21603629 -0.59284848 0.77579576 -0.21571176 -0.54663491 0.80910987 -0.21568124 -0.36821759 0.90437675 -0.21494342 0.96870321 -0.12415023 -0.21437056 -0.78347367 0.58327895 -0.21401951 -0.95636088 0.19892082 -0.21367072 -0.68271911 -0.69874144 -0.21357843 -0.50703007 0.83504772 -0.21259241 -0.57311946 0.79141551 -0.21252997 -0.55670941 0.80306005 -0.21237603 0.53357196 0.81865585 -0.21152385 -0.97572833 0.05667278 -0.2113905 -0.72608483 -0.6543048 -0.21133772 0.73081768 0.64903164 -0.21090293 -0.36844 0.90541255 -0.2108631 0.39860871 -0.89255136 -0.21077284 0.57601368 0.78979939 -0.21051206 -0.5778091 -0.78855652 -0.21045224 0.28174034 0.93612611 -0.21031678 -0.40510288 0.88975197 -0.20952383 -0.79494458 0.56935298 -0.20928419 0.00991276 -0.97780466 -0.20912842 0.6681422 -0.71403867 -0.20911452 0.96671331 -0.14743324 -0.20878731 0.39166272 0.8961072 -0.20871025 -0.97793847 0.00874672 -0.20856002 -0.97798508 0.00693846 -0.20835371 -0.72803307 -0.65311301 -0.20785807 0.620161 -0.75643587 -0.2077378 0.33853826 -0.91773462 -0.20749874 -0.69186008 -0.6915735 -0.20684019 -0.70442754 0.67896903 -0.20674421 0.9783951 0 -0.20674418 0.97839499 0 -0.20666392 0.50853747 -0.8358705 -0.20664003 -0.76141191 -0.61445242 -0.20659402 -0.13349542 -0.96927696 -0.20645124 -0.94336939 0.25967681 -0.20610304 -0.97851735 0.00504719 -0.20600934 -0.54276526 -0.81422722 -0.20536138 -0.52993381 0.82279813 -0.20524558 0.07797088 0.97559971 -0.20508395 0.0853802 0.9750132 -0.20500571 0.31118745 -0.92797363 -0.20464891 -0.09030009 0.97466135 -0.20458722 0.14507419 0.96803802 -0.20444697 -0.97734559 -0.0547445 -0.20440964 0.45361394 -0.86743945 -0.20427004 -0.10221817 -0.97356319 -0.20393009 0.47003481 -0.85876638 -0.20327424 -0.5764817 0.79142183 -0.20191446 -0.22229487 0.95384246 -0.20149897 0.22940598 -0.9522453 -0.20079674 0.49687162 -0.8442744 -0.20066303 -0.45368904 0.86827451 -0.20030823 -0.97289163 -0.11557893 -0.19976908 -0.24701445 0.94819629 -0.19928972 -0.97848088 0.0534673 -0.19926482 0.97975713 0.01921981 -0.19902959 -0.76858598 -0.60799909 -0.19901092 0.81278217 -0.54752153 -0.19872524 0.64616019 0.73687536 -0.19824436 -0.97880274 -0.05142499 -0.19793844 -0.22706389 -0.95355242 -0.19736484 0.97491819 0.10286662 -0.19678158 -0.72972369 -0.65481329 -0.19677158 0.53961903 0.81859165 -0.19617656 -0.65937608 -0.72576708 -0.19608015 0.72575098 -0.65942258 -0.19582948 -0.98063642 -0.00170084 -0.19545911 0.49663857 0.84566301 -0.19521825 -0.39752424 0.89658475 -0.19516332 0.52971673 -0.82541591 -0.19494218 -0.73275405 -0.65197313 -0.19461022 -0.98080039 0.0125494 -0.19387266 -0.595034 -0.77996653 -0.19371407 -0.68328851 -0.70398271 -0.19366141 0.08022325 0.97778291 -0.19306466 -0.97990435 0.05013399 -0.19293827 0.98121089 3.65e-06 -0.19282889 0.57985759 -0.79156947 -0.19274531 0.98124886 0 -0.19211856 -0.59583831 -0.77978659 -0.19188195 -0.97514957 -0.11074516 -0.19187118 0.97515172 -0.11074594 -0.191745 -0.81813645 0.54211318 -0.19170968 -0.5994342 -0.77712685 -0.19144961 -0.98146284 0.00881647 -0.19101402 -0.92875201 0.31770021 -0.19071501 0.67716002 -0.71069121 -0.19063309 0.67713511 -0.71073705 -0.19055279 -0.61277151 0.7669425 -0.19055073 -0.9425562 0.27436888 -0.1905129 -0.67746741 0.7104525 -0.19036897 -0.8335619 0.51858848 -0.19013117 0.07250946 -0.97907734 -0.18972106 -0.6772247 0.71089566 -0.18970439 -0.67628527 0.7117939 -0.18933602 -0.73146093 0.65507013 -0.18921155 0.59479797 -0.78129011 -0.18879849 -0.6060214 0.77271807 -0.18859087 0.98032862 0.0582192 -0.18852806 -0.87716895 0.44162413 -0.1882778 -0.61962855 -0.76197892 -0.1880185 0.0162999 -0.98203027 -0.18800457 0.18644629 -0.96430904 -0.18798378 -0.72595108 0.6615566 -0.18779345 0.61922622 0.7624253 -0.18692787 -0.81602955 0.54694951 -0.18687722 -0.25336874 -0.94914758 -0.18685105 0.04538111 -0.98133951 -0.18667555 -0.98236424 0.01061538 -0.18663907 -0.97985512 -0.07106341 -0.18637533 -0.01790403 -0.98231542 -0.18628207 -0.9356454 -0.2997776 -0.18616791 0.69079041 -0.69867754 -0.18537204 0.67411107 0.71499062 -0.18475167 -0.0494815 -0.98153877 -0.18452315 0.78765595 0.58783448 -0.18446758 -0.91423172 -0.36076611 -0.1843057 0.97828656 -0.09479844 -0.18403564 -0.72648424 -0.6620813 -0.18398067 -0.0225221 0.98267186 -0.18394187 -0.69707662 -0.69300044 -0.18363734 -0.79823732 0.57366765 -0.18351355 0.98268509 0.02555028 -0.18350908 -0.39705902 0.89925998 -0.18346536 -0.38860092 0.90295613 -0.1833799 -0.9814707 -0.05556165 -0.18337384 0.9823736 -0.03628173 -0.1833702 -0.59666407 -0.78126007 -0.18315992 -0.93433738 -0.30572245 -0.18302004 0.00044207 -0.98310912 -0.18297146 0.63885397 0.747253 -0.18269818 0.9830668 0.01417876 -0.18177843 -0.76654321 -0.61592859 -0.18174577 0.78490859 0.59235722 -0.1816051 -0.49725521 0.84838492 -0.1813152 0.00636171 0.9834044 -0.18092367 0.50146288 0.84605062 -0.18040791 -0.68361658 -0.7071926 -0.18025216 0.46415466 0.86721951 -0.18004698 0.82276851 -0.53910565 -0.17985386 -0.98369223 0.00147789 -0.1796294 0.5944227 0.7838335 -0.17941782 0.54300231 0.82033998 -0.1790217 0.9579975 -0.22403583 -0.1784566 0.60128373 -0.77885234 -0.17793776 0.09007288 0.97991079 -0.17584004 0.73436415 -0.65558338 -0.1757037 -0.56856829 0.80365318 -0.17569269 -0.9137134 0.36641487 -0.17562456 0.90152431 -0.39548707 -0.17555548 0.00103178 0.984469 -0.17553921 0.73439294 -0.65563178 -0.17526615 0.73433876 -0.65576541 -0.1751668 0.78558677 0.59343904 -0.17499126 0.73963898 -0.64985555 -0.17470503 0.73838872 0.65135252 -0.17468664 0.73838758 0.6513589 -0.17465769 -0.08534417 -0.98092359 -0.17464973 0.73845077 0.65129715 -0.17435628 -0.98468268 0 -0.17422704 0.73959649 -0.65010923 -0.17421177 0.7395975 -0.65011221 -0.17401186 0.73957431 -0.65019202 -0.17385954 0.73841178 0.6515528 -0.1738233 0.68104249 0.71131331 -0.17365013 0.98480731 0 -0.17362726 0.98481148 0 -0.17361234 -0.98469126 -0.01554695 -0.17355652 -0.98482382 0.00045663 -0.17353891 -0.98470414 0.01555621 -0.17342567 0.98472631 0.0154168 -0.17336985 -0.98383749 0.04479491 -0.17335404 0.98474336 -0.0151333 -0.17334282 -0.98474562 -0.01510872 -0.17334051 0.98474187 0.01537729 -0.17333637 0.79028833 -0.58770645 -0.17333217 0.98474389 -0.01534017 -0.17332622 0.98474532 -0.01532323 -0.17328572 -0.98475152 -0.01537522 -0.17321903 -0.98476362 0.01536079 -0.17314918 -0.98476756 0.01587947 -0.17314287 -0.98477811 0.01528572 -0.17314219 0.92448366 -0.33963475 -0.17314219 0.98477107 0.0157428 -0.17313452 -0.98477942 -0.01528999 -0.17312339 0.98477596 -0.01563504 -0.17311621 -0.98478311 -0.01526119 -0.17309767 0.98478854 0.0151277 -0.17307355 0.73964065 -0.65036714 -0.17306332 -0.98478818 0.01553633 -0.17303526 0.98479921 -0.01513749 -0.17302243 -0.98480105 0.01517073 -0.17302237 -0.98479897 -0.01530159 -0.17301217 0.98480225 0.01520932 -0.17300816 0.98480397 -0.01513974 -0.17300479 -0.98480463 0.01513722 -0.17300393 -0.98480451 0.01515159 -0.17299947 0.98480505 -0.01517777 -0.17299731 0.984806 0.01514073 -0.17299724 0.98480606 -0.01513198 -0.17299463 -0.98480624 -0.01514923 -0.1729921 0.98480707 0.01513118 -0.17298824 -0.98480749 -0.01513956 -0.17298792 0.98480761 0.01513431 -0.17298694 -0.98480785 0.01512933 -0.17298672 0.98480779 -0.01513945 -0.17298415 0.98480898 0.01509385 -0.17298159 0.98480874 0.01513561 -0.17298062 0.9848094 -0.01510147 -0.17298032 -0.98480904 -0.01512764 -0.17297836 -0.98480934 0.01513599 -0.1729766 0.98481029 -0.01509824 -0.1729738 -0.98481035 0.01511837 -0.17297131 -0.98481095 0.01510483 -0.17296799 0.98481256 -0.01504175 -0.17296471 -0.98481202 -0.01511694 -0.172943 -0.98481572 -0.01512402 -0.17293195 -0.98482102 -0.01489746 -0.1729216 0.98481983 -0.01509885 -0.17290308 -0.98482829 -0.01475406 -0.17288597 0.98483169 0.01473437 -0.1728808 -0.98483473 0.01458479 -0.1728754 -0.9848339 -0.01470031 -0.17286457 0.9848305 0.01505443 -0.17283723 -0.98483568 0.01502858 -0.17283624 0.98483598 -0.01502535 -0.17281491 0.98485112 0.01426314 -0.17279346 0.98484379 0.01500994 -0.17278878 -0.9848454 -0.01495099 -0.17278405 0.9848454 0.01500385 -0.17275915 0.98485094 -0.01493287 -0.17270499 -0.79226971 -0.58521944 -0.1726258 -0.98487502 -0.01488444 -0.17261346 -0.98487943 0.01473523 -0.17258827 0.98488176 0.01487425 -0.17243613 0.98491001 0.01476242 -0.17240711 -0.81640112 0.55114889 -0.17238089 -0.98320371 -0.05996173 -0.1723537 0.98492467 -0.01474881 -0.17230152 0.98492783 0.01514548 -0.17223403 -0.72608304 -0.66568679 -0.17185578 -0.7650826 -0.62057567 -0.17172141 -0.98502862 0.01518107 -0.17145772 -0.72547936 -0.66654491 -0.17064673 -0.78235286 0.59900224 -0.17046957 -0.98488647 -0.03063778 -0.17046712 0.68782109 -0.70558 -0.17033997 0.70989877 -0.68339455 -0.17026937 -0.94886893 0.26581228 -0.16988277 -0.98262745 -0.0747214 -0.16913202 0.7255581 0.66705298 -0.16862501 0.91266918 0.37229082 -0.16819341 -0.76394486 -0.62297601 -0.16749492 -0.72787744 -0.66493601 -0.16707413 0.54019117 -0.82479066 -0.16694993 0.98596525 -0.00059296 -0.16694413 0.98534375 -0.03503166 -0.16669463 0.84477335 -0.50849861 -0.16606294 0.65784681 0.73461598 -0.16604033 0.87942171 0.44614801 -0.16574024 -0.92481059 0.34242597 -0.16539723 -0.70653701 0.68807644 -0.16529229 -0.04618274 0.98516273 -0.16499047 0.5947243 0.78681701 -0.16495046 0.96183705 0.21831328 -0.1648308 0.65804827 0.73471308 -0.16478221 0.84449559 -0.50958222 -0.16446179 0.87986755 -0.44585356 -0.16398881 -0.70993096 0.68491286 -0.16327031 0.9820745 0.09419342 -0.16191638 -0.82746083 -0.53767246 -0.16185476 -0.91412747 -0.37171745 -0.16150311 -0.98630971 0.0333136 -0.1614086 0.84633875 -0.50760025 -0.16098046 0.98593372 0.04494459 -0.16089964 0.24048996 0.95722306 -0.16088885 -0.98692632 -0.00954906 -0.16081758 -0.98473728 0.06655985 -0.16018325 -0.98613834 -0.04327337 -0.15993147 0.98676795 0.02666304 -0.15974638 0.23974814 0.9576022 -0.15961231 0.84136957 -0.51635373 -0.15951093 0.88034594 0.4467071 -0.15916124 0.8328926 -0.53005439 -0.15910947 -0.78911841 0.5932759 -0.15909457 0.78921443 -0.59315205 -0.15909371 -0.7891143 0.5932855 -0.15897197 0.83460832 -0.52740592 -0.15847021 0.9863134 -0.045531 -0.15839104 0.7890318 -0.59358341 -0.15834798 0.2537033 0.95423299 -0.15824498 0.86254531 0.48059756 -0.1581402 0.74594355 -0.64696205 -0.1580767 0.03195148 0.98690975 -0.15795444 -0.74529958 -0.64774913 -0.1575401 -0.44434923 0.88189274 -0.15693648 -0.91568875 -0.36997971 -0.15688755 -0.82828498 0.53789419 -0.15669838 -0.98116416 -0.11297079 -0.15653324 -0.81562358 0.55700588 -0.15643954 0.83854687 0.52188677 -0.15546447 -0.74917352 -0.64387089 -0.1553698 -0.68851489 -0.70838374 -0.15424651 0.76791102 0.62170786 -0.15419845 -0.68048924 -0.71635002 -0.15341803 0.71406776 0.68305951 -0.15221341 -0.98443174 0.0878927 -0.15220012 0.98831743 0.00799104 -0.1521055 -0.98809189 -0.02320369 -0.15159266 0.85475451 0.49640146 -0.15155904 -0.97673255 0.15173531 -0.15127194 -0.49733299 0.85426974 -0.15113154 0.34239611 0.92732096 -0.15058832 -0.98476571 0.08694641 -0.1503289 -0.54262459 -0.82641381 -0.15006688 -0.98867589 0 -0.15006687 -0.98867583 0 -0.14979315 0.70960802 0.68848991 -0.14915819 0.31627712 -0.93686748 -0.1488474 -0.98747545 -0.05231193 -0.14874056 -0.88079941 0.44952044 -0.14864178 0.78400564 -0.60269457 -0.14783429 -0.96188956 -0.2300292 -0.14769562 -0.56174189 0.81402218 -0.14762883 -0.98658848 0.06963407 -0.1473965 -0.14219674 -0.9788025 -0.14717601 -0.06209277 0.98715931 -0.1466102 0.07586098 0.98628122 -0.14622764 -0.09428056 -0.98474795 -0.14616725 0.2083488 0.96707076 -0.1460291 -0.00016123 -0.98928028 -0.14579314 0.95355731 -0.26357695 -0.14524736 -0.96167457 0.23256248 -0.14509861 -0.53940582 0.82945031 -0.14506638 -0.78538769 0.60176563 -0.14501521 0.73544657 -0.66188288 -0.14430702 -0.11962532 0.98227555 -0.14406295 0.59278226 0.79237306 -0.14364462 -0.01024391 0.98957628 -0.14347446 0.76086414 -0.6328513 -0.14337499 -0.01197319 0.98959601 -0.14328551 -0.878573 -0.45560816 -0.14327912 0.83345956 0.53368175 -0.14315464 0.83345443 0.53372318 -0.14138791 0.04331328 -0.98900628 -0.14112358 -0.85991997 -0.49053204 -0.14101496 -0.69836485 -0.70171309 -0.14095943 0.88495708 0.4438259 -0.14086798 0.9900139 0.00534893 -0.14016321 -0.97526962 0.17088954 -0.13996354 0.15046117 0.97865808 -0.13993074 0.00024078 0.9901613 -0.13985847 -0.90842289 0.39396387 -0.13950805 0.07306865 0.98752141 -0.13911602 0.69407851 -0.70632976 -0.13865073 0.51069891 -0.84850615 -0.13740319 -0.9903599 0.0175378 -0.13740204 0.87732702 -0.45980197 -0.13712302 -0.86580974 -0.48121795 -0.1364924 -0.99061644 0.00699974 -0.13634408 0.89522082 0.42425239 -0.13536212 -0.83882338 -0.5273068 -0.13532694 0.17863865 0.97456402 -0.13521159 0.69473135 0.70644623 -0.13508458 -0.89414561 -0.42691424 -0.13454768 -0.99088973 0.0058836 -0.13450223 -0.97335517 0.18571173 -0.13408688 0.89470613 0.42605358 -0.13369408 0.83208805 0.53828931 -0.13359274 0.05870234 -0.9892962 -0.13307051 0.05850799 -0.98937809 -0.13255163 -0.76680833 -0.62804073 -0.13198628 -0.63090545 -0.76455092 -0.13139786 0.51886517 0.84469742 -0.13007785 0.10790503 -0.98561472 -0.1298438 -0.99153447 0 -0.12984379 -0.99153441 0 -0.12952133 -0.07371384 0.98883289 -0.12923811 0.96872014 0.21184641 -0.12887016 -0.92309844 -0.36232838 -0.12874687 0.99161273 -0.01133771 -0.12864156 0.69179344 -0.71054429 -0.12849529 -0.90200812 -0.41215307 -0.12631561 -0.99197942 0.00459816 -0.12605496 -0.8929286 -0.43219045 -0.12602684 -0.99201727 0.0043525 -0.12598166 0.41764149 0.89983565 -0.12490581 -0.98981446 -0.06830663 -0.12462696 0.8940407 0.43030146 -0.12452637 -0.92410105 -0.36129001 -0.12445159 0.97185761 -0.2000116 -0.12411626 -0.63782197 0.76011723 -0.12411481 -0.84165657 -0.52555656 -0.12361228 0.34107581 0.93187296 -0.12333024 -0.87947381 0.4596906 -0.12329042 -0.87946576 0.45971659 -0.12325004 0.87957788 -0.45951295 -0.12324877 0.98791867 -0.09394993 -0.12321397 -0.67653298 -0.7260313 -0.12319537 0.89192903 -0.43506959 -0.12316028 0.99234229 0.00939727 -0.12313834 0.89687133 -0.42480445 -0.1230149 0.92993051 0.34654978 -0.12296914 0.9301815 -0.34589145 -0.12280977 0.82149804 -0.55682927 -0.1227103 0.87946832 -0.45986685 -0.12261029 0.32921842 0.93625951 -0.12223665 0.80296057 -0.58336318 -0.12191486 0.21184368 0.96966952 -0.1214797 0.87129384 -0.47548896 -0.12147443 0.76511782 0.63232797 -0.12139828 0.50199044 0.85631073 -0.12080053 -0.01898813 -0.99249518 -0.12061811 0.83600157 -0.53530604 -0.12042861 -0.83874202 0.53104502 -0.1194813 -0.99271894 -0.01527689 -0.119481 -0.99271655 -0.01543465 -0.11923872 -0.44470799 0.88770318 -0.11796136 0.93135786 -0.34446707 -0.11788785 0.24684641 0.96185714 -0.11785115 0.56750721 0.81489062 -0.11767196 0.23000984 0.96604812 -0.11738151 -0.99140078 0.05784537 -0.11734228 0.43432909 0.89307839 -0.11733938 -0.60191119 -0.78989524 -0.11701677 0.18304513 0.97611552 -0.11683142 0.45236802 -0.88414562 -0.11629442 0.65757018 0.74436355 -0.11624779 -0.85144866 0.51139188 -0.11606935 0.52204245 0.84498495 -0.11587449 -0.99287391 0.02782957 -0.11573441 0.65909249 0.74310338 -0.1155524 0.49177068 -0.86302334 -0.11506973 -0.91696435 0.38201481 -0.11479864 -0.37879512 0.91833305 -0.11461239 -0.40548277 -0.90688908 -0.11428601 0.75220466 0.64894295 -0.11399271 -0.01669906 0.99334121 -0.11393659 -0.99348795 0 -0.11367025 0.10595453 0.98785263 -0.11361735 0.00018522 -0.99352455 -0.1133636 -0.82329237 0.55618197 -0.11322107 -0.96919447 0.21873064 -0.11202231 0.92047149 0.37441057 -0.11190065 0.96020132 0.25591367 -0.11151256 0.76363063 -0.63595051 -0.11140011 0.82161039 0.55905855 -0.11121094 -0.10575967 0.9881534 -0.11110296 -0.88136274 -0.45919052 -0.11109311 -0.92863977 0.35395843 -0.11085911 -0.83679932 -0.53616887 -0.10981959 0.9174062 -0.38249898 -0.10972902 -0.79689658 0.59406674 -0.10948467 -0.00339593 -0.99398261 -0.10941915 0.82048643 0.56109673 -0.10934024 -0.93934435 0.32507986 -0.10925991 -0.74565387 -0.65731472 -0.10892603 0.90836704 0.4037382 -0.1088871 -0.89018911 -0.44238773 -0.10740788 0.93817055 -0.32908899 -0.10736925 0.28539258 0.95237756 -0.10693534 -0.8504383 -0.51509166 -0.10681885 -0.88177335 0.45941859 -0.10634018 -0.87678909 0.46896961 -0.10491364 -0.94097453 -0.32180747 -0.10480519 -0.87713104 -0.4686757 -0.10300345 -0.4686971 -0.87733299 -0.10229404 -0.85408765 -0.5099709 -0.1020835 0.87648743 0.47047713 -0.10149965 0.8799724 -0.46405444 -0.10116579 -0.88227814 0.45972896 -0.10100497 0.96457851 -0.24369296 -0.10099287 0.98684245 0.12626326 -0.10094525 -0.99488503 -0.00371843 -0.10078788 0.34862342 -0.93182814 -0.10061701 0.86685419 0.48830324 -0.10024884 0.96678215 0.23512255 -0.09898976 -0.95584583 -0.27669415 -0.0980164 -0.89068741 -0.44392404 -0.09780008 0.04784217 0.99405545 -0.09776171 0.20037933 0.9748286 -0.09763972 -0.28673768 0.95302045 -0.09655453 0.9726786 0.21112441 -0.09655233 0.89093304 0.44375214 -0.09637742 -0.81933385 0.56515783 -0.09505563 0.05893297 0.99372602 -0.09499216 -0.87887079 0.46750692 -0.09491201 0.99515653 -0.02559769 -0.09479534 0.98625803 0.13531061 -0.09338035 -0.95216745 0.29095927 -0.09273633 0.90454876 0.416163 -0.09204517 -0.9642024 -0.24867915 -0.09202818 -0.94700432 -0.3077558 -0.09154105 -0.67383808 0.73318648 -0.09085788 -0.88092715 0.46444818 -0.08967493 -0.92815828 -0.36122105 -0.08961751 -0.85900789 -0.50405777 -0.08946008 -0.41639256 0.904773 -0.08941835 -0.33112052 0.93934208 -0.08879554 0.93980479 0.32997319 -0.08822683 -0.99606955 -0.00783768 -0.08816358 0.90951318 0.40621796 -0.08803608 0.63730413 -0.76556712 -0.08780413 -0.31276479 -0.94576353 -0.0871506 0.55645913 -0.82629174 -0.08659644 0.40300253 0.91109282 -0.08658811 -0.04414534 -0.9952656 -0.08628095 0.90746176 -0.41117987 -0.08604863 0.92814273 -0.36214191 -0.08597249 -0.48786995 -0.86867225 -0.08557963 -0.36535266 0.92692697 -0.08498542 -0.92987376 0.35792783 -0.08449595 -0.57099032 -0.81659693 -0.08420734 -0.36301196 0.92797172 -0.08414999 -0.94580138 0.31365347 -0.08406376 0.94588816 -0.31341478 -0.08403102 0.94588363 -0.31343725 -0.08400166 0.94972914 0.30159304 -0.08377359 -0.94574893 0.31391224 -0.08285531 -0.91525453 -0.39426401 -0.08272715 -0.99149835 0.10043535 -0.08253887 0.92085505 -0.38106862 -0.08247871 0.99531323 0.05048626 -0.08231034 -0.28815523 0.95403957 -0.08224203 -0.99645513 0.01770309 -0.08201541 -0.99370927 0.07625921 -0.08149639 0.03977666 -0.99587953 -0.0813677 -0.95862401 -0.27279916 -0.08101444 -0.97871083 -0.18857834 -0.08076679 -0.9204725 0.3823705 -0.08060892 0.08078155 0.99346685 -0.08058832 -0.07455228 0.99395543 -0.08050489 0.10592781 0.99110961 -0.08034191 0.99453586 0.06665939 -0.07987697 0.99305701 0.08635576 -0.07968421 0.62953681 -0.77287358 -0.07753608 -0.39340737 0.91608894 -0.0774712 -0.33240548 0.93994939 -0.07737407 -0.88046962 0.46774635 -0.0767295 0.92805004 0.36446643 -0.07650029 -0.97172731 0.22336929 -0.07648882 -0.5411377 0.83744812 -0.07619315 0.94797295 0.30909851 -0.07605688 0.99055046 -0.11412728 -0.07541975 -0.96455795 0.25286329 -0.07532376 0.75831312 -0.64752412 -0.07467809 0.638556 0.76594341 -0.07451518 0.92824227 0.36443636 -0.07410444 -0.92898226 0.36262986 -0.0737569 -0.96456218 -0.25333691 -0.07340872 -0.85010707 0.52146816 -0.07340302 -0.36869833 -0.92664635 -0.07319559 -0.97892886 0.19063191 -0.07287215 -0.94539529 0.31767485 -0.07275972 0.18430182 0.98017287 -0.07247736 -0.87557691 -0.4776108 -0.07239522 0.87562644 0.47753257 -0.07221749 0.99376971 -0.08489124 -0.07209212 -0.05979317 -0.9956041 -0.07184831 0.98820442 0.13524033 -0.07128426 0.88145119 0.46686441 -0.07121786 0.79115766 0.60745186 -0.07055549 -0.58097732 0.81085581 -0.07044452 -0.33171669 0.94074529 -0.07029137 -0.04876601 -0.99633384 -0.07021385 0.99753147 -0.00100839 -0.07019792 0.9967044 0.04065336 -0.07002348 0.99738944 -0.01763565 -0.06991428 0.99119258 -0.11246899 -0.06978975 0.75701952 -0.64965445 -0.06960032 -0.97209907 0.22400735 -0.06959624 -0.06132716 -0.99568838 -0.06959612 -0.06135629 -0.99568659 -0.06936514 0.89309692 -0.44448441 -0.06889664 -0.96406436 -0.25657967 -0.06887826 -0.96405959 -0.2566025 -0.06882516 -0.96405602 0.25663024 -0.06876727 -0.96406126 -0.25662625 -0.06876285 0.94991338 -0.30485469 -0.0686767 0.01948132 -0.99744874 -0.06861859 -0.96405309 0.25669655 -0.06855641 -0.21107739 0.97506225 -0.0684022 0.98099357 0.18158437 -0.06620719 -0.54614305 0.83507138 -0.06551039 0.9615528 0.26669204 -0.06518108 -0.67677939 0.73329461 -0.064852 -0.97888041 0.19387481 -0.0644531 0.98428422 0.16440904 -0.06416313 -0.76862305 0.63647604 -0.06408528 0.01745497 -0.99779183 -0.06383152 0.20223992 0.97725356 -0.063695 -0.29009354 0.95487624 -0.06314291 0.98804992 -0.14060725 -0.06307746 -0.99781388 0.01971443 -0.06303044 -0.68908066 -0.72193831 -0.06253236 0.04794148 -0.9968909 -0.06220867 -0.9980486 0.00537995 -0.06191178 -0.00013281 0.99808162 -0.06142016 -0.44011629 -0.89583778 -0.06080865 -0.99680477 0.05179371 -0.06071947 0.27042928 0.96082324 -0.06070957 -0.09247992 -0.99386203 -0.06014933 -0.99419248 0.08923794 -0.06009779 0.95889068 0.27733934 -0.06006053 0.01786638 0.99803483 -0.05949522 0.97753465 0.20220357 -0.05853988 -0.19352031 -0.97934824 -0.05845873 0.9839769 -0.16843988 -0.05840198 0.98932922 0.1334808 -0.05802159 0.98971778 0.13073744 -0.05799735 0.78271282 0.61967492 -0.05798092 -0.97491193 -0.2149068 -0.05778262 -0.74648994 -0.66288316 -0.05756356 0.97997487 0.19061887 -0.05750021 0.95826524 -0.28003809 -0.05722372 0.93804562 -0.34175405 -0.057031 0.98803955 -0.14326625 -0.05697771 0.02684976 -0.99801433 -0.05684608 0.4699344 -0.88086897 -0.05658042 0.75110334 0.65775567 -0.05619738 0.02900721 -0.99799824 -0.05573184 0.27395555 0.96012622 -0.05528848 -0.83142525 -0.55287898 -0.05479551 -0.20916872 0.9763431 -0.05472105 0.00382464 0.99849445 -0.05458089 0.99839914 -0.014837 -0.0545128 -0.80920541 -0.58499151 -0.05363546 -0.75807875 0.64995378 -0.05326689 0.70711631 0.70508814 -0.05314061 0.99768144 -0.0425179 -0.05284907 0.67156196 -0.7390613 -0.05243411 -0.22954614 0.97188443 -0.05243209 -0.0211394 -0.99840075 -0.05197849 0.98923415 0.13679922 -0.05193802 -0.99587226 0.07443751 -0.05174982 0.28676525 0.95660216 -0.05047458 0.99869567 -0.00770539 -0.04994917 -0.88259423 0.46747467 -0.04920023 -0.00313141 0.99878401 -0.0491084 0.00315628 -0.99878854 -0.04879433 -0.96993905 0.23840573 -0.04878798 -0.20333546 -0.97789288 -0.0487287 0.12415213 0.99106604 -0.04852165 0.1572445 0.98636693 -0.04845523 0.95402205 0.2957938 -0.04812452 -0.78606671 -0.61626554 -0.04760194 0.99885541 -0.00468852 -0.04755766 0.4740513 -0.87921202 -0.0473388 -0.97241825 -0.22838938 -0.04729315 -0.85432303 0.51758623 -0.04727368 -0.00019414 -0.998882 -0.04692848 0.40111282 0.91482574 -0.04687925 0.99558324 0.08134104 -0.04687915 0.97302413 0.22588986 -0.04656023 0.99820679 -0.03762224 -0.04654603 0.00031366 -0.99891609 -0.04548006 0.97441036 -0.22012742 -0.04453716 0.88121718 0.47060877 -0.04429113 -0.99901837 -0.00087025 -0.04417458 -0.98490268 -0.16737813 -0.04412543 0.34159118 0.93881226 -0.04271255 -0.99632365 -0.07426106 -0.04269123 0.76510912 -0.64248395 -0.04266651 0.98634446 -0.1590734 -0.04264997 0.9863432 -0.15908508 -0.04261672 -0.9863705 0.15892446 -0.0425157 0.97388649 -0.2230192 -0.04244465 -0.98635828 0.15904638 -0.04218399 0.88879323 0.45636302 -0.04210905 0.9984442 -0.03655241 -0.04209748 0.99911344 0 -0.04209748 0.9991135 0 -0.04103642 0.37117636 0.92765516 -0.04102226 -0.05967075 -0.99737483 -0.04100226 0.24392436 -0.96892709 -0.04093611 -0.99898255 0.01892286 -0.04086808 0.94204295 -0.33299378 -0.04085019 0.81813091 -0.57357925 -0.04078899 -0.484483 0.87384915 -0.04054869 -0.99385178 -0.10302561 -0.0399223 -0.31500402 0.94825029 -0.03904049 0.30853647 0.95041108 -0.03864411 -0.27173853 0.96159488 -0.03792493 0.9511016 0.30654126 -0.03784161 0.99619108 -0.07855825 -0.0364246 -0.21385984 0.97618508 -0.03480899 8.025e-05 0.99939406 -0.03462268 -0.00894577 -0.99936038 -0.03438913 -0.98841476 0.1478294 -0.03386327 -0.63050073 0.77544969 -0.03347997 -0.94805562 -0.31633785 -0.03343835 0.99647307 0.07696199 -0.03331833 -0.43899015 -0.89787388 -0.03325292 0.00414016 -0.99943841 -0.03254044 0.98495913 0.16969596 -0.03231983 -0.9787482 0.20250255 -0.03224456 0.0294531 -0.99904591 -0.0319437 -0.00944627 -0.99944496 -0.03069534 -0.61957663 0.78433573 -0.0306594 0.99090993 0.13098648 -0.02985638 0.00251764 -0.99955106 -0.02957655 0.86222595 0.50565964 -0.02938142 -0.02116334 0.99934417 -0.02937854 -0.56030697 0.82776397 -0.02935104 0.99953157 0.0086658 -0.02887723 -0.00485132 -0.99957114 -0.02845906 0.99767721 -0.06188773 -0.02805286 -0.98414433 -0.175137 -0.02796774 0.99959242 -0.00573108 -0.02759372 -0.00598324 -0.9996013 -0.02753723 -0.99930298 -0.02520249 -0.02738844 -0.91615468 0.39988819 -0.0271768 -0.01097572 -0.99957037 -0.02713412 -0.2906132 0.95645577 -0.02700395 0.99951762 0.01533929 -0.02679769 -0.83787394 0.54520565 -0.02656178 0.78840643 0.61458099 -0.02632222 0.99473941 0.09899852 -0.02621765 -0.58996993 0.80699944 -0.02596159 -0.9995445 -0.01538848 -0.02587245 -0.6984908 0.71515125 -0.02534541 0.99564946 0.08966476 -0.02443881 0.98918092 -0.1446504 -0.02397411 -0.00387277 -0.99970508 -0.02362008 0.04613037 -0.99865621 -0.02344578 0.94707179 -0.32016459 -0.02329042 -0.00475797 -0.99971747 -0.02298116 0.08107165 -0.99644333 -0.02251112 -0.00736007 -0.9997195 -0.0223043 -0.24547489 0.96914637 -0.0221647 -0.80406857 -0.59412336 -0.02202372 0.99245936 -0.12058004 -0.02194477 -0.9967404 0.07763495 -0.02148752 -0.0700477 0.99731225 -0.02101375 0.99806798 -0.05846952 -0.02101018 0.99977267 -0.00361963 -0.02092111 -0.99911189 0.03657347 -0.02071604 0.01349102 -0.99969441 -0.02069887 0.09889825 0.99488223 -0.02039333 0.99660105 -0.07981482 -0.02005993 0.00675279 -0.99977601 -0.0200301 -0.99976313 0.00851476 -0.01987815 -0.9982 0.05658331 -0.01976511 -0.85441303 -0.5192185 -0.01966535 0.06051811 -0.99797338 -0.01936314 -0.78937525 -0.6136055 -0.0192988 -0.00079996 -0.99981344 -0.01920014 0.00715078 -0.99979013 -0.01913251 -0.95350343 0.30077407 -0.01857257 0.01164549 -0.99975967 -0.01852402 0.06538597 -0.99768811 -0.01845798 0.50587445 -0.86240965 -0.01822848 -0.01437304 -0.99973053 -0.01804986 0.99979883 0.00874714 -0.01795228 -0.00292963 -0.9998346 -0.01791645 0.00230544 -0.99983686 -0.01783306 0.84178048 -0.53952551 -0.01775298 -0.99983543 -0.00373889 -0.01770554 0.01993094 -0.99964452 -0.01761294 -0.99983716 0.00391188 -0.0175081 -0.11933774 0.99269933 -0.01746287 0.99883473 0.04499067 -0.01744078 0.99957418 0.02339554 -0.01731392 -0.00011427 0.99985009 -0.01712034 0.94570535 -0.32457373 -0.01709501 0.98065549 0.19499348 -0.01698039 0.99983776 -0.00600935 -0.01685154 0.99985802 0 -0.0168209 0.31740594 0.9481405 -0.01634959 0.00416459 -0.99985772 -0.01625508 0.31340674 0.94947982 -0.01623347 -0.01623347 -0.99973649 -0.01602364 0.99359035 -0.11189897 -0.01601063 0.98362917 -0.17949171 -0.01558172 -0.99986589 0.00503922 -0.01557211 -0.99877423 0.04698429 -0.01529195 0.01015101 -0.99983144 -0.01490771 0.00592366 0.99987137 -0.01451832 -0.0102217 -0.99984235 -0.01414077 -0.99801922 0.06130112 -0.01366195 -0.00628449 -0.99988699 -0.01361616 0.05973662 0.99812132 -0.01353409 -0.76392955 -0.64515764 -0.01349683 -0.98408389 0.17719135 -0.01299251 0.99344951 0.1135307 -0.01288609 0.00290721 -0.9999128 -0.0122858 -0.00451155 -0.99991435 -0.0119906 0.99570793 -0.09177153 -0.01194953 0.99577314 0.09106591 -0.01191621 -0.0057933 -0.99991226 -0.01151582 -0.25291431 -0.96742004 -0.01146575 -0.00405106 0.99992603 -0.01127939 -0.77602929 -0.63059604 -0.0111916 -0.00220786 -0.99993497 -0.01104274 -0.2665492 0.96375811 -0.01097306 0.99983525 0.01445813 -0.01066834 0.10957736 -0.99392098 -0.01036164 0.9993661 0.03405938 -0.01019032 -0.03599007 0.99930024 -0.01013489 0.02492794 -0.9996379 -0.01011242 0.36996132 -0.92899215 -0.01010358 -0.98899984 0.14757048 -0.00997053 -0.88336056 0.46858802 -0.00994775 0.00508543 -0.99993753 -0.00965418 -0.0120708 -0.99988061 -0.00949125 -0.83906204 -0.54395282 -0.00933645 0.00011445 -0.99995637 -0.00910462 -0.99940813 0.03317626 -0.00854709 -0.99993956 0.00692162 -0.00851862 0.00927853 -0.99992067 -0.00846134 0.75918847 0.65081578 -0.00824342 0.99994284 -0.00681332 -0.00818855 -7.968e-05 0.9999665 -0.00808917 0.99994582 -0.00655162 -0.0079916 -0.99874413 0.0494601 -0.00792184 -0.00774765 -0.99993861 -0.00789832 0.00367481 -0.99996203 -0.00782349 -0.00090818 -0.99996901 -0.00768618 -0.02316437 -0.99970216 -0.0076036 0.99767351 0.06774745 -0.00756825 -0.00588265 -0.9999541 -0.00741779 -0.00190463 -0.99997073 -0.00720843 0.03575366 -0.99933463 -0.00720842 -0.99414927 0.10777421 -0.00701894 -0.00337444 -0.99996966 -0.00697135 0.99679947 -0.07963809 -0.00691223 -0.01647756 -0.99984032 -0.0068423 -0.00037416 -0.99997652 -0.00671838 -0.99970102 -0.02350561 -0.00644281 0.94919872 -0.31461117 -0.00629414 -0.00818428 -0.99994665 -0.00628889 -0.96771109 0.25198367 -0.00624683 -0.01746526 -0.99982798 -0.00597765 0.960253 0.27906701 -0.00593365 0.0070997 -0.99995726 -0.00585334 -0.99997163 0.0047323 -0.00582899 -0.00747143 -0.99995512 -0.00577597 0.00226937 -0.99998075 -0.00577137 0.0044206 -0.9999736 -0.00570578 -0.99993801 0.00956159 -0.0056911 -0.01675804 -0.99984336 -0.00567879 -0.00078619 -0.99998361 -0.00549798 0.11462354 0.99339384 -0.00542091 0.3278805 -0.94470364 -0.00532852 -0.85344183 -0.52116084 -0.00527623 0.99990392 -0.01281711 -0.00510055 -0.84292501 0.53800678 -0.00508905 0.9999854 0.00184314 -0.00500755 0.00162037 -0.99998617 -0.0049162 -0.0008785 -0.99998754 -0.0044571 -0.01360624 -0.99989754 -0.00420647 -0.0196001 -0.99979901 -0.00406973 -0.00160448 0.99999046 -0.00395247 0.00310763 -0.99998736 -0.00375456 -0.00545014 -0.99997813 -0.00374644 0.03103736 -0.99951118 -0.00364765 -0.00211784 -0.99999112 -0.00350557 0.00502869 -0.99998122 -0.00325837 -0.0026203 -0.9999913 -0.00324195 -0.03089249 -0.99951756 -0.00323254 -0.84506232 -0.53465796 -0.00321248 0.9999947 -0.00030064 -0.00317265 0.0008417 -0.99999458 -0.00317089 -5.881e-05 0.99999493 -0.00312215 -0.79512393 0.60643905 -0.00309519 0 -0.99999529 -0.00306198 0.00173952 -0.9999938 -0.00305979 0.02188165 -0.99975586 -0.00299251 -0.00452329 -0.99998528 -0.00281095 -0.60436267 0.79670441 -0.00279184 -0.02367041 -0.99971592 -0.00279163 0.00680481 -0.99997294 -0.00271705 -0.99902141 -0.04414601 -0.00266315 -0.99865991 0.05168549 -0.00254069 -0.00178046 -0.99999523 -0.00229001 0.004253 -0.99998832 -0.00227109 -0.00684829 -0.99997407 -0.00221256 -0.00059412 -0.99999732 -0.00217741 0.00145532 -0.9999966 -0.00217504 -0.99956191 0.02951669 -0.00213004 -0.00154787 -0.99999648 -0.00206944 0.00620959 -0.99997866 -0.00206254 -0.00137523 -0.99999702 -0.00202051 -0.99847907 -0.05509684 -0.00195586 -0.00219373 -0.99999577 -0.00190685 -0.01054434 -0.99994254 -0.00186951 -0.00149783 -0.9999972 -0.00182251 -0.00057329 0.99999815 -0.00180042 -0.00388297 -0.99999082 -0.00178639 -0.00055246 0.99999833 -0.00164892 -0.00049217 -0.99999845 -0.00162433 0.99999845 -0.00069012 -0.00159885 -0.00790617 -0.99996746 -0.00159292 -0.03783743 -0.99928266 -0.00157704 4.996e-05 -0.99999875 -0.00155804 0.0015653 -0.9999975 -0.00153942 0.00014455 0.99999887 -0.001538 0.00023693 0.99999881 -0.00151984 0.99956697 0.02938601 -0.00149519 -8.292e-05 -0.99999887 -0.00149514 -8.427e-05 -0.99999887 -0.00148255 -6.242e-05 0.99999887 -0.00144263 -0.64758921 0.76198828 -0.00142698 -0.00075227 -0.99999875 -0.00141399 -0.00175043 -0.9999975 -0.00138208 0.00129344 -0.99999815 -0.00135379 0 -0.99999911 -0.0013441 0.00101782 0.99999857 -0.00134079 -0.00062494 0.99999893 -0.00131041 -0.00340736 -0.99999332 -0.00130991 -0.00226599 -0.9999966 -0.00128828 -0.0006738 0.99999899 -0.00128338 -0.00090069 -0.99999869 -0.00126008 0.00034519 0.99999911 -0.00124711 -0.99945587 0.03296045 -0.00118719 0.00067073 0.99999911 -0.00116235 0.00564331 -0.99998343 -0.00115594 0.00847015 -0.99996352 -0.00115337 0.00140199 -0.99999833 -0.00114225 0.00245031 -0.9999963 -0.00107757 0.00074094 0.99999911 -0.00103 -0.0009715 0.99999905 -0.00100026 -0.00019933 0.99999946 -0.00099407 0.00608797 -0.99998093 -0.00099051 -0.0003003 0.9999994 -0.00098421 -0.00270472 -0.99999589 -0.00097488 0.00037007 -0.9999994 -0.00095382 2.717e-05 -0.99999946 -0.00095348 0.00094354 0.99999905 -0.00093175 -0.0037393 -0.99999261 -0.00091235 0.00037993 -0.99999946 -0.00086328 0.000266 -0.99999958 -0.00085522 0.00320027 -0.99999452 -0.00084531 -0.00171051 0.99999827 -0.00083556 -0.00055208 0.99999952 -0.00082965 -0.00119146 -0.99999899 -0.00082809 0.00020552 0.99999964 -0.00081927 -0.00070875 0.99999934 -0.00081241 -9.688e-05 0.99999964 -0.00075425 -0.99953312 -0.0305441 -0.00075162 0.99979138 0.02040911 -0.0007501 -4.417e-05 -0.9999997 -0.00073587 -0.99999595 -0.00274874 -0.00073029 0.00022665 0.9999997 -0.00072529 1.379e-05 0.99999982 -0.00070333 -0.22099738 -0.97527421 -0.0007025 -0.9999963 0.0026249 -0.00068876 -0.00149666 -0.99999869 -0.00066603 -0.01567326 -0.99987698 -0.00065845 -9.127e-05 -0.99999976 -0.00065384 -0.0004226 -0.9999997 -0.00064697 0.00489753 -0.99998784 -0.0006449 -0.0016723 0.99999839 -0.00063249 -0.00096601 0.99999934 -0.00062636 0.00121072 -0.99999905 -0.00062351 -0.00138624 -0.99999893 -0.00061892 -0.00021697 -0.99999982 -0.00060824 -0.00139327 0.99999887 -0.00060522 -0.00119005 -0.99999911 -0.00059544 0.99999732 -0.00222418 -0.00058122 0.00035717 0.99999976 -0.00055616 -0.00055596 -0.9999997 -0.00055365 -0.00019412 -0.99999988 -0.00051734 0.00089965 -0.99999952 -0.00051447 -0.00072819 0.99999958 -0.00050237 -0.00031263 -0.99999988 -0.00048164 -0.00160716 -0.99999857 -0.00048038 -0.00024352 0.99999982 -0.00047116 0.99999839 0.00174635 -0.00043927 -0.00024255 1 -0.00042406 0.99999863 -0.00158348 -0.0004212 -0.00080428 0.99999958 -0.00041932 -0.00016684 0.99999988 -0.00041346 0.99999875 0.00154489 -0.00040958 -4.338e-05 0.99999994 -0.00040273 -2.652e-05 0.99999994 -0.00039725 0.00054271 -0.99999976 -0.00038655 0.00325977 -0.9999947 -0.00038241 -0.00013868 -0.99999994 -0.00038044 0.00061652 0.99999976 -0.00038019 4.048e-05 1 -0.00037745 -0.99999982 0.00021802 -0.00037463 0.00705319 -0.99997503 -0.00036882 6.353e-05 1 -0.00036509 0.00065953 0.99999964 -0.00036352 0.00011349 0.99999988 -0.00035863 0.00028706 0.99999988 -0.00033871 -0.00016881 0.99999988 -0.00033814 -5.098e-05 0.99999994 -0.00031301 -0.00018195 0.99999994 -0.00030521 -0.00171665 -0.99999845 -0.00030443 -6.341e-05 1 -0.00028519 -8.991e-05 -1 -0.00027089 3.722e-05 -1 -0.00026967 2.446e-05 1 -0.0002692 -0.00223125 0.9999975 -0.00026463 0.00011027 -0.99999988 -0.00025521 -0.00011522 -1 -0.00025425 -1.393e-05 1 -0.00024417 -0.0001349 1 -0.00024002 -0.00012362 -1 -0.00023854 -0.00018815 -0.99999988 -0.00023047 0.99999958 -0.00086114 -0.00022959 -0.00016266 0.99999988 -0.00022732 0.00018918 -1 -0.00021801 0.0001263 -0.99999994 -0.00021335 0.0021074 0.99999774 -0.00021312 0.0001191 -1 -0.00021284 9.796e-05 0.99999988 -0.00021134 0.00112018 0.99999934 -0.00021045 -0.00131804 0.99999905 -0.00020658 0.00014473 -0.99999994 -0.00020472 0.00010165 1 -0.00020413 -0.00253173 0.99999678 -0.00020348 0.0007604 -0.99999976 -0.00020325 -0.00012452 -0.99999994 -0.00020126 8.2e-05 1 -0.00020069 -0.00012344 -1 -0.00019776 3.028e-05 -1 -0.00019757 0.00013175 -1 -0.0001945 -0.00043431 0.99999988 -0.00018663 6.167e-05 -0.99999988 -0.0001849 -1 5.001e-05 -0.00017794 -0.0002275 -1 -0.00017751 0.00042523 -0.99999994 -0.00017555 0.00478783 0.9999885 -0.00017303 -1 3.956e-05 -0.00017182 2.337e-05 0.99999994 -0.00016898 0.00016098 -1 -0.00016303 0.00060884 0.99999982 -0.00016268 -0.00016433 -1 -0.00015964 -0.00090489 -0.99999952 -0.00015823 0.00040518 0.99999994 -0.00015155 0.00016033 0.99999988 -0.00015012 0.00036789 -0.99999988 -0.00014782 -0.00018161 1 -0.00014734 -3.198e-05 -0.99999994 -0.00014328 -1 1.182e-05 -0.00014188 0.00047487 0.99999988 -0.00014154 -7.336e-05 1 -0.00013746 0.00059233 -0.99999982 -0.00013236 0.99999994 2.124e-05 -0.00013234 0.00015663 1 -0.00013021 -0.00220485 -0.99999756 -0.00012717 -0.0005518 0.99999982 -0.00012639 0.00025069 -1 -0.00012541 0.99999994 4.146e-05 -0.00012514 8.179e-05 1 -0.00012338 -0.00019505 -0.99999988 -0.00012328 0.99999988 0.00046 -0.00012318 -1.135e-05 0.99999994 -0.00011702 -0.00659799 0.9999783 -0.00011672 1.27e-05 -1 -0.0001156 -0.00031057 -1 -0.00011516 -2.216e-05 1 -0.00011477 9.148e-05 1 -0.00011298 -0.00011376 1 -0.00011067 -0.00030739 -1 -0.00010423 -0.99999368 0.0035652 -0.00010284 5.112e-05 0.99999994 -9.872e-05 0.00012121 -1 -9.755e-05 -8.22e-06 -1 -9.695e-05 -6.766e-05 -1 -9.672e-05 -1 -2.189e-05 -9.664e-05 8.361e-05 -1 -9.461e-05 -6.223e-05 1 -9.383e-05 4.592e-05 1 -9.31e-05 0.00046751 0.99999988 -9.171e-05 6.813e-05 1 -8.995e-05 7.53e-05 -1 -8.709e-05 -6.1e-05 -1 -8.667e-05 -0.0008885 0.99999958 -8.404e-05 0.00017954 1 -8.342e-05 -9.713e-05 1 -8.231e-05 4.551e-05 1 -8.018e-05 -0.0001244 -1 -7.636e-05 -4.574e-05 1 -7.621e-05 -0.0001785 1 -7.585e-05 -4.321e-05 -0.99999994 -7.526e-05 3.325e-05 -1 -7.441e-05 4.277e-05 -1 -7.405e-05 8.272e-05 -1 -7.127e-05 -0.00011439 1 -6.698e-05 -8.32e-06 -1 -6.626e-05 1 -9.89e-06 -6.619e-05 0.00190674 0.99999815 -6.595e-05 -3.141e-05 -1 -6.59e-05 0.00011465 -1 -6.567e-05 -1 1.388e-05 -6.561e-05 -0.00018759 1 -6.487e-05 0.00032016 0.99999988 -6.479e-05 1 -1.746e-05 -6.449e-05 -1 1.73e-05 -6.43e-05 1 1.726e-05 -6.411e-05 -1 1.715e-05 -6.362e-05 1 2.076e-05 -6.284e-05 -1 2.37e-05 -6.26e-05 -0.00042631 0.99999988 -6.256e-05 0.00175241 0.99999851 -6.251e-05 -6.141e-05 -1 -6.15e-05 -1.25e-05 -1 -6.044e-05 0.00054435 0.99999982 -5.928e-05 -0.99999994 0.00022135 -5.787e-05 0.00038105 0.99999988 -5.505e-05 -0.00043339 0.99999988 -5.459e-05 0.00012382 -1 -5.237e-05 0.00030314 1 -5.124e-05 -0.00034786 0.99999988 -4.939e-05 -5.238e-05 -1 -4.872e-05 -0.00014141 0.99999994 -4.724e-05 0.00026769 -1 -4.722e-05 7.752e-05 1 -4.674e-05 0.00026705 -0.99999994 -4.665e-05 8.546e-05 1 -4.638e-05 0.00027875 -1 -4.493e-05 -4.521e-05 -0.99999994 -4.448e-05 8.72e-06 -1 -4.414e-05 3.096e-05 0.99999994 -4.363e-05 3.122e-05 0.99999994 -4.319e-05 -6.192e-05 -1 -4.159e-05 -1.122e-05 -0.99999994 -4.066e-05 -5.05e-06 -1 -3.658e-05 2.405e-05 -0.99999994 -3.477e-05 0.00144261 0.99999905 -3.442e-05 0.00014517 -0.99999994 -3.36e-05 1.871e-05 -0.99999994 -3.231e-05 0.00149394 -0.99999881 -3.212e-05 -9.86e-06 -1 -3.181e-05 -9.5e-06 -1 -3.142e-05 -1 -1.232e-05 -3.12e-05 -6.699e-05 -1 -3.111e-05 -0.00014873 -1 -3.088e-05 -1 -1.51e-05 -3.013e-05 -4.568e-05 1 -2.928e-05 -0.00053767 0.99999988 -2.871e-05 -0.0001626 -1 -2.712e-05 -4.838e-05 1 -2.693e-05 1.339e-05 -1 -2.662e-05 2.828e-05 -1 -2.657e-05 1.92e-06 -0.99999994 -2.656e-05 -1.06e-05 -0.99999994 -2.59e-05 -5.103e-05 1 -2.562e-05 -1 9.596e-05 -2.536e-05 1.015e-05 -1 -2.508e-05 -0.00010638 1 -2.484e-05 -7.466e-05 -0.99999994 -2.427e-05 -4.62e-06 -1 -2.385e-05 1.201e-05 -1 -2.274e-05 8.265e-05 1 -2.255e-05 -0.99999845 -0.00175768 -2.198e-05 8.227e-05 0.99999994 -2.133e-05 -8.266e-05 -1 -2.126e-05 7.05e-06 -1 -2.118e-05 -7.099e-05 -1 -2.118e-05 -7.77e-06 -1 -2.015e-05 -4.459e-05 -0.99999994 -1.963e-05 -0.00023674 1 -1.959e-05 1.198e-05 -1 -1.863e-05 -1.76e-06 0.99999994 -1.803e-05 -1.244e-05 -1 -1.765e-05 1.421e-05 -1 -1.745e-05 9.7e-07 0.99999994 -1.711e-05 3.674e-05 -1 -1.634e-05 1.368e-05 -1 -1.585e-05 -1.327e-05 -0.99999994 -1.556e-05 -1.028e-05 1 -1.555e-05 7.21e-06 1 -1.54e-05 1.29e-05 -0.99999994 -1.515e-05 -0.00051496 -0.99999988 -1.499e-05 9e-07 1 -1.48e-05 -0.00260672 0.99999666 -1.472e-05 -0.00012572 -1 -1.465e-05 -1.017e-05 -1 -1.434e-05 -4.356e-05 -1 -1.405e-05 -1.324e-05 -1 -1.374e-05 0.00023294 0.99999988 -1.364e-05 -1.518e-05 -1 -1.344e-05 2.338e-05 -1 -1.299e-05 1 4.86e-05 -1.29e-05 -1.081e-05 -0.99999994 -1.281e-05 -2.13e-06 -0.99999994 -1.219e-05 2.22e-06 -1 -1.21e-05 3.016e-05 -0.99999994 -1.204e-05 -9.583e-05 -1 -1.197e-05 3.01e-06 -1 -1.182e-05 -3.17e-06 -0.99999994 -1.175e-05 1.108e-05 -1 -1.13e-05 -3.125e-05 -1 -1.109e-05 6.12e-06 1 -1.107e-05 2.87e-05 -1 -1.095e-05 -1.905e-05 -1 -1.081e-05 0.00079504 -0.99999964 -1.071e-05 1.863e-05 -1 -1.065e-05 5.05e-06 -1 -1.065e-05 8.93e-06 0.99999994 -1.028e-05 6.26e-06 -1 -1.027e-05 5.18e-06 1 -1.025e-05 5.852e-05 -1 -1.023e-05 -7.16e-06 -1 -1.009e-05 -1.445e-05 -0.99999994 -9.89e-06 -2.208e-05 -1 -9.88e-06 6.97e-06 1 -9.85e-06 1.192e-05 -1 -9.59e-06 0.00086337 -0.99999958 -9.51e-06 1.27e-06 1 -9.45e-06 4.61e-06 -1 -9.33e-06 7.9e-07 1 -9.16e-06 -7.9e-06 -1 -9.04e-06 0 1 -8.97e-06 -1.56e-05 -1 -8.69e-06 9.38e-06 1 -8.29e-06 -5.46e-06 1 -8.09e-06 -5.65e-06 -1 -7.92e-06 -1.212e-05 -1 -7.78e-06 -3.04e-06 1 -7.78e-06 -2.87e-06 1 -7.78e-06 2.84e-06 1 -7.63e-06 9.53e-06 0.99999994 -7.6e-06 1.163e-05 -1 -7.51e-06 -4.07e-06 1 -7.46e-06 4.12e-06 1 -7.41e-06 -4.33e-06 1 -7.39e-06 -1.28e-05 -0.99999994 -7.06e-06 -1.075e-05 1 -7.02e-06 -8.61e-06 -1 -6.8e-06 -6e-07 -1 -6.73e-06 1.74e-06 1 -6.73e-06 3.818e-05 -1 -6.71e-06 0.00011954 1 -6.67e-06 5.7e-05 -1 -6.64e-06 1.57e-06 -1 -6.61e-06 -4.35e-06 0.99999994 -6.61e-06 2.33e-06 1 -6.54e-06 4.552e-05 -0.99999994 -6.34e-06 7.4e-07 -1 -6.31e-06 -1.18e-05 -1 -6.05e-06 6.08e-06 0.99999994 -5.98e-06 5.54e-06 1 -5.83e-06 1.369e-05 1 -5.81e-06 6.022e-05 1 -5.6e-06 -3.04e-06 1 -5.56e-06 -9.56e-06 -0.99999994 -5.48e-06 -3.7e-07 1 -5.35e-06 -5.053e-05 -1 -5.35e-06 -2.299e-05 1 -5.2e-06 -4.214e-05 -1 -5.08e-06 0.00020773 -0.99999994 -4.97e-06 9.38e-06 1 -4.96e-06 -8.607e-05 -1 -4.89e-06 -0.00074145 -0.9999997 -4.83e-06 -5.772e-05 -1 -4.71e-06 -8.454e-05 -0.99999994 -4.57e-06 1.034e-05 1 -4.47e-06 1.192e-05 1 -4.33e-06 0.00035749 -0.99999994 -4.16e-06 -4.44e-06 1 -4.01e-06 1.346e-05 -0.99999994 -3.8e-06 1.616e-05 1 -3.7e-06 -1.239e-05 -1 -3.68e-06 -5.27e-06 -1 -3.64e-06 -4.03e-06 1 -3.4e-06 0.00029782 -1 -3.17e-06 -2.1e-06 0.99999994 -2.71e-06 0.99999994 -1.824e-05 -2.46e-06 5.29e-06 1 -2.44e-06 8.494e-05 -1 -2.37e-06 -0.00971346 -0.99995279 -1.91e-06 -3.82e-06 1 -1.76e-06 -4.14e-06 0.99999994 -1.65e-06 -3.74e-06 0.99999994 -1.59e-06 -2.303e-05 -1 -1.55e-06 9.68e-06 -1 -1.55e-06 3.215e-05 1 -1.46e-06 1 -7.51e-06 -1.45e-06 -5.41e-06 -1 -1e-06 -4.58e-05 -1 -9.5e-07 1.654e-05 -1 -8.8e-07 1 -1.797e-05 -7.9e-07 -1.361e-05 -1 -6.7e-07 -1.183e-05 1 -6e-07 2.108e-05 -0.99999994 -5.6e-07 -0.00011693 1 -5.2e-07 1 -1.811e-05 -3.7e-07 4.502e-05 -1 -3.6e-07 4.49e-05 -1 -1.8e-07 -6.6e-06 1 -1.6e-07 -8.596e-05 0.99999994 0 -1 0 0 -0.99999994 0 0 0 -1 0 0 -0.99999994 0 -0 0.99999994 0 -0 1 0 0.99999994 -0 0 1 0 4e-08 1 -1.583e-05 1.6e-07 0.00012783 -1 1.6e-07 1 -1.55e-05 1.8e-07 6.6e-06 1 3.4e-07 -5.88e-06 -1 5.4e-07 9.25e-06 0.99999994 6.4e-07 -7.88e-05 -1 7.7e-07 1.361e-05 -1 8.6e-07 -1.508e-05 1 1.65e-06 3.74e-06 1 1.68e-06 3.096e-05 1 1.86e-06 0.00020874 -0.99999994 1.91e-06 3.83e-06 1 2.03e-06 -1.556e-05 -1 2.09e-06 -8.2e-06 -1 2.13e-06 -3.26e-06 1 2.17e-06 -0.00014895 -1 2.24e-06 6.46e-06 1 2.42e-06 1 -2.26e-06 2.47e-06 -0.00026823 -0.99999988 2.47e-06 1 -1.96e-06 2.48e-06 0.00014892 -1 2.55e-06 -0.00010462 -1 2.78e-06 -0.00020852 -1 2.78e-06 -7.16e-06 1 2.78e-06 4.78e-06 -0.99999994 2.91e-06 -6.85e-06 1 3.17e-06 -3.7e-07 -1 3.17e-06 2.1e-06 1 3.37e-06 2.09e-06 1 3.37e-06 6.44e-06 1 3.52e-06 5.37e-06 0.99999994 3.64e-06 -1.363e-05 -1 3.71e-06 -1.88e-06 1 3.71e-06 1.238e-05 -1 3.93e-06 -2.41e-06 1 4.28e-06 4.641e-05 -1 4.38e-06 -6.33e-06 -1 4.56e-06 -3e-07 0.99999994 4.57e-06 -5.24e-06 1 4.6e-06 -0.00089331 0.9999997 4.62e-06 -7.04e-06 1 4.7e-06 4.3e-07 1 4.88e-06 8.781e-05 -1 4.93e-06 1.059e-05 -1 4.97e-06 -1.05e-06 1 5.04e-06 -3.31e-06 1 5.13e-06 -2.926e-05 -1 5.21e-06 -1.8e-07 1 5.28e-06 -4.7e-06 -0.99999994 5.28e-06 -5.6e-07 0.99999994 5.46e-06 9.51e-06 1 5.49e-06 0.00033394 -1 5.5e-06 1.661e-05 1 5.51e-06 3.38e-06 1 6e-06 6.2e-07 1 6.2e-06 2.615e-05 -1 6.3e-06 1.18e-05 -1 6.34e-06 2.756e-05 -1 6.4e-06 3.12e-06 1 6.44e-06 -4.26e-06 1 6.58e-06 -0.00043252 0.99999982 6.7e-06 2.504e-05 -1 6.72e-06 -1.167e-05 -1 6.78e-06 -1.36e-06 0.99999994 6.83e-06 -2.78e-06 1 6.87e-06 3.893e-05 -0.99999994 6.9e-06 1.387e-05 1 7.02e-06 8.59e-06 -1 7.16e-06 -1.49e-05 0.99999994 7.39e-06 1.281e-05 -1 7.44e-06 -3.43e-06 1 7.44e-06 4.14e-06 1 7.48e-06 -6.1e-07 1 7.62e-06 -1.21e-06 1 7.72e-06 8.22e-06 -1 7.76e-06 -5.98e-06 -1 7.8e-06 3.32e-06 1 7.87e-06 1.839e-05 1 7.88e-06 9.82e-06 1 7.97e-06 -1.144e-05 -1 8.17e-06 -6.84e-06 -1 8.44e-06 1.21e-05 -1 8.95e-06 1.08e-06 1 8.98e-06 1.559e-05 -1 9.11e-06 1 -8.55e-06 9.38e-06 1.33e-05 -1 9.45e-06 -4.61e-06 -0.99999994 9.58e-06 -1.274e-05 1 9.82e-06 -9.85e-06 -1 9.83e-06 -6e-07 1 9.85e-06 -1.192e-05 -1 9.89e-06 6.49e-06 1 1.004e-05 -9.31e-06 0.99999994 1.005e-05 9.48e-06 -1 1.021e-05 -4.08e-06 -1 1.028e-05 -6.26e-06 -0.99999994 1.028e-05 1.571e-05 -1 1.036e-05 -1.8e-07 1 1.057e-05 -5.4e-06 -1 1.059e-05 -0.00079507 -0.99999976 1.069e-05 1.07e-05 -1 1.081e-05 3.054e-05 -1 1.085e-05 5.04e-06 -1 1.087e-05 -2.172e-05 -1 1.093e-05 1.902e-05 -0.99999994 1.113e-05 -0.99999994 -5.031e-05 1.127e-05 -7.9e-06 -1 1.16e-05 8.14e-06 -1 1.166e-05 -5.41e-06 1 1.171e-05 -3.02e-06 -1 1.191e-05 -2.81e-06 -1 1.21e-05 -3.016e-05 -1 1.218e-05 2.2e-06 -1 1.219e-05 -2.22e-06 -1 1.264e-05 -1.059e-05 -1 1.267e-05 7.804e-05 -1 1.278e-05 -1.98e-06 -1 1.287e-05 -0.99999982 0.00046689 1.289e-05 1.081e-05 -1 1.297e-05 -1.11e-06 1 1.302e-05 0.00011108 -1 1.309e-05 1.096e-05 -1 1.315e-05 1.34e-06 1 1.327e-05 -9.6e-07 -1 1.333e-05 -1.615e-05 0.99999994 1.34e-05 -1 -5.008e-05 1.345e-05 1.15e-06 -1 1.363e-05 -0.00023273 0.99999988 1.391e-05 -2.4e-07 1 1.411e-05 0.00040559 0.99999988 1.423e-05 1.409e-05 -1 1.428e-05 -9.661e-05 0.99999994 1.435e-05 4.36e-05 -1 1.465e-05 1.017e-05 -1 1.469e-05 4.06e-06 -1 1.516e-05 1.071e-05 1 1.544e-05 -1.293e-05 -1 1.573e-05 -0.00017188 1 1.582e-05 1.324e-05 -1 1.583e-05 -1.109e-05 -1 1.773e-05 -0.00012674 1 1.782e-05 4.296e-05 -1 1.782e-05 6.202e-05 -1 1.845e-05 -4.782e-05 -1 1.983e-05 -0.00095996 -0.99999958 2.048e-05 -0.00275797 -0.99999624 2.055e-05 3.49e-06 -1 2.078e-05 -9.009e-05 1 2.104e-05 -3.17e-06 -1 2.116e-05 -1.482e-05 -1 2.12e-05 7.78e-06 -1 2.123e-05 -4.479e-05 -1 2.129e-05 7.094e-05 -0.99999994 2.16e-05 8.62e-06 -1 2.176e-05 -7.256e-05 -1 2.211e-05 3.42e-06 -1 2.229e-05 1.47e-06 -1 2.254e-05 -0.99999851 0.00175708 2.264e-05 1.91e-06 -0.99999994 2.47e-05 -7.6e-06 -1 2.477e-05 2.93e-06 1 2.496e-05 -1.41e-06 -1 2.54e-05 -5.2e-06 -0.99999994 2.544e-05 -1.018e-05 -0.99999994 2.545e-05 7.04e-06 -1 2.598e-05 5.385e-05 1 2.615e-05 -4.89e-05 0.99999994 2.619e-05 0.00016406 1 2.645e-05 1.057e-05 -0.99999994 2.648e-05 1.119e-05 -1 2.682e-05 -8.27e-06 -1 2.69e-05 1.62e-06 1 2.796e-05 1.299e-05 -1 2.821e-05 -0.00011966 1 2.822e-05 0.00010552 1 2.907e-05 9.91e-06 -0.99999994 2.918e-05 4.751e-05 1 2.923e-05 -2.919e-05 -1 2.972e-05 -4.29e-06 -1 3.036e-05 -1.71e-06 -1 3.067e-05 0.0001774 1 3.081e-05 -5.008e-05 1 3.109e-05 6.756e-05 -1 3.11e-05 -0.00014875 -1 3.138e-05 0.00026626 -0.99999994 3.28e-05 -0.00149273 -0.99999887 3.337e-05 1 4.98e-06 3.38e-05 -9.19e-06 1 3.443e-05 0.00014516 -0.99999994 3.647e-05 0.00020659 -1 3.657e-05 -5.235e-05 -1 3.789e-05 -2.473e-05 1 3.835e-05 -2.572e-05 1 3.838e-05 8.943e-05 -1 3.915e-05 1.068e-05 1 3.948e-05 0.0001541 1 3.955e-05 -3.742e-05 0.99999994 3.97e-05 1 1.39e-05 4.034e-05 0.00072827 0.9999997 4.161e-05 1.166e-05 -1 4.232e-05 -1.32e-06 -0.99999994 4.318e-05 6.192e-05 -1 4.371e-05 -2.373e-05 -1 4.485e-05 -8.75e-06 -1 4.602e-05 -1.23e-05 -0.99999994 4.618e-05 -1.226e-05 -1 4.631e-05 -3.064e-05 1 4.682e-05 -0.0002654 -0.99999994 4.792e-05 -0.00022957 -1 4.84e-05 3.208e-05 1 4.851e-05 -0.00105209 -0.99999946 5.023e-05 0.00014067 1 5.042e-05 -0.00042806 -0.99999982 5.098e-05 0.00042562 0.99999988 5.129e-05 0.00034778 0.99999988 5.335e-05 5.702e-05 1 5.349e-05 4.619e-05 1 5.465e-05 -2.313e-05 1 5.489e-05 -0.00012363 -1 5.499e-05 -6.929e-05 1 5.597e-05 -1 -0.00046653 5.7e-05 8.82e-06 -0.99999994 5.731e-05 1.848e-05 1 5.809e-05 -4.059e-05 -1 5.923e-05 1 0.00022116 5.941e-05 0.00040416 0.99999988 5.96e-05 0.00040949 -0.99999988 6.037e-05 -0.00054426 0.99999988 6.056e-05 -6.085e-05 1 6.165e-05 1.25e-05 -1 6.273e-05 1 2.393e-05 6.293e-05 -1.963e-05 1 6.365e-05 1 -1.704e-05 6.366e-05 -1 2.049e-05 6.391e-05 -1.802e-05 -1 6.405e-05 1 1.72e-05 6.428e-05 -0.00032224 0.99999988 6.502e-05 -1 1.35e-05 6.584e-05 0.0001877 1 6.589e-05 -0.00011463 -1 6.708e-05 0.00013573 1 6.72e-05 9.049e-05 -1 6.749e-05 1 -5.86e-06 7.211e-05 -0.00014449 1 8.013e-05 -0.00012444 -1 8.351e-05 0.00010348 -1 8.49e-05 -4.258e-05 -0.99999994 8.515e-05 -7.78e-06 0.99999994 8.527e-05 0.00026237 1 8.714e-05 6.102e-05 -1 8.989e-05 -7.531e-05 -1 8.99e-05 1 4.963e-05 9.065e-05 -0.00060136 0.99999976 9.202e-05 1 2.471e-05 9.208e-05 -1 2.467e-05 9.214e-05 1 2.469e-05 9.245e-05 0.00034696 0.99999988 9.246e-05 -1 2.501e-05 9.416e-05 0.00114087 0.99999928 9.662e-05 -8.361e-05 -1 9.871e-05 0.00012121 -1 0.00010042 -0.00010116 0.99999994 0.00010341 -2.671e-05 -1 0.00010431 8.5e-06 -1 0.00010446 -0.00019533 1 0.00010679 2.682e-05 -1 0.00011514 2.217e-05 1 0.00011539 -0.0004154 0.99999982 0.00011597 -0.00024787 1 0.00011657 -8.03e-05 1 0.00011774 0.00029897 -0.99999994 0.0001216 -0.00034896 0.99999988 0.00012291 -2.775e-05 1 0.00012638 -0.0002508 -0.99999994 0.00012643 0.00025077 -1 0.00012905 0.00022378 -0.99999988 0.00013253 -0.00014499 1 0.00014104 0.00026389 -0.99999988 0.00014115 -2.036e-05 -0.99999994 0.00014152 7.33e-05 0.99999994 0.00014164 -4.885e-05 1 0.00014247 -6.065e-05 1 0.00014324 -0.00112313 -0.99999934 0.00014328 0.99999994 1.182e-05 0.00014376 -7.142e-05 1 0.0001438 0.00017166 0.99999994 0.00014515 -0.00013029 1 0.00014523 0.00016049 1 0.00014736 3.195e-05 -1 0.00014827 -1.788e-05 1 0.00014959 -0.00010808 1 0.00015529 -0.00016566 0.99999988 0.00015606 -0.99999994 4.967e-05 0.00016277 -0.00016468 -0.99999988 0.000166 0.0001231 1 0.00016857 0.00011753 -1 0.00016892 0.00016099 -0.99999994 0.00016896 -0.00016097 -0.99999994 0.00017223 -0.00018321 1 0.000177 -1 5.083e-05 0.00017785 0.00022752 -1 0.00017859 1 4.445e-05 0.00018404 -1 4.942e-05 0.00018409 9.871e-05 1 0.00018492 1 5.003e-05 0.00018664 -6.166e-05 -0.99999988 0.00018914 -0.00010262 0.99999988 0.00019145 0.00043693 0.99999988 0.00019222 -0.00017067 1 0.00019262 -0.99999994 -5.193e-05 0.00019446 5.455e-05 -1 0.00019491 5.082e-05 1 0.00019701 -0.99999994 -2.941e-05 0.00019777 -3.027e-05 -1 0.00020048 -0.00012346 -1 0.00020443 0.00012571 -1 0.00021318 -0.00011933 -1 0.00021476 0.00015082 -0.99999988 0.00021485 0.99999994 7.704e-05 0.00021642 -0.00020834 0.99999994 0.000218 0.39617124 0.91817665 0.0002197 -0.00124593 -0.99999923 0.00022947 0.0001628 0.99999994 0.00023105 -0.00018699 1 0.00023355 0.99999994 2.251e-05 0.00023785 0.00200704 -0.99999791 0.00023851 0.00018812 -0.99999988 0.00024002 0.0001236 -1 0.00024968 -0.0005364 -0.99999982 0.00025002 0.00050982 0.99999982 0.0002551 0.00011526 -1 0.00025705 7.976e-05 -1 0.00026446 -0.00011029 -0.99999994 0.0002698 -3.737e-05 -1 0.00028257 -7.667e-05 0.99999988 0.00028621 9.009e-05 -0.99999994 0.00028687 -3.736e-05 0.99999988 0.00028985 -0.0006677 0.99999976 0.00030236 -0.00013915 0.99999988 0.00030391 0.0001293 0.99999988 0.00030414 0.99999934 -0.00113608 0.00031301 -0.00016982 1 0.00034353 0.0002411 -0.99999988 0.00035474 0.00014141 0.99999994 0.00036266 -8.279e-05 0.99999994 0.00036508 -0.00065938 0.9999997 0.00038009 -0.00061732 0.99999964 0.00038241 0.00013862 -0.99999994 0.00040568 -0.00050708 0.99999982 0.00040657 2.446e-05 0.99999994 0.00040723 -0.00151982 -0.99999881 0.00041085 -0.00777799 -0.99996966 0.00041752 -0.00052931 -0.99999976 0.00042202 0.0010414 -0.99999934 0.00042556 0.01934149 -0.9998129 0.00043781 -0.99999863 -0.00163482 0.00047588 -5.992e-05 0.99999994 0.0004778 -0.99930775 -0.03719662 0.00048844 0.00017123 -0.99999982 0.00051795 0.0001712 -0.99999994 0.00052655 0.99999493 -0.00314722 0.00053273 0.00033102 -0.99999976 0.00054651 -0.00268709 0.99999624 0.00055729 0.00062861 0.99999958 0.0005581 -0.99999774 -0.00208472 0.00058029 -0.00035787 0.99999976 0.00058419 0.00120074 -0.99999917 0.00059517 -0.00072684 0.99999952 0.00059653 0.01244304 0.99992245 0.00061241 0.00140833 0.99999881 0.00062064 0.00094837 -0.99999934 0.00062091 -0.00016481 -0.99999976 0.00062594 -0.00120997 -0.99999899 0.00064392 0.0013828 -0.99999881 0.0006538 0.00042315 -0.99999976 0.00065838 9.115e-05 -0.99999982 0.00070616 0.00028143 0.9999997 0.00072132 0 -0.99999976 0.00073942 -0.00181119 -0.99999809 0.0007395 0.99999595 0.00276314 0.00075023 4.416e-05 -0.9999997 0.00075341 -0.00073491 0.99999946 0.00082779 -0.00020566 0.99999964 0.00085262 -0.00317813 -0.99999464 0.00086257 -0.00035934 -0.99999946 0.0008769 0.00045868 0.99999952 0.00087909 -0.00024608 -0.99999958 0.00089072 -0.00033818 -0.99999952 0.00092743 0.99999952 0.00021927 0.00093364 0.00376572 -0.99999243 0.00093612 -0.9968375 0.07946185 0.00096101 -0.00065143 -0.99999934 0.00097982 0.00269952 -0.99999583 0.00100009 0.00019946 0.99999946 0.00100367 0.00106439 -0.99999893 0.00103829 0.00098142 0.99999899 0.00108197 0.99999893 -0.00100262 0.00111227 0.00111175 -0.99999881 0.00112331 -0.00036372 -0.99999928 0.00112826 0.79479253 0.60688025 0.00119387 0.00145879 -0.99999821 0.00124589 0.9997471 0.02245226 0.00129214 -0.99999911 -6.195e-05 0.00131261 0.0006961 -0.99999887 0.00133057 0.00345986 -0.99999309 0.00134071 0.00088171 -0.99999863 0.00134541 -0.00029594 0.99999911 0.00135379 0 -0.99999911 0.00138244 -0.001293 -0.99999821 0.00138265 -0.00090869 -0.99999863 0.00139282 -0.02154037 -0.99976695 0.00140076 -0.00093443 -0.99999857 0.00145743 0.00228284 -0.99999636 0.00149462 0.9999941 0.00311993 0.00151665 7.474e-05 -0.99999887 0.00152913 -0.00023437 0.99999881 0.00155336 -0.00014663 0.99999881 0.00156206 -0.99916494 -0.04082709 0.00157581 -4.995e-05 -0.99999875 0.00158561 -0.0013211 -0.99999779 0.00160468 0.00042867 -0.99999857 0.00161132 -0.00421989 -0.99998987 0.00162982 -0.99949825 -0.031631 0.00171744 -0.01458931 -0.99989206 0.00175808 -0.00081797 -0.99999815 0.00179886 0.00055924 0.99999821 0.00180379 0.00388921 -0.99999088 0.00184875 0.01434052 -0.99989545 0.0018498 0.01004469 -0.99994785 0.00187266 0.00150039 -0.99999714 0.00210275 0.00063016 -0.99999756 0.00216734 -0.00145123 -0.99999666 0.00237473 -0.9953624 0.09616651 0.00242717 -0.00224165 -0.99999458 0.00244025 -0.01205403 0.9999243 0.00253988 0.00301072 0.99999219 0.0025435 0.00178357 -0.99999523 0.00256116 -0.57996094 0.81464028 0.00256452 -0.00625052 -0.99997711 0.00258779 0.00138207 -0.99999565 0.00260622 -0.00453702 -0.99998629 0.00263457 0.00026126 0.99999648 0.00279878 0.02364999 -0.9997164 0.00279894 -0.99999559 0.00099012 0.00282173 0.9906798 0.13618252 0.0028972 -0.99999577 -0.00050349 0.00302275 -0.02186033 -0.9997564 0.00304605 -0.47826403 0.87821078 0.00306508 -0.00173943 -0.99999374 0.00325827 0.00261992 -0.9999913 0.00325831 0.99999398 0.00116449 0.00325842 -0.00700034 -0.9999702 0.00326313 0.02677518 -0.99963611 0.00347564 0.00536594 -0.99997967 0.00347811 -0.99725854 0.0739137 0.00362108 0.00209492 -0.9999913 0.00374663 0.91396767 0.40576977 0.00380752 0.99800241 -0.06306092 0.00381332 0.02016248 -0.99978936 0.00381831 -0.99323726 -0.11603926 0.00382551 -0.98304474 -0.18332595 0.00384174 0.00735541 -0.99996555 0.00385464 0.80625331 -0.59155786 0.00393526 0.0002214 -0.99999225 0.00397731 -0.00312729 -0.99998713 0.00433778 0.00052314 -0.99999046 0.00435104 -0.99592376 0.09009407 0.00443662 -0.61864579 -0.78565758 0.0044487 -0.00447241 -0.99998015 0.00446907 0.01360539 -0.99989742 0.00450986 0.99635905 0.08513754 0.00478441 -0.03515793 -0.9993704 0.00481072 -0.99982685 0.0179754 0.0048908 -0.99998713 -0.00136804 0.00516909 -0.66310006 0.74851292 0.00526109 -0.9981274 0.06094295 0.00528825 0.0215754 -0.9997533 0.00540385 -0.00573499 -0.99996889 0.00541195 0.00081192 -0.99998504 0.00553719 -0.6184805 0.78578067 0.00565639 0.00078233 -0.99998373 0.00570305 0.99993563 0.00980923 0.00579659 -0.00237388 -0.99998039 0.00582396 0.01587236 -0.99985713 0.0058543 0.9999786 -0.00293409 0.00610518 0.00031348 -0.9999814 0.00614527 0.01716965 -0.9998337 0.00627666 -0.99247336 0.12229908 0.00630794 0.00819603 -0.99994659 0.00634793 0.03139016 -0.99948704 0.00651334 -0.00189574 -0.99997705 0.00662768 -0.0013476 -0.99997711 0.00671037 0.99970144 -0.02349546 0.00672146 0.98770303 0.15619722 0.00678524 0.01621557 -0.99984545 0.00683116 -0.00460547 -0.99996603 0.00722396 -0.03577711 -0.99933368 0.00737883 0.76131076 0.64834511 0.00756697 -0.91977006 -0.39238483 0.00766284 0.00089862 -0.99997026 0.00773774 0.62044334 0.78421313 0.00779818 -0.19768399 -0.9802348 0.00785434 0.99840981 -0.05582407 0.00790017 0.00212356 -0.99996656 0.00808665 -0.99994576 -0.00655268 0.00808791 -0.99994498 -0.0066901 0.0081483 0.00674932 -0.99994403 0.0081728 7.921e-05 0.9999665 0.00817458 -0.00890321 -0.99992692 0.00876433 0.00318576 -0.99995649 0.0098174 0.88374496 0.46786594 0.00983715 0.00951579 -0.99990636 0.01004076 -0.99932474 0.03534474 0.01014092 -0.02489571 -0.99963862 0.01026629 -0.98992556 0.14121595 0.01027471 0.60999072 0.79234189 0.01029191 -0.99883991 -0.04704132 0.01035489 0.99994624 0.00059317 0.01049595 0.10152235 0.99477786 0.01055751 -0.99160182 -0.12889661 0.01097319 -0.99983442 0.01451549 0.01101241 0.02635252 -0.99959207 0.01144616 0.00194931 -0.99993259 0.01181114 0.9958356 0.09039807 0.0118195 -0.82629603 -0.56311214 0.01191666 0.00579352 -0.9999122 0.01203078 -0.56654388 -0.82394367 0.01211431 -0.01382422 -0.99983108 0.01212075 -0.86171377 0.50724983 0.01215382 -0.87520438 -0.48360059 0.01223317 0.64708817 -0.76231712 0.01252096 -0.94068176 -0.33905897 0.01271216 0.99929732 0.0352606 0.01339013 0.99929124 0.03517889 0.01349897 -0.00617952 -0.99988973 0.01365743 0.00628943 -0.99988699 0.01383724 0.99944377 0.03034204 0.01456067 0.01029123 -0.99984103 0.01467203 -0.00602775 0.99987423 0.01481361 -0.93223 0.36156288 0.01527207 0.9998703 0.00512129 0.01565504 -0.08938953 0.99587369 0.01593622 0.99246991 -0.12144797 0.01606946 0.99859691 -0.05045793 0.01613165 0.0161532 -0.99973935 0.01655689 0.99418938 0.10636412 0.01674202 -0.99947178 0.02785505 0.01685432 -0.31562495 0.94873434 0.01686988 0.99925339 0.03475622 0.01721037 -0.99629188 0.0842982 0.01740316 0.00011421 0.9998486 0.01779993 0.9974618 -0.06894364 0.01784717 -0.99957985 0.02283476 0.01787029 0.675457 0.7371828 0.01795369 0.00292918 -0.99983454 0.0181022 -0.00232275 -0.99983341 0.01816119 0.01432085 -0.99973249 0.01830606 -0.99979311 0.00887108 0.0186404 -0.00131895 -0.99982542 0.01866816 -0.02600421 -0.99948752 0.01868313 -0.01177211 -0.99975616 0.01892392 0.0194474 -0.99963176 0.01932966 -0.99629265 0.08382909 0.01965912 -0.9998067 0 0.01983425 0.99620289 -0.08477272 0.01993948 0.64398915 -0.76477474 0.01997959 0.99819386 0.05665538 0.01999233 0.99976379 0.00853457 0.02045855 -0.68776661 -0.72564346 0.02057615 -0.01340223 -0.99969846 0.02083171 0.00609095 -0.99976438 0.02091721 -0.32366872 0.94593924 0.02104783 -0.8358832 0.54850358 0.02194477 0.9967404 0.07763495 0.0220468 0.99583018 -0.08852292 0.02241487 -0.07884834 -0.99663454 0.02251595 -0.02397317 -0.99945903 0.02253976 0.60745931 0.7940309 0.02303156 0.87874907 -0.4767279 0.02303518 0.12204871 0.99225682 0.02323742 -0.00039572 -0.99972987 0.02344939 -0.00350775 0.99971884 0.02357742 0.00380545 -0.99971473 0.02361813 -0.42514494 0.9048171 0.02398552 0.12975679 0.9912557 0.02418051 0.25890774 0.96559936 0.02471038 0.32811382 0.94431496 0.02491962 0.78666353 -0.61687899 0.02549724 -0.99542594 0.09207119 0.02551452 0.99816704 0.05487896 0.02554156 0.98341382 0.17956825 0.02606117 0.9897604 0.14033966 0.02618001 0.5895654 0.80729622 0.02628017 0.5951736 -0.8031674 0.02684018 -0.01484462 -0.99952948 0.02698041 -0.99371696 -0.10862108 0.02710741 -0.99852085 0.0471296 0.02719212 -0.58433419 -0.81105739 0.02737599 0.28808704 0.95721287 0.02756378 -0.97157264 -0.23513144 0.02760956 0.29016846 0.95657718 0.02792201 -0.99959368 -0.00573614 0.02835041 0.00615445 -0.99957907 0.02846632 -0.01809338 -0.99943095 0.0285483 -0.98979181 -0.13963225 0.02870129 0.00474847 -0.99957675 0.02878081 0.9994964 0.01336522 0.02886431 -0.03184088 -0.99907601 0.02903412 0.00041139 -0.99957836 0.02909091 -0.08061737 0.99632049 0.02939664 0.02142801 0.99933815 0.02967519 -0.00808115 -0.99952692 0.0296984 0.01194694 -0.99948752 0.03013498 0.29765436 0.95419794 0.03029196 -0.98381454 -0.17661075 0.03121953 0.99949658 0.00564333 0.03125135 0.99933767 0.01864229 0.03159426 -0.00083758 -0.99950039 0.03187878 0.03600591 0.99884307 0.03238024 0.33505243 -0.94164282 0.03238987 -0.02123692 -0.99924964 0.03242646 0.16902521 0.98507816 0.0327977 -0.99241877 -0.11844527 0.03301021 0.99783915 0.05681079 0.0330639 -0.99938959 0.01127752 0.03334609 0.75081152 0.65967429 0.03343261 0.99647439 -0.07694879 0.03346422 -0.99352586 0.10856488 0.03397459 0.99928838 -0.01638984 0.03397562 0.99941486 0.00396375 0.0341043 -0.96837687 0.24714972 0.03456075 -0.99649251 0.07621159 0.03461491 -0.87689173 -0.47943994 0.03471515 -0.24449165 -0.96902972 0.03476172 0.01028029 -0.99934274 0.03493483 0.91186839 -0.40899336 0.03517175 0.81928778 0.57230264 0.0360615 0.27799419 0.95990562 0.03656415 0.84354371 0.5358144 0.03666677 0.97189283 0.23255058 0.03688899 -0.99573123 -0.08460828 0.03749042 -0.99646354 0.07519806 0.03798597 0.79204428 -0.60928065 0.03846202 -0.30581158 0.95131487 0.03847252 0.99913889 -0.01553177 0.03869292 -0.01314938 -0.99916464 0.03948314 -0.87155867 -0.48869896 0.03977776 0.31438556 0.94846159 0.04000254 -0.01945454 -0.99901015 0.04028873 -0.99853164 -0.03621339 0.04062363 0.34225887 0.93872714 0.04098198 0.72610277 0.68636382 0.04103794 0.97230881 -0.23006828 0.04112891 0.05999555 -0.99735093 0.04131348 0.9989295 0.02081532 0.04138877 0.02510522 -0.9988277 0.04169308 -0.98961586 -0.13755804 0.04198039 -0.55560011 -0.8303892 0.04237999 -0.99904686 -0.01045564 0.04246337 0.9863432 0.15913495 0.04263572 -0.98635828 -0.1589953 0.04263967 0.98635572 0.15901004 0.04263985 -0.98635858 -0.15899239 0.04264016 -0.09049553 -0.99498355 0.04315578 0.87743664 -0.47774753 0.04354939 0.99803019 -0.04515725 0.04395804 0.51034254 -0.85884702 0.0440688 0.78629225 -0.61628109 0.04432673 0.99901676 -0.00087255 0.04463713 0.18815657 -0.98112416 0.04548601 -0.99631834 0.0726696 0.04598889 -0.99341553 0.10493182 0.04654603 -0.00031366 -0.99891609 0.0466347 -0.47684968 0.87774694 0.04717986 0.95832139 0.28176963 0.04733649 -0.96209323 -0.26858145 0.04743208 0.00019377 -0.99887443 0.04771368 -0.99885005 -0.00467056 0.04829583 0.06144812 -0.99694115 0.04871143 -0.02376957 -0.99853009 0.04888233 0.09589236 -0.99419069 0.04889117 0.03570172 -0.99816585 0.04915688 0.00313356 0.99878615 0.04934063 0.83301985 0.55103838 0.04946715 -0.55884701 0.82779402 0.05035723 0.91654068 -0.39675844 0.05049729 -0.99872422 0 0.05049729 -0.99872416 0 0.05058097 -0.99681526 0.06165225 0.05059108 0.99114126 -0.12279926 0.05098258 0.9979232 -0.03936907 0.05133305 0.77635288 0.62820464 0.05177202 -0.28616041 0.95678204 0.05185352 0.82018936 -0.56973743 0.05242963 0.02113525 -0.99840093 0.0525046 0.77873611 0.62515062 0.05279093 -0.99746227 -0.04777181 0.05306571 -0.47806209 0.8767215 0.05318678 0.93003541 0.36360043 0.05335047 0.99606311 -0.07079576 0.05341227 -0.16075754 0.98554766 0.05426882 -0.99842685 -0.01409526 0.05439632 0.1088473 0.99256909 0.05441817 -0.10874064 -0.99257958 0.05455508 0.93515366 0.35001624 0.05476458 -0.9703815 0.23528861 0.05480734 0.20871748 0.976439 0.05517655 0.83071762 -0.55395287 0.05519477 0.83124876 -0.55315375 0.05530563 -0.94802588 0.3133499 0.05587451 -0.94645083 0.31797594 0.05609287 -0.8443141 0.53290445 0.05674468 -0.27016449 0.96114057 0.05711351 0.9951399 -0.08021627 0.05872053 -0.96232456 -0.26548687 0.05911558 -0.7266205 -0.68449104 0.06121363 0.99412084 0.08931258 0.06181679 0.00013181 0.99808747 0.06207162 0.98904121 -0.1339578 0.06240113 -0.75594521 0.65165406 0.06262379 -0.97098619 0.23079018 0.06296097 0.09147616 -0.99381495 0.06314517 0.98780602 0.1423094 0.06349252 0.99742895 0.03322868 0.06371216 -0.97675157 0.20468777 0.06413986 -0.4425832 0.89443064 0.06420704 -0.539267 0.83968359 0.06520435 0.94204009 0.32910335 0.06544527 0.95909047 0.27543119 0.06553488 -0.54493016 -0.8359164 0.06560983 -0.98802584 -0.13964395 0.06602364 -0.70956451 0.70154041 0.06629705 -0.97226989 0.22426756 0.06698459 0.94012225 -0.33419034 0.06704305 -0.893583 -0.44386318 0.06718411 -0.41263932 -0.90841347 0.06722394 -0.9203319 -0.38531813 0.06724336 -0.98462707 -0.1612076 0.06834838 -0.96481079 -0.25390661 0.0686935 0.96405286 -0.25667751 0.06869668 0.96405661 -0.25666273 0.06876587 0.94990879 0.30486813 0.06879028 0.96405524 -0.25664279 0.06880581 -0.0195022 -0.99743944 0.06880593 -0.97185916 -0.22528978 0.06882221 0.96406245 0.25660694 0.06882645 0.96406251 0.25660554 0.06956842 -0.06131595 0.995691 0.06968127 -0.84240741 0.5343166 0.06990685 -0.84687173 0.5271824 0.07016387 0.04866997 -0.99634749 0.07083157 -0.71584958 0.69465262 0.07097002 0.54381531 -0.83619869 0.07115528 -0.99690205 0.03351372 0.07150358 -0.99593943 0.05469856 0.07178909 0.9724052 -0.22197865 0.07237295 -0.87570119 0.47739878 0.07237394 -0.87571317 0.47737688 0.07243308 -0.7571727 -0.64918643 0.07244188 -0.87572652 0.47734189 0.07244741 0.8757934 -0.47721827 0.07266983 -0.92002004 -0.38507417 0.07274006 0.93904889 -0.33600011 0.07276042 0.93911362 -0.33581495 0.07322127 0.395091 0.91571921 0.07344528 -0.92800319 -0.3652615 0.07376239 0.97416604 0.2134469 0.07507325 -0.9549318 0.28717443 0.07571926 -0.54158688 0.8372277 0.07707038 -0.99606454 0.04376697 0.07736947 0.9707917 0.22710687 0.07770111 -0.45563298 -0.88677007 0.07876468 0.70448816 0.7053315 0.07895874 -0.92502087 0.37162071 0.07939848 -0.95984912 0.26904565 0.07940084 -0.95985115 0.26903763 0.0796629 0.56489599 0.82130766 0.07978087 -0.91980845 -0.38417107 0.07984441 -0.94556516 0.31548575 0.07988188 -0.99305624 0.086362 0.08008862 -0.97699761 -0.19763955 0.08021446 -0.27005875 0.95949674 0.08043405 0.10970268 -0.9907046 0.08057734 0.05976646 -0.99495488 0.08057769 0.05969317 -0.99495929 0.08111769 0.93144935 0.35471389 0.08136466 0.86512589 -0.49491096 0.0814073 -0.95858282 0.27293193 0.08147813 -0.24259321 0.96670049 0.08184502 -0.99664438 -0.00117544 0.08215507 0.99646145 0.01775552 0.08235325 -0.0719774 -0.99400061 0.08235836 -0.07611615 0.99369174 0.0824621 0.99643922 0.01757415 0.08251194 0.99530941 -0.0505066 0.08254803 -0.99153525 -0.10021789 0.08285762 -0.35054502 -0.93287337 0.08297443 0.90407395 -0.41924399 0.08301155 0.38372818 -0.91970748 0.08345883 -0.99414146 0.06868358 0.08367371 0.322043 0.94302022 0.08370447 0.99646282 -0.00744467 0.08374313 0.94577754 0.31383422 0.08411034 -0.94580251 -0.31366068 0.08412756 0.94583106 0.3135699 0.08449069 0.53612858 -0.83989733 0.08464731 -0.90646136 -0.41371807 0.08561295 0.92736024 0.36424366 0.08607908 -0.55701643 -0.82602853 0.0865161 -0.04406771 0.99527532 0.08665192 -0.8131265 0.57560128 0.0869028 -0.53770149 -0.83864486 0.08833736 0.10100877 0.99095601 0.08914097 0.28963888 -0.95297599 0.08929614 0.96487182 0.2470801 0.08955372 -0.90163535 0.42312387 0.08956107 -0.94960034 0.3003965 0.09015401 -0.8624115 -0.49811527 0.09034313 0.89063364 -0.44565657 0.09083194 -0.99268764 0.07950383 0.09120861 0.04759035 0.99469393 0.09263173 -0.89602965 -0.43422356 0.09269787 -0.92302829 0.37339777 0.09359147 -0.9040966 0.41695318 0.09364123 0.75818557 -0.64527965 0.09380321 -0.05839514 0.99387676 0.09414933 0.49288294 -0.86498678 0.0942293 -0.9952262 -0.02540877 0.09426277 -0.99532366 0.0211027 0.09440282 -0.63897949 0.76340908 0.09539803 -0.04689299 0.99433404 0.09593689 0.33851081 0.93605912 0.09617311 0.89098066 -0.44373879 0.0969685 0.36211726 0.92707509 0.09745875 -0.70175064 -0.70572507 0.09804549 0.96488523 0.24368754 0.09838849 -0.90553743 0.41270038 0.09849007 -0.91028315 0.40209988 0.09890314 -0.70378458 -0.70349509 0.09905226 0.3656612 0.92546237 0.09913696 0.74917561 -0.65491045 0.09924762 -0.89609289 -0.4326286 0.09930754 0.20306915 0.97411549 0.0994368 0.00266623 -0.99504036 0.09953097 -0.2039022 0.97391862 0.09953835 0.8581689 -0.50362521 0.09972389 0.99500895 -0.00351846 0.09988072 0.93988693 -0.32655221 0.10050131 0.95668638 0.27322257 0.10098378 0.96459365 0.24364184 0.10118881 -0.20585248 0.97333729 0.10142571 0.56900162 -0.81605756 0.10166895 0.89157945 0.44130448 0.10183538 0.82852101 0.55062008 0.10213139 0.93960083 0.32667974 0.10266294 0.97151852 0.21357019 0.1031298 0.90782034 0.40648061 0.10340488 -0.89155918 0.44094172 0.10347699 0.54716939 0.83060116 0.10379221 -0.99141878 0.07947382 0.1039701 0.96561652 -0.23827489 0.10403486 -0.58846664 0.80180031 0.10404947 0.31927326 -0.94193327 0.10419583 -0.65697253 0.7466796 0.10437321 -0.95818222 0.26644507 0.10457109 -0.0143931 0.99441326 0.10539599 0.99442691 -0.00264007 0.10688667 0.49666646 0.86133486 0.10690589 -0.90578651 -0.41002652 0.10693757 -0.68721378 -0.71854115 0.10800641 -0.91528338 -0.38806039 0.108046 -0.50751501 -0.85484183 0.10820968 -0.68437833 -0.72105259 0.10855867 0.42403683 -0.89911509 0.10871124 -0.16766316 -0.97983211 0.1093959 0.99399793 -0.00090532 0.1096602 -0.24013416 0.96452594 0.11053814 0.91762263 0.38177222 0.11074744 -0.90715021 0.40597221 0.11109037 0.71191925 0.69341892 0.11136658 0.52461046 -0.84402692 0.11150961 0.40069443 0.90940076 0.11158538 -0.94726515 0.30039552 0.11181866 -0.23228566 0.96619868 0.11212339 -0.88007027 -0.46141589 0.1133307 0.01659929 0.99341863 0.11361735 -0.00018522 -0.99352455 0.11366782 0.97932434 0.16734318 0.11371903 0.10589386 -0.98785347 0.11423022 0.98624575 -0.11946076 0.11451435 0.99342167 0 0.11466416 -0.90756762 0.40394706 0.11476193 -0.93247008 0.34253323 0.11516798 0.99329543 0.01001758 0.11544156 0.26331413 0.95777816 0.11577236 0.99325913 -0.00573829 0.116921 -0.19021137 -0.97475594 0.1174211 -0.3162176 0.94139189 0.11750142 -0.98951 -0.0840434 0.12017922 -0.77251297 0.62352282 0.12039094 -0.80336356 -0.58319217 0.12168483 0.99253732 0.00790604 0.12179129 0.84820449 0.51547647 0.1219345 0.09237664 0.98822993 0.12219478 0.80298406 0.58333945 0.12253395 -0.32923013 0.93626541 0.12265441 -0.19045168 0.97400415 0.12271376 -0.87943339 -0.4599328 0.12283802 -0.83197588 0.54104245 0.12286924 0.90518934 0.40686047 0.12289435 -0.96412641 0.23528132 0.12321425 0.87965256 0.45937952 0.12324147 -0.87954044 -0.4595868 0.12324192 0.87965822 0.4593614 0.12353279 -0.34114483 0.9318583 0.1239876 0.8417874 -0.52537698 0.12542157 0.92067963 -0.3696194 0.12570755 -0.03494445 0.99145168 0.12635338 -0.82134479 -0.55626214 0.12657641 0.44212446 0.88797772 0.12663956 -0.60271758 0.78784126 0.12691008 -0.98973459 -0.0657213 0.12731783 -0.99179858 -0.01121651 0.12741452 -0.54265922 0.8302328 0.12762257 -0.9196142 0.37151343 0.12886949 -0.69167721 -0.71061611 0.12889129 -0.98886085 0.07444037 0.12900709 0.78472733 0.60626751 0.12900744 -0.86671203 -0.48183751 0.12941547 -0.94636977 0.29603368 0.12984379 0.99153441 -0 0.1298438 0.99153447 0 0.12990129 -0.1077553 -0.98565435 0.13038798 -0.9885996 0.07529744 0.13064432 -0.18259127 0.97447044 0.13138407 -0.31713292 0.9392364 0.13165846 0.90496546 0.40460294 0.13244475 -0.56809378 0.81223631 0.13270898 -0.98807496 0.07807799 0.13302289 -0.05856036 -0.98938149 0.13312225 -0.05866725 -0.9893617 0.13372204 -0.98407888 0.11707743 0.13395995 -0.85082167 0.50809187 0.13408531 0.89446932 -0.42655092 0.13462336 0.90308553 0.40781519 0.13471237 -0.89633173 -0.42242381 0.13471444 -0.82379651 0.55064648 0.13614096 -0.52943969 -0.83735251 0.13675049 0.79757982 -0.58750814 0.13838908 -0.42960361 0.89235044 0.13883875 0.9272809 -0.34766939 0.13949186 -0.1496215 0.97885424 0.13978055 -0.0002409 0.99018252 0.1411698 0.860057 -0.49027869 0.14164951 0.76388955 0.62960953 0.14197664 -0.85117626 -0.50531334 0.14247753 -0.78764069 0.59943491 0.14288098 0.1190844 0.98254967 0.14288713 -0.37470716 0.91606647 0.14309655 -0.95417643 -0.26281339 0.14312722 -0.83344585 0.53374392 0.14315535 0.82796496 -0.54219973 0.14329702 -0.833453 0.53368729 0.14344923 -0.80405641 -0.57698834 0.14345521 0.01149185 0.98959011 0.14365204 0.01022922 0.98957539 0.14378925 -0.87088966 -0.46997443 0.14413106 0.76380509 0.62914878 0.14493048 -0.96184492 -0.23205511 0.14503334 0.86662275 0.47742051 0.1454415 -0.06080476 -0.98749661 0.14550276 0.96180481 -0.23186293 0.14583093 0.11941234 -0.98207635 0.14595203 0.00016086 -0.98929167 0.14647692 -0.87888014 -0.45399797 0.14668909 0.4537569 0.87896925 0.14703387 -6.936e-05 0.98913139 0.14718875 0.98910838 0 0.14718875 0.98910844 -0 0.1472339 0.83859468 -0.52448183 0.14739899 -0.97538096 0.16402987 0.14741002 0.9873212 -0.05888123 0.14780977 0.79574972 -0.58731127 0.14806671 0.85796773 0.49190202 0.1481382 -0.00358402 0.98896021 0.14850262 -0.6780051 0.71989989 0.14870532 0.86542815 -0.47845683 0.1494772 0.6196903 -0.77048063 0.14981821 0.88097173 -0.44882438 0.14982678 0.76716149 -0.62371087 0.14996755 -0.98709983 -0.05606786 0.15012398 -0.9884479 0.02082083 0.15096663 0.39539203 0.90602106 0.15114954 0.98465049 0.08727586 0.15116046 0.9882592 -0.02223426 0.15139526 0.55888379 -0.81530869 0.15169676 0.06394424 0.98635656 0.15218049 0.98443836 0.08787622 0.15223707 -0.98831171 0.00799519 0.15335436 0.82838678 0.53875583 0.15433374 0.749533 -0.64372468 0.15489724 0.71942997 -0.67707258 0.15513732 -0.91480058 -0.37292415 0.15523596 -0.98169059 0.11038766 0.15552388 0.68791986 -0.70892781 0.15608542 -0.86798364 -0.47142524 0.15647173 -0.84805089 0.50628674 0.1565512 0.7318967 0.66318864 0.15664379 -0.71486366 0.6814931 0.15685126 -0.76622033 0.62314045 0.15689687 0.68873882 0.70782924 0.15735328 0.62045532 -0.76829362 0.15770587 0.45854422 0.87456614 0.15808813 -0.09823494 0.9825263 0.15834536 -0.78911835 -0.59348053 0.15836361 -0.03189097 0.98686564 0.15840939 -0.30617583 -0.93870282 0.15844144 -0.84620607 0.50875485 0.15849902 -0.98631042 -0.04549701 0.15883189 0.98470092 -0.07166968 0.15903296 -0.78929693 -0.59305888 0.15912254 0.78902781 0.59339297 0.15915401 0.78903592 0.59337366 0.15958606 -0.24039714 0.95746619 0.15989514 -0.98616308 -0.04376962 0.16009854 0.98629427 -0.03990213 0.16042449 0.83002675 -0.53415316 0.16065699 -0.95294386 -0.25707421 0.16072832 0.98409545 0.07564821 0.16075149 0.88955557 0.42760953 0.16076447 -0.86634922 0.472857 0.16077147 -0.08224038 -0.98355943 0.16089493 0.98513871 0.06012259 0.16131844 0.98614126 -0.03875245 0.16266887 -0.60228163 -0.78153414 0.16275503 0.72299695 -0.67140603 0.16297264 0.05163234 -0.98527867 0.16327222 0.98641968 0.01784579 0.16342621 0.25335249 -0.95346969 0.1635664 0.91300017 -0.37373358 0.16358687 0.60706806 0.77762955 0.16381872 -0.92539263 0.34177738 0.16445629 0.85112798 0.4985331 0.164515 -0.65854466 0.734339 0.16471824 -0.71219742 0.6823802 0.16477776 -0.98633015 0.00109618 0.16525938 -0.71899211 -0.67508495 0.16564816 -0.73178118 0.66110277 0.16584994 -0.74571586 0.64529204 0.16609524 -0.32044196 0.93259275 0.16619596 -0.24113712 0.95615476 0.16645661 0.04542586 0.98500186 0.16685392 -0.85037524 -0.49902079 0.16699085 -0.98595834 -0.00059129 0.16701525 -0.98533338 -0.03498736 0.16760552 -0.97227609 0.16305669 0.16762592 -0.72352666 0.66963476 0.16765155 -0.96749854 0.18931356 0.16783997 0.91048872 0.37794164 0.16794607 0.66710073 -0.72578973 0.1680482 0.70578068 -0.68821037 0.1681959 0.55743277 0.81300604 0.16871142 -0.98343194 -0.06631736 0.16915716 0.72549367 -0.66711682 0.1691864 0.42245084 0.89045566 0.16997722 -0.98535866 -0.01327027 0.17018138 0.53332949 0.82861209 0.17042308 0.98489183 -0.03072318 0.1717294 -0.69640845 0.69679576 0.17173907 0.72020847 -0.67216474 0.1717889 0.34601164 -0.92236906 0.1718445 0.98509467 -0.00761418 0.17216071 -0.10754594 0.97918051 0.17240457 0.98312485 -0.06117488 0.1724266 0.98491448 0.01457693 0.17252424 -0.98489404 -0.01480753 0.17257564 0.98487973 -0.01514933 0.1725859 0.98488456 0.01471423 0.17265067 0.66525358 0.72638106 0.17267872 -0.98486537 0.01491013 0.17271166 -0.98485923 0.01493471 0.17273331 -0.9848547 -0.01497938 0.17278159 -0.9848457 0.01501112 0.17281899 0.9848395 -0.01499447 0.17283355 -0.98483652 -0.01502184 0.17283538 0.98484582 0.01437523 0.17284726 -0.98483378 0.01504596 0.17285046 0.98483378 -0.01500237 0.17287968 0.98482823 -0.01503104 0.17288028 0.98482794 -0.01503924 0.17291185 -0.98482615 0.01479837 0.17291194 0.98482192 0.01507618 0.17291513 0.9848268 -0.01472023 0.17292222 -0.98481983 0.01509629 0.17293288 -0.98481733 0.01513046 0.17293586 -0.98482019 0.01491224 0.17293639 -0.98482025 0.01490833 0.17295638 -0.98481327 0.01513011 0.172968 0.9848116 0.01510284 0.17297065 -0.98481131 -0.01509204 0.17297098 -0.98481297 -0.01498554 0.17297558 -0.98480999 0.0151276 0.17297563 -0.98480976 -0.01514007 0.17297755 0.98480952 0.01512902 0.17297767 -0.9848094 0.01513585 0.17297786 0.98480922 0.01514774 0.17298049 -0.98480904 0.01513083 0.17298327 0.9848088 -0.01510667 0.1729892 -0.98480707 0.01515519 0.17299141 0.98480719 -0.01512766 0.17299385 -0.98480672 -0.01512808 0.17299452 0.9848063 -0.01514914 0.17299496 0.9848063 0.01514341 0.17299505 0.98480612 -0.0151497 0.17299576 0.98480618 0.01514004 0.17300734 0.98480415 -0.01513995 0.17301662 0.98480028 0.01528026 0.17302074 -0.98480177 -0.01514667 0.17302957 0.9847998 0.01517143 0.17303433 -0.984797 -0.01529232 0.17303726 0.98479903 -0.01513264 0.17303936 -0.98479527 -0.01535249 0.17303966 -0.98479801 0.01517251 0.17304865 0.98479599 0.01520713 0.17305052 -0.98479658 -0.01513906 0.17305127 0.98479086 0.0155009 0.17305253 0.98479545 0.015193 0.17306112 0.98478991 -0.01544672 0.17308027 0.9847849 0.01555645 0.17311385 -0.98477775 0.0156311 0.17311789 -0.9847849 0.0151263 0.17314143 0.98477912 0.01523333 0.17320578 -0.98475325 -0.01615511 0.17325214 0.98475736 -0.0153839 0.17332028 -0.98474568 -0.01536466 0.17332484 0.98474455 0.01538554 0.17340051 0.75317776 -0.63455141 0.17345098 -0.73964125 -0.65026575 0.17345917 -0.98472035 -0.01542113 0.17349525 0.98413557 0.03710193 0.17354405 -0.98482603 0 0.17355525 0.98470807 0.01512084 0.17355652 -0.98482394 0 0.17355812 0.77178526 0.61173934 0.17366262 0.98480517 0.0004678 0.17386183 -0.7384035 0.6515615 0.17414908 -0.98459119 0.01588563 0.17416725 -0.73959059 -0.65013182 0.17427276 0.10795648 -0.97876173 0.174275 -0.7395727 -0.65012342 0.17437039 -0.73956656 -0.65010488 0.1744816 0.98466045 0 0.17462517 0.80288887 -0.56997859 0.17462854 0.80290437 -0.56995565 0.17465226 -0.73844254 0.65130574 0.17467102 -0.73837638 0.65137571 0.17468943 -0.73837763 0.65136933 0.17469087 -0.73962522 -0.64995205 0.17471689 -0.61562163 -0.76842952 0.17507035 0.98455554 0.00081449 0.1752972 0.00085169 -0.98451525 0.17532496 -0.05124028 0.98317629 0.17542762 -0.73432255 -0.65574032 0.17552258 -0.00097202 0.9844749 0.17552385 -0.61630851 -0.76769483 0.17563798 -0.73436433 -0.6556375 0.17566097 -0.42256385 0.88914734 0.17572866 -0.73435915 -0.65561879 0.17625974 0.11583616 -0.97750419 0.17683788 0.56884319 -0.8032096 0.17701252 -0.08597282 0.98044646 0.1776631 0.67230409 -0.71863967 0.1778187 0.68813372 0.70345765 0.17785487 0.69456506 -0.69709903 0.17855094 0.12846127 -0.97550875 0.17864963 0.96110392 -0.21062683 0.17869936 0.85095638 0.49390271 0.17877765 -0.72574949 0.66432387 0.17927578 -0.69774824 0.69354719 0.17931226 0.97593385 -0.1240976 0.17937833 0.5430755 -0.82030016 0.17961356 0.9835279 -0.02029415 0.17968391 -0.74599254 -0.64125568 0.17986058 0.65233546 0.73628026 0.17994986 0.98367453 0.00154728 0.18058096 -0.59300423 0.78468883 0.1809627 0.80225003 -0.56890017 0.18105713 0.58175349 0.79295725 0.1816045 0.78631866 0.59052742 0.18161733 -0.0971043 0.97856325 0.18163978 -0.49711761 -0.84845805 0.18165646 -0.98244977 -0.04234944 0.1826175 -0.81675005 -0.5473299 0.18266158 -0.98307341 0.01418317 0.18301433 0.38931406 0.90274042 0.18304445 0.76574731 0.61654329 0.18308349 -0.00044097 -0.98309731 0.18392876 0.81268322 -0.55291605 0.18428418 0.982256 0.03481949 0.18448274 0.68194216 -0.70775777 0.1847048 0.04946521 -0.98154843 0.18478565 -0.59539717 0.78189284 0.1849567 -0.78640342 -0.58937317 0.18520646 -0.9816798 -0.04475776 0.18531725 -0.04647229 -0.98157924 0.1859834 0.44091028 0.87807077 0.18608809 0.61161673 0.76895779 0.18621145 0.9822433 0.0228765 0.18656304 0.97945601 -0.07655204 0.18744136 0.98222256 0.0102279 0.18798482 -0.01629503 -0.98203671 0.18837994 0.54942799 0.8140282 0.18866019 -0.68758768 -0.70116365 0.1887871 0.98189509 0.01554252 0.1888032 -0.68053985 -0.70796824 0.18896285 -0.64154738 -0.74344462 0.18917647 0.76584673 -0.61456585 0.18968518 0.58027506 0.792023 0.18978338 0.67704666 0.7110486 0.18997733 -0.96818221 -0.16288583 0.19012184 0.98176032 -0.0004936 0.19037236 0.975541 -0.10990079 0.19055672 0.67728364 0.71061593 0.19059214 -0.67713511 -0.71074802 0.19071224 -0.67717171 -0.7106809 0.19075142 -0.69098139 0.69725078 0.19081666 0.64497864 -0.73999435 0.1911236 0.87903047 0.43678054 0.19122215 -0.07916771 0.97834891 0.19152239 0.98144823 0.00886512 0.19167133 0.5130583 -0.83667994 0.19186489 0.42569697 0.8842907 0.1920705 0.98137683 -0.00288284 0.19212061 -0.97508585 -0.11089268 0.19224201 0.24660866 0.9498564 0.19226591 0.52316922 -0.83025765 0.19246493 -0.66512644 0.72150129 0.1926993 0.62789482 0.75406569 0.19353071 -0.66443682 0.72185147 0.19372493 -0.01362522 -0.9809612 0.19393909 -0.53657001 0.82126743 0.1943374 0.39573544 -0.89756697 0.19486462 0.48106605 -0.85475332 0.19499573 0.73286349 -0.65183419 0.19548687 -0.25435129 0.94714856 0.19555481 -0.9806928 0 0.1955869 -0.98068631 6.1e-07 0.19573337 -0.05686583 -0.97900707 0.19587508 -0.52467746 -0.82846034 0.19588909 0.50215369 0.84229982 0.19592203 0.68772656 -0.69903284 0.1962228 -0.63532352 0.74690062 0.19668078 -0.07283454 -0.97775859 0.19708033 -0.63926113 0.74330658 0.19718011 0.76901877 -0.60805428 0.19719692 -0.64717519 0.73639512 0.19725929 0.97485453 -0.10367007 0.19736679 0.72925436 -0.65515989 0.19743244 0.3895396 -0.89959949 0.19748737 0.54707944 -0.81345123 0.19784914 -0.96842003 -0.15171851 0.19801858 0.66498339 -0.72012895 0.19817664 0.90384543 -0.37919572 0.1982443 0.9788025 -0.05142804 0.1983595 -0.9801293 0 0.19835952 -0.98012936 0 0.19837488 0.97877192 -0.05150656 0.19854233 0.98007351 0.00606339 0.19859238 -0.9800604 -0.00653704 0.19893008 0.50208533 -0.84162766 0.19950892 0.66860783 0.71635169 0.19970308 -0.76665235 -0.61021537 0.19985989 0.63997203 0.74195147 0.19997633 0.68184656 0.70362985 0.20097733 0.44662586 -0.87185627 0.20148887 -0.52046156 0.82977235 0.20185998 0.57770109 -0.79089439 0.2018621 -0.66665775 0.71750909 0.20217732 0.57633746 -0.79180777 0.20254204 0.09168824 0.97497183 0.20263819 0.7476657 0.63240308 0.20283934 0.76067179 0.61663181 0.20298256 -0.57708675 -0.79105562 0.20298693 -0.66369838 0.71993119 0.20300233 0.91124785 0.35835385 0.20340976 -0.3977026 -0.89468265 0.20349042 -0.58029521 0.78857404 0.20353581 -0.06579037 -0.97685462 0.20466688 -0.27817288 0.93847287 0.20489076 -0.07720938 0.97573483 0.20565507 0.7980141 0.56646222 0.2057558 0.68916649 -0.6947763 0.20578054 0.68812698 -0.69579846 0.20602764 -0.54274082 0.81423891 0.20614354 -0.92540991 -0.317996 0.20653854 0.76113826 -0.61482561 0.20673136 0.97838461 0.00507263 0.20679401 0.78880155 -0.57881641 0.20704299 0.97675967 -0.05544188 0.20711966 -0.0327376 0.97776765 0.20718923 0.13389103 0.96909535 0.20725787 -0.70522022 0.67801821 0.20742799 0.78660446 0.58157301 0.20752092 0.62146288 0.75545943 0.2081479 -0.92145133 0.3280274 0.20927063 0.97757697 0.02342935 0.20992324 0.82464629 0.52525306 0.21059373 0.36822826 0.90557063 0.21131733 0.52675492 0.82333118 0.2114781 -0.9771803 -0.0198903 0.21255361 0.62046254 0.75488234 0.21262497 0.9214859 -0.3250449 0.2128734 -0.59793288 0.77276212 0.21301185 -0.97692591 0.015546 0.21336724 -0.34118193 -0.91546118 0.21341561 0.96363276 0.16082869 0.21342295 -0.33900943 -0.916255 0.21386977 0.96903872 -0.12338384 0.21411045 -0.96894944 -0.12366831 0.2145234 -0.55392635 0.80445337 0.21485694 0.97661036 0.00828365 0.21512181 0.42582211 0.8788619 0.21553342 -0.97584277 -0.0357237 0.21572131 0.54671669 0.80905205 0.2161821 0.94773322 -0.23466349 0.21622609 -0.97633284 -0.00451521 0.2168074 0.54709047 0.80850881 0.21687075 -0.54699141 -0.80855888 0.2168797 -0.77648336 0.59163922 0.21696526 -0.54702389 -0.80851156 0.21732564 0.44817287 -0.86712784 0.21735352 -0.34128311 -0.91448534 0.21810025 -0.40816045 0.88647467 0.21816926 -0.54503196 0.80953211 0.2183437 -0.57699049 0.78702486 0.21882306 -0.68850911 0.69142741 0.21894544 -0.54260701 -0.8109504 0.22043556 0.29310107 0.93032253 0.22058563 0.78396028 0.58030003 0.22080898 0.97357643 0.05824479 0.22098213 0.84724247 0.48306018 0.22111253 -0.18291561 0.95794106 0.22120689 -0.97461367 0.03458131 0.2219993 -0.63826567 -0.73711145 0.22284967 -0.45443484 0.86245406 0.22302894 0.63784367 -0.73716599 0.2231549 0.501908 0.83563763 0.22385588 -0.97279805 -0.05960357 0.22392043 -0.50958055 0.83077508 0.22392587 0.1690864 0.95982659 0.22405659 -0.63971299 -0.73523194 0.224154 -0.17756753 0.95824045 0.22441658 -0.61778957 -0.75364006 0.22476037 -0.47172859 0.85261649 0.22492401 -0.97344059 0.04269252 0.22510099 0.97416818 -0.01805431 0.22526835 0.49701521 0.83799171 0.2254985 -0.38404781 0.8953535 0.22565036 0.75064605 0.62097698 0.22596045 0.97224528 -0.060672 0.22612555 -0.60475791 -0.76363289 0.22624782 -0.28370056 0.93184012 0.22638808 -0.05562807 0.97244745 0.22655877 -0.15575652 0.96146291 0.22671752 -0.97206771 0.06069157 0.22675428 0.57695007 -0.78467268 0.22702463 0.25363126 -0.9402824 0.2272011 -0.07707731 0.97079289 0.22729233 0.33885735 0.91296989 0.22867857 -0.3212539 -0.9189679 0.22878294 0.2552799 -0.93940967 0.22881521 0.80027139 0.55426461 0.22888631 0.45749295 -0.85925037 0.2292273 0.97336864 -0.00287809 0.22957519 0.39125729 0.8911863 0.22961599 -0.28648505 0.93016279 0.23005572 0.96923882 0.08746613 0.23136875 0.7028091 0.67270201 0.23151943 0.51813018 -0.82337093 0.23169455 -0.44249657 0.86632246 0.23178294 0.51843464 -0.82310522 0.23180832 0.90948004 0.34512442 0.2323212 -0.44248036 0.86616278 0.23244306 -0.96219009 0.14198749 0.23279262 -0.34116268 -0.91072261 0.23285782 0.8120591 -0.53510487 0.23324227 0.11472613 0.96562719 0.23335345 0.86868727 -0.43695387 0.2345797 0.05994727 0.97024673 0.23463264 0.42371061 -0.87488109 0.23467894 0.55059385 0.80110693 0.23484492 0.42378068 -0.87479013 0.23485507 -0.43071139 0.87139589 0.23524047 0.09960685 0.96681982 0.23527479 -0.71882975 -0.65416318 0.23594025 -0.08426983 0.96810687 0.23608486 0.57564795 -0.78287506 0.23623134 -0.14311482 -0.9610998 0.23625205 -0.9567886 -0.16953035 0.23628554 0.40151331 0.88484812 0.23667032 -0.60824686 -0.75764292 0.23684858 -0.04921635 -0.97029924 0.23685089 0.90179986 -0.36146724 0.23704776 -0.02885574 -0.97106934 0.23717453 0.40184179 0.88446105 0.23720922 -0.40153641 -0.88459039 0.23725815 -0.40155452 -0.88456917 0.23745649 -0.51697648 -0.82240492 0.23753619 0.31071761 0.92034304 0.23765722 0.61183959 0.75443453 0.23816186 0.25037202 -0.93839908 0.23860694 -0.69602197 -0.67721492 0.23868223 0.57601458 -0.78181702 0.23890173 -0.1448411 0.96018076 0.23908497 -0.06186111 -0.96902609 0.23941426 0.45303819 0.8587417 0.23976868 0.12777244 -0.96238518 0.23987734 0.03983857 -0.96998543 0.24072824 -0.4977276 0.8332569 0.24080198 0.28638461 0.92736095 0.24086925 -0.96838623 0.0648858 0.24136204 0.14091972 0.96014887 0.24139237 -0.67140627 -0.70067352 0.2416625 -0.10840733 0.96428585 0.24199903 -0.4540486 0.85748255 0.24210118 -0.61230403 -0.75264251 0.2426023 -0.03018095 -0.96965623 0.24262691 -0.03805008 0.96937317 0.24281618 -0.34101894 0.90815538 0.24304199 -0.19854333 -0.94947934 0.24360332 0.95403337 -0.17457892 0.24376185 -0.1679322 0.95518529 0.24421553 0.41835439 -0.87483615 0.24439636 -0.96927595 0.02783009 0.24450669 0.94894487 -0.19929922 0.244717 0.47677281 0.84427553 0.24590419 -0.25516605 0.93510514 0.24607423 -0.07812395 -0.96609735 0.24618219 0.96699601 0.06567325 0.24630661 0.07037591 0.96663344 0.24700736 0.01794832 0.96884739 0.24731441 -0.26262262 -0.93266553 0.24775952 0.36033615 0.8993181 0.24785131 -0.00100517 0.96879762 0.24831967 -0.01712069 0.9685269 0.24912944 0.01222114 -0.96839309 0.24935037 0.5501501 -0.79696882 0.24937688 0.15881282 -0.95529568 0.24953197 -0.0477201 0.96719003 0.24966301 -0.37121475 -0.89435333 0.24969488 0.24536896 0.93672115 0.24993037 0.24546012 0.93663448 0.24996142 -0.06475744 0.96608782 0.25034437 -0.70489347 0.66366619 0.25047293 -0.64585441 -0.7212041 0.25094783 0.07033017 0.96544224 0.25103819 -0.24548577 -0.93633145 0.2510798 -0.2455018 -0.93631607 0.25109541 -0.39829871 0.88221842 0.25114936 0.87833071 -0.40676677 0.25119251 -0.96268833 -0.10066544 0.25129718 -0.87283957 0.41833094 0.25130007 -0.12212714 -0.96017355 0.25167191 -0.43764856 0.86320621 0.25178027 0.31316727 0.91571444 0.25195131 0.39155814 0.88498747 0.2521818 0.64635938 0.72015548 0.25239465 -0.06630713 -0.96534991 0.2529273 -0.96572238 -0.05837863 0.25295389 0.07118954 0.96485567 0.25306362 -0.44233647 -0.86040533 0.25310829 0.1033763 0.96189898 0.25323093 -0.06073455 -0.96549755 0.25339338 -0.22281207 0.94135362 0.25347665 -0.08377661 0.96370691 0.25351283 -0.05281432 0.96588922 0.25470647 0.10330595 0.96148455 0.25503734 3.43e-06 -0.96693116 0.2556358 -0.14533257 -0.95578706 0.25570616 0.00028777 -0.9667545 0.25579137 -0.00046671 0.96673191 0.25597268 -0.21681041 -0.94205695 0.25658375 0.13604295 -0.95689976 0.2566908 -0.30623218 -0.91669607 0.25680435 0.00048211 -0.96646327 0.2569412 0.08239532 0.96290815 0.25696331 -0.00090584 0.96642077 0.25707608 -0.08323295 -0.96280015 0.25731379 1.688e-05 0.96632785 0.25742504 -7.844e-05 0.96629822 0.25769415 8.514e-05 -0.96622658 0.25778267 -5.3e-07 -0.96620291 0.25780696 -0.0598969 0.96433806 0.25781783 -1.85e-06 -0.9661935 0.2578381 0 -0.96618819 0.25788924 -0.00031723 -0.96617442 0.25796357 -0.00017357 0.96615469 0.2579641 0.96499383 0.04734199 0.25796947 -0.00054511 0.96615297 0.2579976 -8.566e-05 -0.96614563 0.25813237 0.00074287 -0.96610934 0.25815362 0.00153182 0.96610266 0.25815558 0.00070914 -0.96610314 0.25817084 0.08287559 0.962538 0.25818908 -0.08285753 -0.96253473 0.2582559 0.00079565 0.96607614 0.25830331 0 -0.96606398 0.25834709 -5.34e-06 -0.96605211 0.2584317 -0.00106401 0.96602893 0.25848329 0.00059491 -0.96601552 0.25848368 -4.093e-05 0.96601564 0.25852478 0.00097441 0.96600419 0.25852972 0 0.96600324 0.25852972 -0 0.9660033 0.25856817 0.00113158 0.96599239 0.25860381 0 -0.96598345 0.25860381 4.257e-05 -0.96598351 0.25860432 -6.23e-06 0.96598333 0.25861943 -0.00082502 0.96597886 0.25864452 2.37e-06 0.9659726 0.25865048 -0.09001189 -0.96176797 0.25865138 -1.8e-06 -0.96597075 0.25865138 3.26e-06 -0.9659707 0.25866899 -0.00035868 -0.96596599 0.25868902 -0.00080453 -0.96596026 0.25870708 -5.26e-06 0.96595579 0.25871536 -9.6e-06 0.96595359 0.25872549 -8.7e-07 0.96595085 0.25872549 1.445e-05 0.96595091 0.25873443 -0.00029567 0.96594852 0.25874147 -0.00093683 -0.96594626 0.25874528 -1.053e-05 0.96594566 0.25875023 -1.268e-05 -0.96594429 0.25877562 1.214e-05 0.96593744 0.25877795 7.4e-06 -0.96593684 0.25878185 -0.00085539 -0.96593541 0.25879082 0.00019917 -0.96593344 0.25881574 -0.00029123 0.96592659 0.25883558 4.93e-06 0.96592134 0.25883734 0.00102398 0.96592039 0.25883946 -0.00012041 0.96592033 0.2588529 -0.00020366 -0.96591669 0.25885403 0 -0.96591651 0.25885412 -1.71e-06 -0.9659164 0.25885516 -6.584e-05 -0.96591622 0.25886184 0 -0.96591437 0.25886303 0 0.96591413 0.25886446 0.0001536 0.96591365 0.25887164 -8.411e-05 0.96591175 0.25887379 0 -0.96591109 0.25887501 0 0.96591085 0.2588751 0 0.96591079 0.25887555 -4.4e-06 0.96591067 0.25887951 -4.071e-05 -0.96590954 0.25888243 8.8e-07 0.96590889 0.25888246 0 0.96590877 0.2588917 9.22e-06 -0.96590638 0.2588979 -0.00056784 -0.96590447 0.25892216 -0.41912875 -0.87022436 0.25895301 0.00118973 0.96588922 0.25895441 5.53e-06 0.96588957 0.25895488 -9.697e-05 0.96588945 0.25896791 -0.00022403 -0.96588594 0.25896803 -0.00062145 -0.96588564 0.25897652 2.89e-06 -0.96588361 0.25898296 2.11e-06 -0.96588194 0.2589857 -0.0001355 -0.96588117 0.25898817 0.00035451 -0.96588045 0.25899133 9.7e-07 0.96587968 0.25900638 0.00056592 -0.96587551 0.25903425 -0 0.96586812 0.25903425 -0 0.96586818 0.25903583 -0.00022198 -0.96586764 0.25904486 -9.51e-06 -0.96586537 0.2590459 0 0.96586508 0.25905073 -0.00025471 -0.96586365 0.25906205 -1.394e-05 0.96586066 0.25906208 -1.168e-05 0.96586072 0.25906906 -1.344e-05 0.96585882 0.25907382 -1.414e-05 0.96585757 0.2590754 0.96567184 0.01891636 0.25910887 0.00022224 -0.96584815 0.25911674 -1.19e-06 -0.96584606 0.25912926 4.92e-06 0.96584266 0.2591303 0.00093353 -0.96584189 0.25917295 -1.52e-06 0.96583092 0.25918815 0 0.96582687 0.25919151 -0.00048419 -0.96582586 0.25929096 1.129e-05 -0.96579933 0.25936806 2.1e-05 0.96577853 0.25938597 -4.159e-05 -0.9657737 0.25940022 8.49e-06 -0.96576983 0.25947896 -0.39917341 0.87939256 0.25948942 0.25500077 0.93147182 0.25964114 2.171e-05 -0.96570516 0.25965899 -0.34378871 -0.90243363 0.25969937 0.00092318 -0.965689 0.25973427 0.42331699 -0.86795211 0.25994566 -0.00059181 0.96562302 0.26005876 6.061e-05 -0.96559274 0.26014718 -0.00076129 0.96556866 0.2601622 0.96512753 0.02905864 0.2603181 0.07406849 -0.96267766 0.26039317 0.00077762 0.96550244 0.26039806 0.96549386 0.00380531 0.26043457 -0.0011852 0.9654907 0.2604382 0.0001332 0.96549046 0.26043922 0.00012819 -0.96549022 0.26061282 5.981e-05 -0.96544343 0.26062548 0.00010624 0.96543992 0.26104897 -0.0003129 0.96532547 0.26180729 -0.39791831 0.87927127 0.26273414 -0.28359613 -0.92224944 0.26372531 -0.04107374 -0.96372294 0.26413435 0.75821799 -0.59610271 0.26435471 -0.33961996 0.90264881 0.26441982 0.283795 -0.92170632 0.26451629 -0.32762492 0.90702426 0.26525688 0.88781703 -0.37605789 0.26625121 0.9369753 0.2262466 0.26628298 -0.11380599 0.95715278 0.26677984 0.03183947 0.96323138 0.26699108 0.37402993 0.88815391 0.26767632 0.01696443 -0.96335948 0.26790893 -0.96192694 0.05404885 0.26798478 -0.81088156 -0.52024543 0.26819089 -0.74814743 0.60691774 0.26855892 0.20601442 -0.94097513 0.26856714 -0.26154315 -0.92707437 0.26873344 -0.96050304 0.07222346 0.26882598 -0.05693961 -0.96150428 0.26898476 -0.12428784 -0.95509154 0.26899028 -0.95991731 0.07875893 0.26911342 0.96127975 0.05932375 0.26938111 -0.93969864 0.21071406 0.26966563 0.34160566 0.90032548 0.27062643 0.74742025 0.60673249 0.27078548 -0.96263474 -0.00309174 0.27121186 0.14362325 0.95174384 0.27131698 -0.05240048 0.96106255 0.27150401 -0.54672885 0.79206896 0.27164519 0.00081933 -0.96239716 0.27190453 0.12105563 -0.95467973 0.27207181 -0.43927774 -0.85616124 0.2729536 -0.94805974 0.16333741 0.27297464 0.00131385 0.9620204 0.2736235 0.006884 0.9618122 0.27362624 -0.11046471 -0.95547175 0.27461037 -0.16544488 -0.94721544 0.27517131 0.09396541 -0.95679212 0.27532092 0.14657971 0.95011204 0.27548537 0.05269248 -0.95986009 0.27556467 0.95847064 -0.07347212 0.27557391 0.08960497 0.95709449 0.27616939 -0.18969786 0.94220221 0.27702814 0.14566904 0.94975567 0.27828425 0.22462545 -0.93386358 0.27856579 0.4819057 -0.83076358 0.28017524 0.94131559 0.18822049 0.2802079 -0.05356429 -0.95844376 0.28122905 -0.71702462 0.63779759 0.28145233 0.00226702 -0.95957249 0.2823444 -0.71693045 -0.63741064 0.28262165 0.11509432 0.95230156 0.28262997 0.95922899 -0 0.28299052 0.95610833 0.07598099 0.28331834 -0.09615919 0.95419288 0.28367606 -0.12191155 0.95113909 0.28421932 0.0002165 -0.95875919 0.28517929 -0.0834132 -0.95483768 0.28524718 0.95432043 -0.08891861 0.28542209 -0.3679015 0.88497609 0.28551632 -0.64483285 -0.70899302 0.28617078 0.11620697 0.95110589 0.2862148 -0.71951628 0.63275385 0.28640288 0.08058268 -0.9547146 0.28660035 -0.74059224 -0.60776913 0.28698295 0.66952914 0.68510699 0.28708258 -0.31698209 0.90393925 0.287889 0.90608579 -0.31004599 0.28803349 0.69884366 0.65471691 0.28816447 0.83259094 -0.47302592 0.28891969 -0.94270176 0.16684984 0.28934887 0.04509885 -0.95616072 0.291504 -0.88725305 -0.35750198 0.29377809 0.93847322 -0.18155561 0.29379195 0.93829799 -0.18243621 0.29389739 -0.95574874 -0.01298561 0.29558626 0.68253392 -0.66841316 0.29570341 0.00751888 -0.95525026 0.29607946 0.74127734 0.60236603 0.29614425 0.20413962 0.93307322 0.29685143 -0.7920348 0.53344178 0.29685393 -0.79204148 0.5334304 0.29756731 0.41468516 -0.859936 0.29777759 0.48116204 -0.82450682 0.29858279 0.20673399 0.93172395 0.29859161 -0.6748004 0.67489809 0.2986443 0.03367558 0.95377016 0.29869217 -0.95094782 -0.08050549 0.30026883 -0.53114516 -0.79229009 0.30045143 0.8245402 0.47943968 0.30129695 -9.743e-05 0.95353037 0.30148038 0.02828309 -0.95305282 0.3035413 -0.03565109 -0.95215106 0.30373651 -0.9526304 -0.01547498 0.30481949 0.09456681 -0.9477036 0.30510402 -0.03392895 0.9517144 0.30586207 0.82561094 -0.4741464 0.30600917 0.95202851 0 0.30600917 0.95202857 -0 0.30654496 0.00117198 0.95185554 0.30692592 -0.7135514 -0.62979418 0.30808383 -0.92761517 -0.21122168 0.30872399 -0.93431264 0.17818347 0.30913562 0.93654138 0.16530459 0.30959219 0.2902188 -0.90549743 0.30984825 -0.06522812 -0.94854587 0.31098494 0.74037576 0.5959295 0.31175923 0.15574512 -0.9373098 0.31197786 0.0386268 -0.94930387 0.31260312 0.03692724 -0.94916582 0.31406769 -0.47182578 -0.8238579 0.31474468 -0.59340298 0.74081624 0.31491634 0.19390026 0.92910188 0.31493384 -0.03578272 0.94843882 0.31496507 -0.25483444 0.91425192 0.31515864 -0.27635956 0.90790993 0.31542188 0.9313305 0.1820236 0.31552181 2.55e-06 -0.94891834 0.3166748 0.01924681 0.94833893 0.31667888 0 0.94853282 0.317361 -0.26608086 0.91021037 0.31752339 0.85297066 0.41427043 0.31911215 -0.03072473 0.94721866 0.31990102 0.94723129 0.02040278 0.31990597 -0.94742101 0.00732355 0.31999528 -0.08177169 0.94388366 0.32116526 0.77702343 -0.54137552 0.3230285 -0.13178276 0.93716908 0.32352585 -0.5577693 0.76434571 0.32372975 -0.32919246 0.88703519 0.32447714 0.8447544 0.4255639 0.32505473 -0.30614436 0.89477104 0.32612985 -0.65575182 0.68090296 0.32620248 -0.62735605 0.70711833 0.3276577 0.60542071 -0.72533178 0.32874781 0.94253618 0.05958378 0.32985598 -0.12298293 0.93598622 0.33161139 -0.94341588 -0.00052529 0.33187041 0.91160899 -0.24255104 0.33209464 -0.29848689 0.89477301 0.33256647 -0.11661541 0.9358421 0.33261371 -0.35332403 -0.87437415 0.33269313 0.04155466 -0.94211912 0.33283776 0.05052165 0.94162971 0.3332985 -0.03167616 0.94228911 0.33350027 0.93852162 0.08918869 0.33392963 -0.94259799 -0.0001607 0.33519191 -0.91522521 0.22362736 0.33540696 0.08688637 -0.93805808 0.33643216 0.93734783 0.09051179 0.33646533 0.38093647 0.8612076 0.33669791 0.09311281 0.93699765 0.33738872 -0.29171643 0.89502531 0.33779553 -0.94121957 -8.361e-05 0.33866841 -0.04301369 -0.93992203 0.33955324 -0.03955614 0.93975478 0.34016484 0.94036579 -0 0.34034494 -0.33143756 0.87995148 0.34079686 -0.88251781 -0.32406756 0.34140018 0.93991745 -0.00104717 0.34168836 0.03633708 0.93911058 0.34208399 0.93963641 -0.00787839 0.34218249 -0.93963355 0 0.34219122 -0.93963033 0 0.34219125 -0.93963039 0 0.3422437 0.93960124 -0.00434603 0.34295043 0.93902421 -0.02487051 0.34317294 0.55401975 0.75848168 0.34344336 0.93837082 -0.03881895 0.34375849 0.93873274 -0.02471675 0.34444991 -0.04713163 0.93762088 0.34484655 -0.04507117 0.93757635 0.34558135 -0.49598923 0.7965979 0.34730044 0.21635137 0.9124552 0.34801304 0.45061731 -0.82208937 0.34804961 0.93703657 -0.02870326 0.34854612 -0 0.93729156 0.34886593 -0.52350247 -0.7773273 0.34887904 -0.14586033 -0.92574733 0.34896579 -0.93703216 0.01390834 0.34943134 -0.62967861 -0.69383186 0.34947214 -0.52883345 0.77343684 0.35006762 -0.03343794 0.93612742 0.3513523 -0.11159365 0.92956889 0.3513563 0.25145286 0.90184265 0.35230583 -0.00031921 0.93588489 0.35232258 0.00051808 0.93587846 0.35302049 0.09455042 -0.93082577 0.35464418 -0.59142673 0.72418362 0.35504222 0.45416304 0.81711739 0.35525531 -0.16721402 -0.91969192 0.35532779 -0.18584491 -0.91608065 0.35546532 -0.17702235 -0.91777313 0.35655257 -0.85426009 0.37829891 0.35686696 -0.58887875 -0.72516733 0.35738552 0.93390894 0.0094643 0.35758868 -0.28155598 0.89042491 0.35779527 0.05934322 -0.93191254 0.35790446 0.9337582 -0 0.35800797 0.09236826 0.92913848 0.35809264 -0.92870992 -0.096268 0.35857862 0.92983145 0.08267209 0.35927048 0.09928795 -0.92793679 0.35957947 -0.35000896 -0.86498344 0.36055195 0.93273109 -0.00385745 0.36152828 0.74199325 -0.56457359 0.36179063 -0.9317742 -0.03007363 0.36296576 8.143e-05 0.93180245 0.36316401 0.90780383 0.20977136 0.36322266 -0.1064699 -0.92559898 0.3633351 -0.93109375 -0.0324345 0.36342943 0.82091486 -0.44047451 0.36456034 -0.93054748 -0.03431007 0.36578831 -0.42775154 -0.82657588 0.3677507 -0.7775377 -0.51009268 0.36794662 -0.30742434 0.87755656 0.36841267 0.92964602 0.00551246 0.36883286 -0.71748805 0.59090889 0.37031272 0.32132843 -0.87155986 0.37033227 -0.05555536 0.92723656 0.37042511 -0.83807975 -0.40050909 0.37126455 -0.59179258 0.71550274 0.37231258 0.9278571 -0.02155257 0.37240961 -0.9280684 0 0.37240964 -0.92806846 0 0.37328252 -0.92235011 0.09965128 0.3749876 -0.92565954 -0.05038591 0.37529922 0.10851884 0.92052919 0.37733588 -0.55718833 0.73970175 0.37785563 0.0527446 0.92436093 0.37886396 0.92543328 -0.00595309 0.37926504 0.589463 -0.71322596 0.37954301 -0.92516464 -0.00419318 0.37972695 0.01501783 -0.92497671 0.38008389 -0.01436168 0.92484051 0.38100761 -0.71991622 0.5801326 0.38246056 0.25964269 -0.88674104 0.38285318 0.72556126 0.57182544 0.38333282 -0.92027014 0.07847767 0.38580641 0.12493397 0.91408151 0.38612795 0.08248048 -0.91875041 0.38618955 -0.08217824 -0.91875154 0.38641074 0.08072371 -0.91878742 0.38650683 -0.08020917 -0.91879219 0.38751358 0.48606217 -0.78331137 0.38756758 -0.63536191 -0.66791207 0.38829771 -0.07765512 0.91825628 0.38841021 0.38433444 0.837511 0.3897914 -0.67386156 -0.62767285 0.39234006 -0.07067174 0.91710126 0.39497396 -0.32821861 0.85806066 0.39522156 0.37062401 -0.84049857 0.39824882 0.9163605 0.0410049 0.39872381 -0.54237425 0.73949271 0.40035951 0.91628242 -0.01178018 0.4006058 -0.05655411 0.91450346 0.4007763 -0.86018252 -0.3153798 0.40183648 -0.30889454 0.86203921 0.40468922 0.91391677 0.03135029 0.40655616 -0.54035884 0.73669827 0.4070051 -0.1512026 0.90082449 0.407083 0.19248906 0.89287812 0.40875956 -0.83609915 -0.36586055 0.40927079 -0.28108707 -0.86803657 0.40942401 0.04719886 -0.91112256 0.41016898 0.66681653 0.62218738 0.41048554 0.60428917 0.68288815 0.41127086 -0.35625395 -0.83901101 0.41276881 -0.07862095 0.90743631 0.41337729 0.23510762 -0.87968385 0.41384327 -0.57365656 0.70686072 0.41708338 0.90886825 0 0.4177081 -0.04887918 -0.90726548 0.41773722 -0.17503417 0.89154851 0.41928717 0.16574863 -0.89259481 0.422259 -0.14647764 0.89456224 0.42302918 -0.76451862 0.48637196 0.4232614 -0.06735207 -0.90350068 0.42415029 -0.32015046 0.84711283 0.42574704 -0.89765304 0.11383546 0.42580763 0.58303732 -0.69192147 0.42755076 -0.31535965 -0.84720045 0.42944068 -0.90197438 -0.04497838 0.43028304 0.69935125 0.57075775 0.43241012 0.04360365 -0.90062207 0.43299124 -0.86603999 0.24998669 0.43299586 0.8660351 -0.24999571 0.43299821 -0.86603242 -0.2500011 0.43300968 -0.86602616 -0.25000247 0.43301365 -0.86602443 0.25000179 0.43301851 0.86602211 0.25000122 0.43303221 0.86601263 0.25001046 0.43303898 0.86601198 -0.25000098 0.43365234 0.90108019 -0.00056182 0.43415385 -0.58006543 -0.68922752 0.43553197 -0.75336641 -0.49269769 0.43712255 -0.71828961 0.54127985 0.43732306 0.89159447 -0.11750652 0.43804574 -0.11096561 -0.89207774 0.43856493 0.51777977 0.73455077 0.43973964 0.56826818 0.69548565 0.44050434 -0.70047414 0.5615086 0.4410944 0.29493377 0.84761417 0.44184861 0.08259873 -0.89327896 0.44248319 0.80517685 0.39484015 0.44263315 0.719594 0.53503305 0.44266233 0.71942323 0.53523856 0.44276825 -0.71961963 -0.53488672 0.44287923 -0.79517263 0.41419604 0.4434492 -0.70515698 0.55326885 0.44427034 0.72203654 0.53036499 0.44544718 0.72397363 0.52672482 0.44550529 -0.07932764 -0.89175791 0.44577691 0.82771593 -0.34083602 0.44586441 0.07980123 0.89153618 0.44672921 -0.05181028 -0.89316773 0.44721359 0.89442718 -0 0.44754729 -0.40609485 -0.79673618 0.44835624 -0.70214278 0.55314755 0.44886985 -0.86486816 -0.22476429 0.44935259 -0.89028245 0.07402256 0.45042297 -0.40364891 0.79635847 0.45213431 -0.38761401 -0.80332428 0.45225757 -0.8916989 -0.01833565 0.45251632 -0.87931949 0.14841217 0.45401078 0.89099616 -0 0.45498815 -0.16545057 -0.87499249 0.45687938 0.00028964 0.88952857 0.45826668 0.0139113 -0.88870585 0.45940626 -0.72103405 -0.5187059 0.45953885 -0.71965504 0.5205003 0.46075714 -0.74933457 -0.47560552 0.46142486 -0.88113844 -0.1033548 0.46159166 -0.88636053 -0.0360302 0.46228832 -0.78768659 -0.40723389 0.46426067 0.75456965 0.46377432 0.46426737 0.7545616 0.46378076 0.46520916 -0.04988762 0.88379389 0.46530375 0.04596462 -0.88395691 0.46635082 0.03077819 0.88406426 0.46776643 -0.07554722 0.8806175 0.46832842 0.29553747 0.83266205 0.46910524 0.52047211 0.71347672 0.47345296 -0.06822903 0.87817258 0.47368947 -0.86317223 -0.17479146 0.47381136 0.34577441 0.80990297 0.4761025 -0.33169773 -0.81443417 0.4783369 -0.87814999 0.00680202 0.48266315 -0.43440011 0.76048201 0.4831779 -0.10189085 -0.86957312 0.48369196 -0.00786272 0.87520295 0.48376608 0.24457754 0.84032857 0.48485738 -0.8733905 0.04585133 0.4856213 0.80106288 -0.34995735 0.48668411 0.25654873 -0.83505762 0.4869304 3.358e-05 0.87344074 0.48752087 0.73847812 -0.46580398 0.48773256 0.06760244 -0.87037158 0.48847339 -0.87257862 -0.00058343 0.48927113 -0.87184548 0.0223388 0.48933208 -0.30228639 -0.81803244 0.49005556 0.8704285 0.0469027 0.49128631 -0.48530313 -0.7232694 0.4922429 -0.43752033 0.75251102 0.49234134 -0.86839592 0.05906361 0.49238914 -0.56164426 -0.66491258 0.49265411 -0.8682484 0.05862368 0.49315241 -0.86994302 0 0.49640611 0.80027133 -0.3363727 0.49717191 0.86765105 -0.0012449 0.49773186 -0.07313286 -0.86424214 0.49875274 0.00150331 -0.86674303 0.49885339 0.57721663 -0.64650321 0.49910158 0.25739467 -0.82743305 0.49949291 0.86500394 0.0476968 0.4997113 -0.00044219 -0.86619192 0.49977615 -0.86566281 0.02918366 0.49980101 -4.411e-05 -0.86614031 0.49999186 0.86603004 0 0.50001925 -0.8660143 0 0.50001931 -0.8660143 0 0.50004661 -0.86599845 0 0.50007397 0.86598271 -0 0.50007403 0.86598271 0 0.50015211 0.00081359 -0.86593723 0.50035191 -0.00026207 -0.86582208 0.50038457 -0.00075868 0.86580294 0.50047106 -0.00094128 0.86575276 0.50052208 0.00103982 0.86572313 0.50056708 0.00112533 0.86569703 0.50247133 -0.86157256 -0.07221704 0.50249547 -0.86409605 0.02891819 0.50440884 0.86180818 0.05346378 0.50513184 -0.86293352 0.01370072 0.50640112 0.85156953 -0.13559946 0.50752014 -0.86163986 3.447e-05 0.50898021 -0.0560986 0.85894823 0.50912768 0.2748037 -0.81564206 0.51014751 -0.86008698 -3.064e-05 0.51050162 -8.427e-05 0.85987681 0.51092207 -0.18850434 -0.83870423 0.5115611 0.85718977 0.05942223 0.51260412 0.85651428 0.06016895 0.5129661 0.85835123 0.00993984 0.51470602 0.00050659 -0.85736668 0.51472306 -0.63384372 0.5773235 0.51493931 0.37519023 0.77075917 0.51622528 0.37726074 0.76888603 0.51755375 -0.11032908 -0.84850788 0.51772761 0.84421962 -0.13874935 0.51835567 -0.8438558 -0.13861774 0.52044207 0.84248382 0.13914405 0.52079946 -0 0.85367912 0.52090418 -0.67896718 0.51736104 0.52154315 0.85276514 -0.02800709 0.5218392 -0.84926772 -0.08017602 0.52194393 0.84988117 0.07263961 0.52212852 0.11024383 -0.84571165 0.52639014 -0.55292577 0.64589983 0.52780432 0.04967999 -0.84791172 0.53042799 -0.35371196 0.77041149 0.53113639 -0.25258198 0.80876225 0.5317238 0.33905083 0.77608913 0.53216439 -0.84663218 -0.00387908 0.53264397 -0.84570694 0.03271392 0.53308159 0.68190598 -0.50082755 0.53328085 0.18682845 -0.82504946 0.53517562 9.939e-05 0.84474081 0.53548753 0.23187333 0.81208849 0.53603125 0.20180792 0.819722 0.53703535 -0.83130568 -0.14326186 0.53876328 0.79868704 0.26801714 0.53957146 -0.21637416 -0.8136614 0.54000652 -0.8415072 0.0160854 0.54052979 -0.84119612 0.01472237 0.54076082 0.03849329 -0.84029526 0.54133958 0.84080404 0 0.54410005 -0.73007995 -0.41344696 0.544819 -0.45356843 -0.70529979 0.54725146 0.2171068 0.80831963 0.54791051 0.41131228 -0.72843415 0.5482586 -0.83105934 -0.09355702 0.54825872 -0.83105958 -0.09355426 0.54833889 -0.61020094 0.57182103 0.55125415 0.83032894 0.08168632 0.55189991 -0.8320775 -0.05525967 0.55203366 -0.83333516 -0.02848149 0.55218977 0.83313358 0.03122373 0.55341661 -0.02124585 0.83263361 0.55471849 -0.81003481 0.19008169 0.55493104 0.23368014 0.79840159 0.555049 -0.37008932 0.74495256 0.55552047 0.20713693 0.80528963 0.55667919 -0.83057666 -0.01583546 0.55904663 -0.72864449 -0.39565635 0.56041437 -0.44342473 -0.69950718 0.56052619 -0.42872864 0.70852095 0.56134641 -0.37885922 0.73576885 0.56219274 -0.00022515 0.82700628 0.56236237 -0.00015071 -0.82689083 0.56351966 -0.14084326 0.81400788 0.56484663 -0.31482702 -0.76277936 0.56494731 0.18081728 -0.80507118 0.56562918 -0.78127581 0.26395428 0.56567895 -0.02448465 0.82426208 0.56609815 -0.78231901 0.25982687 0.56629127 -0.10085449 0.81801146 0.56705123 -0.82368046 -0.0018565 0.5685755 -0.12002689 -0.81382763 0.56922901 -0.80784088 0.15287705 0.56936944 -0.00015157 -0.8220818 0.56971586 -0.05714075 -0.81985289 0.57027501 -0.00409103 0.82144368 0.57074475 -0.02262975 -0.82081568 0.57101899 0.23373854 0.78695846 0.5730747 0.34967139 -0.74115801 0.57464921 0.00032957 -0.81839979 0.57944649 0.23790914 0.77951336 0.58003867 -0.81458879 -0.00042046 0.58356947 0.39581934 0.70906538 0.58555722 -0.76160294 -0.2776393 0.58569193 0.70367533 -0.40225118 0.58843243 -0.24469772 0.77062988 0.58847511 -0.02103687 -0.80824167 0.5903644 0.77038562 0.24078192 0.59067541 0.77020204 0.24060625 0.59130079 0.13275753 -0.7954489 0.59283262 0.13998759 0.79306561 0.59349287 -9.465e-05 0.80483919 0.59523284 0.80354989 -0.00232897 0.59560305 -0.80326539 0.00465348 0.59721678 -0.80197066 0.01322741 0.59949595 0.39260244 0.69747251 0.60034096 -0.18564299 -0.77789944 0.60087913 0.79551101 -0.07814436 0.60149854 -0.0512965 0.7972253 0.60168976 -0.79837108 0.02394029 0.60390705 0.36033252 0.71095479 0.60393012 0.34473178 0.71862948 0.60582018 -0.36792794 0.70541543 0.60639179 0.3564392 0.71080238 0.60664248 0.39735833 0.68854284 0.60715723 0.35778341 0.70947242 0.60725802 0.41637924 0.67665803 0.6080417 -0.62953049 -0.48371142 0.60951275 -0.02476146 0.79238951 0.60979366 -0.74212468 0.27821347 0.60997277 -0.77532738 -0.16370898 0.61004895 -0.37164846 0.69979835 0.61051005 0.35488778 0.70804799 0.61111611 0.79154092 -0 0.61111617 0.79154098 0 0.6119172 -0.74027246 0.27848482 0.61207914 -0.671229 -0.41810364 0.61272848 0.31172135 0.72621876 0.61331946 0.35894093 0.70356292 0.61454302 0.31920764 0.72141767 0.61455041 0.77144104 0.16494398 0.61497813 0.36715174 0.69785494 0.61510259 -0.73748547 -0.27886161 0.61521131 9.583e-05 0.78836226 0.61632335 0.78085959 0.10199953 0.61884123 0.62284702 -0.47864097 0.61887038 -0.62276119 0.47871476 0.61887467 -0.62276548 0.47870377 0.61909175 0.73389649 -0.27950171 0.62058753 -0.56953722 -0.53897911 0.62101406 0.34947827 0.70157421 0.62193626 -0.78306788 0 0.62196267 -0.07080772 0.77983898 0.62210387 -0.07127568 -0.77968365 0.6222496 -0.78207278 -0.03416682 0.62405789 0.78124291 -0.01453705 0.62407029 -0.7812584 -0.01309974 0.62525374 0.08205306 0.77609605 0.62676984 0.30612513 0.71655214 0.62718749 0.77886832 0 0.62775171 0.77841359 0 0.62825423 0.72570169 0.28045267 0.6289894 -0.29568386 0.71898782 0.62971091 0.70363998 -0.32917336 0.62971574 -0.77647805 -0.02323828 0.62980694 0.00023791 -0.77675164 0.63014752 -0.77638382 -0.01193137 0.63045585 -0.53359091 -0.563743 0.63064855 -0.03728542 0.77517229 0.630669 0.03728136 0.77515596 0.63077301 0.77595985 -0.00340333 0.63101536 -0.72310722 -0.28095433 0.63102317 -0.72869104 -0.26611868 0.6311993 -0.7756207 9.255e-05 0.63187695 0.17182934 0.75578189 0.63194925 0.32715595 0.70257318 0.63459224 0.1593179 0.75624758 0.63510936 0.77069563 -0.05161585 0.63592929 0.7717464 -0.00119449 0.63706541 -0.54588157 -0.54420668 0.63859224 -0.16545233 0.75154871 0.64220566 0.00044537 -0.76653218 0.64224374 0.76577997 0.03322637 0.6425243 0.76620173 -0.00986697 0.64259839 -0.76620311 0 0.64301401 -0.64705664 0.40969574 0.64428765 -0.76478308 -0.00026349 0.6445176 -0.76282108 0.0519722 0.64583349 -0.76336098 0.01338306 0.64613175 0.2720778 0.71308303 0.64623022 -0.76313859 0.00244478 0.64679641 0.05716417 -0.76051748 0.64685363 0.75709319 0.09159837 0.64720106 -0.76182514 -0.02744325 0.64729714 0.76223773 -0 0.64769214 0.04945301 -0.76029557 0.64772075 -0.75998324 0.05369827 0.6486299 -0.76104999 0.00906124 0.64954799 0.74019909 -0.17376027 0.65202951 -0.18587746 0.7350558 0.65208662 0.75496536 -0.06935636 0.65211004 -0.060247 0.75572664 0.65252459 0.75769734 0.0103135 0.6533066 0.75706285 0.0068103 0.65361804 -0.26970384 0.70713753 0.6542514 0.05444907 -0.75431454 0.65510905 -0.7349205 0.17528234 0.65514147 -0.26961154 0.70576149 0.65528989 0.74844599 -0.1020971 0.65559274 -0.26971167 0.70530409 0.65625685 0.6061002 -0.44941011 0.65767395 -0.11987086 0.74370414 0.65962654 0.44530243 0.60547382 0.6607033 0.02405591 -0.7502616 0.66103059 -0.75035906 0 0.66103059 -0.750359 0 0.66138506 0.0824608 0.74549985 0.66199422 0.06515076 -0.74667192 0.66268528 0.68775427 -0.29638219 0.66346794 -0.00121292 0.74820375 0.66482568 0.45822227 0.58994842 0.66504264 -0.63558257 0.39211369 0.66515172 0.50998318 -0.54542679 0.66744429 -0.74459565 -0.00977084 0.66805613 0.74401802 0.01176188 0.66876322 -0.74346626 -0.00368776 0.66883713 0.26962224 0.692792 0.67210215 -0.46476674 -0.57642913 0.67264688 -0.71761519 -0.18048462 0.67301559 -0.05862085 0.73730165 0.67526734 0.26126662 -0.68974906 0.67590451 0.16667677 0.71789396 0.67692679 -0.73601878 0.00682102 0.6771329 0.22151722 -0.70172721 0.67767811 0.37644997 0.63169438 0.67805451 0.73470438 -0.02124645 0.67816615 -0.06939578 0.73162478 0.6782288 0.73293352 0.0530473 0.67826241 0.16593015 0.71584016 0.67843783 0.32356387 -0.65956682 0.68045104 0.73279345 0 0.68093354 -0.09124077 0.72663927 0.681665 0.26280412 -0.68283737 0.68271482 0.73034608 -0.0222492 0.68347573 0.03984547 0.72888499 0.68516749 -0.0299525 0.72776937 0.68520552 -0.70478266 0.18377908 0.6853168 -0.06525194 0.72531581 0.68658459 -0.51908851 0.50906658 0.68735492 0.72599268 0.02185877 0.68744767 0.68894345 -0.22972339 0.68894607 -0.07928904 0.72046274 0.68979222 -0.16197829 0.70565557 0.69192415 -0.31705901 0.64862508 0.69221169 -0.11562473 0.712372 0.69229299 -0.71735716 0.07828935 0.69333589 -0.09825302 0.71388495 0.6939677 0.1040616 0.71244651 0.69567418 -0.10084505 0.71124375 0.69661272 -0.12792458 0.7059505 0.69709951 -0.10126103 0.70978773 0.69733584 0.71674401 -0.00087066 0.69768047 -0.09322444 0.71031767 0.69889069 0.71521425 -0.00451455 0.6999824 0.32068938 0.63810891 0.70069069 0.06201169 -0.71076512 0.70134884 -0.0293772 0.71221262 0.70221186 -0.13921271 -0.69822514 0.70250642 0.68633658 0.18821986 0.70290667 -0.09631372 0.70473105 0.70418912 -0.14450982 -0.69515073 0.7041927 -0.1444761 -0.69515419 0.70421809 -0.09207135 0.70398855 0.70457345 0.70963073 -0.0006891 0.70693809 0.70727533 -0 0.70693815 0.70727539 0 0.70710677 -0.70710677 0 0.70710677 0.70710677 -0 0.70739472 -0.70655048 0.01947004 0.70838577 0.64385051 -0.2892164 0.70844299 0.67975175 0.189858 0.70863366 -0.03691119 0.70461047 0.70902961 0.64294934 0.28964314 0.70903057 0.14630604 0.68983334 0.70951325 -0.51038051 -0.48590416 0.71074504 0.70343459 -0.00463223 0.71083504 0.63294578 -0.30674627 0.71095341 -0.02032192 0.70294535 0.71095341 0.02032192 0.70294535 0.71228695 0.02976801 0.70125687 0.7126525 0.70151728 -0 0.71308875 -0.69978482 0.04249253 0.71537673 -0.1375763 0.68506134 0.71649665 -0.17070121 0.67638278 0.71671802 -0.11642688 0.6875754 0.71697086 -0.64720404 -0.25899735 0.71943563 -0.69447243 -0.01096976 0.71949744 0.44427815 0.53379798 0.71985412 -0.08388185 0.68903834 0.72368765 -0.16695291 0.6696291 0.72472137 -0.01620056 -0.68885154 0.7250284 -0.66077846 0.19417958 0.72537661 -0.1192438 -0.6779452 0.72538012 0.11920398 0.67794853 0.72545832 0.68799376 0.0193589 0.72936332 -0.09820835 0.67704093 0.73181719 0.50640112 -0.45607197 0.73228741 0.00917201 0.68093383 0.73259258 -0.68066746 8.122e-05 0.73475486 -0.08264406 0.67327952 0.73491275 -0.00055711 -0.67816132 0.73569822 0.67730945 0 0.73569822 0.67730951 -0 0.73603839 -0.64763415 -0.19702129 0.73775244 -9.799e-05 0.67507136 0.73916864 -0.23857249 0.62985146 0.73928255 -0.40244934 0.53990352 0.7414003 0.64094216 -0.19879323 0.74201322 0.64015651 -0.19903784 0.74326634 -0.60174465 0.29233304 0.74328524 -0.02971981 -0.6683141 0.74349493 -0.00027825 -0.66874141 0.74365962 0.07233974 -0.66463315 0.74466312 -0.38993886 0.54168665 0.74574643 0.66559011 -0.02918999 0.74875331 -0.62463409 0.22181192 0.74886668 0.61624688 -0.24379987 0.74948275 0.16635478 -0.64078218 0.75145847 -0.01888512 -0.65951002 0.75153035 -0.65969861 -8.026e-05 0.75171053 0.07135125 0.65562207 0.75181556 0.65878659 -0.02781121 0.75251603 0.62704271 0.20133807 0.75324816 -0.08491818 -0.65223169 0.7532503 -0.65770304 -0.00639127 0.75362873 -0.65730029 0 0.75362879 -0.65730029 0 0.75695181 0.30856225 0.5760324 0.75728077 -0.1956622 -0.62309068 0.75742888 -0.64752442 -0.08374737 0.75814378 -0.64389956 -0.10301159 0.76103961 0.08520025 -0.64308602 0.76139879 -0.60352886 -0.23669569 0.76143241 -0.64819461 0.00803513 0.76277167 -0.64666796 9.871e-05 0.762824 0.03844034 0.64546257 0.76331997 -0.59795856 -0.2445163 0.76362294 -0.60569358 -0.22364107 0.76436615 -0.28508633 -0.57833397 0.76537776 -0.19738719 0.6125645 0.76612949 -0.6425814 -0.01160801 0.76614457 0.6425941 -0.00976735 0.76619297 0.64260411 -0.00287441 0.76736397 -0.64107162 0.01340785 0.7685132 -0.21319865 0.60326934 0.76968586 -0.637833 -0.02743499 0.77093202 0.63688743 0.00618344 0.77189332 0.49152327 0.4032189 0.77224231 0.00021454 0.63532811 0.77240461 0.63468593 -0.02376734 0.77323633 0.6340583 0.00869786 0.77340811 0.31527045 0.54994941 0.77483642 0.18331838 -0.60499829 0.77499974 -0.63196146 0 0.77546513 0.20789252 -0.5961833 0.7756685 -0.00032345 -0.63114035 0.77600878 0.63052738 0.0156733 0.77657115 0.62964809 -0.02192085 0.7773928 -0.39535937 -0.48923552 0.77814811 -0.62720025 -0.03324647 0.77821463 0.62799835 -0 0.77951741 0.62498897 0.04172949 0.77963167 0.09660282 -0.61874253 0.78081602 -0.62419808 -0.02651668 0.78112447 0.62425739 -0.01213079 0.78184664 -0.57523042 0.24046986 0.78192556 0.35804904 -0.51028734 0.78252202 -0.58618605 -0.20986927 0.78315741 -0.62182343 0 0.78366935 -0.58190507 0.21736804 0.78373992 0.58464795 -0.20961487 0.78434008 -0.32774821 -0.52667993 0.78441489 0.21543725 0.58161861 0.78610963 -0.61807805 -0.00334349 0.78810865 0.11165275 0.60532498 0.78850907 -0.25431582 0.55997938 0.78962177 -0.30832025 -0.53050554 0.79000628 0.61308151 -0.00459954 0.79090399 0.61194032 0 0.79313892 0.24135956 -0.55917466 0.79423833 -0.60719407 -0.02237743 0.79427522 -0.60714763 -0.02232928 0.79431373 -0.02436698 -0.60701877 0.79499108 -0.60587555 0.03006848 0.79604977 0.38307565 0.4685699 0.79806 0.20232531 0.56759572 0.79869121 -0.5789721 -0.16396193 0.79920405 -0.60072094 -0.02018211 0.79972327 -0.56078476 0.21439035 0.79983765 -0.59988523 -0.01993196 0.80027807 0.5995689 -0.00849082 0.80046594 -0.32620797 -0.50283468 0.80225128 0.12095902 0.58460391 0.8023777 -0.51876682 0.29507801 0.80254632 -0.55642962 0.21518739 0.80276471 -8.449e-05 0.59629577 0.80295515 0.00018013 -0.59603947 0.80316275 8.221e-05 0.59575969 0.80426902 -0.06941617 -0.59019732 0.80567306 -0.58590925 0.08718533 0.80659944 -0.26033631 0.53068107 0.80674255 -0.26025021 0.5305056 0.8068006 0.26021534 -0.53043449 0.80706704 -0.59045869 0.00116475 0.80754966 -0.58977509 -0.00538669 0.80768049 -0.5102874 -0.29539633 0.80800754 0.58917218 0 0.80811924 0.04785009 0.58707219 0.80831265 0.50903898 0.29582098 0.80895174 0.57571173 -0.11896668 0.80907553 -0.10723985 -0.57783759 0.80931914 0.16104579 -0.56485999 0.80978733 -0.24204469 -0.53447044 0.81000906 2.248e-05 0.5864175 0.81012809 0.57407755 0.11885928 0.81443226 0.49946535 0.29535499 0.81529772 -0.44734195 0.367661 0.81603229 0.53493923 0.21893218 0.81603897 -0.47356215 -0.33138981 0.81737816 -0.00023362 -0.57610154 0.81992877 -0.49028683 -0.29552621 0.8205477 0.48916426 -0.2956686 0.82199287 0.5652827 -0.06916029 0.82441044 -5.181e-05 0.56599236 0.82617491 0.08367978 -0.55716491 0.82770735 -0.3155303 -0.46404865 0.82807475 0.56061345 0.00220809 0.82808405 -0.56060386 0 0.82809585 0.21911182 0.51599163 0.82809824 -0.29754585 0.47509989 0.82829154 0.00016557 0.56029743 0.82872605 0.02932779 -0.55888534 0.8314209 -0.55434066 0.03802345 0.83167589 0.5552547 -0.00274893 0.83253169 -0.44274178 0.33297259 0.83508086 0.55012709 -0 0.83573824 0.54843491 -0.02758157 0.83652252 0.54793257 0 0.83871567 -0.54445511 -0.01116709 0.83899885 0.34200773 0.42321584 0.83989066 0.00010083 0.54275554 0.8399809 0.54252428 0.00997399 0.84077984 0.53364217 -0.09118776 0.84132642 0.52994347 0.106441 0.8423695 -0.53890043 -6.556e-05 0.84265691 0.06850161 0.5340755 0.84302765 -0.41326445 -0.34426302 0.84354168 -0.53049636 0.0837318 0.8438971 -0.53620505 -0.01794283 0.84462237 -0.53418183 -0.03553686 0.84495533 0.53158051 -0.05892801 0.84500808 -0.51698911 -0.13668802 0.84567297 0.53341633 -0.01744065 0.84710991 -0.53140688 -0.00341887 0.84717804 -0.53126025 -0.00720775 0.84721786 -0.17935242 0.50005454 0.85075092 -0.525554 0.00398278 0.85143912 0.30763814 -0.42474723 0.85191333 -0.43249941 0.29527622 0.85319483 0.0002331 -0.5215922 0.85471946 -0.51908994 0 0.85472488 -0.51908123 -0.00017091 0.8554346 0.5131852 0.06980406 0.85702533 -0.51179081 0.05981456 0.85745358 -0.51453501 -0.00521347 0.85967487 0.33994856 0.38130561 0.86233974 -0.5058468 0.02211642 0.86238915 -0.02877953 0.5054273 0.86267543 -0.50568658 0.00848904 0.86288643 -0.50539672 -0.00108557 0.86377889 -0.50387102 0 0.86384034 -0.49841794 0.07320809 0.86446244 -0.50145507 0.03532111 0.8653847 0.50030887 0.02829128 0.86545253 0.49998111 0.0317938 0.86577404 0.49958974 0.02907353 0.8659085 -0.50020218 -0.00050685 0.86592197 -0.50017917 0 0.86594015 0.50014758 0 0.86595708 0.48452762 -0.12390082 0.86635917 -0.4992578 0.01278818 0.86649352 -0.49918827 0 0.86658823 0.40276948 0.29462084 0.86720055 -0.49729988 -0.02561208 0.86898488 0.49483863 -0 0.86968595 -0.49360552 0.00023212 0.87090737 0.49135673 0.00942737 0.8710705 0.49114057 0.00413542 0.87219042 -0.16895941 0.4590604 0.87230176 0.48891032 0.00751105 0.87338293 -0.00019406 0.48703396 0.87419277 0.4848848 0.02595318 0.875121 0.48390374 -0.00061432 0.87518233 0.48352903 0.01598538 0.87524152 -0.48368612 0 0.87540686 -0.48312795 -0.01581855 0.87552726 -0.48290476 -0.01596474 0.87598282 0.47954899 0.05183404 0.87616092 0.47920176 0.05203605 0.87664551 0.48113367 -0.00172733 0.87696832 0.00028086 -0.48054814 0.87878466 -0.47721863 -6.46e-06 0.87879038 -0.47679049 -0.01995884 0.87992424 -0.47510433 -0.00306251 0.88007939 -0.47482651 0 0.88007945 -0.47482657 0 0.88171434 -0.4717817 0.00134611 0.88268286 -0.22619498 -0.41195473 0.88416052 -0.46502694 0.04483424 0.88509279 0.4651503 -0.01568125 0.88558388 0.46447918 0.00046948 0.88591671 0.34114444 0.31428027 0.88697094 -0.26226375 -0.38013172 0.88700515 0.45540717 0.07632946 0.88742208 -0.39486057 0.23783855 0.88862306 0.39779213 0.22827733 0.88993323 0.45609078 -0 0.88993329 -0.45609081 0 0.89004344 0.4558759 -0 0.89032942 0.08868032 -0.4465974 0.89033115 0.08865935 -0.44659826 0.89040023 0.455129 0.00670556 0.89046735 -0.38741821 -0.2386947 0.89070547 0.09897869 0.44367433 0.89111161 0.38567185 -0.23911747 0.89113718 0.45325449 -0.02085905 0.89283347 -0.2880227 0.34625307 0.89305997 0.04644823 -0.44753379 0.89324969 0.23063493 0.38589197 0.89367783 -0.02645033 0.44792876 0.89367807 -0.02644403 0.44792888 0.89372253 0.02600621 -0.44786584 0.89534748 0.44404134 0.03435319 0.89550847 -0.37492529 -0.23978215 0.89633852 0.37275019 0.24007195 0.89677894 -0.37157753 0.2402451 0.89788133 0.38258821 0.21779674 0.89846849 0.36719322 0.2406729 0.89877743 0 -0.43840522 0.89985347 -0.36354575 -0.24103595 0.90052724 -0.20455891 -0.3836748 0.90298754 -0.23246922 -0.36134672 0.90307415 -0.42948464 9.114e-05 0.9032377 0.32818827 0.27650335 0.90469378 0.31161317 0.29056239 0.90569121 0.18345182 -0.38218957 0.9063285 0.34606624 0.24250148 0.90715802 -0.41907749 -0.03792663 0.90779084 0.41942233 -0.00085695 0.90792251 0.00026948 -0.41913795 0.90804535 -0.34110478 -0.24310714 0.90814412 0.33009934 -0.25750488 0.90816623 0.34077832 -0.24311377 0.90848106 -0.02297672 -0.41729406 0.90879393 0.41724503 -0.0003872 0.91033006 0.39838555 0.11219662 0.91109842 -0.29384932 -0.28905427 0.91141099 0.29925418 -0.28244805 0.91221035 0.40926042 0.01944764 0.91285747 -0.00013355 0.4082785 0.91286665 -9.083e-05 -0.40825787 0.91301 0.4079344 0.00142491 0.91440791 -0.12252484 0.38580549 0.91490418 -0.00012433 -0.40367115 0.91547966 -0.40211013 0.01429722 0.91643763 0.05297475 -0.3966558 0.91657734 -0.37204009 0.14653409 0.91707802 0.39862323 0.00821692 0.91784859 0.39679253 0.01047367 0.91786575 -0.27291954 0.28816202 0.91866022 0.39192036 -0.0496183 0.91885614 0.3943713 -0.01321586 0.91899794 -0.31575996 0.23608983 0.91958857 0.01473284 -0.39260647 0.91990787 -0.37758103 -0.10583933 0.92043811 -0.02285405 -0.39021969 0.92059791 -0.37767503 0.09930325 0.92139244 -0.07555376 0.38121867 0.92141676 0.04537391 -0.38591748 0.92179555 0.0957202 0.37567353 0.92180359 -0.09571546 -0.37565497 0.92288196 0.38311645 -0.03886971 0.92292958 0.25659528 -0.28698435 0.92371148 -0.04268867 0.38070306 0.92392522 0.36864418 -0.10229257 0.92419374 -0.38188982 -0.00511882 0.92435485 0.06043769 0.37671658 0.92479634 -0.38046238 0 0.92516863 0.37955636 0 0.92541713 -0.04070536 -0.37675762 0.9255746 0.04067361 0.37637398 0.92557502 0.04066393 0.37637413 0.92659241 -0.24415605 -0.28603187 0.92677349 -0.07715696 0.36761069 0.92707491 -0.24256742 0.28582022 0.92738044 0.36958724 0.0580578 0.9274286 0.36950183 0.05783214 0.92748964 0.24105997 -0.28574994 0.92764348 0.37346688 0 0.92769575 -0.27866384 0.24844918 0.92771524 -0.37328839 -0.00048663 0.92814642 -0.372197 0.00369058 0.9289611 -0.00024325 -0.37017721 0.92908484 0.36966839 0.01210366 0.9291808 -0.02796974 0.36856559 0.93026882 0.26908308 -0.24938768 0.93064511 0.36443317 -0.03298726 0.93070847 -0.365762 -0.00011541 0.93171877 0.28031945 0.23091391 0.93206203 -0.35989329 -0.04167888 0.93218106 -0.36138514 0.02095903 0.93252808 0.36012971 -0.02641921 0.93268567 -0.26005074 0.24994214 0.93321985 -0.27356189 -0.23294742 0.93326843 -0.03361861 0.35760283 0.93381023 0.35776868 0 0.93381751 -0.06314082 -0.35213393 0.93393624 -0.3574324 0.00225605 0.93407327 0.21660095 0.28388605 0.93445444 0.25344962 -0.2501165 0.93466592 -0.35552731 4.798e-05 0.93472415 0.3553721 -0.00115665 0.93500811 -0.34787062 -0.06888939 0.93565768 0.23791412 -0.26065597 0.9360826 -0.20871441 -0.28317422 0.93636382 -0.35103095 0 0.93636388 -0.35103098 0 0.93670541 -0.24316356 0.25190151 0.93675399 0.24360543 0.25129357 0.93696928 -0.03754127 -0.34738898 0.93797535 0.00032037 0.34670168 0.93873042 -0.10614771 0.32789934 0.93923134 0.34093496 -0.04010003 0.93930656 -0.34284577 0.01264845 0.93933797 0.34299323 -0 0.93943703 -0.34185669 -0.02432913 0.93970263 0.34190238 -0.00785849 0.93971449 0.34195977 -0.00047467 0.93972737 -0.34192464 0 0.93973118 -0.34191275 -0.00089559 0.94010228 -0.34089208 -0.00042271 0.94043469 -0.00897112 0.33985594 0.94059181 -0.05411488 0.33519927 0.94115096 -0.33786356 -0.00911487 0.94157964 -0.30368528 -0.14561252 0.9415797 -0.3036828 -0.14561763 0.94166774 0.18474044 0.28130543 0.94219798 0.3348507 0.01174764 0.94335532 -0.22586612 0.2430335 0.94435012 0.00020818 0.32894188 0.94526345 -0.24484603 0.21570197 0.9454276 -0.0332286 0.32413346 0.94551188 -0.32558757 -0.00042445 0.94675708 -0.19936654 0.25279266 0.94806123 -0.31807798 -0.00249311 0.94924039 0.00130565 0.31454867 0.94924498 -0.10343976 0.29704231 0.94997424 -0.31153366 -0.02226503 0.95066273 0 -0.31022626 0.95110583 0.30886388 -0.00083405 0.95121837 -0.17205137 -0.25608972 0.95129955 0.15288125 -0.26768729 0.9516657 -0.10167833 -0.28981707 0.95240629 0.30482757 0.00154802 0.95245415 0.17243701 -0.25119016 0.95250142 0 -0.30453399 0.95353508 0.12403116 0.27456698 0.95362383 -0.18167065 -0.23999447 0.95364171 0.27775678 0.11583842 0.95364213 0.27775693 0.11583503 0.95379078 0.15604943 -0.25677171 0.95400751 0.1710916 -0.24616519 0.95405376 0.1520818 -0.25817147 0.95472056 0.09627185 0.2814967 0.95474696 -0.25233695 0.15743004 0.95514196 -0.15430176 0.25277445 0.95514643 0.1542941 -0.25276193 0.95646626 -0.02846518 0.29045162 0.95655942 0.18234335 0.22747517 0.95773196 0 -0.28766206 0.95779061 0.00146935 -0.28746292 0.95798033 0 -0.28683388 0.95914978 0.17518476 -0.22213063 0.95923162 -0.11947949 0.25612348 0.9596377 0.00540703 0.28118706 0.9598825 0.01332358 -0.2800858 0.96051127 -0.00012326 0.27824116 0.96055967 0.10481999 -0.25756139 0.96073359 -0.07040588 0.26839131 0.96128303 -0.0974792 -0.25774547 0.96197027 0.0589475 0.26671785 0.96204615 -0.00830083 0.2727603 0.96211541 -0.27262691 0.00291701 0.9621973 -0.05571532 0.26659366 0.96235758 0.2484784 0.11011945 0.96239763 -0.08523187 0.25792724 0.96241575 -0.00889847 0.27143443 0.96244115 -0.0071638 0.27139577 0.96258229 -1.79e-06 -0.27098927 0.96263468 -6.31e-06 0.27080345 0.96277696 0.01362437 0.26995316 0.96284819 -0.00586033 0.26997969 0.96296197 -0.00655935 0.26955748 0.96310812 -0.2480092 0.10447072 0.96311015 0.00738994 0.26900572 0.96322823 0.00618578 0.26861346 0.96327299 -0.24775034 0.10356094 0.96332711 4.48e-06 -0.26832986 0.96346056 -0.00680644 0.26776347 0.96356487 0.05802746 -0.2611047 0.96370894 0.00282894 0.26694036 0.96385938 0.07566594 0.25544012 0.96388292 -0.0037907 -0.26629922 0.96404344 0.06190313 0.25843439 0.96412331 -0.01252917 0.26515883 0.96413612 0.0069349 0.26531783 0.96424466 0.0147881 -0.2646004 0.96428519 7.785e-05 0.26486608 0.96432012 0 -0.26473868 0.96432549 -0.00524935 -0.26466712 0.96433532 0.007867 0.26456675 0.96434486 -5.6e-07 0.2646488 0.96437836 -0.00506422 0.26447853 0.9643957 -0.0056262 0.26440397 0.9644118 0.00610992 -0.26433414 0.96445185 0.00423233 0.26422465 0.96445221 -0.00295672 -0.26424104 0.96446705 -0.05134793 -0.25916559 0.96448439 0.00130852 0.26413697 0.96452111 0.00193216 0.26399869 0.96452868 -0.00762438 0.26386788 0.96453017 9.7e-06 0.26397249 0.96459204 -0.04009598 0.26068091 0.96462506 0.00577287 0.26356253 0.96467286 0.00508753 0.26340163 0.96468645 -0.00843731 0.26326564 0.96469504 0.002793 0.26335439 0.96473205 -8.559e-05 -0.26323402 0.96473658 -0.0033322 0.26319593 0.96473694 -0.00053245 0.26321545 0.96474177 0.00242402 -0.26318726 0.9647525 -0.00474067 0.26311606 0.96476018 0.00440711 0.26309389 0.96476948 5.484e-05 -0.26309642 0.96477908 -0.00232064 0.26305133 0.9647941 -0.00284752 0.26299092 0.96479505 -0.00063816 0.26300237 0.96483719 0.00077583 -0.26284716 0.96484226 -0.0028014 0.26281494 0.96485323 0.00226092 0.26278001 0.96490502 -0.00048756 0.26259866 0.96491194 0.0022447 0.26256412 0.96491969 -0.00401578 0.26251447 0.9649244 -0.00466309 0.26248649 0.96493894 0.03497783 0.26013339 0.96494287 0.00010542 -0.26245993 0.96494716 -0.03477605 -0.26013017 0.96496046 0.00043718 0.26239491 0.96496224 0.00020579 -0.262389 0.96498412 0.00070057 0.26230761 0.96499956 0.00019222 -0.26225162 0.9650169 -0.00287616 0.26217204 0.96502018 0.00667856 0.26209036 0.96504426 -0.001431 -0.26208302 0.96505159 0.00022126 0.26206008 0.96507055 0.02814468 0.26047412 0.96507108 0.00032429 -0.26198784 0.96509218 -0.00066914 -0.2619099 0.96510184 -0.01713828 0.26131335 0.96510506 -0.00232134 0.26185259 0.96513546 -0.00766566 0.26163873 0.9651444 0.00094846 0.26171628 0.96516967 -0.00338589 -0.26160264 0.96517015 -0.00245328 0.26161164 0.96517825 0.00083023 -0.26159182 0.96518314 0.00487775 -0.26152942 0.96519011 0.01537495 0.26109678 0.96519303 -0.00203463 0.26153061 0.96519965 -0.00024957 0.26151389 0.96520394 -0.00148654 -0.26149434 0.96520633 0.00013615 -0.26148966 0.9652074 -0.00141637 0.26148131 0.96521157 0.00339618 0.26144814 0.96523917 -0.00572416 0.26130578 0.96524417 -0.0001944 0.26134953 0.96525425 -0.00254702 -0.26129994 0.96525866 0.00230674 0.26128614 0.96526158 -0.00099891 0.26128358 0.96526331 -0.00037245 0.2612786 0.96526515 -0.0007867 -0.261271 0.96527928 0.00247791 0.26120839 0.96527994 -0.00043291 0.26121745 0.96528012 -0.00200187 0.26120934 0.96529418 -0.00162916 0.26116011 0.96529651 -5.358e-05 0.26115632 0.96529835 -0.00096237 -0.26114765 0.96530873 0.00239045 -0.26110029 0.96531141 -0.00020297 -0.26110101 0.96532232 -7.41e-06 -0.26106092 0.96532619 0.03577401 0.25858346 0.96533817 0.00389019 0.26097324 0.96533918 -0.00557054 0.26093924 0.9653396 0.00250991 0.26098508 0.96534508 -0 0.26097703 0.96534812 -0.00294649 0.26094902 0.96535212 -8.439e-05 -0.26095089 0.96535838 0.00287984 0.26091179 0.96535969 5.04e-06 -0.26092273 0.96537542 -2.299e-05 -0.26086441 0.96538013 -0.00169743 -0.26084158 0.96538866 0.00252225 0.26080334 0.96538943 -0.00187003 0.26080576 0.96539235 -0.00334153 -0.26078048 0.96539414 0.00100123 0.26079354 0.96539891 0.21259128 -0.15102969 0.96539915 0.00066682 0.26077554 0.9654007 -0.02992124 0.2590484 0.96541721 0.00850054 0.26057151 0.96541882 -0.01142713 0.26045367 0.96541965 0.00437111 0.26066414 0.96542078 0.00559203 0.2606366 0.96542746 -0.00016008 -0.26067191 0.9654296 0.00012799 -0.26066396 0.96543813 0.00285979 -0.26061654 0.96544135 -1.006e-05 -0.26062039 0.96544421 0.00144905 -0.26060611 0.96544719 0.00744268 0.26049271 0.96545422 0.00051873 0.26057225 0.96546024 -0.00344123 0.26052791 0.96546412 -1.184e-05 0.26053569 0.96546459 0.00343755 -0.26051155 0.96546489 9.084e-05 -0.26053321 0.96546811 -0.00087777 0.26052007 0.96547061 -0.0007468 0.2605108 0.96548051 -2.632e-05 -0.26047513 0.96548051 0.00048528 0.26047501 0.96549243 0.00371583 0.26040447 0.96549773 -0.00011092 -0.26041153 0.96549791 -0.0046288 0.26036981 0.96550405 -6.914e-05 -0.26038805 0.96550941 -0.00033904 -0.26036787 0.96550965 0.00183979 0.26036075 0.96551007 0.00122131 0.26036283 0.96551073 -0.00961263 0.26018581 0.96551245 -0.00072898 0.26035625 0.96551573 -0.00956543 0.26016867 0.96552318 -0.00066007 0.26031631 0.96552426 -0.00033103 -0.26031271 0.96552509 0.00016666 -0.26030976 0.96553141 -0.0010369 0.26028451 0.96553367 -4.7e-07 0.26027796 0.96554494 0.00116528 0.26023379 0.96555334 -0.00041589 -0.260205 0.96555501 -3.17e-05 -0.26019883 0.96555901 0.00034755 -0.2601839 0.96556115 -0.00261169 -0.26016292 0.96556467 0.0001263 0.26016307 0.9655686 -0.03176374 -0.25820255 0.96556997 -0.0038702 0.26011482 0.96557409 0.00033799 -0.26012832 0.96557432 0.00296032 -0.26011068 0.96557784 -0.00308095 0.26009622 0.96557951 -0.00151983 0.260104 0.96558195 6.73e-05 -0.26009905 0.96558255 -0.00424141 0.26006243 0.9655835 -5.532e-05 -0.26009318 0.96558493 0.00241159 0.26007691 0.96558732 -0.00639962 0.26000065 0.9655931 -0.00069038 0.2600567 0.96559638 -0.00364726 0.26001978 0.96559757 0 -0.26004118 0.96560097 -0 0.26002815 0.96561497 0.00099379 0.25997457 0.96561551 0.00094242 0.25997296 0.96561754 0.00666449 -0.25988159 0.96561772 0 -0.25996634 0.96561873 -0.00150901 -0.2599583 0.96561891 0.00083673 -0.2599605 0.96562034 -0.00251983 0.25994423 0.96562034 0 -0.25995636 0.96562189 -0.00272981 -0.2599363 0.96562308 -0.0004216 -0.25994602 0.96562499 -0.00059496 0.25993878 0.96563107 0.00147444 -0.2599124 0.9656325 -0.00107994 -0.25990906 0.96563274 -0.00043593 0.25991029 0.96563417 0.00124009 -0.25990212 0.96563476 -0.00016022 0.25990301 0.96563703 -0.00123774 -0.25989127 0.96563739 -0.00108721 -0.25989085 0.96564227 0.00061209 0.25987396 0.96564394 -5.3e-06 -0.25986865 0.96564716 -0.00127934 0.25985393 0.96566325 -0.00218834 -0.2597875 0.96566498 -0.00027674 -0.25979033 0.96566683 0.00024532 -0.25978345 0.96566981 0.00188007 0.25976589 0.96567172 -0.00064795 -0.25976482 0.96567172 -0.00058066 -0.25976494 0.96567184 -0.00037221 -0.25976482 0.96567219 0.00056927 -0.25976309 0.96567303 -0.00055032 0.25975993 0.96567434 -0.00080605 0.25975424 0.96567613 0.00025073 -0.25974876 0.96567678 0.02366629 -0.25866628 0.96567827 0.00980958 -0.259556 0.96567893 -0.00010014 -0.2597385 0.96567905 -0.00254099 0.25972581 0.96568453 4.52e-06 -0.25971776 0.96568459 0.00146165 0.25971341 0.96568692 0.00020203 0.25970882 0.96569186 -0.00016818 0.25969103 0.96569246 0.00013262 -0.25968838 0.96569347 -0.25968468 -0.00020099 0.96569961 -0.00146849 0.25965783 0.96570325 -0.00027587 0.25964817 0.96570432 -1.115e-05 -0.2596443 0.96570826 -0.00142115 -0.25962579 0.96570951 0.00029051 0.25962493 0.96570998 0.00062131 0.25962269 0.9657101 0.0003198 -0.25962213 0.96571147 0.00163153 -0.25961259 0.96571285 0.01607234 0.25911468 0.96571624 -0.00231072 -0.25958964 0.96571702 -1.364e-05 -0.25959736 0.96572262 -0.00076474 -0.2595754 0.96572506 0.00110064 0.25956467 0.96572667 -0.00398673 0.2595304 0.96572787 -0.00031734 0.25955614 0.96573025 -0.00066224 0.25954702 0.96573031 -0.00116028 0.25954506 0.96573532 -0.00018227 0.25952858 0.96573615 0.00044574 -0.25952545 0.96573633 -0.00079464 0.2595242 0.96573639 -0.00129224 -0.25952169 0.96574384 0.00345864 -0.25947413 0.96574748 -0.00100495 0.259482 0.96574777 0.00181472 0.25947636 0.9657492 -0.00265115 -0.25946361 0.9657495 -0.0018819 -0.25946963 0.96575159 -0.00021411 -0.2594682 0.96575212 -0.00026604 -0.25946608 0.96575356 0.00031587 -0.25946054 0.96575367 -0.00066847 0.25945979 0.96575582 -0.0002768 0.25945243 0.96575612 -0.00436912 -0.25941491 0.96575624 0.00044621 0.25945082 0.96575648 -7.365e-05 0.2594502 0.96575648 0.00188328 0.25944346 0.96575803 0 0.25944436 0.96575999 0.00030702 -0.25943723 0.96576035 -0.00047622 0.25943518 0.96576077 -8.2e-07 -0.25943419 0.96576202 -0.00311828 -0.25941101 0.96576262 0 -0.25942755 0.96576351 -0.00741148 0.25931817 0.96576488 -0.00040264 -0.25941837 0.96576756 0 -0.25940868 0.96577001 -0.00052695 -0.25939944 0.96577543 0.00717719 0.25928003 0.96577549 -0.00038888 0.25937915 0.96577859 -0.00062012 -0.25936702 0.96577877 0.00812914 0.25923946 0.96578008 0.00016585 -0.25936243 0.96578056 -0.00049576 -0.25935993 0.96578079 0.00017207 -0.25935966 0.96578217 0 0.25935462 0.96578366 0.00025775 -0.25934872 0.96578479 -0.00024232 0.25934461 0.96578515 -0.00211696 -0.25933483 0.96578521 0.00185258 -0.25933671 0.96578759 0.00028204 0.25933439 0.9657886 0.00016108 0.25933054 0.96578974 -0.00116618 -0.2593236 0.96579045 1.67e-06 -0.25932378 0.96579283 -2.046e-05 -0.25931463 0.9657985 0 -0.25929394 0.96579874 -0.00293249 0.25927633 0.965801 0.00085117 0.25928321 0.96580106 0.00289276 -0.25926796 0.96580267 -3.898e-05 -0.25927836 0.96580464 0.00058057 0.25927019 0.96580571 0.00105348 0.25926471 0.96580577 1.41e-06 -0.25926664 0.96580899 4.458e-05 0.25925466 0.96581066 0.00029315 0.25924805 0.96581107 -7.54e-06 0.25924695 0.96581185 3.2e-07 -0.25924414 0.96581358 -0.00102904 -0.25923565 0.96581376 0.0010555 -0.25923494 0.96581405 2.163e-05 -0.25923589 0.96581447 0.00303935 -0.25921637 0.96581513 -0.00046279 0.25923154 0.9658156 0.00064052 0.25922951 0.96581715 4.393e-05 0.25922412 0.96581775 -0.25922218 0.00011664 0.96581799 -0.00041828 -0.25922087 0.9658199 0 -0.25921425 0.96582156 0.00026916 -0.25920752 0.96582288 0.00760744 -0.25909132 0.96582377 -0.00065438 0.25919878 0.96582693 0.00011927 0.25918776 0.96582776 0.00072605 -0.2591835 0.96582794 0.00034352 0.25918391 0.96583068 -0.0006961 0.25917318 0.96583539 -0.00015144 0.25915647 0.96583855 0.00034931 -0.25914451 0.96584064 0.00130013 -0.25913349 0.96584141 -0.00066296 0.2591328 0.96584171 0.00035548 0.25913262 0.96584195 -0.00076312 0.25913075 0.96584237 -0.00911374 0.2589702 0.96584344 -0.00084847 -0.25912485 0.96584392 -0.08126222 0.2460525 0.96584529 -0.00267086 0.25910568 0.96584594 -0.00178437 -0.25911108 0.96584624 -0.00070718 0.25911483 0.96584642 0.00058921 -0.25911465 0.96584702 0.00036433 0.25911266 0.96584779 -0.00020338 0.2591098 0.96584785 -0.00060384 0.2591092 0.96584851 8.788e-05 -0.25910732 0.96584857 0.0048688 -0.25906134 0.96584886 -0.00021363 0.25910616 0.96585006 -1.668e-05 -0.25910154 0.96585083 -0.00113554 0.25909647 0.96585107 2.103e-05 0.25909793 0.96585113 -2.27e-06 0.25909749 0.96585208 0.00458082 0.25905371 0.96585232 -0.00305621 0.25907534 0.96585321 0.00550092 -0.25903153 0.96585333 0.00260228 -0.25907665 0.96585488 -0.00103603 0.25908124 0.96585542 2.81e-06 0.2590819 0.96585625 0.00338747 -0.25905624 0.96585637 0.00165845 -0.25907293 0.96585751 -0.00070416 0.25907311 0.9658578 0.00064126 -0.25907201 0.96585804 -2.28e-06 0.25907159 0.96585888 0.00508779 0.25901881 0.96585894 0.0039005 0.2590391 0.96586007 2.87e-06 0.2590645 0.96586126 0.00501812 -0.25901121 0.96586573 0.00036865 -0.25904298 0.9658668 -0.00200433 -0.25903144 0.96586823 0.00136377 0.2590304 0.96586972 0.00365361 0.25900248 0.96587008 -0.00018644 -0.2590268 0.96587163 -0.00108394 0.25901896 0.96587169 -0.00025986 0.25902072 0.96587193 0.00155573 -0.25901553 0.96587205 0.00284719 -0.25900397 0.9658727 0.00314922 -0.25899833 0.96587396 -2.884e-05 0.25901276 0.96587473 -0.00252244 -0.2589975 0.96587545 -0.00881562 0.25885695 0.96587545 -8.75e-06 0.25900728 0.96587646 -8.38e-06 -0.25900334 0.96587759 0.00630707 -0.25892195 0.96587777 0.00148002 -0.25899422 0.96587795 0 0.25899783 0.96587837 0.00151167 -0.25899142 0.96587944 8.86e-05 -0.25899193 0.96588081 3.35e-05 0.25898674 0.96588135 0.00012969 0.25898495 0.96588147 0.00106272 -0.25898263 0.96588188 0.00040426 -0.25898281 0.96588236 -1.256e-05 0.25898117 0.96588397 -0.00050863 -0.25897494 0.96588445 -0.00211539 0.25896463 0.96588469 0.00135024 -0.25896934 0.96588552 -0.00013327 0.25896928 0.96588588 2.88e-06 0.25896817 0.96588647 0.00619747 0.25889173 0.96588653 5e-07 0.25896558 0.96588886 -4.872e-05 0.258957 0.96589029 0.00106305 0.25894937 0.96589088 8.541e-05 0.25894946 0.9658913 1.74e-06 0.25894803 0.96589136 0.00085144 0.25894651 0.96589142 -0.00152327 0.25894284 0.96589226 -0.00055209 0.25894368 0.96589261 0.00080389 -0.25894165 0.96589583 -0.00085606 -0.25892952 0.96589613 0.00023365 -0.2589297 0.96589637 5.442e-05 -0.25892892 0.96589708 1.694e-05 0.25892651 0.96589792 -0.00282562 0.25890765 0.9658981 0 0.25892252 0.96589881 4.753e-05 0.25891957 0.96589923 0.0022141 -0.25890905 0.96589971 5.517e-05 0.25891662 0.96589977 0 0.2589162 0.96590114 0.00031401 -0.25891095 0.96590143 -0.00034724 0.25890997 0.96590167 -3.34e-06 0.25890929 0.96590179 -1.46e-06 -0.25890887 0.96590185 4.38e-05 0.25890869 0.9659031 -0.00192133 -0.25889632 0.9659031 -0.00061534 -0.25890309 0.96590394 0.00014063 0.25890076 0.96590459 8.771e-05 0.2588985 0.96590489 8.472e-05 -0.25889727 0.96590561 -9.82e-05 0.2588945 0.96590567 0.000126 0.25889429 0.96590585 0.00042625 0.25889328 0.9659065 2.376e-05 0.25889117 0.96590686 -2.145e-05 -0.25888988 0.96590793 -0.00010086 -0.25888598 0.96590829 -8.662e-05 0.25888407 0.96590835 -0.00027036 0.25888404 0.96590918 0 0.25888124 0.9659093 -0.00024912 -0.25888044 0.96591014 -0.00219576 0.25886825 0.96591014 8.883e-05 0.25887758 0.96591067 0.0016534 -0.2588701 0.96591079 -0.00201533 -0.25886729 0.96591157 0.00139481 0.25886863 0.96591198 -4.069e-05 -0.25887078 0.9659124 0.00424706 0.25883418 0.96591264 8.234e-05 0.25886834 0.96591288 4.041e-05 -0.25886759 0.96591318 -0.00014364 -0.25886604 0.96591318 0.00026806 -0.25886604 0.96591383 0 -0.25886375 0.96591407 -0.00020289 -0.25886279 0.96591437 -3.631e-05 0.2588619 0.96591455 0 0.25886098 0.96591491 -0.00174254 -0.25885376 0.96591544 0.00113102 0.25885561 0.9659155 -4.148e-05 0.25885731 0.9659155 0.00138065 -0.25885394 0.96591574 0.00296897 0.25883946 0.96591741 1.94e-06 -0.25885013 0.96591759 3.48e-06 -0.25884992 0.96591765 0.00118058 -0.25884667 0.96591794 -0 0.25884861 0.96591824 -8.41e-06 0.25884733 0.96591872 6.144e-05 0.25884554 0.96591896 -4.587e-05 0.25884485 0.96592057 0.00236788 -0.25882801 0.96592098 -0.00015608 0.25883728 0.96592128 -0.00055351 0.25883555 0.9659214 2.886e-05 0.25883526 0.96592158 0.00031693 -0.25883466 0.96592188 0.00021022 0.25883356 0.96592218 -0.00207054 0.25882447 0.96592236 -0.00077378 0.25883058 0.96592247 0.00099533 0.25882968 0.96592265 -4.695e-05 0.25883108 0.96592271 0.00044652 -0.25882995 0.96592295 -0.00034551 0.25882974 0.96592355 0.00010761 0.25882763 0.96592361 -0.00067723 0.25882626 0.96592361 -4.477e-05 0.25882745 0.96592373 -1.3e-07 0.25882715 0.96592414 -0.00025282 -0.25882521 0.96592414 -1.633e-05 0.258825 0.96592432 -1.203e-05 -0.25882453 0.96592432 5.558e-05 0.25882444 0.96592444 -3.25e-06 -0.25882411 0.96592456 -0.00150782 0.25881955 0.96592522 0.00025888 -0.25882134 0.96592528 0.00137179 -0.25881776 0.9659254 -9.315e-05 -0.25882083 0.9659254 1.51e-06 -0.25882065 0.96592546 0.00821754 -0.25869009 0.96592551 0.00028942 0.25882003 0.96592557 -8.624e-05 -0.25881988 0.96592557 -1.085e-05 0.25881988 0.96592557 0 0.25882009 0.96592581 0.00013686 -0.25881934 0.96592599 -0.01271403 0.25850582 0.96592641 -0.00016143 0.25881693 0.96592653 -1.132e-05 0.25881687 0.96592671 3.064e-05 0.25881585 0.96592689 0.00018041 -0.2588146 0.96592712 2.385e-05 0.25881422 0.96592712 0.00310879 -0.25879541 0.96592724 0.00040401 0.25881335 0.96592736 -0 0.25881347 0.96592736 0.00030083 -0.25881296 0.96592742 0.00025957 -0.25881299 0.96592748 0.00019065 -0.25881279 0.96592778 -0.00284494 0.25879622 0.96592802 6.628e-05 0.25881076 0.96592814 -0.00467386 0.25876808 0.96592838 0.00205575 0.25880158 0.96592844 -3.887e-05 -0.25880933 0.96592867 -1.284e-05 -0.25880855 0.96592903 -0.0012526 -0.25880399 0.96592909 0.00012019 0.25880688 0.96592963 7.603e-05 0.25880474 0.96593052 -0.25880149 0.00022387 0.96593064 5.74e-05 0.25880125 0.96593094 -0.00091886 -0.25879836 0.96593112 -0.00065496 -0.25879839 0.9659313 0.00046664 -0.25879827 0.96593136 8.76e-05 0.25879851 0.96593142 -0.00020967 0.25879809 0.96593177 4.874e-05 0.25879702 0.96593183 -0.00013408 0.25879657 0.96593225 -0.00029102 0.25879496 0.9659332 -0.00088701 -0.25878999 0.96593368 -0.0035216 -0.25876588 0.96593416 0.00184351 0.25878131 0.96593422 -0 0.25878754 0.96593422 -0 0.25878757 0.96593422 4.573e-05 -0.25878763 0.96593428 -0 0.25878757 0.96593446 0.00010879 -0.25878701 0.96593451 3.999e-05 -0.25878677 0.96593463 -0.0001884 0.25878629 0.96593487 0 -0.2587851 0.96593493 0 -0.2587851 0.96593583 -3.743e-05 0.25878188 0.96593618 -1.072e-05 0.25878063 0.96593636 0.00011476 0.25877988 0.96593654 3.683e-05 0.2587792 0.96593702 -4.254e-05 0.25877726 0.9659375 1.589e-05 0.2587758 0.96593767 -9.171e-05 -0.25877512 0.96593779 6.77e-06 -0.25877419 0.96593952 -0 0.25876769 0.96593994 -0 0.25876629 0.96594012 0.00149805 0.2587615 0.96594054 -1.66e-06 0.25876442 0.96594054 1e-07 -0.25876456 0.96594065 7.58e-06 0.2587637 0.96594107 -0.00062821 -0.25876111 0.96594113 -0.00018667 0.25876179 0.96594119 -7.37e-06 0.25876188 0.96594197 8.106e-05 -0.25875866 0.96594226 0.00045462 -0.25875732 0.96594238 7.64e-06 0.25875732 0.9659428 -0.00091144 -0.25875399 0.96594292 -0.00091414 -0.25875381 0.96594322 4.034e-05 -0.25875422 0.96594334 -0.00011567 0.25875345 0.96594405 -0.0001275 0.25875083 0.96594417 -0.00021865 -0.2587502 0.96594447 -0.00058877 -0.25874892 0.96594447 8.833e-05 0.25874951 0.96594459 5.429e-05 -0.25874895 0.96594477 -6.09e-05 -0.25874838 0.96594489 -0.00122236 -0.25874522 0.96594524 -4.616e-05 0.25874674 0.96594566 -2.326e-05 -0.25874504 0.96594614 -0.00174089 -0.25873753 0.9659462 1.56e-06 0.25874305 0.96594644 0.00111086 0.25873929 0.96594739 -8.82e-06 0.25873858 0.96594757 3.731e-05 0.2587381 0.96594757 9.244e-05 -0.25873807 0.96594763 7.428e-05 0.25873765 0.96594769 4.1e-07 -0.25873762 0.96594781 6.431e-05 0.25873694 0.96594805 0 -0.25873619 0.9659481 1.51e-06 -0.25873575 0.96594834 -6.3e-07 -0.25873479 0.96594977 -0.0023012 -0.25871918 0.96594983 5.49e-06 -0.25872952 0.96595007 0.0027044 0.25871441 0.96595031 -7.701e-05 0.25872767 0.96595132 -0.00013732 0.25872403 0.96595132 5.654e-05 0.25872391 0.96595174 -0.00012845 0.25872239 0.96595198 2.337e-05 0.25872126 0.96595204 0.00015373 0.25872102 0.96595228 -0.00218418 -0.25871104 0.96595246 0 -0.2587198 0.96595269 -8.366e-05 0.25871891 0.96595269 -7.446e-05 0.25871867 0.96595353 -0.00254111 -0.25870308 0.96595377 -3.151e-05 -0.25871477 0.96595401 7.06e-06 0.25871378 0.96595412 -0.00011652 0.25871342 0.9659546 -0 0.2587117 0.96595466 0.00108116 -0.25870907 0.96595484 -0.00094097 -0.25870913 0.96595502 -0.01598211 -0.25821576 0.96595508 -3.89e-06 -0.2587097 0.96595567 -0.00303014 -0.25868979 0.96595567 0.00116277 -0.25870487 0.96595663 -0.00030579 0.2587038 0.96595693 0.00152284 0.25869846 0.96595705 -0.00248313 0.25869063 0.96595711 0.00034068 0.25870234 0.9659574 0.00072736 0.25870001 0.96595776 -0.0001713 -0.25869972 0.96595788 -0.0015928 0.25869447 0.96595794 4.987e-05 -0.25869933 0.96595865 0.00010451 -0.25869656 0.96595895 0.00065559 0.25869474 0.96595901 -8.5e-07 -0.2586953 0.96595907 0.00040262 -0.25869423 0.96596074 -0.00053091 0.25868803 0.96596146 -0.0053059 -0.25863177 0.96596318 4.106e-05 0.25867966 0.96596342 -0.00011396 -0.25867891 0.96596509 0.00073155 0.2586714 0.96596754 0 0.25866321 0.96596766 -0.00091723 -0.25866127 0.96596831 -1.336e-05 0.25866061 0.96596926 0 0.25865713 0.96596974 -9.05e-06 0.25865507 0.9659704 0.00098992 0.25865069 0.96597159 -0.00138283 -0.25864446 0.96597195 0.00141659 0.25864288 0.96597213 -0.00107914 -0.25864407 0.96597278 3.45e-06 0.25864366 0.96597826 0 0.25862318 0.96597916 0.00047897 -0.25861952 0.96598011 2.01e-06 -0.25861606 0.96598023 -0.00015633 0.25861588 0.96598053 -0.0004181 -0.25861451 0.9659822 -5.61e-06 -0.25860879 0.96598327 0.00650034 0.25852308 0.96598464 -0.00261477 -0.25858629 0.96598482 0.00023169 0.25859874 0.96598583 -1.409e-05 -0.25859502 0.96598607 -0.00067982 0.25859272 0.96598637 -0.00465553 -0.25855079 0.96598697 0 -0.25859088 0.96598703 0.0001568 0.25859061 0.96598965 -0.00067611 0.25858021 0.96599144 2.81e-06 0.25857371 0.96599376 0 0.25856563 0.965994 -0.00016754 -0.25856447 0.96599543 -0.00123908 0.25855616 0.96599692 -0.00026168 0.25855345 0.96599716 -6.02e-06 0.25855246 0.96599942 -0.00039233 0.25854391 0.96599972 -0.01209738 -0.25826025 0.96600014 -0.00034258 0.25854126 0.9660005 -1.6e-07 0.25854006 0.96600062 -0.00083106 0.25853857 0.96600062 4.071e-05 -0.25854003 0.96600169 0.0016951 0.25853008 0.96600288 0.00015572 0.25853106 0.96600574 -0.00106353 0.2585184 0.96600658 -0.001228 0.25851429 0.96600813 -0.00016132 -0.25851175 0.9660092 -7.785e-05 0.25850755 0.96601099 0.00071599 0.25850013 0.96601129 0.000519 0.25849947 0.9660126 -6.3e-06 -0.25849491 0.9660129 0.00174826 -0.25848773 0.96601385 -4.281e-05 0.25849003 0.9660157 -0.00028199 -0.25848344 0.96601582 -0.0014363 0.25847894 0.96601665 0.00080693 0.25847849 0.96601683 -0.00166783 0.25847381 0.96601748 -5.055e-05 0.25847697 0.96601868 0.00098116 0.25847074 0.96601987 -0.00017881 -0.25846803 0.96603149 -2.279e-05 0.25842434 0.96603203 5.381e-05 0.25842252 0.96603221 6.545e-05 0.25842172 0.96603268 -0.00037968 0.2584196 0.96603441 0.00123771 -0.25841022 0.96603519 -0.00012597 -0.25841036 0.96603996 -0.00032422 -0.25839227 0.96604234 -0.00244508 -0.25837225 0.96604258 -0.00107749 0.2583805 0.96604401 -0.00030238 0.25837725 0.96604401 -0.00019029 -0.25837746 0.96604645 -0.25836834 9.773e-05 0.96604717 7.981e-05 -0.25836563 0.9660486 -0.00022062 -0.25836006 0.9660486 0.00244129 -0.25834891 0.96604967 0.00179815 -0.25835031 0.96605033 0.00107007 0.25835168 0.96605343 -0 0.25834236 0.96605533 -0.00054745 -0.2583347 0.9660641 -0.25830242 0.00011524 0.96606672 0.00014442 0.25829268 0.96606779 0.00141191 0.25828487 0.96607113 -4.407e-05 -0.25827602 0.96607143 -0.01232968 0.25798067 0.96607256 -0.00421579 0.25823659 0.96607322 -6.673e-05 0.25826794 0.96607512 4.394e-05 0.25826147 0.96607578 6.7e-06 -0.25825858 0.96607918 0.00123846 -0.25824314 0.9660821 0 -0.25823504 0.96608394 0 -0.25822821 0.9660899 3.355e-05 0.25820592 0.96609706 -1.811e-05 0.25817898 0.96610546 -0.00454996 -0.2581076 0.96610576 -2.696e-05 0.25814655 0.96611398 -0.00937046 -0.25794548 0.966115 0.00615495 0.2580387 0.96611732 5.04e-05 0.2581034 0.96611816 -0.00044778 0.25810015 0.96611845 0.00021442 0.25809881 0.96611947 -0.00017389 -0.2580952 0.96612012 -0.00067776 0.25809208 0.96612453 -0.00038874 -0.25807586 0.96612459 -0.00079933 0.2580747 0.96612477 0.00243781 0.25806406 0.96612519 0.00038813 -0.25807351 0.96612567 0.00274805 0.25805759 0.96612799 0 0.25806341 0.9661299 0.00038952 -0.25805566 0.96613288 7.067e-05 0.25804499 0.96613497 0.00076247 0.25803626 0.96613705 0.00253219 -0.25801706 0.96613741 -0.00088628 0.2580266 0.9661383 -0.00160766 0.25801954 0.9661392 0.0005451 -0.25802073 0.96614021 5.433e-05 -0.25801784 0.96614188 0.0005554 0.25801066 0.96614254 -0.00108816 0.25800681 0.96614647 -0.00012057 0.25799423 0.96614939 -0.00083592 -0.25798211 0.96614993 -0.0028307 0.25796607 0.96615022 0.00237281 0.25796929 0.96615082 5.897e-05 0.25797769 0.96615434 4.593e-05 -0.25796509 0.96615613 -0.0029055 0.25794169 0.96615648 0.00082446 0.25795534 0.96616447 -0.00226837 0.25791675 0.96616662 -0.00332843 0.25789708 0.96616781 -0.00081762 -0.25791293 0.96616983 -0.00035881 -0.25790644 0.96617424 -0.00013735 0.25789002 0.9661808 -0.0030239 0.25784829 0.9661808 0 -0.25786543 0.96618366 -0.00082856 0.2578536 0.96618551 5.198e-05 0.25784791 0.9661876 -4.206e-05 0.25784016 0.96618891 0.0003442 0.25783521 0.96618915 0.00011157 -0.25783458 0.9661895 -4.433e-05 -0.25783277 0.96619004 -4.44e-05 -0.25783104 0.96619004 0.00227246 -0.25782102 0.96619064 0.00031732 0.25782868 0.96620131 3.744e-05 0.25778896 0.96620142 0.00358134 0.25776324 0.96620572 -0.00142625 -0.25776818 0.96620786 -0.00836566 0.25762865 0.96621108 0.00157072 0.25774729 0.96621132 -0.0003085 -0.25775129 0.966214 0.00288015 -0.25772503 0.96621406 0.00058268 -0.25774014 0.96621859 0.00070386 0.25772303 0.96622276 0.00094198 -0.25770658 0.96622384 0.00026853 -0.25770393 0.96622503 0.0002476 -0.25769949 0.96622932 0.00087129 -0.25768209 0.96623039 -0.0017323 0.25767392 0.96623313 0.0035386 0.25764537 0.9662348 0.00032089 -0.25766286 0.96623635 -0.0011136 -0.25765476 0.96624345 -7.67e-05 -0.25763071 0.96624732 2.562e-05 0.25761643 0.96624738 -0.00012624 0.25761625 0.96625996 -0.00017962 -0.25756896 0.9662618 7.456e-05 -0.25756204 0.96626627 -9.188e-05 0.25754479 0.96626848 0.00069684 0.25753596 0.96626973 -0.0001527 -0.25753167 0.96627474 -0.00023153 0.25751352 0.96628034 -2.327e-05 -0.25749218 0.96628261 -0.00049394 -0.25748336 0.96628517 -0.00052649 -0.25747398 0.96628726 -0.00779256 0.25734866 0.96629059 -0.00070682 -0.25745291 0.96629077 2.715e-05 0.25745317 0.96629691 3.72e-06 0.25743014 0.96629781 0.00026595 -0.25742653 0.96629995 -0.00051592 0.25741819 0.9663018 -3.039e-05 0.25741196 0.96630728 0.00207362 0.25738293 0.96630877 -0.00160229 0.25738063 0.96630901 -0.0044187 0.25734678 0.96632254 0.00064635 0.25733295 0.96632487 -0.00136588 0.25732139 0.96632499 -0.00120333 0.25732216 0.96633315 -9.268e-05 -0.25729388 0.96633577 3.751e-05 -0.25728428 0.96633726 -0.00022503 0.25727844 0.96633995 0.00141145 0.25726467 0.96634692 -0.00157361 0.25723749 0.96636093 0.0001318 -0.25719005 0.96636337 -0.00156912 -0.25717592 0.96636349 0 -0.25718039 0.96636689 -0.0001654 0.25716719 0.96637189 -0.00084198 0.25714731 0.96637803 0.00670621 0.25703776 0.96638179 -0.00474297 -0.25706759 0.96638447 -0.00025772 0.25710151 0.96640074 -0.00228585 -0.25702986 0.96640748 -0.00139639 0.25701079 0.96640861 0.00157803 0.25700569 0.96641648 -0.00109433 0.25697824 0.96641821 0.0013958 0.25697085 0.96641964 0.0012948 -0.25696549 0.96642065 0.00011394 0.25696525 0.96643007 0.00118998 -0.25692695 0.9664306 0.00047751 -0.25692728 0.96646774 -0.00216925 -0.25677896 0.96646994 7.44e-05 -0.25677973 0.96647328 0.00057904 0.25676665 0.96647906 -6.798e-05 -0.25674564 0.96648139 0.00056964 0.25673625 0.96648252 -0.0001044 -0.25673246 0.96649784 -7.189e-05 -0.2566748 0.96650481 -0.00098904 0.25664663 0.96651047 -0.00051539 0.25662673 0.966537 0.00050539 0.25652659 0.96653926 0.0005106 0.25651872 0.96655828 -0.00021899 0.25644699 0.96657544 -0.0006052 0.2563816 0.96659964 -0.00019917 -0.25629106 0.96660942 -0.00051152 0.25625381 0.96661019 0.00978051 -0.25606465 0.966627 0 -0.25618768 0.96662855 -0.00061191 -0.25618112 0.96663296 -0.03343131 0.25397485 0.96664608 -0.00158079 0.25611085 0.96667743 -0.00011253 -0.25599736 0.96668035 -0.00101256 0.25598451 0.96668458 -9.04e-06 -0.25597036 0.96668839 -3.87e-05 0.25595599 0.96670032 0.00335517 0.25588906 0.96670479 -0.00200005 -0.25588623 0.96672666 0.00387047 0.25578237 0.96673906 -0.00221498 -0.25575516 0.96675366 -0.00035009 -0.25570956 0.96678203 -0.00816042 -0.25547177 0.96678239 -0.00065842 0.25560012 0.96678412 -0.00111674 0.25559163 0.96680599 0.00237224 -0.25550035 0.96683961 -3.314e-05 -0.25538424 0.96686578 0.00497866 0.25523677 0.96688026 -0.00122637 0.25522766 0.96688038 0.00737648 0.25512314 0.9668808 -0.0050714 0.25517783 0.96688443 -0.00130463 -0.25521103 0.96691293 -0.00323097 0.25508621 0.96691996 0 0.25507995 0.96694267 -0.00023355 0.25499362 0.96695578 0.00027971 -0.25494406 0.96696842 -0.00295011 -0.254879 0.96698934 0.00165779 0.25481105 0.96704429 -0.00040728 0.25460789 0.96704847 -0.00114669 -0.25458965 0.96705991 0.00033965 -0.25454858 0.96708328 -0.00035245 -0.25445968 0.96708369 -0.25409502 0.01359595 0.96709365 0.00082023 0.25441942 0.96713465 -0.00226767 0.25425479 0.96720064 0.00445004 0.25397485 0.96721959 -0.00350681 -0.25391713 0.96722054 0.00128924 0.25393459 0.96725047 -0.0009964 0.25382179 0.96729571 -0.00087346 0.25364965 0.96730214 -0.06842996 -0.24422097 0.96732056 0.00134015 -0.25355294 0.96732593 -0.00060173 -0.2535353 0.9673388 0.00079711 -0.25348562 0.96735531 0.00864881 0.25327641 0.96736455 -0.25302285 0.0136146 0.96738064 0.00430437 0.25329074 0.9674238 -0.00640664 0.25308156 0.96743727 -4.323e-05 0.25311059 0.96745455 -0.00564627 0.2529819 0.96746349 0.00511956 0.25295871 0.96747684 -0.00098087 0.25295785 0.96748012 0.00136712 0.25294334 0.96751344 -0.00485846 0.25277302 0.96751517 0.24978971 -0.0389816 0.96759164 0.00783002 0.25239855 0.96764886 0.00166781 0.25229517 0.96766114 -0.00144142 0.25224948 0.96769512 0.0037767 0.25209534 0.96770936 -0.00178726 0.25206223 0.96782714 -0.00500888 0.2515662 0.96786809 -0.00286037 0.25144202 0.96791184 0.00361762 0.25126401 0.96795398 -0.0021265 0.25111875 0.96799695 0.25096217 0 0.96803319 0.25011832 0.01877535 0.96809632 -0.00016884 0.25057828 0.96817052 -0.01606523 0.24977516 0.96842861 0.1229958 0.21683608 0.96850705 0.00210891 0.24897742 0.96862429 -0.02074247 0.24766228 0.9687174 0.00119407 0.24816342 0.96873665 -0.24809109 0 0.96876568 -0.00517703 0.2479239 0.96887076 0.22347273 -0.10653406 0.9690972 0.24667928 8.575e-05 0.96945155 0.24528292 0 0.9696914 0.01849761 0.24363156 0.96972793 0.01144283 -0.24391958 0.97014242 -0.24253561 0 0.97014248 0.24253562 -0 0.97014248 0.24253562 2.366e-05 0.97025502 -0.00591784 -0.24201275 0.97031564 -0.00120117 -0.24183905 0.970415 -0 0.24144296 0.97047937 -0.24118422 2.787e-05 0.97064799 0.18676679 0.15152791 0.97081059 0.23984733 0 0.97081065 -0.23984733 0 0.97082108 0.0005184 0.23980442 0.97100365 0.00114219 0.23906189 0.97104836 -0 0.23888318 0.97119153 0 -0.23829998 0.97142816 -0.00062963 0.23733303 0.9715305 0.13377376 -0.1955328 0.97164309 0.1913441 0.1389142 0.97165388 0.23614296 -0.01119488 0.9718017 8.02e-06 -0.23579954 0.97195268 0.19817288 -0.12663139 0.97228199 -0.23164061 -0.03178457 0.97359776 0.00064338 -0.2282692 0.974029 0.22558683 0.01944705 0.97419113 -0.14515418 -0.17286369 0.97523129 -0.22118746 0 0.97799283 -0.20863847 0 0.97840041 0 -0.20671856 0.97847593 -0.20633756 0.00311916 0.97895861 -0.13109589 -0.15637724 0.97912222 -0.00016009 -0.20327276 0.97965187 -0.20070434 -6.58e-05 0.9802826 -0 0.19760028 0.98065484 -0.07961617 0.17882241 0.98075193 -0.00013356 0.1952579 0.98100781 -0.19396859 0 0.98145884 0.19166024 -0.00220412 0.98151386 -7.376e-05 -0.19139132 0.98154795 -0.1845801 -0.04993976 0.98171848 -0 0.19033895 0.98205513 0.00122042 0.18859036 0.98237729 -0.17889136 0.05415448 0.98239028 -0.00021745 0.18684018 0.98265147 0.11926299 0.14202996 0.98315549 -0.15908344 -0.08998676 0.98390847 0.17867111 -0.00089173 0.98410547 0.05943494 -0.16734318 0.98434782 -0.1762062 0.00330382 0.98451126 0.17531937 0.00085455 0.98453319 -0.08892312 0.15095435 0.98465574 -0.17450772 -0.00039335 0.98480153 -0.17368336 0 0.98480153 0.17368336 -0 0.98481286 -0.17361885 0 0.98481733 0.17359392 0 0.98488289 0.17004079 0.03304224 0.98500067 0.17255007 -0.00046192 0.98502338 -0.17241958 -0.00070668 0.9851898 -0.00031839 -0.17146689 0.98530096 -0.17080779 0.00259671 0.98541868 0.06285392 -0.15811199 0.98555934 0.16931039 0.00259314 0.98557019 0.16924722 0.00259319 0.98561329 -0.16899852 0.00244535 0.98579842 0.16749114 0.01217456 0.98592591 0.16718267 -1.51e-05 0.98606408 0.16094245 -0.04213411 0.98620385 -0.1655138 0.00267312 0.98640376 -0.16386265 0.01251035 0.98648542 0.15697466 -0.04696084 0.98673427 0.15208963 -0.05678212 0.98680878 0.15161356 -0.05676022 0.98691779 -0.16122444 0.00021342 0.98692399 -0.14338604 -0.07363099 0.98727036 -0.15481795 0.03645064 0.98770773 -0.15215825 0.03579239 0.98801911 0.15426084 -0.00465859 0.98803306 0.10622075 -0.11183847 0.98894095 5.353e-05 0.14831005 0.98914874 0.00014108 0.14691764 0.98921025 0 -0.14650288 0.98983711 9.651e-05 -0.14220576 0.99046779 0.13728431 0.01125391 0.9908365 -0.0847166 0.10519558 0.99108851 0.0551869 0.12123489 0.99137086 -0.12729718 -0.03129142 0.9913972 0.12990527 0.01600363 0.99262595 0.1211927 0.00243172 0.9926461 8.458e-05 0.12105287 0.99291831 0.11840382 -0.00968513 0.99300927 -0.08068374 -0.08615523 0.99326253 -8.225e-05 -0.11588611 0.99345887 -0.11419068 0 0.99345887 0.11419068 0 0.99398106 -0.09292721 -0.05801807 0.99420911 0.06938824 0.08205793 0.99428797 -0.09187049 -0.05432412 0.9952538 0.05139004 -0.0826363 0.99555856 -0.00014858 0.09414401 0.99564654 0.09138674 0.01834316 0.9956702 0.04343211 0.08218466 0.99610275 0.05142281 -0.07165924 0.99634522 -0.05563931 -0.0648104 0.99635363 -0.08528293 0.0025193 0.99639106 -0.06794743 0.0508731 0.99643755 0.08426147 0.0035143 0.99646348 0.08402444 0.00051022 0.99659067 0.04802804 -0.06708489 0.99685133 -0.05871212 -0.0532946 0.99723619 0.04877101 0.05604785 0.99776417 0.05335234 -0.04025251 0.99779677 0 -0.06634458 0.99809188 -0.01902171 0.05874335 0.99835247 0.05737658 0.00048614 0.99835259 -0.05737659 0.00048609 0.99866509 0 0.05165274 0.99894094 -0.01235572 0.04432144 0.99933642 0.02044211 -0.03014541 0.99935836 -0.03572516 0.00256316 0.99951613 -0.03110704 -1.093e-05 0.99959505 -0.01711717 -0.02273296 0.99964887 -0.01966932 0.01775462 0.99971098 0.02404406 0 0.99982387 0.01857661 -0.00266076 0.99982983 0.00025888 -0.01844558 0.99991506 -0.00476799 0.01213311 0.99993175 -0.00842371 0.00810117 0.99994445 0 -0.01054163 0.99999619 -0.00222694 -0.00163069 0.99999619 -0.00222671 -0.00162997 0.99999762 -1.5e-07 -0.00220578 0.99999762 0.00218709 0 0.99999791 0.00203148 -0 0.99999809 0.00198098 0 0.99999869 0.00107135 -0.0012377 0.99999958 0 -0.00088352 0.99999976 -0.00064302 0 0.99999982 -0.00064288 0 0.99999994 -0 0 1 -0 0</float_array>
          <technique_common>
            <accessor source="#normals-array" count="7458" stride="3">
              <param name="X" type="float" />
              <param name="Y" type="float" />
              <param name="Z" type="float" />
            </accessor>
          </technique_common>
        </source>
        <vertices id="vertices">
          <input semantic="POSITION" source="#positions" />
        </vertices>
        <triangles count="9096" material="MATERIAL">
          <input semantic="VERTEX" source="#vertices" offset="0" />
          <input semantic="NORMAL" source="#normals" offset="1" />
          <p>513 1574 510 1574 523 1574 513 1454 504 1454 510 1454 513 1455 511 1455 504 1455 524 1573 511 1573 513 1573 524 3718 513 3718 523 3718 522 3717 388 3717 521 3717 396 3718 395 3718 522 3718 395 3718 388 3718 522 3718 395 3718 393 3718 388 3718 393 3718 391 3718 388 3718 391 3717 386 3717 388 3717 386 3718 379 3718 388 3718 379 3718 370 3718 388 3718 370 3718 367 3718 388 3718 367 3718 373 3718 388 3718 373 3718 381 3718 388 3718 409 5837 396 5837 522 5837 493 5923 409 5923 522 5923 440 5835 409 5835 493 5835 438 5848 409 5848 440 5848 435 5836 409 5836 438 5836 433 5826 409 5826 435 5826 398 5850 396 5850 409 5850 406 5832 404 5832 409 5832 404 5849 402 5849 409 5849 402 5852 398 5852 409 5852 426 5813 422 5813 409 5813 433 5843 430 5843 409 5843 430 5869 427 5869 409 5869 427 5831 426 5831 409 5831 422 5886 419 5886 409 5886 419 5834 412 5834 409 5834 412 5861 406 5861 409 5861 439 6158 440 6158 493 6158 388 1156 384 1156 387 1156 381 1179 384 1179 388 1179 381 1209 380 1209 384 1209 381 149 377 149 380 149 373 143 377 143 381 143 373 135 372 135 377 135 373 129 365 129 372 129 367 58 365 58 373 58 367 0 366 0 365 0 367 0 368 0 366 0 370 0 368 0 367 0 370 0 369 0 368 0 370 124 374 124 369 124 379 130 374 130 370 130 379 136 378 136 374 136 379 150 382 150 378 150 386 1123 382 1123 379 1123 386 1213 385 1213 382 1213 386 1228 389 1228 385 1228 391 1248 389 1248 386 1248 438 6205 440 6205 439 6205 434 6154 438 6154 439 6154 391 1264 390 1264 389 1264 393 1412 392 1412 390 1412 391 1412 393 1412 390 1412 434 6099 435 6099 438 6099 433 6001 435 6001 434 6001 429 5972 433 5972 434 5972 395 1525 394 1525 392 1525 393 1526 395 1526 392 1526 429 5951 430 5951 433 5951 427 5905 430 5905 429 5905 425 5823 427 5823 429 5823 398 1770 397 1770 394 1770 395 1769 398 1769 394 1769 396 1704 398 1704 395 1704 425 5770 426 5770 427 5770 422 5650 426 5650 425 5650 418 5627 422 5627 425 5627 402 1918 401 1918 397 1918 398 1917 402 1917 397 1917 418 5605 419 5605 422 5605 411 5386 419 5386 418 5386 411 5386 412 5386 419 5386 404 2455 403 2455 401 2455 402 2456 404 2456 401 2456 405 4652 412 4652 411 4652 405 4653 406 4653 412 4653 406 3097 405 3097 403 3097 404 3096 406 3096 403 3096 388 1324 463 1324 521 1324 388 1302 387 1302 463 1302 224 4511 222 4511 220 4511 223 4285 224 4285 220 4285 222 3713 221 3713 220 3713 221 2741 218 2741 220 2741 218 2742 217 2742 220 2742 219 2535 218 2535 221 2535 227 4967 224 4967 223 4967 227 4968 228 4968 224 4968 218 2036 213 2036 217 2036 213 2037 212 2037 217 2037 231 5480 228 5480 227 5480 231 5487 230 5487 228 5487 213 1807 210 1807 212 1807 210 1808 209 1808 212 1808 233 5729 234 5729 231 5729 234 5732 230 5732 231 5732 210 1621 206 1621 209 1621 206 1621 205 1621 209 1621 241 5884 242 5884 233 5884 242 5897 234 5897 233 5897 206 1425 202 1425 205 1425 202 1425 201 1425 205 1425 245 6040 244 6040 241 6040 244 6174 243 6174 241 6174 243 6019 242 6019 241 6019 202 1326 200 1326 201 1326 200 1327 199 1327 201 1327 245 6165 247 6165 244 6165 246 6124 247 6124 245 6124 248 6222 247 6222 246 6222 200 1134 198 1134 199 1134 197 1176 198 1176 200 1176 248 6263 249 6263 247 6263 250 6321 249 6321 248 6321 197 1211 196 1211 198 1211 250 6373 252 6373 249 6373 251 6341 252 6341 250 6341 197 140 195 140 196 140 192 133 195 133 197 133 253 7344 254 7344 251 7344 254 7375 252 7375 251 7375 192 128 191 128 195 128 192 54 187 54 191 54 189 25 187 25 192 25 189 0 188 0 187 0 189 0 190 0 188 0 194 24 190 24 189 24 194 52 193 52 190 52 259 7353 254 7353 253 7353 259 7339 269 7339 254 7339 272 6413 269 6413 259 6413 353 6308 354 6308 269 6308 272 6306 353 6306 269 6306 494 6181 354 6181 353 6181 229 5958 221 5958 222 5958 224 6005 229 6005 222 6005 229 6003 219 6003 221 6003 228 5980 229 5980 224 5980 229 6010 260 6010 219 6010 230 5973 229 5973 228 5973 234 5983 229 5983 230 5983 242 5971 229 5971 234 5971 243 5965 229 5965 242 5965 244 5977 229 5977 243 5977 247 5969 229 5969 244 5969 247 5970 249 5970 229 5970 249 5967 252 5967 229 5967 252 5962 254 5962 229 5962 254 6004 269 6004 229 6004 269 5963 260 5963 229 5963 354 5920 331 5920 269 5920 331 5918 260 5918 269 5918 494 5833 331 5833 354 5833 494 5842 482 5842 331 5842 525 5790 482 5790 494 5790 260 3718 218 3718 219 3718 260 3718 256 3718 218 3718 256 3718 194 3718 218 3718 194 3718 213 3718 218 3718 194 3718 210 3718 213 3718 194 3718 206 3718 210 3718 194 3718 202 3718 206 3718 194 3718 200 3718 202 3718 194 3718 197 3718 200 3718 194 3718 192 3718 197 3718 194 3718 189 3718 192 3718 260 3718 283 3718 256 3718 331 3718 283 3718 260 3718 331 3718 408 3718 283 3718 482 3718 408 3718 331 3718 482 3718 526 3718 408 3718 525 3717 526 3717 482 3717 256 117 255 117 193 117 194 118 256 118 193 118 283 1108 282 1108 255 1108 256 1107 283 1107 255 1107 283 1222 408 1222 282 1222 408 1222 407 1222 282 1222 408 1307 464 1307 407 1307 526 1333 464 1333 408 1333 106 2402 124 2402 86 2402 106 1653 153 1653 124 1653 75 5946 106 5946 86 5946 75 5954 57 5954 106 5954 66 6289 57 6289 75 6289 153 1269 143 1269 124 1269 140 1180 146 1180 153 1180 146 27 143 27 153 27 67 7444 57 7444 66 7444 67 6356 84 6356 57 6356 79 6189 84 6189 67 6189 140 1243 131 1243 146 1243 140 1674 108 1674 131 1674 79 3028 108 3028 84 3028 102 5787 108 5787 79 5787 108 1881 102 1881 131 1881 106 3718 77 3718 123 3718 153 3889 106 3889 123 3889 106 3718 57 3718 77 3718 57 3718 48 3718 77 3718 84 3718 48 3718 57 3718 127 4058 140 4058 153 4058 127 3862 108 3862 140 3862 127 3718 84 3718 108 3718 77 4512 118 4512 123 4512 61 4985 118 4985 77 4985 48 6317 61 6317 77 6317 118 1216 153 1216 123 1216 155 1236 153 1236 118 1236 50 7388 61 7388 48 7388 155 1132 127 1132 153 1132 132 1226 127 1226 155 1226 84 6002 50 6002 48 6002 99 5908 50 5908 84 5908 127 4410 99 4410 84 4410 99 2841 127 2841 132 2841 109 2393 125 2393 87 2393 87 5503 73 5503 109 5503 109 1673 139 1673 125 1673 76 5935 73 5935 87 5935 64 6288 73 6288 76 6288 139 1272 144 1272 125 1272 64 5736 53 5736 73 5736 149 47 145 47 139 47 145 17 144 17 139 17 68 7434 53 7434 64 7434 80 6204 53 6204 68 6204 149 1235 129 1235 145 1235 80 6170 101 6170 53 6170 103 5767 101 5767 80 5767 149 1938 101 1938 129 1938 101 1905 103 1905 129 1905 109 3500 73 3500 107 3500 73 4157 53 4157 107 4157 139 3717 109 3717 107 3717 151 3718 139 3718 107 3718 149 3970 139 3970 151 3970 101 3459 70 3459 53 3459 113 4041 101 4041 149 4041 113 3435 70 3435 101 3435 58 4978 120 4978 107 4978 53 5855 58 5855 107 5855 120 1711 151 1711 107 1711 156 1244 151 1244 120 1244 54 7419 58 7419 53 7419 70 7359 54 7359 53 7359 156 101 149 101 151 101 121 1267 149 1267 156 1267 121 1430 113 1430 149 1430 113 4925 121 4925 70 4925 121 4913 54 4913 70 4913 94 3720 442 3720 93 3720 39 1465 93 1465 38 1465 94 1464 93 1464 39 1464 347 2796 346 2796 310 2796 261 3534 347 3534 310 3534 270 3715 261 3715 310 3715 275 3507 347 3507 261 3507 275 3773 315 3773 347 3773 310 1664 338 1664 295 1664 270 5408 310 5408 295 5408 263 5819 270 5819 295 5819 310 3196 346 3196 338 3196 261 6272 270 6272 263 6272 267 6371 261 6371 263 6371 275 6107 261 6107 267 6107 347 1851 315 1851 340 1851 315 1432 323 1432 340 1432 296 5658 275 5658 267 5658 296 4452 315 4452 275 4452 323 2084 315 2084 296 2084 208 4203 294 4203 211 4203 183 5781 208 5781 211 5781 183 6035 171 6035 208 6035 175 6147 171 6147 183 6147 159 7341 171 7341 175 7341 160 7448 171 7448 159 7448 160 7451 161 7451 171 7451 297 4226 203 4226 214 4226 176 7285 172 7285 168 7285 185 6110 172 6110 176 6110 185 6101 203 6101 172 6101 214 5700 203 5700 185 5700 168 7454 163 7454 162 7454 168 7447 172 7447 163 7447 162 3713 37 3713 36 3713 163 3713 37 3713 162 3713 161 3715 294 3715 208 3715 171 3951 161 3951 208 3951 263 3382 295 3382 294 3382 161 3715 163 3715 294 3715 163 3716 263 3716 294 3716 37 3715 161 3715 35 3715 37 3715 163 3715 161 3715 163 3715 267 3715 263 3715 163 3715 172 3715 267 3715 172 3715 203 3715 267 3715 203 4017 296 4017 267 4017 203 3727 297 3727 296 3727 161 3720 160 3720 34 3720 35 3720 161 3720 34 3720 35 0 34 0 32 0 33 0 35 0 32 0 37 0 35 0 33 0 39 0 37 0 33 0 37 0 39 0 36 0 39 0 38 0 36 0 92 1463 32 1463 91 1463 33 1462 32 1462 92 1462 441 3713 92 3713 91 3713 441 3642 118 3642 92 3642 118 3718 61 3718 92 3718 61 3717 33 3717 92 3717 442 3634 155 3634 441 3634 155 3646 118 3646 441 3646 58 3718 39 3718 33 3718 61 3718 50 3718 33 3718 50 3718 58 3718 33 3718 120 3718 58 3718 50 3718 156 3718 120 3718 50 3718 442 3666 132 3666 155 3666 99 3718 156 3718 50 3718 442 3632 156 3632 132 3632 156 3718 99 3718 132 3718 54 3718 39 3718 58 3718 442 3647 121 3647 156 3647 94 3718 39 3718 54 3718 442 3641 94 3641 121 3641 121 3718 94 3718 54 3718 85 2405 135 2405 88 2405 135 2993 115 2993 88 2993 71 6077 85 6077 88 6077 135 1348 138 1348 115 1348 71 6230 56 6230 85 6230 135 188 148 188 138 188 141 68 148 68 135 68 65 7404 56 7404 71 7404 141 1041 136 1041 148 1041 81 6227 56 6227 65 6227 81 6175 83 6175 56 6175 141 1406 116 1406 136 1406 141 1619 112 1619 116 1619 105 5768 83 5768 81 5768 112 2096 105 2096 116 2096 105 5031 112 5031 83 5031 133 3965 135 3965 85 3965 157 4063 135 4063 133 4063 56 3429 51 3429 85 3429 141 3574 135 3574 157 3574 56 3323 62 3323 51 3323 117 3395 141 3395 157 3395 83 3498 62 3498 56 3498 117 3888 112 3888 141 3888 112 3986 117 3986 83 3986 117 3516 62 3516 83 3516 111 4438 133 4438 85 4438 59 5457 111 5457 85 5457 150 1734 133 1734 111 1734 51 5778 59 5778 85 5778 150 1232 157 1232 133 1232 55 7415 59 7415 51 7415 154 46 157 46 150 46 62 7393 55 7393 51 7393 154 1242 117 1242 157 1242 114 1504 117 1504 154 1504 117 4990 55 4990 62 4990 114 5155 55 5155 117 5155 110 2394 126 2394 89 2394 89 5500 74 5500 110 5500 110 1551 152 1551 126 1551 72 6015 74 6015 89 6015 152 1266 142 1266 126 1266 69 7394 74 7394 72 7394 69 7363 63 7363 74 7363 137 1167 147 1167 152 1167 147 28 142 28 152 28 82 6285 63 6285 69 6285 137 1240 130 1240 147 1240 82 6125 90 6125 63 6125 104 5758 90 5758 82 5758 137 2008 90 2008 130 2008 90 1911 104 1911 130 1911 110 3718 78 3718 122 3718 110 3601 74 3601 78 3601 152 3960 110 3960 122 3960 74 4098 49 4098 78 4098 63 3461 49 3461 74 3461 128 4008 137 4008 152 4008 90 3468 49 3468 63 3468 128 3859 90 3859 137 3859 78 4515 119 4515 122 4515 60 4988 119 4988 78 4988 49 6316 60 6316 78 6316 119 1215 152 1215 122 1215 158 1237 152 1237 119 1237 52 7389 60 7389 49 7389 158 1130 128 1130 152 1130 134 1225 128 1225 158 1225 90 5898 52 5898 49 5898 100 5907 52 5907 90 5907 128 4541 100 4541 90 4541 100 2842 128 2842 134 2842 98 3720 444 3720 97 3720 47 1469 97 1469 46 1469 98 1468 97 1468 47 1468 271 3716 262 3716 311 3716 349 2795 348 2795 311 2795 262 3525 349 3525 311 3525 262 3505 304 3505 349 3505 311 1666 337 1666 299 1666 271 5407 311 5407 299 5407 264 5818 271 5818 299 5818 311 3194 348 3194 337 3194 262 6278 271 6278 264 6278 268 6348 262 6348 264 6348 349 1803 304 1803 339 1803 304 5883 262 5883 268 5883 304 1780 328 1780 339 1780 300 5654 304 5654 268 5654 304 1988 300 1988 328 1988 207 4206 298 4206 215 4206 186 5695 207 5695 215 5695 186 6042 173 6042 207 6042 177 6111 173 6111 186 6111 170 7305 173 7305 177 7305 164 7452 173 7452 170 7452 164 7449 165 7449 173 7449 301 4227 204 4227 216 4227 178 7272 174 7272 169 7272 184 6108 174 6108 178 6108 184 6102 204 6102 174 6102 216 5698 204 5698 184 5698 169 7455 167 7455 166 7455 169 7446 174 7446 167 7446 166 3713 45 3713 44 3713 167 3713 45 3713 166 3713 173 3715 298 3715 207 3715 173 3715 165 3715 298 3715 165 3715 167 3715 298 3715 264 3388 299 3388 298 3388 167 3715 264 3715 298 3715 45 3715 165 3715 43 3715 45 3715 167 3715 165 3715 167 3715 268 3715 264 3715 167 3715 174 3715 268 3715 174 3715 204 3715 268 3715 204 3488 300 3488 268 3488 204 3710 301 3710 300 3710 165 3720 164 3720 42 3720 43 3720 165 3720 42 3720 43 0 42 0 40 0 41 0 43 0 40 0 45 0 43 0 41 0 47 0 45 0 41 0 45 0 47 0 44 0 47 0 46 0 44 0 96 1467 40 1467 95 1467 41 1466 40 1466 96 1466 443 3713 96 3713 95 3713 443 3830 150 3830 96 3830 150 3718 111 3718 96 3718 111 3718 59 3718 96 3718 59 3718 41 3718 96 3718 154 3841 150 3841 443 3841 444 3790 154 3790 443 3790 60 3717 47 3717 41 3717 59 3718 55 3718 41 3718 55 3718 60 3718 41 3718 119 3718 60 3718 55 3718 158 3718 119 3718 55 3718 444 3681 114 3681 154 3681 444 3630 158 3630 114 3630 114 3718 158 3718 55 3718 52 3717 47 3717 60 3717 444 3645 134 3645 158 3645 100 3718 47 3718 52 3718 98 3718 47 3718 100 3718 444 3640 98 3640 134 3640 98 3718 100 3718 134 3718 901 1705 885 1705 886 1705 901 1796 867 1796 885 1796 867 5384 901 5384 886 5384 867 6098 886 6098 885 6098 890 14 891 14 892 14 891 1961 869 1961 892 1961 891 5362 866 5362 869 5362 866 5751 890 5751 892 5751 869 5933 866 5933 892 5933 1413 3083 1454 3083 1363 3083 1346 5152 1413 5152 1363 5152 1497 1506 1454 1506 1413 1506 1497 1283 1509 1283 1454 1283 1329 6249 1346 6249 1363 6249 1327 7326 1346 7326 1329 7326 1436 1313 1509 1313 1497 1313 1436 1390 1430 1390 1509 1390 1436 5554 1327 5554 1329 5554 1430 5366 1436 5366 1329 5366 1455 4637 1574 4637 1554 4637 1428 5645 1455 5645 1554 5645 1574 1600 1605 1600 1554 1600 1606 1294 1605 1294 1574 1294 1427 6266 1455 6266 1428 6266 1471 6096 1427 6096 1428 6096 1606 1297 1573 1297 1605 1297 1555 1595 1573 1595 1606 1595 1555 5629 1427 5629 1471 5629 1573 4481 1555 4481 1471 4481 1361 3062 1453 3062 1362 3062 1458 2983 1453 2983 1361 2983 1458 1221 1508 1221 1453 1221 1506 1183 1508 1183 1458 1183 1328 6415 1361 6415 1362 6415 1340 7338 1361 7338 1328 7338 1506 1345 1429 1345 1508 1345 1410 1485 1429 1485 1506 1485 1410 5668 1340 5668 1328 5668 1429 5183 1410 5183 1328 5183 1121 4482 1202 4482 1173 4482 1106 5639 1121 5639 1173 5639 1202 1597 1227 1597 1173 1597 1110 6073 1121 6073 1106 6073 1228 1298 1227 1298 1202 1298 1123 6026 1110 6026 1106 6026 1228 1297 1203 1297 1227 1297 1150 1696 1203 1696 1228 1696 1150 5693 1110 5693 1123 5693 1203 4441 1150 4441 1123 4441 926 4874 984 4874 965 4874 916 5669 926 5669 965 5669 984 1601 1003 1601 965 1601 1004 1295 1003 1295 984 1295 936 6277 943 6277 916 6277 943 6233 926 6233 916 6233 1004 1299 982 1299 1003 1299 975 1422 982 1422 1004 1422 982 4470 943 4470 936 4470 943 3174 982 3174 975 3174 707 5599 731 5599 749 5599 783 1910 749 1910 731 1910 783 1508 780 1508 749 1508 708 5950 731 5950 707 5950 724 6121 708 6121 707 6121 783 1165 763 1165 780 1165 770 1251 763 1251 783 1251 751 1718 763 1718 770 1718 751 5663 708 5663 724 5663 763 4471 751 4471 724 4471 512 4567 595 4567 538 4567 595 2004 630 2004 538 2004 634 1415 630 1415 595 1415 475 6236 471 6236 538 6236 471 6186 512 6186 538 6186 634 1524 582 1524 630 1524 544 6053 471 6053 475 6053 607 1564 582 1564 634 1564 582 5652 544 5652 475 5652 544 2893 582 2893 607 2893 286 4875 496 4875 454 4875 276 5670 286 5670 454 5670 496 1599 545 1599 454 1599 547 1341 545 1341 496 1341 317 6365 332 6365 276 6365 332 6262 286 6262 276 6262 547 1498 495 1498 545 1498 495 4497 332 4497 317 4497 332 2558 495 2558 547 2558 546 1825 631 1825 539 1825 629 1766 631 1766 546 1766 476 6236 472 6236 539 6236 472 6200 546 6200 539 6200 616 116 631 116 629 116 616 1522 583 1522 631 1522 559 6006 472 6006 476 6006 583 5664 559 5664 476 5664 559 1998 583 1998 616 1998 722 4184 767 4184 750 4184 709 5640 722 5640 750 5640 767 1604 781 1604 750 1604 710 6123 722 6123 709 6123 782 1239 781 1239 767 1239 723 6122 710 6122 709 6122 782 1292 764 1292 781 1292 748 1598 764 1598 782 1598 748 5641 710 5641 723 5641 764 4479 748 4479 723 4479 950 4286 980 4286 966 4286 917 5617 950 5617 966 5617 918 6037 950 6037 917 6037 980 1633 1005 1633 966 1633 995 1443 1005 1443 980 1443 937 6366 941 6366 917 6366 941 6287 918 6287 917 6287 995 1404 983 1404 1005 1404 983 4496 941 4496 937 4496 941 2657 983 2657 995 2657 1113 4683 1204 4683 1174 4683 1107 5644 1113 5644 1174 5644 1204 1596 1229 1596 1174 1596 1230 1296 1229 1296 1204 1296 1117 6296 1113 6296 1107 6296 1122 6247 1117 6247 1107 6247 1230 1293 1205 1293 1229 1293 1172 1602 1205 1602 1230 1602 1172 5596 1117 5596 1122 5596 1205 4478 1172 4478 1122 4478 1008 3718 984 3718 912 3718 984 3717 926 3717 912 3717 873 3717 861 3717 912 3717 861 3718 824 3718 912 3718 926 3718 881 3718 912 3718 881 3718 873 3718 912 3718 1080 3718 1050 3718 1008 3718 1050 3718 1043 3718 1008 3718 1004 3717 984 3717 1008 3717 1043 3717 1031 3717 1008 3717 1031 3718 1004 3718 1008 3718 861 3718 846 3718 824 3718 846 3718 741 3718 824 3718 1074 3718 1060 3718 1080 3718 1060 3718 1050 3718 1080 3718 1164 3718 1074 3718 1080 3718 846 3717 833 3717 741 3717 731 3718 671 3718 741 3718 833 3717 827 3717 741 3717 827 3717 731 3717 741 3717 943 3499 883 3499 926 3499 883 3718 881 3718 926 3718 1031 3718 1029 3718 1004 3718 1029 3958 975 3958 1004 3958 1121 3718 1101 3718 1164 3718 1277 3658 1202 3658 1164 3658 1202 3718 1121 3718 1164 3718 1101 3718 1076 3718 1164 3718 1076 3717 1074 3717 1164 3717 783 3718 731 3718 827 3718 834 3717 783 3717 827 3717 1037 4006 975 4006 1029 4006 1101 3718 1067 3718 1076 3718 943 3491 875 3491 883 3491 847 3718 783 3718 834 3718 1101 3718 1062 3718 1067 3718 943 3503 859 3503 875 3503 1049 3990 975 3990 1037 3990 859 3717 783 3717 847 3717 1101 3718 1049 3718 1062 3718 943 3530 783 3530 859 3530 1101 3974 975 3974 1049 3974 708 3717 671 3717 731 3717 1110 3718 1101 3718 1121 3718 1277 3637 1228 3637 1202 3637 708 3718 581 3718 671 3718 870 3532 783 3532 943 3532 1101 3978 1040 3978 975 3978 1110 3718 1040 3718 1101 3718 1400 3657 1228 3657 1277 3657 770 3718 783 3718 870 3718 654 3718 645 3718 581 3718 645 3718 638 3718 581 3718 638 3718 636 3718 581 3718 636 3718 595 3718 581 3718 708 3717 669 3717 581 3717 669 3717 654 3717 581 3717 678 3718 669 3718 708 3718 751 3415 685 3415 708 3415 685 3718 678 3718 708 3718 1246 3846 1150 3846 1228 3846 1288 3718 1269 3718 1228 3718 1257 3718 1256 3718 1228 3718 1256 3939 1246 3939 1228 3939 1269 3718 1257 3718 1228 3718 1400 3643 1288 3643 1228 3643 1311 3627 1302 3627 1400 3627 1302 3664 1288 3664 1400 3664 1361 3622 1314 3622 1400 3622 1314 3595 1311 3595 1400 3595 1521 3772 1361 3772 1400 3772 693 3434 679 3434 751 3434 679 3413 686 3413 751 3413 686 3420 685 3420 751 3420 1260 3953 1246 3953 1256 3953 644 3718 595 3718 636 3718 581 3718 288 3718 455 3718 1595 3718 1506 3718 1521 3718 1506 3717 1458 3717 1521 3717 1361 3718 1304 3718 1314 3718 1270 3918 1246 3918 1260 3918 656 3717 595 3717 644 3717 693 3567 668 3567 679 3567 1340 3446 1246 3446 1270 3446 1284 4059 1340 4059 1270 4059 1361 3718 1293 3718 1304 3718 1361 4089 1340 4089 1293 4089 668 3718 595 3718 656 3718 1340 3560 1284 3560 1293 3560 693 3562 595 3562 668 3562 634 3535 595 3535 693 3535 512 3718 471 3718 288 3718 471 3718 450 3718 288 3718 581 3718 512 3718 288 3718 595 3718 512 3718 581 3718 1458 3718 1361 3718 1521 3718 450 3718 239 3718 288 3718 1619 3718 1506 3718 1595 3718 1532 3718 1512 3718 1506 3718 1619 3718 1532 3718 1506 3718 467 3718 450 3718 471 3718 544 3717 467 3717 471 3717 1512 3718 1410 3718 1506 3718 503 3718 467 3718 544 3718 556 4163 528 4163 544 4163 528 3718 527 3718 544 3718 527 3718 503 3718 544 3718 1412 4115 1340 4115 1410 4115 1472 3718 1451 3718 1410 3718 1512 3717 1472 3717 1410 3717 1451 3717 1444 3717 1410 3717 1444 3362 1412 3362 1410 3362 556 3935 544 3935 607 3935 450 3718 424 3718 239 3718 424 3717 410 3717 239 3717 410 3718 179 3718 239 3718 1628 3730 1551 3730 1619 3730 1551 3718 1547 3718 1619 3718 1547 3718 1532 3718 1619 3718 423 3718 179 3718 410 3718 556 4147 519 4147 528 4147 447 3718 179 3718 423 3718 1462 3386 1412 3386 1444 3386 1628 3749 1534 3749 1551 3749 556 4117 500 4117 519 4117 496 3718 179 3718 447 3718 1483 3405 1412 3405 1462 3405 460 3718 496 3718 447 3718 556 4091 485 4091 500 4091 1628 3733 1518 3733 1534 3733 485 3718 496 3718 460 3718 1628 3724 1483 3724 1518 3724 556 4138 496 4138 485 4138 1628 3410 1412 3410 1483 3410 286 3718 179 3718 496 3718 547 4128 496 4128 556 4128 1455 4070 1427 4070 1412 4070 1574 3533 1455 3533 1412 3533 1628 3949 1574 3949 1412 3949 286 3718 181 3718 179 3718 1606 3786 1574 3786 1628 3786 1627 3760 1606 3760 1628 3760 332 3718 181 3718 286 3718 1627 3718 1555 3718 1606 3718 1555 4051 1440 4051 1427 4051 466 3718 181 3718 332 3718 466 3991 332 3991 547 3991 1627 3718 1440 3718 1555 3718 448 3718 420 3718 181 3718 420 3718 240 3718 181 3718 466 3717 448 3717 181 3717 1617 3718 1552 3718 1627 3718 1552 3717 1548 3717 1627 3717 1548 3718 1535 3718 1627 3718 1535 3718 1517 3718 1627 3718 1517 3718 1440 3718 1627 3718 578 3327 546 3327 547 3327 518 3983 498 3983 547 3983 546 4078 529 4078 547 4078 529 4056 518 4056 547 4056 498 3895 466 3895 547 3895 1440 4107 1396 4107 1427 4107 1450 3718 1445 3718 1440 3718 1445 3718 1413 3718 1440 3718 1517 3718 1484 3718 1440 3718 1484 3718 1463 3718 1440 3718 1463 3717 1450 3717 1440 3717 1413 3718 1396 3718 1440 3718 415 3718 240 3718 420 3718 546 3718 520 3718 529 3718 449 3718 240 3718 415 3718 1464 3718 1413 3718 1445 3718 1617 3718 1533 3718 1552 3718 546 3718 499 3718 520 3718 1485 3718 1413 3718 1464 3718 465 3718 240 3718 449 3718 1617 3718 1519 3718 1533 3718 546 3718 465 3718 499 3718 1413 3718 1485 3718 1519 3718 1617 3718 1413 3718 1519 3718 546 3718 240 3718 465 3718 457 3717 289 3717 240 3717 472 3718 457 3718 240 3718 546 3718 472 3718 240 3718 1413 3717 1346 3717 1396 3717 1497 3718 1413 3718 1617 3718 1597 3718 1497 3718 1617 3718 629 3369 546 3369 578 3369 1327 3480 1281 3480 1346 3480 1523 3718 1436 3718 1597 3718 1436 3718 1497 3718 1597 3718 665 3947 651 3947 629 3947 651 3341 616 3341 629 3341 720 3851 674 3851 629 3851 674 3464 665 3464 629 3464 559 3718 457 3718 472 3718 1523 3620 1386 3620 1436 3620 1386 3678 1327 3678 1436 3678 616 3717 457 3717 559 3717 651 3718 641 3718 616 3718 641 3718 637 3718 616 3718 592 3559 457 3559 616 3559 637 3994 592 3994 616 3994 1386 3882 1315 3882 1327 3882 1289 3465 1281 3465 1327 3465 1315 3718 1305 3718 1327 3718 1305 3717 1289 3717 1327 3717 1289 3570 1273 3570 1281 3570 680 4013 674 4013 720 4013 1261 3712 1160 3712 1281 3712 1273 3482 1261 3482 1281 3482 687 4003 680 4003 720 4003 722 3998 687 3998 720 3998 1255 3916 1160 3916 1261 3916 639 4011 592 4011 637 4011 722 3718 684 3718 687 3718 1386 3893 1312 3893 1315 3893 1259 3909 1160 3909 1255 3909 1204 3933 1160 3933 1259 3933 1386 3857 1303 3857 1312 3857 767 3707 722 3707 720 3707 650 3950 592 3950 639 3950 722 3718 675 3718 684 3718 1274 3662 1204 3662 1259 3662 1386 3799 1290 3799 1303 3799 722 3718 664 3718 675 3718 1290 3683 1204 3683 1274 3683 664 3853 592 3853 650 3853 722 3869 592 3869 664 3869 1386 3698 1204 3698 1290 3698 710 3944 592 3944 722 3944 1386 3809 1230 3809 1204 3809 1204 3902 1113 3902 1160 3902 871 3718 782 3718 767 3718 1117 3718 1041 3718 1113 3718 950 3497 782 3497 871 3497 1117 3989 980 3989 1041 3989 710 3937 673 3937 592 3937 907 3432 782 3432 950 3432 1117 3451 1015 3451 980 3451 851 3718 839 3718 782 3718 907 3718 860 3718 782 3718 860 3717 851 3717 782 3717 914 3718 884 3718 907 3718 884 3718 882 3718 907 3718 882 3718 874 3718 907 3718 874 3718 860 3718 907 3718 950 3412 918 3412 907 3412 918 3718 914 3718 907 3718 995 4061 980 4061 1015 4061 1010 3718 995 3718 1015 3718 1036 3718 1030 3718 1015 3718 1030 3718 1010 3718 1015 3718 1117 3717 1058 3717 1015 3717 1058 3718 1046 3718 1015 3718 1046 3718 1036 3718 1015 3718 1088 3718 1073 3718 1117 3718 1073 3718 1077 3718 1117 3718 1077 3718 1066 3718 1117 3718 1066 3718 1058 3718 1117 3718 1279 3814 1230 3814 1386 3814 828 3718 748 3718 782 3718 839 3717 828 3717 782 3717 1279 3663 1172 3663 1230 3663 743 3718 673 3718 710 3718 748 3718 743 3718 710 3718 1172 3718 1088 3718 1117 3718 1279 3668 1166 3668 1172 3668 1166 3718 1088 3718 1172 3718 828 3718 835 3718 748 3718 835 3718 743 3718 748 3718 1032 3718 1010 3718 1030 3718 914 3718 879 3718 884 3718 848 3717 743 3717 835 3717 1044 3718 1010 3718 1032 3718 1088 3718 1061 3718 1073 3718 826 3718 743 3718 848 3718 914 3718 865 3718 879 3718 855 3718 826 3718 848 3718 1088 3717 1055 3717 1061 3717 914 3718 855 3718 865 3718 1088 3718 1010 3718 1044 3718 1055 3718 1088 3718 1044 3718 914 3718 826 3718 855 3718 941 3718 914 3718 918 3718 1010 3718 941 3718 995 3718 1010 3718 914 3718 941 3718 943 3324 1002 3324 933 3324 908 4617 943 4617 933 4617 943 4288 975 4288 1002 4288 908 4747 870 4747 943 4747 1040 2714 1002 2714 975 2714 872 4755 870 4755 908 4755 1040 2682 1042 2682 1002 2682 770 5509 870 5509 872 5509 788 5538 770 5538 872 5538 1040 1926 1104 1926 1042 1926 1110 1956 1104 1956 1040 1956 751 5750 770 5750 788 5750 728 5735 751 5735 788 5735 1110 1749 1175 1749 1104 1749 1150 1768 1175 1768 1110 1768 1150 1589 1232 1589 1175 1589 728 5888 693 5888 751 5888 1246 1568 1232 1568 1150 1568 1246 1684 1243 1684 1232 1684 683 5960 693 5960 728 5960 1246 1383 1262 1383 1243 1383 1340 1370 1262 1370 1246 1370 683 6078 634 6078 693 6078 646 6085 634 6085 683 6085 1340 1365 1300 1365 1262 1365 607 6218 634 6218 646 6218 596 6194 607 6194 646 6194 1340 1263 1364 1263 1300 1263 556 6353 607 6353 596 6353 569 6305 556 6305 596 6305 1340 1124 1404 1124 1364 1124 1412 1114 1404 1114 1340 1114 552 7373 556 7373 569 7373 1412 75 1421 75 1404 75 547 7428 556 7428 552 7428 541 7395 547 7395 552 7395 1427 21 1422 21 1421 21 1412 48 1427 48 1421 48 553 7421 547 7421 541 7421 553 7356 578 7356 547 7356 1396 80 1422 80 1427 80 567 7362 578 7362 553 7362 1396 97 1399 97 1422 97 597 6331 578 6331 567 6331 1396 1138 1365 1138 1399 1138 1346 1128 1365 1128 1396 1128 629 6268 578 6268 597 6268 661 6184 629 6184 597 6184 1346 1259 1301 1259 1365 1259 1281 1301 1301 1301 1346 1301 1281 1366 1263 1366 1301 1366 661 6050 720 6050 629 6050 1281 1369 1247 1369 1263 1369 736 5966 720 5966 661 5966 1281 1587 1233 1587 1247 1587 1160 1532 1233 1532 1281 1532 1160 1588 1176 1588 1233 1588 767 5780 720 5780 736 5780 789 5725 767 5725 736 5725 1160 1750 1105 1750 1176 1750 1113 1709 1105 1709 1160 1709 871 5560 767 5560 789 5560 876 5540 871 5540 789 5540 1113 1922 1045 1922 1105 1922 1041 1962 1045 1962 1113 1962 919 4746 871 4746 876 4746 1041 2671 1006 2671 1045 2671 919 4740 950 4740 871 4740 980 2704 1006 2704 1041 2704 980 3168 950 3168 919 3168 1006 3340 980 3340 919 3340 459 5801 436 5801 437 5801 459 5812 458 5812 436 5812 836 44 831 44 829 44 831 1075 840 1075 829 1075 1367 3715 1426 3715 1389 3715 1367 3715 1377 3715 1426 3715 1377 3387 1438 3387 1426 3387 1377 3440 1407 3440 1438 3440 364 4717 904 4717 928 4717 364 4976 400 4976 904 4976 400 5109 864 5109 904 5109 1038 2961 1089 2961 928 2961 989 2692 1038 2692 928 2692 904 4548 989 4548 928 4548 1102 2781 1089 2781 1038 2781 932 3148 989 3148 904 3148 864 5181 932 5181 904 5181 1178 1891 1248 1891 1089 1891 1102 2012 1178 2012 1089 2012 1251 1890 1248 1890 1178 1890 1316 1759 1384 1759 1248 1759 1251 1567 1316 1567 1248 1567 1409 1776 1384 1776 1316 1776 1381 1291 1409 1291 1316 1291 1490 1164 1564 1164 1384 1164 1409 1352 1490 1352 1384 1352 1465 1163 1409 1163 1381 1163 1480 1392 1490 1392 1409 1392 1465 1060 1480 1060 1409 1060 1490 1712 1511 1712 1564 1712 1480 181 1511 181 1490 181 1510 61 1511 61 1480 61 1511 1691 1496 1691 1564 1691 1486 36 1496 36 1511 36 1486 173 1449 173 1496 173 1449 1375 1477 1375 1496 1375 1477 1435 1564 1435 1496 1435 1443 122 1449 122 1486 122 1395 1644 1477 1644 1449 1644 1368 1289 1318 1289 1395 1289 1318 1586 1353 1586 1395 1586 1353 1594 1477 1594 1395 1594 928 4174 1063 4174 967 4174 1089 3374 1063 3374 928 3374 364 4211 928 4211 967 4211 329 3262 364 3262 967 3262 1089 4281 1295 4281 1063 4281 1248 4231 1295 4231 1089 4231 1248 3266 1411 3266 1295 3266 1384 3173 1411 3173 1248 3173 1564 3166 1411 3166 1384 3166 1564 4122 1600 4122 1411 4122 1572 3312 1600 3312 1564 3312 1477 3172 1572 3172 1564 3172 1353 4207 1394 4207 1477 4207 1394 3154 1572 3154 1477 3154 899 3156 993 3156 915 3156 832 2771 899 2771 915 2771 1063 4560 1054 4560 993 4560 967 4556 1063 4556 993 4556 899 3218 967 3218 993 3218 1181 5492 1133 5492 1054 5492 1063 5116 1181 5116 1054 5116 1181 5653 1241 5653 1133 5653 1295 4738 1181 4738 1063 4738 1295 5788 1330 5788 1241 5788 1181 5771 1295 5771 1241 5771 1295 5847 1431 5847 1330 5847 1411 5772 1431 5772 1295 5772 1516 6139 1546 6139 1431 6139 1411 5789 1516 5789 1431 5789 1516 6167 1593 6167 1546 6167 1589 6092 1593 6092 1516 6092 1411 5524 1589 5524 1516 5524 1589 6228 1612 6228 1593 6228 1411 4974 1600 4974 1589 4974 1589 6131 1616 6131 1612 6131 1600 6044 1616 6044 1589 6044 1607 7334 1613 7334 1616 7334 1600 5924 1607 5924 1616 5924 1572 5672 1607 5672 1600 5672 1599 6535 1613 6535 1607 6535 1572 5941 1545 5941 1607 5941 1545 6178 1599 6178 1607 6178 1394 5707 1545 5707 1572 5707 1394 5809 1375 5809 1545 5809 329 2496 899 2496 832 2496 313 2458 329 2458 832 2458 329 3067 967 3067 899 3067 314 2248 313 2248 832 2248 849 2143 314 2143 832 2143 314 739 383 739 313 739 383 735 329 735 313 735 330 729 383 729 314 729 383 631 364 631 329 631 399 933 400 933 364 933 383 291 399 291 364 291 400 5302 896 5302 864 5302 400 5326 399 5326 896 5326 988 4338 989 4338 932 4338 864 4609 896 4609 932 4609 988 2826 1038 2826 989 2826 1078 2543 1038 2543 988 2543 1078 2006 1102 2006 1038 2006 1078 1804 1178 1804 1102 1804 1177 1826 1178 1826 1078 1826 1177 1591 1251 1591 1178 1591 1250 1632 1251 1632 1177 1632 1250 1451 1316 1451 1251 1451 1368 1175 1395 1175 1449 1175 1258 1438 1318 1438 1368 1438 1258 1440 1268 1440 1318 1440 1236 1620 1268 1620 1258 1620 1268 2317 1353 2317 1318 2317 1268 2499 1309 2499 1353 2499 1291 2722 1309 2722 1268 2722 1236 2697 1291 2697 1268 2697 1355 5537 1394 5537 1353 5537 1309 5475 1355 5475 1353 5475 1291 5878 1355 5878 1309 5878 1326 5838 1355 5838 1291 5838 1355 6087 1375 6087 1394 6087 1326 6286 1375 6286 1355 6286 1326 6294 1321 6294 1375 6294 993 4112 994 4112 915 4112 994 4176 910 4176 915 4176 849 2750 915 2750 910 2750 849 2551 832 2551 915 2551 1054 4767 1056 4767 993 4767 1056 4660 994 4660 993 4660 1133 5359 1056 5359 1054 5359 1593 6297 1592 6297 1546 6297 1612 6427 1609 6427 1593 6427 1616 7422 1615 7422 1612 7422 1545 6253 1536 6253 1599 6253 1375 6143 1401 6143 1545 6143 1401 6162 1536 6162 1545 6162 1299 5903 1401 5903 1375 5903 1321 5914 1299 5914 1375 5914 1283 5881 1299 5881 1321 5881 1357 2157 1344 2157 1333 2157 1344 2027 1282 2027 1333 2027 1344 1832 1266 1832 1282 1832 1266 1533 1231 1533 1282 1533 1266 1402 1244 1402 1231 1402 1244 1361 1217 1361 1231 1361 1357 4603 1352 4603 1387 4603 1401 5523 1344 5523 1387 5523 1344 4335 1357 4335 1387 4335 1299 5638 1344 5638 1401 5638 1299 4575 1266 4575 1344 4575 1283 3079 1266 3079 1299 3079 1283 2804 1244 2804 1266 2804 845 2525 849 2525 910 2525 1056 4766 1064 4766 994 4766 949 3124 910 3124 994 3124 949 2988 845 2988 910 2988 976 5461 959 5461 994 5461 1064 4305 1047 4305 994 4305 959 2011 949 2011 994 2011 1133 5382 1064 5382 1056 5382 1133 5348 1196 5348 1064 5348 985 2573 976 2573 994 2573 1047 4419 985 4419 994 4419 856 3011 845 3011 949 3011 877 4343 856 4343 949 4343 940 3186 877 3186 949 3186 1047 4365 1039 4365 985 4365 856 2145 844 2145 845 2145 1196 4240 1083 4240 1064 4240 1241 5642 1196 5642 1133 5642 1196 4680 1091 4680 1083 4680 1200 3129 1170 3129 1196 3129 1170 4657 1091 4657 1196 4657 1170 4997 1148 4997 1091 4997 1330 5747 1196 5747 1241 5747 1330 5739 1308 5739 1196 5739 1196 6137 1216 6137 1200 6137 1196 2468 1308 2468 1216 2468 1222 5783 1216 5783 1308 5783 1292 2788 1222 2788 1308 2788 1431 6036 1416 6036 1330 6036 1416 5777 1308 5777 1330 5777 1416 5665 1339 5665 1308 5665 1416 4322 1347 4322 1339 4322 1416 5454 1356 5454 1347 5454 1416 5448 1435 5448 1356 5448 1546 6090 1416 6090 1431 6090 1546 6027 1487 6027 1416 6027 1487 5591 1468 5591 1416 5591 1468 4772 1435 4772 1416 4772 1592 6034 1487 6034 1546 6034 1592 5915 1580 5915 1487 5915 1568 5474 1500 5474 1487 5474 1580 1861 1568 1861 1487 1861 1568 2911 1492 2911 1500 2911 1593 6424 1609 6424 1592 6424 1609 6060 1580 6060 1592 6060 1609 5947 1585 5947 1580 5947 1568 4950 1557 4950 1492 4950 1612 7401 1615 7401 1609 7401 1615 5940 1585 5940 1609 5940 1615 6009 1604 6009 1585 6009 1604 5335 1603 5335 1585 5335 1603 2325 1590 2325 1585 2325 1590 2719 1575 2719 1585 2719 1613 5968 1583 5968 1604 5968 1615 6041 1613 6041 1604 6041 1616 7427 1613 7427 1615 7427 1583 2863 1591 2863 1604 2863 1583 4260 1576 4260 1591 4260 1570 5482 1586 5482 1583 5482 1613 5994 1587 5994 1583 5994 1587 5885 1570 5885 1583 5885 1599 6329 1587 6329 1613 6329 1570 4332 1493 4332 1558 4332 1493 4718 1491 4718 1558 4718 1536 5762 1493 5762 1570 5762 1587 5784 1536 5784 1570 5784 1599 6257 1536 6257 1587 6257 1536 5786 1479 5786 1493 5786 1387 5741 1479 5741 1536 5741 1401 5740 1387 5740 1536 5740 1387 2056 1457 2056 1479 2056 1387 5675 1434 5675 1457 5675 845 2384 314 2384 849 2384 330 2520 314 2520 845 2520 844 2759 330 2759 845 2759 823 3224 330 3224 844 3224 810 3049 330 3049 823 3049 585 3159 330 3159 810 3159 383 3207 330 3207 585 3207 713 2924 768 2924 880 2924 798 2443 830 2443 880 2443 768 2843 798 2843 880 2843 383 3313 713 3313 880 3313 896 4905 383 4905 880 4905 798 4555 768 4555 796 4555 768 4561 762 4561 796 4561 399 5012 383 5012 896 5012 383 4306 585 4306 717 4306 713 4553 383 4553 717 4553 944 3466 978 3466 955 3466 978 4093 971 4093 955 4093 953 3715 963 3715 944 3715 963 3899 978 3899 944 3899 1142 3715 1187 3715 1168 3715 1187 3715 1197 3715 1168 3715 1134 3715 1146 3715 1142 3715 1146 3715 1187 3715 1142 3715 1366 3715 1376 3715 1388 3715 1376 3715 1405 3715 1388 3715 1405 3716 1425 3716 1388 3716 1405 3716 1437 3716 1425 3716 1507 3715 1488 3715 1549 3715 1488 3715 1526 3715 1549 3715 1526 3715 1569 3715 1549 3715 1526 3715 1563 3715 1569 3715 970 3047 942 3047 955 3047 1023 3268 998 3268 1014 3268 977 3061 942 3061 970 3061 1023 3098 1001 3098 998 3098 922 4320 900 4320 925 4320 900 4369 897 4369 925 4369 1023 3086 1020 3086 1001 3086 1001 3094 942 3094 977 3094 1001 4159 922 4159 942 4159 896 4222 922 4222 1001 4222 880 4359 830 4359 868 4359 830 4307 850 4307 868 4307 1020 4490 1033 4490 1001 4490 880 3111 900 3111 922 3111 896 4601 880 4601 922 4601 1052 3016 1069 3016 1033 3016 1069 3026 1070 3026 1033 3026 1033 2853 988 2853 1001 2853 988 4373 896 4373 1001 4373 1070 4422 1098 4422 1033 4422 932 4387 896 4387 988 4387 1033 2857 1078 2857 988 2857 1098 2436 1078 2436 1033 2436 1120 2832 1098 2832 1100 2832 1119 2819 1098 2819 1120 2819 1138 4566 1192 4566 1098 4566 1119 4605 1138 4605 1098 4605 1192 2016 1078 2016 1098 2016 1199 2776 1138 2776 1168 2776 1192 2018 1177 2018 1078 2018 1199 2706 1192 2706 1138 2706 1249 2851 1271 2851 1192 2851 1221 5587 1249 5587 1192 5587 1253 2060 1221 2060 1225 2060 1271 1863 1177 1863 1192 1863 1271 1869 1250 1869 1177 1869 1253 2286 1249 2286 1221 2286 1313 2396 1306 2396 1271 2396 1296 2571 1313 2571 1271 2571 1306 1810 1334 1810 1271 1810 1317 1757 1250 1757 1271 1757 1334 1794 1317 1794 1271 1794 1317 1477 1316 1477 1250 1477 1379 2103 1334 2103 1345 2103 1369 1925 1334 1925 1379 1925 1385 1707 1418 1707 1334 1707 1369 5959 1385 5959 1334 5959 1418 1698 1317 1698 1334 1698 1418 1675 1381 1675 1317 1675 1381 1285 1316 1285 1317 1285 1439 2404 1418 2404 1385 2404 1425 2905 1439 2905 1385 2905 1446 5964 1476 5964 1418 5964 1476 1648 1381 1648 1418 1648 1476 1578 1465 1578 1381 1578 1501 1856 1446 1856 1470 1856 1501 2304 1476 2304 1446 2304 1505 5891 1531 5891 1476 5891 1531 1394 1465 1394 1476 1394 1524 1303 1531 1303 1505 1303 1541 1993 1524 1993 1505 1993 1540 1916 1541 1916 1505 1916 1565 3112 1561 3112 1556 3112 1561 1897 1542 1897 1556 1897 1542 2045 1531 2045 1556 2045 1510 1565 1465 1565 1531 1565 1544 1581 1510 1581 1531 1581 1510 74 1480 74 1465 74 1542 6020 1544 6020 1531 6020 1569 2688 1562 2688 1544 2688 1562 2035 1543 2035 1544 2035 1539 5452 1530 5452 1544 5452 1543 1822 1539 1822 1544 1822 1530 1499 1510 1499 1544 1499 1530 1442 1486 1442 1510 1442 1486 38 1511 38 1510 38 1559 1944 1539 1944 1560 1944 1559 2873 1553 2873 1539 2873 1553 1960 1530 1960 1539 1960 1504 1509 1443 1509 1486 1509 1530 1497 1504 1497 1486 1497 1525 5821 1504 5821 1530 5821 1527 2287 1504 2287 1525 2287 1550 2300 1527 2300 1525 2300 1368 1182 1449 1182 1443 1182 1424 1491 1368 1491 1443 1491 1504 1516 1424 1516 1443 1516 1478 5811 1424 5811 1504 5811 1452 5808 1424 5808 1478 5808 1502 1682 1452 1682 1478 1682 1469 1831 1452 1831 1502 1831 1424 1480 1282 1480 1368 1480 1341 1629 1282 1629 1424 1629 1370 6008 1341 6008 1424 6008 1391 2058 1370 2058 1424 2058 1406 2330 1391 2330 1424 2330 1438 2762 1406 2762 1424 2762 1282 1420 1258 1420 1368 1420 1380 1913 1341 1913 1370 1913 1352 2044 1341 2044 1380 2044 1333 1867 1282 1867 1341 1867 1231 1250 1236 1250 1258 1250 1231 1275 1258 1275 1282 1275 1231 1090 1217 1090 1236 1090 1387 4587 1352 4587 1380 4587 958 4015 968 4015 946 4015 968 3572 1016 3572 946 3572 948 3577 958 3577 946 3577 940 4302 948 4302 946 4302 901 4280 940 4280 946 4280 968 4088 985 4088 1016 4088 740 3613 831 3613 836 3613 1039 3235 1053 3235 1016 3235 1053 3715 1095 3715 1016 3715 985 4134 1039 4134 1016 4134 877 4205 940 4205 901 4205 831 3202 858 3202 901 3202 858 3113 877 3113 901 3113 740 3648 670 3648 831 3648 670 3335 810 3335 831 3335 810 4304 822 4304 831 4304 843 4055 858 4055 831 4055 822 3778 843 3778 831 3778 1053 3715 1065 3715 1095 3715 1091 4160 1191 4160 1095 4160 1084 3138 1091 3138 1095 3138 1065 3715 1084 3715 1095 3715 1148 3243 1183 3243 1191 3243 1091 4175 1148 4175 1191 4175 897 4375 905 4375 925 4375 905 3352 908 3352 925 3352 908 4356 921 4356 925 4356 998 4472 999 4472 1014 4472 999 3855 1002 3855 1014 3855 1002 3631 1017 3631 1014 3631 1017 2952 1023 2952 1014 2952 1212 3716 1286 3716 1191 3716 1183 3715 1212 3715 1191 3715 670 3357 585 3357 810 3357 908 3715 924 3715 921 3715 990 3897 1002 3897 999 3897 1104 4247 1108 4247 1100 4247 1108 4276 1112 4276 1100 4276 1112 4257 1118 4257 1100 4257 762 3307 799 3307 796 3307 902 3715 908 3715 905 3715 908 3715 931 3715 924 3715 1118 4180 1120 4180 1100 4180 762 3302 771 3302 799 3302 1002 3607 1021 3607 1017 3607 1212 3408 1222 3408 1286 3408 1222 3294 1292 3294 1286 3294 1094 3005 1104 3005 1100 3005 908 3716 935 3716 931 3716 771 3715 805 3715 799 3715 981 3852 1002 3852 990 3852 933 3715 947 3715 935 3715 908 3715 933 3715 935 3715 771 3715 775 3715 805 3715 1002 3621 1025 3621 1021 3621 893 3715 908 3715 902 3715 1090 3715 1104 3715 1094 3715 715 3311 717 3311 585 3311 712 3375 715 3375 585 3375 705 3376 712 3376 585 3376 969 3301 1002 3301 981 3301 775 3715 778 3715 805 3715 778 3716 817 3716 805 3716 1292 4333 1307 4333 1286 4333 1307 3715 1390 3715 1286 3715 933 4075 957 4075 947 4075 889 3715 908 3715 893 3715 957 4132 1002 4132 969 4132 933 3867 1002 3867 957 3867 778 3715 788 3715 817 3715 1002 3628 1028 3628 1025 3628 1068 3715 1104 3715 1090 3715 889 3715 872 3715 908 3715 1042 3608 1028 3608 1002 3608 788 3715 841 3715 817 3715 788 3715 857 3715 841 3715 1051 3715 1104 3715 1068 3715 1042 3716 1104 3716 1051 3716 788 3715 872 3715 857 3715 774 3715 788 3715 778 3715 705 3715 716 3715 712 3715 436 3821 458 3821 585 3821 458 4074 574 4074 585 4074 574 3329 603 3329 585 3329 603 3303 611 3303 585 3303 624 3361 640 3361 585 3361 611 3338 624 3338 585 3338 666 3384 705 3384 585 3384 640 3392 653 3392 585 3392 653 3469 666 3469 585 3469 728 4153 716 4153 705 4153 666 3715 681 3715 705 3715 681 3715 691 3715 705 3715 691 3715 697 3715 705 3715 697 3715 700 3715 705 3715 700 3716 703 3716 705 3716 703 3325 728 3325 705 3325 1116 3715 1108 3715 1104 3715 1239 4161 1245 4161 1225 4161 1245 3046 1253 3046 1225 3046 1232 4202 1234 4202 1225 4202 1234 4200 1239 4200 1225 4200 1220 3181 1232 3181 1225 3181 769 3715 788 3715 774 3715 1307 3715 1331 3715 1390 3715 728 4170 721 4170 716 4170 769 3715 761 3715 788 3715 761 3314 728 3314 788 3314 1175 3715 1130 3715 1104 3715 1130 3715 1116 3715 1104 3715 1209 3715 1232 3715 1220 3715 728 4130 727 4130 721 4130 728 4094 737 4094 727 4094 1175 3715 1145 3715 1130 3715 1171 3715 1232 3715 1209 3715 752 3351 728 3351 761 3351 1175 3715 1232 3715 1171 3715 1331 3715 1348 3715 1390 3715 1348 3197 1356 3197 1390 3197 1356 4186 1515 4186 1390 4186 1175 3715 1171 3715 1145 3715 737 3907 728 3907 752 3907 574 3716 605 3716 603 3716 702 3326 728 3326 703 3326 1232 3715 1238 3715 1234 3715 574 3715 608 3715 605 3715 699 3316 728 3316 702 3316 1232 4083 1243 4083 1238 4083 1356 4111 1435 4111 1515 4111 699 3300 694 3300 728 3300 1332 3219 1379 3219 1345 3219 574 3715 623 3715 608 3715 1310 3256 1379 3256 1332 3256 694 3284 683 3284 728 3284 1262 3356 1254 3356 1243 3356 574 3716 635 3716 623 3716 688 3715 683 3715 694 3715 532 3992 554 3992 458 3992 487 4048 506 4048 458 4048 506 4022 532 4022 458 4022 554 3948 574 3948 458 3948 574 3715 647 3715 635 3715 677 3715 683 3715 688 3715 1262 3715 1280 3715 1254 3715 1294 3276 1379 3276 1310 3276 683 3716 662 3716 647 3716 574 3715 683 3715 647 3715 662 3715 683 3715 677 3715 1435 3282 1467 3282 1515 3282 1467 3716 1482 3716 1515 3716 1482 3715 1588 3715 1515 3715 1262 3715 1294 3715 1280 3715 1262 3296 1379 3296 1294 3296 1300 3715 1324 3715 1262 3715 1324 3715 1338 3715 1262 3715 1338 3715 1360 3715 1262 3715 1360 3248 1379 3248 1262 3248 588 3715 683 3715 574 3715 588 3715 599 3715 683 3715 599 3715 612 3715 683 3715 612 3715 619 3715 683 3715 619 3715 646 3715 683 3715 306 3490 416 3490 458 3490 416 4049 479 4049 458 4049 479 4140 477 4140 458 4140 477 4069 487 4069 458 4069 625 3715 646 3715 619 3715 1494 3715 1588 3715 1482 3715 625 3715 626 3715 646 3715 626 3715 620 3715 646 3715 620 3715 614 3715 646 3715 614 3716 596 3716 646 3716 1322 3715 1324 3715 1300 3715 1364 3715 1336 3715 1300 3715 1336 3715 1322 3715 1300 3715 1492 4235 1588 4235 1494 4235 416 3716 488 3716 479 3716 1557 4204 1588 4204 1492 4204 258 3870 333 3870 306 3870 333 3716 363 3716 306 3716 363 3715 416 3715 306 3715 1364 3715 1350 3715 1336 3715 416 3715 507 3715 488 3715 1442 3152 1501 3152 1470 3152 1566 3462 1614 3462 1588 3462 1557 4324 1566 4324 1588 4324 416 3715 533 3715 507 3715 600 3715 596 3715 614 3715 1364 3715 1371 3715 1350 3715 590 3715 596 3715 600 3715 1415 3252 1501 3252 1442 3252 416 3715 561 3715 533 3715 1364 3715 1392 3715 1371 3715 1364 3258 1501 3258 1415 3258 576 3715 596 3715 590 3715 1392 3715 1364 3715 1415 3715 596 3715 576 3715 561 3715 416 3715 596 3715 561 3715 1364 3153 1459 3153 1501 3153 363 3715 413 3715 416 3715 413 3715 451 3715 416 3715 451 3715 483 3715 416 3715 483 3715 596 3715 416 3715 514 3715 542 3715 596 3715 542 3715 558 3715 596 3715 558 3715 566 3715 596 3715 566 3715 570 3715 596 3715 570 3715 569 3715 596 3715 483 3715 514 3715 596 3715 1404 3715 1397 3715 1364 3715 1397 3715 1403 3715 1364 3715 1403 3715 1420 3715 1364 3715 1420 3716 1459 3716 1364 3716 1577 3433 1614 3433 1566 3433 258 3886 318 3886 333 3886 1581 3444 1614 3444 1577 3444 232 3868 336 3868 258 3868 336 3892 325 3892 258 3892 325 3883 318 3883 258 3883 1581 3447 1624 3447 1614 3447 1575 4291 1624 4291 1581 4291 563 3418 552 3418 569 3418 1421 4036 1423 4036 1404 4036 232 3828 361 3828 336 3828 550 3496 552 3496 563 3496 232 3671 431 3671 361 3671 516 3545 552 3545 550 3545 1421 3966 1461 3966 1423 3966 1528 3184 1565 3184 1556 3184 1590 4282 1624 4282 1575 4282 232 3863 461 3863 431 3863 491 3579 552 3579 516 3579 1421 3905 1498 3905 1461 3905 1498 3715 1565 3715 1528 3715 232 3677 552 3677 491 3677 461 3674 232 3674 491 3674 1421 3940 1565 3940 1498 3940 320 3659 375 3659 232 3659 225 3880 302 3880 232 3880 302 3843 320 3843 232 3843 232 3540 445 3540 552 3540 445 3538 469 3538 552 3538 469 3513 502 3513 552 3513 1474 3996 1513 3996 1421 3996 1513 3997 1565 3997 1421 3997 1447 4018 1474 4018 1421 4018 1513 3715 1537 3715 1565 3715 1537 3241 1561 3241 1565 3241 375 3873 445 3873 232 3873 1590 4400 1601 4400 1624 4400 530 3058 541 3058 552 3058 502 3495 530 3495 552 3495 1422 4129 1432 4129 1421 4129 1432 4102 1433 4102 1421 4102 1433 4052 1447 4052 1421 4052 281 3875 302 3875 225 3875 279 3823 281 3823 225 3823 235 3922 279 3922 225 3922 1601 3478 1602 3478 1624 3478 1602 3506 1621 3506 1624 3506 540 2046 553 2046 541 2046 1598 3715 1621 3715 1602 3715 235 3696 303 3696 279 3696 531 3580 553 3580 540 3580 1422 4054 1448 4054 1432 4054 1591 4513 1621 4513 1598 4513 235 3836 321 3836 303 3836 501 3605 553 3605 531 3605 1576 4259 1621 4259 1591 4259 1422 4019 1473 4019 1448 4019 235 3891 371 3891 321 3891 470 3635 553 3635 501 3635 1422 3995 1514 3995 1473 3995 1538 3211 1559 3211 1560 3211 235 3609 446 3609 371 3609 235 3701 553 3701 470 3701 446 3561 235 3561 470 3561 1559 4004 1538 4004 1514 4004 1422 3932 1559 3932 1514 3932 432 3783 462 3783 235 3783 462 3779 553 3779 235 3779 362 3807 432 3807 235 3807 515 3644 543 3644 553 3644 543 3612 557 3612 553 3612 462 3702 492 3702 553 3702 492 3682 515 3682 553 3682 557 3573 567 3573 553 3573 1499 3344 1559 3344 1422 3344 1417 3982 1456 3982 1422 3982 1399 4081 1408 4081 1422 4081 1408 4037 1417 4037 1422 4037 1456 3910 1499 3910 1422 3910 334 3829 362 3829 235 3829 265 3884 319 3884 235 3884 319 3856 334 3856 235 3856 1576 4278 1582 4278 1621 4278 1582 3716 1608 3716 1621 3716 1529 4076 1553 4076 1559 4076 1499 3343 1529 3343 1559 3343 571 3716 597 3716 567 3716 1365 3716 1393 3716 1399 3716 1393 3716 1398 3716 1399 3716 265 3901 326 3901 319 3901 568 3715 597 3715 571 3715 1393 3715 1402 3715 1398 3715 1578 3715 1608 3715 1582 3715 265 3881 335 3881 326 3881 560 3715 597 3715 568 3715 1393 3716 1419 3716 1402 3716 1567 3715 1608 3715 1578 3715 265 3871 360 3871 335 3871 551 3715 597 3715 560 3715 575 3715 597 3715 551 3715 555 3715 575 3715 551 3715 1571 3691 1608 3691 1567 3691 1558 4339 1571 4339 1567 4339 344 3715 414 3715 360 3715 265 3878 344 3878 360 3878 517 3715 555 3715 551 3715 1414 3715 1460 3715 1419 3715 1393 3715 1414 3715 1419 3715 478 3715 489 3715 414 3715 489 3715 452 3715 414 3715 344 3715 478 3715 414 3715 534 3715 555 3715 517 3715 484 3715 534 3715 517 3715 1441 3131 1502 3131 1460 3131 1414 3715 1441 3715 1460 3715 1491 4225 1571 4225 1558 4225 1441 3195 1469 3195 1502 3195 489 3715 484 3715 452 3715 489 3715 508 3715 484 3715 508 3715 534 3715 484 3715 575 3715 589 3715 597 3715 589 3716 601 3716 597 3716 601 3715 613 3715 597 3715 613 3715 621 3715 597 3715 621 3242 661 3242 597 3242 1301 3715 1335 3715 1365 3715 1335 3715 1351 3715 1365 3715 1351 3715 1372 3715 1365 3715 1372 3715 1393 3715 1365 3715 627 3274 661 3274 621 3274 1301 3715 1323 3715 1335 3715 1491 3281 1495 3281 1571 3281 628 3291 661 3291 627 3291 1301 3715 1325 3715 1323 3715 344 3715 480 3715 478 3715 1301 3715 1337 3715 1325 3715 628 3264 667 3264 661 3264 1263 3715 1337 3715 1301 3715 1481 4032 1571 4032 1495 4032 344 3715 490 3715 480 3715 622 3715 667 3715 628 3715 497 3715 509 3715 344 3715 509 3715 490 3715 344 3715 615 3715 667 3715 622 3715 1466 4039 1571 4039 1481 4039 1263 3715 1359 3715 1337 3715 497 3715 535 3715 509 3715 602 3715 667 3715 615 3715 1434 4243 1571 4243 1466 4243 591 3715 667 3715 602 3715 1263 3318 1380 3318 1359 3318 497 3715 562 3715 535 3715 577 3715 497 3715 591 3715 1263 3377 1298 3377 1380 3377 1475 3308 1571 3308 1434 3308 1387 4217 1475 4217 1434 4217 497 3715 577 3715 562 3715 497 3715 604 3715 591 3715 604 3715 609 3715 591 3715 609 3715 617 3715 591 3715 617 3715 632 3715 591 3715 632 3715 648 3715 591 3715 648 3715 667 3715 591 3715 1263 3716 1285 3716 1298 3716 667 3358 682 3358 661 3358 682 3283 695 3283 661 3283 1265 3716 1285 3716 1263 3716 1247 3353 1265 3353 1263 3353 1320 3345 1380 3345 1298 3345 1320 3321 1343 3321 1380 3321 1343 3250 1387 3250 1380 3250 695 3260 736 3260 661 3260 698 3437 736 3437 695 3437 1233 3866 1240 3866 1247 3866 1343 3229 1349 3229 1387 3229 1349 3222 1475 3222 1387 3222 698 3445 706 3445 736 3445 1235 3715 1240 3715 1233 3715 704 3715 706 3715 698 3715 1358 3656 1475 3656 1349 3656 610 3715 606 3715 497 3715 598 3615 610 3615 497 3615 606 3715 604 3715 497 3715 719 3716 726 3716 706 3716 689 3565 714 3565 706 3565 714 3715 719 3715 706 3715 726 3715 732 3715 706 3715 732 3430 736 3430 706 3430 704 3715 701 3715 706 3715 701 3987 689 3987 706 3987 1223 3715 1237 3715 1233 3715 1237 3716 1235 3716 1233 3716 1213 3715 1218 3715 1233 3715 1218 3715 1223 3715 1233 3715 1176 3715 1190 3715 1233 3715 1190 3715 1213 3715 1233 3715 1358 3651 1354 3651 1475 3651 1354 3581 1373 3581 1475 3581 744 3536 758 3536 736 3536 758 3389 765 3389 736 3389 765 3460 789 3460 736 3460 732 3911 744 3911 736 3911 1140 3716 1157 3716 1176 3716 1157 3715 1190 3715 1176 3715 1105 3715 1125 3715 1176 3715 1125 3715 1140 3715 1176 3715 696 3894 689 3894 701 3894 1223 3715 1242 3715 1237 3715 1342 3512 1373 3512 1354 3512 598 3548 618 3548 610 3548 598 3564 633 3564 618 3564 690 3822 689 3822 696 3822 1223 3715 1252 3715 1242 3715 1319 3541 1373 3541 1342 3541 598 3588 649 3588 633 3588 676 3765 689 3765 690 3765 1223 3715 1272 3715 1252 3715 1297 3556 1373 3556 1319 3556 598 3586 689 3586 676 3586 772 3715 789 3715 765 3715 1105 3715 1115 3715 1125 3715 598 3655 663 3655 649 3655 663 3842 598 3842 676 3842 1223 3716 1287 3716 1272 3716 1287 3597 1373 3597 1297 3597 1223 3571 1373 3571 1287 3571 837 3715 853 3715 789 3715 853 3716 863 3716 789 3716 863 3715 876 3715 789 3715 776 3715 837 3715 789 3715 772 3715 776 3715 789 3715 1111 3715 1115 3715 1105 3715 711 3547 714 3547 689 3547 1103 3715 1109 3715 1105 3715 1087 3715 1093 3715 1105 3715 1093 3715 1096 3715 1105 3715 1096 3715 1103 3715 1105 3715 1045 3715 1057 3715 1105 3715 1057 3715 1072 3715 1105 3715 1072 3715 1087 3715 1105 3715 1109 3715 1111 3715 1105 3715 1264 3583 1373 3583 1223 3583 1226 3715 1264 3715 1223 3715 779 3715 837 3715 776 3715 1006 3599 1034 3599 1045 3599 804 3715 814 3715 779 3715 777 3715 804 3715 779 3715 814 3715 837 3715 779 3715 1224 3715 1264 3715 1226 3715 887 3825 919 3825 876 3825 1006 3625 1026 3625 1034 3625 887 3810 894 3810 919 3810 894 3820 898 3820 919 3820 898 3832 906 3832 919 3832 906 3831 909 3831 919 3831 909 3487 920 3487 919 3487 920 3509 923 3509 919 3509 923 3566 929 3566 919 3566 929 3590 938 3590 919 3590 991 3885 996 3885 1006 3885 996 3925 1013 3925 1006 3925 987 3858 991 3858 1006 3858 1013 3606 1018 3606 1006 3606 1018 3611 1022 3611 1006 3611 1022 3624 1026 3624 1006 3624 689 3578 718 3578 711 3578 800 3715 804 3715 777 3715 773 3715 800 3715 777 3715 1103 3715 1114 3715 1109 3715 1219 3715 1264 3715 1224 3715 938 3616 952 3616 919 3616 952 3342 961 3342 919 3342 961 3692 1006 3692 919 3692 961 4149 973 4149 1006 4149 973 3330 987 3330 1006 3330 689 3589 725 3589 718 3589 766 3715 800 3715 773 3715 1103 3715 1124 3715 1114 3715 1215 3715 1264 3715 1219 3715 766 3715 757 3715 800 3715 689 3603 733 3603 725 3603 1103 3715 1141 3715 1124 3715 1149 3715 1264 3715 1215 3715 1189 3715 1149 3715 1215 3715 757 3716 797 3716 800 3716 1099 3715 1103 3715 1096 3715 689 3623 745 3623 733 3623 745 3716 797 3716 757 3716 1149 3715 1158 3715 1141 3715 1103 3715 1149 3715 1141 3715 1158 3715 1149 3715 1189 3715 689 3672 797 3672 745 3672 689 3660 801 3660 797 3660 903 3715 909 3715 906 3715 1013 3715 1019 3715 1018 3715 1097 3715 1103 3715 1099 3715 753 3667 801 3667 689 3667 1000 3715 1013 3715 996 3715 753 3715 809 3715 801 3715 895 3716 909 3716 903 3716 1013 3715 1024 3715 1019 3715 1092 3715 1103 3715 1097 3715 997 3715 1013 3715 1000 3715 930 3715 920 3715 909 3715 1092 3715 1149 3715 1103 3715 992 3715 1013 3715 997 3715 753 3715 819 3715 809 3715 888 3715 909 3715 895 3715 1013 3715 1027 3715 1024 3715 1075 3735 1149 3735 1092 3735 1085 3600 1075 3600 1092 3600 753 3715 838 3715 819 3715 1013 3716 1035 3716 1027 3716 1071 3639 1075 3639 1085 3639 753 3715 842 3715 838 3715 878 3715 909 3715 888 3715 909 3716 939 3716 930 3716 986 3715 1013 3715 992 3715 842 3715 854 3715 838 3715 842 3715 909 3715 878 3715 862 3715 842 3715 878 3715 1013 3715 1048 3715 1035 3715 1059 3684 1075 3684 1071 3684 842 3715 862 3715 854 3715 1048 3704 1075 3704 1059 3704 1013 3650 1075 3650 1048 3650 909 3716 951 3716 939 3716 962 3797 1013 3797 986 3797 974 3441 962 3441 986 3441 909 3796 962 3796 951 3796 962 3900 960 3900 951 3900 960 4000 962 4000 974 4000 238 2540 182 2540 290 2540 180 2527 237 2527 182 2527 456 3293 572 3293 291 3293 573 4654 572 4654 456 4654 290 5603 305 5603 437 5603 305 5688 459 5688 437 5688 182 6075 257 6075 290 6075 257 5796 305 5796 290 5796 226 5691 257 5691 182 5691 237 6119 236 6119 182 6119 236 5817 226 5817 182 5817 237 5683 266 5683 236 5683 237 5766 352 5766 266 5766 291 5660 352 5660 237 5660 291 5694 505 5694 352 5694 572 5995 505 5995 291 5995 572 5656 584 5656 505 5656 1011 3221 927 3221 946 3221 1016 3072 1011 3072 946 3072 840 4754 891 4754 927 4754 891 4623 890 4623 927 4623 890 4597 901 4597 927 4597 901 4568 946 4568 927 4568 1016 2557 1082 2557 1011 2557 867 4793 901 4793 890 4793 1095 2421 1082 2421 1016 2421 840 4935 866 4935 891 4935 831 4989 867 4989 890 4989 866 4942 831 4942 890 4942 867 4903 831 4903 901 4903 840 5018 831 5018 866 5018 1095 1958 1159 1958 1082 1958 1191 1906 1159 1906 1095 1906 1191 1732 1267 1732 1159 1732 1286 1699 1267 1699 1191 1699 1286 1555 1374 1555 1267 1555 1390 1517 1374 1517 1286 1517 1390 1384 1489 1384 1374 1384 1515 1354 1489 1354 1390 1354 1515 1255 1579 1255 1489 1255 306 6242 458 6242 459 6242 305 6231 306 6231 459 6231 1588 1224 1579 1224 1515 1224 1588 1099 1610 1099 1579 1099 305 6380 258 6380 306 6380 257 6384 258 6384 305 6384 1614 1079 1610 1079 1588 1079 1614 78 1624 78 1610 78 1624 100 1622 100 1610 100 232 7383 258 7383 257 7383 226 7400 232 7400 257 7400 226 7424 225 7424 232 7424 1624 12 1623 12 1622 12 236 7436 235 7436 226 7436 235 7437 225 7437 226 7437 1621 16 1623 16 1624 16 1621 82 1611 82 1623 82 266 7346 265 7346 236 7346 265 7349 235 7349 236 7349 1608 104 1611 104 1621 104 1608 1087 1584 1087 1611 1087 352 6322 344 6322 266 6322 344 6328 265 6328 266 6328 1571 1121 1584 1121 1608 1121 1571 1249 1503 1249 1584 1249 505 6177 497 6177 352 6177 497 6182 344 6182 352 6182 1475 1278 1503 1278 1571 1278 1475 1377 1378 1377 1503 1377 584 6055 497 6055 505 6055 584 6045 598 6045 497 6045 1373 1393 1378 1393 1475 1393 1373 1543 1275 1543 1378 1543 1264 1566 1275 1566 1373 1566 642 5877 689 5877 598 5877 584 5943 642 5943 598 5943 692 5824 689 5824 642 5824 1264 1719 1167 1719 1275 1719 1149 1758 1167 1758 1264 1758 754 5681 753 5681 692 5681 753 5692 689 5692 692 5692 1149 1943 1086 1943 1167 1943 1075 1975 1086 1975 1149 1975 852 5458 842 5458 754 5458 842 5471 753 5471 754 5471 1075 2510 1012 2510 1086 2510 1013 2566 1012 2566 1075 2566 934 4720 909 4720 852 4720 909 4775 842 4775 852 4775 1013 3084 962 3084 1012 3084 962 3167 934 3167 1012 3167 934 4323 962 4323 909 4323 892 2734 869 2734 911 2734 869 2663 829 2663 911 2663 1007 3713 912 3713 911 3713 912 2864 892 2864 911 2864 1079 4864 1008 4864 1007 4864 1008 3713 912 3713 1007 3713 824 2597 886 2597 912 2597 886 2785 885 2785 912 2785 885 2791 892 2791 912 2791 1079 4864 1080 4864 1008 4864 885 2376 836 2376 892 2376 836 2534 869 2534 892 2534 824 2448 836 2448 886 2448 886 2449 836 2449 885 2449 836 2378 829 2378 869 2378 1163 5498 1080 5498 1079 5498 824 1971 741 1971 836 1971 741 1978 740 1978 836 1978 1163 5497 1164 5497 1080 5497 1276 5714 1164 5714 1163 5714 741 1746 671 1746 740 1746 671 1746 670 1746 740 1746 1276 5713 1277 5713 1164 5713 1382 5895 1277 5895 1276 5895 671 1583 585 1583 670 1583 581 1559 585 1559 671 1559 1382 5901 1400 5901 1277 5901 1520 6061 1400 6061 1382 6061 581 1386 455 1386 585 1386 455 1379 436 1379 585 1379 1520 6089 1521 6089 1400 6089 1594 6198 1521 6198 1520 6198 288 1260 436 1260 455 1260 1594 6198 1595 6198 1521 6198 288 1238 290 1238 437 1238 436 1234 288 1234 437 1234 239 1098 238 1098 290 1098 288 1094 239 1094 290 1094 1618 6359 1595 6359 1594 6359 1618 6359 1619 6359 1595 6359 179 90 182 90 238 90 239 92 179 92 238 92 1625 7369 1619 7369 1618 7369 1625 7381 1628 7381 1619 7381 181 6 180 6 182 6 179 3 181 3 182 3 1626 7445 1628 7445 1625 7445 1626 7440 1627 7440 1628 7440 240 98 237 98 180 98 181 93 240 93 180 93 1620 7370 1627 7370 1626 7370 1620 7366 1617 7366 1627 7366 289 1092 291 1092 237 1092 240 1093 289 1093 237 1093 1596 6357 1617 6357 1620 6357 1596 6336 1597 6336 1617 6336 457 1254 456 1254 291 1254 289 1258 457 1258 291 1258 1522 6199 1597 6199 1596 6199 1522 6199 1523 6199 1597 6199 457 1374 573 1374 456 1374 1383 6062 1386 6062 1522 6062 1386 6081 1523 6081 1522 6081 592 1398 573 1398 457 1398 1278 5894 1386 5894 1383 5894 643 1521 573 1521 592 1521 672 1639 643 1639 592 1639 673 1592 672 1592 592 1592 1278 5871 1279 5871 1386 5871 673 1744 743 1744 672 1744 743 1744 742 1744 672 1744 1165 5716 1279 5716 1278 5716 1165 5717 1166 5717 1279 5717 743 1973 826 1973 742 1973 826 1973 825 1973 742 1973 1081 5495 1088 5495 1165 5495 1088 5532 1166 5532 1165 5532 826 2591 914 2591 825 2591 914 2591 913 2591 825 2591 1009 4866 1088 4866 1081 4866 1009 4873 1010 4873 1088 4873 914 3720 1010 3720 913 3720 1010 3720 1009 3720 913 3720 1143 3715 1135 3715 1169 3715 1135 3715 1147 3715 1169 3715 1147 3715 1198 3715 1169 3715 1147 3715 1188 3715 1198 3715 964 3926 972 3926 956 3926 954 3715 964 3715 956 3715 945 3715 954 3715 956 3715 964 3927 979 3927 972 3927 735 3715 730 3715 747 3715 730 3715 739 3715 747 3715 739 3715 760 3715 747 3715 739 3715 756 3715 760 3715 580 3715 587 3715 565 3715 549 3715 580 3715 565 3715 537 3715 549 3715 565 3715 580 3716 594 3716 587 3716 376 3715 345 3715 453 3715 345 3715 417 3715 453 3715 417 3715 486 3715 453 3715 417 3715 468 3715 486 3715 579 3715 586 3715 564 3715 548 3715 579 3715 564 3715 536 3715 548 3715 564 3715 579 3716 593 3716 586 3716 738 3715 759 3715 746 3715 729 3715 738 3715 746 3715 734 3715 729 3715 746 3715 738 3715 755 3715 759 3715 1795 4750 1750 4750 1739 4750 1782 3102 1795 3102 1739 3102 1832 1921 1750 1921 1795 1921 1732 5508 1782 5508 1739 5508 1832 2855 1758 2855 1750 2855 1772 5416 1782 5416 1732 5416 1832 2412 1751 2412 1758 2412 1810 1984 1751 1984 1832 1984 1789 4451 1772 4451 1732 4451 1741 5434 1789 5434 1732 5434 1789 4236 1751 4236 1810 4236 1789 2792 1741 2792 1751 2792 1918 4529 1867 4529 1835 4529 1805 4386 1918 4386 1835 4386 1899 3182 1918 3182 1805 3182 1930 1850 1867 1850 1918 1850 1796 5570 1899 5570 1805 5570 1930 3164 1872 3164 1867 3164 1902 4596 1899 4596 1796 4596 1923 1848 1872 1848 1930 1848 1808 5444 1902 5444 1796 5444 1923 3272 1843 3272 1872 3272 1917 4354 1902 4354 1808 4354 1917 2758 1843 2758 1923 2758 1843 4690 1917 4690 1808 4690 1922 2690 1841 2690 1915 2690 1804 4984 1915 4984 1841 4984 1922 3127 1868 3127 1841 3127 1900 4364 1915 4364 1804 4364 1931 1982 1868 1982 1922 1982 1931 2716 1884 2716 1868 2716 1798 5608 1900 5608 1804 5608 1905 3216 1900 3216 1798 3216 1931 2227 1860 2227 1884 2227 1921 2138 1860 2138 1931 2138 1831 5548 1905 5548 1798 5548 1921 3257 1831 3257 1860 3257 1905 2675 1831 2675 1921 2675 1783 3151 1794 3151 1744 3151 1828 2880 1744 2880 1794 2880 1736 5403 1783 5403 1744 5403 1828 2872 1755 2872 1744 2872 1773 4595 1783 4595 1736 4595 1830 2079 1755 2079 1828 2079 1830 2464 1757 2464 1755 2464 1737 5649 1773 5649 1736 5649 1786 4493 1773 4493 1737 4493 1803 2112 1757 2112 1830 2112 1803 3053 1746 3053 1757 3053 1803 4941 1786 4941 1737 4941 1746 4253 1803 4253 1737 4253 1730 5394 1743 5394 1728 5394 1749 4480 1743 4480 1730 4480 1936 4279 1778 4279 1911 4279 1864 3528 1778 3528 1936 3528 1864 4077 1730 4077 1778 4077 1749 4167 1730 4167 1864 4167 1938 3144 1911 3144 1920 3144 1938 2051 1936 2051 1911 2051 1939 2311 1920 2311 1919 2311 1938 2115 1920 2115 1939 2115 1937 4121 1919 4121 1907 4121 1939 1946 1919 1946 1937 1946 1731 4110 1748 4110 1907 4110 1748 3161 1937 3161 1907 3161 1742 4722 1748 4722 1731 4722 1729 4979 1742 4979 1731 4979 1728 5295 1743 5295 1729 5295 1743 5201 1742 5201 1729 5201 1686 2399 2123 2399 2158 2399 1704 2469 1686 2469 2158 2469 1669 1710 2101 1710 2123 1710 1686 1727 1669 1727 2123 1727 1669 1421 2091 1421 2101 1421 1669 1356 1662 1356 2091 1356 1662 1219 2080 1219 2091 1219 1661 1104 2076 1104 1662 1104 2076 1080 2080 1080 1662 1080 1705 2272 1686 2272 1704 2272 1705 2264 1689 2264 1686 2264 1689 2153 1669 2153 1686 2153 1689 2324 1681 2324 1669 2324 1681 1862 1662 1862 1669 1862 2134 5387 1705 5387 2160 5387 1689 5479 1705 5479 2134 5479 1681 5979 1689 5979 2134 5979 2119 5991 1681 5991 2134 5991 1683 6255 1681 6255 2119 6255 2109 6258 1683 6258 2119 6258 1863 6434 1683 6434 2109 6434 1681 1799 1661 1799 1662 1799 1683 2735 1661 2735 1681 2735 1683 2308 1665 2308 1661 2308 1680 1722 1665 1722 1683 1722 1680 4220 1672 4220 1654 4220 1680 5354 1654 5354 1665 5354 1655 2882 1654 2882 1673 2882 1654 4189 1672 4189 1673 4189 1682 3037 1659 3037 1673 3037 1659 4317 1655 4317 1673 4317 1667 3713 1659 3713 1682 3713 1694 3713 1674 3713 1682 3713 1674 3713 1667 3713 1682 3713 1691 3713 1674 3713 1694 3713 1691 145 1694 145 1696 145 1690 855 1691 855 1696 855 1953 991 1954 991 1950 991 1953 174 1957 174 1954 174 1946 219 1953 219 1950 219 1953 723 1958 723 1957 723 1946 165 1949 165 1953 165 1838 4440 1950 4440 1857 4440 1954 3271 1857 3271 1950 3271 1957 2729 1857 2729 1954 2729 1957 2743 1891 2743 1857 2743 1812 5067 1950 5067 1838 5067 1946 4991 1950 4991 1812 4991 1958 2057 1891 2057 1957 2057 1958 2549 1862 2549 1891 2549 1949 5171 1946 5171 1812 5171 1834 5280 1949 5280 1812 5280 1953 2517 1862 2517 1958 2517 1953 4483 1949 4483 1834 4483 1862 4423 1953 4423 1834 4423 1838 7237 1826 7237 1812 7237 1876 7225 1857 7225 1891 7225 1834 7232 1812 7232 1826 7232 1862 6418 1876 6418 1891 6418 1846 6470 1834 6470 1826 6470 1862 7205 1846 7205 1876 7205 1862 6475 1834 6475 1846 6475 1857 4611 1766 4611 1838 4611 1857 4865 1787 4865 1766 4865 1753 4562 1826 4562 1766 4562 1826 5774 1838 5774 1766 5774 1876 1847 1787 1847 1857 1847 1763 5525 1826 5525 1753 5525 1876 3104 1774 3104 1787 3104 1846 4248 1826 4248 1763 4248 1846 2007 1774 2007 1876 2007 1774 5120 1846 5120 1763 5120 1952 998 1955 998 1951 998 1947 168 1952 168 1951 168 1952 321 1959 321 1955 321 1947 151 1948 151 1952 151 1956 980 1959 980 1952 980 1955 3035 1849 3035 1951 3035 1955 2973 1871 2973 1849 2973 1829 4665 1951 4665 1849 4665 1947 4670 1951 4670 1829 4670 1959 2316 1871 2316 1955 2316 1959 2365 1889 2365 1871 2365 1817 5378 1947 5378 1829 5378 1948 5148 1947 5148 1817 5148 1959 2382 1875 2382 1889 2382 1833 5365 1948 5365 1817 5365 1956 2323 1875 2323 1959 2323 1952 4622 1948 4622 1833 4622 1956 2920 1853 2920 1875 2920 1952 3012 1853 3012 1956 3012 1853 4459 1952 4459 1833 4459 1871 7287 1854 7287 1849 7287 1854 7178 1829 7178 1849 7178 1854 7204 1817 7204 1829 7204 1875 7268 1854 7268 1871 7268 1889 6959 1875 6959 1871 6959 1842 6658 1833 6658 1817 6658 1853 6532 1833 6532 1842 6532 1854 5355 1777 5355 1759 5355 1817 2761 1854 2761 1759 2761 1875 1761 1777 1761 1854 1761 1875 3030 1781 3030 1777 3030 1760 5807 1817 5807 1759 5807 1853 2964 1781 2964 1875 2964 1842 4594 1817 4594 1760 4594 1842 5814 1781 5814 1853 5814 1781 5044 1842 5044 1760 5044 1809 4062 1927 4062 1883 4062 1809 3095 1901 3095 1927 3095 1883 5221 1926 5221 1881 5221 1883 5237 1927 5237 1926 5237 1802 5340 1904 5340 1822 5340 1903 4443 1904 4443 1802 4443 1807 5547 1903 5547 1802 5547 1928 4086 1807 4086 1885 4086 1903 3136 1807 3136 1928 3136 1882 5238 1928 5238 1885 5238 1882 5228 1929 5228 1928 5228 2052 801 2063 801 2058 801 2052 869 2071 869 2063 869 2062 867 2071 867 2052 867 2059 716 2062 716 2052 716 2053 864 2059 864 2052 864 2058 3147 2012 3147 2006 3147 2063 3059 2012 3059 2058 3059 2063 2789 2024 2789 2012 2789 1999 4972 2058 4972 2006 4972 2052 4948 2058 4948 1999 4948 2071 2083 2024 2083 2063 2083 2053 5242 2052 5242 1999 5242 2001 5209 2053 5209 1999 5209 2071 2437 2018 2437 2024 2437 2062 2401 2018 2401 2071 2401 2007 4904 2053 4904 2001 4904 2059 4640 2053 4640 2007 4640 2059 2881 2018 2881 2062 2881 2059 3227 2007 3227 2018 3227 2012 6491 2002 6491 2006 6491 2002 7262 1999 7262 2006 7262 2020 7253 2012 7253 2024 7253 2004 7306 2001 7306 2002 7306 2001 7278 1999 7278 2002 7278 2018 7244 2020 7244 2024 7244 2018 6466 2011 6466 2020 6466 2007 7313 2001 7313 2004 7313 2018 7100 2004 7100 2011 7100 2018 6540 2007 6540 2004 6540 2002 4569 2012 4569 1989 4569 1981 5545 2002 5545 1989 5545 2020 2849 1989 2849 2012 2849 2020 2931 1993 2931 1989 2931 2004 4385 2002 4385 1981 4385 2011 2021 1993 2021 2020 2021 1988 5628 2004 5628 1981 5628 2011 4294 1988 4294 1993 4294 2004 2724 1988 2724 2011 2724 2368 948 2365 948 2353 948 2344 756 2368 756 2353 756 2349 921 2356 921 2368 921 2344 872 2349 872 2368 872 2306 4672 2353 4672 2316 4672 2365 2902 2316 2902 2353 2902 2365 2894 2324 2894 2316 2894 2344 4709 2353 4709 2306 4709 2368 2071 2324 2071 2365 2071 2305 5428 2344 5428 2306 5428 2368 2366 2323 2366 2324 2366 2349 5106 2344 5106 2305 5106 2311 5122 2349 5122 2305 5122 2368 2670 2317 2670 2323 2670 2356 2662 2317 2662 2368 2662 2356 4458 2349 4458 2311 4458 2356 4271 2311 4271 2317 4271 2310 6650 2306 6650 2316 6650 2319 6681 2310 6681 2316 6681 2324 6436 2319 6436 2316 6436 2322 6467 2319 6467 2324 6467 2305 6649 2306 6649 2310 6649 2323 7311 2322 7311 2324 7311 2323 7211 2317 7211 2322 7211 2317 7056 2311 7056 2305 7056 2310 2823 2319 2823 2284 2823 2319 4624 2295 4624 2284 4624 2280 5468 2310 5468 2284 5468 2322 1784 2295 1784 2319 1784 2305 4963 2310 4963 2280 4963 2286 5699 2305 5699 2280 5699 2322 4585 2286 4585 2295 4585 2317 5070 2286 5070 2322 5070 2317 2904 2305 2904 2286 2904 2445 4264 2456 4264 2328 4264 2456 3214 2330 3214 2328 3214 2326 4938 2445 4938 2328 4938 2460 2579 2330 2579 2456 2579 2460 2530 2332 2530 2330 2530 2434 4996 2445 4996 2326 4996 2461 2121 2332 2121 2460 2121 2461 2309 2331 2309 2332 2309 2327 5391 2434 5391 2326 5391 2448 4970 2434 4970 2327 4970 2457 2529 2331 2529 2461 2529 2457 2840 2329 2840 2331 2840 2329 4727 2448 4727 2327 4727 2457 4181 2448 4181 2329 4181 2229 4348 2299 4348 2234 4348 2307 3117 2234 3117 2299 3117 2307 2676 2237 2676 2234 2676 2315 2413 2237 2413 2307 2413 2224 4983 2296 4983 2229 4983 2296 4785 2299 4785 2229 4785 2315 2357 2236 2357 2237 2357 2225 5123 2297 5123 2224 5123 2297 5184 2296 5184 2224 5184 2312 2139 2236 2139 2315 2139 2228 5065 2297 5065 2225 5065 2312 2760 2233 2760 2236 2760 2302 2859 2233 2859 2312 2859 2302 4487 2297 4487 2228 4487 2233 4362 2302 4362 2228 4362 2335 4239 2251 4239 2249 4239 2339 3013 2251 3013 2335 3013 2339 2684 2254 2684 2251 2684 2333 4782 2335 4782 2249 4782 2246 5087 2333 5087 2249 5087 2340 2063 2254 2063 2339 2063 2247 5317 2334 5317 2246 5317 2334 5151 2333 5151 2246 5151 2340 2494 2252 2494 2254 2494 2336 2531 2252 2531 2340 2531 2336 4528 2334 4528 2247 4528 2252 4418 2336 4418 2247 4418 2177 3008 2035 3008 2156 3008 2177 2916 2041 2916 2035 2916 2030 4710 2156 4710 2035 4710 2187 2364 2041 2364 2177 2364 2146 4781 2156 4781 2030 4781 2187 2360 2043 2360 2041 2360 2029 5371 2146 5371 2030 5371 2185 2122 2043 2122 2187 2122 2147 5194 2146 5194 2029 5194 2185 2694 2037 2694 2043 2694 2032 4936 2152 4936 2029 4936 2152 4934 2147 4934 2029 4934 2164 2723 2037 2723 2185 2723 2037 4378 2152 4378 2032 4378 2164 4344 2152 4344 2037 4344 2174 3120 2033 3120 2159 3120 2174 3125 2038 3125 2033 3125 2150 4554 2159 4554 2033 4554 2174 2439 2044 2439 2038 2439 2189 2336 2044 2336 2174 2336 2028 5168 2150 5168 2033 5168 2145 5092 2150 5092 2028 5092 2189 2380 2040 2380 2044 2380 2171 2327 2040 2327 2189 2327 2031 5129 2145 5129 2028 5129 2153 4937 2145 4937 2031 4937 2171 2896 2036 2896 2040 2896 2036 4466 2153 4466 2031 4466 2171 3309 2153 3309 2036 3309 1855 4347 1788 4347 1767 4347 1754 4546 1827 4546 1767 4546 1827 4309 1855 4309 1767 4309 1878 1772 1788 1772 1855 1772 1762 5526 1827 5526 1754 5526 1837 5205 1827 5205 1762 5205 1878 4551 1769 4551 1788 4551 1837 2428 1769 2428 1878 2428 1769 5435 1837 5435 1762 5435 1870 7307 1855 7307 1847 7307 1855 7196 1825 7196 1847 7196 1855 7249 1827 7249 1825 7249 1878 7279 1855 7279 1870 7279 1890 6608 1878 6608 1870 6608 1827 7298 1813 7298 1825 7298 1837 7198 1813 7198 1827 7198 1858 6566 1837 6566 1878 6566 1968 2925 1870 2925 1847 2925 1976 2869 1870 2869 1968 2869 1825 4701 1968 4701 1847 4701 1961 4711 1968 4711 1825 4711 1976 2403 1890 2403 1870 2403 1980 2129 1890 2129 1976 2129 1813 5349 1961 5349 1825 5349 1963 5136 1961 5136 1813 5136 1980 2392 1878 2392 1890 2392 1974 2431 1878 2431 1980 2431 1837 5082 1963 5082 1813 5082 1974 2687 1858 2687 1878 2687 1967 4685 1963 4685 1837 4685 1858 4502 1967 4502 1837 4502 1967 2978 1858 2978 1974 2978 2571 3210 2506 3210 2491 3210 2571 2828 2579 2828 2506 2828 2469 4791 2571 4791 2491 4791 2469 4858 2562 4858 2571 4858 2579 2493 2519 2493 2506 2493 2579 2097 2580 2097 2519 2097 2469 5169 2555 5169 2562 5169 2563 5370 2555 5370 2469 5370 2473 5353 2563 5353 2469 5353 2580 2523 2575 2523 2519 2523 2575 2416 2505 2416 2519 2416 2473 4768 2570 4768 2563 4768 2495 4688 2570 4688 2473 4688 2575 3066 2495 3066 2505 3066 2495 3183 2575 3183 2570 3183 2511 6557 2487 6557 2491 6557 2506 6703 2511 6703 2491 6703 2487 7295 2469 7295 2491 7295 2519 7133 2511 7133 2506 7133 2476 6790 2469 6790 2487 6790 2505 7235 2511 7235 2519 7235 2473 6405 2469 6405 2476 6405 2496 6441 2473 6441 2476 6441 2495 6498 2473 6498 2496 6498 2505 6513 2495 6513 2496 6513 2511 2898 2423 2898 2487 2898 2511 3039 2436 3039 2423 3039 2420 5379 2487 5379 2423 5379 2476 4792 2487 4792 2420 4792 2511 2465 2440 2465 2436 2465 2505 1879 2440 1879 2511 1879 2428 5422 2476 5422 2420 5422 2496 4437 2476 4437 2428 4437 2496 5572 2440 5572 2505 5572 2496 4431 2428 4431 2440 4431 2529 483 2524 483 2533 483 2524 932 2540 932 2533 932 2524 858 2541 858 2540 858 2532 884 2541 884 2524 884 2528 738 2532 738 2524 738 2529 4296 2533 4296 2492 4296 2533 4258 2502 4258 2492 4258 2540 2559 2502 2559 2533 2559 2472 4908 2529 4908 2492 4908 2540 2568 2520 2568 2502 2568 2524 4902 2529 4902 2472 4902 2541 2049 2520 2049 2540 2049 2470 5425 2524 5425 2472 5425 2541 2560 2507 2560 2520 2560 2528 4912 2524 4912 2470 4912 2532 2547 2507 2547 2541 2547 2493 4914 2528 4914 2470 4914 2532 4188 2493 4188 2507 4188 2532 4326 2528 4326 2493 4326 2502 6589 2500 6589 2492 6589 2514 7216 2500 7216 2502 7216 2520 6527 2514 6527 2502 6527 2479 6509 2472 6509 2492 6509 2479 7217 2470 7217 2472 7217 2507 6417 2514 6417 2520 6417 2507 6579 2493 6579 2514 6579 2493 7143 2470 7143 2479 7143 2492 2870 2500 2870 2431 2870 2419 5647 2492 5647 2431 5647 2500 2837 2447 2837 2431 2837 2514 2564 2447 2564 2500 2564 2479 3269 2492 3269 2419 3269 2426 5651 2479 5651 2419 5651 2493 2333 2447 2333 2514 2333 2493 5176 2479 5176 2426 5176 2493 4545 2426 4545 2447 4545 2527 957 2539 957 2531 957 2525 910 2539 910 2527 910 2536 162 2542 162 2539 162 2530 873 2536 873 2539 873 2526 995 2530 995 2539 995 2525 634 2526 634 2539 634 2481 4412 2531 4412 2504 4412 2527 4485 2531 4485 2481 4485 2539 2685 2504 2685 2531 2685 2525 5100 2527 5100 2481 5100 2471 5000 2525 5000 2481 5000 2539 2562 2518 2562 2504 2562 2542 2081 2518 2081 2539 2081 2468 5397 2525 5397 2471 5397 2542 2477 2509 2477 2518 2477 2526 5053 2525 5053 2468 5053 2536 2423 2509 2423 2542 2423 2484 5074 2526 5074 2468 5074 2530 4543 2526 4543 2484 4543 2530 2966 2509 2966 2536 2966 2509 4346 2530 4346 2484 4346 2499 6523 2481 6523 2504 6523 2499 6582 2483 6582 2481 6582 2513 6761 2499 6761 2504 6761 2483 7144 2471 7144 2481 7144 2518 6425 2513 6425 2504 6425 2509 6412 2513 6412 2518 6412 2509 6585 2497 6585 2513 6585 2497 6511 2484 6511 2471 6511 2484 7098 2468 7098 2471 7098 2509 6486 2484 6486 2497 6486 2483 2994 2499 2994 2424 2994 2499 4492 2437 4492 2424 4492 2513 1965 2437 1965 2499 1965 2421 5417 2483 5417 2424 5417 2471 5690 2483 5690 2421 5690 2513 2441 2442 2441 2437 2441 2513 2479 2438 2479 2442 2479 2427 4669 2471 4669 2421 4669 2497 1880 2438 1880 2513 1880 2497 4319 2471 4319 2427 4319 2497 4651 2427 4651 2438 4651 2569 3078 2576 3078 2498 3078 2576 3010 2510 3010 2498 3010 2477 4638 2569 4638 2498 4638 2477 4957 2553 4957 2569 4957 2576 2417 2521 2417 2510 2417 2576 2151 2584 2151 2521 2151 2466 5338 2553 5338 2477 5338 2584 2473 2574 2473 2521 2473 2574 2432 2501 2432 2521 2432 2486 5004 2553 5004 2466 5004 2486 5058 2568 5058 2553 5058 2574 3299 2486 3299 2501 3299 2486 4144 2574 4144 2568 4144 2482 6444 2477 6444 2498 6444 2515 6463 2498 6463 2510 6463 2521 6521 2515 6521 2510 6521 2482 6443 2466 6443 2477 6443 2480 7213 2466 7213 2482 7213 2486 7209 2466 7209 2480 7209 2501 6429 2515 6429 2521 6429 2501 6647 2486 6647 2480 6647 2482 4919 2498 4919 2429 4919 2498 4780 2439 4780 2429 4780 2515 1819 2439 1819 2498 1819 2418 5578 2482 5578 2429 5578 2480 4760 2482 4760 2418 4760 2515 2340 2443 2340 2439 2340 2515 2860 2435 2860 2443 2860 2501 2721 2435 2721 2515 2721 2435 5016 2501 5016 2418 5016 2501 4724 2480 4724 2418 4724 2415 2244 2383 2244 2382 2244 2414 2244 2415 2244 2382 2244 2383 4135 2451 4135 2397 4135 2383 3399 2415 3399 2451 3399 2451 2433 2403 2433 2397 2433 2455 2133 2403 2133 2451 2133 2455 2976 2394 2976 2403 2976 2441 2778 2394 2778 2455 2778 2450 6351 2433 6351 2441 6351 2433 6211 2430 6211 2441 6211 2433 6069 2408 6069 2430 6069 2408 6025 2405 6025 2430 6025 2408 5761 2392 5761 2405 5761 2392 5746 2391 5746 2405 5746 2392 5453 2381 5453 2391 5453 2381 5424 2376 5424 2391 5424 2376 3238 2352 3238 2351 3238 2381 4272 2352 4272 2376 4272 2453 6376 2433 6376 2450 6376 2351 2222 2179 2222 2190 2222 2352 2232 2178 2232 2351 2232 2178 2221 2179 2221 2351 2221 2352 2228 2191 2228 2178 2228 2178 1191 2191 1191 2211 1191 2191 853 2212 853 2211 853 2144 3720 2178 3720 2165 3720 2142 3720 2144 3720 2165 3720 2178 3720 2211 3720 2165 3720 2116 3720 2144 3720 2142 3720 2125 3140 2144 3140 2116 3140 2099 4337 2125 4337 2116 4337 2165 4394 2201 4394 2151 4394 2165 4695 2211 4695 2201 4695 2115 2086 2142 2086 2151 2086 2142 2866 2165 2866 2151 2866 2116 2022 2142 2022 2115 2022 2093 1560 2099 1560 2115 1560 2099 1667 2116 1667 2115 1667 2084 1376 2099 1376 2093 1376 2082 1252 2084 1252 2093 1252 2079 1081 2078 1081 2082 1081 2078 1137 2084 1137 2082 1137 2201 3713 2179 3713 2151 3713 2149 3713 2115 3713 2151 3713 2179 3713 2149 3713 2151 3713 2149 3234 2126 3234 2115 3234 2126 2501 2093 2501 2115 2501 2190 1063 2179 1063 2210 1063 2179 1062 2201 1062 2210 1062 2359 3713 2351 3713 2210 3713 2351 3713 2190 3713 2210 3713 2441 4079 2430 4079 2394 4079 2430 4238 2387 4238 2394 4238 2430 3713 2405 3713 2387 3713 2405 3713 2391 3713 2387 3713 2391 3713 2376 3713 2387 3713 2376 3713 2359 3713 2387 3713 2376 3713 2351 3713 2359 3713 2395 1032 2396 1032 2394 1032 2390 1276 2395 1276 2394 1276 2387 1431 2390 1431 2394 1431 2375 1716 2390 1716 2387 1716 2359 2555 2375 2555 2387 2555 2357 3076 2375 3076 2359 3076 2201 5258 2359 5258 2210 5258 2201 5256 2357 5256 2359 5256 2211 5265 2357 5265 2201 5265 2212 5264 2357 5264 2211 5264 2191 3719 2357 3719 2212 3719 2352 3720 2357 3720 2191 3720 2433 2960 2453 2960 2395 2960 2390 4214 2433 4214 2395 4214 2408 3719 2433 3719 2390 3719 2375 3720 2392 3720 2390 3720 2392 3720 2408 3720 2390 3720 2381 3719 2392 3719 2375 3719 2352 3720 2375 3720 2357 3720 2352 3720 2381 3720 2375 3720 2453 4232 2402 4232 2395 4232 2452 1899 2402 1899 2453 1899 2452 2550 2398 2550 2402 2550 2416 3372 2384 3372 2398 3372 2452 3200 2416 3200 2398 3200 2417 2244 2385 2244 2384 2244 2416 2244 2417 2244 2384 2244 2436 1028 2440 1028 2454 1028 2423 616 2436 616 2454 616 2382 733 2423 733 2454 733 2420 528 2423 528 2382 528 2383 386 2420 386 2382 386 2440 213 2459 213 2454 213 2440 897 2489 897 2459 897 2440 726 2447 726 2489 726 2431 946 2447 946 2440 946 2383 928 2428 928 2420 928 2383 837 2397 837 2428 837 2428 416 2431 416 2440 416 2397 221 2403 221 2428 221 2403 824 2431 824 2428 824 2419 926 2431 926 2403 926 2394 747 2419 747 2403 747 2396 295 2422 295 2394 295 2422 282 2419 282 2394 282 2425 964 2446 964 2447 964 2446 549 2489 549 2447 549 2422 217 2425 217 2447 217 2422 918 2426 918 2419 918 2426 945 2422 945 2447 945 2432 1024 2396 1024 2446 1024 2396 709 2432 709 2422 709 2442 391 2488 391 2489 391 2446 603 2442 603 2489 603 2424 226 2437 226 2446 226 2437 1050 2442 1050 2446 1050 2396 457 2424 457 2446 457 2421 446 2424 446 2396 446 2395 382 2421 382 2396 382 2438 1058 2439 1058 2442 1058 2439 1047 2443 1047 2442 1047 2444 225 2458 225 2442 225 2458 890 2488 890 2442 890 2395 239 2427 239 2421 239 2395 180 2402 180 2427 180 2402 927 2429 927 2427 927 2429 230 2439 230 2438 230 2427 238 2429 238 2438 238 2398 190 2429 190 2402 190 2384 782 2429 782 2398 782 2385 710 2418 710 2384 710 2418 808 2429 808 2384 808 2435 874 2444 874 2443 874 2385 807 2435 807 2418 807 2385 770 2444 770 2435 770 2458 903 2475 903 2488 903 2512 3031 2425 3031 2490 3031 2512 4420 2446 4420 2425 4420 2474 4891 2490 4891 2425 4891 2422 5585 2474 5585 2425 5585 2517 2052 2446 2052 2512 2052 2517 4671 2432 4671 2446 4671 2494 4379 2474 4379 2422 4379 2494 2289 2432 2289 2517 2289 2432 5590 2494 5590 2422 5590 2512 6563 2490 6563 2485 6563 2503 6531 2512 6531 2485 6531 2516 6446 2512 6446 2503 6446 2490 7200 2467 7200 2485 7200 2474 6522 2467 6522 2490 6522 2517 6457 2512 6457 2516 6457 2478 6426 2467 6426 2474 6426 2494 6454 2478 6454 2474 6454 2508 6525 2494 6525 2517 6525 2573 4270 2503 4270 2485 4270 2565 4519 2573 4519 2485 4519 2578 2786 2503 2786 2573 2786 2578 2556 2516 2556 2503 2556 2467 5134 2565 5134 2485 5134 2583 2142 2516 2142 2578 2142 2583 2301 2517 2301 2516 2301 2558 5132 2565 5132 2467 5132 2564 5203 2558 5203 2467 5203 2478 5334 2564 5334 2467 5334 2577 2373 2517 2373 2583 2373 2577 2463 2508 2463 2517 2463 2494 4592 2572 4592 2478 4592 2572 4606 2564 4606 2478 4606 2572 2875 2508 2875 2577 2875 2572 3249 2494 3249 2508 3249 1840 5098 1776 5098 1764 5098 1888 2385 1776 2385 1840 2385 1823 4952 1840 4952 1764 4952 1874 5195 1776 5195 1888 5195 1874 2072 1785 2072 1776 2072 1752 5552 1823 5552 1764 5552 1765 4591 1823 4591 1752 4591 1844 5147 1823 5147 1765 5147 1874 3141 1765 3141 1785 3141 1844 2511 1765 2511 1874 2511 1888 6541 1840 6541 1861 6541 1840 7296 1823 7296 1820 7296 1823 7330 1819 7330 1820 7330 1879 7309 1874 7309 1888 7309 1844 7258 1819 7258 1823 7258 1879 7302 1851 7302 1874 7302 1851 7310 1819 7310 1844 7310 1851 6588 1844 6588 1874 6588 1840 4273 1972 4273 1861 4273 1840 4265 1966 4265 1972 4265 1820 4748 1966 4748 1840 4748 1972 2539 1888 2539 1861 2539 1820 4893 1960 4893 1966 4893 1972 2484 1978 2484 1888 2484 1819 5373 1960 5373 1820 5373 1978 2280 1977 2280 1888 2280 1977 2313 1879 2313 1888 2313 1965 5119 1960 5119 1819 5119 1977 2521 1971 2521 1879 2521 1971 2854 1851 2854 1879 2854 1851 4696 1965 4696 1819 4696 1851 4397 1971 4397 1965 4397 2055 200 2051 200 2061 200 2051 286 2064 286 2061 286 2051 779 2072 779 2064 779 2065 798 2072 798 2051 798 2060 481 2065 481 2051 481 2054 197 2060 197 2051 197 2061 4255 2013 4255 2005 4255 2055 4374 2061 4374 2005 4374 2064 2793 2013 2793 2061 2793 2064 2691 2023 2691 2013 2691 1998 5014 2055 5014 2005 5014 2051 4981 2055 4981 1998 4981 2072 2125 2023 2125 2064 2125 2000 5381 2051 5381 1998 5381 2072 2425 2017 2425 2023 2425 2065 2410 2017 2410 2072 2410 2054 5038 2051 5038 2000 5038 2060 2746 2017 2746 2065 2746 2009 4924 2054 4924 2000 4924 2060 4499 2054 4499 2009 4499 2060 3209 2009 3209 2017 3209 2013 6462 2008 6462 2005 6462 2019 6547 2008 6547 2013 6547 2023 6421 2019 6421 2013 6421 2008 6676 1998 6676 2005 6676 2000 7277 1998 7277 2008 7277 2014 6622 2019 6622 2023 6622 2017 6423 2014 6423 2023 6423 2009 6680 2000 6680 2003 6680 2014 7038 2009 7038 2003 7038 2017 6435 2009 6435 2014 6435 2008 3070 1992 3070 1986 3070 2019 2968 1992 2968 2008 2968 1982 4474 2000 4474 1986 4474 2000 4964 2008 4964 1986 4964 2014 2077 1992 2077 2019 2077 2003 5666 2000 5666 1982 5666 2014 1957 1991 1957 1992 1957 1987 5528 2003 5528 1982 5528 2014 4489 1987 4489 1991 4489 2014 2748 2003 2748 1987 2748 2369 877 2366 877 2355 877 2350 963 2369 963 2355 963 2343 686 2369 686 2350 686 2354 943 2364 943 2369 943 2348 983 2354 983 2369 983 2343 866 2348 866 2369 866 2308 4421 2355 4421 2318 4421 2350 4484 2355 4484 2308 4484 2366 2708 2318 2708 2355 2708 2366 2689 2325 2689 2318 2689 2343 5102 2350 5102 2308 5102 2304 4998 2343 4998 2308 4998 2369 2082 2325 2082 2366 2082 2303 5405 2343 5405 2304 5405 2369 2442 2321 2442 2325 2442 2364 2414 2321 2414 2369 2414 2348 5036 2343 5036 2303 5036 2314 4993 2348 4993 2303 4993 2364 2974 2314 2974 2321 2974 2354 4563 2348 4563 2314 4563 2354 2970 2314 2970 2364 2970 2320 6570 2308 6570 2318 6570 2320 6599 2309 6599 2308 6599 2325 6499 2320 6499 2318 6499 2309 6490 2304 6490 2308 6490 2321 6485 2320 6485 2325 6485 2313 7274 2303 7274 2304 7274 2314 7293 2303 7293 2313 7293 2321 6473 2314 6473 2313 6473 2309 2774 2320 2774 2289 2774 2281 5156 2309 5156 2289 5156 2304 5019 2309 5019 2281 5019 2320 2834 2294 2834 2289 2834 2321 1999 2294 1999 2320 1999 2283 5615 2304 5615 2281 5615 2313 4533 2304 4533 2283 4533 2313 5356 2294 5356 2321 5356 2313 4261 2283 4261 2294 4261 1893 515 2289 515 2378 515 2289 478 2379 478 2378 478 2117 369 2131 369 1893 369 1892 436 1982 436 1893 436 2131 719 2281 719 1893 719 1982 734 1986 734 1893 734 2281 596 2289 596 1893 596 1986 535 2117 535 1893 535 1992 724 2117 724 1986 724 2141 632 2281 632 2131 632 2294 640 2379 640 2289 640 2141 496 2283 496 2281 496 1991 500 2124 500 2117 500 1992 647 1991 647 2117 647 1892 461 1987 461 1982 461 1991 608 1987 608 2124 608 1987 547 1892 547 2124 547 2283 541 2379 541 2294 541 2379 487 2283 487 2141 487 2124 711 2379 711 2141 711 1892 536 2379 536 2124 536 2214 2040 2131 2040 2198 2040 2117 5702 2186 5702 2131 5702 2186 2914 2198 2914 2131 2914 2214 4308 2141 4308 2131 4308 2176 4535 2186 4535 2117 4535 2218 4697 2141 4697 2214 4697 2124 5601 2176 5601 2117 5601 2195 2078 2141 2078 2218 2078 2195 3171 2176 3171 2124 3171 2195 4604 2124 4604 2141 4604 2198 7284 2186 7284 2199 7284 2217 6483 2198 6483 2199 6483 2214 6583 2198 6583 2217 6583 2176 6480 2169 6480 2186 6480 2218 7150 2214 7150 2217 7150 2173 6449 2169 6449 2176 6449 2213 6459 2195 6459 2218 6459 2195 7289 2194 7289 2176 7289 2194 6507 2173 6507 2176 6507 2213 6451 2194 6451 2195 6451 2273 3034 2199 3034 2265 3034 2186 4477 2265 4477 2199 4477 2273 2909 2217 2909 2199 2909 2169 4895 2259 4895 2186 4895 2259 4921 2265 4921 2186 4921 2278 2275 2217 2275 2273 2275 2278 2337 2218 2337 2217 2337 2173 5369 2259 5369 2169 5369 2278 2356 2213 2356 2218 2356 2271 2332 2213 2332 2278 2332 2264 5007 2259 5007 2173 5007 2194 4774 2264 4774 2173 4774 2271 2955 2194 2955 2213 2955 2264 3101 2194 3101 2271 3101 1856 5124 1768 5124 1845 5124 1756 5033 1845 5033 1768 5033 1856 4417 1784 4417 1768 4417 1824 4287 1845 4287 1756 4287 1877 1901 1784 1901 1856 1901 1761 5646 1824 5646 1756 5646 1877 2949 1775 2949 1784 2949 1850 1920 1775 1920 1877 1920 1850 3020 1824 3020 1761 3020 1775 5182 1850 5182 1761 5182 1845 6465 1836 6465 1856 6465 1824 7291 1815 7291 1836 7291 1845 6474 1824 6474 1836 6474 1877 7303 1856 7303 1880 7303 1887 7333 1877 7333 1880 7333 1821 7297 1815 7297 1824 7297 1887 7286 1850 7286 1877 7286 1850 7242 1821 7242 1824 7242 1848 7195 1821 7195 1850 7195 1887 7290 1848 7290 1850 7290 1836 4411 1970 4411 1856 4411 1962 4540 1970 4540 1836 4540 1975 2814 1856 2814 1970 2814 1975 2794 1880 2794 1856 2794 1815 5118 1962 5118 1836 5118 1979 2144 1880 2144 1975 2144 1979 2348 1887 2348 1880 2348 1821 5200 1964 5200 1815 5200 1964 5125 1962 5125 1815 5125 1973 2358 1887 2358 1979 2358 1848 4677 1964 4677 1821 4677 1973 2912 1848 2912 1887 2912 1969 4650 1964 4650 1848 4650 1969 2996 1848 2996 1973 2996 2371 4869 2341 4869 2263 4869 2341 4879 2298 4879 2263 4879 2371 4859 2413 4859 2341 4859 2263 5138 2300 5138 2266 5138 2263 5204 2298 5204 2300 5204 2266 5291 2301 5291 2267 5291 2266 5383 2300 5383 2301 5383 2301 2584 2362 2584 2267 2584 2362 2589 2338 2589 2267 2589 2338 5216 2363 5216 2337 5216 2363 5206 2361 5206 2337 5206 2338 5215 2362 5215 2363 5215 2361 2370 2522 2370 2337 2370 2523 2368 2522 2368 2361 2368 2462 4884 2412 4884 2370 4884 2522 4887 2462 4887 2370 4887 2522 4889 2523 4889 2462 4889 2522 6857 2338 6857 2337 6857 2338 6952 2266 6952 2267 6952 2522 7080 2370 7080 2338 7080 2370 6894 2266 6894 2338 6894 2370 7050 2263 7050 2266 7050 2370 7025 2371 7025 2263 7025 2412 2169 2413 2169 2370 2169 2413 2166 2371 2166 2370 2166 2290 2181 2291 2181 2256 2181 2291 2172 2292 2172 2256 2172 2292 2183 2257 2183 2256 2183 2293 2195 2257 2195 2292 2195 2293 2253 2255 2253 2257 2253 2288 2271 2255 2271 2293 2271 1985 5226 2021 5226 1984 5226 2021 5159 2015 5159 1984 5159 2288 2302 2253 2302 2255 2302 2282 2303 2253 2303 2288 2303 1990 5179 2025 5179 1985 5179 2025 5178 2021 5178 1985 5178 2282 2355 2248 2355 2253 2355 2269 2352 2248 2352 2282 2352 1996 5128 2027 5128 1990 5128 2027 5127 2025 5127 1990 5127 2269 2420 2245 2420 2248 2420 2258 2424 2245 2424 2269 2424 2010 5051 2039 5051 1996 5051 2039 5049 2027 5049 1996 5049 2258 2519 2240 2519 2245 2519 2250 2516 2240 2516 2258 2516 2026 4945 2045 4945 2010 4945 2045 4946 2039 4946 2010 4946 2250 2712 2235 2712 2240 2712 2244 2710 2235 2710 2250 2710 2042 4736 2047 4736 2026 4736 2047 4742 2045 4742 2026 4742 2244 2821 2221 2821 2235 2821 2238 2820 2221 2820 2244 2820 2046 4634 2070 4634 2042 4634 2070 4629 2047 4629 2042 4629 2238 2940 2175 2940 2221 2940 2227 2944 2175 2944 2238 2944 2057 4525 2100 4525 2046 4525 2100 4525 2070 4525 2046 4525 2227 3093 2121 3093 2175 3093 2207 3091 2121 3091 2227 3091 2085 4384 2136 4384 2057 4384 2136 4382 2100 4382 2057 4382 2207 3714 2085 3714 2121 3714 2136 3713 2085 3713 2207 3713 1984 5313 2015 5313 1983 5313 2015 5310 2016 5310 1983 5310 2016 2768 2094 2768 1983 2768 2094 2769 2048 2769 1983 2769 2094 2581 2222 2581 2048 2581 2222 2582 2154 2582 2048 2582 2223 2176 2155 2176 2154 2176 2222 2180 2223 2180 2154 2180 2155 4871 2095 4871 2049 4871 2155 4872 2223 4872 2095 4872 2095 2204 2050 2204 2049 2204 2096 2146 2050 2146 2095 2146 2097 2381 2050 2381 2096 2381 2097 2009 2056 2009 2050 2009 2166 4980 2230 4980 2196 4980 2166 5319 2226 5319 2230 5319 2097 2812 2102 2812 2056 2812 2139 4723 2226 4723 2166 4723 2139 4757 2220 4757 2226 4757 2102 2104 2074 2104 2056 2104 2102 2987 2127 2987 2074 2987 2139 4761 2202 4761 2220 4761 2127 2677 2092 2677 2074 2677 2107 3255 2202 3255 2139 3255 2127 3259 2157 3259 2092 3259 2107 4516 2157 4516 2202 4516 2157 2948 2107 2948 2092 2948 2196 5212 2231 5212 2197 5212 2196 5199 2232 5199 2231 5199 2196 5411 2230 5411 2232 5411 2197 4464 2287 4464 2388 4464 2287 4462 2449 4462 2388 4462 2197 4461 2231 4461 2287 4461 2388 5111 2465 5111 2399 5111 2388 5113 2449 5113 2465 5113 2465 2203 2464 2203 2399 2203 2464 2175 2400 2175 2399 2175 2400 6687 2388 6687 2399 6687 2400 6860 2197 6860 2388 6860 2048 6754 2049 6754 1983 6754 2049 6759 1984 6759 1983 6759 2400 6923 2256 6923 2197 6923 2256 6747 2196 6747 2197 6747 2154 7048 2155 7048 2048 7048 2155 7047 2049 7047 2048 7047 2166 6422 2196 6422 2256 6422 2257 6793 2166 6793 2256 6793 2050 6762 1984 6762 2049 6762 2255 6971 2166 6971 2257 6971 2050 6769 1985 6769 1984 6769 1990 6875 1985 6875 2050 6875 2056 7065 1990 7065 2050 7065 1996 7072 1990 7072 2056 7072 2255 6975 2253 6975 2166 6975 2253 7057 2248 7057 2166 7057 2010 6721 1996 6721 2056 6721 2248 6714 2245 6714 2166 6714 2245 7129 2139 7129 2166 7129 2026 7127 2010 7127 2056 7127 2074 7142 2026 7142 2056 7142 2245 7120 2240 7120 2139 7120 2042 6996 2026 6996 2074 6996 2240 6967 2235 6967 2139 6967 2046 6672 2042 6672 2074 6672 2092 6553 2046 6553 2074 6553 2235 6667 2221 6667 2139 6667 2221 6611 2107 6611 2139 6611 2057 6689 2046 6689 2092 6689 2221 6692 2175 6692 2107 6692 2085 7103 2057 7103 2092 7103 2107 7151 2085 7151 2092 7151 2121 7074 2085 7074 2107 7074 2175 7102 2121 7102 2107 7102 2464 3006 2256 3006 2400 3006 2290 3002 2256 3002 2464 3002 1941 2136 1738 2136 1734 2136 1943 2489 1738 2489 1941 2489 1943 2541 1745 2541 1738 2541 1943 2927 1945 2927 1745 2927 1940 2173 1733 2173 1735 2173 1940 2237 1734 2237 1733 2237 1941 2279 1734 2279 1940 2279 2595 5046 2626 5046 2604 5046 2638 2068 2604 2068 2626 2068 2621 4508 2626 4508 2595 4508 2638 2972 2612 2972 2604 2972 2617 5088 2621 5088 2595 5088 2593 5441 2617 5441 2595 5441 2638 1992 2610 1992 2612 1992 2634 2474 2610 2474 2638 2474 2625 4756 2617 4756 2593 4756 2600 4880 2625 4880 2593 4880 2625 2775 2610 2775 2634 2775 2610 4476 2625 4476 2600 4476 2623 2969 2631 2969 2602 2969 2631 4312 2609 4312 2602 4312 2636 2377 2609 2377 2631 2377 2591 5410 2623 5410 2602 5410 2636 2799 2614 2799 2609 2799 2616 4520 2623 4520 2591 4520 2637 1930 2614 1930 2636 1930 2598 5597 2616 5597 2591 5597 2637 2967 2606 2967 2614 2967 2629 2091 2606 2091 2637 2091 2629 3071 2616 3071 2598 3071 2606 4982 2629 4982 2598 4982 2597 4897 2630 4897 2605 4897 2620 4300 2630 4300 2597 4300 2640 2090 2605 2090 2630 2090 2640 2763 2615 2763 2605 2763 2592 5438 2620 5438 2597 5438 2619 4758 2620 4758 2592 4758 2633 2062 2615 2062 2640 2062 2599 5511 2619 5511 2592 5511 2633 2737 2608 2737 2615 2737 2627 2686 2608 2686 2633 2686 2627 3169 2619 3169 2599 3169 2627 4581 2599 4581 2608 4581 2624 2959 2607 2959 2601 2959 2632 3366 2607 3366 2624 3366 2594 5336 2624 5336 2601 5336 2639 2409 2607 2409 2632 2409 2639 2567 2613 2567 2607 2567 2618 4602 2624 4602 2594 4602 2596 5512 2618 5512 2594 5512 2639 2252 2611 2252 2613 2252 2635 2067 2611 2067 2639 2067 2622 5163 2618 5163 2596 5163 2635 2910 2603 2910 2611 2910 2628 2574 2603 2574 2635 2574 2628 4456 2622 4456 2596 4456 2603 4749 2628 4749 2596 4749 2132 4883 2088 4883 2129 4883 2088 5485 2081 5485 2129 5485 2208 1549 2132 1549 2129 1549 2204 1505 2208 1505 2129 1505 2066 6372 2068 6372 2081 6372 2088 6314 2066 6314 2081 6314 2193 63 2208 63 2204 63 2066 6241 2087 6241 2068 6241 2167 1078 2208 1078 2193 1078 2066 5982 2104 5982 2087 5982 2133 1662 2167 1662 2193 1662 2104 2266 2167 2266 2133 2266 2104 4870 2133 4870 2087 4870 813 3057 791 3057 802 3057 791 5763 785 5763 802 5763 816 1671 813 1671 802 1671 791 6374 786 6374 785 6374 818 132 813 132 816 132 815 34 818 34 816 34 786 6403 790 6403 785 6403 803 1539 818 1539 815 1539 806 1528 803 1528 815 1528 786 5734 803 5734 790 5734 803 4896 806 4896 790 4896 1194 2958 1184 2958 1179 2958 1208 1717 1184 1717 1194 1717 1152 5930 1155 5930 1179 5930 1184 5800 1152 5800 1179 5800 1210 1400 1208 1400 1194 1400 1152 7418 1151 7418 1155 7418 1201 72 1208 72 1210 72 1152 7426 1156 7426 1151 7426 1206 114 1201 114 1210 114 1156 5916 1182 5916 1151 5916 1156 5928 1180 5928 1182 5928 1182 1827 1201 1827 1206 1827 1180 2459 1201 2459 1182 2459 1641 4424 1634 4424 1645 4424 1641 4885 1638 4885 1634 4885 1652 1563 1641 1563 1645 1563 1651 1173 1652 1173 1645 1173 1630 6312 1629 6312 1634 6312 1638 6251 1630 6251 1634 6251 1636 6252 1637 6252 1629 6252 1630 6310 1636 6310 1629 6310 1646 1172 1652 1172 1651 1172 1642 1562 1646 1562 1651 1562 1636 4882 1642 4882 1637 4882 1636 4425 1646 4425 1642 4425 1136 2087 1126 2087 1127 2087 1139 1845 1132 1845 1136 1845 1132 2779 1126 2779 1136 2779 2545 2507 2535 2507 1126 2507 1132 2426 2545 2426 1126 2426 359 898 350 898 351 898 359 195 355 195 350 195 343 1271 359 1271 351 1271 308 1730 343 1730 351 1730 355 1677 316 1677 350 1677 355 1743 322 1743 316 1743 312 2341 343 2341 308 2341 322 5021 285 5021 316 5021 322 5084 292 5084 285 5084 284 5704 312 5704 308 5704 273 5906 284 5906 308 5906 277 6363 273 6363 285 6363 292 6176 277 6176 285 6176 277 6334 284 6334 273 6334 5 79 0 79 3 79 5 86 7 86 0 86 19 1635 27 1635 23 1635 15 1473 19 1473 23 1473 11 1320 19 1320 15 1320 8 1202 11 1202 15 1202 0 1065 11 1065 8 1065 7 1064 11 1064 0 1064 23 1896 658 1896 655 1896 23 1893 27 1893 658 1893 26 1966 28 1966 474 1966 473 1964 26 1964 474 1964 351 2593 350 2593 655 2593 474 2642 351 2642 655 2642 350 2658 316 2658 655 2658 316 2604 285 2604 655 2604 285 2628 23 2628 655 2628 28 2635 308 2635 474 2635 308 2599 351 2599 474 2599 28 2612 273 2612 308 2612 21 2610 14 2610 273 2610 28 2654 21 2654 273 2654 14 2641 3 2641 273 2641 273 2645 23 2645 285 2645 0 2648 8 2648 273 2648 3 2626 0 2626 273 2626 8 2618 15 2618 273 2618 15 2643 23 2643 273 2643 26 1668 21 1668 28 1668 17 1434 14 1434 21 1434 26 1545 17 1545 21 1545 9 1160 3 1160 14 1160 17 1245 9 1245 14 1245 9 1085 5 1085 3 1085 355 4853 359 4853 658 4853 322 4813 355 4813 658 4813 359 4836 473 4836 658 4836 27 4820 292 4820 658 4820 292 4857 322 4857 658 4857 359 4863 343 4863 473 4863 343 4834 26 4834 473 4834 312 4796 26 4796 343 4796 284 4840 26 4840 312 4840 9 4799 17 4799 284 4799 17 4848 26 4848 284 4848 5 4845 9 4845 284 4845 7 4825 5 4825 284 4825 27 4827 277 4827 292 4827 27 4807 19 4807 284 4807 19 4850 11 4850 284 4850 11 4838 7 4838 284 4838 277 4847 27 4847 284 4847 658 4615 473 4615 481 4615 481 3720 786 3720 658 3720 786 3720 791 3720 658 3720 791 3720 813 3720 658 3720 813 3720 2535 3720 658 3720 2208 3720 2167 3720 2535 3720 2167 3720 1126 3720 2535 3720 2088 3720 2132 3720 2535 3720 2132 3720 2208 3720 2535 3720 1641 3720 2088 3720 2535 3720 813 3720 1184 3720 2535 3720 1184 3720 1638 3720 2535 3720 1638 3720 1641 3720 2535 3720 1636 3719 1630 3719 1184 3719 1630 3720 1638 3720 1184 3720 2066 3720 2088 3720 1641 3720 813 3720 1152 3720 1184 3720 1208 3720 1636 3720 1184 3720 1652 3720 2066 3720 1641 3720 818 3720 1152 3720 813 3720 1156 3720 1152 3720 818 3720 1201 3719 1636 3719 1208 3719 2104 3720 2066 3720 1652 3720 1646 3720 1636 3720 1201 3720 1646 3720 2104 3720 1652 3720 803 3720 1156 3720 818 3720 481 3720 1180 3720 1156 3720 803 3719 481 3719 1156 3719 1126 3720 1646 3720 1201 3720 481 3720 803 3720 786 3720 1126 3719 2104 3719 1646 3719 2104 3719 1126 3719 2167 3719 1180 3720 1126 3720 1201 3720 481 3719 1126 3719 1180 3719 658 3737 2535 3737 660 3737 2535 3744 2537 3744 660 3744 655 3253 658 3253 660 3253 474 2926 655 2926 660 2926 481 1631 473 1631 474 1631 1127 1949 481 1949 474 1949 1126 1950 481 1950 1127 1950 802 3713 785 3713 660 3713 785 3713 474 3713 660 3713 2537 3713 816 3713 660 3713 816 3713 802 3713 660 3713 2193 3713 2204 3713 2537 3713 2204 3713 2129 3713 2537 3713 1127 3713 2193 3713 2537 3713 2129 3713 1651 3713 2537 3713 1651 3713 1645 3713 2537 3713 1210 3713 1194 3713 2537 3713 1645 3713 1634 3713 2537 3713 1634 3713 1210 3713 2537 3713 1194 3713 1179 3713 2537 3713 1179 3713 816 3713 2537 3713 806 3714 815 3714 1179 3714 815 3713 816 3713 1179 3713 2081 3713 1651 3713 2129 3713 1155 3714 806 3714 1179 3714 1634 3713 1629 3713 1210 3713 2068 3713 1651 3713 2081 3713 1151 3713 806 3713 1155 3713 1642 3713 1651 3713 2068 3713 790 3713 474 3713 785 3713 1629 3713 1637 3713 1210 3713 1637 3713 1206 3713 1210 3713 2087 3713 1642 3713 2068 3713 474 3714 806 3714 1151 3714 1182 3713 474 3713 1151 3713 474 3714 1182 3714 1637 3714 1182 3713 1206 3713 1637 3713 474 3714 1642 3714 2087 3714 1127 3713 474 3713 2087 3713 1127 3713 2133 3713 2193 3713 806 3713 474 3713 790 3713 1642 3713 474 3713 1637 3713 2133 3714 1127 3714 2087 3714 1136 4655 1127 4655 2537 4655 2547 4648 1136 4648 2537 4648 1139 5436 1136 5436 2547 5436 2566 5404 1139 5404 2547 5404 2535 5567 2547 5567 2537 5567 2535 5009 2545 5009 2547 5009 2545 5606 2566 5606 2547 5606 2545 5711 2651 5711 2566 5711 2651 5705 2658 5705 2566 5705 2658 5619 1139 5619 2566 5619 2658 5623 1715 5623 1139 5623 1715 1739 1132 1739 1139 1739 1715 1741 1707 1741 1132 1741 1707 1835 2651 1835 2545 1835 1132 1838 1707 1838 2545 1838 1707 1610 2653 1610 2651 1610 1707 1585 1708 1585 2653 1585 1711 1315 2655 1315 2653 1315 1708 1330 1711 1330 2653 1330 1711 1142 2656 1142 2655 1142 1711 1110 1712 1110 2656 1110 1712 786 2641 786 2656 786 2641 437 2657 437 2656 437 2604 218 2612 218 2641 218 2595 981 2604 981 2641 981 2614 669 2597 669 2641 669 2609 196 2614 196 2641 196 1712 518 2595 518 2641 518 2597 896 2605 896 2641 896 2605 184 2615 184 2641 184 2615 513 2642 513 2641 513 2612 679 2602 679 2641 679 2602 272 2609 272 2641 272 2642 504 2657 504 2641 504 1712 689 2593 689 2595 689 2591 936 2602 936 2612 936 2610 209 2591 209 2612 209 1712 540 1944 540 2593 540 1944 384 2600 384 2593 384 1944 546 2543 546 2600 546 2543 307 2548 307 2600 307 2591 298 2610 298 2600 298 2548 604 2591 604 2600 604 1940 654 1942 654 1712 654 1942 712 1944 712 1712 712 2551 1044 2591 1044 2548 1044 2592 701 2598 701 2551 701 2598 894 2591 894 2551 894 2552 748 2592 748 2551 748 2592 192 2597 192 2614 192 2606 185 2592 185 2614 185 2592 838 2606 838 2598 838 2552 745 2599 745 2592 745 2608 243 2642 243 2615 243 2599 326 2642 326 2608 326 2552 421 2642 421 2599 421 2643 505 2657 505 2642 505 2552 600 2601 600 2642 600 2601 314 2607 314 2642 314 2607 790 2613 790 2642 790 2613 338 2643 338 2642 338 1712 460 1941 460 1940 460 1713 468 1941 468 1712 468 2550 205 2601 205 2552 205 1713 717 1943 717 1941 717 2594 344 2601 344 2550 344 2544 573 2594 573 2550 573 1713 533 1945 533 1943 533 1945 552 2594 552 2544 552 1713 545 2594 545 1945 545 2596 628 2594 628 1713 628 2643 568 2596 568 1713 568 2611 1011 2643 1011 2613 1011 2603 199 2643 199 2611 199 2643 789 2603 789 2596 789 2657 555 2643 555 1713 555 2654 1154 2657 1154 1713 1154 1710 1136 2654 1136 1713 1136 1709 1314 2654 1314 1710 1314 2652 1459 2654 1459 1709 1459 1706 1603 2652 1603 1709 1603 808 4469 792 4469 793 4469 811 2865 808 2865 793 2865 821 1439 808 1439 811 1439 792 6244 784 6244 793 6244 820 1056 821 1056 811 1056 792 6404 787 6404 784 6404 812 1057 821 1057 820 1057 787 6083 794 6083 784 6083 807 1475 812 1475 820 1475 787 5864 795 5864 794 5864 795 4505 807 4505 794 4505 795 2471 812 2471 807 2471 1185 5071 1161 5071 1193 5071 1207 1795 1185 1795 1193 1795 1185 5794 1154 5794 1161 5794 1214 1280 1207 1280 1193 1280 1211 833 1207 833 1214 833 1154 7361 1153 7361 1161 7361 1154 7342 1162 7342 1153 7342 1195 1306 1211 1306 1214 1306 1186 1518 1195 1518 1214 1518 1162 5760 1186 5760 1153 5760 1162 4618 1195 4618 1186 4618 1648 4531 1635 4531 1644 4531 1648 4404 1640 4404 1635 4404 1649 1310 1648 1310 1644 1310 1632 6311 1631 6311 1635 6311 1640 6250 1632 6250 1635 6250 1650 1158 1648 1158 1649 1158 1647 1157 1650 1157 1649 1157 1633 6248 1639 6248 1631 6248 1632 6350 1633 6350 1631 6350 1643 1332 1650 1332 1647 1332 1643 4402 1647 4402 1639 4402 1633 4969 1643 4969 1639 4969 2138 4301 2083 4301 2163 4301 2138 4698 2090 4698 2083 4698 2209 1446 2138 1446 2163 1446 2067 6304 2069 6304 2083 6304 2090 6325 2067 6325 2083 6325 2206 1091 2209 1091 2163 1091 2067 6240 2089 6240 2069 6240 2168 1113 2209 1113 2206 1113 2137 1471 2168 1471 2206 1471 2067 5981 2105 5981 2089 5981 2105 2267 2168 2267 2137 2267 2105 4694 2137 4694 2089 4694 274 6385 287 6385 278 6385 293 6093 274 6093 278 6093 274 6382 280 6382 287 6382 307 5839 274 5839 293 5839 280 5662 309 5662 287 5662 327 5022 307 5022 293 5022 309 5364 324 5364 287 5364 342 1914 307 1914 327 1914 358 1548 342 1548 327 1548 341 1706 356 1706 324 1706 309 1886 341 1886 324 1886 357 1200 342 1200 358 1200 341 1210 357 1210 356 1210 357 102 358 102 356 102 652 1895 659 1895 29 1895 25 1894 652 1894 29 1894 13 4851 278 4851 6 4851 278 4823 287 4823 6 4823 287 4826 4 4826 6 4826 20 4818 278 4818 13 4818 29 4812 278 4812 20 4812 293 4817 278 4817 29 4817 659 4830 293 4830 29 4830 287 4808 10 4808 4 4808 287 4815 18 4815 10 4815 287 4844 24 4844 18 4844 287 4804 31 4804 24 4804 287 4828 428 4828 31 4828 659 4801 327 4801 293 4801 324 4852 428 4852 287 4852 659 4802 358 4802 327 4802 356 4816 428 4816 324 4816 659 4819 428 4819 356 4819 358 4868 659 4868 356 4868 10 1054 1 1054 4 1054 12 1059 1 1059 10 1059 18 1308 12 1308 10 1308 24 1570 22 1570 18 1570 22 1396 12 1396 18 1396 31 1915 30 1915 24 1915 30 1777 22 1777 24 1777 4 84 2 84 6 84 1 85 2 85 4 85 2 1111 13 1111 6 1111 2 1159 16 1159 13 1159 16 1351 20 1351 13 1351 16 1552 25 1552 20 1552 25 1646 29 1646 20 1646 280 2611 274 2611 2 2611 1 2625 280 2625 2 2625 274 2623 16 2623 2 2623 274 2640 25 2640 16 2640 274 2634 652 2634 25 2634 12 2620 280 2620 1 2620 22 2651 280 2651 12 2651 30 2602 280 2602 22 2602 309 2664 280 2664 30 2664 421 2631 341 2631 30 2631 341 2644 309 2644 30 2644 307 2637 652 2637 274 2637 342 2656 652 2656 307 2656 357 2603 652 2603 342 2603 421 2598 357 2598 341 2598 421 2616 652 2616 357 2616 428 2764 30 2764 31 2764 428 2766 421 2766 30 2766 421 2806 657 2806 652 2806 657 2879 659 2879 652 2879 793 3713 784 3713 659 3713 784 3713 428 3713 659 3713 1635 3713 1631 3713 659 3713 2534 3713 1644 3713 659 3713 1644 3713 1635 3713 659 3713 811 3713 793 3713 659 3713 1631 3713 1193 3713 659 3713 1193 3713 811 3713 659 3713 2206 3713 2163 3713 2534 3713 2163 3713 2083 3713 2534 3713 1128 3713 2206 3713 2534 3713 2083 3713 1644 3713 2534 3713 807 3714 820 3714 1193 3714 820 3714 811 3714 1193 3714 2083 3713 2069 3713 1644 3713 1161 3713 807 3713 1193 3713 1631 3714 1214 3714 1193 3714 2069 3713 1649 3713 1644 3713 1153 3713 807 3713 1161 3713 1631 3713 1639 3713 1214 3713 2069 3713 2089 3713 1649 3713 2089 3713 1647 3713 1649 3713 794 3713 428 3713 784 3713 428 3713 807 3713 1153 3713 1639 3713 1186 3713 1214 3713 428 3714 1186 3714 1639 3714 1128 3713 428 3713 2089 3713 428 3713 1647 3713 2089 3713 1128 3713 2137 3713 2206 3713 1186 3714 428 3714 1153 3714 807 3713 428 3713 794 3713 1647 3713 428 3713 1639 3713 2137 3713 1128 3713 2089 3713 1128 2506 2534 2506 1131 2506 2534 2478 2546 2478 1131 2478 2546 1833 2652 1833 1706 1833 1131 1839 2546 1839 1706 1839 2546 5709 2659 5709 2652 5709 2546 5718 2567 5718 2659 5718 2657 5324 2664 5324 2666 5324 2654 5439 2664 5439 2657 5439 2662 5442 2664 5442 2654 5442 2661 5443 2662 5443 2654 5443 2652 5611 2661 5611 2654 5611 2659 5536 2661 5536 2652 5536 2657 5213 2666 5213 2656 5213 2666 5229 2665 5229 2656 5229 2651 5543 2660 5543 2658 5543 2651 5637 2653 5637 2660 5637 2653 5488 2663 5488 2660 5488 2653 5521 2655 5521 2663 5521 2655 5476 2656 5476 2663 5476 2656 5189 2665 5189 2663 5189 1717 5840 1715 5840 2658 5840 2660 5846 1717 5846 2658 5846 1718 6030 1717 6030 2660 6030 2663 6114 1718 6114 2660 6114 1720 6179 1718 6179 2663 6179 1722 6290 1720 6290 2663 6290 2665 6315 1722 6315 2663 6315 2644 6489 2587 6489 2665 6489 2587 6539 2406 6539 2665 6539 2406 6564 2272 6564 2665 6564 2272 6414 1722 6414 2665 6414 2034 6409 1722 6409 2272 6409 1717 1951 1707 1951 1715 1951 1708 1813 1707 1813 1717 1813 1718 1979 1708 1979 1717 1979 1711 1908 1708 1908 1718 1908 1720 2043 1711 2043 1718 2043 1712 1991 1711 1991 1720 1991 1722 2134 1712 2134 1720 2134 1722 2099 1724 2099 1712 2099 1724 2185 1725 2185 1712 2185 1726 2186 1712 2186 1725 2186 1727 2192 1712 2192 1726 2192 1727 2170 1713 2170 1712 2170 1723 2150 1713 2150 1727 2150 1723 2288 1721 2288 1713 2288 1721 2026 1710 2026 1713 2026 1721 2054 1719 2054 1710 2054 1719 1888 1709 1888 1710 1888 1719 1974 1716 1974 1709 1974 1716 1792 1706 1792 1709 1792 1716 1942 1714 1942 1706 1942 1144 1740 1131 1740 1706 1740 1714 1738 1144 1738 1706 1738 1144 1791 1137 1791 1131 1791 1137 2467 1128 2467 1131 2467 1137 1904 1129 1904 1128 1904 1129 3549 421 3549 428 3549 1128 3782 1129 3782 428 3782 421 3720 787 3720 657 3720 787 3719 792 3719 657 3719 792 3720 808 3720 657 3720 808 3741 2538 3741 657 3741 2138 3806 2209 3806 2538 3806 808 3739 821 3739 2538 3739 2209 3919 2168 3919 2538 3919 2168 3973 1129 3973 2538 3973 2090 3689 2138 3689 2538 3689 1648 3721 2090 3721 2538 3721 821 3708 1185 3708 2538 3708 1185 3723 1640 3723 2538 3723 1640 3703 1648 3703 2538 3703 1633 3720 1632 3720 1185 3720 1632 3720 1640 3720 1185 3720 2067 3720 2090 3720 1648 3720 1643 3720 1633 3720 1185 3720 821 3720 1154 3720 1185 3720 1207 3720 1643 3720 1185 3720 1211 3720 1643 3720 1207 3720 1650 3720 2067 3720 1648 3720 1162 3720 1154 3720 821 3720 2105 3720 2067 3720 1650 3720 812 3720 1162 3720 821 3720 1195 3720 1643 3720 1211 3720 1643 3720 2105 3720 1650 3720 812 3720 421 3720 1162 3720 421 3720 795 3720 787 3720 1129 3720 1643 3720 1195 3720 1129 3720 2105 3720 1643 3720 2105 3720 1129 3720 2168 3720 795 3720 421 3720 812 3720 421 3720 1195 3720 1162 3720 421 3720 1129 3720 1195 3720 657 3732 2538 3732 659 3732 2538 3742 2534 3742 659 3742 2549 5618 2567 5618 2546 5618 2534 4961 2538 4961 2546 4961 2538 5598 2549 5598 2546 5598 2567 5542 1137 5542 1144 5542 2549 5450 1137 5450 2567 5450 2538 4719 1129 4719 2549 4719 1129 4715 1137 4715 2549 4715 2659 5624 1144 5624 1714 5624 2567 5625 1144 5625 2659 5625 1997 7241 2239 7241 1723 7241 2239 6411 2279 6411 1723 6411 2664 6339 1721 6339 1723 6339 2666 6387 2664 6387 1723 6387 2279 7162 2666 7162 1723 7162 2664 6265 2662 6265 1721 6265 2662 6203 1719 6203 1721 6203 2662 6136 2661 6136 1719 6136 2661 5993 1716 5993 1719 5993 2661 5872 2659 5872 1716 5872 2659 5765 1714 5765 1716 5765 2561 7101 2666 7101 2279 7101 2582 6367 2666 6367 2561 6367 2590 6734 2666 6734 2582 6734 2650 6497 2666 6497 2590 6497 2645 7094 2644 7094 2665 7094 2666 7077 2645 7077 2665 7077 2645 6809 2638 6809 2644 6809 2638 6726 2626 6726 2644 6726 2626 6841 2587 6841 2644 6841 2621 7210 2617 7210 2587 7210 2626 6594 2621 6594 2587 6594 2617 6988 2585 6988 2587 6988 2585 6816 2465 6816 2587 6816 2465 6906 2406 6906 2587 6906 2465 7181 2449 7181 2406 7181 2449 6795 2287 6795 2406 6795 2287 6919 2272 6919 2406 6919 2265 6810 2148 6810 2272 6810 2148 6835 2034 6835 2272 6835 2645 6534 2634 6534 2638 6534 2625 6870 2585 6870 2617 6870 2645 7118 2625 7118 2634 7118 2645 6830 2585 6830 2625 6830 2148 6992 1972 6992 2034 6992 1724 6590 1722 6590 2034 6590 1972 6862 1724 6862 2034 6862 2554 6792 2465 6792 2585 6792 2276 6986 2265 6986 2272 6986 2287 7159 2276 7159 2272 7159 2148 6993 1994 6993 1972 6993 2580 6502 2579 6502 2585 6502 2579 6567 2571 6567 2585 6567 2571 7257 2554 7257 2585 7257 2571 7259 2562 7259 2554 7259 2562 7357 2555 7357 2554 7357 2556 6813 2465 6813 2554 6813 2277 7264 2278 7264 2287 7264 2278 6478 2276 6478 2287 6478 2278 6724 2273 6724 2276 6724 2273 7006 2265 7006 2276 7006 2265 6797 2259 6797 2148 6797 2259 7007 2264 7007 2148 7007 1977 7109 1978 7109 1994 7109 1978 7148 1972 7148 1994 7148 1966 6432 1724 6432 1972 6432 1966 6868 1960 6868 1724 6868 2563 7350 2556 7350 2555 7350 1965 6898 1724 6898 1960 6898 2277 7055 2271 7055 2278 7055 2570 7188 2556 7188 2563 7188 1994 7173 1971 7173 1977 7173 1971 6905 1724 6905 1965 6905 2575 6453 2556 6453 2570 6453 2277 7197 2264 7197 2271 7197 2646 6832 2585 6832 2645 6832 2666 6927 2646 6927 2645 6927 2646 6922 2580 6922 2585 6922 2575 6731 2465 6731 2556 6731 2287 7177 2264 7177 2277 7177 2231 6774 2148 6774 2264 6774 2287 7040 2231 7040 2264 7040 2231 6987 1994 6987 2148 6987 1724 565 1971 565 1994 565 2016 6880 1724 6880 1994 6880 2231 6859 2016 6859 1994 6859 2575 6812 2464 6812 2465 6812 2637 7029 2636 7029 2646 7029 2631 6821 2580 6821 2646 6821 2647 6670 2637 6670 2646 6670 2636 7123 2631 7123 2646 7123 2666 6930 2647 6930 2646 6930 2631 6702 2623 6702 2580 6702 2623 6873 2616 6873 2580 6873 2616 6739 2575 6739 2580 6739 2094 6890 2016 6890 2231 6890 2016 6901 1725 6901 1724 6901 2647 7215 2629 7215 2637 7215 2647 6788 2616 6788 2629 6788 2222 6888 2094 6888 2231 6888 2648 6781 2616 6781 2647 6781 2666 6928 2648 6928 2647 6928 2586 6972 2575 6972 2616 6972 2648 6847 2586 6847 2616 6847 2231 6571 2223 6571 2222 6571 2291 6970 2290 6970 2464 6970 2361 6831 2291 6831 2464 6831 2581 6777 2464 6777 2575 6777 2586 7024 2581 7024 2575 7024 2557 6920 2361 6920 2464 6920 2581 6706 2557 6706 2464 6706 2340 6869 2339 6869 2361 6869 2363 6654 2340 6654 2361 6654 2339 6698 2335 6698 2361 6698 2335 6840 2291 6840 2361 6840 2333 6949 2292 6949 2291 6949 2335 6960 2333 6960 2291 6960 2232 6515 2223 6515 2231 6515 2015 7108 1995 7108 2016 7108 1995 6878 1725 6878 2016 6878 2334 7008 2292 7008 2333 7008 2363 6636 2336 6636 2340 6636 2336 7027 2292 7027 2334 7027 2363 6732 2292 6732 2336 6732 2583 6864 2581 6864 2586 6864 2573 6683 2557 6683 2581 6683 2583 6438 2578 6438 2581 6438 2578 6492 2573 6492 2581 6492 2573 7160 2565 7160 2557 7160 2559 6891 2361 6891 2557 6891 2565 7324 2558 7324 2557 7324 2363 6766 2301 6766 2292 6766 2015 7079 1979 7079 1995 7079 1979 6549 1975 6549 1995 6549 1975 7113 1970 7113 1995 7113 1970 6867 1725 6867 1995 6867 1970 6794 1962 6794 1725 6794 1962 6945 1726 6945 1725 6945 2564 7331 2559 7331 2558 7331 1964 6801 1726 6801 1962 6801 2586 6548 2577 6548 2583 6548 2015 6431 1973 6431 1979 6431 2363 6715 2362 6715 2301 6715 2586 6556 2572 6556 2577 6556 2572 6623 2559 6623 2564 6623 1969 6750 1726 6750 1964 6750 2015 7301 1969 7301 1973 7301 2015 6866 1726 6866 1969 6866 2586 7053 2559 7053 2572 7053 2586 6951 2361 6951 2559 6951 2185 7137 2187 7137 2232 7137 2187 6737 2223 6737 2232 6737 2177 6559 2156 6559 2223 6559 2156 7064 2095 7064 2223 7064 2156 7230 2146 7230 2095 7230 2146 6748 2096 6748 2095 6748 2021 7042 1726 7042 2015 7042 2187 7247 2177 7247 2223 7247 2147 7275 2096 7275 2146 7275 2152 6651 2096 6651 2147 6651 2232 6617 2164 6617 2185 6617 2164 6725 2096 6725 2152 6725 2232 6741 2096 6741 2164 6741 2293 7191 2292 7191 2301 7191 2300 7152 2293 7152 2301 7152 2230 7066 2189 7066 2232 7066 2189 6606 2174 6606 2232 6606 2174 6826 2096 6826 2232 6826 2150 7060 2097 7060 2096 7060 2159 6503 2150 6503 2096 6503 2174 7260 2159 7260 2096 7260 2021 6876 1727 6876 1726 6876 2586 6825 2523 6825 2361 6825 2288 7193 2293 7193 2300 7193 2150 7046 2145 7046 2097 7046 2102 7019 2097 7019 2145 7019 2230 7075 2226 7075 2189 7075 2226 7116 2171 7116 2189 7116 2298 7233 2288 7233 2300 7233 2226 7172 2220 7172 2171 7172 2127 6815 2102 6815 2145 6815 2153 6713 2127 6713 2145 6713 2220 6562 2202 6562 2171 6562 2157 7097 2127 7097 2153 7097 2202 7182 2157 7182 2171 7182 2171 6631 2157 6631 2153 6631 2298 7218 2282 7218 2288 7218 2649 6848 2586 6848 2648 6848 2666 6930 2649 6930 2648 6930 2649 6818 2588 6818 2586 6818 2462 6640 2456 6640 2412 6640 2456 6730 2445 6730 2412 6730 2445 7184 2434 7184 2412 7184 2434 7135 2413 7135 2412 7135 2315 6652 2307 6652 2298 6652 2341 6872 2315 6872 2298 6872 2307 6770 2299 6770 2298 6770 2299 7051 2282 7051 2298 7051 2299 6572 2296 6572 2282 6572 2296 7114 2285 7114 2282 7114 2025 7078 2022 7078 2021 7078 2022 6915 1727 6915 2021 6915 2285 6977 2269 6977 2282 6977 2027 7220 2022 7220 2025 7220 2460 6471 2456 6471 2462 6471 2463 6420 2461 6420 2462 6420 2461 7329 2460 7329 2462 7329 2285 7203 2258 7203 2269 7203 2039 6665 2022 6665 2027 6665 2297 7273 2285 7273 2296 7273 2341 7071 2312 7071 2315 7071 2341 6538 2302 6538 2312 6538 2302 6565 2285 6565 2297 6565 2341 6740 2285 6740 2302 6740 2045 7153 2022 7153 2039 7153 2448 7194 2413 7194 2434 7194 2463 7035 2457 7035 2461 7035 2457 6554 2413 6554 2448 6554 2463 6985 2413 6985 2457 6985 2633 6628 2640 6628 2649 6628 2640 6853 2630 6853 2649 6853 2630 6808 2588 6808 2649 6808 2666 6784 2633 6784 2649 6784 2630 6767 2620 6767 2588 6767 2620 7085 2619 7085 2588 7085 2619 6944 2589 6944 2588 6944 2589 7032 2586 7032 2588 7032 2560 6668 2523 6668 2586 6668 2523 7052 2463 7052 2462 7052 2285 6800 2250 6800 2258 6800 2285 7045 2244 7045 2250 7045 2047 6613 2022 6613 2045 6613 2627 6955 2589 6955 2619 6955 2633 6664 2589 6664 2627 6664 2285 6908 2238 6908 2244 6908 2070 7093 2022 7093 2047 7093 2285 6802 2262 6802 2238 6802 2262 7130 2227 7130 2238 7130 2100 6753 2022 6753 2070 6753 2560 7141 2463 7141 2523 7141 2262 6630 2207 6630 2227 6630 2136 7059 2022 7059 2100 7059 2262 7073 2136 7073 2207 7073 2262 6863 2022 6863 2136 6863 2639 6851 2589 6851 2633 6851 2666 6940 2639 6940 2633 6940 2576 6799 2560 6799 2586 6799 2589 6941 2576 6941 2586 6941 2560 6933 2413 6933 2463 6933 2413 6785 2285 6785 2341 6785 2589 6729 2584 6729 2576 6729 2569 7139 2553 7139 2560 7139 2576 6639 2569 6639 2560 6639 2553 6921 2413 6921 2560 6921 2275 6460 2274 6460 2285 6460 2274 6896 2268 6896 2285 6896 2268 7292 2262 7292 2285 7292 2260 6827 2022 6827 2262 6827 1976 7163 1968 7163 2022 7163 1968 6874 1727 6874 2022 6874 1968 6749 1961 6749 1727 6749 2022 6635 1980 6635 1976 6635 2650 6936 2639 6936 2666 6936 2632 6536 2589 6536 2639 6536 2590 7022 2582 7022 2589 7022 2624 6722 2618 6722 2589 6722 2618 6998 2590 6998 2589 6998 2632 6693 2624 6693 2589 6693 2582 7031 2584 7031 2589 7031 2561 6858 2279 6858 2553 6858 2279 6913 2413 6913 2553 6913 2279 6796 2285 6796 2413 6796 2279 7111 2275 7111 2285 7111 1997 6822 2022 6822 2260 6822 2239 6807 1997 6807 2260 6807 2261 7267 2239 7267 2260 7267 1974 7317 1980 7317 2022 7317 1997 6705 1974 6705 2022 6705 1723 6938 1727 6938 1961 6938 1963 6746 1723 6746 1961 6746 2582 6707 2561 6707 2553 6707 2582 6442 2574 6442 2584 6442 2568 7234 2582 7234 2553 7234 2279 7246 2270 7246 2275 7246 1997 6912 1723 6912 1963 6912 1967 6450 1997 6450 1963 6450 2279 7026 2239 7026 2261 7026 1997 7299 1967 7299 1974 7299 2574 7147 2582 7147 2568 7147 2270 6577 2279 6577 2261 6577 2650 6472 2635 6472 2639 6472 2622 6744 2590 6744 2618 6744 2650 7199 2628 7199 2635 7199 2628 6937 2590 6937 2622 6937 2650 6824 2590 6824 2628 6824 2268 4254 2205 4254 2188 4254 2262 4455 2268 4455 2188 4455 2274 2726 2205 2726 2268 2726 2274 2590 2219 2590 2205 2590 2170 5013 2262 5013 2188 5013 2260 5052 2262 5052 2170 5052 2275 2100 2219 2100 2274 2100 2172 5352 2260 5352 2170 5352 2275 2383 2216 2383 2219 2383 2261 5091 2260 5091 2172 5091 2184 5072 2261 5072 2172 5072 2270 2454 2216 2454 2275 2454 2270 2888 2200 2888 2216 2888 2200 4460 2261 4460 2184 4460 2270 4336 2261 4336 2200 4336 2205 7138 2192 7138 2188 7138 2215 7069 2192 7069 2205 7069 2219 6593 2215 6593 2205 6593 2192 7121 2170 7121 2188 7121 2172 6603 2170 6603 2192 6603 2216 6657 2215 6657 2219 6657 2216 6508 2203 6508 2215 6508 2216 6456 2200 6456 2203 6456 2203 7254 2200 7254 2184 7254 2215 2053 2128 2053 2192 2053 2118 5430 2192 5430 2128 5430 2215 4299 2143 4299 2128 4299 2172 4388 2192 4388 2118 4388 2122 5350 2184 5350 2118 5350 2184 5860 2172 5860 2118 5860 2203 1854 2143 1854 2215 1854 2203 2817 2130 2817 2143 2817 2130 4321 2203 4321 2122 4321 2203 5105 2184 5105 2122 5105 2346 3955 2161 3955 2182 3955 2346 3959 1702 3959 2161 3959 1800 4014 1702 4014 2346 4014 1800 3839 1700 3839 1702 3839 2161 1071 2183 1071 2182 1071 2162 972 2183 972 2161 972 2183 5267 2346 5267 2182 5267 2183 5266 2345 5266 2346 5266 2345 5312 2367 5312 2346 5312 2345 5297 2386 5297 2367 5297 2345 5246 2360 5246 2386 5246 2360 5285 2393 5285 2386 5285 2374 5289 2404 5289 2393 5289 2360 5318 2374 5318 2393 5318 2374 5245 2409 5245 2404 5245 2374 5257 2377 5257 2409 5257 2380 5243 2411 5243 2377 5243 2411 5275 2409 5275 2377 5275 1894 510 2284 510 2377 510 2284 424 2380 424 2377 424 1981 498 1989 498 1894 498 2128 825 2280 825 1894 825 2280 658 2284 658 1894 658 2118 396 2128 396 1894 396 1989 564 2118 564 1894 564 1895 558 1981 558 1894 558 2130 667 2122 667 1989 667 2122 649 2118 649 1989 649 2295 803 2380 803 2284 803 2143 494 2280 494 2128 494 1993 570 2130 570 1989 570 2380 456 2130 456 1993 456 2143 490 2286 490 2280 490 1895 372 1988 372 1981 372 2286 629 2380 629 2295 629 2130 630 2286 630 2143 630 1988 508 2380 508 1993 508 1895 517 2380 517 1988 517 2130 618 2380 618 2286 618 2444 4179 2544 4179 2458 4179 2417 4005 2544 4005 2444 4005 2385 3720 2417 3720 2444 3720 2411 4023 1945 4023 2544 4023 2417 4026 2411 4026 2544 4026 1895 3720 2411 3720 2380 3720 1895 3720 1935 3720 2411 3720 1935 3977 1945 3977 2411 3977 1929 3975 1945 3975 1935 3975 1945 3604 1929 3604 1882 3604 1745 3273 1945 3273 1882 3273 2488 5154 2550 5154 2552 5154 2475 5094 2550 5094 2488 5094 2458 4704 2550 4704 2475 4704 2458 4708 2544 4708 2550 4708 2489 5304 2552 5304 2551 5304 2488 5278 2552 5278 2489 5278 2459 4436 2543 4436 2454 4436 2459 4667 2548 4667 2543 4667 2489 4886 2548 4886 2459 4886 2551 5192 2548 5192 2489 5192 2414 3847 2382 3847 2454 3847 2543 3827 2414 3827 2454 3827 2410 3979 2414 3979 2543 3979 1934 3976 2410 3976 2543 3976 1944 4021 1934 4021 2543 4021 1934 3713 1893 3713 2378 3713 2410 3713 1934 3713 2378 3713 1944 4024 1926 4024 1934 4024 1944 3568 1881 3568 1926 3568 1944 3407 1747 3407 1881 3407 1944 2915 1740 2915 1747 2915 1942 2889 1740 2889 1944 2889 1942 2390 1735 2390 1740 2390 1940 2430 1735 2430 1942 2430 1809 764 1883 764 1881 764 1776 842 1785 842 1881 842 1747 345 1764 345 1881 345 1764 229 1776 229 1881 229 1785 337 1809 337 1881 337 1740 911 1764 911 1747 911 1735 826 1764 826 1740 826 1733 882 1752 882 1735 882 1752 753 1764 753 1735 753 1801 304 1809 304 1785 304 1759 506 1801 506 1785 506 1733 215 1765 215 1752 215 1765 777 1759 777 1785 777 1733 830 1759 830 1765 830 1759 271 1816 271 1801 271 1759 328 1777 328 1816 328 1777 1026 1781 1026 1816 1026 1781 212 1756 212 1816 212 1756 949 1768 949 1816 949 1768 857 1784 857 1816 857 1784 250 1814 250 1816 250 1733 804 1760 804 1759 804 1733 435 1756 435 1781 435 1733 784 1781 784 1760 784 1733 954 1761 954 1756 954 1775 845 1814 845 1784 845 1733 863 1775 863 1761 863 1733 591 1814 591 1775 591 1733 592 1753 592 1814 592 1753 1009 1766 1009 1814 1009 1766 322 1787 322 1814 322 1802 127 1822 127 1814 127 1787 260 1767 260 1814 260 1767 290 1802 290 1814 290 1734 434 1753 434 1733 434 1734 1036 1763 1036 1753 1036 1774 899 1767 899 1787 899 1734 503 1754 503 1763 503 1754 938 1767 938 1763 938 1767 246 1774 246 1763 246 1767 265 1807 265 1802 265 1767 622 1788 622 1807 622 1807 891 1882 891 1885 891 1788 279 1882 279 1807 279 1734 880 1762 880 1754 880 1734 840 1738 840 1762 840 1769 810 1882 810 1788 810 1738 690 1745 690 1762 690 1745 283 1769 283 1762 283 1745 426 1882 426 1769 426 1801 5565 1901 5565 1809 5565 1906 4355 1901 4355 1801 4355 1816 5398 1906 5398 1801 5398 1771 3714 1690 3714 1696 3714 1793 3713 1771 3713 1696 3713 1791 3714 1771 3714 1793 3714 1852 3714 1791 3714 1793 3714 1897 3713 1791 3713 1852 3713 1818 3714 1791 3714 1897 3714 1910 3714 1818 3714 1897 3714 1913 3713 1818 3713 1910 3713 1816 3201 1818 3201 1913 3201 1906 3145 1816 3145 1913 3145 1797 5719 1852 5719 1793 5719 1797 5810 1869 5810 1852 5810 1869 6032 1897 6032 1852 6032 1869 6117 1898 6117 1897 6117 1908 6281 1910 6281 1897 6281 1898 6284 1908 6284 1897 6284 1914 7409 1913 7409 1910 7409 1908 7399 1914 7399 1910 7399 1909 7360 1906 7360 1913 7360 1914 7396 1909 7396 1913 7396 1914 7358 1904 7358 1909 7358 1694 5284 1793 5284 1696 5284 1694 5287 1797 5287 1793 5287 1695 5286 1797 5286 1694 5286 1697 5288 1797 5288 1695 5288 1693 3720 1797 3720 1697 3720 1770 3720 1797 3720 1693 3720 1790 3720 1869 3720 1797 3720 1770 3720 1790 3720 1797 3720 1790 3720 1898 3720 1869 3720 1811 3720 1908 3720 1898 3720 1790 3720 1811 3720 1898 3720 1811 3720 1914 3720 1908 3720 1822 3187 1914 3187 1811 3187 1904 3160 1914 3160 1822 3160 1791 1723 1790 1723 1771 1723 1790 1775 1770 1775 1771 1775 1818 1286 1811 1286 1791 1286 1811 1336 1790 1336 1791 1336 1822 71 1811 71 1818 71 1816 13 1822 13 1818 13 1814 105 1822 105 1816 105 1771 2208 1691 2208 1690 2208 1692 2207 1691 2207 1771 2207 1770 2206 1692 2206 1771 2206 1770 2205 1693 2205 1692 2205 1693 1072 1697 1072 1695 1072 1692 67 1693 67 1695 67 1657 3188 1663 3188 1676 3188 1663 4295 1687 4295 1676 4295 1663 3720 1668 3720 1687 3720 1668 3720 1695 3720 1687 3720 1668 3720 1677 3720 1695 3720 1677 3720 1692 3720 1695 3720 1659 1084 1657 1084 1655 1084 1663 1170 1657 1170 1659 1170 1667 1309 1663 1309 1659 1309 1668 1338 1663 1338 1667 1338 1674 1606 1668 1606 1667 1606 1677 1643 1668 1643 1674 1643 1691 1929 1677 1929 1674 1929 1692 1959 1677 1959 1691 1959 1657 39 1654 39 1655 39 1657 56 1653 56 1654 56 1653 108 1656 108 1654 108 1653 112 1658 112 1656 112 1919 620 1920 620 2076 620 1907 693 1919 693 2076 693 1920 340 1911 340 2076 340 1911 861 1867 861 2076 861 1661 584 1907 584 2076 584 1665 524 1731 524 1661 524 1731 425 1907 425 1661 425 1867 320 2075 320 2076 320 1729 469 1731 469 1665 469 1728 597 1729 597 1665 597 1656 479 1728 479 1665 479 2075 1045 2079 1045 2082 1045 1867 644 1872 644 2075 644 1872 465 2079 465 2075 465 1654 142 1656 142 1665 142 1656 758 1730 758 1728 758 1835 771 1867 771 1911 771 1656 422 1732 422 1730 422 1778 598 1835 598 1911 598 1750 207 1758 207 1778 207 1730 312 1739 312 1778 312 1739 681 1750 681 1778 681 1796 944 1805 944 1778 944 1758 379 1779 379 1778 379 1779 856 1796 856 1778 856 1805 675 1835 675 1778 675 1732 705 1739 705 1730 705 1751 198 1779 198 1758 198 1779 919 1808 919 1796 919 1656 497 1741 497 1732 497 1779 588 2079 588 1872 588 1843 895 1779 895 1872 895 1779 766 1843 766 1808 766 1656 438 1779 438 1741 438 1741 792 1779 792 1751 792 1868 477 1884 477 2079 477 1779 589 1841 589 2079 589 1841 572 1868 572 2079 572 1884 454 2078 454 2079 454 1798 917 1804 917 1779 917 1804 868 1841 868 1779 868 1780 823 1798 823 1779 823 1744 395 1755 395 1779 395 1656 447 1744 447 1779 447 1755 152 1757 152 1779 152 1757 256 1780 256 1779 256 1658 507 1737 507 1656 507 1737 419 1736 419 1656 419 1736 666 1744 666 1656 666 1860 828 2078 828 1884 828 1658 472 1780 472 1757 472 2073 220 2078 220 1860 220 1780 692 1831 692 1798 692 1746 178 1658 178 1757 178 1780 650 2073 650 1860 650 1831 931 1780 931 1860 931 1658 805 1746 805 1737 805 1664 444 1780 444 1658 444 1660 885 1780 885 1664 885 2073 4593 2077 4593 2110 4593 2086 2728 2120 2728 2110 2728 2077 4530 2086 4530 2110 4530 2073 5472 2108 5472 2078 5472 2114 2102 2078 2102 2108 2102 2103 4527 2108 4527 2073 4527 2073 5144 2110 5144 2103 5144 2114 2109 2084 2109 2078 2109 2125 1876 2084 1876 2114 1876 2125 1889 2099 1889 2084 1889 2178 4439 2149 4439 2179 4439 2178 4674 2144 4674 2149 4674 2144 5661 2126 5661 2149 5661 2144 5792 2125 5792 2126 5792 2125 6144 2114 6144 2126 6144 2114 6161 2113 6161 2126 6161 2114 6452 2112 6452 2113 6452 2113 1811 2093 1811 2126 1811 2113 2508 2082 2508 2093 2508 2106 4584 2109 4584 2076 4584 2075 5531 2106 5531 2076 5531 2113 2979 2075 2979 2082 2979 2106 2736 2075 2736 2113 2736 2080 3073 2119 3073 2091 3073 2080 2995 2109 2995 2119 2995 2076 4573 2109 4573 2080 4573 2134 5309 2160 5309 2158 5309 2123 5330 2134 5330 2158 5330 2101 5231 2134 5231 2123 5231 2119 5167 2134 5167 2101 5167 2091 5363 2119 5363 2101 5363 2158 1194 2181 1194 2180 1194 2160 1122 2181 1122 2158 1122 2342 3558 2158 3558 2180 3558 2342 3555 1799 3555 2158 3555 1799 3489 1704 3489 2158 3489 1799 3942 1698 3942 1704 3942 1698 41 1705 41 1704 41 1699 45 1705 45 1698 45 2160 3952 2347 3952 2181 3952 1705 3957 2347 3957 2160 3957 1705 4040 1806 4040 2347 4040 1699 4046 1806 4046 1705 4046 2379 5254 2407 5254 2378 5254 2407 5244 2410 5244 2378 5244 2373 5279 2407 5279 2379 5279 2401 5306 2407 5306 2373 5306 2389 5316 2401 5316 2373 5316 2358 5222 2389 5222 2373 5222 2372 5224 2389 5224 2358 5224 2342 5294 2347 5294 2358 5294 2347 5321 2372 5321 2358 5321 2181 5271 2342 5271 2180 5271 2181 5263 2347 5263 2342 5263 1892 1115 2373 1115 2379 1115 1859 1227 2373 1227 1892 1227 1859 1519 2358 1519 2373 1519 1799 1779 2358 1779 1859 1779 1799 2118 2342 2118 2358 2118 1934 2229 1892 2229 1893 2229 1933 2231 1892 2231 1934 2231 1925 2234 1892 2234 1933 2234 1925 2162 1859 2162 1892 2162 1925 2164 1916 2164 1859 2164 1916 2238 1896 2238 1859 2238 1896 2202 1799 2202 1859 2202 1896 2158 1806 2158 1799 2158 1799 2212 1806 2212 1698 2212 1806 2210 1699 2210 1698 2210 2407 6520 1933 6520 2241 6520 2407 6349 1925 6349 1933 6349 2401 6267 1925 6267 2407 6267 2401 6138 1916 6138 1925 6138 2389 6043 1916 6043 2401 6043 2389 5851 1896 5851 1916 5851 2372 5745 1896 5745 2389 5745 2372 5483 1806 5483 1896 5483 2347 5160 1806 5160 2372 5160 2407 1066 2415 1066 2414 1066 2410 935 2407 935 2414 935 1926 762 1933 762 1934 762 1927 134 1933 134 1926 134 2241 439 2415 439 2407 439 2249 177 2251 177 2241 177 2251 470 2441 470 2241 470 2246 929 2249 929 2241 929 2441 706 2415 706 2241 706 1933 652 1927 652 2241 652 1927 489 2242 489 2241 489 2242 785 2246 785 2241 785 2415 280 2441 280 2451 280 2030 883 2035 883 1927 883 1901 818 1906 818 1927 818 1906 819 2030 819 1927 819 2035 953 2041 953 1927 953 2041 398 2242 398 1927 398 2441 1017 2455 1017 2451 1017 2254 453 2450 453 2441 453 2251 907 2254 907 2441 907 1909 529 2030 529 1906 529 2242 403 2247 403 2246 403 2252 332 2450 332 2254 332 2242 473 2450 473 2252 473 2242 367 2252 367 2247 367 2043 955 2242 955 2041 955 1909 746 2029 746 2030 746 2044 409 2242 409 2043 409 2038 988 2044 988 2043 988 2037 233 2038 233 2043 233 1909 296 2032 296 2029 296 1909 445 2028 445 2032 445 2028 1005 2033 1005 2032 1005 2033 908 2037 908 2032 908 2033 270 2038 270 2037 270 2040 638 2242 638 2044 638 1909 683 2031 683 2028 683 2036 614 2242 614 2040 614 1909 836 2036 836 2031 836 1909 531 2242 531 2036 531 2330 502 2453 502 2450 502 2242 475 2328 475 2450 475 2328 208 2330 208 2450 208 2327 687 2326 687 2242 687 2326 750 2328 750 2242 750 1909 532 2229 532 2242 532 2229 913 2234 913 2242 913 2243 585 2327 585 2242 585 2236 329 2243 329 2242 329 2234 713 2237 713 2242 713 2237 875 2236 875 2242 875 2224 406 2229 406 1909 406 1904 537 2225 537 1909 537 2225 605 2224 605 1909 605 1904 791 2228 791 2225 791 2416 294 2453 294 2330 294 2233 985 2243 985 2236 985 2332 139 2416 139 2330 139 1904 543 2243 543 2228 543 2243 216 2233 216 2228 216 2331 244 2416 244 2332 244 2409 843 2416 843 2331 843 2329 814 2409 814 2331 814 2243 835 2329 835 2327 835 2243 534 2409 534 2329 534 2416 284 2452 284 2453 284 1928 443 2243 443 1904 443 1903 799 1928 799 1904 799 1929 125 1932 125 1928 125 1932 668 2243 668 1928 668 2409 1008 2417 1008 2416 1008 2411 934 2417 934 2409 934 1929 763 1935 763 1932 763 2367 5086 1800 5086 2346 5086 2367 5351 1873 5351 1800 5351 2386 5613 1873 5613 2367 5613 2386 5803 1912 5803 1873 5803 2393 5917 1912 5917 2386 5917 2404 6115 1912 6115 2393 6115 2404 6109 1924 6109 1912 6109 2409 6320 1924 6320 2404 6320 2409 6333 1932 6333 1924 6333 2243 6776 1932 6776 2409 6776 1792 2209 1701 2209 1700 2209 1800 2211 1792 2211 1700 2211 1839 2245 1792 2245 1800 2245 1873 2246 1839 2246 1800 2246 1912 2159 1839 2159 1873 2159 1886 2178 1839 2178 1912 2178 1924 2184 1886 2184 1912 2184 1932 2242 1894 2242 1924 2242 1894 2188 1886 2188 1924 2188 1932 2233 1895 2233 1894 2233 1935 2230 1895 2230 1932 2230 1839 2059 2345 2059 1792 2059 1839 1935 2360 1935 2345 1935 1839 1429 2374 1429 2360 1429 1886 1428 2374 1428 1839 1428 1886 1125 2377 1125 2374 1125 1894 1100 2377 1100 1886 1100 2162 3517 2345 3517 2183 3517 1792 3510 2345 3510 2162 3510 1703 3908 1792 3908 2162 3908 1701 3475 1792 3475 1703 3475 1700 22 1703 22 1702 22 1701 29 1703 29 1700 29 1688 2113 1670 2113 1679 2113 1670 2359 1666 2359 1679 2359 1684 2156 1670 2156 1688 2156 1702 2268 1684 2268 1688 2268 1703 2282 1684 2282 1702 2282 2110 6416 1678 6416 1866 6416 1679 6256 1678 6256 2110 6256 2120 6235 1679 6235 2110 6235 2135 5957 1688 5957 2120 5957 1688 6012 1679 6012 2120 6012 1702 5559 1688 5559 2135 5559 2161 5142 1702 5142 2135 5142 2109 6643 2106 6643 1863 6643 2106 6907 1937 6907 1863 6907 1937 6735 1748 6735 1863 6735 1748 7005 1683 7005 1863 7005 1939 6983 1937 6983 2106 6983 1748 6946 1742 6946 1683 6946 1742 6926 1680 6926 1683 6926 1938 6895 1939 6895 2106 6895 1742 6984 1743 6984 1680 6984 1930 6757 1938 6757 2106 6757 1680 6505 1675 6505 1672 6505 2112 6939 1930 6939 2113 6939 1930 6504 2106 6504 2113 6504 1743 6997 1675 6997 1680 6997 1749 6648 1675 6648 1743 6648 1930 6482 1936 6482 1938 6482 1772 7021 1675 7021 1749 7021 1782 7158 1772 7158 1749 7158 1918 6882 1864 6882 1936 6882 1930 7061 1918 7061 1936 7061 1918 6632 1899 6632 1864 6632 1832 7227 1795 7227 1864 7227 1899 6592 1865 6592 1864 6592 1865 7124 1832 7124 1864 7124 1795 7134 1749 7134 1864 7134 1795 6587 1782 6587 1749 6587 1902 6512 1865 6512 1899 6512 2112 6900 1923 6900 1930 6900 1865 7231 1810 7231 1832 7231 1789 6989 1675 6989 1772 6989 1917 6699 1865 6699 1902 6699 2112 6850 1917 6850 1923 6850 1865 7014 1675 7014 1789 7014 1865 6669 1789 6669 1810 6669 2112 6838 1865 6838 1917 6838 2114 6947 1931 6947 2112 6947 1931 7009 1922 7009 2112 7009 1922 6834 1865 6834 2112 6834 1866 7263 1830 7263 1865 7263 1830 6494 1828 6494 1865 6494 1828 7190 1794 7190 1865 7190 1794 7011 1675 7011 1865 7011 1922 6455 1915 6455 1865 6455 1915 7062 1900 7062 1865 7062 1900 6524 1866 6524 1865 6524 1685 7288 1671 7288 1675 7288 1794 6760 1783 6760 1675 6760 1773 6973 1685 6973 1675 6973 1783 7017 1773 7017 1675 7017 1905 7126 1866 7126 1900 7126 2114 7115 1921 7115 1931 7115 1786 7167 1685 7167 1773 7167 1685 6469 1803 6469 1830 6469 1866 6963 1685 6963 1830 6963 2114 7300 2108 7300 1921 7300 2108 7086 2103 7086 1921 7086 2103 6798 1866 6798 1921 6798 1803 6514 1685 6514 1786 6514 1866 6550 1905 6550 1921 6550 1866 6893 1678 6893 1685 6893 2110 6537 1866 6537 2103 6537 1676 6270 1682 6270 1673 6270 1676 6140 1687 6140 1682 6140 1687 5876 1694 5876 1682 5876 1687 5793 1695 5793 1694 5793 1671 7376 1676 7376 1673 7376 1672 7442 1671 7442 1673 7442 1675 6407 1671 6407 1672 6407 1653 4429 1671 4429 1658 4429 1657 2807 1676 2807 1671 2807 1653 4430 1657 4430 1671 4430 1671 2375 1685 2375 1658 2375 1685 4219 1664 4219 1658 4219 1685 1977 1660 1977 1664 1977 1678 1952 1660 1952 1685 1952 1666 1940 1660 1940 1678 1940 1679 1678 1666 1678 1678 1678 2077 1003 2073 1003 1780 1003 1660 1042 2077 1042 1780 1042 2086 1192 2077 1192 1660 1192 1666 1199 2086 1199 1660 1199 1666 1362 2098 1362 2086 1362 1666 1426 1670 1426 2098 1426 1670 1616 2111 1616 2098 1616 1670 1714 1684 1714 2111 1714 1684 1934 2140 1934 2111 1934 1684 2395 1703 2395 2140 2395 1703 2913 2162 2913 2140 2913 2098 5345 2135 5345 2120 5345 2086 4926 2098 4926 2120 4926 2098 5252 2111 5252 2135 5252 2111 5329 2140 5329 2135 5329 2140 5303 2161 5303 2135 5303 2140 5217 2162 5217 2161 5217 4829 5879 4826 5879 4816 5879 4836 5998 4826 5998 4829 5998 4830 5999 4826 5999 4836 5999 4830 5880 4817 5880 4826 5880 4826 3718 4817 3718 4816 3718 4947 3718 4818 3718 4945 3718 4954 3718 4818 3718 4947 3718 4949 3718 4954 3718 4947 3718 4951 3718 4954 3718 4949 3718 4956 3718 4954 3718 4951 3718 4962 3718 4954 3718 4956 3718 4972 3718 4954 3718 4962 3718 4975 3718 4954 3718 4972 3718 4969 3717 4954 3717 4975 3717 4960 3718 4954 3718 4969 3718 4819 3717 4818 3717 4954 3717 4938 1630 4932 1630 4936 1630 4932 1593 4931 1593 4936 1593 4940 1609 4932 1609 4938 1609 4932 1626 4922 1626 4931 1626 4943 1605 4932 1605 4940 1605 4932 1569 4918 1569 4922 1569 4932 1649 4916 1649 4918 1649 4945 1608 4932 1608 4943 1608 4818 1622 4932 1622 4945 1622 4932 1628 4914 1628 4916 1628 4932 1582 4912 1582 4914 1582 4932 1618 4909 1618 4912 1618 4932 1634 4908 1634 4909 1634 4846 1623 4903 1623 4932 1623 4818 1534 4846 1534 4932 1534 4903 1612 4904 1612 4932 1612 4904 1625 4908 1625 4932 1625 4903 1300 4846 1300 4902 1300 4931 2802 4930 2802 4935 2802 4936 2801 4931 2801 4935 2801 4937 4409 4936 4409 4935 4409 4937 4408 4938 4408 4936 4408 4939 4987 4938 4987 4937 4987 4939 4986 4940 4986 4938 4986 4922 2108 4921 2108 4930 2108 4931 2108 4922 2108 4930 2108 4942 5558 4940 5558 4939 5558 4942 5557 4943 5557 4940 5557 4918 1823 4915 1823 4921 1823 4922 1843 4918 1843 4921 1843 4916 1812 4915 1812 4918 1812 4946 5701 4943 5701 4942 5701 4947 5749 4945 5749 4943 5749 4946 5701 4947 5701 4943 5701 4914 1637 4911 1637 4915 1637 4916 1690 4914 1690 4915 1690 4912 1547 4911 1547 4914 1547 4948 5926 4947 5926 4946 5926 4948 5925 4949 5925 4947 5925 4909 1479 4907 1479 4911 1479 4912 1511 4909 1511 4911 1511 4950 6046 4949 6046 4948 6046 4908 1448 4907 1448 4909 1448 4950 6047 4951 6047 4949 6047 4904 1304 4902 1304 4907 1304 4908 1367 4904 1367 4907 1367 4903 1231 4902 1231 4904 1231 4952 6191 4951 6191 4950 6191 4952 6206 4956 6206 4951 6206 4955 6215 4956 6215 4952 6215 4958 6238 4956 6238 4955 6238 4958 6338 4962 6338 4956 6338 4961 7312 4962 7312 4958 7312 4967 7319 4962 7319 4961 7319 4967 7325 4972 7325 4962 7325 4971 7328 4972 7328 4967 7328 4973 7457 4972 7457 4971 7457 4973 7457 4975 7457 4972 7457 4974 7456 4975 7456 4973 7456 4976 7456 4975 7456 4974 7456 4976 7405 4969 7405 4975 7405 4968 7327 4969 7327 4976 7327 4963 7320 4969 7320 4968 7320 4963 7315 4960 7315 4969 7315 4959 7304 4960 7304 4963 7304 4957 6237 4960 6237 4959 6237 4957 6269 4954 6269 4960 6269 4953 6309 4954 6309 4957 6309 4876 6156 4954 6156 4953 6156 4876 6135 4819 6135 4954 6135 5147 7410 5144 7410 5143 7410 5147 7432 5149 7432 5144 7432 5148 7457 5149 7457 5147 7457 5150 7457 5149 7457 5148 7457 5150 7431 5146 7431 5149 7431 5145 7411 5146 7411 5150 7411 5084 110 5086 110 5083 110 5085 87 5086 87 5084 87 5142 7327 5146 7327 5145 7327 5142 7321 5141 7321 5146 7321 5140 7316 5141 7316 5142 7316 5085 1112 5087 1112 5086 1112 5088 1082 5087 1082 5085 1082 5139 6239 5141 6239 5140 6239 5139 6275 5138 6275 5141 6275 5088 1133 5089 1133 5087 1133 5090 1186 5089 1186 5088 1186 5137 6319 5138 6319 5139 6319 5090 1223 5091 1223 5089 1223 5135 6127 5138 6127 5137 6127 5135 6127 5136 6127 5138 6127 5092 1334 5091 1334 5090 1334 5093 1290 5092 1290 5090 1290 5093 1414 5096 1414 5092 1414 5094 1284 5096 1284 5093 1284 5095 1427 5096 1427 5094 1427 5131 6023 5136 6023 5135 6023 5131 6022 5132 6022 5136 6022 5104 1577 5096 1577 5095 1577 5103 1556 5104 1556 5095 1556 5127 5844 5132 5844 5131 5844 5127 5845 5128 5845 5132 5845 5103 1720 5106 1720 5104 1720 5107 1725 5106 1725 5103 1725 5123 5659 5128 5659 5127 5659 5123 5659 5124 5659 5128 5659 5109 1995 5110 1995 5106 1995 5107 1983 5109 1983 5106 1983 5119 5432 5124 5432 5123 5432 5119 5431 5120 5431 5124 5431 5114 2502 5110 2502 5109 2502 5114 2504 5113 2504 5110 2504 5116 4700 5120 4700 5119 4700 5117 4930 5118 4930 5120 4930 5116 4699 5117 4699 5120 4699 5114 3193 5116 3193 5113 3193 5115 2991 5116 2991 5114 2991 5115 3719 5117 3719 5116 3719 4987 1274 4986 1274 4845 1274 4987 1146 5068 1146 4986 1146 5068 1149 5066 1149 4986 1149 5068 1037 5078 1037 5066 1037 5084 121 5078 121 5068 121 5084 106 5083 106 5078 106 4861 1672 4845 1672 4815 1672 5007 1617 4845 1617 4861 1617 5007 1624 4987 1624 4845 1624 5068 1536 4987 1536 5007 1536 5077 1537 5068 1537 5007 1537 5108 1492 5068 1492 5077 1492 5118 1441 5108 1441 5077 1441 5108 1449 5084 1449 5068 1449 5108 1494 5085 1494 5084 1494 5108 1488 5088 1488 5085 1488 5108 1483 5090 1483 5088 1483 5108 1486 5093 1486 5090 1486 5107 1470 5103 1470 5108 1470 5103 1482 5095 1482 5108 1482 5095 1489 5094 1489 5108 1489 5094 1476 5093 1476 5108 1476 5117 1500 5115 1500 5108 1500 5115 1450 5114 1450 5108 1450 5114 1474 5109 1474 5108 1474 5109 1484 5107 1484 5108 1484 5118 1452 5117 1452 5108 1452 4861 3718 4815 3718 4814 3718 4934 3718 4861 3718 4814 3718 4934 3718 5007 3718 4861 3718 5053 3718 5007 3718 4934 3718 5053 3718 5077 3718 5007 3718 5082 3718 5077 3718 5053 3718 5120 3718 5118 3718 5077 3718 5082 3718 5120 3718 5077 3718 5144 3718 5120 3718 5082 3718 5124 3718 5120 3718 5144 3718 5128 3718 5124 3718 5144 3718 5138 3717 5136 3717 5144 3717 5136 3718 5132 3718 5144 3718 5132 3718 5128 3718 5144 3718 5149 3718 5146 3718 5144 3718 5146 3718 5141 3718 5144 3718 5141 3718 5138 3718 5144 3718 4875 6120 4934 6120 4814 6120 4933 6148 4934 6148 4875 6148 5052 6225 4934 6225 4933 6225 5052 6226 5053 6226 4934 6226 5081 6346 5053 6346 5052 6346 5081 6347 5082 6347 5053 6347 5143 7343 5082 7343 5081 7343 5143 7343 5144 7343 5082 7343 5204 5564 5234 5564 5231 5564 5234 1703 5253 1703 5231 1703 5204 5588 5198 5588 5234 5588 5281 1323 5253 1323 5234 1323 5281 1230 5269 1230 5253 1230 5191 6212 5198 6212 5204 6212 5281 49 5267 49 5269 49 5185 6279 5198 6279 5191 6279 5196 7430 5185 7430 5191 7430 5263 1316 5267 1316 5281 1316 5210 6193 5185 6193 5196 6193 5263 1378 5250 1378 5267 1378 5210 5904 5226 5904 5185 5904 5263 1967 5226 1967 5250 1967 5250 5076 5226 5076 5210 5076 5276 4156 5234 4156 5216 4156 5234 3473 5198 3473 5216 3473 5281 4012 5234 4012 5276 4012 5198 3278 5185 3278 5216 3278 5260 3350 5263 3350 5281 3350 5226 3515 5213 3515 5185 3515 5260 3849 5226 3849 5263 3849 5260 3718 5213 3718 5226 3718 5227 2487 5276 2487 5216 2487 5284 1686 5276 1686 5227 1686 5179 5919 5227 5919 5216 5919 5185 6276 5179 6276 5216 6276 5284 69 5281 69 5276 69 5282 26 5281 26 5284 26 5213 6229 5200 6229 5185 6229 5200 6364 5179 6364 5185 6364 5282 1155 5260 1155 5281 1155 5237 1561 5260 1561 5282 1561 5237 5190 5200 5190 5213 5190 5237 2951 5213 2951 5260 2951 5223 2552 5254 2552 5232 2552 5206 5586 5223 5586 5232 5586 5254 1687 5257 1687 5232 1687 5254 1196 5273 1196 5257 1196 5193 6246 5223 6246 5206 6246 5193 6302 5189 6302 5223 6302 5278 1061 5273 1061 5254 1061 5278 70 5265 70 5273 70 5199 7392 5189 7392 5193 7392 5235 1385 5265 1385 5278 1385 5235 1403 5247 1403 5265 1403 5221 6104 5189 6104 5199 6104 5221 5616 5235 5616 5189 5616 5247 4550 5235 4550 5221 4550 5254 4030 5223 4030 5233 4030 5223 3378 5197 3378 5233 3378 5287 3718 5254 3718 5233 3718 5223 3398 5184 3398 5197 3398 5189 3481 5184 3481 5223 3481 5278 3941 5254 3941 5287 3941 5212 3718 5184 3718 5189 3718 5259 4065 5278 4065 5287 4065 5259 4025 5235 4025 5278 4025 5235 3492 5212 3492 5189 3492 5259 3980 5212 3980 5235 3980 5280 2085 5233 2085 5219 2085 5197 5535 5219 5535 5233 5535 5280 1501 5287 1501 5233 1501 5184 6324 5183 6324 5197 6324 5183 6171 5219 6171 5197 6171 5274 59 5287 59 5280 59 5212 6190 5215 6190 5184 6190 5215 6216 5183 6216 5184 6216 5274 1140 5259 1140 5287 1140 5215 2485 5259 2485 5274 2485 5215 2950 5212 2950 5259 2950 5244 3714 4900 3714 5243 3714 5297 5987 5298 5987 5243 5987 5298 5987 5244 5987 5243 5987 4991 3715 5064 3715 5024 3715 4991 3715 5028 3715 5064 3715 5028 3715 5067 3715 5064 3715 5067 3715 5076 3715 5064 3715 4992 4662 5028 4662 4991 4662 5024 5437 5041 5437 5013 5437 5064 2446 5041 2446 5024 2446 5064 1702 5074 1702 5041 1702 4997 5961 5024 5961 5013 5961 4991 5633 5024 5633 4997 5633 5076 1262 5074 1262 5064 1262 5076 146 5070 146 5074 146 5067 1152 5070 1152 5076 1152 5000 4269 5028 4269 4992 4269 5067 1783 5042 1783 5070 1783 5028 2061 5042 2061 5067 2061 5042 5797 5028 5797 5000 5797 5129 3265 5043 3265 5126 3265 5167 1089 5159 1089 5166 1089 5167 1416 5129 1416 5159 1416 5129 1363 5151 1363 5159 1363 5129 1736 5126 1736 5151 1736 5167 7 5166 7 5177 7 5178 5 5167 5 5177 5 5040 3237 5134 3237 5122 3237 5134 1762 5154 1762 5122 1762 5134 1349 5165 1349 5154 1349 5165 1346 5162 1346 5154 1346 5165 179 5170 179 5162 179 5176 2 5175 2 5170 2 5165 10 5176 10 5170 10 5175 3720 5300 3720 5299 3720 5176 3720 5300 3720 5175 3720 5041 3709 5134 3709 5040 3709 5041 3504 5074 3504 5134 3504 5074 3716 5165 3716 5134 3716 5074 3716 5176 3716 5165 3716 5178 3715 5300 3715 5176 3715 5074 3715 5070 3715 5176 3715 5070 3715 5043 3715 5176 3715 5043 3715 5178 3715 5176 3715 5178 3715 5302 3715 5300 3715 5043 3716 5129 3716 5178 3716 5129 3526 5167 3526 5178 3526 5042 4053 5043 4053 5070 4053 5178 3713 5177 3713 5301 3713 5302 3713 5178 3713 5301 3713 5299 7457 5298 7457 5297 7457 5300 7456 5304 7456 5298 7456 5299 7457 5300 7457 5298 7457 5302 7457 5304 7457 5300 7457 5303 7457 5302 7457 5301 7457 5303 7457 5304 7457 5302 7457 5245 5988 5246 5988 5303 5988 5246 5988 5304 5988 5303 5988 4901 3719 5246 3719 5245 3719 5219 3718 5183 3718 4900 3718 5183 3718 4901 3718 4900 3718 5244 3718 5219 3718 4900 3718 5298 3718 5280 3718 5244 3718 5280 3718 5219 3718 5244 3718 5304 3718 5274 3718 5298 3718 5274 3718 5280 3718 5298 3718 5215 3718 4901 3718 5183 3718 5179 3718 4901 3718 5215 3718 5227 3717 5179 3717 5215 3717 5304 3717 5284 3717 5274 3717 5284 3718 5215 3718 5274 3718 5284 3718 5227 3718 5215 3718 5304 3718 5282 3718 5284 3718 5200 3718 4901 3718 5179 3718 5304 3718 5237 3718 5282 3718 5246 3718 4901 3718 5200 3718 5237 3718 5246 3718 5200 3718 5304 3718 5246 3718 5237 3718 5207 5592 5224 5592 5229 5592 5224 1871 5268 1871 5229 1871 5268 1688 5255 1688 5229 1688 5207 5061 5202 5061 5224 5061 5268 1229 5272 1229 5255 1229 5192 6219 5202 6219 5207 6219 5268 62 5266 62 5272 62 5201 7435 5202 7435 5192 7435 5194 7438 5201 7438 5192 7438 5264 32 5266 32 5268 32 5208 6187 5201 6187 5194 6187 5264 1380 5248 1380 5266 1380 5208 5409 5252 5409 5201 5409 5264 1052 5252 1052 5248 1052 5248 5035 5252 5035 5208 5035 5224 3359 5202 3359 5236 3359 5268 3962 5224 3962 5236 3962 5286 3354 5268 3354 5236 3354 5201 4045 5182 4045 5202 4045 5286 3417 5264 3417 5268 3417 5218 3718 5182 3718 5201 3718 5252 3334 5264 3334 5286 3334 5252 3718 5218 3718 5201 3718 5202 5469 5228 5469 5236 5469 5186 5748 5228 5748 5202 5748 5285 1657 5236 1657 5228 1657 5285 1457 5286 1457 5236 1457 5182 6234 5186 6234 5202 6234 5187 7420 5186 7420 5182 7420 5275 77 5286 77 5285 77 5218 6168 5187 6168 5182 6168 5275 1185 5252 1185 5286 1185 5225 5724 5187 5724 5218 5724 5275 2745 5218 2745 5252 2745 5225 2014 5218 2014 5275 2014 5205 5556 5238 5556 5230 5556 5205 5027 5211 5027 5238 5027 5238 1692 5256 1692 5230 1692 5279 1347 5256 1347 5238 1347 5279 1265 5270 1265 5256 1265 5190 6208 5211 6208 5205 6208 5190 6292 5188 6292 5211 6292 5279 15 5271 15 5270 15 5195 7439 5188 7439 5190 7439 5251 1217 5271 1217 5279 1217 5251 1161 5261 1161 5271 1161 5209 6185 5188 6185 5195 6185 5222 6159 5188 6159 5209 6159 5251 1523 5249 1523 5261 1523 5249 5064 5222 5064 5209 5064 5249 4713 5251 4713 5222 4713 5277 4084 5238 4084 5217 4084 5238 3508 5211 3508 5217 3508 5279 4020 5238 4020 5277 4020 5211 3425 5181 3425 5217 3425 5188 4007 5181 4007 5211 4007 5283 4137 5279 4137 5277 4137 5203 4028 5181 4028 5188 4028 5283 4044 5251 4044 5279 4044 5222 3409 5203 3409 5188 3409 5251 3529 5203 3529 5222 3529 5220 2481 5277 2481 5217 2481 5258 2700 5277 2700 5220 2700 5288 1268 5277 1268 5258 1268 5181 6214 5180 6214 5217 6214 5180 6173 5220 6173 5217 6173 5288 88 5283 88 5277 88 5203 6223 5214 6223 5181 6223 5214 6217 5180 6217 5181 6217 5262 1181 5283 1181 5288 1181 5262 1685 5251 1685 5283 1685 5214 2782 5251 2782 5262 2782 5251 3025 5214 3025 5203 3025 5240 3714 4898 3714 5239 3714 5289 5987 5290 5987 5239 5987 5290 5987 5240 5987 5239 5987 4989 3757 5069 3757 5030 3757 4989 3715 5027 3715 5069 3715 4990 4661 5027 4661 4989 4661 5027 3715 5072 3715 5069 3715 5030 5380 5037 5380 5014 5380 5030 2032 5065 2032 5037 2032 5069 1924 5065 1924 5030 1924 4998 5874 5030 5874 5014 5874 4989 5634 5030 5634 4998 5634 5069 1109 5075 1109 5065 1109 5072 119 5075 119 5069 119 5001 4293 5027 4293 4990 4293 5072 1641 5038 1641 5075 1641 5027 1909 5038 1909 5072 1909 5038 5799 5027 5799 5001 5799 5130 3261 5039 3261 5125 3261 5164 1069 5160 1069 5168 1069 5164 1409 5130 1409 5160 1409 5130 1322 5152 1322 5160 1322 5130 1737 5125 1737 5152 1737 5164 4 5168 4 5173 4 5174 8 5164 8 5173 8 5036 3239 5133 3239 5121 3239 5133 1764 5153 1764 5121 1764 5133 1350 5163 1350 5153 1350 5163 1344 5161 1344 5153 1344 5163 206 5169 206 5161 206 5172 1 5171 1 5169 1 5163 9 5172 9 5169 9 5171 3720 5292 3720 5291 3720 5172 3720 5292 3720 5171 3720 5037 3715 5065 3715 5036 3715 5065 3715 5133 3715 5036 3715 5065 3715 5163 3715 5133 3715 5065 3715 5172 3715 5163 3715 5174 3715 5292 3715 5172 3715 5039 3715 5174 3715 5172 3715 5075 3716 5039 3716 5172 3716 5065 3715 5075 3715 5172 3715 5174 3715 5294 3715 5292 3715 5039 3715 5164 3715 5174 3715 5038 4080 5039 4080 5075 4080 5039 3715 5130 3715 5164 3715 5174 3713 5173 3713 5293 3713 5294 3713 5174 3713 5293 3713 5291 7457 5290 7457 5289 7457 5292 7457 5296 7457 5290 7457 5291 7457 5292 7457 5290 7457 5294 7457 5296 7457 5292 7457 5295 7457 5294 7457 5293 7457 5295 7457 5296 7457 5294 7457 5241 5986 5242 5986 5295 5986 5242 5985 5296 5985 5295 5985 4899 3719 5242 3719 5241 3719 5220 3718 5180 3718 4898 3718 5180 3679 4899 3679 4898 3679 5240 3718 5220 3718 4898 3718 5290 3717 5258 3717 5240 3717 5258 3718 5220 3718 5240 3718 5296 3718 5288 3718 5290 3718 5288 3718 5258 3718 5290 3718 5214 3614 4899 3614 5180 3614 5296 3718 5262 3718 5288 3718 5186 3584 4899 3584 5214 3584 5296 3718 5285 3718 5262 3718 5285 3717 5214 3717 5262 3717 5228 3718 5186 3718 5214 3718 5285 3718 5228 3718 5214 3718 5187 3587 4899 3587 5186 3587 5296 3718 5275 3718 5285 3718 5242 3592 4899 3592 5187 3592 5225 3717 5242 3717 5187 3717 5242 3718 5225 3718 5275 3718 5296 3717 5242 3717 5275 3717 4475 1654 4454 1654 4473 1654 4454 2320 4438 2320 4473 2320 4445 2411 4475 2411 4473 2411 4438 5706 4445 5706 4473 5706 4454 5932 4445 5932 4438 5932 4471 1627 4452 1627 4457 1627 4450 1535 4471 1535 4457 1535 4471 5610 4450 5610 4452 5610 4450 6163 4457 6163 4452 6163 3917 1818 4010 1818 3908 1818 4006 1790 4010 1790 3917 1790 3825 6164 3823 6164 3908 6164 3823 6130 3917 6130 3908 6130 3986 111 4010 111 4006 111 3986 1144 3972 1144 4010 1144 3898 6057 3920 6057 3825 6057 3920 6051 3823 6051 3825 6051 3920 2315 3972 2315 3986 2315 3972 2937 3920 2937 3898 2937 3733 5107 3833 5107 3762 5107 3833 2965 3861 2965 3762 2965 3902 1481 3861 1481 3833 1481 3729 6048 3733 6048 3762 6048 3902 1319 3901 1319 3861 1319 3877 1177 3901 1177 3902 1177 3763 6049 3733 6049 3729 6049 3778 5858 3763 5858 3729 5858 3877 1814 3778 1814 3901 1814 3763 2818 3778 2818 3877 2818 3923 1841 4011 1841 3907 1841 3995 1729 4011 1729 3923 1729 3821 5997 3923 5997 3907 5997 3826 6129 3821 6129 3907 6129 3988 1102 4011 1102 3995 1102 3988 1189 3973 1189 4011 1189 3899 6057 3921 6057 3826 6057 3921 6058 3821 6058 3826 6058 3921 1937 3973 1937 3988 1937 3973 2937 3921 2937 3899 2937 4215 2029 4135 2029 4187 2029 4119 5539 4187 5539 4135 5539 4215 2048 4225 2048 4135 2048 4110 6389 4107 6389 4135 6389 4107 6095 4119 6095 4135 6095 4224 1067 4225 1067 4215 1067 4224 1411 4204 1411 4225 1411 4204 5414 4172 5414 4110 5414 4172 5775 4107 5775 4110 5775 4172 1878 4204 1878 4224 1878 4352 4413 4371 4413 4404 4413 4420 1968 4404 1968 4371 1968 4337 5921 4371 5921 4352 5921 4348 6166 4337 6166 4352 6166 4420 1382 4402 1382 4404 1382 4359 6112 4337 6112 4348 6112 4401 1077 4402 1077 4420 1077 4402 4630 4359 4630 4348 4630 4359 2954 4402 2954 4401 2954 4616 2065 4578 2065 4587 2065 4570 5687 4587 5687 4578 5687 4616 2034 4627 2034 4578 2034 4564 6390 4560 6390 4578 6390 4560 6113 4570 6113 4578 6113 4625 1169 4627 1169 4616 1169 4625 1410 4611 1410 4627 1410 4611 5415 4594 5415 4564 5415 4594 5776 4560 5776 4564 5776 4594 1877 4611 1877 4625 1877 4738 4577 4806 4577 4807 4577 4732 4759 4806 4759 4738 4759 4711 6232 4732 6232 4738 6232 4806 1168 4869 1168 4807 1168 4707 5945 4732 5945 4711 5945 4860 1174 4869 1174 4806 1174 4758 5938 4707 5938 4711 5938 4860 1546 4774 1546 4869 1546 4758 1787 4774 1787 4860 1787 4774 5643 4758 5643 4711 5643 4886 2982 5021 2982 4843 2982 5061 1816 5021 1816 4886 1816 4795 5815 4886 5815 4843 5815 4796 6072 4795 6072 4843 6072 5061 1331 5060 1331 5021 1331 4844 6146 4795 6146 4796 6146 5022 1329 5060 1329 5061 1329 4887 5857 4844 5857 4796 5857 5022 1817 4887 1817 5060 1817 4844 2981 4887 2981 5022 2981 4782 2901 4827 2901 4746 2901 4702 5614 4782 5614 4746 5614 4870 1520 4827 1520 4782 1520 4710 5975 4702 5975 4746 5975 4870 1246 4868 1246 4827 1246 4805 1328 4868 1328 4870 1328 4733 6172 4702 6172 4710 6172 4805 1650 4773 1650 4868 1650 4773 5635 4733 5635 4710 5635 4805 4590 4733 4590 4773 4590 4591 3054 4622 3054 4569 3054 4619 1852 4622 1852 4591 1852 4568 5759 4591 5759 4569 5759 4559 7407 4568 7407 4569 7407 4626 57 4622 57 4619 57 4576 5952 4559 5952 4569 5952 4626 1188 4617 1188 4622 1188 4590 5678 4559 5678 4576 5678 4590 1824 4617 1824 4626 1824 4590 2867 4576 2867 4617 2867 4374 2982 4400 2982 4358 2982 4426 1800 4400 1800 4374 1800 4335 5856 4374 5856 4358 5856 4336 6160 4335 6160 4358 6160 4426 1373 4419 1373 4400 1373 4365 6079 4335 6079 4336 6079 4375 5896 4365 5896 4336 5896 4365 1788 4419 1788 4426 1788 4365 1765 4375 1765 4419 1765 4114 5401 4188 5401 4118 5401 4188 3045 4222 3045 4118 3045 4218 1700 4222 1700 4188 1700 4223 35 4222 35 4218 35 4130 6283 4121 6283 4118 6283 4121 7351 4114 7351 4118 7351 4223 1116 4214 1116 4222 1116 4189 1733 4214 1733 4223 1733 4189 5406 4121 5406 4130 5406 4189 2878 4130 2878 4214 2878 4374 3718 4335 3718 4331 3718 4335 3717 4323 3717 4331 3717 4423 3718 4374 3718 4331 3718 4323 3718 4308 3718 4331 3718 4308 3718 4306 3718 4331 3718 4306 3718 4294 3718 4331 3718 4294 3718 4249 3718 4331 3718 4476 3718 4468 3718 4423 3718 4468 3718 4460 3718 4423 3718 4460 3718 4430 3718 4423 3718 4513 3718 4485 3718 4423 3718 4485 3718 4476 3718 4423 3718 4430 3718 4426 3718 4423 3718 4426 3717 4374 3717 4423 3717 4294 3718 4281 3718 4249 3718 4598 3718 4492 3718 4513 3718 4492 3718 4485 3718 4513 3718 4274 3718 4264 3718 4249 3718 4264 3795 4218 3795 4249 3795 4281 3717 4274 3717 4249 3717 4218 3736 4188 3736 4249 3736 4188 3766 4169 3766 4249 3766 4510 3718 4504 3718 4598 3718 4504 3718 4492 3718 4598 3718 4667 3717 4510 3717 4598 3717 4114 3780 4043 3780 4169 3780 4188 3718 4114 3718 4169 3718 4619 3717 4591 3717 4667 3717 4591 3718 4510 3718 4667 3718 4365 3393 4323 3393 4335 3393 4260 3804 4218 3804 4264 3804 4459 3717 4430 3717 4460 3717 4591 3718 4507 3718 4510 3718 4591 3718 4568 3718 4507 3718 4270 3792 4218 3792 4260 3792 4323 3718 4302 3718 4308 3718 4469 3718 4430 3718 4459 3718 4568 3718 4493 3718 4507 3718 4430 4060 4365 4060 4426 4060 4278 3582 4218 3582 4270 3582 4323 3993 4291 3993 4302 3993 4480 3718 4430 3718 4469 3718 4568 3718 4480 3718 4493 3718 4291 3596 4218 3596 4278 3596 4323 3511 4218 3511 4291 3511 4568 3718 4430 3718 4480 3718 4365 3397 4296 3397 4323 3397 4296 3751 4218 3751 4323 3751 4568 3477 4365 3477 4430 3477 4559 3364 4442 3364 4568 3364 4568 4090 4442 4090 4365 4090 4626 3717 4619 3717 4667 3717 4749 3502 4626 3502 4667 3502 4114 3794 4121 3794 4043 3794 4121 3776 3916 3776 4043 3776 4223 3769 4218 3769 4296 3769 4702 3938 4749 3938 4884 3938 4644 4002 4590 4002 4626 4002 4660 3718 4653 3718 4626 3718 4653 3913 4644 3913 4626 3913 4673 3718 4660 3718 4626 3718 4749 3537 4673 3537 4626 3537 4706 3485 4697 3485 4749 3485 4697 3539 4682 3539 4749 3539 4682 3654 4673 3654 4749 3654 4702 3424 4706 3424 4749 3424 4050 3731 4042 3731 3916 3731 4042 3788 4028 3788 3916 3788 4028 3813 4019 3813 3916 3813 4019 3844 4006 3844 3916 3844 4121 3774 4050 3774 3916 3774 4189 3390 4070 3390 4121 3390 4070 3718 4060 3718 4121 3718 4060 3718 4050 3718 4121 3718 4072 3400 4076 3400 4189 3400 4076 3411 4070 3411 4189 3411 4052 3401 4072 3401 4189 3401 4655 3969 4644 3969 4653 3969 4702 3476 4704 3476 4706 3476 4022 3718 4006 3718 4019 3718 3917 3717 3739 3717 3809 3717 3916 3636 3917 3636 3809 3636 4661 3928 4644 3928 4655 3928 4702 3591 4695 3591 4704 3591 4029 3718 4006 3718 4022 3718 4052 4016 4062 4016 4072 4016 4670 3903 4644 3903 4661 3903 4702 3649 4684 3649 4695 3649 4702 3914 4644 3914 4670 3914 4044 3718 4006 3718 4029 3718 4052 3896 4044 3896 4062 3896 4702 3705 4670 3705 4684 3705 4052 4001 4006 4001 4044 4001 4782 4009 4702 4009 4884 4009 5047 3717 5097 3717 4884 3717 5097 3718 4870 3718 4884 3718 4870 3718 4782 3718 4884 3718 4006 3673 3917 3673 3916 3673 3823 3718 3739 3718 3917 3718 3986 3988 4006 3988 4052 3988 3823 3718 3718 3718 3739 3718 5097 3718 4805 3718 4870 3718 3920 3718 3718 3718 3823 3718 3986 3718 3936 3718 3920 3718 4805 3718 4768 3718 4733 3718 3797 3718 3780 3718 3718 3718 3920 3718 3814 3718 3718 3718 3814 3718 3797 3718 3718 3718 4795 4033 4768 4033 4805 4033 4855 3718 4841 3718 4805 3718 5097 3718 4855 3718 4805 3718 4841 3718 4821 3718 4805 3718 4821 3718 4811 3718 4805 3718 4811 3370 4795 3370 4805 3370 4894 3717 4879 3717 5097 3717 4879 3718 4855 3718 5097 3718 3890 3718 3885 3718 3920 3718 3871 3718 3849 3718 3920 3718 3885 3717 3871 3717 3920 3717 3849 3718 3814 3718 3920 3718 3936 3718 3890 3718 3920 3718 3902 3337 3890 3337 3936 3337 5157 3718 4925 3718 5097 3718 4925 3718 4919 3718 5097 3718 4919 3718 4894 3718 5097 3718 3780 3718 3709 3718 3718 3718 4812 3406 4795 3406 4811 3406 3784 3718 3709 3718 3780 3718 3890 3718 3879 3718 3885 3718 4837 3494 4795 3494 4812 3494 5157 3718 4892 3718 4925 3718 3799 3718 3709 3718 3784 3718 3890 3718 3870 3718 3879 3718 3890 3718 3850 3718 3870 3718 4886 3718 4874 3718 4892 3718 5157 3718 4886 3718 4892 3718 3815 3718 3709 3718 3799 3718 4874 3576 4795 3576 4837 3576 4886 3453 4795 3453 4874 3453 3890 3718 3709 3718 3815 3718 3850 3718 3890 3718 3815 3718 3733 3718 3709 3718 3890 3718 3902 3363 3833 3363 3890 3363 3833 3718 3733 3718 3890 3718 3922 3346 3877 3346 3902 3346 5061 3717 4886 3717 5157 3717 5158 3718 5061 3718 5157 3718 3733 3690 3707 3690 3709 3690 4844 3339 4783 3339 4795 3339 5158 3718 5022 3718 5061 3718 3763 3652 3707 3652 3733 3652 5158 3718 4844 3718 5022 3718 3922 3527 3707 3527 3763 3527 3922 3936 3763 3936 3877 3936 5099 3718 4926 3718 5158 3718 4926 3718 4893 3718 5158 3718 4893 3718 4844 3718 5158 3718 3813 3693 3798 3693 3707 3693 3798 3688 3781 3688 3707 3688 3922 4067 3851 4067 3707 4067 3851 3711 3813 3711 3707 3711 3781 3695 3717 3695 3707 3695 4844 3322 4854 3322 4783 3322 4854 3383 4840 3383 4783 3383 4840 3347 4820 3347 4783 3347 4820 3315 4810 3315 4783 3315 4810 3289 4806 3289 4783 3289 4893 3718 4880 3718 4844 3718 4880 3718 4854 3718 4844 3718 3884 4087 3869 4087 3922 4087 3869 4068 3851 4068 3922 4068 3923 4104 3884 4104 3922 4104 4806 3523 4732 3523 4783 3523 3995 3348 3923 3348 3922 3348 4813 3718 4806 3718 4810 3718 5099 3718 4920 3718 4926 3718 3785 3718 3717 3718 3781 3718 3923 3718 3878 3718 3884 3718 4828 3718 4806 3718 4813 3718 5099 3718 4895 3718 4920 3718 3741 3718 3717 3718 3785 3718 3796 3718 3741 3718 3785 3718 3923 3718 3868 3718 3878 3718 5099 3718 5048 3718 4895 3718 4852 3718 4806 3718 4828 3718 3923 3718 3848 3718 3868 3718 4860 3718 4806 3718 4895 3718 4806 3718 4878 3718 4895 3718 5048 3718 4860 3718 4895 3718 3816 3718 3741 3718 3796 3718 3811 3718 3741 3718 3816 3718 4806 3718 4852 3718 4878 3718 3821 3718 3811 3718 3816 3718 3848 3718 3821 3718 3816 3718 3923 3717 3821 3717 3848 3717 4758 3917 4648 3917 4707 3917 4045 3333 3988 3333 3995 3333 4088 4029 4061 4029 3995 4029 4061 3455 4045 3455 3995 3455 3921 3718 3811 3718 3821 3718 5048 3670 4758 3670 4860 3670 3932 3686 3811 3686 3921 3686 5048 3800 4885 3800 4758 3800 3988 3694 3932 3694 3921 3694 4759 3850 4758 3850 4885 3850 4705 3811 4703 3811 4758 3811 4759 3819 4705 3819 4758 3819 4703 3781 4694 3781 4758 3781 4694 3762 4686 3762 4758 3762 4686 3729 4671 3729 4758 3729 4671 3887 4648 3887 4758 3887 4045 3718 4030 3718 3988 3718 4030 3718 4023 3718 3988 3718 4023 3718 4020 3718 3988 3718 4020 3785 3932 3785 3988 3785 4671 3898 4663 3898 4648 3898 4663 3931 4656 3931 4648 3931 4656 4066 4587 4066 4648 4066 4187 3442 4119 3442 4088 3442 4119 3544 4074 3544 4088 3544 4074 3543 4061 3543 4088 3543 4654 4071 4587 4071 4656 4071 4119 3718 4073 3718 4074 3718 4616 4085 4587 4085 4654 4085 4662 3718 4616 3718 4654 3718 4759 3775 4696 3775 4705 3775 4031 3767 3932 3767 4020 3767 4119 3718 4063 3718 4073 3718 4672 3717 4616 3717 4662 3717 4759 3752 4685 3752 4696 3752 4046 3747 3932 3747 4031 3747 4119 3718 4046 3718 4063 3718 4759 3726 4672 3726 4685 3726 4759 3738 4616 3738 4672 3738 4119 3745 3932 3745 4046 3745 4759 3756 4669 3756 4616 3756 4669 3718 4625 3718 4616 3718 4056 3750 3932 3750 4119 3750 4297 3771 4224 3771 4215 3771 4560 3414 4429 3414 4570 3414 4107 3718 4056 3718 4119 3718 4371 3470 4224 3470 4297 3470 4337 3493 4309 3493 4371 3493 4309 3438 4300 3438 4371 3438 4300 3458 4288 3458 4371 3458 4288 3524 4224 3524 4371 3524 4464 3360 4461 3360 4429 3360 4461 3436 4420 3436 4429 3436 4474 3379 4464 3379 4429 3379 4560 3439 4484 3439 4429 3439 4484 3421 4474 3421 4429 3421 4420 4103 4371 4103 4429 4103 4275 3665 4269 3665 4224 3665 4269 3798 4261 3798 4224 3798 4261 3793 4171 3793 4224 3793 4288 3718 4275 3718 4224 3718 4511 3717 4503 3717 4560 3717 4503 3718 4491 3718 4560 3718 4491 3718 4484 3718 4560 3718 4594 3718 4511 3718 4560 3718 4669 3718 4594 3718 4625 3718 4172 3718 4056 3718 4107 3718 4171 3718 4172 3718 4224 3718 4499 3718 4511 3718 4594 3718 4458 3718 4420 3718 4461 3718 4669 3718 4499 3718 4594 3718 4171 3717 4056 3717 4172 3717 4262 3759 4171 3759 4261 3759 4337 3718 4307 3718 4309 3718 4271 3754 4171 3754 4262 3754 4337 3718 4301 3718 4307 3718 4463 3718 4420 3718 4458 3718 4333 3718 4301 3718 4337 3718 4425 3718 4401 3718 4420 3718 4463 3718 4425 3718 4420 3718 4600 3718 4499 3718 4669 3718 4271 3763 4258 3763 4171 3763 4280 3718 4258 3718 4271 3718 4333 3718 4292 3718 4301 3718 4600 3718 4489 3718 4499 3718 4479 3718 4425 3718 4463 3718 4600 3718 4514 3718 4489 3718 4514 3718 4479 3718 4489 3718 4333 3718 4280 3718 4292 3718 4514 3718 4425 3718 4479 3718 4333 3718 4258 3718 4280 3718 4359 3717 4333 3717 4337 3717 4425 3717 4359 3717 4401 3717 4425 3718 4333 3718 4359 3718 4365 4123 4418 4123 4334 4123 4365 3055 4442 3055 4418 3055 4334 4703 4296 4703 4365 4703 4293 4789 4296 4789 4334 4789 4442 2705 4466 2705 4418 2705 4442 1931 4551 1931 4466 1931 4223 5502 4296 5502 4293 5502 4233 5550 4223 5550 4293 5550 4559 1996 4551 1996 4442 1996 4559 1728 4610 1728 4551 1728 4189 5726 4223 5726 4233 5726 4158 5708 4189 5708 4233 5708 4590 1781 4610 1781 4559 1781 4102 5866 4189 5866 4158 5866 4644 1579 4610 1579 4590 1579 4102 5911 4052 5911 4189 5911 4075 5974 4052 5974 4102 5974 4644 1453 4690 1453 4610 1453 4702 1397 4690 1397 4644 1397 4032 6082 4052 6082 4075 6082 4702 1270 4744 1270 4690 1270 3986 6157 4052 6157 4032 6157 3967 6196 3986 6196 4032 6196 4733 1281 4744 1281 4702 1281 4733 1147 4770 1147 4744 1147 3936 6327 3986 6327 3967 6327 3928 6332 3936 6332 3967 6332 4768 1106 4770 1106 4733 1106 4768 96 4787 96 4770 96 3909 7384 3936 7384 3928 7384 4795 73 4787 73 4768 73 3909 7387 3902 7387 3936 7387 4795 42 4797 42 4787 42 3910 7433 3902 7433 3909 7433 4783 30 4788 30 4795 30 4788 66 4797 66 4795 66 3910 7414 3922 7414 3902 7414 4783 91 4772 91 4788 91 3929 7390 3922 7390 3910 7390 4783 1151 4745 1151 4772 1151 3995 6343 3922 6343 3929 6343 3968 6330 3995 6330 3929 6330 4732 1101 4745 1101 4783 1101 4732 1261 4693 1261 4745 1261 4033 6192 3995 6192 3968 6192 4707 1241 4693 1241 4732 1241 4707 1364 4657 1364 4693 1364 4068 6084 3995 6084 4033 6084 4648 1371 4657 1371 4707 1371 4068 6080 4088 6080 3995 6080 4648 1496 4612 1496 4657 1496 4091 6066 4088 6066 4068 6066 4103 5779 4088 5779 4091 5779 4587 1571 4612 1571 4648 1571 4103 5875 4187 5875 4088 5875 4159 5867 4187 5867 4103 5867 4587 1721 4552 1721 4612 1721 4215 5686 4187 5686 4159 5686 4234 5710 4215 5710 4159 5710 4570 1713 4552 1713 4587 1713 4570 1932 4470 1932 4552 1932 4297 5544 4215 5544 4234 5544 4295 5546 4297 5546 4234 5546 4429 2024 4470 2024 4570 2024 4429 2698 4428 2698 4470 2698 4338 4776 4297 4776 4295 4776 4338 4712 4371 4712 4297 4712 4429 2856 4406 2856 4428 2856 4429 3060 4371 3060 4338 3060 4406 4139 4429 4139 4338 4139 4882 1651 4906 1651 4881 1651 4906 1665 4905 1665 4881 1665 4508 6378 4506 6378 4498 6378 4508 7417 4502 7417 4506 7417 3892 4072 3957 4072 3926 4072 3903 3715 3965 3715 3957 3715 3892 4119 3903 4119 3957 4119 3903 3716 3943 3716 3965 3716 4432 2482 4977 2482 4941 2482 4436 2406 4432 2406 4941 2406 4432 2861 4379 2861 4977 2861 3860 5731 4015 5731 3976 5731 3860 6017 3938 6017 4015 6017 3880 5953 3938 5953 3860 5953 3771 6038 3837 6038 3860 6038 3837 6132 3880 6132 3860 6132 3847 7336 3887 7336 3880 7336 3837 7294 3847 7294 3880 7294 3771 5769 3820 5769 3837 5769 3820 7425 3847 7425 3837 7425 3820 7403 3854 7403 3822 7403 3843 7280 3854 7280 3820 7280 3771 5742 3843 5742 3820 5742 3924 6395 3867 6395 3854 6395 3843 6059 3924 6059 3854 6059 3924 6295 3952 6295 3867 6295 3948 6097 3924 6097 3843 6097 3771 6293 3948 6293 3843 6293 3924 6153 4018 6153 3952 6153 4016 6169 4018 6169 3924 6169 3948 5680 4016 5680 3924 5680 4085 5890 4081 5890 4016 5890 3948 5696 4085 5696 4016 5696 4085 5579 4156 5579 4081 5579 4285 5514 4236 5514 4156 5514 4085 5582 4285 5582 4156 5582 4324 5347 4325 5347 4236 5347 4285 4457 4324 4457 4236 4457 4431 3205 4325 3205 4436 3205 4325 3231 4432 3231 4436 3231 4324 3270 4432 3270 4325 3270 4324 3371 4379 3371 4432 3371 4285 4518 4379 4518 4324 4518 3860 3119 3976 3119 3951 3119 3764 4377 3860 4377 3951 4377 3771 4330 3860 4330 3764 4330 3735 4151 3771 4151 3764 4151 3937 3310 3771 3310 3735 3310 3937 4367 3948 4367 3771 4367 3937 4316 4085 4316 3948 4316 4131 4325 4085 4325 3937 4325 4379 4228 5008 4228 4977 4228 4131 3232 4285 3232 4085 3232 4232 3170 4285 3170 4131 3170 4379 3150 4285 3150 4232 3150 3787 1655 3951 1655 3953 1655 3787 1763 3764 1763 3951 1763 3736 1279 3728 1279 3787 1279 3728 1513 3764 1513 3787 1513 3722 916 3728 916 3736 916 3719 123 3728 123 3722 123 3719 1530 3735 1530 3728 1530 3735 1793 3764 1793 3728 1793 3719 1408 3746 1408 3735 1408 3723 1325 3746 1325 3719 1325 3746 2518 3937 2518 3735 2518 3723 1218 3742 1218 3746 1218 3817 1997 3937 1997 3746 1997 3742 1357 3817 1357 3746 1357 3786 1288 3817 1288 3742 1288 3817 1724 3969 1724 3937 1724 3786 1343 3897 1343 3817 1343 3897 1444 3969 1444 3817 1444 3897 1478 4003 1478 3969 1478 3969 2265 4131 2265 3937 2265 4093 1789 4131 1789 3969 1789 4003 1636 4093 1636 3969 1636 4093 1898 4232 1898 4131 1898 4199 1903 4232 1903 4093 1903 4199 1954 4276 1954 4232 1954 4351 3044 4379 3044 4232 3044 4276 2780 4351 2780 4232 2780 4440 4675 4421 4675 4505 4675 4351 3177 4440 3177 4379 3177 4345 2816 4351 2816 4276 2816 4351 4415 4421 4415 4440 4415 4351 3199 4345 3199 4421 3199 4379 4391 4440 4391 5008 4391 4440 4965 4505 4965 5008 4965 4505 5017 5025 5017 5008 5017 4505 5219 5023 5219 5025 5219 4505 5323 4446 5323 5023 5323 4977 7096 4944 7096 4941 7096 4977 7088 4996 7088 4944 7088 5008 6914 4996 6914 4977 6914 5008 6716 5025 6716 4996 6716 5025 6634 5023 6634 4996 6634 4431 2274 4436 2274 4941 2274 4944 2291 4431 2291 4941 2291 4066 5828 4105 5828 4069 5828 4066 5948 4097 5948 4105 5948 4015 5996 4097 5996 4066 5996 4015 5929 3959 5929 4097 5929 4015 6183 3938 6183 3959 6183 3938 6291 3880 6291 3959 6291 4016 6007 4082 6007 4018 6007 4081 5989 4082 5989 4016 5989 4081 5830 4157 5830 4082 5830 4156 5865 4157 5865 4081 5865 4156 5667 4237 5667 4157 5667 4236 5657 4237 5657 4156 5657 4236 5427 4299 5427 4237 5427 4325 5346 4299 5346 4236 5346 4325 4784 4354 4784 4299 4784 4325 3114 4431 3114 4354 3114 4040 2010 4066 2010 4069 2010 4015 5460 4066 5460 4040 5460 3976 2871 4015 2871 4040 2871 3951 1726 4040 1726 4004 1726 3976 1652 4040 1652 3951 1652 3953 1197 4004 1197 4012 1197 3953 1247 3951 1247 4004 1247 3994 1580 4012 1580 4051 1580 3994 1507 3953 1507 4012 1507 3933 1490 3953 1490 3994 1490 3787 1311 3953 1311 3933 1311 3795 1287 3787 1287 3933 1287 3736 1198 3787 1198 3795 1198 3723 40 3719 40 3720 40 3742 1027 3723 1027 3726 1027 3786 1162 3742 1162 3743 1162 4092 1658 4093 1658 4003 1658 4199 1756 4093 1756 4092 1756 4421 4901 4446 4901 4505 4901 4345 2548 4276 2548 4283 2548 4446 4345 4421 4345 4345 4345 4117 6086 4079 6086 4089 6086 4117 6155 4090 6155 4079 6155 4090 5752 4039 5752 4079 5752 4090 5755 4036 5755 4039 5755 4036 5530 3977 5530 4039 5530 3991 4714 3977 4714 4036 4714 4079 4777 4051 4777 4089 4777 4079 2674 3994 2674 4051 2674 4039 4250 3994 4250 4079 4250 3947 1858 3933 1858 3994 1858 3977 2514 3994 2514 4039 2514 3977 3295 3947 3295 3994 3295 3947 3220 3977 3220 3980 3220 3947 1538 3795 1538 3933 1538 3875 4542 3855 4542 3947 4542 3855 1701 3795 1701 3947 1701 3895 1815 3875 1815 3947 1815 3748 1195 3736 1195 3795 1195 3765 1681 3748 1681 3795 1681 3840 1680 3795 1680 3855 1680 3840 1695 3765 1695 3795 1695 3775 3128 3765 3128 3840 3128 3842 2752 3775 2752 3840 2752 3748 1126 3722 1126 3736 1126 3753 1461 3722 1461 3748 1461 3765 1572 3753 1572 3748 1572 3749 2005 3753 2005 3765 2005 3761 3203 3744 3203 3753 3203 3720 31 3719 31 3722 31 3730 1413 3720 1413 3722 1413 3753 1487 3730 1487 3722 1487 3744 4607 3730 4607 3753 4607 3726 64 3723 64 3720 64 3750 1515 3726 1515 3720 1515 3730 1447 3750 1447 3720 1447 3731 2141 3750 2141 3730 2141 3745 5149 3750 5149 3731 5149 3760 4737 3750 4737 3745 4737 3755 1510 3726 1510 3750 1510 3755 1389 3743 1389 3726 1389 3743 1030 3742 1030 3726 1030 3776 2500 3841 2500 3767 2500 3834 2002 3846 2002 3767 2002 3841 4547 3834 4547 3767 4547 3846 5607 3755 5607 3767 5607 3846 1542 3743 1542 3755 1542 3846 1417 3786 1417 3743 1417 3863 1860 3915 1860 3846 1860 3915 1424 3786 1424 3846 1424 3915 1358 3897 1358 3786 1358 3894 2701 3915 2701 3863 2701 3978 2025 3915 2025 3894 2025 3978 2017 3985 2017 3915 2017 3985 3139 3996 3139 3915 3139 3996 1760 4017 1760 3915 1760 4017 1679 4003 1679 3915 1679 4003 1445 3897 1445 3915 1445 4111 4656 4017 4656 4037 4656 4092 1659 4003 1659 4017 1659 4120 1683 4017 1683 4111 1683 4120 2738 4092 2738 4017 2738 4120 1785 4136 1785 4092 1785 4136 1989 4231 1989 4092 1989 4162 4735 4231 4735 4136 4735 4231 1907 4199 1907 4092 1907 4231 2447 4162 2447 4184 2447 4247 2886 4231 2886 4184 2886 4247 2755 4259 2755 4231 2755 4283 2001 4199 2001 4231 2001 4283 2075 4276 2075 4199 2075 4357 3107 4290 3107 4298 3107 4279 2986 4231 2986 4259 2986 4483 2847 4451 2847 4467 2847 4451 5358 4483 5358 4494 5358 4357 3077 4346 3077 4290 3077 4290 4446 4231 4446 4279 4446 4346 2846 4231 2846 4290 2846 4391 4498 4397 4498 4467 4498 4451 4372 4391 4372 4467 4372 4364 4933 4346 4933 4357 4933 4382 2292 4346 2292 4364 2292 4451 4598 4382 4598 4391 4598 4346 2731 4283 2731 4231 2731 4451 4360 4346 4360 4382 4360 4346 2883 4345 2883 4283 2883 4446 4358 4346 4358 4451 4358 4345 4178 4346 4178 4446 4178 4528 3007 4756 3007 4996 3007 4515 4428 4528 4428 4996 4428 5023 4641 4451 4641 4996 4641 4494 3217 4515 3217 4996 3217 4451 4959 4494 4959 4996 4959 4446 5028 4451 5028 5023 5028 4415 2427 4431 2427 4944 2427 4462 2989 4415 2989 4944 2989 4996 2923 4631 2923 4944 2923 4631 2749 4462 2749 4944 2749 4623 2963 4631 2963 4996 2963 4756 4486 4623 4486 4996 4486 4573 5003 4462 5003 4631 5003 4540 2297 4462 2297 4573 2297 4542 2939 4540 2939 4573 2939 4577 2936 4542 2936 4573 2936 4509 5024 4462 5024 4540 5024 4490 3155 4472 3155 4509 3155 4395 3716 4388 3716 4377 3716 4362 3715 4395 3715 4377 3715 4385 4105 4395 4105 4362 4105 4370 3288 4385 3288 4362 3288 4193 3715 4201 3715 4186 3715 4149 3715 4193 3715 4186 3715 4164 3716 4193 3716 4149 3716 4140 3715 4164 3715 4149 3715 3944 3715 3958 3715 3927 3715 3904 3715 3944 3715 3927 3715 3893 3715 3904 3715 3927 3715 3944 3716 3966 3716 3958 3716 3783 3715 3845 3715 3805 3715 3766 3715 3783 3715 3805 3715 3772 3716 3766 3716 3805 3716 3783 3715 3824 3715 3845 3715 3905 2803 3941 2803 3963 2803 3993 2028 3905 2028 3963 2028 4036 5756 3905 5756 3993 5756 3959 5931 3905 5931 4036 5931 3905 4679 3892 4679 3925 4679 3941 5143 3905 5143 3925 5143 3829 1661 3857 1661 3905 1661 3857 6105 3886 6105 3905 6105 3887 5937 3829 5937 3905 5937 3959 5900 3887 5900 3905 5900 3880 6282 3887 6282 3959 6282 3857 5773 3832 5773 3866 5773 3886 5446 3857 5446 3866 5446 3800 1689 3806 1689 3829 1689 3887 5949 3847 5949 3829 5949 3847 5942 3800 5942 3829 5942 3806 5193 3804 5193 3829 5193 3806 5198 3782 5198 3804 5198 3800 5516 3793 5516 3777 5516 3788 6128 3793 6128 3800 6128 3822 5955 3788 5955 3800 5955 3847 6000 3822 6000 3800 6000 3820 7423 3822 7423 3847 7423 3788 1433 3789 1433 3793 1433 3788 5433 3773 5433 3789 5433 3788 4773 3766 4773 3773 4773 3854 7391 3867 7391 3822 7391 3867 5912 3801 5912 3822 5912 3801 5863 3788 5863 3822 5863 3801 1399 3790 1399 3788 1399 3779 4303 3770 4303 3774 4303 3790 5583 3779 5583 3774 5583 3801 5459 3779 5459 3790 5459 3858 6065 3801 6065 3867 6065 3858 1553 3828 1553 3801 1553 3828 5922 3807 5922 3801 5922 3828 5478 3791 5478 3807 5478 3828 5553 3792 5553 3791 5553 3952 5873 3858 5873 3867 5873 3952 5816 3913 5816 3858 5816 3913 1493 3883 1493 3858 1493 3883 5166 3831 5166 3858 5166 3883 5609 3862 5609 3831 5609 4018 5791 3913 5791 3952 5791 4000 5754 3946 5754 3913 5754 4018 5785 4000 5785 3913 5785 3946 5063 3891 5063 3913 5063 3946 4552 3904 4552 3891 4552 4000 1495 3964 1495 3946 1495 4000 5549 3955 5549 3964 5549 4082 5697 4059 5697 4018 5697 4059 5682 4000 5682 4018 5682 4059 5655 4027 5655 4000 5655 4000 5376 3987 5376 3955 5376 4059 5073 4021 5073 4027 5073 4059 4911 4035 4911 4021 4911 4157 5593 4059 5593 4082 5593 4157 5604 4144 5604 4059 5604 4144 4628 4083 4628 4059 4628 4144 1875 4112 1875 4083 1875 4112 5158 4071 5158 4083 5158 4112 5393 4106 5393 4071 5393 4237 5467 4144 5467 4157 5467 4237 5466 4240 5466 4144 5466 4240 2906 4197 2906 4144 2906 4197 4745 4138 4745 4144 4745 4197 4673 4164 4673 4138 4673 4240 2845 4216 2845 4197 2845 4299 5175 4305 5175 4237 5175 4305 4977 4240 4977 4237 4977 4240 4636 4213 4636 4216 4636 4305 4331 4267 4331 4240 4331 4240 4627 4238 4627 4213 4627 4354 4453 4305 4453 4299 4453 4439 3017 4415 3017 4462 3017 4305 4503 4268 4503 4267 4503 4339 2862 4318 2862 4305 2862 4354 4583 4339 4583 4305 4583 4415 4196 4354 4196 4431 4196 4305 4510 4286 4510 4268 4510 4339 3328 4354 3328 4415 3328 4509 3108 4472 3108 4462 3108 4396 4042 4339 4042 4415 4042 4411 2962 4415 2962 4439 2962 4444 3106 4411 3106 4439 3106 4396 4352 4363 4352 4339 4352 4339 4406 4315 4406 4318 4406 4342 4263 4326 4263 4315 4263 4339 4447 4342 4447 4315 4447 4396 4414 4369 4414 4363 4414 4385 4434 4369 4434 4396 4434 4097 6377 4090 6377 4117 6377 4105 7335 4097 7335 4117 7335 4097 6106 4036 6106 4090 6106 3993 4169 3991 4169 4036 4169 3993 5418 3954 5418 3980 5418 3963 5413 3954 5413 3993 5413 3959 6068 4036 6068 4097 6068 3980 2545 3954 2545 3947 2545 4380 3715 4389 3715 4378 3715 4389 3715 4427 3715 4378 3715 4356 3715 4366 3715 4378 3715 4327 3715 4356 3715 4378 3715 4366 3715 4380 3715 4378 3715 4389 3715 4398 3715 4427 3715 4398 3716 4409 3716 4427 3716 4456 3551 4465 3551 4427 3551 4465 3633 4496 3633 4427 3633 4448 3563 4456 3563 4427 3563 4263 3789 4289 3789 4327 3789 4289 3715 4304 3715 4327 3715 4343 3715 4349 3715 4327 3715 4349 3715 4356 3715 4327 3715 4304 3715 4312 3715 4327 3715 4477 3716 4486 3716 4496 3716 4465 3715 4477 3715 4496 3715 4265 3755 4277 3755 4263 3755 4277 3728 4289 3728 4263 3728 4486 3715 4501 3715 4496 3715 4501 3715 4588 3715 4496 3715 4183 3697 4250 3697 4263 3697 4250 3803 4265 3803 4263 3803 4501 3716 4524 3716 4588 3716 4235 3715 4245 3715 4183 3715 4245 3716 4250 3716 4183 3716 4524 3715 4536 3715 4588 3715 4536 3715 4537 3715 4588 3715 4537 3746 4652 3746 4588 3746 4146 3716 4174 3716 4183 3716 4067 3716 4122 3716 4183 3716 4122 3715 4146 3715 4183 3715 4174 3715 4194 3715 4183 3715 4194 3715 4235 3715 4183 3715 4413 3715 4427 3715 4409 3715 4316 3715 4327 3715 4312 3715 4327 3715 4340 3715 4343 3715 4417 3715 4427 3715 4413 3715 4235 3715 4241 3715 4245 3715 4427 3715 4441 3715 4448 3715 4227 3715 4233 3715 4235 3715 4194 3715 4212 3715 4235 3715 4212 3715 4221 3715 4235 3715 4221 3715 4227 3715 4235 3715 4233 3715 4242 3715 4235 3715 4242 3715 4239 3715 4235 3715 4239 3715 4241 3715 4235 3715 4334 3542 4344 3542 4327 3542 4344 3716 4340 3716 4327 3716 4316 3715 4320 3715 4327 3715 4320 3834 4334 3834 4327 3834 4433 3715 4441 3715 4427 3715 4418 3610 4437 3610 4427 3610 4437 3715 4433 3715 4427 3715 4417 3985 4418 3985 4427 3985 4414 3943 4418 3943 4417 3943 4541 3748 4652 3748 4537 3748 4334 3569 4350 3569 4344 3569 4408 3890 4418 3890 4414 3890 4621 3816 4629 3816 4652 3816 4595 3768 4606 3768 4652 3768 4606 3784 4615 3784 4652 3784 4615 3802 4621 3802 4652 3802 4541 3743 4595 3743 4652 3743 4629 3838 4633 3838 4652 3838 4104 3715 4108 3715 4067 3715 4108 3715 4115 3715 4067 3715 4115 3716 4122 3716 4067 3716 4582 3715 4595 3715 4541 3715 4538 3715 4582 3715 4541 3715 4319 3848 4334 3848 4320 3848 4538 3715 4574 3715 4582 3715 4334 3593 4355 3593 4350 3593 4399 3860 4418 3860 4408 3860 4538 3715 4566 3715 4574 3715 4530 3715 4561 3715 4538 3715 4561 3716 4566 3716 4538 3716 4233 3715 4246 3715 4242 3715 4314 3824 4334 3824 4319 3824 4418 3619 4447 3619 4437 3619 4334 3618 4367 3618 4355 3618 4390 3826 4418 3826 4399 3826 4334 3653 4381 3653 4367 3653 4381 3787 4418 3787 4390 3787 4334 3722 4418 3722 4381 3722 4520 3715 4557 3715 4530 3715 4557 3715 4561 3715 4530 3715 4233 3715 4252 3715 4246 3715 4311 3815 4334 3815 4314 3815 4418 3416 4455 3416 4447 3416 4500 3715 4551 3715 4520 3715 4551 3715 4562 3715 4520 3715 4562 3715 4557 3715 4520 3715 4233 3715 4266 3715 4252 3715 4303 3818 4334 3818 4311 3818 4229 3715 4233 3715 4227 3715 4303 3854 4293 3854 4334 3854 4466 3349 4455 3349 4418 3349 4487 3715 4551 3715 4500 3715 4233 3715 4282 3715 4266 3715 4466 3450 4551 3450 4478 3450 4478 3715 4551 3715 4487 3715 4233 3716 4293 3716 4282 3716 4630 3877 4652 3877 4633 3877 4067 3715 4109 3715 4104 3715 4228 3715 4233 3715 4229 3715 3945 3715 3990 3715 3974 3715 3990 3715 4013 3715 3974 3715 4013 3715 4025 3715 3974 3715 4025 3715 4038 3715 3974 3715 4038 3715 4049 3715 3974 3715 4049 3716 4067 3716 3974 3716 4551 3716 4567 3716 4562 3716 4620 3716 4634 3716 4630 3716 4634 3845 4652 3845 4630 3845 4067 3715 4116 3715 4109 3715 4220 3715 4233 3715 4228 3715 4638 3554 4640 3554 4652 3554 4634 3546 4638 3546 4652 3546 4640 3638 4646 3638 4652 3638 4646 3685 4658 3685 4652 3685 4674 3725 4687 3725 4652 3725 4687 3924 4743 3924 4652 3924 4658 3700 4674 3700 4652 3700 4087 3715 4094 3715 4067 3715 4094 3716 4100 3716 4067 3716 4065 3716 4080 3716 4067 3716 4080 3715 4087 3715 4067 3715 4049 3715 4065 3715 4067 3715 4100 3715 4116 3715 4067 3715 4701 3912 4717 3912 4743 3912 4717 3945 4730 3945 4743 3945 4687 3876 4701 3876 4743 3876 4730 3865 4842 3865 4743 3865 4610 4100 4575 4100 4551 4100 4575 3716 4567 3716 4551 3716 4220 3715 4211 3715 4233 3715 4211 3715 4158 3715 4233 3715 4614 3715 4634 3715 4620 3715 4100 3715 4123 3715 4116 3715 3979 3715 3990 3715 3945 3715 4610 4162 4583 4162 4575 4162 4607 3715 4634 3715 4614 3715 4100 3715 4147 3715 4123 3715 4195 3715 4158 3715 4211 3715 4610 4141 4634 4141 4607 4141 4610 4043 4596 4043 4583 4043 4596 3457 4610 3457 4607 3457 4158 3715 4175 3715 4147 3715 4100 3715 4158 3715 4147 3715 4175 3715 4158 3715 4195 3715 4736 3715 4842 3715 4730 3715 4100 3715 4102 3715 4158 3715 4634 3716 4636 3716 4638 3716 3945 3715 3975 3715 3979 3715 4734 3715 4842 3715 4736 3715 3947 2984 3945 2984 3827 2984 4610 4133 4641 4133 4634 4133 4641 3716 4636 3716 4634 3716 4734 3715 4751 3715 4842 3715 3947 4692 3983 4692 3945 4692 3983 3715 3975 3715 3945 3715 4099 3715 4102 3715 4100 3715 4731 3715 4751 3715 4734 3715 4095 3715 4102 3715 4099 3715 4831 3715 4994 3715 4842 3715 4802 3715 4831 3715 4842 3715 4763 3716 4784 3716 4842 3716 4784 3715 4802 3715 4842 3715 4751 3715 4763 3715 4842 3715 3947 4753 3989 4753 3983 4753 4645 4131 4641 4131 4610 4131 4086 3967 4075 3967 4102 3967 4095 3715 4086 3715 4102 3715 3895 3122 3947 3122 3827 3122 4722 3715 4751 3715 4731 3715 3947 4403 3954 4403 3989 4403 4610 4199 4651 4199 4645 4199 4708 3715 4751 3715 4722 3715 3954 4190 4014 4190 3989 4190 4690 4155 4651 4155 4610 4155 4077 3963 4075 3963 4086 3963 4034 4173 4014 4173 3954 4173 4690 4050 4665 4050 4651 4050 4691 3715 4751 3715 4708 3715 4058 3915 4075 3915 4077 3915 4690 3934 4676 3934 4665 3934 4676 3715 4751 3715 4691 3715 3954 4145 4047 4145 4034 4145 4047 3906 4075 3906 4058 3906 3954 3319 4075 3319 4047 3319 3865 4212 3895 4212 3827 4212 3759 3999 3852 3999 3827 3999 3852 4064 3865 4064 3827 4064 3954 4198 3970 4198 4075 4198 3970 3770 3998 3770 4075 3770 3998 3758 4032 3758 4075 3758 4725 3715 4739 3715 4676 3715 4739 3715 4751 3715 4676 3715 4712 3715 4718 3715 4676 3715 4718 3715 4725 3715 4676 3715 4690 4113 4712 4113 4676 4113 4851 3715 4994 3715 4831 3715 4864 3715 4994 3715 4851 3715 3759 3921 3838 3921 3852 3921 4007 3715 4032 3715 3998 3715 4864 3715 4862 3715 4994 3715 4862 3715 4927 3715 4994 3715 4713 4099 4712 4099 4690 4099 4744 4146 4719 4146 4690 4146 4719 4120 4713 4120 4690 4120 4008 3715 3999 3715 4032 3715 3999 3715 3967 3715 4032 3715 4007 3715 4008 3715 4032 3715 4927 3715 4980 3715 4994 3715 4980 3715 5073 3715 4994 3715 3759 3285 3842 3285 3838 3285 3759 3247 3775 3247 3842 3247 3727 3706 3768 3706 3759 3706 3768 3126 3775 3126 3759 3126 4848 3716 4927 3716 4862 3716 4744 3715 4726 3715 4719 3715 3981 3715 3967 3715 3999 3715 4832 3715 4927 3715 4848 3715 3832 4256 3888 4256 3866 4256 4744 3715 4740 3715 4726 3715 4890 3715 4927 3715 4832 3715 4803 3715 4856 3715 4832 3715 4856 3715 4890 3715 4832 3715 3961 3715 3967 3715 3981 3715 4744 3715 4752 3715 4740 3715 4825 3715 4856 3715 4803 3715 3832 4327 3873 4327 3888 4327 3873 3715 3918 3715 3888 3715 4785 3715 4825 3715 4803 3715 3939 3715 3967 3715 3961 3715 4744 3715 4764 3715 4752 3715 4764 3715 4789 3715 4785 3715 4789 3715 4825 3715 4785 3715 3911 3715 3967 3715 3939 3715 3873 3716 3911 3716 3918 3716 3911 3715 3939 3715 3918 3715 4744 3715 4770 3715 4764 3715 4770 3715 4771 3715 4764 3715 4771 3715 4777 3715 4764 3715 4777 3715 4789 3715 4764 3715 3911 3715 3930 3715 3967 3715 3930 3715 3934 3715 3967 3715 3934 3715 3928 3715 3967 3715 3757 3715 3768 3715 3727 3715 4980 3716 5004 3716 5073 3716 5019 3715 5102 3715 5073 3715 5010 3715 5019 3715 5073 3715 5004 3715 5010 3715 5073 3715 3714 3715 3752 3715 3727 3715 3752 3716 3757 3716 3727 3716 5005 3715 5102 3715 5019 3715 3714 3178 3761 3178 3752 3178 4787 3956 4778 3956 4770 3956 3906 3443 3909 3443 3928 3443 4787 3861 4791 3861 4778 3861 4979 3715 5102 3715 5005 3715 4787 3801 4822 3801 4791 3801 4928 3715 5102 3715 4979 3715 3872 3501 3909 3501 3906 3501 3714 3204 3744 3204 3761 3204 3793 4329 3802 4329 3777 4329 4889 3715 5102 3715 4928 3715 4787 3753 4857 3753 4822 3753 3836 3557 3909 3557 3872 3557 3793 4193 3836 4193 3802 4193 4857 3715 5102 3715 4889 3715 3793 4298 3909 4298 3836 4298 4787 3734 5102 3734 4857 3734 3819 4341 3909 4341 3793 4341 3734 3021 3744 3021 3714 3021 4965 3715 5017 3715 5102 3715 5017 3716 5035 3716 5102 3716 5035 3715 5054 3715 5102 3715 5054 3715 5112 3715 5102 3715 4839 3805 4871 3805 4787 3805 4871 3777 5102 3777 4787 3777 4808 3840 4839 3840 4787 3840 3819 3471 3859 3471 3909 3471 4896 3715 4965 3715 5102 3715 4871 3715 4896 3715 5102 3715 3732 3715 3734 3715 3714 3715 3711 3968 3732 3968 3714 3968 4797 5426 4798 5426 4787 5426 4798 3872 4808 3872 4787 3872 3882 3422 3900 3422 3909 3422 3900 3332 3910 3332 3909 3332 3859 3454 3882 3454 3909 3454 5057 3715 5112 3715 5054 3715 3896 3367 3910 3367 3900 3367 5055 3715 5112 3715 5057 3715 3711 3984 3737 3984 3732 3984 4788 4416 4809 4416 4797 4416 5034 3715 5112 3715 5055 3715 3881 3423 3910 3423 3896 3423 5105 3715 5112 3715 5034 3715 3711 3027 3745 3027 3737 3027 4788 3972 4838 3972 4809 3972 5018 3715 5105 3715 5034 3715 3856 3456 3910 3456 3881 3456 3711 3175 3760 3175 3745 3175 4788 3961 4872 3961 4838 3961 4966 3715 5105 3715 5018 3715 3812 3479 3910 3479 3856 3479 3770 4233 3794 4233 3774 4233 4788 3929 4897 3929 4872 3929 4897 3715 5105 3715 4966 3715 3770 3474 3910 3474 3812 3474 3794 3715 3770 3715 3812 3715 4788 3930 5105 3930 4897 3930 4877 3715 4910 3715 5105 3715 4847 3715 4877 3715 5105 3715 4788 3837 4847 3837 5105 3837 3779 4249 3803 4249 3770 4249 3803 3715 3835 3715 3770 3715 3835 3531 3910 3531 3770 3531 4910 3715 4981 3715 5105 3715 4981 3715 5003 3715 5105 3715 5003 3715 5079 3715 5105 3715 3754 3163 3760 3163 3711 3163 3721 4027 3754 4027 3711 4027 4824 3874 4847 3874 4788 3874 4790 3923 4824 3923 4788 3923 4772 4057 4779 4057 4788 4057 4779 3971 4790 3971 4788 3971 3876 3486 3914 3486 3910 3486 3835 3550 3876 3550 3910 3550 3914 3431 3929 3431 3910 3431 5020 3715 5079 3715 5003 3715 4745 3715 4769 3715 4772 3715 3935 3715 3968 3715 3929 3715 3758 4035 3754 4035 3721 4035 5011 3715 5079 3715 5020 3715 5002 3716 5031 3716 5079 3716 5011 3715 5002 3715 5079 3715 3931 3715 3968 3715 3935 3715 4745 3715 4780 3715 4769 3715 3912 3715 3968 3715 3931 3715 3721 4038 3769 4038 3758 4038 3747 4010 3769 4010 3721 4010 4745 3716 4792 3716 4780 3716 4978 3715 5031 3715 5002 3715 3747 3135 3776 3135 3769 3135 4745 3715 4823 3715 4792 3715 4924 3715 5031 3715 4978 3715 4929 3715 4924 3715 4978 3715 3874 3716 3968 3716 3912 3716 4891 3715 4924 3715 4929 3715 3747 3263 3841 3263 3776 3263 4745 3715 4858 3715 4823 3715 3831 4297 3968 4297 3874 4297 4858 3715 4924 3715 4891 3715 4745 3715 4924 3715 4858 3715 4750 3715 4765 3715 4745 3715 4765 3715 4924 3715 4745 3715 4882 3981 5031 3981 4924 3981 4801 3715 4833 3715 4924 3715 4833 3715 4849 3715 4924 3715 4849 3715 4863 3715 4924 3715 4863 3426 4882 3426 4924 3426 4765 3715 4786 3715 4924 3715 4786 3715 4801 3715 4924 3715 3831 4208 3919 4208 3968 4208 3919 3715 3940 3715 3968 3715 3862 4292 3889 4292 3831 4292 3889 4216 3919 4216 3831 4216 4724 3715 4741 3715 4745 3715 4693 3715 4724 3715 4745 3715 4741 3716 4750 3716 4745 3716 3940 3715 3962 3715 3968 3715 3962 3715 3982 3715 3968 3715 3982 3715 3992 3715 3968 3715 3992 3716 4033 3716 3968 3716 4693 3715 4720 3715 4724 3715 4005 3716 4033 3716 3992 3716 4693 3715 4714 3715 4720 3715 4009 3715 4033 3715 4005 3715 3747 3225 3839 3225 3841 3225 4693 3715 4715 3715 4714 3715 4865 3320 4882 3320 4863 3320 3818 3715 3853 3715 3747 3715 3853 3715 3839 3715 3747 3715 4068 3715 4033 3715 4009 3715 3997 3715 4068 3715 4009 3715 4657 3715 4721 3715 4693 3715 4721 3715 4715 3715 4693 3715 4850 3404 4882 3404 4865 3404 4657 3715 4727 3715 4721 3715 3818 3715 3864 3715 3853 3715 4834 3427 4882 3427 4850 3427 3971 3715 4068 3715 3997 3715 4657 3715 4742 3715 4727 3715 4804 3449 4882 3449 4834 3449 3818 4177 3894 4177 3864 4177 4657 3715 4753 3715 4742 3715 3955 4218 4068 4218 3971 4218 4781 3483 4882 3483 4804 3483 4657 3715 4762 3715 4753 3715 3818 3355 3978 3355 3894 3355 4762 3594 4882 3594 4781 3594 4659 3715 4675 3715 4657 3715 4675 3715 4688 3715 4657 3715 4688 3715 4762 3715 4657 3715 4756 3402 4882 3402 4762 3402 4700 3715 4716 3715 4762 3715 4716 3715 4728 3715 4762 3715 4688 3715 4700 3715 4762 3715 4728 3715 4737 3715 4762 3715 4737 4125 4756 4125 4762 4125 3987 4244 4001 4244 3955 4244 4001 4210 4024 4210 3955 4210 4024 4191 4041 4191 3955 4191 4041 4164 4068 4164 3955 4164 4612 4171 4647 4171 4657 4171 4647 3715 4659 3715 4657 3715 4041 3715 4053 3715 4068 3715 4053 3715 4078 3715 4068 3715 4078 4106 4091 4106 4068 4106 4612 4158 4642 4158 4647 4158 4756 3617 4906 3617 4882 3617 3818 3279 3942 3279 3978 3279 4098 3391 4103 3391 4091 3391 4603 3380 4613 3380 4612 3380 4613 3331 4618 3331 4612 3331 4618 3292 4624 3292 4612 3292 4624 3304 4635 3304 4612 3304 4635 4136 4637 4136 4612 4136 4637 4142 4642 4142 4612 4142 4113 3715 4128 3715 4103 3715 4106 4277 4113 4277 4103 4277 4128 3715 4161 3715 4103 3715 4161 3715 4159 3715 4103 3715 4098 3715 4101 3715 4103 3715 4101 3267 4106 3267 4103 3267 4635 3715 4639 3715 4637 3715 4735 4185 4756 4185 4737 4185 4096 3275 4106 3275 4101 3275 3942 4266 3984 4266 3978 4266 4729 4152 4756 4152 4735 4152 4589 3552 4603 3552 4612 3552 4552 4148 4579 4148 4612 4148 4579 4114 4589 4114 4612 4114 4161 3715 4190 3715 4159 3715 4190 3715 4206 3715 4159 3715 4206 3715 4234 3715 4159 3715 4635 3715 4643 3715 4639 3715 3942 3715 4002 3715 3984 3715 4723 4127 4756 4127 4729 4127 4084 3306 4106 3306 4096 3306 4635 3715 4650 3715 4643 3715 4709 4116 4756 4116 4723 4116 4071 4143 4106 4143 4084 4143 3942 3715 4026 3715 4002 3715 4552 3715 4572 3715 4579 3715 4635 3715 4664 3715 4650 3715 4692 4095 4756 4095 4709 4095 4219 3715 4234 3715 4206 3715 3942 3716 4048 3716 4026 3716 4048 3015 4037 3015 4026 3015 4756 3403 4677 3403 4664 3403 4635 4092 4756 4092 4664 4092 4677 4047 4756 4047 4692 4047 4048 4183 4111 4183 4037 4183 4552 3715 4565 3715 4572 3715 4470 3381 4482 3381 4552 3381 4482 3715 4497 3715 4552 3715 4497 3715 4522 3715 4552 3715 4522 3715 4558 3715 4552 3715 4558 3715 4565 3715 4552 3715 4230 3716 4234 3716 4219 3716 4632 3716 4635 3716 4624 3716 4632 4096 4756 4096 4635 4096 4238 4465 4244 4465 4234 4465 4244 3716 4248 3716 4234 3716 4248 3715 4254 3715 4234 3715 4254 3715 4273 3715 4234 3715 4273 3715 4287 3715 4234 3715 4287 3715 4295 3715 4234 3715 4230 3215 4238 3215 4234 3215 4310 3833 4338 3833 4295 3833 4628 4097 4756 4097 4632 4097 4535 3715 4563 3715 4558 3715 4522 3715 4535 3715 4558 3715 4428 3675 4453 3675 4470 3675 4226 3180 4238 3180 4230 3180 4313 3812 4338 3812 4310 3812 4341 3553 4347 3553 4338 3553 4347 3585 4353 3585 4338 3585 4326 3598 4341 3598 4338 3598 4321 3808 4326 3808 4338 3808 4313 3817 4317 3817 4338 3817 4317 3835 4321 3835 4338 3835 4443 3716 4449 3716 4428 3716 4449 3716 4453 3716 4428 3716 4411 4109 4434 4109 4428 4109 4434 3716 4435 3716 4428 3716 4435 3715 4443 3715 4428 3715 4407 3715 4412 3715 4428 3715 4406 3715 4403 3715 4428 3715 4403 3716 4407 3716 4428 3716 4412 3716 4416 3716 4428 3716 4416 3123 4411 3123 4428 3123 4217 3206 4238 3206 4226 3206 4360 3626 4372 3626 4338 3626 4372 3676 4383 3676 4338 3676 4383 3669 4406 3669 4338 3669 4353 3602 4360 3602 4338 3602 4392 3715 4403 3715 4406 3715 4383 3716 4392 3716 4406 3716 4623 4150 4756 4150 4628 4150 4535 3715 4571 3715 4563 3715 4048 4073 4124 4073 4111 4073 4535 3715 4539 3715 4571 3715 4528 4108 4668 4108 4756 4108 4213 3277 4238 3277 4217 3277 4539 3244 4577 3244 4571 3244 4048 3715 4145 3715 4124 3715 4145 3715 4151 3715 4124 3715 4539 3246 4542 3246 4577 3246 4145 4221 4184 4221 4151 4221 4145 3280 4247 3280 4184 3280 4528 4126 4506 4126 4668 4126 4506 3791 4599 3791 4668 3791 4411 3099 4444 3099 4434 3099 4315 4401 4326 4401 4321 4401 4326 2990 4342 2990 4341 2990 4145 3297 4243 3297 4247 3297 4243 4334 4253 4334 4247 4334 4516 3149 4506 3149 4528 3149 4243 3715 4272 3715 4253 3715 4495 3661 4506 3661 4516 3661 4322 3336 4357 3336 4298 3336 4397 3230 4473 3230 4467 3230 4243 3715 4284 3715 4272 3715 4473 4370 4481 4370 4467 4370 4481 3419 4506 3419 4495 3419 4284 4230 4322 4230 4298 4230 4473 4342 4506 4342 4481 4342 4243 3715 4322 3715 4284 3715 4393 3212 4473 3212 4397 3212 4322 3373 4373 3373 4357 3373 4386 4213 4393 4213 4397 4213 4506 3864 4502 3864 4599 3864 4322 3904 4393 3904 4373 3904 4373 3764 4393 3764 4386 3764 4767 2800 4883 2800 4766 2800 5045 4168 4883 4168 4767 4168 5155 4932 5156 4932 5100 4932 5046 4922 5098 4922 5155 4922 4835 1805 4767 1805 4757 1805 4835 1458 5045 1458 4767 1458 4988 1767 5045 1767 4835 1767 4988 1801 5100 1801 5045 1801 5071 1694 5100 1694 4988 1694 5101 1778 5100 1778 5071 1778 5101 1335 5155 1335 5100 1335 5111 1647 5155 1647 5101 1647 5080 1773 5155 1773 5111 1773 5046 1372 5155 1372 5080 1372 5032 1669 5046 1669 5080 1669 4905 1865 5046 1865 5032 1865 4881 1774 4905 1774 5032 1774 4328 4289 4378 4289 4405 4289 4378 3134 4427 3134 4405 3134 4427 2733 4488 2733 4405 2733 4328 4390 4327 4390 4378 4390 4496 2681 4488 2681 4427 2681 4263 4906 4327 4906 4328 4906 4251 4951 4263 4951 4328 4951 4496 2013 4586 2013 4488 2013 4588 1994 4586 1994 4496 1994 4165 5529 4183 5529 4251 5529 4183 5493 4263 5493 4251 5493 4588 1782 4649 1782 4586 1782 4652 1771 4649 1771 4588 1771 4057 5737 4067 5737 4165 5737 4067 5703 4183 5703 4165 5703 4652 1640 4699 1640 4649 1640 4743 1575 4699 1575 4652 1575 3956 5913 3974 5913 4057 5913 3974 5889 4067 5889 4057 5889 4743 1512 4757 1512 4699 1512 3956 5984 3945 5984 3974 5984 4842 1407 4757 1407 4743 1407 3827 6067 3945 6067 3956 6067 3830 6071 3827 6071 3956 6071 4842 1395 4835 1395 4757 1395 4842 1282 4988 1282 4835 1282 4994 1273 4988 1273 4842 1273 3751 6207 3827 6207 3830 6207 3751 6210 3759 6210 3827 6210 4994 1135 5071 1135 4988 1135 5073 1127 5071 1127 4994 1127 3727 6342 3759 6342 3751 6342 3724 6368 3727 6368 3751 6368 5073 109 5101 109 5071 109 5102 107 5101 107 5073 107 3712 7382 3714 7382 3724 7382 3714 7354 3727 7354 3724 7354 5102 20 5111 20 5101 20 5112 19 5111 19 5102 19 3713 7443 3711 7443 3712 7443 3711 7441 3714 7441 3712 7441 5105 65 5080 65 5111 65 5112 37 5105 37 5111 37 3725 7365 3711 7365 3713 7365 5079 81 5080 81 5105 81 3725 7386 3721 7386 3711 7386 5079 1068 5032 1068 5080 1068 5031 1073 5032 1073 5079 1073 3747 6375 3721 6375 3725 6375 3756 6354 3747 6354 3725 6354 5031 1214 4881 1214 5032 1214 4882 1206 4881 1206 5031 1206 3844 6201 3818 6201 3756 6201 3818 6224 3747 6224 3756 6224 3960 6064 3942 6064 3844 6064 3942 6094 3818 6094 3844 6094 4064 5899 4048 5899 3960 5899 4048 5936 3942 5936 3960 5936 4173 5727 4145 5727 4064 5727 4145 5757 4048 5757 4064 5757 4255 5513 4243 5513 4173 5513 4243 5566 4145 5566 4173 5566 4329 4915 4322 4915 4255 4915 4322 5047 4243 5047 4255 5047 4506 2461 4457 2461 4498 2461 4457 2497 4452 2497 4498 2497 4452 2703 4410 2703 4498 2703 4473 2492 4457 2492 4506 2492 4438 2702 4457 2702 4473 2702 4410 2811 4457 2811 4438 2811 4393 2813 4438 2813 4473 2813 4393 2899 4410 2899 4438 2899 4457 2809 4410 2809 4452 2809 4410 4242 4393 4242 4329 4242 4393 4399 4322 4399 4329 4399 4512 4862 4423 4862 4422 4862 4423 3713 4331 3713 4422 3713 4331 3713 4330 3713 4422 3713 4331 2585 4249 2585 4330 2585 4249 2594 4256 2594 4330 2594 4512 4862 4513 4862 4423 4862 4597 5496 4513 5496 4512 5496 4249 1972 4168 1972 4256 1972 4597 5496 4598 5496 4513 5496 4169 1941 4168 1941 4249 1941 4666 5715 4598 5715 4597 5715 4043 1745 4054 1745 4168 1745 4169 1735 4043 1735 4168 1735 4666 5715 4667 5715 4598 5715 4698 5825 4749 5825 4666 5825 4749 5862 4667 5862 4666 5862 4043 1558 3949 1558 4054 1558 4766 5934 4749 5934 4698 5934 3916 1514 3949 1514 4043 1514 3916 1388 3808 1388 3949 1388 4766 6054 4884 6054 4749 6054 4883 6074 4884 6074 4766 6074 3809 1353 3808 1353 3916 1353 5045 6202 4884 6202 4883 6202 3809 1256 3739 1256 3808 1256 3739 1256 3738 1256 3808 1256 5045 6197 5047 6197 4884 6197 5100 6361 5047 6361 5045 6361 3739 1119 3718 1119 3738 1119 3718 1096 3715 1096 3738 1096 5100 6360 5097 6360 5047 6360 5156 7368 5097 7368 5100 7368 3718 99 3709 99 3715 99 3709 95 3708 95 3715 95 5156 7371 5157 7371 5097 7371 5155 7450 5157 7450 5156 7450 3709 18 3707 18 3708 18 3707 11 3710 11 3708 11 5155 7453 5158 7453 5157 7453 5098 7374 5158 7374 5155 7374 3707 83 3717 83 3710 83 3717 94 3716 94 3710 94 5098 7372 5099 7372 5158 7372 5046 6355 5099 6355 5098 6355 3717 1095 3741 1095 3716 1095 3741 1095 3740 1095 3716 1095 5046 6358 5048 6358 5099 6358 4905 6213 5048 6213 5046 6213 3741 1257 3811 1257 3740 1257 3811 1257 3810 1257 3740 1257 4906 6195 4885 6195 5048 6195 4905 6220 4906 6220 5048 6220 3811 1360 3932 1360 3810 1360 3932 1387 3950 1387 3810 1387 4756 6070 4885 6070 4906 6070 4756 6063 4759 6063 4885 6063 3932 1554 4056 1554 3950 1554 4056 1557 4055 1557 3950 1557 4756 5893 4669 5893 4759 5893 4668 5870 4669 5870 4756 5870 4056 1747 4171 1747 4055 1747 4171 1747 4170 1747 4055 1747 4599 5712 4669 5712 4668 5712 4599 5712 4600 5712 4669 5712 4171 1969 4258 1969 4170 1969 4258 1970 4257 1970 4170 1970 4502 5490 4600 5490 4599 5490 4502 5499 4514 5499 4600 5499 4258 2592 4333 2592 4257 2592 4333 2592 4332 2592 4257 2592 4475 4929 4445 4929 4514 4929 4445 4861 4425 4861 4514 4861 4502 5042 4475 5042 4514 5042 4424 4795 4471 4795 4508 4795 4471 5095 4502 5095 4508 5095 4471 4931 4450 4931 4502 4931 4450 5077 4475 5077 4502 5077 4450 4954 4454 4954 4475 4954 4424 4716 4450 4716 4471 4716 4445 4881 4454 4881 4450 4881 4425 4588 4445 4588 4450 4588 4424 4612 4425 4612 4450 4612 4332 3720 4425 3720 4424 3720 4333 3720 4425 3720 4332 3720 4163 3715 4200 3715 4185 3715 4139 3715 4163 3715 4185 3715 4148 3715 4139 3715 4185 3715 4163 3715 4192 3715 4200 3715 4361 3715 4368 3715 4376 3715 4368 3715 4384 3715 4376 3715 4384 3715 4387 3715 4376 3715 4384 3715 4394 3715 4387 3715 4592 3715 4608 3715 4601 3715 4580 3715 4592 3715 4601 3715 4584 3715 4580 3715 4601 3715 4592 3715 4604 3715 4608 3715 4747 3715 4754 3715 4760 3715 4754 3715 4775 3715 4760 3715 4775 3715 4793 3715 4760 3715 4775 3716 4799 3716 4793 3716 4964 3715 4993 3715 4923 3715 4873 3716 4964 3716 4923 3716 4888 3716 4964 3716 4873 3716 4853 3715 4888 3715 4873 3715 4748 3715 4755 3715 4761 3715 4755 3716 4776 3716 4761 3716 4776 3715 4794 3715 4761 3715 4776 3716 4800 3716 4794 3716 4585 3715 4609 3715 4602 3715 4581 3716 4609 3716 4585 3716 4581 3716 4605 3716 4609 3716 4593 3716 4605 3716 4581 3716 3582 5037 3546 5037 3592 5037 3524 3143 3546 3143 3582 3143 3598 1947 3592 1947 3546 1947 3499 5484 3524 5484 3582 5484 3562 3226 3598 3226 3546 3226 3576 4564 3499 4564 3582 4564 3562 1846 3595 1846 3598 1846 3545 2938 3595 2938 3562 2938 3534 5396 3499 5396 3576 5396 3587 4532 3534 4532 3576 4532 3545 2537 3587 2537 3595 2537 3534 4182 3587 4182 3545 4182 3475 3109 3412 3109 3500 3109 3432 4407 3500 4407 3412 4407 3407 5062 3412 5062 3475 5062 3432 2422 3532 2422 3500 2422 3450 4786 3407 4786 3475 4786 3403 5507 3407 5507 3450 5507 3432 2064 3538 2064 3532 2064 3430 2838 3538 2838 3432 2838 3472 4619 3403 4619 3450 4619 3430 2000 3515 2000 3538 2000 3413 5569 3403 5569 3472 5569 3413 4539 3515 4539 3430 4539 3515 2515 3413 2515 3472 2515 3409 4741 3428 4741 3508 4741 3479 3191 3409 3191 3508 3191 3404 5131 3409 5131 3479 5131 3448 4788 3404 4788 3479 4788 3428 1933 3536 1933 3508 1933 3433 2900 3536 2900 3428 2900 3405 5470 3404 5470 3448 5470 3433 1912 3529 1912 3536 1912 3462 4966 3405 4966 3448 4966 3427 2892 3529 2892 3433 2892 3492 4664 3405 4664 3462 4664 3414 4752 3405 4752 3492 4752 3427 2554 3492 2554 3529 2554 3414 2975 3492 2975 3427 2975 3549 4693 3588 4693 3528 4693 3577 3036 3528 3036 3588 3036 3596 2039 3588 2039 3549 2039 3503 5501 3528 5501 3577 5501 3561 2852 3596 2852 3549 2852 3561 1945 3597 1945 3596 1945 3579 4794 3503 4794 3577 4794 3558 2486 3597 2486 3561 2486 3518 5486 3503 5486 3579 5486 3558 2123 3589 2123 3597 2123 3589 3063 3518 3063 3579 3063 3544 2876 3589 2876 3558 2876 3544 4779 3518 4779 3589 4779 3590 2971 3603 2971 3583 2971 3590 2073 3605 2073 3603 2073 3394 3179 3557 3179 3420 3179 3467 3946 3557 3946 3394 3946 3467 3396 3603 3396 3557 3396 3583 3287 3603 3287 3467 3287 3420 5423 3392 5423 3394 5423 3410 4314 3392 4314 3420 4314 3391 5367 3392 5367 3410 5367 3411 5165 3391 5165 3410 5165 3393 5522 3391 5522 3411 5522 3424 3290 3393 3290 3411 3290 3602 4195 3393 4195 3424 4195 3584 4124 3393 4124 3602 4124 3591 2488 3602 2488 3604 2488 3584 2727 3602 2727 3591 2727 3590 2189 3604 2189 3605 2189 3591 2283 3604 2283 3590 2283 3252 6408 3675 6408 3254 6408 3673 6340 3675 6340 3252 6340 3239 6245 3673 6245 3252 6245 3239 6091 3666 6091 3673 6091 3227 6028 3666 6028 3239 6028 3208 5743 3666 5743 3227 5743 3208 5728 3648 5728 3666 5728 3173 5081 3648 5081 3208 5081 3173 5020 3631 5020 3648 5020 3666 5162 3641 5162 3653 5162 3673 5602 3666 5602 3653 5602 3666 5322 3648 5322 3641 5322 3648 5211 3629 5211 3641 5211 3648 5210 3631 5210 3629 5210 3655 1039 3223 1039 3468 1039 3212 1193 3223 1193 3655 1193 3653 1220 3212 1220 3655 1220 3653 1460 3197 1460 3212 1460 3641 1502 3197 1502 3653 1502 3641 2092 3171 2092 3197 2092 3629 2349 3171 2349 3641 2349 3675 5462 3673 5462 3655 5462 3673 5630 3653 5630 3655 5630 3657 2693 3682 2693 3677 2693 3663 3088 3682 3088 3657 3088 3649 5060 3657 5060 3677 5060 3670 4732 3649 4732 3677 4732 3675 5075 3649 5075 3670 5075 3655 5445 3649 5445 3675 5445 3663 3103 3681 3103 3682 3103 3660 4733 3681 4733 3663 4733 3652 3394 3676 3394 3660 3394 3676 4435 3681 4435 3660 4435 3668 3720 3676 3720 3652 3720 3640 3720 3662 3720 3652 3720 3662 3720 3668 3720 3652 3720 3644 3720 3662 3720 3640 3720 3638 7314 3644 7314 3640 7314 3638 6596 3645 6596 3644 6596 3373 7189 3379 7189 3378 7189 3379 7269 3382 7269 3378 7269 3379 7261 3384 7261 3382 7261 3372 7117 3379 7117 3373 7117 3372 6437 3375 6437 3379 6437 3378 3130 3497 3130 3474 3130 3373 4751 3378 4751 3474 4751 3382 2933 3497 2933 3378 2933 3382 2398 3522 2398 3497 2398 3445 4783 3373 4783 3474 4783 3384 2466 3522 2466 3382 2466 3372 5343 3373 5343 3445 5343 3455 5085 3372 5085 3445 5085 3384 2074 3506 2074 3522 2074 3375 5057 3372 5057 3455 5057 3379 2730 3506 2730 3384 2730 3379 2790 3489 2790 3506 2790 3489 4432 3375 4432 3455 4432 3379 4363 3375 4363 3489 4363 3497 979 3488 979 3474 979 3488 301 3445 301 3474 301 3510 1013 3488 1013 3497 1013 3522 288 3510 288 3497 288 3480 175 3455 175 3445 175 3506 975 3510 975 3522 975 3506 317 3480 317 3510 317 3489 141 3455 141 3480 141 3506 773 3489 773 3480 773 3488 2312 3572 2312 3559 2312 3445 5464 3488 5464 3559 5464 3510 4252 3572 4252 3488 4252 3550 2980 3445 2980 3559 2980 3510 1892 3578 1892 3572 1892 3480 5562 3445 5562 3550 5562 3510 3038 3568 3038 3578 3038 3480 3208 3568 3208 3510 3208 3568 3075 3480 3075 3550 3075 3376 7266 3383 7266 3380 7266 3381 7092 3383 7092 3376 7092 3377 7256 3381 7256 3376 7256 3374 7174 3377 7174 3376 7174 3371 6568 3374 6568 3376 6568 3376 3110 3494 3110 3477 3110 3380 3082 3494 3082 3376 3082 3380 2683 3514 2683 3494 2683 3441 4994 3376 4994 3477 4994 3371 5032 3376 5032 3441 5032 3383 2438 3514 2438 3380 2438 3383 2093 3516 2093 3514 2093 3374 5150 3371 5150 3441 5150 3460 5079 3374 5079 3441 5079 3383 2389 3505 2389 3516 2389 3381 2318 3505 2318 3383 2318 3377 4600 3374 4600 3460 4600 3485 4544 3377 4544 3460 4544 3381 2767 3485 2767 3505 2767 3377 2921 3485 2921 3381 2921 3494 966 3463 966 3477 966 3463 1022 3441 1022 3477 1022 3516 160 3494 160 3514 160 3458 237 3441 237 3463 237 3460 992 3441 992 3458 992 3485 310 3460 310 3505 310 3552 4449 3463 4449 3570 4449 3463 4426 3494 4426 3570 4426 3494 1900 3581 1900 3570 1900 3516 2495 3581 2495 3494 2495 3551 5115 3458 5115 3552 5115 3458 5372 3463 5372 3552 5372 3505 1885 3581 1885 3516 1885 3567 2725 3460 2725 3551 2725 3460 5153 3458 5153 3551 5153 3505 1715 3567 1715 3581 1715 3460 4620 3567 4620 3505 4620 3527 3368 3401 3368 3449 3368 3527 4371 3429 4371 3401 4371 3402 2255 3452 2255 3449 2255 3401 2240 3402 2240 3449 2240 3431 2457 3526 2457 3425 2457 3431 2117 3531 2117 3526 2117 3419 2922 3531 2922 3431 2922 3419 2810 3512 2810 3531 2810 3400 3385 3526 3385 3447 3385 3425 4082 3526 4082 3400 4082 3400 2239 3447 2239 3451 2239 3399 2250 3400 2250 3451 2250 3267 6966 3278 6966 3271 6966 3278 6558 3277 6558 3271 6558 3258 6717 3278 6717 3267 6717 3268 7238 3274 7238 3278 7238 3258 6656 3268 6656 3278 6656 3267 4576 3271 4576 3322 4576 3314 4578 3267 4578 3322 4578 3271 2885 3326 2885 3322 2885 3277 2830 3326 2830 3271 2830 3258 5164 3267 5164 3314 5164 3308 5130 3258 5130 3314 5130 3277 2132 3331 2132 3326 2132 3278 2299 3331 2299 3277 2299 3278 2076 3328 2076 3331 2076 3274 2553 3328 2553 3278 2553 3268 5005 3258 5005 3308 5005 3320 4900 3268 4900 3308 4900 3274 2917 3320 2917 3328 2917 3268 3085 3320 3085 3274 3085 3326 684 3314 684 3322 684 3326 673 3313 673 3314 673 3313 228 3308 228 3314 228 3320 252 3308 252 3313 252 3328 164 3323 164 3331 164 3328 148 3320 148 3323 148 3313 5341 3326 5341 3342 5341 3337 4405 3313 4405 3342 4405 3331 1642 3342 1642 3326 1642 3331 1828 3346 1828 3342 1828 3339 4888 3320 4888 3337 4888 3320 5463 3313 5463 3337 5463 3323 2798 3346 2798 3331 2798 3323 1919 3339 1919 3346 1919 3323 2319 3320 2319 3339 2319 2960 6510 2980 6510 2974 6510 2962 6616 2960 6616 2974 6616 2960 6773 2985 6773 2980 6773 2975 6682 2985 6682 2960 6682 2969 6624 2975 6624 2960 6624 2974 3051 3018 3051 3010 3051 2980 2947 3018 2947 2974 2947 2962 4898 2974 4898 3010 4898 2980 2307 3027 2307 3018 2307 3004 4953 2962 4953 3010 4953 2985 2407 3027 2407 2980 2407 2960 5385 2962 5385 3004 5385 3012 4923 2960 4923 3004 4923 2985 2334 3020 2334 3027 2334 2975 2505 3020 2505 2985 2505 2969 4960 2960 4960 3012 4960 2975 4318 2969 4318 3012 4318 2975 3087 3012 3087 3020 3087 3018 848 3007 848 3010 848 3027 1021 3025 1021 3018 1021 3007 138 3004 138 3010 138 3027 968 3017 968 3025 968 3011 958 3004 958 3007 958 3012 1018 3004 1018 3011 1018 3020 881 3017 881 3027 881 3017 775 3012 775 3011 775 3020 859 3012 859 3017 859 3039 2908 3018 2908 3047 2908 3007 5103 3018 5103 3039 5103 3025 2047 3047 2047 3018 2047 3040 4514 3007 4514 3039 4514 3025 1797 3049 1797 3047 1797 3017 2929 3049 2929 3025 2929 3011 5465 3007 5465 3040 5465 3017 2322 3040 2322 3049 2322 3017 4475 3011 4475 3040 4475 2998 4361 2873 4361 3000 4361 2887 3092 3000 3092 2873 3092 2887 2783 3002 2783 3000 2783 2869 5002 2873 5002 2998 5002 2892 2472 3002 2472 2887 2472 2997 5059 2869 5059 2998 5059 2892 2101 3003 2101 3002 2101 2870 5389 2869 5389 2997 5389 2999 4907 2870 4907 2997 4907 2892 2509 3001 2509 3003 2509 2878 2498 3001 2498 2892 2498 2878 4586 2870 4586 2999 4586 3001 3233 2878 3233 2999 3233 3098 4313 3023 4313 3103 4313 3032 4224 3103 4224 3023 4224 3032 2709 3107 2709 3103 2709 3096 5078 3023 5078 3098 5078 3033 2476 3107 2476 3032 2476 3014 5068 3023 5068 3096 5068 3033 2168 3108 2168 3107 2168 3021 5146 3014 5146 3096 5146 3033 2369 3105 2369 3108 2369 3099 5015 3021 5015 3096 5015 3031 2462 3105 2462 3033 2462 3105 3575 3021 3575 3099 3575 3021 3879 3105 3879 3031 3879 2993 3018 3085 3018 3081 3018 2989 4570 2993 4570 3081 4570 3077 4676 2989 4676 3081 4676 2995 2839 3085 2839 2993 2839 2996 2152 3085 2152 2995 2152 2996 2305 3086 2305 3085 2305 2988 5395 2989 5395 3077 5395 3078 5197 2988 5197 3077 5197 2996 2440 3083 2440 3086 2440 2994 2400 3083 2400 2996 2400 3080 4778 2988 4778 3078 4778 2992 4728 2988 4728 3080 4728 2992 3074 3083 3074 2994 3074 3083 3185 2992 3185 3080 3185 3177 3157 3294 3157 3167 3157 3177 2829 3302 2829 3294 2829 3147 4721 3167 4721 3294 4721 3287 4729 3147 4729 3294 4729 3183 2672 3302 2672 3177 2672 3145 5360 3147 5360 3287 5360 3183 2116 3303 2116 3302 2116 3184 2200 3303 2200 3183 2200 3288 5170 3145 5170 3287 5170 3293 4973 3159 4973 3288 4973 3159 5056 3145 5056 3288 5056 3174 2666 3303 2666 3184 2666 3174 2667 3299 2667 3303 2667 3299 4310 3174 4310 3293 4310 3174 4349 3159 4349 3293 4349 3292 4450 3169 4450 3296 4450 3181 2934 3296 2934 3169 2934 3154 4599 3169 4599 3292 4599 3181 2825 3301 2825 3296 2825 3286 5030 3154 5030 3292 5030 3143 5187 3154 5187 3286 5187 3181 2285 3304 2285 3301 2285 3182 2363 3304 2363 3181 2363 3290 5097 3143 5097 3286 5097 3157 5140 3143 5140 3290 5140 3182 2346 3300 2346 3304 2346 3295 4558 3157 4558 3290 4558 3172 2891 3300 2891 3182 2891 3172 4509 3157 4509 3295 4509 3172 2953 3295 2953 3300 2953 3482 2757 3573 2757 3565 2757 3548 4689 3482 4689 3565 4689 3496 1953 3573 1953 3482 1953 3453 5399 3482 5399 3548 5399 3507 2744 3573 2744 3496 2744 3507 1882 3574 1882 3573 1882 3560 4771 3453 4771 3548 4771 3483 5515 3453 5515 3560 5515 3504 2041 3574 2041 3507 2041 3504 1829 3483 1829 3560 1829 3504 2277 3560 2277 3574 2277 3496 774 3482 774 3470 774 3453 258 3470 258 3482 258 3453 157 3442 157 3470 157 3507 273 3496 273 3521 273 3483 183 3442 183 3453 183 3504 947 3507 947 3521 947 3471 154 3442 154 3483 154 3360 3223 3496 3223 3470 3223 3353 4536 3360 4536 3470 4536 3368 2747 3496 2747 3360 2747 3368 2445 3521 2445 3496 2445 3442 5043 3353 5043 3470 5043 3348 5186 3353 5186 3442 5186 3366 2345 3521 2345 3368 2345 3366 2128 3504 2128 3521 2128 3471 5055 3355 5055 3442 5055 3355 5041 3348 5041 3442 5041 3361 2720 3504 2720 3366 2720 3483 4500 3355 4500 3471 4500 3361 2903 3483 2903 3504 2903 3361 4393 3355 4393 3483 4393 2761 2844 2855 2844 2834 2844 2834 4488 2755 4488 2761 4488 2816 4574 2755 4574 2834 4574 2761 2765 2770 2765 2855 2765 2816 5112 2749 5112 2755 5112 2812 5108 2749 5108 2816 5108 2770 2114 2863 2114 2855 2114 2772 2270 2863 2270 2770 2270 2812 5342 2753 5342 2749 5342 2812 4899 2757 4899 2753 4899 2772 2546 2763 2546 2863 2546 2763 2544 2844 2544 2863 2544 2829 4731 2757 4731 2812 4731 2763 3105 2829 3105 2844 3105 2829 4268 2763 4268 2757 4268 2849 780 2821 780 2834 780 2855 1010 2849 1010 2834 1010 2821 1019 2816 1019 2834 1019 2821 1025 2812 1025 2816 1025 2863 1035 2849 1035 2855 1035 2823 330 2812 330 2821 330 2863 331 2844 331 2849 331 2829 156 2812 156 2823 156 2844 415 2829 415 2823 415 2821 5392 2849 5392 2899 5392 2880 2836 2821 2836 2899 2836 2849 1786 2910 1786 2899 1786 2823 5730 2821 5730 2880 5730 2844 4223 2910 4223 2849 4223 2898 2919 2823 2919 2880 2919 2844 1809 2898 1809 2910 1809 2823 4632 2898 4632 2844 4632 2789 6542 2802 6542 2798 6542 2791 6447 2789 6447 2798 6447 2789 6752 2805 6752 2802 6752 2797 7084 2801 7084 2789 7084 2801 6733 2805 6733 2789 6733 2819 4463 2798 4463 2835 4463 2802 3004 2835 3004 2798 3004 2791 4631 2798 4631 2819 4631 2802 2877 2847 2877 2835 2877 2802 2374 2864 2374 2847 2374 2808 5090 2791 5090 2819 5090 2805 2452 2864 2452 2802 2452 2789 5315 2791 5315 2808 5315 2805 2066 2856 2066 2864 2066 2797 4958 2789 4958 2808 4958 2827 4790 2797 4790 2808 4790 2805 2563 2843 2563 2856 2563 2801 2490 2843 2490 2805 2490 2843 4154 2797 4154 2827 4154 2797 3365 2843 3365 2801 3365 2832 939 2819 939 2835 939 2847 950 2832 950 2835 950 2817 960 2819 960 2832 960 2817 1046 2808 1046 2819 1046 2856 203 2847 203 2864 203 2827 993 2808 993 2817 993 2843 722 2827 722 2856 722 2832 2608 2905 2608 2896 2608 2847 1939 2905 1939 2832 1939 2882 4909 2817 4909 2896 4909 2817 5188 2832 5188 2896 5188 2856 2528 2905 2528 2847 2528 2856 1923 2906 1923 2905 1923 2897 3115 2827 3115 2882 3115 2827 5185 2817 5185 2882 5185 2856 2111 2897 2111 2906 2111 2827 3116 2897 3116 2856 3116 2793 6576 2788 6576 2800 6576 2788 6533 2803 6533 2800 6533 2788 6691 2804 6691 2803 6691 2799 6789 2804 6789 2788 6789 2792 6445 2799 6445 2788 6445 2793 4571 2800 4571 2831 4571 2800 2897 2850 2897 2831 2897 2814 4626 2793 4626 2831 4626 2803 2833 2850 2833 2800 2833 2788 5357 2793 5357 2814 5357 2803 2094 2862 2094 2850 2094 2811 5110 2788 5110 2814 5110 2804 2310 2862 2310 2803 2310 2792 5314 2788 5314 2811 5314 2804 2124 2851 2124 2862 2124 2826 4730 2792 4730 2811 4730 2799 2797 2851 2797 2804 2797 2799 4614 2792 4614 2826 4614 2799 2805 2837 2805 2851 2805 2837 4209 2799 4209 2826 4209 2850 755 2833 755 2831 755 2848 811 2833 811 2850 811 2833 970 2814 970 2831 970 2833 1012 2818 1012 2814 1012 2862 901 2848 901 2850 901 2818 1043 2811 1043 2814 1043 2826 523 2811 523 2818 523 2851 1015 2837 1015 2862 1015 2888 2943 2833 2943 2901 2943 2848 4357 2901 4357 2833 4357 2818 5412 2833 5412 2888 5412 2848 1987 2908 1987 2901 1987 2862 2015 2908 2015 2848 2015 2886 4956 2818 4956 2888 4956 2890 5449 2818 5449 2886 5449 2826 5473 2818 5473 2890 5473 2862 1857 2904 1857 2908 1857 2837 2069 2826 2069 2890 2069 2837 2772 2904 2772 2862 2772 2904 2460 2837 2460 2890 2460 2824 4245 2759 4245 2839 4245 2759 3213 2764 3213 2839 3213 2764 2601 2857 2601 2839 2601 2824 4917 2751 4917 2759 4917 2813 4939 2751 4939 2824 4939 2777 2522 2857 2522 2764 2522 2810 5177 2751 5177 2813 5177 2777 2105 2860 2105 2857 2105 2810 5361 2752 5361 2751 5361 2777 2347 2768 2347 2860 2347 2768 2343 2854 2343 2860 2343 2830 4769 2752 4769 2810 4769 2830 4770 2758 4770 2752 4770 2768 2890 2830 2890 2854 2890 2768 3133 2758 3133 2830 3133 2836 772 2824 772 2839 772 2857 339 2836 339 2839 339 2836 862 2813 862 2824 862 2860 990 2836 990 2857 990 2820 204 2810 204 2813 204 2854 1006 2845 1006 2860 1006 2830 153 2810 153 2820 153 2854 1007 2830 1007 2845 1007 2845 854 2830 854 2820 854 2889 3029 2836 3029 2902 3029 2813 4949 2836 4949 2889 4949 2860 3056 2902 3056 2836 3056 2860 2003 2909 2003 2902 2003 2885 5685 2820 5685 2889 5685 2820 2907 2813 2907 2889 2907 2891 5010 2820 5010 2885 5010 2845 1963 2909 1963 2860 1963 2845 2042 2900 2042 2909 2042 2900 4442 2820 4442 2891 4442 2845 4663 2820 4663 2900 4663 2946 5235 2913 5235 2945 5235 2946 5235 2914 5235 2913 5235 2945 4380 2874 4380 2931 4380 2945 4194 2913 4194 2874 4194 2925 3236 2877 3236 2934 3236 2874 5636 2877 5636 2925 5636 2931 3146 2874 3146 2925 3146 2893 1076 2879 1076 2875 1076 2894 1117 2879 1117 2893 1117 2920 1381 2894 1381 2893 1381 2923 1405 2894 1405 2920 1405 2936 1697 2923 1697 2920 1697 2937 1708 2923 1708 2936 1708 2948 2019 2937 2019 2936 2019 2953 2050 2937 2050 2948 2050 2976 3189 2953 3189 2948 3189 2978 4229 2953 4229 2976 4229 2894 1086 2877 1086 2879 1086 3156 5251 2976 5251 3141 5251 3156 5248 2978 5248 2976 5248 3153 5260 2978 5260 3156 5260 3142 5259 2978 5259 3153 5259 3120 6600 3141 6600 3119 6600 3120 6261 3156 6261 3141 6261 3186 3713 3156 3713 3166 3713 3190 3713 3186 3713 3166 3713 3156 3713 3120 3713 3166 3713 3215 3713 3186 3713 3190 3713 3205 4491 3186 4491 3215 4491 3231 3019 3205 3019 3215 3019 3178 4608 3190 4608 3166 4608 3130 3081 3178 3081 3166 3081 3120 2756 3130 2756 3166 2756 3218 5451 3215 5451 3190 5451 3178 5390 3218 5390 3190 5390 3218 5804 3231 5804 3215 5804 3218 5892 3238 5892 3231 5892 3238 6076 3246 6076 3231 6076 3238 6221 3248 6221 3246 6221 3248 6323 3251 6323 3246 6323 3248 6428 3250 6428 3251 6428 3130 3720 3153 3720 3178 3720 3180 3720 3218 3720 3178 3720 3153 3720 3180 3720 3178 3720 3180 3080 3204 3080 3218 3080 3204 4920 3238 4920 3218 4920 3121 6392 3153 6392 3130 6392 3121 6391 3142 6391 3153 6391 2970 3720 2978 3720 3121 3720 2978 3720 3142 3720 3121 3720 2877 4366 2894 4366 2934 4366 2894 3251 2941 3251 2934 3251 2894 3720 2923 3720 2941 3720 2923 3720 2937 3720 2941 3720 2937 3720 2953 3720 2941 3720 2953 3720 2970 3720 2941 3720 2953 3720 2978 3720 2970 3720 2932 6419 2934 6419 2933 6419 2934 6180 2939 6180 2933 6180 2934 6021 2941 6021 2939 6021 2941 5738 2954 5738 2939 5738 2941 4918 2970 4918 2954 4918 2970 4398 2973 4398 2954 4398 2973 2217 3120 2217 3119 2217 3130 2216 3120 2216 2973 2216 2970 2225 3130 2225 2973 2225 2970 2223 3121 2223 3130 2223 3141 3713 2973 3713 3119 3713 2976 3713 2973 3713 3141 3713 2893 4501 2875 4501 2933 4501 2939 3254 2893 3254 2933 3254 2920 3713 2893 3713 2939 3713 2954 3713 2936 3713 2939 3713 2936 3713 2920 3713 2939 3713 2948 3713 2936 3713 2954 3713 2973 3713 2976 3713 2954 3713 2976 3713 2948 3713 2954 3713 2926 4916 2876 4916 2930 4916 2875 5573 2876 5573 2926 5573 2933 3228 2875 3228 2926 3228 2912 4101 2944 4101 2930 4101 2876 4262 2912 4262 2930 4262 2944 5234 2911 5234 2943 5234 2944 5234 2912 5234 2911 5234 2886 7239 2884 7239 2871 7239 2841 6569 2886 6569 2871 6569 2889 7207 2902 7207 2884 7207 2885 6402 2889 6402 2884 6402 2902 6685 2943 6685 2884 6685 2902 6871 2909 6871 2943 6871 2909 6718 2944 6718 2943 6718 2853 6484 2841 6484 2871 6484 2842 7015 2886 7015 2841 7015 2886 6400 2888 6400 2885 6400 2888 7236 2901 7236 2885 7236 2901 6401 2891 6401 2885 6401 2900 6711 2944 6711 2909 6711 2930 6671 2944 6671 2900 6671 2901 7245 2900 7245 2891 7245 2926 7276 2930 7276 2900 7276 2901 6519 2926 6519 2900 6519 2901 7283 2933 7283 2926 7283 2901 6701 2908 6701 2933 6701 2908 7058 2932 7058 2933 7058 2842 7034 2890 7034 2886 7034 2904 6686 2932 6686 2908 6686 2890 6580 2932 6580 2904 6580 2882 7132 2883 7132 2842 7132 2883 6586 2890 6586 2842 6586 2883 6458 2895 6458 2890 6458 2895 7076 2932 7076 2890 7076 2895 7180 2907 7180 2932 7180 2907 7099 2934 7099 2932 7099 2882 6464 2896 6464 2883 6464 2925 6778 2934 6778 2907 6778 2903 7155 2925 7155 2907 7155 2896 6574 2903 6574 2883 6574 2896 6645 2905 6645 2903 6645 2905 7156 2925 7156 2903 7156 2880 6545 2899 6545 2882 6545 2842 7037 2880 7037 2882 7037 2906 7323 2925 7323 2905 7323 2899 6528 2897 6528 2882 6528 2897 6487 2925 6487 2906 6487 2899 6696 2925 6696 2897 6696 2899 7219 2931 7219 2925 7219 2899 6646 2945 6646 2931 6646 2899 6609 2910 6609 2945 6609 2910 7044 2946 7044 2945 7044 2842 6638 2858 6638 2880 6638 2858 7176 2872 7176 2880 7176 2872 6516 2898 6516 2880 6516 2898 6723 2946 6723 2910 6723 2872 6738 2946 6738 2898 6738 2852 3190 2895 3190 2828 3190 2852 2575 2907 2575 2895 2575 2883 4734 2828 4734 2895 4734 2815 4927 2828 4927 2883 4927 2846 2532 2907 2532 2852 2532 2846 2020 2903 2020 2907 2020 2838 4433 2815 4433 2883 4433 2903 2367 2838 2367 2883 2367 2846 2450 2838 2450 2903 2450 2828 376 2825 376 2840 376 2852 793 2828 793 2840 793 2828 241 2809 241 2825 241 2861 319 2852 319 2840 319 2815 357 2809 357 2828 357 2859 308 2852 308 2861 308 2859 909 2846 909 2852 909 2838 1000 2822 1000 2815 1000 2859 359 2838 359 2846 359 2825 4192 2760 4192 2840 4192 2754 4658 2760 4658 2825 4658 2769 2895 2840 2895 2760 2895 2809 4800 2754 4800 2825 4800 2769 2491 2861 2491 2840 2491 2750 5377 2754 5377 2809 5377 2771 2329 2861 2329 2769 2329 2815 5145 2750 5145 2809 5145 2771 2127 2859 2127 2861 2127 2822 5008 2750 5008 2815 5008 2756 4999 2750 4999 2822 4999 2762 2679 2859 2679 2771 2679 2762 2696 2838 2696 2859 2696 2838 4427 2756 4427 2822 4427 2762 4353 2756 4353 2838 4353 3554 2524 3493 2524 3575 2524 3464 4557 3493 4557 3554 4557 3511 4315 3575 4315 3493 4315 3553 4706 3459 4706 3554 4706 3459 5161 3464 5161 3554 5161 3511 1753 3571 1753 3575 1753 3486 4290 3571 4290 3511 4290 3486 3121 3459 3121 3553 3121 3486 2415 3553 2415 3571 2415 3501 781 3493 781 3473 781 3493 333 3464 333 3473 333 3511 822 3493 822 3501 822 3464 860 3443 860 3473 860 3520 672 3511 672 3501 672 3459 292 3443 292 3464 292 3520 348 3486 348 3511 348 3520 962 3491 962 3486 962 3491 166 3459 166 3486 166 3358 3042 3364 3042 3473 3042 3364 3165 3501 3165 3473 3165 3473 4910 3352 4910 3358 4910 3443 4971 3352 4971 3473 4971 3364 2314 3520 2314 3501 2314 3364 2294 3370 2294 3520 2294 3443 5375 3349 5375 3352 5375 3370 2386 3365 2386 3520 2386 3459 5054 3349 5054 3443 5054 3459 5034 3354 5034 3349 5034 3365 2435 3491 2435 3520 2435 3491 4495 3354 4495 3459 4495 3365 2874 3359 2874 3491 2874 3491 4454 3359 4454 3354 4454 3279 7252 3275 7252 3269 7252 3265 7110 3279 7110 3269 7110 3259 6642 3279 6642 3265 6642 3270 6612 3276 6612 3279 6612 3266 6758 3270 6758 3279 6758 3259 6610 3266 6610 3279 6610 3315 4215 3269 4215 3324 4215 3275 3040 3324 3040 3269 3040 3265 4764 3269 4764 3315 4764 3275 2565 3330 2565 3324 2565 3309 5029 3265 5029 3315 5029 3279 2470 3330 2470 3275 2470 3259 5141 3265 5141 3309 5141 3279 2080 3329 2080 3330 2080 3276 2140 3329 2140 3279 2140 3266 5333 3259 5333 3309 5333 3319 4765 3266 4765 3309 4765 3276 2429 3325 2429 3329 2429 3270 2887 3325 2887 3276 2887 3270 4646 3266 4646 3319 4646 3325 3162 3270 3162 3319 3162 3330 210 3327 210 3324 210 3324 973 3312 973 3315 973 3312 1029 3309 1029 3315 1029 3329 211 3327 211 3330 211 3318 303 3309 303 3312 303 3319 1031 3309 1031 3318 1031 3325 624 3318 624 3329 624 3325 1002 3319 1002 3318 1002 3327 1868 3340 1868 3324 1868 3312 5093 3324 5093 3340 5093 3336 4237 3312 4237 3340 4237 3327 1806 3347 1806 3340 1806 3329 2475 3347 2475 3327 2475 3318 5612 3312 5612 3336 5612 3341 3014 3318 3014 3336 3014 3329 1866 3341 1866 3347 1866 3318 4681 3341 4681 3329 4681 2957 6546 2983 6546 2972 6546 2963 6433 2957 6433 2972 6433 2957 6581 2984 6581 2983 6581 2977 6690 2984 6690 2957 6690 2968 6543 2977 6543 2957 6543 3008 4396 2972 4396 3015 4396 2983 3041 3015 3041 2972 3041 2963 4691 2972 4691 3008 4691 2983 2707 3024 2707 3015 2707 2957 5096 2963 5096 3008 5096 3005 5137 2957 5137 3008 5137 2983 2198 3026 2198 3024 2198 2984 2397 3026 2397 2983 2397 2968 5066 2957 5066 3005 5066 3009 5114 2968 5114 3005 5114 2984 2148 3022 2148 3026 2148 2977 2526 3022 2526 2984 2526 3022 3305 2968 3305 3009 3305 2968 3484 3022 3484 2977 3484 3016 987 3008 987 3015 987 3016 982 3005 982 3008 982 3024 155 3016 155 3015 155 3026 795 3019 795 3024 795 3009 161 3005 161 3006 161 3022 247 3019 247 3026 247 3013 989 3009 989 3006 989 3022 832 3009 832 3013 832 3022 429 3013 429 3019 429 3005 5455 3016 5455 3044 5455 3016 2328 3048 2328 3044 2328 3034 4275 3005 4275 3044 4275 3024 2119 3048 2119 3016 2119 3006 4473 3005 4473 3034 4473 3024 1873 3050 1873 3048 1873 3019 3032 3050 3032 3024 3032 3043 4659 3006 4659 3034 4659 3013 4975 3006 4975 3043 4975 3019 2353 3043 2353 3050 2353 3013 4241 3043 4241 3019 4241 2950 6931 3034 6931 2952 6931 3340 6918 3439 6918 2952 6918 3034 6780 3044 6780 2952 6780 3188 6956 3196 6956 2952 6956 3207 7054 3336 7054 2952 7054 3336 6969 3340 6969 2952 6969 3044 6957 3188 6957 2952 6957 3196 6430 3207 6430 2952 6430 3340 6765 3347 6765 3439 6765 3347 7013 3438 7013 3439 7013 3198 6990 3188 6990 3044 6990 3048 6626 3198 6626 3044 6626 3050 6819 3198 6819 3048 6819 3213 6884 3336 6884 3207 6884 3438 6763 3198 6763 3050 6763 3341 6899 3336 6899 3213 6899 2950 7091 3043 7091 3034 7091 3341 6712 3438 6712 3347 6712 3043 6751 3438 6751 3050 6751 3198 7018 3341 7018 3213 7018 2950 6916 3438 6916 3043 6916 3438 7028 3341 7028 3198 7028 3196 3192 3127 3192 3207 3192 3162 4582 3207 4582 3127 4582 3188 4762 3127 4762 3196 4762 3160 1544 3207 1544 3162 1544 3117 5581 3127 5581 3188 5581 3160 1883 3213 1883 3207 1883 3198 4395 3117 4395 3188 4395 3129 4246 3213 4246 3160 4246 3129 4642 3117 4642 3198 4642 3129 2342 3198 2342 3213 2342 3162 236 3127 236 3131 236 3146 201 3162 201 3131 201 3127 1004 3114 1004 3131 1004 3117 703 3114 703 3127 703 3165 232 3160 232 3162 232 3117 126 3115 126 3114 126 3129 214 3115 214 3117 214 3165 794 3144 794 3160 794 3144 274 3129 274 3160 274 3058 4444 3066 4444 3131 4444 3066 3033 3146 3033 3131 3033 3114 4649 3058 4649 3131 4649 3072 2718 3146 2718 3066 2718 3072 2538 3162 2538 3146 2538 3053 5344 3058 5344 3114 5344 3072 2098 3165 2098 3162 2098 3115 5117 3053 5117 3114 5117 3069 2387 3165 2387 3072 2387 3056 5180 3053 5180 3115 5180 3069 2453 3144 2453 3165 2453 3129 4668 3056 4668 3115 4668 3062 4613 3056 4613 3129 4613 3062 2945 3144 2945 3069 2945 3144 3240 3062 3240 3129 3240 3456 4666 3495 4666 3569 4666 3547 3142 3456 3142 3569 3142 3517 1864 3569 1864 3495 1864 3517 2451 3580 2451 3569 2451 3502 1853 3580 1853 3517 1853 3478 5584 3456 5584 3547 5584 3566 4201 3478 4201 3547 4201 3502 1731 3566 1731 3580 1731 3478 4643 3566 4643 3502 4643 3495 971 3456 971 3476 971 3456 193 3444 193 3476 193 3517 167 3495 167 3513 167 3456 187 3446 187 3444 187 3478 169 3446 169 3456 169 3481 147 3446 147 3478 147 3481 311 3478 311 3502 311 3363 3132 3495 3132 3476 3132 3356 4311 3363 4311 3476 4311 3363 2713 3513 2713 3495 2713 3444 4894 3356 4894 3476 4894 3367 2673 3513 2673 3363 2673 3350 5025 3356 5025 3444 5025 3367 2135 3517 2135 3513 2135 3369 2290 3517 2290 3367 2290 3446 5196 3351 5196 3444 5196 3351 5214 3350 5214 3444 5214 3369 2379 3502 2379 3517 2379 3481 4678 3357 4678 3446 4678 3357 4947 3351 4947 3446 4947 3362 2669 3502 2669 3369 2669 3362 2815 3481 2815 3502 2815 3362 4392 3357 4392 3481 4392 2915 2614 2987 2614 2958 2614 2987 2588 3068 2588 2958 2588 3030 2580 3068 2580 2987 2580 3029 2326 3065 2326 3068 2326 3030 2278 3029 2278 3068 2278 3029 2284 3064 2284 3065 2284 3028 2190 3064 2190 3029 2190 3064 4867 2966 4867 2990 4867 3064 4876 3028 4876 2966 4876 2966 2258 2965 2258 2990 2258 2965 2257 2991 2257 2990 2257 2967 2276 2991 2276 2965 2276 2991 5101 2967 5101 2807 5101 2967 5104 2806 5104 2807 5104 2806 2572 2959 2572 2807 2572 2868 2578 2959 2578 2806 2578 2916 2577 2959 2577 2868 2577 3068 412 2959 412 2958 412 2990 582 2991 582 2807 582 2959 362 2990 362 2807 362 3065 542 2990 542 2959 542 3068 390 3065 390 2959 390 3064 482 2990 482 3065 482 2959 5308 2915 5308 2958 5308 2959 5305 2916 5305 2915 5305 3075 5300 3036 5300 3074 5300 3036 5298 3035 5298 3074 5298 3075 5301 3037 5301 3036 5301 3075 5299 3038 5299 3037 5299 3158 4381 3106 4381 3209 4381 3106 4383 3122 4383 3209 4383 3122 3719 3245 3719 3209 3719 3194 3720 3245 3720 3122 3720 3194 3089 3272 3089 3245 3089 3230 3090 3272 3090 3194 3090 3112 4526 3095 4526 3158 4526 3095 4524 3106 4524 3158 4524 3230 2942 3284 2942 3272 2942 3260 2941 3284 2941 3230 2941 3260 2822 3289 2822 3284 2822 3283 2831 3289 2831 3260 2831 3097 4633 3088 4633 3112 4633 3088 4635 3095 4635 3112 4635 3092 4743 3082 4743 3097 4743 3082 4744 3088 4744 3097 4744 3283 2715 3306 2715 3289 2715 3285 2711 3306 2711 3283 2711 3087 4940 3073 4940 3092 4940 3073 4944 3082 4944 3092 4944 3285 2513 3321 2513 3306 2513 3291 2512 3321 2512 3285 2512 3291 2418 3333 2418 3321 2418 3305 2419 3333 2419 3291 2419 3084 5048 3061 5048 3087 5048 3061 5045 3073 5045 3087 5045 3305 2350 3338 2350 3333 2350 3307 2351 3338 2351 3305 2351 3079 5121 3046 5121 3084 5121 3046 5126 3061 5126 3084 5126 3076 5173 3041 5173 3079 5173 3041 5172 3046 5172 3079 5172 3307 2298 3343 2298 3338 2298 3311 2296 3343 2296 3307 2296 3311 2249 3344 2249 3343 2249 3317 2254 3344 2254 3311 2254 3074 5225 3035 5225 3076 5225 3035 5207 3041 5207 3076 5207 3317 2174 3345 2174 3344 2174 3316 2163 3345 2163 3317 2163 3345 4682 3237 4682 3282 4682 3345 4684 3316 4684 3237 4684 3282 4878 3110 4878 3176 4878 3282 4877 3237 4877 3110 4877 3110 5311 3109 5311 3175 5311 3176 5292 3110 5292 3175 5292 3109 2586 3236 2586 3175 2586 3236 2587 3281 2587 3175 2587 3281 5262 3236 5262 3280 5262 3236 5218 3235 5218 3280 5218 3140 4517 3211 4517 3234 4517 3234 2946 3189 2946 3140 2946 3111 2808 3185 2808 3211 2808 3140 2542 3111 2542 3211 2542 3256 4763 3189 4763 3234 4763 3256 4537 3216 4537 3189 4537 3111 2824 3155 2824 3185 2824 3273 5023 3216 5023 3256 5023 3273 4707 3232 4707 3216 4707 3111 2126 3104 2126 3155 2126 3102 2388 3135 2388 3155 2388 3104 2371 3102 2371 3155 2371 3280 5400 3232 5400 3273 5400 3280 5083 3235 5083 3232 5083 3102 2120 3100 2120 3135 2120 3100 2273 3134 2273 3135 2273 3101 2262 3134 2262 3100 2262 3101 3000 3042 3000 3134 3000 3042 3003 2940 3003 3134 3003 2881 3001 2940 3001 3042 3001 2881 2361 2865 2361 2940 2361 2865 2362 2929 2362 2940 2362 2929 5296 2866 5296 2928 5296 2929 5282 2865 5282 2866 5282 3234 342 3158 342 3209 342 3245 374 3234 374 3209 374 3272 341 3234 341 3245 341 3211 767 3112 767 3158 767 3234 318 3211 318 3158 318 3284 765 3234 765 3272 765 3256 849 3234 849 3284 849 3289 787 3256 787 3284 787 3211 797 3097 797 3112 797 3185 451 3092 451 3097 451 3211 886 3185 886 3097 886 3306 459 3256 459 3289 459 3185 315 3087 315 3092 315 3273 323 3256 323 3306 323 3321 316 3273 316 3306 316 3333 730 3273 730 3321 730 3155 743 3084 743 3087 743 3185 302 3155 302 3087 302 3338 377 3273 377 3333 377 3155 380 3079 380 3084 380 3155 463 3076 463 3079 463 3280 381 3273 381 3338 381 3343 563 3280 563 3338 563 3344 676 3280 676 3343 676 3155 492 3074 492 3076 492 3075 661 3074 661 3155 661 3135 999 3075 999 3155 999 3345 694 3281 694 3344 694 3281 691 3280 691 3344 691 3134 702 3075 702 3135 702 3282 392 3176 392 3175 392 3281 394 3282 394 3175 394 3345 697 3282 697 3281 697 3134 511 2928 511 3075 511 3134 577 2940 577 2928 577 2940 769 2929 769 2928 769 2866 4468 3038 4468 3075 4468 2928 4467 2866 4467 3075 4467 3585 4559 3388 4559 3386 4559 3594 4739 3388 4739 3585 4739 3389 4962 3388 4962 3594 4962 3599 5339 3389 5339 3594 5339 3600 5247 3389 5247 3599 5247 3600 5241 3390 5241 3389 5241 3601 5255 3390 5255 3600 5255 2706 2569 2735 2569 2728 2569 2699 5006 2706 5006 2728 5006 2711 2999 2735 2999 2706 2999 2720 4494 2699 4494 2728 4494 2694 5518 2699 5518 2720 5518 2713 2269 2735 2269 2711 2269 2713 2088 2740 2088 2735 2088 2721 4572 2694 4572 2720 4572 2704 5551 2694 5551 2721 5551 2713 2678 2731 2678 2740 2678 2704 3286 2731 3286 2713 3286 2731 2868 2704 2868 2721 2868 2702 4376 2707 4376 2729 4376 2723 4166 2702 4166 2729 4166 2707 2483 2737 2483 2729 2483 2696 5099 2702 5099 2723 5099 2715 2928 2737 2928 2707 2928 2718 4589 2696 4589 2723 4589 2715 1887 2739 1887 2737 1887 2698 5594 2696 5594 2718 5594 2710 3024 2739 3024 2715 3024 2725 4448 2698 4448 2718 4448 2710 2137 2730 2137 2739 2137 2710 4725 2698 4725 2725 4725 2730 4521 2710 4521 2725 4521 2701 3317 2709 3317 2734 3317 2722 2985 2701 2985 2734 2985 2695 5402 2701 5402 2722 5402 2714 2570 2734 2570 2709 2570 2714 1955 2741 1955 2734 1955 2719 4616 2695 4616 2722 4616 2697 5456 2695 5456 2719 5456 2712 2751 2741 2751 2714 2751 2703 4621 2697 4621 2719 4621 2726 5419 2703 5419 2719 5419 2712 2038 2733 2038 2741 2038 2703 4251 2733 4251 2712 4251 2733 2848 2703 2848 2726 2848 2705 2372 2736 2372 2727 2372 2716 4389 2736 4389 2705 4389 2693 5440 2705 5440 2727 5440 2717 4580 2693 4580 2727 4580 2716 1859 2738 1859 2736 1859 2700 5491 2693 5491 2717 5491 2708 3118 2738 3118 2716 3118 2724 4645 2700 4645 2717 4645 2708 2306 2732 2306 2738 2306 2708 4702 2700 4702 2724 4702 2732 4284 2708 4284 2724 4284 3242 2576 3247 2576 3200 2576 3247 2561 3202 2561 3200 2561 3202 5782 3132 5782 3200 5782 3132 5806 3137 5806 3200 5806 3264 1131 3247 1131 3242 1131 3262 1153 3247 1153 3264 1153 3132 7402 3128 7402 3137 7402 3132 7412 3138 7412 3128 7412 3243 1208 3262 1208 3264 1208 3138 6033 3179 6033 3128 6033 3229 1437 3243 1437 3264 1437 3138 5805 3199 5805 3179 5805 3199 4506 3229 4506 3179 4506 3199 2583 3243 2583 3229 2583 4546 2956 4543 2956 4534 2956 4543 5388 4527 5388 4534 5388 4554 1638 4543 1638 4546 1638 4527 5927 4523 5927 4534 5927 4556 1368 4554 1368 4546 1368 4527 6352 4517 6352 4523 6352 4517 7413 4521 7413 4523 7413 4550 1049 4554 1049 4556 1049 4548 1204 4550 1204 4556 1204 4517 6031 4529 6031 4521 6031 4517 6039 4533 6039 4529 6039 4533 4283 4548 4283 4529 4283 4533 2998 4550 2998 4548 2998 4153 5677 4129 5677 4150 5677 4129 5674 4132 5674 4150 5674 4180 1663 4153 1663 4150 1663 4178 1611 4153 1611 4180 1611 4129 7308 4126 7308 4132 7308 4181 43 4178 43 4180 43 4177 33 4181 33 4180 33 4129 7347 4133 7347 4126 7347 4133 6052 4142 6052 4126 6052 4155 1529 4152 1529 4177 1529 4152 1540 4181 1540 4177 1540 4133 5632 4152 5632 4142 5632 4152 4504 4155 4504 4142 4504 3699 3064 3701 3064 3691 3064 3701 3050 3692 3050 3691 3050 3705 1201 3701 1201 3699 1201 3692 6335 3684 6335 3691 6335 3684 6362 3687 6362 3691 6362 3703 1074 3701 1074 3705 1074 3702 1088 3703 1088 3705 1088 3684 5976 3694 5976 3687 5976 3695 1645 3703 1645 3702 1645 3684 5802 3695 5802 3694 5802 3694 1986 3695 1986 3702 1986 4205 4639 4202 4639 4209 4639 4205 5589 4196 5589 4202 5589 4210 5368 4205 5368 4209 5368 4209 5040 4202 5040 2785 5040 2796 4955 4209 4955 2785 4955 5051 1097 5062 1097 5058 1097 5062 1070 5056 1070 5058 1070 5056 1802 5015 1802 5058 1802 5029 1550 5062 1550 5051 1550 5026 1755 5029 1755 5051 1755 5056 2344 5009 2344 5015 2344 4995 5139 5029 5139 5026 5139 5009 6018 4970 6018 5015 6018 4983 5795 5029 5795 4995 5795 5009 6150 4983 6150 4970 6150 4970 6274 4983 6274 4995 6274 5335 7377 5330 7377 5328 7377 5335 7385 5332 7385 5330 7385 5325 6388 5335 6388 5328 6388 5323 6383 5335 6383 5325 6383 5317 6133 5323 6133 5325 6133 5309 5827 5313 5827 5317 5827 5313 6011 5323 6011 5317 6011 4679 5577 5313 5577 5309 5577 4679 5575 4683 5575 5313 5575 5308 5504 4867 5504 5310 5504 4867 5505 4866 5505 5310 5505 5323 4829 5062 4829 5335 4829 5062 4833 5332 4833 5335 4833 5313 4849 5062 4849 5323 4849 5056 4814 5062 4814 5313 4814 4683 4837 5056 4837 5313 4837 5062 4835 5321 4835 5332 4835 5062 4809 5315 4809 5321 4809 5062 4810 5308 4810 5315 4810 5062 4855 5029 4855 5308 4855 5029 4831 4867 4831 5308 4831 4683 4811 5009 4811 5056 4811 4983 4798 4867 4798 5029 4798 4683 4805 4983 4805 5009 4805 4683 4842 4867 4842 4983 4842 5332 6369 5327 6369 5330 6369 5332 6298 5321 6298 5327 6298 5321 6209 5319 6209 5327 6209 5321 6016 5315 6016 5319 6016 5315 5910 5310 5910 5319 5910 5315 5798 5308 5798 5310 5798 5051 2638 5325 2638 5328 2638 5330 2636 5051 2636 5328 2636 5051 2606 5317 2606 5325 2606 5051 2647 5309 2647 5317 2647 5058 2639 4679 2639 5309 2639 5051 2615 5058 2615 5309 2615 5327 2659 5051 2659 5330 2659 5319 2617 5051 2617 5327 2617 5310 2622 5051 2622 5319 2622 5026 2607 5051 2607 5310 2607 4866 2630 4995 2630 5310 2630 4995 2605 5026 2605 5310 2605 5015 2595 4679 2595 5058 2595 4970 2650 4679 2650 5015 2650 4866 2668 4970 2668 4995 2668 4866 2621 4679 2621 4970 2621 4859 3022 4679 3022 4866 3022 4548 3713 4556 3713 4679 3713 4859 3713 4548 3713 4679 3713 4180 3713 4150 3713 4679 3713 4150 3713 2796 3713 4679 3713 4556 3713 4546 3713 4679 3713 4546 3713 4534 3713 4679 3713 4534 3714 4180 3714 4679 3714 3200 3713 3137 3713 2796 3713 3242 3713 3200 3713 2796 3713 3137 3713 3128 3713 2796 3713 4150 3713 4132 3713 2796 3713 3128 3714 4209 3714 2796 3714 4132 3713 3699 3713 2796 3713 3699 3713 3691 3713 2796 3713 3691 3713 3242 3713 2796 3713 4177 3714 4180 3714 4534 3714 4155 3713 4177 3713 4534 3713 3229 3714 3264 3714 3691 3714 3264 3713 3242 3713 3691 3713 4523 3713 4155 3713 4534 3713 3705 3714 3699 3714 4132 3714 4126 3713 3705 3713 4132 3713 3687 3713 3229 3713 3691 3713 4521 3713 4155 3713 4523 3713 3702 3713 3705 3713 4126 3713 4529 3713 4155 3713 4521 3713 3694 3713 3229 3713 3687 3713 4126 3713 4142 3713 3702 3713 4142 3713 4859 3713 3702 3713 3179 3713 4209 3713 3128 3713 4859 3714 4155 3714 4529 3714 4859 3713 3694 3713 3702 3713 4209 3713 3229 3713 3694 3713 4859 3713 4209 3713 3694 3713 4548 3713 4859 3713 4529 3713 4155 3713 4859 3713 4142 3713 3229 3713 4209 3713 3179 3713 2796 3680 4678 3680 4679 3680 2790 3629 4678 3629 2796 3629 4679 4187 4678 4187 4683 4187 4678 4523 4867 4523 4683 4523 4867 5829 4859 5829 4866 5829 4867 5520 4210 5520 4859 5520 4210 5519 4209 5519 4859 5519 4153 3720 4178 3720 4678 3720 4178 3720 4181 3720 4678 3720 4554 3720 4867 3720 4678 3720 4543 3719 4554 3719 4678 3719 2790 3719 4153 3719 4678 3719 4181 3720 4527 3720 4678 3720 4527 3720 4543 3720 4678 3720 3138 3720 3132 3720 2790 3720 4210 3719 3138 3719 2790 3719 3202 3720 3247 3720 2790 3720 3247 3720 3692 3720 2790 3720 3132 3720 3202 3720 2790 3720 3692 3720 3701 3720 2790 3720 3701 3720 4129 3720 2790 3720 4129 3720 4153 3720 2790 3720 3701 3720 3703 3720 4129 3720 3247 3720 3262 3720 3692 3720 4181 3720 4517 3720 4527 3720 3262 3720 3684 3720 3692 3720 4550 3719 4867 3719 4554 3719 3703 3720 4133 3720 4129 3720 3262 3720 3243 3720 3684 3720 4181 3720 4533 3720 4517 3720 4152 3720 4133 3720 3703 3720 4210 3719 4152 3719 3703 3719 4152 3720 4867 3720 4181 3720 4867 3720 4533 3720 4181 3720 3695 3720 3684 3720 3243 3720 4210 3719 3695 3719 3243 3719 3695 3719 4210 3719 3703 3719 4210 3720 3199 3720 3138 3720 4210 3719 4867 3719 4152 3719 4867 3720 4550 3720 4533 3720 3199 3720 4210 3720 3243 3720 2783 2031 2765 2031 4196 2031 4205 2261 2783 2261 4196 2261 4205 2695 2790 2695 2783 2695 4210 2992 2790 2992 4205 2992 2765 1842 2783 1842 2785 1842 2783 1821 2790 1821 2785 1821 2790 2536 2796 2536 2785 2536 2765 1752 2785 1752 2681 1752 2674 1754 2765 1754 2681 1754 4196 1836 2674 1836 3619 1836 4196 1834 2765 1834 2674 1834 4202 5720 3619 5720 3627 5720 4202 5721 4196 5721 3619 5721 2681 5621 2785 5621 3627 5621 2785 5622 4202 5622 3627 5622 2676 6345 3623 6345 3622 6345 2692 6666 2676 6666 3622 6666 2676 6313 2677 6313 3623 6313 2677 6141 2679 6141 3623 6141 2679 6126 3626 6126 3623 6126 2679 5882 3627 5882 3626 5882 2679 5853 2681 5853 3627 5853 2691 6935 2690 6935 2675 6935 2691 7106 2717 7106 2690 7106 2717 7089 2727 7089 2690 7089 2727 6607 2736 6607 2690 6607 2736 6865 3621 6865 2690 6865 3386 6909 3621 6909 2736 6909 2738 6803 3386 6803 2736 6803 2786 6879 3386 6879 2738 6879 2691 6677 2724 6677 2717 6677 2732 6817 2780 6817 2738 6817 2780 7083 2786 7083 2738 7083 2778 7250 2780 7250 2732 7250 2691 7169 2732 7169 2724 7169 2691 6833 2778 6833 2732 6833 3389 6976 3622 6976 3621 6976 3386 6820 3388 6820 3621 6820 3388 6736 3389 6736 3621 6736 2692 6934 2691 6934 2675 6934 2676 7002 2692 7002 2675 7002 2719 6929 2722 6929 2691 6929 2722 7223 2734 7223 2691 7223 2734 7016 2778 7016 2691 7016 2692 6978 2719 6978 2691 6978 2734 6742 2741 6742 2778 6742 2741 6708 2779 6708 2778 6708 3390 6980 3622 6980 3389 6980 2737 6745 2779 6745 2741 6745 2718 6526 2723 6526 2741 6526 2723 7202 2729 7202 2741 7202 2729 6529 2737 6529 2741 6529 2692 7140 2718 7140 2741 7140 2692 7265 2726 7265 2719 7265 2733 7067 2692 7067 2741 7067 2692 6839 2733 6839 2726 6839 2781 6406 2779 6406 2737 6406 2739 6621 2781 6621 2737 6621 2720 6942 2781 6942 2739 6942 2692 6829 2720 6829 2739 6829 2692 6615 2725 6615 2718 6615 2730 6573 2692 6573 2739 6573 2692 7154 2730 7154 2725 7154 3387 7010 3622 7010 3390 7010 2720 7318 2728 7318 2781 7318 2728 7168 2787 7168 2781 7168 3385 6595 3622 6595 3387 6595 2740 6910 3622 6910 3385 6910 2735 6889 2740 6889 3385 6889 2728 6679 2735 6679 2787 6679 2735 6885 3385 6885 2787 6885 2740 6877 2692 6877 3622 6877 2692 7122 2721 7122 2720 7122 2731 6440 2692 6440 2740 6440 2692 7221 2731 7221 2721 7221 3625 5859 3628 5859 2680 5859 2678 5990 3625 5990 2680 5990 3624 6142 3625 6142 2678 6142 2675 6303 3621 6303 2678 6303 3621 6318 3624 6318 2678 6318 2690 6883 3621 6883 2675 6883 4544 4340 4531 4340 4545 4340 4544 5011 4526 5011 4531 5011 4553 1590 4544 1590 4545 1590 4526 6014 4518 6014 4531 6014 4555 1401 4553 1401 4545 1401 4526 6396 4519 6396 4518 6396 4519 6397 4525 6397 4518 6397 4549 1048 4553 1048 4555 1048 4547 1203 4549 1203 4555 1203 4519 6013 4532 6013 4525 6013 4532 4610 4547 4610 4525 4610 4532 2997 4549 2997 4547 2997 4167 3068 4154 3068 4137 3068 4154 4892 4134 4892 4137 4892 4176 1531 4154 1531 4167 1531 4182 1187 4176 1187 4167 1187 4134 6307 4125 6307 4137 6307 4134 6398 4127 6398 4125 6398 4179 51 4176 51 4182 51 4166 1233 4179 1233 4182 1233 4127 6152 4141 6152 4125 6152 4127 6103 4143 6103 4141 6103 4160 1527 4179 1527 4166 1527 4141 3043 4143 3043 4166 3043 4143 3176 4160 3176 4166 3176 3697 3069 3696 3069 3689 3069 3696 5089 3688 5089 3689 5089 3706 1472 3696 1472 3697 1472 3688 6188 3686 6188 3689 6188 3704 1205 3706 1205 3697 1205 3686 6300 3685 6300 3689 6300 3700 1145 3706 1145 3704 1145 3686 6301 3690 6301 3685 6301 3698 1129 3706 1129 3700 1129 3690 6145 3693 6145 3685 6145 3693 2932 3690 2932 3700 2932 3690 3065 3698 3065 3700 3065 3240 2753 3201 2753 3192 2753 3249 1985 3201 1985 3240 1985 3201 5992 3123 5992 3192 5992 3201 5868 3136 5868 3123 5868 3263 1143 3249 1143 3240 1143 3261 1083 3249 1083 3263 1083 3136 7367 3124 7367 3123 7367 3124 6393 3163 6393 3123 6393 3241 1207 3261 1207 3263 1207 3228 1436 3241 1436 3263 1436 3124 5978 3193 5978 3163 5978 3193 4890 3228 4890 3163 4890 3193 2754 3241 2754 3228 2754 4982 7364 4984 7364 4985 7364 4999 6264 4982 6264 4985 6264 4984 5944 5016 5944 4985 5944 5006 5956 4982 5956 4999 5956 4984 5753 5012 5753 5016 5753 5044 4534 5006 4534 4999 4534 5012 2770 5050 2770 5016 2770 5033 2957 5006 2957 5044 2957 5012 2110 5049 2110 5050 2110 5063 1359 5033 1359 5044 1359 5049 1184 5063 1184 5050 1184 5059 1305 5033 1305 5063 1305 5049 1103 5059 1103 5063 1103 4680 5574 5311 5574 4689 5574 5307 5576 5311 5576 4680 5576 4984 2596 4982 2596 4680 2596 4913 2633 4984 2633 4680 2633 4982 2661 5006 2661 4680 2661 5033 2619 5307 2619 4680 2619 5006 2660 5033 2660 4680 2660 5012 2665 4984 2665 4913 2665 5305 2627 5049 2627 4913 2627 5049 2613 5012 2613 4913 2613 5305 2649 5312 2649 5049 2649 5312 2653 5318 2653 5049 2653 5318 2655 5326 2655 5049 2655 5326 2600 5331 2600 5049 2600 5331 2629 5329 2629 5049 2629 5059 2624 5307 2624 5033 2624 5329 2646 5059 2646 5049 2646 5329 2632 5322 2632 5059 2632 5322 2609 5316 2609 5059 2609 5316 2652 5307 2652 5059 2652 5312 5561 5305 5561 5306 5561 5314 5684 5312 5684 5306 5684 5318 5887 5312 5887 5314 5887 5324 6056 5318 6056 5314 6056 5326 6149 5318 6149 5324 6149 5334 6394 5326 6394 5324 6394 5331 6399 5326 6399 5334 6399 5333 7379 5331 7379 5334 7379 5329 7380 5331 7380 5333 7380 5316 5902 5320 5902 5311 5902 5307 5820 5316 5820 5311 5820 5316 6100 5322 6100 5320 6100 5322 6299 5333 6299 5320 6299 5322 6344 5329 6344 5333 6344 4999 4797 4985 4797 4689 4797 4985 4846 4917 4846 4689 4846 5311 4821 5044 4821 4689 4821 5044 4856 4999 4856 4689 4856 4985 4824 5306 4824 4917 4824 5016 4787 5306 4787 4985 4787 5050 4803 5306 4803 5016 4803 5334 4839 5324 4839 5050 4839 5314 4860 5306 4860 5050 4860 5324 4806 5314 4806 5050 4806 5333 4832 5334 4832 5050 4832 5311 4854 5063 4854 5044 4854 5311 4822 5320 4822 5050 4822 5320 4841 5333 4841 5050 4841 5063 4843 5311 4843 5050 4843 5306 4686 4913 4686 4917 4686 5306 4687 5305 4687 4913 4687 4689 4644 4917 4644 4681 4644 4680 4565 4689 4565 4681 4565 4553 3720 4913 3720 4680 3720 4544 3720 4553 3720 4680 3720 4154 3719 4176 3719 4680 3719 4176 3720 4179 3720 4680 3720 4526 3720 4544 3720 4680 3720 4179 3720 4526 3720 4680 3720 2795 3720 4134 3720 4680 3720 4134 3720 4154 3720 4680 3720 4208 3720 3124 3720 2795 3720 3124 3720 3136 3720 2795 3720 3136 3720 3201 3720 2795 3720 3201 3720 3686 3720 2795 3720 3686 3720 3688 3720 2795 3720 3688 3720 3696 3720 2795 3720 3696 3720 4127 3720 2795 3720 4127 3720 4134 3720 2795 3720 3249 3720 3686 3720 3201 3720 3690 3720 3686 3720 3249 3720 3706 3720 4127 3720 3696 3720 4179 3720 4519 3720 4526 3720 3261 3720 3690 3720 3249 3720 4549 3720 4913 3720 4553 3720 3706 3720 3698 3720 4127 3720 3241 3720 3690 3720 3261 3720 3698 3720 4143 3720 4127 3720 4179 3720 4532 3720 4519 3720 4208 3719 4143 3719 3698 3719 4913 3720 4532 3720 4179 3720 4208 3720 3193 3720 3124 3720 4208 3720 3690 3720 3241 3720 4160 3720 4913 3720 4179 3720 4208 3720 4913 3720 4160 3720 4913 3720 4549 3720 4532 3720 4143 3719 4208 3719 4160 3719 3193 3720 4208 3720 3241 3720 3690 3720 4208 3720 3698 3720 4203 4943 4208 4943 2795 4943 2784 5039 4203 5039 2795 5039 2680 5626 3628 5626 2784 5626 3628 5620 4203 5620 2784 5620 2673 1742 2784 1742 2766 1742 2673 1751 2680 1751 2784 1751 2671 1936 2680 1936 2673 1936 2678 1855 2680 1855 2671 1855 2670 2033 2678 2033 2671 2033 2675 1980 2678 1980 2670 1980 2667 2295 2675 2295 2670 2295 2667 2260 2676 2260 2675 2260 2668 2251 2676 2251 2667 2251 2668 2293 2669 2293 2676 2293 2669 1990 2677 1990 2676 1990 2669 1948 2679 1948 2677 1948 2669 1981 2672 1981 2679 1981 2672 1820 2681 1820 2679 1820 2672 1928 2674 1928 2681 1928 2668 879 3059 879 3612 879 3059 276 3298 276 3612 276 3614 1148 2669 1148 3612 1148 2669 1141 2668 1141 3612 1141 3616 1277 2669 1277 3614 1277 2672 1340 2669 1340 3616 1340 3617 1418 2672 1418 3616 1418 3619 1615 2674 1615 3617 1615 2674 1614 2672 1614 3617 1614 2668 930 2922 930 3059 930 2668 923 2744 923 2922 923 2668 959 2689 959 2744 959 3623 5477 3614 5477 3622 5477 3614 5174 3612 5174 3622 5174 3616 5429 3614 5429 3623 5429 3626 5563 3616 5563 3623 5563 3617 5489 3616 5489 3626 5489 3627 5648 3617 5648 3626 5648 3619 5517 3617 5517 3627 5517 3606 5328 3611 5328 3621 5328 3622 5307 3606 5307 3621 5307 3607 5290 3606 5290 3622 5290 3609 5293 3608 5293 3622 5293 3608 5293 3607 5293 3622 5293 3622 5292 3610 5292 3609 5292 3622 5332 3612 5332 3610 5332 3628 5533 3618 5533 3620 5533 3628 5671 3625 5671 3618 5671 3625 5494 3615 5494 3618 5494 3625 5580 3624 5580 3615 5580 3624 5420 3613 5420 3615 5420 3624 5447 3621 5447 3613 5447 3621 5191 3611 5191 3613 5191 4203 5722 3628 5722 4191 5722 3628 5723 3620 5723 4191 5723 4208 5568 4198 5568 4207 5568 4208 5001 4203 5001 4198 5001 4203 5673 4191 5673 4198 5673 4208 3920 4207 3920 4917 3920 4913 3761 4208 3761 4917 3761 4137 3713 2794 3713 4681 3713 4531 3713 4137 3713 4681 3713 4547 3713 4555 3713 4681 3713 4917 3713 4547 3713 4681 3713 4555 3713 4545 3713 4681 3713 4545 3713 4531 3713 4681 3713 3240 3714 3192 3714 2794 3714 3192 3713 3123 3713 2794 3713 3123 3713 3163 3713 2794 3713 3163 3713 4207 3713 2794 3713 4137 3713 3697 3713 2794 3713 3697 3713 3689 3713 2794 3713 3689 3713 3240 3713 2794 3713 3228 3713 3263 3713 3689 3713 3263 3713 3240 3713 3689 3713 4531 3713 4518 3713 4137 3713 4518 3713 4167 3713 4137 3713 4182 3713 4167 3713 4518 3713 3704 3713 3697 3713 4137 3713 4125 3713 3704 3713 4137 3713 3685 3713 3228 3713 3689 3713 4518 3713 4525 3713 4182 3713 4525 3713 4917 3713 4182 3713 3700 3714 3704 3714 4125 3714 4917 3714 4166 3714 4182 3714 4141 3713 3700 3713 4125 3713 3693 3713 3228 3713 3685 3713 4141 3713 4917 3713 3700 3713 4207 3713 3228 3713 3693 3713 4917 3713 4207 3713 3693 3713 4547 3713 4917 3713 4525 3713 4917 3713 4141 3713 4166 3713 3228 3713 4207 3713 3163 3713 4917 3713 3693 3713 3700 3713 2794 3687 4680 3687 4681 3687 2795 3740 4680 3740 2794 3740 2784 1874 2794 1874 2782 1874 2766 1844 2784 1844 2782 1844 2784 2444 2795 2444 2794 2444 2782 2739 2794 2739 4207 2739 4198 2732 2782 2732 4207 2732 4198 2030 2766 2030 2782 2030 4191 1927 2766 1927 4198 1927 4191 1837 2673 1837 2766 1837 3620 1840 2673 1840 4191 1840 3618 1584 2671 1584 2673 1584 3620 1693 3618 1693 2673 1693 3618 1456 3615 1456 2671 1456 3615 1317 2670 1317 2671 1317 3615 1253 3613 1253 2670 1253 3613 1150 2667 1150 2670 1150 3613 1118 3611 1118 2667 1118 2767 263 2742 263 2667 263 2742 844 2682 844 2667 844 3611 347 3051 347 2667 347 3051 812 2767 812 2667 812 3611 1038 3093 1038 3051 1038 3611 224 3332 224 3093 224 2742 621 2705 621 2682 621 2705 749 2693 749 2682 749 2700 427 2667 427 2682 427 2693 834 2700 834 2682 834 2767 467 2743 467 2742 467 2743 417 2716 417 2742 417 2716 715 2705 715 2742 715 2764 202 2759 202 2767 202 2759 1016 2751 1016 2767 1016 2751 411 2743 411 2767 411 2777 240 2764 240 2767 240 3051 587 2777 587 2767 587 2915 530 2777 530 3051 530 3045 656 2915 656 3051 656 3093 408 3067 408 3051 408 3067 986 3060 986 3051 986 3060 227 3052 227 3051 227 3052 266 3045 266 3051 266 3332 646 3071 646 3093 646 3071 170 3067 170 3093 170 2743 761 2708 761 2716 761 2743 815 2700 815 2708 815 3310 626 3071 626 3332 626 3360 176 3353 176 3332 176 3611 512 3368 512 3332 512 3368 1014 3360 1014 3332 1014 3353 768 3310 768 3332 768 3606 495 3368 495 3611 495 3348 172 3310 172 3353 172 2751 432 2745 432 2743 432 2752 1033 2745 1033 2751 1033 2915 696 2768 696 2777 696 3310 499 3070 499 3071 499 3606 619 3366 619 3368 619 3057 902 3045 902 3052 902 3355 965 3310 965 3348 965 2758 900 2745 900 2752 900 3606 700 3361 700 3366 700 3063 876 3045 876 3057 876 3070 163 3045 163 3063 163 2768 191 2745 191 2758 191 3361 186 3310 186 3355 186 3606 566 3310 566 3361 566 2700 544 2683 544 2667 544 2743 633 2683 633 2700 633 3045 663 2987 663 2915 663 2683 441 2684 441 2667 441 2701 222 2695 222 2683 222 2695 778 2684 778 2683 778 2743 648 2709 648 2683 648 2709 937 2701 937 2683 937 2745 485 2714 485 2743 485 2714 516 2709 516 2743 516 2806 757 2745 757 2768 757 2915 410 2806 410 2768 410 2867 389 2806 389 2915 389 3095 609 3088 609 3045 609 3070 641 3095 641 3045 641 3088 397 3082 397 3045 397 3082 664 3073 664 3045 664 3106 309 3095 309 3070 309 3310 561 3194 561 3070 561 3194 373 3122 373 3070 373 3122 827 3106 827 3070 827 3260 695 3230 695 3310 695 3230 383 3194 383 3310 383 3285 841 3283 841 3310 841 3283 352 3260 352 3310 352 3291 297 3285 297 3310 297 3606 520 3607 520 3310 520 2697 688 2684 688 2695 688 2745 366 2712 366 2714 366 2703 576 2684 576 2697 576 2745 731 2703 731 2712 731 2745 599 2684 599 2703 599 2684 442 2685 442 2667 442 2745 625 2685 625 2684 625 2867 388 2868 388 2806 388 2873 809 2869 809 2867 809 2915 802 2873 802 2867 802 2869 984 2868 984 2867 984 2892 194 2887 194 2915 194 2887 956 2873 956 2915 956 2916 334 2892 334 2915 334 3023 707 3014 707 2987 707 3014 554 3030 554 2987 554 3045 671 3023 671 2987 671 3073 259 3061 259 3045 259 3061 458 3046 458 3045 458 3032 878 3023 878 3045 878 3033 351 3032 351 3045 351 3046 346 3033 346 3045 346 3311 665 3307 665 3310 665 3307 248 3305 248 3310 248 3305 788 3291 788 3310 788 3607 557 3311 557 3310 557 2870 131 2868 131 2869 131 2916 660 2878 660 2892 660 2878 942 2868 942 2870 942 2916 740 2868 740 2878 740 3021 925 3030 925 3014 925 3046 363 3031 363 3033 363 3046 850 3021 850 3031 850 3046 393 3030 393 3021 393 2806 677 2967 677 2745 677 2967 553 2773 553 2745 553 3041 249 3030 249 3046 249 3189 287 3169 287 3140 287 3181 727 3169 727 3189 727 3169 969 3154 969 3140 969 3154 817 3111 817 3140 817 3216 254 3181 254 3189 254 3232 813 3181 813 3216 813 3041 231 3029 231 3030 231 3154 306 3104 306 3111 306 3035 257 3029 257 3041 257 3154 299 3143 299 3104 299 3143 414 3102 414 3104 414 3235 420 3182 420 3232 420 3182 736 3181 736 3232 736 3100 455 3102 455 3143 455 3157 261 3100 261 3143 261 3235 405 3172 405 3182 405 3172 967 3100 967 3157 967 3235 404 3100 404 3172 404 3036 275 3029 275 3035 275 2773 643 2754 643 2745 643 3235 678 3167 678 3100 678 3167 892 3147 892 3100 892 3147 353 3109 353 3100 353 3236 708 3184 708 3235 708 3184 158 3183 158 3235 158 3183 821 3177 821 3235 821 3177 796 3167 796 3235 796 3311 182 3356 182 3317 182 3607 571 3356 571 3311 571 3028 737 2965 737 2966 737 3145 851 3109 851 3147 851 3159 264 3109 264 3145 264 3236 268 3174 268 3184 268 3174 839 3109 839 3159 839 3236 364 3109 364 3174 364 3110 920 3100 920 3109 920 2773 940 2760 940 2754 940 2750 760 2745 760 2754 760 2769 846 2760 846 2773 846 2771 1051 2769 1051 2773 1051 2967 551 2774 551 2773 551 2774 60 2771 60 2773 60 3028 680 3036 680 2965 680 3036 267 3028 267 3029 267 3356 375 3334 375 3317 375 3607 413 3363 413 3356 413 3350 253 3334 253 3356 253 3367 602 3363 602 3607 602 3608 491 3369 491 3607 491 3369 718 3367 718 3607 718 2747 905 2745 905 2750 905 3351 293 3334 293 3350 293 2756 1001 2747 1001 2750 1001 2774 977 2762 977 2771 977 3357 906 3334 906 3351 906 3608 612 3362 612 3369 612 2762 699 2747 699 2756 699 3362 281 3334 281 3357 281 2774 887 2747 887 2762 887 3608 560 3334 560 3362 560 2747 343 2761 343 2745 343 2774 742 2761 742 2747 742 3036 714 2993 714 2965 714 2993 806 2989 806 2965 806 2989 831 2967 831 2965 831 2996 651 2995 651 3036 651 2995 370 2993 370 3036 370 3037 567 2996 567 3036 567 3334 289 3316 289 3317 289 3608 559 3609 559 3334 559 3609 526 3316 526 3334 526 2988 800 2967 800 2989 800 3037 751 2994 751 2996 751 2992 698 2967 698 2988 698 3037 776 2992 776 2994 776 3037 617 2967 617 2992 617 2685 441 2686 441 2667 441 2745 642 2715 642 2685 642 2715 670 2686 670 2685 670 2761 474 2715 474 2745 474 2866 655 2761 655 2774 655 2967 527 2866 527 2774 527 3038 488 2866 488 3037 488 2866 611 2967 611 3037 611 3237 550 3101 550 3110 550 3101 893 3100 893 3110 893 2865 645 2761 645 2866 645 2686 440 2687 440 2667 440 2702 189 2696 189 2686 189 2715 255 2707 255 2686 255 2707 941 2702 941 2686 941 2696 783 2687 783 2686 783 2761 732 2746 732 2715 732 3316 548 3101 548 3237 548 2698 593 2687 593 2696 593 2746 662 2710 662 2715 662 2710 325 2687 325 2698 325 2746 639 2687 639 2710 639 2687 440 2688 440 2667 440 2746 613 2711 613 2687 613 2711 635 2688 635 2687 635 2865 759 2775 759 2761 759 3101 407 3094 407 3042 407 3094 448 3054 448 3042 448 3297 636 3094 636 3101 636 3316 581 3335 581 3101 581 3335 400 3297 400 3101 400 3609 556 3335 556 3316 556 2746 466 2749 466 2711 466 2755 721 2749 721 2746 721 2761 418 2755 418 2746 418 2770 752 2761 752 2775 752 2776 53 2772 53 2775 53 2772 115 2770 115 2775 115 2865 637 2776 637 2775 637 3058 961 3053 961 3054 961 3053 245 3042 245 3054 245 3094 1034 3066 1034 3054 1034 3066 870 3058 870 3054 870 3072 378 3066 378 3094 378 3297 627 3069 627 3094 627 3069 371 3072 371 3094 371 3609 574 3358 574 3335 574 3358 610 3352 610 3335 610 3352 355 3297 355 3335 355 3609 583 3364 583 3358 583 3365 449 3370 449 3609 449 3370 562 3364 562 3609 562 3610 578 3359 578 3609 578 3359 399 3365 399 3609 399 3349 350 3297 350 3352 350 2748 360 2711 360 2749 360 2753 1055 2748 1055 2749 1055 3055 327 3042 327 3053 327 3056 1020 3055 1020 3053 1020 3354 865 3297 865 3349 865 2757 994 2748 994 2753 994 2776 242 2763 242 2772 242 3062 430 3055 430 3056 430 3359 365 3297 365 3354 365 2763 974 2748 974 2757 974 2763 997 2776 997 2748 997 2776 741 2711 741 2748 741 2865 653 2711 653 2776 653 3055 269 3059 269 3042 269 3062 354 3059 354 3055 354 3297 575 3062 575 3069 575 3610 579 3612 579 3359 579 2688 361 2668 361 2667 361 2689 349 2668 349 2688 349 2699 976 2694 976 2688 976 2694 623 2689 623 2688 623 2706 262 2699 262 2688 262 2711 278 2706 278 2688 278 2744 235 2713 235 2711 235 2865 590 2744 590 2711 590 2922 539 2744 539 2865 539 2881 277 2922 277 2865 277 3042 659 2922 659 2881 659 3059 538 2922 538 3042 538 3297 595 3059 595 3062 595 3298 606 3059 606 3297 606 3359 385 3298 385 3297 385 3612 580 3298 580 3359 580 2704 728 2689 728 2694 728 2744 720 2704 720 2713 720 2744 586 2689 586 2704 586 3125 4267 3060 4267 3139 4267 3067 3198 3139 3198 3060 3198 3067 2699 3161 2699 3139 2699 3113 4992 3052 4992 3125 4992 3052 4995 3060 4995 3125 4995 3071 2503 3161 2503 3067 2503 3071 2106 3164 2106 3161 2106 3116 5135 3052 5135 3113 5135 3070 2321 3164 2321 3071 2321 3057 5337 3052 5337 3116 5337 3070 2335 3148 2335 3164 2335 3133 4579 3057 4579 3116 4579 3063 2884 3148 2884 3070 2884 3063 4538 3057 4538 3133 4538 3063 2918 3133 2918 3148 2918 3126 816 3125 816 3139 816 3126 952 3113 952 3125 952 3164 725 3139 725 3161 725 3118 336 3113 336 3126 336 3118 754 3116 754 3113 754 3133 682 3116 682 3118 682 3148 285 3133 285 3118 285 3139 2773 3206 2773 3126 2773 3187 2717 3126 2717 3206 2717 3164 2680 3206 2680 3139 2680 3118 5679 3126 5679 3187 5679 3164 1870 3214 1870 3206 1870 3203 3009 3118 3009 3187 3009 3148 1976 3214 1976 3164 1976 3148 1798 3203 1798 3214 1798 3148 5481 3118 5481 3203 5481 2981 3521 3170 3521 3150 3521 2981 3519 3630 3519 3170 3519 3533 3472 3630 3472 2981 3472 3533 3467 3634 3467 3630 3467 3150 6379 3170 6379 3149 6379 3170 6477 3168 6477 3149 6477 2917 2236 2951 2236 2949 2236 2919 2182 2951 2182 2917 2182 2919 2191 2956 2191 2951 2191 2919 2201 2924 2201 2956 2201 2924 2199 2935 2199 2956 2199 2935 2213 2942 2213 2956 2213 2942 2177 2979 2177 2956 2177 2942 2218 2961 2218 2979 2218 2961 2165 2981 2165 2979 2165 2979 2220 2981 2220 3149 2220 2981 2214 3150 2214 3149 2214 3337 6924 3342 6924 2949 6924 2951 7020 3040 7020 2949 7020 3040 6756 3039 6756 2949 6756 3187 6755 3206 6755 2949 6755 3342 6917 3437 6917 2949 6917 3206 7003 3337 7003 2949 7003 3039 6786 3047 6786 2949 6786 3047 6950 3187 6950 2949 6950 3342 7068 3346 7068 3437 7068 3346 6846 3440 6846 3437 6846 3203 6981 3187 6981 3047 6981 3339 6861 3337 6861 3206 6861 3440 7112 3339 7112 3206 7112 3214 6772 3440 6772 3206 6772 3049 6782 3203 6782 3047 6782 3440 6720 3203 6720 3049 6720 3203 7043 3440 7043 3214 7043 3339 6828 3440 6828 3346 6828 3040 6811 3440 6811 3049 6811 2951 6911 3440 6911 3040 6911 2884 3298 2786 3298 2871 3298 2911 3463 2786 3463 2884 3463 2943 3713 2911 3713 2884 3713 2917 3452 3386 3452 2786 3452 2911 3448 2917 3448 2786 3448 3437 3713 2917 3713 2949 3713 3437 3713 3395 3713 2917 3713 3395 3713 3386 3713 2917 3713 3399 3713 3386 3713 3395 3713 3386 3714 3399 3714 3451 3714 3585 4165 3386 4165 3451 4165 2786 2784 2780 2784 2871 2784 2780 2787 2853 2787 2871 2787 2780 2338 2778 2338 2853 2338 2778 2354 2841 2354 2853 2354 2778 2179 2842 2179 2841 2179 2779 2171 2842 2171 2778 2171 2781 2339 2842 2339 2779 2339 2781 2408 2858 2408 2842 2408 2781 2835 2872 2835 2858 2835 2781 2827 2787 2827 2872 2827 2914 3428 2946 3428 2872 3428 2787 4118 2914 4118 2872 4118 2918 3720 2914 3720 2787 3720 3397 3720 2918 3720 2787 3720 3385 3720 3397 3720 2787 3720 3397 3720 3438 3720 2950 3720 2918 3720 3397 3720 2950 3720 3385 3719 3402 3719 3397 3719 3385 3720 3452 3720 3402 3720 3385 4172 3586 4172 3452 4172 3593 5157 3390 5157 3601 5157 3593 4928 3387 4928 3390 4928 3586 4705 3387 4705 3593 4705 3586 4507 3385 4507 3387 4507 3447 6575 3526 6575 3451 6575 3565 7012 3585 7012 3451 7012 3548 6551 3565 6551 3451 6551 3526 7186 3548 7186 3451 7186 3565 7171 3573 7171 3585 7171 3573 7033 3594 7033 3585 7033 3573 6605 3599 6605 3594 6605 3574 6704 3600 6704 3599 6704 3573 6618 3574 6618 3599 6618 3526 6655 3560 6655 3548 6655 3531 7201 3559 7201 3560 7201 3526 7095 3531 7095 3560 7095 3572 6584 3600 6584 3574 6584 3559 7224 3572 7224 3574 7224 3560 6627 3559 6627 3574 6627 3512 7271 3559 7271 3531 7271 3519 7206 3550 7206 3512 7206 3550 6468 3559 6468 3512 6468 3578 7187 3600 7187 3572 7187 3568 7119 3600 7119 3578 7119 3519 6768 3568 6768 3550 6768 3519 6843 3600 6843 3568 6843 3547 6653 3569 6653 3519 6653 3509 7229 3551 7229 3519 7229 3551 7226 3552 7226 3519 7226 3552 7243 3547 7243 3519 7243 3569 6844 3600 6844 3519 6844 3569 6488 3580 6488 3600 6488 3580 6881 3601 6881 3600 6881 3552 6560 3566 6560 3547 6560 3566 6501 3601 6501 3580 6501 3570 7185 3581 7185 3566 7185 3581 6481 3601 6481 3566 6481 3552 7041 3570 7041 3566 7041 3509 7179 3567 7179 3551 7179 3567 7087 3601 7087 3581 7087 3575 6637 3601 6637 3567 6637 3509 7270 3530 7270 3567 7270 3530 7063 3554 7063 3567 7063 3554 7228 3575 7228 3567 7228 3527 7090 3554 7090 3530 7090 3452 6561 3527 6561 3449 6561 3452 7125 3553 7125 3527 7125 3553 6461 3554 6461 3527 6461 3571 6661 3601 6661 3575 6661 3593 6544 3601 6544 3571 6544 3586 7164 3593 7164 3571 7164 3553 6727 3586 6727 3571 6727 3452 7070 3586 7070 3553 7070 3426 2070 3530 2070 3509 2070 3429 3100 3530 3100 3426 3100 3429 1902 3527 1902 3530 1902 3563 3719 3645 3719 3638 3719 3540 3720 3563 3720 3638 3720 3542 3720 3563 3720 3540 3720 3484 3720 3542 3720 3540 3720 3435 3720 3542 3720 3484 3720 3525 3720 3542 3720 3435 3720 3421 3720 3525 3720 3435 3720 3509 3245 3525 3245 3421 3245 3416 4351 3509 4351 3421 4351 3426 4350 3509 4350 3416 4350 3461 1656 3484 1656 3537 1656 3484 1748 3540 1748 3537 1748 3434 1337 3435 1337 3461 1337 3435 1419 3484 1419 3461 1419 3423 1166 3435 1166 3434 1166 3421 1171 3435 1171 3423 1171 3418 76 3421 76 3423 76 3419 23 3416 23 3418 23 3416 55 3421 55 3418 55 3422 113 3416 113 3419 113 3426 103 3416 103 3422 103 3537 2194 3639 2194 3637 2194 3640 2197 3639 2197 3537 2197 3540 2193 3640 2193 3537 2193 3540 2196 3638 2196 3640 2196 3642 3713 3537 3713 3637 3713 3564 3713 3537 3713 3642 3713 3543 3713 3461 3713 3537 3713 3564 3713 3543 3713 3537 3713 3543 3713 3434 3713 3461 3713 3523 3713 3423 3713 3434 3713 3543 3713 3523 3713 3434 3713 3523 3713 3418 3713 3423 3713 3512 4234 3418 4234 3523 4234 3512 4197 3419 4197 3418 4197 3563 5689 3543 5689 3564 5689 3563 5733 3542 5733 3543 5733 3542 6118 3523 6118 3543 6118 3542 6134 3525 6134 3523 6134 3509 7397 3512 7397 3523 7397 3525 7352 3509 7352 3523 7352 3509 7337 3519 7337 3512 7337 3643 5277 3564 5277 3642 5277 3643 5276 3563 5276 3564 5276 3644 5272 3563 5272 3643 5272 3645 5272 3563 5272 3644 5272 3639 6381 3642 6381 3637 6381 3639 7398 3643 7398 3642 7398 3679 4274 3672 4274 3659 4274 3672 3158 3647 3158 3659 3158 3672 3713 3667 3713 3647 3713 3667 3713 3639 3713 3647 3713 3667 3713 3658 3713 3639 3713 3658 3713 3643 3713 3639 3713 3676 6280 3672 6280 3679 6280 3676 6151 3668 6151 3672 6151 3668 6116 3667 6116 3672 6116 3668 5854 3662 5854 3667 5854 3662 5822 3658 5822 3667 5822 3662 5541 3644 5541 3658 5541 3644 5510 3643 5510 3658 5510 3681 6370 3676 6370 3679 6370 3683 7406 3682 7406 3679 7406 3682 7416 3681 7416 3679 7416 3680 7355 3682 7355 3683 7355 3678 7348 3680 7348 3683 7348 3479 6629 3508 6629 3555 6629 3508 6555 3536 6555 3555 6555 3257 6806 3479 6806 3555 6806 3671 6578 3674 6578 3555 6578 3577 6932 3671 6932 3555 6932 3536 6678 3556 6678 3555 6678 3556 7208 3577 7208 3555 7208 3250 6982 3448 6982 3251 6982 3448 6598 3479 6598 3251 6598 3577 7131 3588 7131 3678 7131 3588 6943 3680 6943 3678 6943 3577 7255 3678 7255 3671 7255 3251 7248 3479 7248 3257 7248 3596 7030 3680 7030 3588 7030 3529 6495 3556 6495 3536 6495 3597 6965 3680 6965 3596 6965 3556 7281 3579 7281 3577 7281 3250 6961 3462 6961 3448 6961 3589 6953 3680 6953 3597 6953 3250 6837 3492 6837 3462 6837 3556 6644 3589 6644 3579 6644 3492 6620 3556 6620 3529 6620 3556 7000 3680 7000 3589 7000 3250 6849 3556 6849 3492 6849 3450 6836 3475 6836 3250 6836 3475 6852 3556 6852 3250 6852 3248 6974 3450 6974 3250 6974 3557 7149 3576 7149 3556 7149 3576 7240 3582 7240 3556 7240 3582 6771 3592 6771 3556 6771 3592 6999 3680 6999 3556 6999 3475 6506 3500 6506 3556 6506 3500 6764 3532 6764 3556 6764 3532 6787 3538 6787 3556 6787 3538 6591 3557 6591 3556 6591 3603 6674 3605 6674 3680 6674 3677 7340 3682 7340 3680 7340 3592 7004 3598 7004 3680 7004 3598 6954 3603 6954 3680 6954 3605 6968 3677 6968 3680 6968 3248 6709 3472 6709 3450 6709 3595 7183 3603 7183 3598 7183 3248 6601 3255 6601 3472 6601 3255 7157 3254 7157 3472 7157 3254 6614 3420 6614 3472 6614 3515 6662 3557 6662 3538 6662 3557 7222 3587 7222 3576 7222 3420 6660 3515 6660 3472 6660 3420 6804 3557 6804 3515 6804 3587 6728 3603 6728 3595 6728 3557 7145 3603 7145 3587 7145 3254 7081 3410 7081 3420 7081 3670 7212 3677 7212 3605 7212 3254 6842 3411 6842 3410 6842 3604 6805 3670 6805 3605 6805 3602 6925 3670 6925 3604 6925 3254 6775 3424 6775 3411 6775 3254 6856 3670 6856 3602 6856 3254 6887 3602 6887 3424 6887 3254 6625 3675 6625 3670 6625 3210 4726 3222 4726 3244 4726 3222 2930 3253 2930 3244 2930 3222 2858 3257 2858 3253 2858 3222 2089 3226 2089 3257 2089 3224 2935 3257 2935 3226 2935 3224 5026 3219 5026 3251 5026 3224 2023 3251 2023 3257 2023 3246 5527 3205 5527 3231 5527 3246 5555 3219 5555 3205 5555 3219 5050 3246 5050 3251 5050 3180 3023 3153 3023 3156 3023 3186 2777 3180 2777 3156 2777 3204 1830 3180 1830 3186 1830 3205 1676 3204 1676 3186 1676 3217 1355 3204 1355 3205 1355 3219 1312 3217 1312 3205 1312 3220 996 3217 996 3219 996 3248 5080 3238 5080 3217 5080 3204 5600 3217 5600 3238 5600 3217 4445 3225 4445 3248 4445 3225 4328 3255 4328 3248 4328 3225 2055 3254 2055 3255 2055 3223 2977 3254 2977 3225 2977 3223 2850 3252 2850 3254 2850 3239 2740 3252 2740 3223 2740 3212 5133 3239 5133 3223 5133 3197 2281 3227 2281 3212 2281 3227 2095 3239 2095 3212 2095 3208 2247 3227 2247 3197 2247 3171 2224 3173 2224 3197 2224 3173 2147 3208 2147 3197 2147 3173 6337 3171 6337 3151 6337 3152 6259 3173 6259 3151 6259 2986 3720 3173 3720 3152 3720 2986 3699 3535 3699 3173 3699 3535 3954 3631 3954 3173 3954 3535 3964 3636 3964 3631 3964 3636 7345 3635 7345 3629 7345 3631 7408 3636 7408 3629 7408 3171 3522 2982 3522 3151 3522 3629 3520 2982 3520 3171 3520 3629 3518 3539 3518 2982 3518 3635 3514 3539 3514 3629 3514 2986 2219 3152 2219 3151 2219 2982 2215 2986 2215 3151 2215 2971 2167 2986 2167 2982 2167 2964 2161 2971 2161 2982 2161 2947 2160 2971 2160 2964 2160 2955 2256 2971 2256 2947 2256 2938 2263 2955 2263 2947 2263 2927 2154 2955 2154 2938 2154 2952 2155 2955 2155 2927 2155 2921 2241 2952 2241 2927 2241 2921 2226 2950 2226 2952 2226 2918 2235 2950 2235 2921 2235 2971 5374 3535 5374 2986 5374 3487 5631 3535 5631 2971 5631 2955 5909 3487 5909 2971 5909 3454 6029 3487 6029 2955 6029 2952 6273 3454 6273 2955 6273 3439 6326 3454 6326 2952 6326 3636 5273 3539 5273 3635 5273 3636 5274 3535 5274 3539 5274 3535 5253 3490 5253 3539 5253 3535 5320 3436 5320 3490 5320 3487 5281 3415 5281 3436 5281 3535 5223 3487 5223 3436 5223 3454 5283 3406 5283 3415 5283 3487 5327 3454 5327 3415 5327 3454 5236 3396 5236 3406 5236 3439 5233 3396 5233 3454 5233 3438 5250 3397 5250 3439 5250 3397 5239 3396 5239 3439 5239 3490 2434 2964 2434 2982 2434 3539 2480 3490 2480 2982 2480 3436 1872 2947 1872 2964 1872 3490 1884 3436 1884 2964 1884 3415 1613 2938 1613 2947 1613 3436 1607 3415 1607 2947 1607 3415 1391 2927 1391 2938 1391 3415 1321 3406 1321 2927 1321 3406 1178 2921 1178 2927 1178 3406 1105 3396 1105 2921 1105 3396 871 3091 871 2921 871 2919 6518 2917 6518 2911 6518 2912 6439 2919 6439 2911 6439 3398 6694 3399 6694 3395 6694 3398 7332 3400 7332 3399 7332 3000 6904 3089 6904 2919 6904 2912 6604 2998 6604 2919 6604 2998 6814 3000 6814 2919 6814 3000 6597 3002 6597 3089 6597 3002 6845 3090 6845 3089 6845 3096 7104 3098 7104 3089 7104 3090 7107 3096 7107 3089 7107 3098 6719 3103 6719 3089 6719 3400 6779 3398 6779 3089 6779 3419 6994 3400 6994 3089 6994 3103 6892 3419 6892 3089 6892 2875 7175 2912 7175 2876 7175 2875 7161 2997 7161 2912 7161 2997 7214 2998 7214 2912 7214 3419 6619 3425 6619 3400 6619 3419 7192 3431 7192 3425 7192 2879 6995 2997 6995 2875 6995 3103 6659 3107 6659 3419 6659 3107 6886 3422 6886 3419 6886 3003 6823 3090 6823 3002 6823 2879 7105 2999 7105 2997 7105 3001 6710 3090 6710 3003 6710 2879 7165 3001 7165 2999 7165 2879 6962 3090 6962 3001 6962 3108 6791 3422 6791 3107 6791 3105 7039 3422 7039 3108 7039 3090 7082 3099 7082 3096 7082 3090 6902 3422 6902 3105 6902 3090 6493 3105 6493 3099 6493 3077 7049 3081 7049 2879 7049 2877 6979 3078 6979 2879 6979 3078 7136 3077 7136 2879 7136 3081 6964 3090 6964 2879 6964 3081 7170 3085 7170 3090 7170 3085 6673 3086 6673 3090 6673 3086 6675 3091 6675 3090 6675 3288 6496 3287 6496 3090 6496 3290 6700 3286 6700 3090 6700 3286 6897 3292 6897 3090 6897 3292 7023 3296 7023 3090 7023 3296 6903 3422 6903 3090 6903 3287 7036 3290 7036 3090 7036 3091 6991 3288 6991 3090 6991 3296 6854 3301 6854 3422 6854 3301 6855 3426 6855 3422 6855 3401 6641 3426 6641 3301 6641 3304 7322 3396 7322 3301 7322 3396 6783 3401 6783 3301 6783 3302 6688 3396 6688 3304 6688 3300 6479 3302 6479 3304 6479 3287 7251 3294 7251 3290 7251 3294 6476 3295 6476 3290 6476 3294 6633 3302 6633 3300 6633 3295 6684 3294 6684 3300 6684 3303 7146 3396 7146 3302 7146 3091 6500 3293 6500 3288 6500 3299 6663 3396 6663 3303 6663 3091 7166 3299 7166 3293 7166 3091 6948 3396 6948 3299 6948 3083 6552 3091 6552 3086 6552 2877 6530 3080 6530 3078 6530 3091 7282 3083 7282 3080 7282 2877 6958 3091 6958 3080 6958 2913 6743 3091 6743 2877 6743 2874 7128 2913 7128 2877 7128 3401 6602 3429 6602 3426 6602 2914 6386 2921 6386 2913 6386 2921 7001 3091 7001 2913 7001 3396 6697 3402 6697 3401 6697 2914 6517 2918 6517 2921 6517 3397 6695 3402 6695 3396 6695 3398 674 2919 674 3089 674 3408 1139 2924 1139 2919 1139 3398 1120 3408 1120 2919 1120 3417 1339 2935 1339 2924 1339 3408 1342 3417 1342 2924 1342 3417 1541 2942 1541 2935 1541 3417 1660 3457 1660 2942 1660 3457 1849 2961 1849 2942 1849 3533 2391 2981 2391 2961 2391 3457 2131 3533 2131 2961 2131 3440 5232 3398 5232 3437 5232 3398 5249 3395 5249 3437 5249 3408 5230 3398 5230 3440 5230 3469 5240 3408 5240 3440 5240 3417 5269 3408 5269 3469 5269 3498 5220 3417 5220 3469 5220 3457 5261 3417 5261 3498 5261 3541 5331 3533 5331 3498 5331 3533 5227 3457 5227 3498 5227 3634 5268 3541 5268 3633 5268 3634 5270 3533 5270 3541 5270 2956 6271 3440 6271 2951 6271 3469 6243 3440 6243 2956 6243 3498 5939 3469 5939 2956 5939 2979 5764 3498 5764 2956 5764 3541 5421 3498 5421 2979 5421 3168 4031 2979 4031 3149 4031 3541 4034 2979 4034 3168 4034 3632 3713 3541 3713 3168 3713 3633 3713 3541 3713 3632 3713 3630 7378 3634 7378 3632 7378 3634 7429 3633 7429 3632 7429 3646 5208 3630 5208 3632 5208 3651 5202 3646 5202 3632 5202 3665 5325 3646 5325 3651 5325 3656 5595 3646 5595 3665 5595 3669 4625 3656 4625 3665 4625 3630 2331 3195 2331 3170 2331 3646 2107 3195 2107 3630 2107 3646 1503 3210 1503 3195 1503 3656 1423 3210 1423 3646 1423 3656 1212 3222 1212 3210 1212 3650 1040 3465 1040 3656 1040 3465 1053 3222 1053 3656 1053 3465 914 3226 914 3222 914 3650 462 3528 462 3465 462 3528 171 3503 171 3465 171 3503 744 3466 744 3465 744 3466 922 3433 922 3465 922 3433 300 3428 300 3465 300 3428 915 3409 915 3465 915 3409 657 3226 657 3465 657 3561 313 3549 313 3650 313 3549 904 3528 904 3650 904 3661 464 3561 464 3650 464 3409 484 3224 484 3226 484 3654 1023 3661 1023 3650 1023 3409 305 3404 305 3219 305 3404 480 3220 480 3219 480 3224 159 3409 159 3219 159 3661 144 3654 144 3664 144 3405 509 3220 509 3404 509 3661 471 3558 471 3561 471 3518 223 3466 223 3503 223 3466 820 3427 820 3433 820 3661 476 3544 476 3558 476 3414 423 3220 423 3405 423 3466 607 3220 607 3414 607 3466 912 3414 912 3427 912 3661 431 3466 431 3544 431 3544 358 3466 358 3518 358 3466 601 3412 601 3220 601 3412 615 3407 615 3220 615 3407 428 3403 428 3220 428 3403 493 3217 493 3220 493 3432 847 3412 847 3466 847 3467 888 3432 888 3466 888 3546 387 3524 387 3466 387 3661 433 3546 433 3466 433 3524 251 3499 251 3466 251 3499 324 3467 324 3466 324 3663 137 3657 137 3661 137 3590 402 3583 402 3661 402 3583 519 3562 519 3661 519 3657 450 3590 450 3661 450 3562 501 3546 501 3661 501 3467 356 3430 356 3432 356 3225 924 3217 924 3403 924 3394 978 3392 978 3403 978 3392 704 3225 704 3403 704 3583 335 3545 335 3562 335 3413 401 3394 401 3403 401 3467 852 3413 852 3430 852 3534 234 3467 234 3499 234 3583 514 3467 514 3534 514 3583 951 3534 951 3545 951 3467 569 3394 569 3413 569 3657 368 3649 368 3590 368 3391 522 3225 522 3392 522 3649 486 3591 486 3590 486 3393 452 3225 452 3391 452 3649 594 3584 594 3591 594 3468 525 3225 525 3393 525 3649 521 3468 521 3584 521 3584 685 3468 685 3393 685 3468 829 3223 829 3225 829 3655 889 3468 889 3649 889 3652 1190 3660 1190 3659 1190 3647 1318 3652 1318 3659 1318 3639 1670 3640 1670 3647 1670 3640 1576 3652 1576 3647 1576 3660 89 3664 89 3659 89 3660 50 3663 50 3664 50 3663 120 3661 120 3664 120 3664 4647 3679 4647 3659 4647 3664 3048 3683 3048 3679 3048 3664 3052 3678 3052 3683 3052 3671 4522 3650 4522 3674 4522 3654 5506 3650 5506 3671 5506 3678 3137 3654 3137 3671 3137 3654 4368 3678 4368 3664 4368 3674 5676 3656 5676 3669 5676 3650 5571 3656 5571 3674 5571 3191 4549 3632 4549 3168 4549 3191 5069 3651 5069 3632 5069 3221 5534 3651 5534 3191 5534 3221 5744 3665 5744 3651 5744 3233 5841 3665 5841 3221 5841 3233 6024 3669 6024 3665 6024 3244 6088 3669 6088 3233 6088 3253 6260 3674 6260 3244 6260 3674 6254 3669 6254 3244 6254 3257 6448 3555 6448 3253 6448 3555 6410 3674 6410 3253 6410 3170 2259 3191 2259 3168 2259 3195 2149 3221 2149 3191 2149 3170 2187 3195 2187 3191 2187 3195 2243 3233 2243 3221 2243 3210 2533 3244 2533 3233 2533 3195 2130 3210 2130 3233 2130</p>
        </triangles>
      </mesh>
    </geometry>
  </library_geometries>
  <library_visual_scenes>
    <visual_scene id="Scene" name="Scene">
      <node id="Object" name="Object" type="NODE">
        <instance_geometry url="#geometry">
          <bind_material>
            <technique_common>
              <instance_material symbol="MATERIAL" target="#mat" />
            </technique_common>
          </bind_material>
        </instance_geometry>
      </node>
    </visual_scene>
  </library_visual_scenes>
  <scene>
    <instance_visual_scene url="#Scene" />
  </scene>
</COLLADA>