<?xml version='1.0' encoding='utf-8'?>
<COLLADA xmlns="http://www.collada.org/2005/11/COLLADASchema" version="1.4.1">
  <asset>
    <contributor>
      <authoring_tool>RM27 reviewed Blender visual export</authoring_tool>
    </contributor>
    <created>2026-10-07T00:00:00Z</created>
    <modified>2026-10-07T00:00:00Z</modified>
    <unit name="meter" meter="1" />
    <up_axis>Z_UP</up_axis>
  </asset>
  <library_effects>
    <effect id="fx">
      <profile_COMMON>
        <technique sid="common">
          <phong>
            <emission>
              <color>0 0 0 1</color>
            </emission>
            <ambient>
              <color>0 0.4 0.6 1</color>
            </ambient>
            <diffuse>
              <color>0 0.4 0.6 1</color>
            </diffuse>
            <specular>
              <color>0.08 0.08 0.08 1</color>
            </specular>
            <shininess>
              <float>12</float>
            </shininess>
          </phong>
        </technique>
      </profile_COMMON>
    </effect>
  </library_effects>
  <library_materials>
    <material id="mat" name="source_color">
      <instance_effect url="#fx" />
    </material>
  </library_materials>
  <library_geometries>
    <geometry id="geometry" name="geometry">
      <mesh>
        <source id="positions">
          <float_array id="positions-array" count="18870">-11.4947500229 1.70686101913 -0.546665370464 -11.4910202026 1.70686101913 -0.548604786396 -11.491900444 1.70488595963 -0.548148691654 -11.4938497543 1.70488595963 -0.547132909298 -11.491689682 1.70490503311 -0.548257112503 -11.4940595627 1.70490503311 -0.547024607658 -11.4914903641 1.70495903492 -0.548362791538 -11.4942598343 1.70495998859 -0.546918928623 -11.4912900925 1.70504999161 -0.548463225365 -11.4944496155 1.70504999161 -0.546818494797 -11.4911203384 1.70517194271 -0.548555910587 -11.4946298599 1.70517301559 -0.546725809574 -11.4909601212 1.70532500744 -0.54863858223 -11.4947900772 1.70532596111 -0.546643197536 -11.490819931 1.70550394058 -0.548709213734 -11.4949302673 1.70550501347 -0.546572625637 -11.4909801483 1.70686304569 -0.548627018929 -11.4907102585 1.70570504665 -0.548765897751 -11.4948196411 1.70686805248 -0.546628177166 -11.4950399399 1.70570504665 -0.546515822411 -11.4906301498 1.70592200756 -0.548807621002 -11.494890213 1.70688700676 -0.546591818333 -11.4951200485 1.70592296124 -0.546474277973 -11.4909000397 1.70687901974 -0.548667192459 -11.4905796051 1.70615100861 -0.548832893372 -11.4951696396 1.70615196228 -0.546448886395 -11.4905700684 1.70638597012 -0.54884147644 -11.49518013 1.70638597012 -0.546440422535 -11.4949598312 1.70691800117 -0.546557426453 -11.4905700684 1.70732498169 -0.548840522766 -11.4905700684 1.70736694336 -0.54884147644 -11.4908304214 1.70691001415 -0.54870557785 -11.490650177 1.70707905293 -0.548798501492 -11.4906101227 1.70715498924 -0.548819005489 -11.4905796051 1.70723795891 -0.548833072186 -11.4907598495 1.70695400238 -0.548740923405 -11.4906997681 1.70701098442 -0.548772215843 -11.49518013 1.70721495152 -0.546440422535 -11.4951601028 1.70714402199 -0.546453773975 -11.4951200485 1.70707499981 -0.54647308588 -11.4950704575 1.70701301098 -0.546497285366 -11.4950199127 1.70695996284 -0.546525478363 -11.4991798401 1.70860004425 -0.542554676533 -11.4990797043 1.70871901512 -0.542605578899 -11.4992103577 1.7085750103 -0.542539417744 -11.4989995956 1.70872294903 -0.542647302151 -11.4990301132 1.70876801014 -0.542631804943 -11.4988098145 1.70881295204 -0.542747795582 -11.4989099503 1.70883798599 -0.542694807053 -11.4989700317 1.70880794525 -0.542662024498 -11.4986400604 1.70886194706 -0.542835474014 -11.4987802505 1.70886194706 -0.542764723301 -11.498840332 1.7088559866 -0.542729318142 -11.4987897873 1.70340704918 -0.542756319046 -11.5009899139 1.70587801933 -0.541612029076 -11.4987201691 1.70331597328 -0.542794883251 -11.5010299683 1.70593202114 -0.541590809822 -11.5080299377 1.69824802876 -0.537948727608 -11.5080404282 1.69841504097 -0.537940084934 -11.5080404282 1.69801294804 -0.537940084934 -11.5079803467 1.6984770298 -0.537974119186 -11.5080404282 1.69849097729 -0.537942886353 -11.507900238 1.69869399071 -0.538015723228 -11.5080003738 1.69863605499 -0.537964701653 -11.508020401 1.69856595993 -0.537951171398 -11.5079603195 1.69870197773 -0.537983179092 -11.5077896118 1.69889497757 -0.538072407246 -11.5079202652 1.69876003265 -0.538006007671 -11.5077695847 1.69892799854 -0.538083970547 -11.5076599121 1.58970105648 -0.538138389587 -11.5060195923 1.58783900738 -0.538994908333 -11.5059700012 1.58779203892 -0.539019882679 -11.5079202652 1.5899900198 -0.538001477718 -11.5078001022 1.58987998962 -0.538067817688 -11.5079097748 1.59008097649 -0.538011014462 -11.5079698563 1.5900490284 -0.537978470325 -11.5080003738 1.59011399746 -0.537960112095 -11.5079898834 1.59029901028 -0.537969529629 -11.5080299377 1.5901850462 -0.537946581841 -11.5080499649 1.59025895596 -0.537938296795 -11.5080499649 1.59033501148 -0.537935495377 -11.5080404282 1.59052705765 -0.537944078445 -11.5080499649 1.59076201916 -0.537935495377 -11.4986200333 1.57990503311 -0.54284799099 -11.4987897873 1.57988703251 -0.542759180069 -11.4984102249 1.57988703251 -0.542956411839 -11.4988203049 1.57995998859 -0.542742311954 -11.4988498688 1.57989299297 -0.542724013329 -11.4989204407 1.57991099358 -0.542689681053 -11.4989795685 1.57993996143 -0.542657077312 -11.4990100861 1.58004999161 -0.542641878128 -11.49903965 1.57998001575 -0.542626976967 -11.4990901947 1.58002996445 -0.542600095272 -11.4993495941 1.58032596111 -0.542466580868 -11.5010004044 1.58218097687 -0.541606724262 -11.4991903305 1.58017301559 -0.542549312115 -11.5010404587 1.58223605156 -0.541585087776 -11.4856700897 1.57990396023 -0.549584686756 -11.4858798981 1.57988595963 -0.549476325512 -11.4855298996 1.57988595963 -0.549661695957 -11.4854698181 1.57995903492 -0.549690306187 -11.4854602814 1.57989096642 -0.549696028233 -11.4853897095 1.57990896702 -0.549730598927 -11.4852800369 1.58004903793 -0.549790680408 -11.485329628 1.57993805408 -0.549763381481 -11.4852695465 1.57997894287 -0.54979377985 -11.4852199554 1.5800280571 -0.549820780754 -11.4850702286 1.58019602299 -0.549898386002 -11.4850997925 1.58017194271 -0.549883425236 -11.429309845 1.57989895344 -0.578924894333 -11.429479599 1.57988095284 -0.578836202621 -11.4291000366 1.57988095284 -0.579033315182 -11.4295101166 1.57995402813 -0.578819274902 -11.4295501709 1.57988703251 -0.578800976276 -11.4296197891 1.57990503311 -0.578766703606 -11.4296798706 1.57993400097 -0.578734099865 -11.4297103882 1.58004403114 -0.578718781471 -11.4297399521 1.57997405529 -0.578703999519 -11.4297895432 1.58002305031 -0.578677177429 -11.4300403595 1.58032000065 -0.578543484211 -11.4346704483 1.58552598953 -0.576136827469 -11.429889679 1.58016705513 -0.578626215458 -11.4345903397 1.58544194698 -0.576179027557 -11.4217195511 1.70685505867 -0.584681808949 -11.4223899841 1.70489799976 -0.584334015846 -11.4225997925 1.70487999916 -0.584225714207 -11.425450325 1.70685505867 -0.582742393017 -11.4245500565 1.70487999916 -0.583209872246 -11.4247503281 1.70489895344 -0.583101570606 -11.4221801758 1.70495295525 -0.584439814091 -11.4249601364 1.70495295525 -0.582995891571 -11.4219903946 1.70504295826 -0.584540188313 -11.4251499176 1.70504403114 -0.58289539814 -11.4218101501 1.70516598225 -0.584632873535 -11.425330162 1.70516705513 -0.582802772522 -11.4216499329 1.70531904697 -0.584715485573 -11.4254903793 1.70532000065 -0.582720220089 -11.4215202332 1.70549798012 -0.584786117077 -11.425620079 1.705499053 -0.582649588585 -11.4216804504 1.70685696602 -0.584704101086 -11.4214096069 1.70569896698 -0.584842920303 -11.4255199432 1.70686101913 -0.582705378532 -11.4257297516 1.70569896698 -0.582592785358 -11.421330452 1.7059160471 -0.584884524345 -11.4255895615 1.70687997341 -0.582669317722 -11.4258098602 1.70591700077 -0.582551300526 -11.4216003418 1.70687305927 -0.584744274616 -11.4212799072 1.70614504814 -0.584909915924 -11.425860405 1.70614600182 -0.582525908947 -11.4212703705 1.70638000965 -0.584918498993 -11.4258804321 1.70638000965 -0.582517325878 -11.4256496429 1.70691096783 -0.582634985447 -11.4213104248 1.70714902878 -0.584896087646 -11.4212799072 1.70723199844 -0.584910213947 -11.4212703705 1.70731902122 -0.584917485714 -11.4212703705 1.70735299587 -0.584918498993 -11.4215297699 1.7069029808 -0.584782600403 -11.4214601517 1.70694804192 -0.584817886353 -11.4214000702 1.70700502396 -0.584849178791 -11.4213495255 1.70707297325 -0.584875524044 -11.4258804321 1.70720899105 -0.582517385483 -11.4258499146 1.70713496208 -0.582531511784 -11.4258098602 1.70706605911 -0.582551002502 -11.4257698059 1.70700502396 -0.582575082779 -11.4257097244 1.70695304871 -0.582603275776 -11.4069499969 1.69840598106 -0.590567886829 -11.4069900513 1.69846796989 -0.590545594692 -11.4069499969 1.69827795029 -0.590567886829 -11.4069499969 1.69848001003 -0.59056520462 -11.4069700241 1.69855499268 -0.590557098389 -11.4070701599 1.69868505001 -0.59050399065 -11.406999588 1.69862604141 -0.590543627739 -11.4070301056 1.69869196415 -0.590524971485 -11.4070701599 1.69875097275 -0.590502023697 -11.4071502686 1.69883096218 -0.590464770794 -11.4066400528 1.62417900562 -0.590727806091 -11.406709671 1.62421000004 -0.590693414211 -11.4069299698 1.59382498264 -0.590574979782 -11.4069004059 1.62443602085 -0.590589821339 -11.4069299698 1.62450695038 -0.590576410294 -11.4068698883 1.62436699867 -0.590609073639 -11.4067697525 1.62425196171 -0.590661585331 -11.4068202972 1.62430500984 -0.590633273125 -11.4069099426 1.59389698505 -0.59058880806 -11.4064998627 1.624153018 -0.590801477432 -11.4065704346 1.62416005135 -0.590764224529 -11.404589653 1.62412905693 -0.591794490814 -11.4046602249 1.62414705753 -0.591760098934 -11.4047203064 1.624153018 -0.591724872589 -11.4068698883 1.59396600723 -0.590608298779 -11.4042901993 1.62366604805 -0.591949999332 -11.404299736 1.62374198437 -0.591947197914 -11.4043102264 1.62381601334 -0.591938912868 -11.4043397903 1.62388694286 -0.591925382614 -11.4043703079 1.62395203114 -0.591907024384 -11.404419899 1.62400996685 -0.591884076595 -11.4044704437 1.62406003475 -0.591857194901 -11.4045295715 1.62409996986 -0.591827094555 -11.4068202972 1.59402799606 -0.590632796288 -11.4067697525 1.5940810442 -0.590661406517 -11.406709671 1.59412395954 -0.590693473816 -11.4066400528 1.59415400028 -0.590728282928 -11.4065704346 1.59417295456 -0.59076499939 -11.4043197632 1.59451496601 -0.591937720776 -11.404299736 1.59458899498 -0.591945886612 -11.4042901993 1.59466600418 -0.59194868803 -11.4064998627 1.59417903423 -0.590800225735 -11.4043798447 1.59437894821 -0.591905713081 -11.4043397903 1.59444403648 -0.591924190521 -11.404589653 1.59420204163 -0.591793179512 -11.4047298431 1.59417796135 -0.591723680496 -11.4046602249 1.59418404102 -0.591758906841 -11.4045295715 1.59423196316 -0.591825902462 -11.4044704437 1.5942709446 -0.591856002808 -11.404419899 1.5943210125 -0.591882824898 -11.4066400528 1.65937900543 -0.590729415417 -11.4067001343 1.65940999985 -0.590694904327 -11.4069299698 1.62902498245 -0.590576529503 -11.4067602158 1.65945196152 -0.590663075447 -11.4068202972 1.65950500965 -0.590634822845 -11.4068698883 1.65956699848 -0.590610682964 -11.4069004059 1.65963602066 -0.590591311455 -11.4069299698 1.65970695019 -0.5905777812 -11.4065704346 1.65936005116 -0.590765714645 -11.4069004059 1.62909901142 -0.590590715408 -11.4068698883 1.62916696072 -0.590610206127 -11.4068202972 1.62922894955 -0.590634286404 -11.4067602158 1.62928104401 -0.590662479401 -11.4067001343 1.62932300568 -0.590694189072 -11.4066400528 1.62935400009 -0.590728521347 -11.4065704346 1.62937200069 -0.590764582157 -11.4064998627 1.65935301781 -0.590803027153 -11.4064998627 1.62937903404 -0.590801596642 -11.4045801163 1.6294080019 -0.591802120209 -11.4047203064 1.62937903404 -0.591725170612 -11.4046497345 1.62938594818 -0.591764271259 -11.4045095444 1.62944400311 -0.591837704182 -11.4044504166 1.62949299812 -0.591869771481 -11.4043903351 1.6295529604 -0.59189748764 -11.4043502808 1.62962198257 -0.591920077801 -11.4042901993 1.62986600399 -0.591950297356 -11.4043197632 1.62969899178 -0.591936588287 -11.404299736 1.62978100777 -0.591946780682 -11.4042901993 1.65886604786 -0.591951370239 -11.4047203064 1.65935301781 -0.591726481915 -11.4046497345 1.65934598446 -0.591765522957 -11.404299736 1.6589499712 -0.591948091984 -11.4043197632 1.65903198719 -0.59193789959 -11.4043502808 1.65910899639 -0.591921329498 -11.4043903351 1.65917897224 -0.591898798943 -11.4044399261 1.65923905373 -0.591871082783 -11.4045696259 1.65932404995 -0.591803371906 -11.4045095444 1.65928804874 -0.591838896275 -11.406920433 1.69489097595 -0.59058201313 -11.406920433 1.69490695 -0.590579390526 -11.4069299698 1.66422402859 -0.590578019619 -11.4066495895 1.69458401203 -0.590723514557 -11.4067201614 1.69462203979 -0.59068608284 -11.4067897797 1.69467294216 -0.590652287006 -11.4068403244 1.69473695755 -0.59062319994 -11.4068899155 1.69481003284 -0.590599477291 -11.4065704346 1.69456100464 -0.590763270855 -11.4069004059 1.66429901123 -0.590592324734 -11.4068603516 1.66436696053 -0.590611577034 -11.4068202972 1.66442894936 -0.59063577652 -11.4067602158 1.66448104382 -0.590664029121 -11.4067001343 1.66452300549 -0.590695679188 -11.4066400528 1.6645539999 -0.590730011463 -11.4065704346 1.66457295418 -0.590766072273 -11.4064903259 1.69455301762 -0.59080439806 -11.4064998627 1.66457903385 -0.590803205967 -11.4046602249 1.66458404064 -0.591760218143 -11.404589653 1.66460204124 -0.591795027256 -11.4047203064 1.66457903385 -0.591726720333 -11.4045295715 1.6646310091 -0.591828107834 -11.4044704437 1.66467094421 -0.591858625412 -11.404419899 1.66472101212 -0.59188580513 -11.4043703079 1.66478002071 -0.591908991337 -11.4043302536 1.66484594345 -0.591927587986 -11.4043102264 1.66491794586 -0.591940999031 -11.4042901993 1.66499304771 -0.591949224472 -11.4042901993 1.6650660038 -0.591951727867 -11.4042901993 1.69406604767 -0.591952979565 -11.4047203064 1.69455301762 -0.591727972031 -11.4042901993 1.69413805008 -0.59195047617 -11.4046497345 1.69454705715 -0.59176337719 -11.4043102264 1.69421303272 -0.591942489147 -11.4043302536 1.69428396225 -0.591929078102 -11.4043703079 1.6943500042 -0.591910719872 -11.4044599533 1.69445896149 -0.591860890388 -11.4045200348 1.69449996948 -0.591830670834 -11.4044103622 1.69440901279 -0.591887772083 -11.4045801163 1.69452905655 -0.591797888279 -11.4070796967 1.58998203278 -0.590497374535 -11.4071903229 1.58987104893 -0.590442597866 -11.40721035 1.58983802795 -0.590431213379 -11.4070796967 1.59007203579 -0.590499401093 -11.4070396423 1.59003996849 -0.590520322323 -11.406999588 1.59010505676 -0.590538799763 -11.406999588 1.5902889967 -0.590541005135 -11.4069795609 1.59017598629 -0.590552210808 -11.4069595337 1.59025001526 -0.590560495853 -11.4069595337 1.59032595158 -0.590563297272 -11.4069595337 1.5904790163 -0.590563297272 -11.4117898941 1.59030902386 -0.588044524193 -11.4096002579 1.58782994747 -0.589185476303 -11.4095497131 1.5877840519 -0.589210093021 -11.4118700027 1.5903929472 -0.588002502918 -11.4163703918 1.57989799976 -0.585661590099 -11.4165802002 1.57987999916 -0.585553228855 -11.4162197113 1.57987904549 -0.58573871851 -11.4161701202 1.57995295525 -0.585767328739 -11.4161596298 1.57988500595 -0.58577311039 -11.4160900116 1.57990300655 -0.585807681084 -11.4159698486 1.58004295826 -0.585867702961 -11.4160299301 1.57993197441 -0.585840523243 -11.4159698486 1.57997202873 -0.585870802402 -11.4159202576 1.58002197742 -0.585897922516 -11.415769577 1.5801910162 -0.585975706577 -11.4158000946 1.58016598225 -0.585960328579 -11.4173202515 1.57987999916 -0.586972475052 -11.4171104431 1.57989799976 -0.587080717087 -11.4169597626 1.57987904549 -0.587158024311 -11.4169101715 1.57995295525 -0.587186515331 -11.4168996811 1.57988500595 -0.587192296982 -11.4168300629 1.57990300655 -0.58722692728 -11.4167699814 1.57993197441 -0.587259709835 -11.4167098999 1.58004295826 -0.587286889553 -11.4167098999 1.57997202873 -0.587289988995 -11.4166603088 1.58002197742 -0.587317109108 -11.4165401459 1.58016598225 -0.587379574776 -11.4165096283 1.5801910162 -0.587394893169 -11.4103403091 1.58782994747 -0.5906047225 -11.4125299454 1.59030902386 -0.589463710785 -11.4102897644 1.5877840519 -0.590629279613 -11.412610054 1.5903929472 -0.58942180872 -11.4079303741 1.58987104893 -0.591861784458 -11.4078197479 1.58998203278 -0.591916620731 -11.4079504013 1.58983802795 -0.591850280762 -11.4078197479 1.59007203579 -0.591918587685 -11.4077796936 1.59003996849 -0.591939508915 -11.4077396393 1.59010505676 -0.591957986355 -11.4077396393 1.5902889967 -0.591960191727 -11.4077100754 1.59017598629 -0.5919713974 -11.407699585 1.59025001526 -0.591979682446 -11.4076900482 1.59032595158 -0.591982483864 -11.4076900482 1.5904790163 -0.591982483864 -11.4076709747 1.59675300121 -0.591996431351 -11.4073648453 1.59417712688 -0.59216439724 -11.4077396393 1.59389162064 -0.592146098614 -11.4050312042 1.59455931187 -0.593370079994 -11.4053230286 1.59418320656 -0.593316257 -11.4123716354 1.59675657749 -0.589748799801 -11.4110765457 1.60064101219 -0.590651631355 -11.4129962921 1.5973521471 -0.589242100716 -11.4111022949 1.60164117813 -0.590668261051 -11.4109296799 1.60074102879 -0.5902993083 -11.4101676941 1.60266602039 -0.590687215328 -11.4109296799 1.60174095631 -0.590299606323 -11.4109115601 1.60266602039 -0.590299427509 -11.4101743698 1.60366594791 -0.590687274933 -11.4109210968 1.60366594791 -0.590299427509 -11.4101924896 1.60566604137 -0.590687274933 -11.4112472534 1.60466599464 -0.590299427509 -11.4104976654 1.60466599464 -0.590687274933 -11.4109449387 1.60566604137 -0.590299487114 -11.4103164673 1.60666596889 -0.590614676476 -11.4109277725 1.60666596889 -0.590299487114 -11.4101800919 1.60716605186 -0.590687572956 -11.4129886627 1.62096786499 -0.589224457741 -11.4101877213 1.60966598988 -0.590687513351 -11.4110012054 1.60766601562 -0.590299606323 -11.4102373123 1.60766601562 -0.590687394142 -11.4101800919 1.6085909605 -0.590687394142 -11.4101800919 1.608741045 -0.590687394142 -11.4109296799 1.60916602612 -0.590299427509 -11.4109296799 1.6085909605 -0.590299606323 -11.4109296799 1.608741045 -0.590299606323 -11.4101762772 1.61066603661 -0.590687572956 -11.4109296799 1.60959100723 -0.590299725533 -11.4109287262 1.60974097252 -0.590299725533 -11.4109220505 1.61066603661 -0.590299725533 -11.4101676941 1.61266601086 -0.590687572956 -11.409989357 1.61166596413 -0.590687572956 -11.4109144211 1.61166596413 -0.590299725533 -11.4101800919 1.61316597462 -0.590687513351 -11.4109296799 1.61259102821 -0.590299785137 -11.4109296799 1.61316597462 -0.590299725533 -11.4109296799 1.6127409935 -0.590299785137 -11.4101800919 1.61416602135 -0.590687513351 -11.4101800919 1.61359095573 -0.590687394142 -11.4101800919 1.61374104023 -0.590687513351 -11.4109334946 1.61366605759 -0.590299785137 -11.4101800919 1.61459100246 -0.590687513351 -11.4101800919 1.61474096775 -0.590687513351 -11.4101800919 1.61516594887 -0.590687513351 -11.410902977 1.61466598511 -0.590299904346 -11.4076700211 1.62175297737 -0.591995716095 -11.410902977 1.61566603184 -0.590299904346 -11.4101810455 1.61666595936 -0.59069019556 -11.4073600769 1.62415504456 -0.592161893845 -11.4049272537 1.62411606312 -0.59314841032 -11.4077224731 1.62444269657 -0.592112779617 -11.4110488892 1.61666595936 -0.590300023556 -11.4109296799 1.61759102345 -0.590300023556 -11.4109296799 1.62175297737 -0.590299725533 -11.4100074768 1.61769092083 -0.590337514877 -11.4123821259 1.6217237711 -0.589255392551 -11.4076700211 1.63187897205 -0.591995239258 -11.4050369263 1.65930521488 -0.593378603458 -11.4049301147 1.62942039967 -0.59310978651 -11.4078226089 1.62933695316 -0.592376589775 -11.4124164581 1.63189053535 -0.589704275131 -11.413020134 1.6325455904 -0.589300453663 -11.4101800919 1.63636600971 -0.590689182281 -11.4111003876 1.63586592674 -0.590667963028 -11.4129896164 1.6378660202 -0.589225649834 -11.4101867676 1.6378660202 -0.590688705444 -11.411113739 1.63684129715 -0.590678930283 -11.4101800919 1.63694095612 -0.590688705444 -11.4109239578 1.6378660202 -0.590300798416 -11.4101867676 1.63886594772 -0.590688824654 -11.4101800919 1.63936603069 -0.590689301491 -11.4109201431 1.63879096508 -0.590300798416 -11.4109201431 1.63936603069 -0.590300917625 -11.4109201431 1.63894104958 -0.590300917625 -11.4101934433 1.64086604118 -0.590688824654 -11.4109201431 1.63979101181 -0.590300917625 -11.4101800919 1.63979101181 -0.590688824654 -11.4101800919 1.6399409771 -0.590688824654 -11.4109201431 1.64036595821 -0.590300917625 -11.4134988785 1.64086639881 -0.590209305286 -11.4109201431 1.6399409771 -0.590300917625 -11.4101810455 1.64179098606 -0.590688884258 -11.4101800919 1.64236605167 -0.590689122677 -11.4101800919 1.64194095135 -0.590688884258 -11.4109344482 1.6418659687 -0.59030097723 -11.4101800919 1.64436602592 -0.590689003468 -11.4101800919 1.64386606216 -0.590689003468 -11.4109201431 1.64279103279 -0.59030097723 -11.4102363586 1.64286601543 -0.590689003468 -11.4109201431 1.64436602592 -0.590300917625 -11.4109201431 1.64294099808 -0.59030097723 -11.4109201431 1.64386606216 -0.590301096439 -11.4101800919 1.64536595345 -0.590689003468 -11.4101800919 1.64479100704 -0.590689003468 -11.4101800919 1.64494097233 -0.590689003468 -11.4109201431 1.64486598969 -0.590301096439 -11.412987709 1.65612196922 -0.589223504066 -11.4101819992 1.64686596394 -0.590689122677 -11.4099912643 1.64586603642 -0.590689122677 -11.4108257294 1.64586603642 -0.590301156044 -11.4109210968 1.64686596394 -0.590301215649 -11.4101991653 1.64786601067 -0.590689122677 -11.4109201431 1.64779102802 -0.590301275253 -11.4109191895 1.64794099331 -0.590301275253 -11.4101800919 1.64886593819 -0.590689003468 -11.4109191895 1.64886593819 -0.590301275253 -11.410161972 1.64986598492 -0.590689182281 -11.4108972549 1.64986598492 -0.590301275253 -11.4076700211 1.65687894821 -0.591995894909 -11.4100856781 1.65086603165 -0.590689063072 -11.4100103378 1.65189099312 -0.590342283249 -11.4109153748 1.65086603165 -0.590301394463 -11.4077444077 1.65939617157 -0.592228472233 -11.4109201431 1.65179097652 -0.590301513672 -11.4109201431 1.65687894821 -0.590300917625 -11.4123716354 1.65686106682 -0.589342713356 -11.4099988937 1.6528660059 -0.590321779251 -11.4076690674 1.66700398922 -0.59199565649 -11.4073963165 1.66457247734 -0.592074036598 -11.4076662064 1.66423654556 -0.591989099979 -11.4050455093 1.66496384144 -0.593399107456 -11.4053564072 1.66458165646 -0.593270480633 -11.412935257 1.66759455204 -0.589151084423 -11.4101791382 1.66700494289 -0.590690851212 -11.4122781754 1.66700661182 -0.589464306831 -11.4050302505 1.67897224426 -0.593371510506 -11.4101963043 1.67206597328 -0.59069019556 -11.4110965729 1.67099094391 -0.590664803982 -11.4101800919 1.6711410284 -0.590690076351 -11.4109201431 1.6711410284 -0.590302288532 -11.4129896164 1.67299103737 -0.589227020741 -11.4109354019 1.67206597328 -0.590331792831 -11.4101839066 1.67406594753 -0.59069019556 -11.4101800919 1.67299103737 -0.59069019556 -11.4101753235 1.67314100266 -0.59069019556 -11.4101924896 1.67506599426 -0.59069031477 -11.4110612869 1.67406594753 -0.590302407742 -11.4101839066 1.67606604099 -0.59069031477 -11.4110460281 1.67506599426 -0.590302407742 -11.4109220505 1.67606604099 -0.590302526951 -11.4101772308 1.67706596851 -0.590690374374 -11.4101800919 1.67756605148 -0.590690493584 -11.4109172821 1.67706596851 -0.590302586555 -11.4101743698 1.68006598949 -0.590690493584 -11.4109163284 1.68006598949 -0.590302705765 -11.4101800919 1.67899096012 -0.590690493584 -11.4101800919 1.67914104462 -0.590690493584 -11.4109668732 1.67806601524 -0.590302586555 -11.4102182388 1.67806601524 -0.590690374374 -11.4109201431 1.67956602573 -0.590302407742 -11.4108724594 1.67906594276 -0.590302586555 -11.4101676941 1.68206596375 -0.590690612793 -11.4101800919 1.68099105358 -0.590690612793 -11.4101800919 1.68114101887 -0.590690612793 -11.4108972549 1.68106603622 -0.590302705765 -11.4109153748 1.68306601048 -0.590302824974 -11.4109048843 1.68206596375 -0.590302705765 -11.4101800919 1.68356597424 -0.590690493584 -11.4099912643 1.68306601048 -0.590690612793 -11.4101800919 1.68456602097 -0.590690493584 -11.4101800919 1.68414103985 -0.590690493584 -11.4101800919 1.68399095535 -0.590690493584 -11.4108934402 1.684065938 -0.590302824974 -11.4129886627 1.69110822678 -0.589226424694 -11.4101800919 1.68499100208 -0.590690672398 -11.4101800919 1.68514096737 -0.590690493584 -11.4101638794 1.68606603146 -0.590690553188 -11.4108781815 1.68506598473 -0.590302884579 -11.4109201431 1.68599104881 -0.590302884579 -11.4109201431 1.68656694889 -0.590302407742 -11.4109201431 1.6861410141 -0.590302884579 -11.4074020386 1.69456374645 -0.591999650002 -11.4050321579 1.69417488575 -0.593374848366 -11.4099826813 1.68699085712 -0.590307295322 -11.409986496 1.68714094162 -0.590310931206 -11.4101800919 1.68806600571 -0.590689837933 -11.4076623917 1.69200348854 -0.591998517513 -11.4109039307 1.68806600571 -0.590303003788 -11.4122304916 1.69200432301 -0.589626431465 -11.4124269485 1.69170939922 -0.588614165783 -11.4053611755 1.69454860687 -0.593431591988 -11.4077301025 1.69846796989 -0.591964781284 -11.4076900482 1.69840598106 -0.591987073421 -11.4076900482 1.69827795029 -0.591987073421 -11.4076900482 1.69848001003 -0.591984391212 -11.4078102112 1.69868505001 -0.591923177242 -11.4077301025 1.69862604141 -0.591962814331 -11.4077100754 1.69855499268 -0.591976284981 -11.4077701569 1.69869196415 -0.591944277287 -11.4078798294 1.69883096218 -0.591884016991 -11.4078102112 1.69875097275 -0.591921210289 -11.4298801422 1.70859396458 -0.578631699085 -11.4297800064 1.70871305466 -0.578682720661 -11.4299097061 1.70857000351 -0.57861661911 -11.4296998978 1.70871698856 -0.578724324703 -11.4297304153 1.70876204967 -0.57870900631 -11.4295101166 1.70880699158 -0.578824818134 -11.4296102524 1.70883202553 -0.578772425652 -11.4296703339 1.70880198479 -0.578739404678 -11.4293403625 1.70885503292 -0.578912496567 -11.4294700623 1.70885503292 -0.578841686249 -11.4295396805 1.70885002613 -0.578807175159 -11.4167098999 1.70871603489 -0.58729237318 -11.4166498184 1.70871198177 -0.587322473526 -11.4165802002 1.70863103867 -0.587359786034 -11.4167003632 1.70876097679 -0.58729571104 -11.4168996811 1.7088060379 -0.587191998959 -11.4168195724 1.70882999897 -0.587233006954 -11.4167604446 1.70880103111 -0.587265610695 -11.4170703888 1.70885396004 -0.587104201317 -11.4169502258 1.70885396004 -0.587163507938 -11.4168901443 1.70884799957 -0.587198615074 -11.4159097672 1.70871198177 -0.585903286934 -11.4159698486 1.70871603489 -0.585873186588 -11.4158401489 1.70863103867 -0.585940599442 -11.4159603119 1.70876097679 -0.585876524448 -11.4160203934 1.70880103111 -0.585846424103 -11.4161596298 1.7088060379 -0.585772812366 -11.4160804749 1.70882999897 -0.585813820362 -11.4162101746 1.70885396004 -0.585744202137 -11.4163303375 1.70885396004 -0.585685014725 -11.4161500931 1.70884799957 -0.585779428482 -11.4837999344 1.69988501072 -0.552365124226 -11.4820709229 1.70172226429 -0.553264498711 -11.4326496124 1.6998809576 -0.578993201256 -11.429400444 1.70391821861 -0.580684006214 -11.4324398041 1.69989895821 -0.579101502895 -11.4820404053 1.7017441988 -0.553278684616 -11.4820098877 1.7017840147 -0.55329567194 -11.4358301163 1.70286202431 -0.577336013317 -11.4358997345 1.70285594463 -0.577298998833 -11.4821214676 1.7017083168 -0.553253293037 -11.4840097427 1.699903965 -0.552256703377 -11.4822301865 1.70176231861 -0.553182125092 -11.4821996689 1.70173454285 -0.553197562695 -11.4821586609 1.70171296597 -0.553218483925 -11.4322395325 1.6999540329 -0.579207181931 -11.4842100143 1.69995903969 -0.552151024342 -11.4293708801 1.70388972759 -0.580699503422 -11.4320402145 1.70004403591 -0.579307615757 -11.4843997955 1.7000490427 -0.552050709724 -11.4318704605 1.70016694069 -0.57940030098 -11.48458004 1.70017194748 -0.551957905293 -11.4317102432 1.70032000542 -0.579482972622 -11.4847402573 1.70032501221 -0.551875412464 -11.482257843 1.70182871819 -0.553165733814 -11.4293279648 1.70386624336 -0.580723822117 -11.4289999008 1.70336997509 -0.580891489983 -11.487449646 1.70337498188 -0.550467014313 -11.4822587967 1.70188951492 -0.553166508675 -11.4805698395 1.70285999775 -0.554047882557 -11.4819889069 1.70180296898 -0.553273797035 -11.4819898605 1.70185899734 -0.553304970264 -11.482000351 1.70188498497 -0.553303897381 -11.482000351 1.70191001892 -0.553300797939 -11.4820098877 1.70193397999 -0.55329567194 -11.4875802994 1.70355403423 -0.550396382809 -11.4876899719 1.7037550211 -0.550339698792 -11.4877700806 1.703971982 -0.550298094749 -11.4878196716 1.70420098305 -0.550272703171 -11.4820404053 1.70197212696 -0.553280174732 -11.480890274 1.70300996304 -0.553880512714 -11.4808301926 1.70295798779 -0.553908824921 -11.4807701111 1.70291602612 -0.553940415382 -11.4807100296 1.7028850317 -0.553974688053 -11.4806404114 1.70286595821 -0.554010927677 -11.4878396988 1.70443594456 -0.550264179707 -11.4822273254 1.70195960999 -0.553184330463 -11.487830162 1.70886099339 -0.550264298916 -11.4820699692 1.70199525356 -0.553265273571 -11.4821805954 1.70199549198 -0.553206205368 -11.4862604141 1.70886003971 -0.551086425781 -11.4861898422 1.70885396004 -0.551121592522 -11.486000061 1.70876705647 -0.551218688488 -11.48595047 1.70871794224 -0.551245510578 -11.486120224 1.70883703232 -0.551155924797 -11.4860601425 1.70880699158 -0.551188588142 -11.4820995331 1.70200705528 -0.553247690201 -11.4821414948 1.702008605 -0.553221523762 -11.435749054 1.7028875351 -0.577395200729 -11.4294300079 1.70401299 -0.580669701099 -11.4294204712 1.70398700237 -0.580670773983 -11.4294204712 1.70396196842 -0.580673873425 -11.4294204712 1.70403897762 -0.580670773983 -11.4356298447 1.70295405388 -0.577438116074 -11.4355802536 1.70300602913 -0.57746642828 -11.4294214249 1.70406544209 -0.58067715168 -11.4305200577 1.70871305466 -0.580101907253 -11.429400444 1.70410895348 -0.580685913563 -11.4292812347 1.70386469364 -0.580782830715 -11.4292182922 1.7038898468 -0.580777108669 -11.4288702011 1.70354902744 -0.580962121487 -11.4291934967 1.70392215252 -0.580808877945 -11.4287595749 1.70375001431 -0.581018924713 -11.4286804199 1.70396697521 -0.581060528755 -11.4291610718 1.70398819447 -0.580809295177 -11.4286298752 1.70419597626 -0.581085920334 -11.4291582108 1.70404553413 -0.580802440643 -11.428609848 1.70443105698 -0.581094384193 -11.429192543 1.70411336422 -0.580790221691 -11.4293708801 1.70413684845 -0.58070063591 -11.428609848 1.70738005638 -0.581094503403 -11.4292392731 1.70414948463 -0.580767035484 -11.4293270111 1.70415985584 -0.580723047256 -11.4285898209 1.70761704445 -0.581103205681 -11.42927742 1.70416283607 -0.580745637417 -11.4302101135 1.70885503292 -0.58026099205 -11.4304103851 1.70880198479 -0.58015859127 -11.4303503036 1.70883202553 -0.580191671848 -11.4302797318 1.70885002613 -0.580226421356 -11.4304704666 1.70876204967 -0.580128192902 -11.4285402298 1.70784699917 -0.581128895283 -11.4284601212 1.70806503296 -0.581170976162 -11.4283504486 1.7082669735 -0.581228494644 -11.4282197952 1.70844602585 -0.581299781799 -11.4280595779 1.70859897137 -0.581383287907 -11.4278802872 1.70872104168 -0.581476926804 -11.4276800156 1.70880997181 -0.581578195095 -11.4275197983 1.70885503292 -0.581660985947 -11.4852104187 1.70871794224 -0.549826323986 -11.4852695465 1.70872199535 -0.54979622364 -11.4851398468 1.70863699913 -0.549863398075 -11.4852600098 1.70876705647 -0.549799382687 -11.4853200912 1.70880699158 -0.549769282341 -11.4854602814 1.70881199837 -0.549695789814 -11.4853801727 1.70883703232 -0.54973679781 -11.4855203629 1.70886003971 -0.549667179585 -11.4856300354 1.70886003971 -0.549607992172 -11.485449791 1.70885396004 -0.54970240593 -11.4998197556 1.70871901512 -0.544024825096 -11.4999198914 1.70860004425 -0.543973922729 -11.4999504089 1.7085750103 -0.543958604336 -11.4997701645 1.70870399475 -0.544049918652 -11.4997701645 1.70876801014 -0.544050991535 -11.4997396469 1.70872294903 -0.544066607952 -11.499710083 1.70880794525 -0.54408121109 -11.4995803833 1.70879995823 -0.544149518013 -11.4995803833 1.7088559866 -0.544148504734 -11.4995498657 1.70881295204 -0.544167101383 -11.4996500015 1.70883798599 -0.544113993645 -11.4995203018 1.70886194706 -0.544184029102 -11.4993801117 1.70886194706 -0.544254779816 -11.5017299652 1.70587801933 -0.543031096458 -11.4995298386 1.70340704918 -0.544175505638 -11.4994602203 1.70331597328 -0.544214129448 -11.5017700195 1.70593202114 -0.543009877205 -11.5087795258 1.69841504097 -0.539359390736 -11.508769989 1.69824802876 -0.5393679142 -11.5087795258 1.69801294804 -0.539359390736 -11.5087203979 1.6984770298 -0.539393305779 -11.5087795258 1.69849097729 -0.539362072945 -11.5087604523 1.69856595993 -0.539370417595 -11.5086402893 1.69869399071 -0.539434909821 -11.5087404251 1.69863605499 -0.539384007454 -11.5087003708 1.69870102406 -0.53940230608 -11.5086603165 1.69876003265 -0.539425313473 -11.5085296631 1.69889497757 -0.539491713047 -11.5085096359 1.69892799854 -0.539503216743 -11.5087900162 1.63438796997 -0.539356589317 -11.5049104691 1.63884413242 -0.541377663612 -11.5052404404 1.6343870163 -0.541203677654 -11.5051002502 1.63440001011 -0.541275918484 -11.5087900162 1.6543879509 -0.539357483387 -11.5048818588 1.63896167278 -0.541390299797 -11.5049114227 1.63889586926 -0.541378855705 -11.5049695969 1.63443601131 -0.541346371174 -11.5048398972 1.63449597359 -0.54141330719 -11.5047197342 1.63457798958 -0.541474997997 -11.5046100616 1.63468003273 -0.541530191898 -11.5045204163 1.6347990036 -0.541577219963 -11.5044498444 1.63493299484 -0.541615128517 -11.5044002533 1.63507795334 -0.541642785072 -11.504360199 1.63523101807 -0.541659772396 -11.5043497086 1.63538694382 -0.541665375233 -11.5047092438 1.63873612881 -0.541473269463 -11.5046625137 1.63877522945 -0.541490912437 -11.5046443939 1.63883507252 -0.541518986225 -11.5048847198 1.63877534866 -0.541395366192 -11.5048398972 1.63872611523 -0.541455328465 -11.5047607422 1.63871908188 -0.541457176208 -11.5046386719 1.63889229298 -0.541514396667 -11.5043497086 1.65338695049 -0.541666209698 -11.5046663284 1.63896083832 -0.541499853134 -11.5071601868 1.65116202831 -0.540205419064 -11.5071315765 1.65109181404 -0.540220737457 -11.507062912 1.65103971958 -0.540264487267 -11.5069932938 1.65104115009 -0.540289759636 -11.5069284439 1.65108239651 -0.540329277515 -11.5069007874 1.65114450455 -0.540346562862 -11.5064487457 1.65228712559 -0.540574610233 -11.5064020157 1.65230417252 -0.540598869324 -11.5064973831 1.65229034424 -0.540551066399 -11.5063581467 1.65234196186 -0.540620565414 -11.5058097839 1.65345001221 -0.540904700756 -11.5047006607 1.63899326324 -0.541483700275 -11.5048284531 1.63900899887 -0.541418910027 -11.5047512054 1.6390182972 -0.541455209255 -11.5068922043 1.65119743347 -0.540336191654 -11.5065994263 1.65242826939 -0.540505766869 -11.5065765381 1.65237164497 -0.540490269661 -11.5065355301 1.65232634544 -0.540475904942 -11.5071620941 1.65121328831 -0.540207445621 -11.5065841675 1.65248787403 -0.54049295187 -11.5069084167 1.65124797821 -0.540345728397 -11.5071363449 1.65128028393 -0.540225684643 -11.5069570541 1.65130031109 -0.540365874767 -11.5070915222 1.65131950378 -0.540243268013 -11.5069980621 1.65133416653 -0.540303707123 -11.5070409775 1.65133798122 -0.540267288685 -11.5063295364 1.65241038799 -0.540636599064 -11.5058927536 1.65341389179 -0.54083698988 -11.5058288574 1.65342867374 -0.540868580341 -11.5060281754 1.6535961628 -0.540787994862 -11.5060148239 1.65352547169 -0.540770709515 -11.5059957504 1.65345156193 -0.540821909904 -11.5059556961 1.65342664719 -0.54082942009 -11.5063314438 1.6524643898 -0.540637433529 -11.5069265366 1.65413093567 -0.540327966213 -11.5063486099 1.65252387524 -0.540619075298 -11.5065727234 1.65252995491 -0.540512561798 -11.5069971085 1.65408968925 -0.54029995203 -11.5070915222 1.65410757065 -0.540229976177 -11.5070533752 1.65408611298 -0.540281713009 -11.5063991547 1.65258598328 -0.540525794029 -11.5071554184 1.65420889854 -0.540197730064 -11.5065393448 1.65256094933 -0.540527284145 -11.5064926147 1.65258336067 -0.540540099144 -11.5057783127 1.65352058411 -0.540944814682 -11.504360199 1.65354394913 -0.541660487652 -11.5043897629 1.65369594097 -0.541643619537 -11.5057735443 1.65361356735 -0.540932178497 -11.5045204163 1.65397500992 -0.541578114033 -11.5044498444 1.65384101868 -0.541615903378 -11.5047197342 1.65419602394 -0.541475892067 -11.5046100616 1.65409398079 -0.541531026363 -11.5058364868 1.65368521214 -0.540948867798 -11.5069255829 1.65418374538 -0.540380775928 -11.5059938431 1.65368270874 -0.540826320648 -11.5068902969 1.65423595905 -0.540342986584 -11.5059490204 1.65370905399 -0.540849328041 -11.5058898926 1.65371501446 -0.540866076946 -11.505106926 1.65437424183 -0.541288614273 -11.5048303604 1.65427803993 -0.54141408205 -11.5068950653 1.65428161621 -0.540328085423 -11.5071611404 1.65426158905 -0.540206730366 -11.5049600601 1.6543380022 -0.541347205639 -11.5069217682 1.65432929993 -0.540335416794 -11.5071258545 1.65432596207 -0.540203273296 -11.5069656372 1.65437018871 -0.540310204029 -11.5071125031 1.65436089039 -0.540260791779 -11.5070295334 1.65438699722 -0.540273785591 -11.5067596436 1.58783900738 -0.540414094925 -11.5083999634 1.58970105648 -0.53955757618 -11.5067100525 1.58779203892 -0.540439486504 -11.5086603165 1.5899900198 -0.539420723915 -11.5085401535 1.58987998962 -0.539487123489 -11.508649826 1.59008097649 -0.539430201054 -11.5087099075 1.5900490284 -0.539397716522 -11.5087404251 1.59011399746 -0.539379298687 -11.5087299347 1.5902980566 -0.539388716221 -11.508769989 1.5901850462 -0.539365828037 -11.5087900162 1.59025895596 -0.539357483387 -11.5087900162 1.59033501148 -0.539354801178 -11.508769989 1.59052705765 -0.539363324642 -11.5087900162 1.59076201916 -0.539354801178 -11.4995203018 1.57988703251 -0.544178426266 -11.4993495941 1.57990503311 -0.544267177582 -11.4991502762 1.57988703251 -0.544375479221 -11.4995603561 1.57995998859 -0.544161498547 -11.49958992 1.57989299297 -0.544143199921 -11.4996595383 1.57991099358 -0.54410892725 -11.4997501373 1.58004999161 -0.544061124325 -11.4997196198 1.57993996143 -0.544076323509 -11.4997797012 1.57998001575 -0.544046103954 -11.499830246 1.58002996445 -0.544019281864 -11.5017404556 1.58218097687 -0.543025910854 -11.5000896454 1.58032596111 -0.543885827065 -11.4999303818 1.58017301559 -0.543968379498 -11.5017795563 1.58223605156 -0.543004274368 -11.4905796051 1.58141696453 -0.548835277557 -11.4905796051 1.58238601685 -0.548836171627 -11.4905796051 1.58138000965 -0.548836112022 -11.4905900955 1.58150494099 -0.548828184605 -11.4906196594 1.58158898354 -0.548814296722 -11.4951896667 1.58238601685 -0.546435117722 -11.4951601028 1.58160495758 -0.546448707581 -11.4951896667 1.58153295517 -0.546435117722 -11.4906597137 1.58166599274 -0.548793911934 -11.4951295853 1.58167397976 -0.546468317509 -11.4907102585 1.58173394203 -0.548767626286 -11.4950799942 1.58173596859 -0.546492695808 -11.49077034 1.58179199696 -0.548736274242 -11.4950199127 1.58178901672 -0.546521306038 -11.4949598312 1.58183097839 -0.546553313732 -11.4908399582 1.58183705807 -0.548700809479 -11.494890213 1.58186197281 -0.546588182449 -11.4905900955 1.58262205124 -0.548827528954 -11.4909095764 1.58186805248 -0.548662185669 -11.4951696396 1.58262205124 -0.54644370079 -11.4951200485 1.58285295963 -0.546469390392 -11.4948196411 1.5818810463 -0.546624779701 -11.4909896851 1.58188402653 -0.54862177372 -11.4907197952 1.58307099342 -0.548759818077 -11.4906396866 1.58285200596 -0.548801898956 -11.4950399399 1.58307099342 -0.546511471272 -11.4947595596 1.58188605309 -0.546660125256 -11.4910297394 1.58188605309 -0.548599421978 -11.4909696579 1.58345198631 -0.54863101244 -11.4908304214 1.58327198029 -0.548702418804 -11.4938602448 1.58388602734 -0.547127783298 -11.4919099808 1.58388602734 -0.548143625259 -11.4917097092 1.58387005329 -0.548246204853 -11.4915103912 1.58381605148 -0.548352718353 -11.4913101196 1.58372700214 -0.548453986645 -11.4911298752 1.58360505104 -0.548547506332 -11.4940595627 1.58387005329 -0.547025203705 -11.4949302673 1.58327305317 -0.546568870544 -11.4947900772 1.58345198631 -0.546640276909 -11.4946298599 1.58360505104 -0.546723783016 -11.4944601059 1.58372700214 -0.546817421913 -11.4942598343 1.58381605148 -0.546918690205 -11.4326400757 1.58614301682 -0.57899838686 -11.4326105118 1.58616030216 -0.579014003277 -11.4286203384 1.57987999916 -0.58108907938 -11.4286203384 1.58432996273 -0.581089317799 -11.4302196503 1.57988095284 -0.580255389214 -11.4302902222 1.57988703251 -0.580220282078 -11.4861984253 1.58423388004 -0.551115334034 -11.4862003326 1.57989096642 -0.551115274429 -11.4862699509 1.57988595963 -0.551080882549 -11.4862470627 1.58424532413 -0.551092624664 -11.4878396988 1.57988595963 -0.550258874893 -11.4878396988 1.5843360424 -0.550258994102 -11.4863100052 1.5843089819 -0.551059603691 -11.4862680435 1.58426678181 -0.551059961319 -11.4303503036 1.57990396023 -0.580186009407 -11.4861297607 1.57990896702 -0.551149785519 -11.4304199219 1.57993400097 -0.580153286457 -11.4860696793 1.57993805408 -0.551182687283 -11.4304800034 1.57997405529 -0.580123186111 -11.4860095978 1.5799779892 -0.551213026047 -11.4305295944 1.58002305031 -0.580096423626 -11.4326696396 1.58613419533 -0.57898581028 -11.4859600067 1.5800280571 -0.551240086555 -11.4327402115 1.58614718914 -0.578948259354 -11.4327096939 1.58613598347 -0.578962683678 -11.4355897903 1.58573102951 -0.57746142149 -11.4327697754 1.58616900444 -0.578930199146 -11.4861516953 1.58423984051 -0.551145732403 -11.4861154556 1.58426177502 -0.551173150539 -11.4860897064 1.58428704739 -0.551172614098 -11.4808998108 1.58573496342 -0.553875505924 -11.4860582352 1.5843526125 -0.551181852818 -11.4863195419 1.58433401585 -0.55105304718 -11.4325523376 1.58625137806 -0.579043567181 -11.4286403656 1.58456504345 -0.581080794334 -11.4325799942 1.58618795872 -0.57902777195 -11.4808397293 1.58578705788 -0.553903877735 -11.487830162 1.58457005024 -0.550267577171 -11.4863204956 1.58443164825 -0.551053285599 -11.4807796478 1.58582997322 -0.553935885429 -11.4807100296 1.58586001396 -0.553970396519 -11.4860591888 1.5844142437 -0.551185727119 -11.4877796173 1.58479905128 -0.550293028355 -11.4877004623 1.58501601219 -0.550334572792 -11.4863100052 1.58445894718 -0.551059603691 -11.4860992432 1.58449697495 -0.551167309284 -11.4875898361 1.58521699905 -0.550391376019 -11.4862833023 1.58449697495 -0.55107998848 -11.4842195511 1.5888119936 -0.552146315575 -11.487449646 1.58539605141 -0.550462007523 -11.4861335754 1.58452248573 -0.551147341728 -11.486243248 1.58451902866 -0.551071226597 -11.484749794 1.58844602108 -0.551870584488 -11.4845895767 1.5885989666 -0.551953196526 -11.4844102859 1.58872199059 -0.552045881748 -11.4861888885 1.58453536034 -0.55111771822 -11.4286804199 1.58479404449 -0.581055521965 -11.4287595749 1.5850110054 -0.581013917923 -11.4288702011 1.58521199226 -0.580956995487 -11.4290103912 1.58539104462 -0.580886483192 -11.432551384 1.58631503582 -0.579043984413 -11.4317102432 1.58844101429 -0.579478085041 -11.4328107834 1.58623409271 -0.578909635544 -11.4327878952 1.58621442318 -0.578887343407 -11.432808876 1.58633291721 -0.578906238079 -11.4356403351 1.58578205109 -0.577433824539 -11.4357004166 1.58582496643 -0.577401995659 -11.4357700348 1.58585596085 -0.577367603779 -11.435839653 1.58587503433 -0.577331185341 -11.4806404114 1.58587896824 -0.554006814957 -11.4359102249 1.5858809948 -0.577293992043 -11.4661598206 1.58879649639 -0.561548471451 -11.4805698395 1.58588504791 -0.554042875767 -11.432800293 1.58635902405 -0.578914701939 -11.4661283493 1.58872616291 -0.561568260193 -11.4327316284 1.58642494678 -0.578948915005 -11.4327697754 1.58639883995 -0.5789321661 -11.4660816193 1.58869075775 -0.56158810854 -11.4660406113 1.58867692947 -0.56161147356 -11.4325799942 1.58638095856 -0.57902777195 -11.4326124191 1.58640897274 -0.579012870789 -11.4318704605 1.58859395981 -0.579395473003 -11.4326515198 1.58643019199 -0.578991472721 -11.4659824371 1.5886849165 -0.561641395092 -11.4659519196 1.58870208263 -0.56165599823 -11.4320497513 1.5887169838 -0.57930290699 -11.4322395325 1.58880698681 -0.579202473164 -11.43268013 1.58643400669 -0.578974723816 -11.465918541 1.58873462677 -0.561672449112 -11.4658899307 1.58880054951 -0.561684906483 -11.4658899307 1.5888518095 -0.561686217785 -11.4326601028 1.58888101578 -0.57898837328 -11.4324502945 1.58886194229 -0.579096794128 -11.4838104248 1.58888494968 -0.552360415459 -11.4661493301 1.58888399601 -0.561553061008 -11.4840202332 1.58886694908 -0.55225199461 -11.4661598206 1.58885300159 -0.561548471451 -11.4659013748 1.5888838768 -0.561679661274 -11.4212799072 1.58141505718 -0.584912002087 -11.4212703705 1.58238005638 -0.58491307497 -11.4212703705 1.58138096333 -0.58491307497 -11.4212903976 1.58150196075 -0.584904670715 -11.4213199615 1.58158504963 -0.584890604019 -11.4258899689 1.58238005638 -0.582512021065 -11.425860405 1.58160102367 -0.58252620697 -11.4258899689 1.58152604103 -0.582512021065 -11.4213600159 1.58166205883 -0.584870100021 -11.4258203506 1.58166897297 -0.582545697689 -11.4214096069 1.58173000813 -0.584843814373 -11.4257802963 1.58173000813 -0.582569777966 -11.4214696884 1.58178699017 -0.584812521935 -11.4257202148 1.58178198338 -0.582597970963 -11.4256601334 1.58182394505 -0.582629680634 -11.4215297699 1.58183097839 -0.58477717638 -11.4255895615 1.58185505867 -0.582664012909 -11.4212903976 1.58261394501 -0.584904611111 -11.4216098785 1.58186197281 -0.584738790989 -11.4258203506 1.58284401894 -0.582545995712 -11.4255199432 1.58187401295 -0.582700073719 -11.4258699417 1.58261501789 -0.582520604134 -11.4216899872 1.58187794685 -0.584698677063 -11.4214200974 1.58306097984 -0.58483761549 -11.4213399887 1.58284294605 -0.584879279137 -11.425740242 1.58306097984 -0.582587480545 -11.425450325 1.58187997341 -0.582737088203 -11.4217300415 1.58187997341 -0.584676384926 -11.4216604233 1.58344101906 -0.584710299969 -11.4215297699 1.58326101303 -0.584780871868 -11.4245595932 1.58387994766 -0.583204805851 -11.4225997925 1.58387994766 -0.584220588207 -11.4224004745 1.58386099339 -0.584329009056 -11.4221897125 1.58380699158 -0.584434628487 -11.4219999313 1.58371603489 -0.584535002708 -11.4218196869 1.5835930109 -0.584627687931 -11.4256296158 1.58326196671 -0.582644283772 -11.4254999161 1.58344101906 -0.58271497488 -11.4253396988 1.58359396458 -0.582797586918 -11.425160408 1.58371698856 -0.582890272141 -11.4249696732 1.58380699158 -0.582990705967 -11.4247598648 1.58386194706 -0.583096385002 -11.5817098618 1.52967894077 -0.548841416836 -11.5809001923 1.52921104431 -0.548840403557 -11.5808601379 1.52918803692 -0.54884147644 -11.5809698105 1.52926695347 -0.548833072186 -11.581029892 1.52933204174 -0.54881888628 -11.5810699463 1.52940404415 -0.548798382282 -11.5811100006 1.52948200703 -0.548772096634 -11.5811195374 1.52956199646 -0.548740804195 -11.5811300278 1.52964305878 -0.548705399036 -11.5811195374 1.52972197533 -0.54866707325 -11.5819101334 1.52980995178 -0.548832774162 -11.5820798874 1.52996695042 -0.548807501793 -11.5810899734 1.52979695797 -0.548627018929 -11.5822296143 1.5301450491 -0.548765897751 -11.5823497772 1.53033995628 -0.548709094524 -11.5810804367 1.52983498573 -0.548604726791 -11.5824403763 1.53054702282 -0.548638522625 -11.5824899673 1.53076100349 -0.548555791378 -11.5825099945 1.53097605705 -0.548463225365 -11.5824899673 1.53118801117 -0.548362672329 -11.5824298859 1.53139197826 -0.548257112503 -11.5823497772 1.5315810442 -0.548148691654 -11.5792102814 1.5330619812 -0.54666531086 -11.5813703537 1.53327095509 -0.547132909298 -11.5804004669 1.53388595581 -0.54660230875 -11.5791702271 1.53312599659 -0.546624302864 -11.5806398392 1.53383600712 -0.546687722206 -11.5812397003 1.53346002102 -0.547012627125 -11.5810699463 1.53361999989 -0.546895980835 -11.5808601379 1.53374695778 -0.546786606312 -11.5798902512 1.53385996819 -0.546482086182 -11.5791101456 1.53318095207 -0.546584427357 -11.5801496506 1.53389394283 -0.546532988548 -11.5796403885 1.53378605843 -0.546450793743 -11.5790395737 1.53322398663 -0.54654699564 -11.5794095993 1.53367304802 -0.546440303326 -11.5789604187 1.53325498104 -0.546513199806 -11.5788803101 1.53327202797 -0.54648399353 -11.5787096024 1.53326296806 -0.54644292593 -11.5786895752 1.53325903416 -0.546440422535 -11.578789711 1.53327405453 -0.546460270882 -11.575460434 1.53554999828 -0.542764723301 -11.5754899979 1.53560197353 -0.542747795582 -11.5755300522 1.53543198109 -0.542835474014 -11.5754404068 1.53561103344 -0.542729318142 -11.5754203796 1.53567802906 -0.542694807053 -11.5754699707 1.53581404686 -0.542647302151 -11.5754098892 1.53574705124 -0.542662024498 -11.5754203796 1.53581798077 -0.542631804943 -11.5754404068 1.53588604927 -0.542605578899 -11.5754899979 1.53603005409 -0.542554676533 -11.5754995346 1.53606796265 -0.542539417744 -11.5801801682 1.53829097748 -0.542756319046 -11.5769395828 1.53895902634 -0.541612029076 -11.5803003311 1.5382720232 -0.542794883251 -11.576880455 1.53896796703 -0.541590809822 -11.5796403885 1.54851698875 -0.538006007671 -11.5795898438 1.54833900928 -0.538072407246 -11.5795698166 1.54830300808 -0.538083970547 -11.5797100067 1.54853403568 -0.538015723228 -11.5796699524 1.5485830307 -0.537983477116 -11.5797100067 1.54864704609 -0.537964820862 -11.5798597336 1.54871201515 -0.537974119186 -11.5797595978 1.54870605469 -0.537951111794 -11.5798196793 1.54875695705 -0.537942826748 -11.5798797607 1.54879903793 -0.537940084934 -11.5800304413 1.5488679409 -0.537948727608 -11.5802297592 1.5490000248 -0.537940084934 -11.6742200851 1.60282504559 -0.538138389587 -11.6766500473 1.60233104229 -0.538994908333 -11.6767196655 1.60231304169 -0.539020180702 -11.6738395691 1.60290801525 -0.538001477718 -11.6734800339 1.60284495354 -0.537935495377 -11.6733198166 1.60273504257 -0.537944078445 -11.6731100082 1.60263204575 -0.537935495377 -11.6735401154 1.60280704498 -0.537969529629 -11.6735401154 1.60287797451 -0.537938177586 -11.6736097336 1.60290205479 -0.537946403027 -11.6737699509 1.60284698009 -0.538011014462 -11.6739997864 1.60285294056 -0.538067817688 -11.6737604141 1.60291695595 -0.537978410721 -11.6736898422 1.6029150486 -0.537959873676 -11.6872301102 1.59988796711 -0.54284799099 -11.6871595383 1.60004401207 -0.542759180069 -11.6873502731 1.59971702099 -0.54295617342 -11.6870803833 1.60003602505 -0.542742311954 -11.6871204376 1.60010004044 -0.542724013329 -11.6869001389 1.60015797615 -0.542641878128 -11.6870098114 1.60018801689 -0.542657077312 -11.6870698929 1.60014796257 -0.542689681053 -11.6867103577 1.6002509594 -0.542549312115 -11.6868801117 1.60023796558 -0.542600095272 -11.6869497299 1.60021805763 -0.542626976967 -11.6864995956 1.60031199455 -0.542466580868 -11.6840600967 1.60081505775 -0.541606724262 -11.6839895248 1.60082304478 -0.541585087776 -11.6937503815 1.58805000782 -0.549883425236 -11.6938199997 1.58822596073 -0.549820780754 -11.6937503815 1.58801305294 -0.549898386002 -11.6937704086 1.58826601505 -0.549790680408 -11.6938295364 1.58829402924 -0.549794495106 -11.6937503815 1.58847796917 -0.549690306187 -11.6938295364 1.58843505383 -0.549731016159 -11.6938400269 1.58836495876 -0.549763977528 -11.6938199997 1.58850204945 -0.549696326256 -11.6936998367 1.58868098259 -0.549584686756 -11.6937904358 1.58856201172 -0.549661695957 -11.6936101913 1.58887004852 -0.549476325512 -11.7218799591 1.53987205029 -0.578924894333 -11.7218103409 1.54002904892 -0.578836202621 -11.7220001221 1.53970098495 -0.579033195972 -11.7217302322 1.54002094269 -0.578819274902 -11.7217702866 1.54008495808 -0.578800976276 -11.7215595245 1.540143013 -0.578718781471 -11.7216701508 1.54017198086 -0.578734099865 -11.7217302322 1.54013299942 -0.578766703606 -11.721540451 1.54022204876 -0.578677177429 -11.7216100693 1.54020297527 -0.578703999519 -11.7213602066 1.54023504257 -0.578626215458 -11.7211503983 1.54029595852 -0.578543484211 -11.7143297195 1.5416970253 -0.576136827469 -11.7144498825 1.54166901112 -0.576179027557 -11.6163702011 1.46966397762 -0.584918379784 -11.6155595779 1.46919596195 -0.584917426109 -11.615530014 1.46917700768 -0.584918498993 -11.6156196594 1.46925103664 -0.584909975529 -11.6156797409 1.46931695938 -0.584895908833 -11.6157302856 1.46938896179 -0.584875404835 -11.6157598495 1.46946704388 -0.584849119186 -11.6157798767 1.46954703331 -0.584817707539 -11.6157903671 1.46962797642 -0.584782421589 -11.6157798767 1.46970701218 -0.584744095802 -11.6165704727 1.46979498863 -0.584909796715 -11.6167402267 1.46995198727 -0.584884524345 -11.6157503128 1.46978199482 -0.584703922272 -11.6168899536 1.47012996674 -0.584842801094 -11.6170101166 1.47032499313 -0.584786117077 -11.6157302856 1.46982002258 -0.58468157053 -11.6170902252 1.47137701511 -0.584334015846 -11.6169996262 1.47156596184 -0.584225594997 -11.6170902252 1.47053194046 -0.584715485573 -11.6171503067 1.47074496746 -0.584632813931 -11.6138696671 1.47304594517 -0.582742393017 -11.6171703339 1.47096097469 -0.584540128708 -11.6171503067 1.47117304802 -0.584439694881 -11.6160297394 1.47325599194 -0.583209812641 -11.6150503159 1.47387099266 -0.582679271698 -11.613820076 1.47311103344 -0.582701325417 -11.6158895493 1.47344505787 -0.583089470863 -11.6157197952 1.47360503674 -0.582973003387 -11.6155195236 1.47373199463 -0.582863509655 -11.6153001785 1.47382104397 -0.582764625549 -11.6145496368 1.47384500504 -0.582558989525 -11.6137599945 1.47316503525 -0.582661390305 -11.6148004532 1.47387897968 -0.582610011101 -11.6142997742 1.47377097607 -0.582527816296 -11.613699913 1.47320902348 -0.582624018192 -11.6140604019 1.47365796566 -0.582517325878 -11.6136198044 1.47323894501 -0.582590222359 -11.6135396957 1.47325599194 -0.582561016083 -11.613360405 1.47324800491 -0.582520008087 -11.6133499146 1.4732439518 -0.582517325878 -11.6134500504 1.47325897217 -0.582537412643 -11.6300697327 1.46118795872 -0.590502023697 -11.6301298141 1.46121799946 -0.59050399065 -11.6301498413 1.46117901802 -0.590524792671 -11.6302204132 1.46118104458 -0.590543329716 -11.6302900314 1.46119403839 -0.590556800365 -11.6299695969 1.46121001244 -0.590464770794 -11.6303596497 1.4612569809 -0.590545475483 -11.6303701401 1.46121799946 -0.590565085411 -11.6304302216 1.46125102043 -0.590567827225 -11.6305503845 1.46131503582 -0.590567827225 -11.6964197159 1.49628698826 -0.591947197914 -11.696269989 1.49625098705 -0.591925382614 -11.6962003708 1.49624896049 -0.591907024384 -11.6961297989 1.4962580204 -0.591884076595 -11.6963500977 1.49626398087 -0.591938972473 -11.6960601807 1.49627804756 -0.591857194901 -11.6960000992 1.49630796909 -0.591827094555 -11.6958503723 1.49645197392 -0.591724991798 -11.6964902878 1.49632096291 -0.591949999332 -11.6958904266 1.49639594555 -0.591760098934 -11.6959400177 1.49634802341 -0.591794490814 -11.7215995789 1.5108230114 -0.59194868803 -11.7209196091 1.51297700405 -0.590800225735 -11.6949596405 1.49798798561 -0.590801477432 -11.7208900452 1.51304900646 -0.59075909853 -11.6949195862 1.498052001 -0.590760409832 -11.6948604584 1.49810695648 -0.59072047472 -11.6947898865 1.49814999104 -0.590683102608 -11.6947097778 1.49818098545 -0.590649306774 -11.6946296692 1.49819803238 -0.590620219707 -11.7209997177 1.51351594925 -0.5905777812 -11.7209501266 1.5134459734 -0.590595185757 -11.694439888 1.49818503857 -0.590576410294 -11.7210102081 1.51352798939 -0.590575098991 -11.7209100723 1.51337003708 -0.590618789196 -11.7208795547 1.51329004765 -0.590648114681 -11.720870018 1.51320803165 -0.590681791306 -11.720870018 1.51312696934 -0.590719282627 -11.6944599152 1.49818897247 -0.590578973293 -11.6945495605 1.49820101261 -0.590596497059 -11.7216701508 1.51086497307 -0.591946005821 -11.7217197418 1.51091599464 -0.591937720776 -11.7217702866 1.51097404957 -0.591924309731 -11.7218103409 1.51103699207 -0.591905772686 -11.7218399048 1.51110398769 -0.591882824898 -11.7218599319 1.51117396355 -0.591856002808 -11.7218599319 1.51124405861 -0.591825902462 -11.7218599319 1.51131296158 -0.591793179512 -11.7218103409 1.51144099236 -0.591723799706 -11.7218399048 1.51137900352 -0.591758906841 -11.6905202866 1.49591302872 -0.590579211712 -11.6658496857 1.47865796089 -0.59193789959 -11.665769577 1.47864699364 -0.591921329498 -11.6656799316 1.47864997387 -0.591898798943 -11.6656103134 1.47866594791 -0.591871082783 -11.6659297943 1.47868204117 -0.591948091984 -11.6655302048 1.47869503498 -0.591838896275 -11.666009903 1.47871899605 -0.591951370239 -11.6654701233 1.47873604298 -0.591803371906 -11.6904602051 1.49584400654 -0.590596675873 -11.6904201508 1.49576795101 -0.590620398521 -11.6904001236 1.49568796158 -0.590649485588 -11.6903800964 1.49560594559 -0.590683281422 -11.6903896332 1.49552500248 -0.590720713139 -11.6904096603 1.4954470396 -0.590760588646 -11.6904401779 1.49537503719 -0.590801715851 -11.6911201477 1.49322104454 -0.591950297356 -11.6654100418 1.47878801823 -0.591765522957 -11.6653699875 1.47884905338 -0.59172642231 -11.6644802094 1.48038601875 -0.590803027153 -11.664440155 1.48044097424 -0.590767920017 -11.6905298233 1.49592602253 -0.590576589108 -11.6643896103 1.48049294949 -0.590731501579 -11.6643295288 1.48053503036 -0.590696871281 -11.664270401 1.48056697845 -0.590664923191 -11.6641902924 1.48058903217 -0.590636372566 -11.6640396118 1.4805970192 -0.590592324734 -11.6639604568 1.4805829525 -0.59057790041 -11.6641197205 1.48059904575 -0.590611875057 -11.6911802292 1.49326300621 -0.591947376728 -11.6912403107 1.49331498146 -0.591939091682 -11.6912899017 1.49337303638 -0.591925382614 -11.6913299561 1.49343705177 -0.59190672636 -11.6913604736 1.49350500107 -0.591883480549 -11.6913700104 1.49357402325 -0.59185642004 -11.6913795471 1.49364495277 -0.591826021671 -11.6913700104 1.49371397495 -0.591793119907 -11.6913299561 1.4938390255 -0.591725170612 -11.6913499832 1.4937800169 -0.591758489609 -11.6351995468 1.46104800701 -0.591900289059 -11.6349897385 1.46113395691 -0.591804921627 -11.6352796555 1.46104502678 -0.591922700405 -11.6353702545 1.46105599403 -0.591939270496 -11.6351203918 1.46106398106 -0.591872513294 -11.6350498199 1.46109294891 -0.591840386391 -11.6354503632 1.4610799551 -0.591949522495 -11.6355199814 1.46111702919 -0.59195291996 -11.6600503922 1.47832405567 -0.590578079224 -11.6599998474 1.47826302052 -0.590592503548 -11.6599502563 1.47819495201 -0.59061217308 -11.6599197388 1.47812402248 -0.590636491776 -11.659910202 1.47805094719 -0.590665102005 -11.6598997116 1.47797596455 -0.590697109699 -11.659910202 1.47790396214 -0.590731680393 -11.6599302292 1.47783398628 -0.590768098831 -11.6606397629 1.47561895847 -0.591951727867 -11.634929657 1.46118605137 -0.591767013073 -11.6348896027 1.46124696732 -0.591727912426 -11.6339998245 1.4627840519 -0.59080439806 -11.6339502335 1.46284794807 -0.590763270855 -11.633890152 1.46290302277 -0.590723395348 -11.6338300705 1.46294605732 -0.590686023235 -11.6337499619 1.46297705173 -0.590652227402 -11.6336698532 1.46299397945 -0.59062308073 -11.6334896088 1.46298503876 -0.59058201313 -11.633480072 1.46298098564 -0.590579271317 -11.6335802078 1.46299695969 -0.590599417686 -11.6607103348 1.47566699982 -0.591948211193 -11.6607704163 1.47572398186 -0.591938078403 -11.6608200073 1.47579097748 -0.591921627522 -11.6599597931 1.47777295113 -0.590803205967 -11.6608600616 1.47586297989 -0.591898977757 -11.6608800888 1.47593903542 -0.591871321201 -11.660900116 1.47601699829 -0.591839194298 -11.6608896255 1.47609400749 -0.591803610325 -11.6608400345 1.47623598576 -0.591726720333 -11.6608695984 1.47616803646 -0.591765701771 -11.7240400314 1.5153529644 -0.590541124344 -11.724029541 1.51529705524 -0.590563416481 -11.7238998413 1.51522099972 -0.590563297272 -11.7240896225 1.51533997059 -0.590560495853 -11.724149704 1.51539099216 -0.590552270412 -11.7241897583 1.5155299902 -0.590499520302 -11.7242002487 1.51544797421 -0.590538799763 -11.724240303 1.51551198959 -0.590520322323 -11.7242698669 1.51557898521 -0.590497374535 -11.7243099213 1.51572501659 -0.590442597866 -11.7243299484 1.5157610178 -0.590431213379 -11.7216300964 1.51949596405 -0.588044524193 -11.7248697281 1.5188369751 -0.589185476303 -11.7249298096 1.51881897449 -0.589210093021 -11.7215099335 1.51952397823 -0.588002502918 -11.7284097672 1.52803504467 -0.585960328579 -11.7284698486 1.52821099758 -0.585897922516 -11.7284002304 1.52799701691 -0.585975706577 -11.7284297943 1.52824997902 -0.585867702961 -11.7284898758 1.52828001976 -0.585870981216 -11.7284097672 1.52846205235 -0.585767328739 -11.7284898758 1.52841901779 -0.58580827713 -11.7285003662 1.52834999561 -0.585840880871 -11.7284698486 1.52848494053 -0.58577388525 -11.7283496857 1.52866601944 -0.585661590099 -11.7284402847 1.52854704857 -0.58573871851 -11.728269577 1.52885496616 -0.58555328846 -11.728099823 1.52884995937 -0.587317109108 -11.7280397415 1.52867400646 -0.587379574776 -11.7280302048 1.52863705158 -0.587394893169 -11.7280597687 1.52889001369 -0.587286889553 -11.7281198502 1.52892005444 -0.587290227413 -11.7281303406 1.52899003029 -0.587260127068 -11.7280397415 1.52910196781 -0.587186515331 -11.7281198502 1.52905905247 -0.587227523327 -11.728099823 1.5291249752 -0.587193071842 -11.7280797958 1.52918696404 -0.587158024311 -11.72797966 1.52930605412 -0.587080717087 -11.7278995514 1.52949500084 -0.586972475052 -11.7244997025 1.51947700977 -0.5906047225 -11.7212600708 1.52013599873 -0.589463710785 -11.7245597839 1.51945900917 -0.590629279613 -11.7211399078 1.52016401291 -0.58942180872 -11.7236604691 1.51593697071 -0.591982483864 -11.7236700058 1.5159920454 -0.591960310936 -11.7235298157 1.51585996151 -0.591982483864 -11.7237300873 1.51598000526 -0.591979801655 -11.7237796783 1.51603102684 -0.591971516609 -11.7238197327 1.51617002487 -0.591918587685 -11.7238302231 1.51608800888 -0.591958105564 -11.7238702774 1.51615202427 -0.591939628124 -11.7238998413 1.51621901989 -0.591916620731 -11.7239398956 1.51636505127 -0.591861903667 -11.7239599228 1.51640105247 -0.591850280762 -11.6960306168 1.49690926075 -0.593367636204 -11.6964597702 1.50020194054 -0.591995477676 -11.6955747604 1.49693858624 -0.593226492405 -11.7087593079 1.50425672531 -0.593364417553 -11.694565773 1.49868559837 -0.592187047005 -11.6941184998 1.50425970554 -0.589558541775 -11.698679924 1.50438404083 -0.590687870979 -11.6988096237 1.50445902348 -0.590687870979 -11.6995401382 1.50488376617 -0.590687155724 -11.6940994263 1.49905574322 -0.592449069023 -11.7021398544 1.50638401508 -0.590687572956 -11.7012701035 1.5058838129 -0.590687155724 -11.6983003616 1.50502872467 -0.590299606323 -11.6984300613 1.50510370731 -0.590299487114 -11.7004098892 1.50538372993 -0.590687215328 -11.699669838 1.50495898724 -0.590687811375 -11.6943941116 1.50511169434 -0.589164018631 -11.6991701126 1.50552904606 -0.590300023556 -11.6992998123 1.50560390949 -0.590299725533 -11.7022695541 1.50645887852 -0.590687334538 -11.7013998032 1.50595903397 -0.590687572956 -11.7005395889 1.505458951 -0.590687692165 -11.7000398636 1.50602900982 -0.590299904346 -11.7001695633 1.50610399246 -0.590299904346 -11.7031402588 1.50695931911 -0.590688347816 -11.7010478973 1.50642228127 -0.589979350567 -11.6971216202 1.50673317909 -0.589224338531 -11.7017698288 1.50702905655 -0.590299963951 -11.704000473 1.50745892525 -0.590687394142 -11.7038698196 1.50738370419 -0.590687155724 -11.7030096054 1.50688397884 -0.590687572956 -11.7018995285 1.50710403919 -0.590299904346 -11.702630043 1.50752902031 -0.590299785137 -11.7027597427 1.50760400295 -0.590299785137 -11.703499794 1.50802910328 -0.59030020237 -11.703868866 1.51062750816 -0.589223563671 -11.7074165344 1.50939238071 -0.590626716614 -11.7057304382 1.50845849514 -0.590686380863 -11.7055997849 1.50838398933 -0.590687513351 -11.7047395706 1.50788402557 -0.590687572956 -11.704870224 1.50795900822 -0.590687572956 -11.704369545 1.50852882862 -0.590299546719 -11.7036304474 1.50810396671 -0.590299785137 -11.7045001984 1.50860404968 -0.590299725533 -11.7052297592 1.50902891159 -0.590299546719 -11.7099304199 1.51088428497 -0.590687930584 -11.7091999054 1.51045918465 -0.590687930584 -11.7063121796 1.50930726528 -0.591544449329 -11.7061004639 1.50952935219 -0.590300500393 -11.7053604126 1.50910401344 -0.590299725533 -11.7062301636 1.5096039772 -0.590299606323 -11.7069597244 1.51002895832 -0.590299606323 -11.7213687897 1.51154267788 -0.593368887901 -11.7108001709 1.51138460636 -0.590686500072 -11.7090702057 1.51038396358 -0.590687274933 -11.7087345123 1.51112031937 -0.590417742729 -11.7082004547 1.50988399982 -0.590687394142 -11.7083301544 1.50995898247 -0.590687394142 -11.7078304291 1.51052904129 -0.590299606323 -11.7070903778 1.51010370255 -0.590299129486 -11.7079601288 1.51060402393 -0.590299606323 -11.7100601196 1.5109590292 -0.590687274933 -11.709859848 1.51116132736 -0.589397728443 -11.7109298706 1.5114594698 -0.590688288212 -11.7104301453 1.51203024387 -0.590299963951 -11.7126140594 1.5124309063 -0.590685784817 -11.7117996216 1.5119600296 -0.590687215328 -11.7214994431 1.51197397709 -0.593206226826 -11.7116699219 1.51188397408 -0.590687215328 -11.710559845 1.51210546494 -0.590300440788 -11.7112903595 1.51252996922 -0.590299427509 -11.7114200592 1.51260530949 -0.590300142765 -11.7204999924 1.51370573044 -0.592167198658 -11.7181100845 1.51270401478 -0.591994404793 -11.7147865295 1.51692891121 -0.589224994183 -11.7121582031 1.51302862167 -0.590298712254 -11.7133998871 1.51288497448 -0.590687096119 -11.7130298615 1.51353001595 -0.5902993083 -11.7122898102 1.51310503483 -0.590299427509 -11.715713501 1.51683390141 -0.589510560036 -11.7131595612 1.51360499859 -0.5902993083 -11.7205114365 1.51422333717 -0.592254579067 -11.7135295868 1.51295995712 -0.590687096119 -11.6660404205 1.48263800144 -0.591996908188 -11.6650867462 1.47934818268 -0.593232274055 -11.6655387878 1.47930252552 -0.593370974064 -11.6709394455 1.48242068291 -0.593369841576 -11.6640100479 1.48118686676 -0.592130541801 -11.6636476517 1.48679566383 -0.589500427246 -11.6681900024 1.48678195477 -0.590689301491 -11.6683197021 1.48685729504 -0.590689778328 -11.6635913849 1.48124599457 -0.592034518719 -11.670920372 1.48835670948 -0.590688765049 -11.6699199677 1.48778140545 -0.590688049793 -11.6793031693 1.48724710941 -0.593368589878 -11.6678199768 1.48742699623 -0.590301513672 -11.6640710831 1.48763680458 -0.589213967323 -11.6707897186 1.48828196526 -0.590689301491 -11.6700496674 1.48785698414 -0.590689361095 -11.6689548492 1.48761403561 -0.591345667839 -11.6686897278 1.48792719841 -0.590301990509 -11.6679496765 1.48750197887 -0.590301513672 -11.6688203812 1.48800194263 -0.590301513672 -11.6696796417 1.4885020256 -0.590301275253 -11.669549942 1.48842692375 -0.590301036835 -11.670419693 1.48892724514 -0.5903018713 -11.6716604233 1.48878204823 -0.590689182281 -11.671790123 1.48885703087 -0.590689182281 -11.6726617813 1.48918604851 -0.590392351151 -11.6705503464 1.48900234699 -0.590301930904 -11.6712799072 1.48942708969 -0.590301573277 -11.6714096069 1.4895015955 -0.590300381184 -11.6733903885 1.48978185654 -0.590688765049 -11.6735200882 1.48985695839 -0.590689241886 -11.6724300385 1.4895927906 -0.589476585388 -11.6730651855 1.49049985409 -0.590379953384 -11.6720142365 1.492233634 -0.589227318764 -11.6752500534 1.4908567667 -0.590688347816 -11.6751203537 1.49078202248 -0.590689003468 -11.674249649 1.49028205872 -0.590689122677 -11.6743803024 1.49035704136 -0.590689122677 -11.6738796234 1.49092698097 -0.590301215649 -11.6733751297 1.49114203453 -0.590072870255 -11.6740102768 1.49100196362 -0.590301096439 -11.6747503281 1.49142694473 -0.590301096439 -11.6908330917 1.49390625954 -0.593371093273 -11.6787099838 1.49285650253 -0.590687692165 -11.6759901047 1.49128198624 -0.590689003468 -11.6761198044 1.49135696888 -0.590689003468 -11.6756095886 1.49192631245 -0.590299546719 -11.6748800278 1.491502285 -0.590301632881 -11.6757411957 1.49200081825 -0.590298473835 -11.6769533157 1.49175357819 -0.590542495251 -11.6766624451 1.49226129055 -0.58985221386 -11.6794500351 1.49328196049 -0.590688884258 -11.6785802841 1.49278199673 -0.590688824654 -11.6783399582 1.4933514595 -0.590050041676 -11.6778497696 1.49235701561 -0.590688884258 -11.6777200699 1.49228203297 -0.590688884258 -11.6766796112 1.49492657185 -0.589225769043 -11.6773500443 1.49292695522 -0.59030097723 -11.677479744 1.49300205708 -0.59030097723 -11.6804504395 1.4938570261 -0.590688705444 -11.6795797348 1.49335634708 -0.590687513351 -11.6790800095 1.49392712116 -0.590301275253 -11.6813097 1.49435698986 -0.590688586235 -11.6811800003 1.49428188801 -0.590688467026 -11.6803197861 1.49378204346 -0.590688824654 -11.6799402237 1.4944280386 -0.590300917625 -11.6800699234 1.49450266361 -0.590299904346 -11.6910400391 1.49432468414 -0.593239068985 -11.682135582 1.49482607841 -0.590681791306 -11.6799497604 1.4968162775 -0.589225828648 -11.6792097092 1.49400317669 -0.590301156044 -11.6808958054 1.49492931366 -0.59022039175 -11.6900053024 1.4961322546 -0.592164337635 -11.6876897812 1.4951390028 -0.591995894909 -11.6816797256 1.49542415142 -0.590294420719 -11.6829900742 1.49530291557 -0.590653419495 -11.681810379 1.49550294876 -0.590300798416 -11.6900510788 1.49659657478 -0.592191040516 -11.6852931976 1.4992685318 -0.589510917664 -11.6826696396 1.49600303173 -0.590300679207 -11.6825399399 1.49592804909 -0.590300798416 -11.6843681335 1.4993673563 -0.589233875275 -11.6350736618 1.46171188354 -0.593369185925 -11.6356201172 1.46507298946 -0.591998398304 -11.6346263885 1.46171677113 -0.593250513077 -11.6402044296 1.46467268467 -0.593372166157 -11.6335735321 1.46349656582 -0.591826856136 -11.633228302 1.46922945976 -0.589502394199 -11.6377096176 1.46917998791 -0.590690910816 -11.637840271 1.46925497055 -0.590690910816 -11.6385803223 1.46967959404 -0.590692043304 -11.6394395828 1.47018003464 -0.590690851212 -11.6454744339 1.46771633625 -0.593370437622 -11.6503343582 1.47052133083 -0.593369722366 -11.6429100037 1.47218060493 -0.5906919837 -11.637339592 1.46982502937 -0.590302884579 -11.6336460114 1.47008144855 -0.589236557484 -11.6404399872 1.47075498104 -0.590690612793 -11.6403102875 1.47068059444 -0.590691924095 -11.638710022 1.46975505352 -0.590690791607 -11.6381998062 1.47032511234 -0.590303063393 -11.6374702454 1.46990001202 -0.590302884579 -11.6383304596 1.47039961815 -0.590301990509 -11.6395702362 1.47025501728 -0.590690791607 -11.6390695572 1.47082495689 -0.590302884579 -11.6392002106 1.47090029716 -0.590303480625 -11.6420402527 1.47167980671 -0.590690016747 -11.6413002014 1.47125470638 -0.590690076351 -11.6399402618 1.47132503986 -0.590302824974 -11.6430397034 1.47225534916 -0.590691387653 -11.641169548 1.47117996216 -0.590690672398 -11.6400699615 1.47140002251 -0.590302705765 -11.6408004761 1.47182500362 -0.590302824974 -11.6421699524 1.47175502777 -0.590690612793 -11.6409301758 1.47189962864 -0.590302050114 -11.6416702271 1.47232496738 -0.590302705765 -11.6417999268 1.47239995003 -0.590302705765 -11.6425304413 1.47282481194 -0.590302050114 -11.6447696686 1.47325503826 -0.590690493584 -11.6446399689 1.47318005562 -0.590690493584 -11.6438570023 1.47267925739 -0.590605914593 -11.6456260681 1.47361123562 -0.590454280376 -11.6434001923 1.47332501411 -0.590302705765 -11.6438713074 1.47598218918 -0.589226663113 -11.642660141 1.47289967537 -0.590301930904 -11.643529892 1.47339999676 -0.590302705765 -11.64432621 1.47386944294 -0.590313732624 -11.660399437 1.47633683681 -0.593372583389 -11.648229599 1.47525453568 -0.590689361095 -11.6452302933 1.47430145741 -0.590166985989 -11.6491003036 1.47575497627 -0.590690433979 -11.647310257 1.47453212738 -0.590777635574 -11.6462230682 1.47458469868 -0.591505408287 -11.6459522247 1.47505712509 -0.590735852718 -11.6480998993 1.47518002987 -0.59069031477 -11.6477298737 1.47582507133 -0.590302824974 -11.6473703384 1.47475504875 -0.590690374374 -11.6472396851 1.4746799469 -0.590690374374 -11.6468343735 1.47552001476 -0.59065169096 -11.6489696503 1.47567999363 -0.59069031477 -11.6478595734 1.47590041161 -0.590303182602 -11.6485900879 1.47632598877 -0.590302407742 -11.6508302689 1.476755023 -0.590690135956 -11.6499595642 1.47625482082 -0.590689718723 -11.6498298645 1.47617995739 -0.59069019556 -11.6495485306 1.47682309151 -0.590212643147 -11.6487197876 1.47640097141 -0.590302407742 -11.653799057 1.48171555996 -0.589223921299 -11.6605396271 1.47675061226 -0.593219697475 -11.6516523361 1.47723066807 -0.590694963932 -11.6506996155 1.47668004036 -0.59069019556 -11.6503295898 1.4773260355 -0.590302288532 -11.6504602432 1.47740089893 -0.590302050114 -11.6511907578 1.47782588005 -0.590300917625 -11.6572704315 1.47757399082 -0.591997385025 -11.6524295807 1.47767996788 -0.590690076351 -11.6513204575 1.4779009819 -0.590302288532 -11.6595306396 1.478536129 -0.592011749744 -11.6549701691 1.4815505743 -0.589606404305 -11.6521902084 1.47840094566 -0.590302228928 -11.6525602341 1.47775495052 -0.590690076351 -11.6596899033 1.47894310951 -0.591952741146 -11.6520595551 1.47832596302 -0.590302228928 -11.6543960571 1.48186266422 -0.58934623003 -11.6297597885 1.46185696125 -0.591923177242 -11.629699707 1.46182799339 -0.591921210289 -11.6297798157 1.4618190527 -0.591944098473 -11.6298503876 1.46182096004 -0.591962516308 -11.629989624 1.46189701557 -0.591964781284 -11.6299200058 1.46183395386 -0.591976106167 -11.6295995712 1.46185004711 -0.591884016991 -11.6300001144 1.46185696125 -0.591984272003 -11.6300697327 1.46189105511 -0.591987073421 -11.6301803589 1.46195495129 -0.591987073421 -11.6101198196 1.47553396225 -0.578841686249 -11.6101503372 1.47558701038 -0.578824818134 -11.6101903915 1.47541701794 -0.578912496567 -11.6100902557 1.47559499741 -0.578807175159 -11.6100797653 1.47566103935 -0.578772425652 -11.6101303101 1.4757989645 -0.578724324703 -11.6100702286 1.47573101521 -0.578739404678 -11.6100797653 1.47580194473 -0.57870900631 -11.6100902557 1.47587001324 -0.578682720661 -11.6101503372 1.47601401806 -0.578631699085 -11.6101503372 1.47605204582 -0.57861661911 -11.6166296005 1.46454596519 -0.58729237318 -11.6166601181 1.46449804306 -0.587322473526 -11.6167697906 1.46447694302 -0.587359786034 -11.6165895462 1.46451795101 -0.58729571104 -11.6165304184 1.46454799175 -0.587265610695 -11.6164503098 1.46466803551 -0.587191998959 -11.6164703369 1.46458804607 -0.587233006954 -11.6164197922 1.46463596821 -0.587198615074 -11.6163797379 1.46469199657 -0.587163507938 -11.6163301468 1.46478998661 -0.587104201317 -11.6170301437 1.46385800838 -0.585903286934 -11.6169996262 1.46390604973 -0.585873186588 -11.6171302795 1.46383702755 -0.585940599442 -11.6169595718 1.46387803555 -0.585876524448 -11.616900444 1.46390795708 -0.585846424103 -11.6168203354 1.46402800083 -0.585772812366 -11.6168403625 1.4639480114 -0.585813820362 -11.6167898178 1.46399605274 -0.585779428482 -11.6167497635 1.4640519619 -0.585744202137 -11.6167001724 1.46414995193 -0.585685014725 -11.6110601425 1.47401499748 -0.5815731287 -11.609749794 1.47617399693 -0.58026099205 -11.6111001968 1.47384500504 -0.581660985947 -11.6110401154 1.4742269516 -0.581472814083 -11.6110496521 1.47444295883 -0.58138012886 -11.6111097336 1.47465705872 -0.581297397614 -11.6111898422 1.47486400604 -0.581226825714 -11.6113100052 1.47505903244 -0.581170022488 -11.6114597321 1.47523701191 -0.581128418446 -11.6116399765 1.47539305687 -0.581103026867 -11.6118297577 1.47552502155 -0.581094503403 -11.6143226624 1.47768092155 -0.580770075321 -11.6142892838 1.47770702839 -0.580749571323 -11.6143636703 1.47766363621 -0.580790519714 -11.6143903732 1.47699999809 -0.581094384193 -11.6142597198 1.47776865959 -0.580714464188 -11.6097192764 1.47623825073 -0.580224215984 -11.6097002029 1.47637104988 -0.580158829689 -11.6097192764 1.47650647163 -0.580103099346 -11.6142597198 1.47781574726 -0.580694079399 -11.6121301651 1.48374795914 -0.57746642828 -11.6145801544 1.4771310091 -0.581085920334 -11.6144104004 1.47766411304 -0.580802619457 -11.6147499084 1.47728800774 -0.581060528755 -11.6144828796 1.47769546509 -0.580810546875 -11.6144504547 1.47767305374 -0.580807209015 -11.6148996353 1.47746598721 -0.581018924713 -11.6145296097 1.47773635387 -0.580798566341 -11.6150197983 1.4776610136 -0.580962002277 -11.6151103973 1.47786796093 -0.580891489983 -11.6145496368 1.47783112526 -0.580763459206 -11.6145496368 1.47778296471 -0.580783486366 -11.6145401001 1.47785401344 -0.580751001835 -11.614279747 1.47786200047 -0.580678999424 -11.6145401001 1.47787499428 -0.580739021301 -11.6121501923 1.48382103443 -0.577438116074 -11.6143121719 1.47789406776 -0.580671548843 -11.6121501923 1.4839669466 -0.577372074127 -11.612159729 1.48389494419 -0.577406525612 -11.616399765 1.48173594475 -0.579482972622 -11.6144399643 1.47793602943 -0.580685913563 -11.6144857407 1.47791278362 -0.580688774586 -11.6145153046 1.4778958559 -0.580709636211 -11.6121301651 1.48403704166 -0.577336013317 -11.6143503189 1.47792565823 -0.580675899982 -11.6163101196 1.48276996613 -0.578993201256 -11.6143989563 1.47793841362 -0.580680608749 -11.6164503098 1.48195004463 -0.57940030098 -11.6164703369 1.48216605186 -0.579307615757 -11.6164503098 1.48237800598 -0.579207181931 -11.616399765 1.4825810194 -0.579101502895 -11.5907297134 1.52706694603 -0.552365124226 -11.5900001526 1.5246629715 -0.553259372711 -11.5900001526 1.52461528778 -0.553280472755 -11.6120996475 1.48410105705 -0.577298998833 -11.5899772644 1.52456605434 -0.553297162056 -11.589928627 1.52452242374 -0.553304731846 -11.5899000168 1.52450501919 -0.553303897381 -11.5897703171 1.52277994156 -0.554047882557 -11.5898618698 1.52449536324 -0.553297519684 -11.5897302628 1.52283895016 -0.554010927677 -11.589679718 1.52288901806 -0.553974688053 -11.5896196365 1.52293097973 -0.553940415382 -11.5895500183 1.52296304703 -0.553908824921 -11.5894804001 1.52298402786 -0.553880512714 -11.5898132324 1.52449452877 -0.553284168243 -11.5897502899 1.52452194691 -0.553259372711 -11.5819997787 1.52451395988 -0.551245510578 -11.5897197723 1.52455699444 -0.553235709667 -11.5897102356 1.52457809448 -0.553223311901 -11.5897397995 1.52453804016 -0.553247690201 -11.5897102356 1.52464878559 -0.553191244602 -11.5819301605 1.52453303337 -0.551218688488 -11.581870079 1.52456402779 -0.551188588142 -11.5818099976 1.52460300922 -0.551155924797 -11.5817699432 1.52465105057 -0.551121592522 -11.5809402466 1.52607500553 -0.550264298916 -11.5817298889 1.52470695972 -0.551086425781 -11.5847702026 1.52828705311 -0.550264120102 -11.5897283554 1.52469229698 -0.553176224232 -11.5899677277 1.52473628521 -0.553263306618 -11.5897579193 1.52472174168 -0.553168952465 -11.584980011 1.52839004993 -0.550272583961 -11.5899591446 1.52473461628 -0.553215801716 -11.5854301453 1.52850198746 -0.550339579582 -11.5852003098 1.52846205235 -0.55029797554 -11.5858802795 1.52848005295 -0.550467014313 -11.5856599808 1.52850794792 -0.550396382809 -11.5898008347 1.52475678921 -0.553170740604 -11.5898799896 1.5276620388 -0.551875412464 -11.5899181366 1.5247606039 -0.553193032742 -11.589849472 1.52476847172 -0.553173005581 -11.5898895264 1.52476799488 -0.553182721138 -11.590089798 1.52760100365 -0.551957905293 -11.5906095505 1.52723801136 -0.552256703377 -11.5904598236 1.52738595009 -0.552151024342 -11.5902795792 1.52750897408 -0.552050709724 -11.5823698044 1.52387404442 -0.549826323986 -11.5823402405 1.52392196655 -0.54979622364 -11.5824804306 1.5238519907 -0.549863398075 -11.5823001862 1.5238929987 -0.549800217152 -11.5822401047 1.52392303944 -0.549769878387 -11.5821695328 1.52404403687 -0.549695789814 -11.5821800232 1.52396297455 -0.549737215042 -11.5821304321 1.52401101589 -0.549702584743 -11.5820999146 1.52406704426 -0.549667179585 -11.5820398331 1.52416598797 -0.549607992172 -11.5751199722 1.53624200821 -0.544167101383 -11.5750999451 1.53618896008 -0.544184029102 -11.5751600266 1.53607201576 -0.544254779816 -11.5750703812 1.53625094891 -0.544148683548 -11.5751199722 1.53627705574 -0.544149518013 -11.575050354 1.53631699085 -0.544114410877 -11.5750398636 1.53638601303 -0.544081807137 -11.5750999451 1.53645396233 -0.544066607952 -11.575050354 1.53645598888 -0.544051706791 -11.5750999451 1.53649103642 -0.544049918652 -11.5750703812 1.53652596474 -0.544024825096 -11.5751199722 1.53666901588 -0.543973922729 -11.5751304626 1.53670704365 -0.543958604336 -11.5765695572 1.5395989418 -0.543031096458 -11.5798101425 1.53893101215 -0.544175505638 -11.5799303055 1.53891205788 -0.544214129448 -11.5765104294 1.53960800171 -0.543009877205 -11.5792198181 1.54897904396 -0.539491713047 -11.5792703629 1.54915702343 -0.539425313473 -11.579199791 1.54894304276 -0.539503216743 -11.5793399811 1.54917395115 -0.539434909821 -11.5792999268 1.54922401905 -0.53940230608 -11.5794897079 1.54935204983 -0.539393305779 -11.5793895721 1.54934501648 -0.539370417595 -11.5793399811 1.54928696156 -0.539384007454 -11.5794496536 1.54939603806 -0.539362072945 -11.5796604156 1.54950797558 -0.5393679142 -11.5795097351 1.5494389534 -0.539359390736 -11.5798597336 1.54964005947 -0.539359390736 -11.6202802658 1.56797099113 -0.541615903378 -11.6198043823 1.56923031807 -0.540924310684 -11.6201295853 1.56796705723 -0.541578114033 -11.6199798584 1.56798601151 -0.541531026363 -11.6204299927 1.56799697876 -0.541643619537 -11.6198396683 1.56802594662 -0.541475892067 -11.6205797195 1.56804597378 -0.541660487652 -11.6198701859 1.56925547123 -0.540928244591 -11.6197099686 1.56808805466 -0.54141408205 -11.6207199097 1.56811404228 -0.541666209698 -11.6195898056 1.56816995144 -0.541347205639 -11.6199121475 1.56932771206 -0.540959656239 -11.6199398041 1.56940019131 -0.540882945061 -11.6199522018 1.5693551302 -0.540842533112 -11.6363096237 1.5771150589 -0.541665375233 -11.6331386566 1.57561695576 -0.541514337063 -11.6194896698 1.56826817989 -0.541275024414 -11.619758606 1.56922996044 -0.540912866592 -11.6185760498 1.56987917423 -0.540313363075 -11.6185026169 1.56996035576 -0.540256202221 -11.6186771393 1.56987810135 -0.540347218513 -11.6186332703 1.56987285614 -0.540341973305 -11.6196947098 1.56925094128 -0.540887773037 -11.6187372208 1.56990754604 -0.540345907211 -11.618771553 1.56994330883 -0.540328919888 -11.6187896729 1.5700609684 -0.540285825729 -11.6187906265 1.5699890852 -0.540314674377 -11.6196498871 1.56931269169 -0.540845572948 -11.6187601089 1.57009994984 -0.540261685848 -11.6187801361 1.57008194923 -0.540273725986 -11.6187400818 1.57011651993 -0.540206432343 -11.6196498871 1.5693833828 -0.540817081928 -11.6196699142 1.56942915916 -0.540800750256 -11.6206102371 1.57035624981 -0.540626883507 -11.6197023392 1.56946516037 -0.54078990221 -11.6205472946 1.57028794289 -0.54061371088 -11.6204833984 1.57027339935 -0.540612339973 -11.6204185486 1.5702893734 -0.540604412556 -11.6199102402 1.56946098804 -0.540848076344 -11.6198596954 1.56949794292 -0.54082608223 -11.6197633743 1.56949424744 -0.540783047676 -11.6176395416 1.57145500183 -0.539357483387 -11.6198034286 1.56950449944 -0.540801525116 -11.6203403473 1.5703856945 -0.540543317795 -11.6203384399 1.57044839859 -0.540531218052 -11.6203813553 1.57049512863 -0.5404946208 -11.6203699112 1.57032525539 -0.540579199791 -11.6184892654 1.57001614571 -0.540284752846 -11.6185102463 1.57004702091 -0.540220677853 -11.6185503006 1.57007288933 -0.540175795555 -11.6185951233 1.57012867928 -0.540195524693 -11.6186666489 1.57014071941 -0.54020678997 -11.6206302643 1.5704023838 -0.540611565113 -11.6206293106 1.57047998905 -0.540575027466 -11.6213102341 1.57139837742 -0.540346086025 -11.6212453842 1.57139003277 -0.54031342268 -11.6213788986 1.57142949104 -0.540339291096 -11.6211709976 1.57143378258 -0.540291786194 -11.6205692291 1.57055437565 -0.540574729443 -11.6204328537 1.5705435276 -0.540496468544 -11.6205053329 1.57056128979 -0.540519297123 -11.6211805344 1.57160651684 -0.540200591087 -11.6211500168 1.57147955894 -0.540215134621 -11.6211481094 1.57156991959 -0.54023617506 -11.6214103699 1.57146894932 -0.540333628654 -11.6212215424 1.57165038586 -0.540206849575 -11.6329402924 1.57575583458 -0.54140073061 -11.6329641342 1.5758087635 -0.541383385658 -11.6349601746 1.58145594597 -0.539356589317 -11.6329431534 1.57567453384 -0.541439533234 -11.621430397 1.57151412964 -0.540318310261 -11.6214294434 1.5715931654 -0.540284276009 -11.621383667 1.571647048 -0.540247738361 -11.621304512 1.57167196274 -0.54022103548 -11.6329879761 1.57562327385 -0.541474163532 -11.6330633163 1.57559895515 -0.541497766972 -11.633190155 1.57564938068 -0.541502058506 -11.6332101822 1.57572722435 -0.541535973549 -11.6332197189 1.57572305202 -0.541490375996 -11.6332321167 1.5757638216 -0.541478157043 -11.6368398666 1.57793295383 -0.541434526443 -11.6332006454 1.57583272457 -0.54143512249 -11.6368303299 1.57809102535 -0.541361570358 -11.6367301941 1.57838404179 -0.541203677654 -11.6331453323 1.57587218285 -0.541402757168 -11.6367902756 1.5782430172 -0.541283905506 -11.6330289841 1.57586038113 -0.54137635231 -11.6330728531 1.57587397099 -0.541377186775 -11.6364498138 1.57721400261 -0.541658401489 -11.6368103027 1.57777297497 -0.541500389576 -11.6365804672 1.57733297348 -0.541637599468 -11.6366796494 1.57746803761 -0.541603624821 -11.636759758 1.57761704922 -0.541557371616 -11.6762895584 1.60297095776 -0.540414094925 -11.6738500595 1.60346400738 -0.53955757618 -11.6763496399 1.60295200348 -0.540439486504 -11.6734695435 1.60354804993 -0.539420723915 -11.672949791 1.60337495804 -0.539363324642 -11.6731100082 1.60348498821 -0.539354801178 -11.6727399826 1.60327196121 -0.539354801178 -11.6731700897 1.60344696045 -0.539388716221 -11.6731700897 1.60351800919 -0.539357423782 -11.6733999252 1.60348701477 -0.539430201054 -11.6733198166 1.60355496407 -0.539379179478 -11.6732501984 1.60354197025 -0.539365589619 -11.6736297607 1.60349202156 -0.539487123489 -11.6733903885 1.60355699062 -0.539397597313 -11.6867904663 1.60068404675 -0.544178426266 -11.6868600845 1.60052704811 -0.544267177582 -11.6869802475 1.60035598278 -0.544375479221 -11.6867103577 1.60067594051 -0.544161498547 -11.686750412 1.6007399559 -0.544143199921 -11.6866998672 1.60078799725 -0.54410892725 -11.6865301132 1.60079801083 -0.544061124325 -11.6866397858 1.60082805157 -0.544076323509 -11.6865100861 1.60087800026 -0.544019281864 -11.686340332 1.6008900404 -0.543968379498 -11.6865797043 1.6008579731 -0.544046103954 -11.6836900711 1.60145401955 -0.543025910854 -11.68612957 1.60095095634 -0.543885827065 -11.6836299896 1.60146296024 -0.543004274368 -11.6893796921 1.59223496914 -0.548661887646 -11.689330101 1.59229397774 -0.54862177372 -11.6883602142 1.59146499634 -0.548743486404 -11.6886100769 1.59149897099 -0.54879450798 -11.6881103516 1.59147298336 -0.548674285412 -11.6878595352 1.59152305126 -0.548588871956 -11.6888599396 1.59157299995 -0.54882568121 -11.6892995834 1.59232997894 -0.548599481583 -11.6876401901 1.59161198139 -0.54848998785 -11.6891002655 1.59168601036 -0.548836171627 -11.6894397736 1.59218597412 -0.548700273037 -11.6874399185 1.59173905849 -0.548380613327 -11.6899299622 1.59217000008 -0.548835098743 -11.6898498535 1.59213900566 -0.548827826977 -11.6899700165 1.59218895435 -0.548836171627 -11.6897602081 1.59212100506 -0.548813700676 -11.6896800995 1.59211695194 -0.548793196678 -11.6895904541 1.59212601185 -0.548766791821 -11.6895103455 1.59214997292 -0.548735618591 -11.6872701645 1.59189903736 -0.548264026642 -11.6871299744 1.59208798409 -0.548143684864 -11.6861600876 1.59377801418 -0.547127902508 -11.6874399185 1.59555602074 -0.546660125256 -11.6860704422 1.59396696091 -0.547019481659 -11.6860103607 1.59417104721 -0.546913802624 -11.6859998703 1.59438300133 -0.546813428402 -11.6860103607 1.59459805489 -0.546720683575 -11.6860704422 1.59481203556 -0.546638071537 -11.6861495972 1.59501898289 -0.546567380428 -11.6862697601 1.59521400928 -0.546510577202 -11.6874103546 1.5956209898 -0.546623110771 -11.6864204407 1.59539198875 -0.546469092369 -11.6873903275 1.59569001198 -0.546586990356 -11.6865901947 1.59554898739 -0.54644370079 -11.6867904663 1.5956799984 -0.546435117722 -11.687379837 1.59576296806 -0.546552717686 -11.6873903275 1.59583604336 -0.546521008015 -11.6874103546 1.59590899944 -0.546492695808 -11.6874399185 1.59598004818 -0.546468615532 -11.6874799728 1.5960470438 -0.546449184418 -11.6875295639 1.59610795975 -0.546434998512 -11.7147817612 1.53951752186 -0.57903945446 -11.7172803879 1.53686404228 -0.580886483192 -11.717499733 1.5368360281 -0.580957114697 -11.7177295685 1.53684198856 -0.581013917923 -11.7179603577 1.53688204288 -0.581055521965 -11.7147455215 1.53948664665 -0.579045712948 -11.7146911621 1.53946423531 -0.579040169716 -11.7132797241 1.53768205643 -0.579478085041 -11.7181797028 1.5369540453 -0.581080913544 -11.7183904648 1.53705704212 -0.581089377403 -11.7222499847 1.5392819643 -0.581089198589 -11.7148103714 1.53958117962 -0.579019129276 -11.7146568298 1.53945803642 -0.579027354717 -11.7145986557 1.53946828842 -0.579013168812 -11.7130699158 1.53774297237 -0.579395473003 -11.7128801346 1.53783500195 -0.57930290699 -11.7145471573 1.53950726986 -0.578984618187 -11.7126998901 1.53795695305 -0.579202473164 -11.7125501633 1.53810596466 -0.579096794128 -11.7124300003 1.53827702999 -0.57898837328 -11.7145242691 1.53956699371 -0.578924834728 -11.7145299911 1.53961503506 -0.578930199146 -11.695810318 1.56706929207 -0.561680614948 -11.7148094177 1.5396604538 -0.578984320164 -11.721405983 1.54072737694 -0.580219626427 -11.7145328522 1.53964948654 -0.578916668892 -11.7213602066 1.5407730341 -0.580186009407 -11.7213001251 1.54081201553 -0.580153286457 -11.7212400436 1.54084205627 -0.580123186111 -11.7211704254 1.54086196423 -0.580096423626 -11.6959295273 1.56717801094 -0.561664700508 -11.6959266663 1.56715857983 -0.561667442322 -11.7145662308 1.53968763351 -0.578908324242 -11.6959400177 1.56718719006 -0.561661541462 -11.6959180832 1.56714212894 -0.561678349972 -11.6958961487 1.56711614132 -0.561687409878 -11.6958789825 1.56710088253 -0.56168627739 -11.6958417892 1.5670787096 -0.56168538332 -11.7147731781 1.53969991207 -0.578938484192 -11.6959314346 1.56724357605 -0.561615884304 -11.6959400177 1.56724739075 -0.561634421349 -11.691069603 1.58127498627 -0.554042875767 -11.6959190369 1.56728816032 -0.561611354351 -11.7145996094 1.53971302509 -0.578905522823 -11.7147502899 1.53972101212 -0.578940093517 -11.7136898041 1.54239201546 -0.57746142149 -11.7136201859 1.54241299629 -0.577433109283 -11.7146492004 1.53973150253 -0.57890856266 -11.713549614 1.54244446754 -0.577400803566 -11.7134399414 1.54253697395 -0.577331006527 -11.7133998871 1.54259598255 -0.577293992043 -11.7146902084 1.5397362709 -0.578919172287 -11.6910400391 1.58133900166 -0.554005920887 -11.6868495941 1.58257305622 -0.552360415459 -11.6956806183 1.5672801733 -0.561553835869 -11.6957025528 1.56730091572 -0.561550021172 -11.695731163 1.56732213497 -0.561546325684 -11.6958694458 1.56732594967 -0.561579883099 -11.6957836151 1.5673391819 -0.561551749706 -11.6958274841 1.56734085083 -0.561562955379 -11.6910076141 1.58147990704 -0.553949654102 -11.6895465851 1.58675026894 -0.551177740097 -11.6896724701 1.5868074894 -0.55118227005 -11.6896343231 1.58677458763 -0.551187396049 -11.6895809174 1.58675444126 -0.551185369492 -11.6910200119 1.58155500889 -0.553903698921 -11.6910400391 1.58162796497 -0.553875505924 -11.6934499741 1.58886599541 -0.551240086555 -11.6897096634 1.58689534664 -0.55115634203 -11.6894884109 1.58675968647 -0.551158964634 -11.6867599487 1.58276295662 -0.55225199461 -11.6867103577 1.58296597004 -0.552146315575 -11.6866903305 1.58317804337 -0.552045881748 -11.6867103577 1.5833940506 -0.551953196526 -11.6867599487 1.58360803127 -0.551870584488 -11.6894378662 1.58679664135 -0.551129579544 -11.6880502701 1.58747601509 -0.550462126732 -11.689412117 1.58686208725 -0.551073610783 -11.6894197464 1.58690500259 -0.551074981689 -11.6897001266 1.58691895008 -0.551143288612 -11.6894197464 1.58692800999 -0.55106651783 -11.6897001266 1.58694219589 -0.551131784916 -11.6881399155 1.58768296242 -0.550391376019 -11.6894493103 1.58696746826 -0.551055014133 -11.6882600784 1.58787798882 -0.550334692001 -11.6934509277 1.58913731575 -0.551116645336 -11.6896800995 1.5869820118 -0.551107525826 -11.6934709549 1.58900153637 -0.551182210445 -11.6884098053 1.58805596828 -0.550293028355 -11.6894855499 1.58700156212 -0.551049828529 -11.6934204102 1.58920204639 -0.551080882549 -11.6896314621 1.58701705933 -0.551080465317 -11.6885795593 1.58821296692 -0.550267696381 -11.6926298141 1.59056901932 -0.550258874893 -11.6887798309 1.58834397793 -0.550259113312 -11.6895360947 1.58701872826 -0.551048636436 -11.6895742416 1.58702647686 -0.551060855389 -11.724029541 1.53222000599 -0.584738910198 -11.72397995 1.53227901459 -0.584698677063 -11.7230100632 1.53145003319 -0.584820389748 -11.7232704163 1.53148400784 -0.584871470928 -11.7227602005 1.53145802021 -0.584751188755 -11.7225198746 1.5315079689 -0.584665775299 -11.7235202789 1.5315580368 -0.584902703762 -11.7239599228 1.53231501579 -0.584676504135 -11.7222995758 1.53159701824 -0.584567010403 -11.7237501144 1.53167104721 -0.58491319418 -11.7241001129 1.53217101097 -0.58477717638 -11.7220897675 1.53172397614 -0.58445751667 -11.7245903015 1.53215503693 -0.584912121296 -11.7245101929 1.53212296963 -0.584904789925 -11.7246198654 1.5321700573 -0.58491307497 -11.7244195938 1.53210496902 -0.584890723228 -11.7243299484 1.53210103512 -0.584870100021 -11.7242498398 1.5321110487 -0.584843814373 -11.7241697311 1.53213500977 -0.584812581539 -11.7219200134 1.531883955 -0.58434087038 -11.7217903137 1.53207302094 -0.584220588207 -11.7208099365 1.53376305103 -0.583204805851 -11.7221002579 1.53554105759 -0.582737207413 -11.7207202911 1.53395199776 -0.583096385002 -11.7206697464 1.53415596485 -0.582990825176 -11.7206497192 1.53436803818 -0.582890272141 -11.7206697464 1.53458297253 -0.582797706127 -11.7207202911 1.5347969532 -0.58271497488 -11.7208099365 1.53500401974 -0.582644402981 -11.7209300995 1.53519904613 -0.582587599754 -11.7220697403 1.53560495377 -0.582700073719 -11.7210798264 1.5353770256 -0.582546114922 -11.7220497131 1.53567504883 -0.582664012909 -11.7212495804 1.53553295135 -0.582520723343 -11.721449852 1.53566503525 -0.582512080669 -11.7220697403 1.53589403629 -0.582569777966 -11.7221002579 1.53596496582 -0.582545697689 -11.7221403122 1.53603100777 -0.58252620697 -11.7221899033 1.53609204292 -0.582512080669 -11.7220401764 1.53574705124 -0.582629680634 -11.7220497131 1.535820961 -0.582597970963 -11.6875295639 1.69261801243 -0.54645472765 -11.6868696213 1.69297099113 -0.546440422535 -11.6875896454 1.69255697727 -0.546440422535 -11.6874904633 1.69268500805 -0.546474099159 -11.6874599457 1.6927549839 -0.546498179436 -11.6874504089 1.6928280592 -0.546526372433 -11.6874399185 1.69290196896 -0.546558082104 -11.6866703033 1.69310295582 -0.546448886395 -11.6874504089 1.69297397137 -0.54659229517 -11.6864995956 1.69325995445 -0.546474277973 -11.6863498688 1.69343805313 -0.546515822411 -11.6874704361 1.69304394722 -0.546628415585 -11.6862297058 1.69363200665 -0.546572625637 -11.6875 1.69310796261 -0.546665370464 -11.6861400604 1.69383895397 -0.546643197536 -11.6893596649 1.69633495808 -0.548604726791 -11.687210083 1.69656395912 -0.548148691654 -11.6862297058 1.69487404823 -0.547132909298 -11.6861495972 1.69468402863 -0.547024607658 -11.6860904694 1.69448101521 -0.546918928623 -11.6860704422 1.69426894188 -0.546818494797 -11.6860904694 1.69405305386 -0.546725809574 -11.6877202988 1.69703900814 -0.54849511385 -11.6875200272 1.69691300392 -0.548385679722 -11.6893796921 1.69637095928 -0.548627018929 -11.6881799698 1.69717895985 -0.548679292202 -11.6879396439 1.69712901115 -0.548593997955 -11.6873397827 1.69675195217 -0.548268973827 -11.6894302368 1.69642996788 -0.548667192459 -11.6886901855 1.69715297222 -0.548799693584 -11.6884403229 1.69718694687 -0.548748612404 -11.689499855 1.69647800922 -0.548705518246 -11.6891698837 1.69696605206 -0.54884147644 -11.6889400482 1.69707894325 -0.548830926418 -11.6899900436 1.69649505615 -0.548840522766 -11.6900196075 1.69647598267 -0.54884147644 -11.6895704269 1.6965149641 -0.548740804195 -11.6899003983 1.69652605057 -0.548833072186 -11.6896495819 1.6965379715 -0.548772215843 -11.6898202896 1.69654405117 -0.548819005489 -11.6897296906 1.69654798508 -0.548798501492 -11.6867904663 1.68840098381 -0.542554676533 -11.6869401932 1.68842697144 -0.542605578899 -11.686750412 1.68838799 -0.542539417744 -11.6869802475 1.68849396706 -0.542647302151 -11.6870002747 1.68844604492 -0.542631924152 -11.6870698929 1.68847596645 -0.542662382126 -11.6871299744 1.68851602077 -0.542695403099 -11.6871595383 1.68861603737 -0.542747795582 -11.6871795654 1.68856501579 -0.542730212212 -11.687210083 1.68861997128 -0.542764723301 -11.6872797012 1.68873798847 -0.542835474014 -11.6835203171 1.68819403648 -0.541612029076 -11.6824798584 1.6913330555 -0.542756319046 -11.683549881 1.68813204765 -0.541590809822 -11.6824398041 1.69144296646 -0.542794883251 -11.6738500595 1.68580305576 -0.538015723228 -11.6738901138 1.68575394154 -0.538006007671 -11.6738195419 1.68574500084 -0.537983477116 -11.6737499237 1.6857470274 -0.537964820862 -11.673620224 1.68584299088 -0.537974119186 -11.6736698151 1.68576002121 -0.537951111794 -11.674079895 1.68579697609 -0.538072407246 -11.6741199493 1.68579995632 -0.538083970547 -11.6736001968 1.68578398228 -0.537942826748 -11.6735296249 1.68581700325 -0.537940084934 -11.6731901169 1.68601799011 -0.537940084934 -11.6733999252 1.68591499329 -0.537948727608 -11.5799303055 1.73985099792 -0.537935495377 -11.5801000595 1.73976898193 -0.537944078445 -11.5803003311 1.73963701725 -0.537935495377 -11.5799303055 1.73992502689 -0.537969529629 -11.579870224 1.73989295959 -0.537938416004 -11.5798101425 1.73994398117 -0.537946581841 -11.5797796249 1.74010300636 -0.538011014462 -11.5797595978 1.74000203609 -0.537960112095 -11.5797195435 1.7400649786 -0.537978470325 -11.5796899796 1.7401330471 -0.538001477718 -11.5796604156 1.74029803276 -0.538067817688 -11.578789711 1.74286103249 -0.538994908333 -11.579580307 1.74050498009 -0.538138389587 -11.5787696838 1.74292600155 -0.539019882679 -11.5763902664 1.75003504753 -0.541606724262 -11.5756101608 1.75239300728 -0.542466580868 -11.5764198303 1.74997198582 -0.541585087776 -11.5754804611 1.75276398659 -0.542600095272 -11.5755596161 1.75260698795 -0.542549312115 -11.5755395889 1.75282299519 -0.542641878128 -11.5754699707 1.75283300877 -0.542626976967 -11.575460434 1.75290298462 -0.542657077312 -11.5755596161 1.7530349493 -0.542742311954 -11.5754699707 1.7529720068 -0.542689681053 -11.5754899979 1.75303804874 -0.542724013329 -11.575510025 1.75310003757 -0.542759180069 -11.5756196976 1.75323796272 -0.54284799099 -11.5756998062 1.75342798233 -0.542956411839 -11.5821399689 1.7645829916 -0.549661695957 -11.5820798874 1.76444602013 -0.549584686756 -11.5819597244 1.7642749548 -0.549476325512 -11.5822296143 1.76459395885 -0.549690306187 -11.5821800232 1.76463901997 -0.549696803093 -11.5822296143 1.7646869421 -0.549731194973 -11.5824098587 1.76471602917 -0.549790680408 -11.5822896957 1.76472699642 -0.549763917923 -11.5824203491 1.76477694511 -0.549820780754 -11.5825996399 1.76480901241 -0.549883425236 -11.5823497772 1.76475703716 -0.549793899059 -11.5826396942 1.76482200623 -0.549898386002 -11.6102600098 1.81241500378 -0.578543484211 -11.6124200821 1.80592000484 -0.576179027557 -11.6124601364 1.80580794811 -0.576136827469 -11.6101303101 1.81278502941 -0.578677177429 -11.6102104187 1.81262898445 -0.578626215458 -11.6101903915 1.81284403801 -0.578718781471 -11.6101102829 1.81285500526 -0.578703999519 -11.6101102829 1.81292498112 -0.578734099865 -11.6102104187 1.81305599213 -0.578819274902 -11.6101102829 1.8129940033 -0.578766703606 -11.6101303101 1.81306004524 -0.578800976276 -11.610159874 1.81312096119 -0.578836202621 -11.6102600098 1.81325995922 -0.578924894333 -11.6103496552 1.81344902515 -0.579033315182 -11.7221803665 1.75263905525 -0.582531571388 -11.7215099335 1.75299298763 -0.582517325878 -11.7222299576 1.75257897377 -0.582517385483 -11.7221403122 1.75270605087 -0.582551002502 -11.7221097946 1.7527769804 -0.582575082779 -11.7220897675 1.75285005569 -0.582603394985 -11.7220897675 1.75292301178 -0.582635104656 -11.7213201523 1.75312399864 -0.582525908947 -11.7220897675 1.75299596786 -0.582669317722 -11.7211503983 1.75328099728 -0.582551300526 -11.7209997177 1.75345897675 -0.582592785358 -11.7221097946 1.75306499004 -0.582705378532 -11.7208795547 1.75365400314 -0.582649588585 -11.7221403122 1.75312995911 -0.582742393017 -11.7207899094 1.75386095047 -0.582720220089 -11.7239999771 1.7563560009 -0.584681689739 -11.7218599319 1.75658500195 -0.584225714207 -11.7208795547 1.75489497185 -0.583209872246 -11.7207899094 1.75470602512 -0.583101570606 -11.7207403183 1.75450205803 -0.582995891571 -11.7207202911 1.7542899847 -0.58289539814 -11.7207403183 1.75407505035 -0.582802772522 -11.7219800949 1.75675594807 -0.584334015846 -11.724029541 1.75639200211 -0.584703981876 -11.7229299545 1.75720798969 -0.584786117077 -11.7227096558 1.75717997551 -0.584715485573 -11.7224998474 1.75711905956 -0.584632873535 -11.7222995758 1.75702702999 -0.584540188313 -11.7221298218 1.75690495968 -0.584439814091 -11.7240800858 1.7564510107 -0.584744095802 -11.7233896255 1.75716304779 -0.584884524345 -11.72315979 1.7572029829 -0.584842920303 -11.7241401672 1.75650000572 -0.584782481194 -11.7238197327 1.75698804855 -0.584918498993 -11.7236099243 1.75709104538 -0.584909915924 -11.7242202759 1.75653600693 -0.584817826748 -11.7246303558 1.75651597977 -0.584917426109 -11.7246599197 1.7565009594 -0.584918498993 -11.7245502472 1.75654804707 -0.584910094738 -11.7242898941 1.75655996799 -0.584849119186 -11.7244596481 1.75656604767 -0.584895908833 -11.7243795395 1.75656998158 -0.584875404835 -11.7242498398 1.77312803268 -0.59050399065 -11.7243099213 1.77309203148 -0.590502023697 -11.7243404388 1.77298998833 -0.590464770794 -11.7242803574 1.7731590271 -0.59052491188 -11.7241096497 1.77330601215 -0.590545594692 -11.7241897583 1.77328002453 -0.590556919575 -11.724240303 1.77322304249 -0.59054338932 -11.7241401672 1.7733310461 -0.590565085411 -11.7239599228 1.77343797684 -0.590567886829 -11.7240695953 1.77337396145 -0.590567886829 -11.6339902878 1.82581698895 -0.590762913227 -11.6600399017 1.81039595604 -0.590589821339 -11.6600799561 1.81033802032 -0.590576410294 -11.6337404251 1.82567203045 -0.590632021427 -11.6338100433 1.82569205761 -0.590660274029 -11.6338796616 1.8257240057 -0.590692102909 -11.633939743 1.82576596737 -0.590726613998 -11.6335096359 1.82567799091 -0.590574979782 -11.6335897446 1.8256649971 -0.590588510036 -11.6336603165 1.82566201687 -0.590607881546 -11.6599903107 1.81046295166 -0.590609073639 -11.6599597931 1.8105340004 -0.590633273125 -11.6599502563 1.81060802937 -0.590661585331 -11.6599397659 1.81068205833 -0.590693414211 -11.6599397659 1.81075501442 -0.590727806091 -11.6599597931 1.81082499027 -0.590764224529 -11.6599903107 1.81088995934 -0.590801477432 -11.6340303421 1.82587504387 -0.590800225735 -11.6608800888 1.81242597103 -0.591724872589 -11.6355600357 1.82754302025 -0.59194868803 -11.6606702805 1.81304395199 -0.591949999332 -11.6609096527 1.81248795986 -0.591760098934 -11.6607398987 1.81300199032 -0.591947197914 -11.6609296799 1.81255400181 -0.591794490814 -11.6609296799 1.81262302399 -0.591827094555 -11.6607904434 1.81295096874 -0.591938972473 -11.6609296799 1.81269299984 -0.591857194901 -11.6609096527 1.81276202202 -0.591884076595 -11.6608800888 1.81282997131 -0.591907024384 -11.6608400345 1.81289303303 -0.591925382614 -11.6349201202 1.82741200924 -0.591723680496 -11.6350097656 1.82751595974 -0.591793179512 -11.6350698471 1.82755494118 -0.591825902462 -11.6351299286 1.82758498192 -0.591856002808 -11.6351995468 1.82760500908 -0.591882824898 -11.6352701187 1.82761394978 -0.591905713081 -11.6353397369 1.8276129961 -0.591924190521 -11.6354198456 1.82760000229 -0.591937720776 -11.6354904175 1.82757604122 -0.591945886612 -11.6349601746 1.82746803761 -0.591758906841 -11.6639995575 1.80807995796 -0.590576529503 -11.6905202866 1.7927980423 -0.590591311455 -11.6905698776 1.79273998737 -0.5905777812 -11.6904802322 1.79286503792 -0.590610682964 -11.6904497147 1.79293596745 -0.590634822845 -11.6904296875 1.79300999641 -0.590663075447 -11.6904201508 1.79308402538 -0.590694904327 -11.6904296875 1.79315698147 -0.590729415417 -11.6904497147 1.79322695732 -0.590765714645 -11.6640701294 1.80806696415 -0.590590715408 -11.664150238 1.8080650568 -0.590610206127 -11.6642303467 1.8080739975 -0.590634286404 -11.6642999649 1.80809497833 -0.590662479401 -11.6904802322 1.79329204559 -0.590803027153 -11.6913700104 1.79482805729 -0.591726481915 -11.6643695831 1.80812704563 -0.590694189072 -11.6913900375 1.79489004612 -0.59176170826 -11.691160202 1.79544603825 -0.591951370239 -11.6912202835 1.79540395737 -0.59194868803 -11.691280365 1.795353055 -0.591940522194 -11.6913299561 1.79529500008 -0.59192687273 -11.6913700104 1.79523205757 -0.5919085145 -11.6913900375 1.79516398907 -0.591885626316 -11.6914100647 1.79509496689 -0.591858685017 -11.6914196014 1.79502499104 -0.591828584671 -11.6914100647 1.79495596886 -0.59179598093 -11.6644296646 1.80816805363 -0.590728521347 -11.6644802094 1.80821895599 -0.590764582157 -11.6660404205 1.8099449873 -0.591950297356 -11.6659803391 1.80997800827 -0.591947376728 -11.6645202637 1.80827701092 -0.590801596642 -11.6658296585 1.81001496315 -0.591925680637 -11.6659002304 1.81000196934 -0.591939210892 -11.6654100418 1.80981397629 -0.591725170612 -11.6654901505 1.809918046 -0.591794729233 -11.6655502319 1.80995702744 -0.591827273369 -11.6656103134 1.80998694897 -0.591857373714 -11.6656799316 1.81000697613 -0.591884315014 -11.6657495499 1.81001603603 -0.591907203197 -11.6654500961 1.80987000465 -0.591760396957 -11.6944799423 1.79048204422 -0.590578079224 -11.721039772 1.77515494823 -0.59058201313 -11.7210502625 1.77514195442 -0.590579390526 -11.720990181 1.7752250433 -0.590599477291 -11.7209501266 1.77530097961 -0.59062319994 -11.7209196091 1.77538096905 -0.590652287006 -11.7209100723 1.77546298504 -0.59068608284 -11.7209100723 1.77554404736 -0.590723514557 -11.7209300995 1.77562201023 -0.590763270855 -11.6946401596 1.79046702385 -0.590611577034 -11.6947097778 1.79047596455 -0.59063577652 -11.6947898865 1.79049694538 -0.590664029121 -11.694849968 1.79052901268 -0.590695679188 -11.694560051 1.79046905041 -0.590592205524 -11.7209596634 1.77569401264 -0.59080439806 -11.7218503952 1.77723002434 -0.591727972031 -11.7217102051 1.77780795097 -0.59195047617 -11.7218799591 1.77729201317 -0.59176337719 -11.7216501236 1.77784800529 -0.591952979565 -11.6949100494 1.79057002068 -0.590730011463 -11.7218999863 1.77735900879 -0.591797888279 -11.7218999863 1.77742803097 -0.591830670834 -11.7218999863 1.77749896049 -0.591860890388 -11.7218799591 1.77756798267 -0.591887772083 -11.7218503952 1.77763605118 -0.591910719872 -11.7217597961 1.77775704861 -0.591942489147 -11.7218103409 1.77769899368 -0.591929078102 -11.6949596405 1.79062104225 -0.590766072273 -11.6965303421 1.79234695435 -0.591951727867 -11.6964597702 1.79237997532 -0.591948926449 -11.6949996948 1.79068005085 -0.590803205967 -11.6963100433 1.79241704941 -0.59192687273 -11.696390152 1.7924040556 -0.591940581799 -11.6958904266 1.79221594334 -0.591726720333 -11.695980072 1.79231798649 -0.591794610023 -11.6960296631 1.79235804081 -0.591827511787 -11.696100235 1.79238903522 -0.591857910156 -11.6961698532 1.79240894318 -0.591884970665 -11.6962404251 1.79241800308 -0.591908216476 -11.6959295273 1.79226899147 -0.591759979725 -11.6304197311 1.82738900185 -0.590541005135 -11.6304702759 1.82740795612 -0.590563297272 -11.6305999756 1.82733094692 -0.590563297272 -11.630399704 1.8274409771 -0.590560495853 -11.6301898956 1.82742798328 -0.590499401093 -11.6302499771 1.8274769783 -0.590538799763 -11.6303300858 1.82746505737 -0.590552210808 -11.6299600601 1.82743394375 -0.590442597866 -11.630109787 1.82746994495 -0.590497374535 -11.6301803589 1.82747900486 -0.590520322323 -11.6299200058 1.8274320364 -0.590431213379 -11.6269798279 1.82636404037 -0.589185476303 -11.6280403137 1.82322597504 -0.588044524193 -11.6280698776 1.82311403751 -0.588002502918 -11.6269702911 1.82642805576 -0.589210093021 -11.6167898178 1.8246049881 -0.58573871851 -11.6167297363 1.82446694374 -0.585661590099 -11.6166095734 1.82429599762 -0.585553228855 -11.6168804169 1.82461595535 -0.585767328739 -11.6168298721 1.82466101646 -0.58577388525 -11.6168804169 1.82470905781 -0.58580827713 -11.6170501709 1.82473802567 -0.585867702961 -11.6169300079 1.82474803925 -0.585840880871 -11.6170701981 1.82479798794 -0.585897922516 -11.6172504425 1.82483005524 -0.585960328579 -11.6169996262 1.82477796078 -0.585870981216 -11.6172895432 1.82484400272 -0.585975706577 -11.6163597107 1.82382798195 -0.587080717087 -11.6164197922 1.82396495342 -0.587158024311 -11.6162395477 1.82365703583 -0.586972475052 -11.6165103912 1.82397603989 -0.587186515331 -11.6164598465 1.82402098179 -0.587193071842 -11.6166801453 1.82409799099 -0.587286889553 -11.6165599823 1.82410895824 -0.587260127068 -11.6165103912 1.82406902313 -0.587227523327 -11.6168804169 1.82419097424 -0.587379574776 -11.6167001724 1.82415795326 -0.587317109108 -11.6166296005 1.82413899899 -0.587290227413 -11.6169204712 1.82420396805 -0.587394893169 -11.6276702881 1.82258605957 -0.589463710785 -11.6266202927 1.8257240057 -0.5906047225 -11.627699852 1.82247400284 -0.58942180872 -11.6266002655 1.82578802109 -0.590629279613 -11.6301002502 1.82676804066 -0.591982483864 -11.6300497055 1.82674896717 -0.591960191727 -11.63022995 1.82669103146 -0.591982483864 -11.6300296783 1.82680094242 -0.591979682446 -11.6299600601 1.8268250227 -0.5919713974 -11.62981987 1.82678902149 -0.591918587685 -11.6297397614 1.82683098316 -0.591916620731 -11.6295900345 1.82679498196 -0.591861784458 -11.6298103333 1.82684004307 -0.591939508915 -11.6298904419 1.82683801651 -0.591957986355 -11.6295499802 1.82679200172 -0.591850280762 -11.6573295593 1.81107604504 -0.591995477676 -11.6526002884 1.81090605259 -0.590687870979 -11.6549520493 1.80697226524 -0.589527070522 -11.6522302628 1.81026101112 -0.590300023556 -11.6540355682 1.80682992935 -0.589227497578 -11.6595802307 1.81018090248 -0.592169761658 -11.6596326828 1.80972802639 -0.592026174068 -11.6520996094 1.81033599377 -0.590300023556 -11.6513223648 1.81084692478 -0.590192317963 -11.6516666412 1.81144762039 -0.590678691864 -11.652469635 1.81098103523 -0.590687870979 -11.6605939865 1.81192994118 -0.593233048916 -11.6504383087 1.81131339073 -0.590261161327 -11.6465835571 1.81113374233 -0.589224994183 -11.6508703232 1.81190598011 -0.590687692165 -11.6495666504 1.81180155277 -0.590293049812 -11.6507396698 1.81198132038 -0.5906868577 -11.6499996185 1.81240594387 -0.590687692165 -11.6486968994 1.81230175495 -0.590292572975 -11.6498699188 1.81248116493 -0.590687394142 -11.6491298676 1.81290602684 -0.59068775177 -11.6604089737 1.81234502792 -0.593364298344 -11.6478996277 1.81276118755 -0.5902993083 -11.6490001678 1.81298077106 -0.590688109398 -11.6482696533 1.8134059906 -0.590687572956 -11.647769928 1.81283605099 -0.590299785137 -11.6481399536 1.81348121166 -0.590686917305 -11.6496610641 1.8185479641 -0.593366861343 -11.6470298767 1.81325995922 -0.590299725533 -11.6473999023 1.81390595436 -0.590687572956 -11.646900177 1.81333625317 -0.590299069881 -11.6444301605 1.81475961208 -0.590300381184 -11.6421546936 1.81369161606 -0.589222669601 -11.6443004608 1.81483483315 -0.590299844742 -11.6472702026 1.81398105621 -0.590687572956 -11.6465682983 1.8146058321 -0.590328156948 -11.6461906433 1.81396389008 -0.589939296246 -11.6452999115 1.81426000595 -0.590299725533 -11.6456699371 1.81490623951 -0.590686917305 -11.6451702118 1.8143351078 -0.590299367905 -11.6455402374 1.81498086452 -0.59068775177 -11.6448001862 1.81540560722 -0.590688228607 -11.6446695328 1.81548094749 -0.590687394142 -11.6438589096 1.81591558456 -0.590749204159 -11.6434812546 1.81525671482 -0.590390324593 -11.6430702209 1.81640589237 -0.590687572956 -11.6399393082 1.82416081429 -0.593368291855 -11.6427001953 1.81576001644 -0.590299487114 -11.6421737671 1.81699299812 -0.590577304363 -11.6418304443 1.8162599802 -0.590299487114 -11.6425695419 1.81583499908 -0.590299487114 -11.641699791 1.81633496284 -0.590299487114 -11.6409702301 1.81675994396 -0.590299487114 -11.6393222809 1.81532502174 -0.589224994183 -11.6429395676 1.81648004055 -0.590687394142 -11.6416625977 1.81768250465 -0.59089577198 -11.6413402557 1.81740605831 -0.590687274933 -11.6408395767 1.81683504581 -0.590299427509 -11.6412096024 1.8174803257 -0.590686380863 -11.6404695511 1.81790494919 -0.590687274933 -11.6400442123 1.81731343269 -0.590264081955 -11.6392402649 1.81776022911 -0.590298950672 -11.6403398514 1.81798005104 -0.590687274933 -11.6396102905 1.81840515137 -0.59068697691 -11.6391096115 1.81783497334 -0.590299427509 -11.6383695602 1.81825959682 -0.590300023556 -11.6382398605 1.8183349371 -0.590299606323 -11.6337099075 1.81857013702 -0.589216649532 -11.6394796371 1.8184800148 -0.590687215328 -11.6386756897 1.81894493103 -0.590681791306 -11.6332902908 1.81941187382 -0.589494645596 -11.6378803253 1.81940495968 -0.590687096119 -11.6374998093 1.81876003742 -0.5902993083 -11.6373701096 1.81883502007 -0.5902993083 -11.6356801987 1.82357263565 -0.591994822025 -11.6377496719 1.81947994232 -0.590687096119 -11.6350984573 1.8269546032 -0.593367636204 -11.634642601 1.82692050934 -0.593229472637 -11.633559227 1.82507407665 -0.592123031616 -11.6331586838 1.82504928112 -0.591955125332 -11.6877498627 1.79351496696 -0.591996908188 -11.6830186844 1.7933447361 -0.59069609642 -11.6853704453 1.7894115448 -0.589529454708 -11.6827096939 1.79266297817 -0.590301513672 -11.6844530106 1.7892690897 -0.589231073856 -11.6900339127 1.79248988628 -0.592127621174 -11.6901769638 1.79211938381 -0.591989040375 -11.6910924911 1.79436826706 -0.59325760603 -11.6825799942 1.79273796082 -0.590301513672 -11.6818504333 1.79316294193 -0.590301513672 -11.682220459 1.7938079834 -0.590689301491 -11.68171978 1.79323804379 -0.590301513672 -11.6809148788 1.79370105267 -0.590300261974 -11.6820898056 1.79388308525 -0.590688943863 -11.6813497543 1.79430794716 -0.590689301491 -11.6801099777 1.79416334629 -0.590300500393 -11.6812200546 1.79438304901 -0.590689301491 -11.6804895401 1.7948076725 -0.590690135956 -11.679980278 1.79423797131 -0.590301275253 -11.6792497635 1.79466307163 -0.590300917625 -11.6768274307 1.79367375374 -0.589226424694 -11.6803598404 1.79488301277 -0.590689241886 -11.6795549393 1.79534566402 -0.590688884258 -11.6908426285 1.79477596283 -0.593372642994 -11.6791200638 1.79473805428 -0.590301275253 -11.678311348 1.79519331455 -0.590317428112 -11.6787500381 1.79580795765 -0.590689122677 -11.6778240204 1.79634332657 -0.590694189072 -11.6775197983 1.79566180706 -0.59030175209 -11.6756496429 1.7967376709 -0.590299546719 -11.6722431183 1.79632294178 -0.589223742485 -11.6786203384 1.7958830595 -0.590689122677 -11.6773900986 1.79573774338 -0.590301692486 -11.6770200729 1.79680800438 -0.590689122677 -11.6766500473 1.79616200924 -0.590301215649 -11.6757802963 1.796661973 -0.590301096439 -11.6761598587 1.79730772972 -0.590689480305 -11.6765203476 1.79623699188 -0.590301096439 -11.6768903732 1.79688298702 -0.590689122677 -11.676030159 1.79738295078 -0.590689003468 -11.6752901077 1.79780781269 -0.590689659119 -11.6744861603 1.79915487766 -0.591087043285 -11.6749200821 1.79716205597 -0.590301096439 -11.6747903824 1.79723703861 -0.590301096439 -11.6739196777 1.79773700237 -0.59030097723 -11.675160408 1.79788291454 -0.590689361095 -11.6744203568 1.79830694199 -0.590689003468 -11.6740503311 1.79766201973 -0.59030097723 -11.6714496613 1.79916203022 -0.59030097723 -11.664188385 1.80097138882 -0.589222073555 -11.6742897034 1.79838299751 -0.590689003468 -11.6734867096 1.79882979393 -0.590721726418 -11.673116684 1.79818475246 -0.590333819389 -11.6723203659 1.79866194725 -0.59030097723 -11.6726903915 1.79930710793 -0.590688407421 -11.6721897125 1.7987370491 -0.59030097723 -11.6725597382 1.79938173294 -0.590689301491 -11.6795768738 1.80128371716 -0.593363761902 -11.6718301773 1.79980695248 -0.590688824654 -11.6713199615 1.79923725128 -0.590300321579 -11.6709604263 1.80030703545 -0.590688943863 -11.6705904007 1.79966199398 -0.590300917625 -11.6716995239 1.79988157749 -0.590689897537 -11.6704597473 1.79973697662 -0.590300798416 -11.669719696 1.8001614809 -0.59030175209 -11.6688499451 1.80066251755 -0.590299844742 -11.6708297729 1.80038201809 -0.590688824654 -11.6700248718 1.80084455013 -0.59068852663 -11.6695899963 1.80023705959 -0.590300798416 -11.6692304611 1.80130672455 -0.590689182281 -11.6638374329 1.80140268803 -0.589326679707 -11.6687202454 1.80073714256 -0.590300500393 -11.6690998077 1.80138194561 -0.590688705444 -11.6708106995 1.80634117126 -0.593369960785 -11.667924881 1.80119979382 -0.59030008316 -11.6682949066 1.80184471607 -0.590688288212 -11.66609478 1.80601108074 -0.591998398304 -11.6637802124 1.80198931694 -0.589559555054 -11.6655797958 1.80935657024 -0.59336912632 -11.6651353836 1.80932736397 -0.593244493008 -11.664065361 1.80749940872 -0.592147052288 -11.66365242 1.80742156506 -0.592005968094 -11.718170166 1.7759540081 -0.591998517513 -11.7135028839 1.77574443817 -0.590697824955 -11.7157917023 1.77185082436 -0.589527964592 -11.7131996155 1.77506494522 -0.590303003788 -11.7148780823 1.77171182632 -0.589225232601 -11.7091913223 1.7765225172 -0.589917778969 -11.7069854736 1.77626085281 -0.589233458042 -11.7205553055 1.77498435974 -0.592181503773 -11.72057724 1.77452778816 -0.592062056065 -11.7130699158 1.77514004707 -0.590303003788 -11.7122898102 1.77564620972 -0.590205490589 -11.712638855 1.77625465393 -0.590674877167 -11.7215671539 1.77674627304 -0.593239367008 -11.7114601135 1.77606546879 -0.59030175209 -11.7118396759 1.77671003342 -0.590690910816 -11.7113304138 1.77614021301 -0.590302348137 -11.7104701996 1.77663981915 -0.590303301811 -11.7117099762 1.77678513527 -0.590690612793 -11.7105998993 1.77656495571 -0.590302884579 -11.7109050751 1.7772475481 -0.590690612793 -11.7213668823 1.77715659142 -0.593373179436 -11.7095737457 1.776943326 -0.590656399727 -11.7099533081 1.77758896351 -0.591042935848 -11.7088050842 1.77760219574 -0.59030354023 -11.7104158401 1.78347933292 -0.593369007111 -11.7091751099 1.77824759483 -0.590690553188 -11.7019510269 1.77916920185 -0.589230179787 -11.7083702087 1.7787104845 -0.590689480305 -11.7080001831 1.77806389332 -0.590303063393 -11.7078695297 1.77814018726 -0.590302050114 -11.7065000534 1.77842497826 -0.590074419975 -11.7082395554 1.77878499031 -0.590690612793 -11.7075099945 1.77920973301 -0.590691208839 -11.7071304321 1.77856397629 -0.590302705765 -11.7066402435 1.7797100544 -0.590690493584 -11.7062702179 1.77906405926 -0.590302705765 -11.7069997787 1.77863895893 -0.590302705765 -11.7068958282 1.78094780445 -0.591314613819 -11.7061395645 1.7791390419 -0.590302705765 -11.7054004669 1.77956390381 -0.590302824974 -11.7073802948 1.77928495407 -0.590690612793 -11.7065095901 1.77978503704 -0.590690374374 -11.7057800293 1.78021001816 -0.590690493584 -11.7052698135 1.77963900566 -0.590302586555 -11.7044095993 1.78013896942 -0.590302705765 -11.7056503296 1.7802850008 -0.590690493584 -11.7049102783 1.78070998192 -0.590690374374 -11.7045402527 1.78006398678 -0.590302586555 -11.7047796249 1.78078496456 -0.590690374374 -11.7040395737 1.78120982647 -0.590690553188 -11.703669548 1.78056395054 -0.590302586555 -11.7027997971 1.78106403351 -0.590302526951 -11.7026700974 1.7811396122 -0.590301156044 -11.7031803131 1.78170895576 -0.59069031477 -11.7035398483 1.78063905239 -0.590302586555 -11.7035083771 1.78167402744 -0.590760290623 -11.703909874 1.78128504753 -0.590690374374 -11.6944952011 1.78347742558 -0.589225947857 -11.7022447586 1.78224694729 -0.590689301491 -11.7018766403 1.78160524368 -0.590294122696 -11.7030496597 1.78178465366 -0.590691149235 -11.7010040283 1.78210043907 -0.590304672718 -11.701374054 1.78274548054 -0.590692341328 -11.7005214691 1.78325748444 -0.590665578842 -11.7001571655 1.78262329102 -0.59025400877 -11.6992759705 1.78310310841 -0.590298771858 -11.6996459961 1.78374838829 -0.59068608284 -11.7006998062 1.7890856266 -0.593371033669 -11.6984701157 1.78356397152 -0.590302288532 -11.698849678 1.78420901299 -0.590690076351 -11.698340416 1.78363895416 -0.590302228928 -11.696521759 1.78845322132 -0.591996669769 -11.6941595078 1.78435325623 -0.589542627335 -11.6987199783 1.78428399563 -0.590690076351 -11.6960420609 1.79177296162 -0.593370437622 -11.6955966949 1.79170227051 -0.593213796616 -11.6945381165 1.7898774147 -0.592144429684 -11.6941289902 1.78985333443 -0.591958403587 -11.7239398956 1.7724519968 -0.591921210289 -11.7238798141 1.77248799801 -0.591923177242 -11.7239704132 1.77234995365 -0.591884016991 -11.7239103317 1.77251899242 -0.591944217682 -11.7238702774 1.77258300781 -0.591962575912 -11.723739624 1.77266597748 -0.591964781284 -11.7238197327 1.77264094353 -0.591976106167 -11.7237701416 1.7726919651 -0.591984272003 -11.7236995697 1.77273404598 -0.591987073421 -11.7235898972 1.77279794216 -0.591987073421 -11.7214298248 1.74842202663 -0.578631699085 -11.7215795517 1.74844801426 -0.578682720661 -11.7214002609 1.7484099865 -0.57861661911 -11.7216300964 1.74851500988 -0.578724324703 -11.7216501236 1.74846804142 -0.578709721565 -11.7217197418 1.74849796295 -0.578740000725 -11.7217702866 1.74853801727 -0.578772783279 -11.7217998505 1.74863696098 -0.578824818134 -11.7218198776 1.74858701229 -0.578807413578 -11.7218599319 1.7486410141 -0.578841686249 -11.7219295502 1.7487590313 -0.578912496567 -11.7281198502 1.75948500633 -0.587163507938 -11.728099823 1.75955700874 -0.587191998959 -11.7280597687 1.7593870163 -0.587104201317 -11.7281503677 1.75954699516 -0.587198615074 -11.7281703949 1.75961303711 -0.587233006954 -11.7281198502 1.75976896286 -0.58729237318 -11.7281703949 1.75968205929 -0.587265610695 -11.7281703949 1.75975203514 -0.58729571104 -11.7281503677 1.75982105732 -0.587322473526 -11.7281103134 1.75992405415 -0.587359786034 -11.7284698486 1.76019704342 -0.585772812366 -11.7284898758 1.76012504101 -0.585744202137 -11.7284297943 1.76002597809 -0.585685014725 -11.7285203934 1.76018702984 -0.585779428482 -11.7285404205 1.76025295258 -0.585813820362 -11.7284898758 1.76040899754 -0.585873186588 -11.7285404205 1.76032197475 -0.585846424103 -11.7285404205 1.76039195061 -0.585876524448 -11.7285203934 1.76046097279 -0.585903286934 -11.7284803391 1.76056301594 -0.585940599442 -11.6895170212 1.70640444756 -0.553185582161 -11.6888504028 1.70030796528 -0.550264179707 -11.6926803589 1.69809603691 -0.550264298916 -11.6895627975 1.70642447472 -0.553207099438 -11.6934700012 1.69946396351 -0.551086425781 -11.6934995651 1.69952499866 -0.551121592522 -11.6935195923 1.69959104061 -0.551155924797 -11.6935300827 1.69965994358 -0.551188588142 -11.6935195923 1.69973003864 -0.551218688488 -11.6934995651 1.6998000145 -0.551245510578 -11.6910896301 1.70703697205 -0.553880512714 -11.689620018 1.7065089941 -0.553259372711 -11.6895914078 1.70644724369 -0.553223729134 -11.6894693375 1.70640385151 -0.553172290325 -11.688659668 1.70044004917 -0.550272703171 -11.6884803772 1.70059597492 -0.550298094749 -11.6883296967 1.70077395439 -0.550339698792 -11.6882095337 1.70096898079 -0.550396382809 -11.6881303787 1.70117604733 -0.550467014313 -11.6894226074 1.70641696453 -0.553166687489 -11.6868400574 1.70504403114 -0.551875412464 -11.6893825531 1.70644640923 -0.553168356419 -11.6867904663 1.70525801182 -0.551957905293 -11.6893482208 1.70647990704 -0.553175985813 -11.6867704391 1.70547401905 -0.552050709724 -11.6867904663 1.70568597317 -0.552151024342 -11.6868400574 1.70588898659 -0.552256703377 -11.6869297028 1.70607805252 -0.552365124226 -11.689330101 1.70652413368 -0.553191244602 -11.689330101 1.70659410954 -0.553222894669 -11.6893386841 1.70661354065 -0.553253173828 -11.6893959045 1.70666491985 -0.553269803524 -11.7124996185 1.75038003922 -0.578993201256 -11.689620018 1.70655703545 -0.55327963829 -11.6895990372 1.70660471916 -0.553296148777 -11.6910686493 1.70711028576 -0.553910553455 -11.691069603 1.70725703239 -0.553974688053 -11.6910896301 1.70732605457 -0.554010927677 -11.6911201477 1.70739102364 -0.554047882557 -11.6895523071 1.70664703846 -0.553304672241 -11.7134504318 1.74607396126 -0.577298998833 -11.6895198822 1.70666694641 -0.553303897381 -11.6894397736 1.7066770792 -0.553288400173 -11.6894817352 1.7066757679 -0.553299307823 -11.7134895325 1.74613201618 -0.577336013317 -11.7177095413 1.75109100342 -0.580670773983 -11.7176685333 1.75111782551 -0.580670714378 -11.7135400772 1.74618303776 -0.577372074127 -11.7177505493 1.75108361244 -0.580671966076 -11.7136001587 1.74622404575 -0.577406525612 -11.7177972794 1.75108170509 -0.580688118935 -11.7136697769 1.74625599384 -0.577438116074 -11.7137403488 1.74627697468 -0.57746642828 -11.7212095261 1.74780797958 -0.580101907253 -11.721280098 1.74782800674 -0.580128729343 -11.7178583145 1.75110769272 -0.580718576908 -11.7213497162 1.74785804749 -0.580158829689 -11.7214002609 1.7478979826 -0.580191373825 -11.721449852 1.74794602394 -0.58022582531 -11.7214899063 1.74800205231 -0.58026099205 -11.7228403091 1.7503310442 -0.581660985947 -11.7226982117 1.75019526482 -0.581582307816 -11.722530365 1.75008702278 -0.581472814083 -11.7224597931 1.75004804134 -0.581436991692 -11.7223396301 1.74999403954 -0.58138012886 -11.722240448 1.74996101856 -0.581339120865 -11.7214708328 1.74994421005 -0.581130087376 -11.7212495804 1.75001394749 -0.581104874611 -11.7221298218 1.74993300438 -0.581297516823 -11.7220001221 1.74991297722 -0.581254601479 -11.7218999863 1.7499049902 -0.581226885319 -11.7217502594 1.74990594387 -0.581186175346 -11.7216796875 1.74991095066 -0.581170082092 -11.7178897858 1.75114297867 -0.580739021301 -11.7210102081 1.75012600422 -0.581094503403 -11.7179002762 1.75123476982 -0.580783605576 -11.7179002762 1.75116407871 -0.580751121044 -11.718460083 1.75160002708 -0.581094384193 -11.7176294327 1.75115799904 -0.580679059029 -11.7126197815 1.75055098534 -0.579101502895 -11.712770462 1.75069904327 -0.579207181931 -11.7176103592 1.75120103359 -0.580694496632 -11.7129402161 1.75082099438 -0.579307615757 -11.713139534 1.75091397762 -0.57940030098 -11.713350296 1.75097501278 -0.579482972622 -11.7176103592 1.75125181675 -0.580716192722 -11.7173500061 1.75179302692 -0.580891489983 -11.7178754807 1.75129246712 -0.580796539783 -11.7176399231 1.75131201744 -0.580751001835 -11.7182502747 1.75170397758 -0.581085920334 -11.7176685333 1.75133430958 -0.580767393112 -11.7178068161 1.75134062767 -0.580809235573 -11.7180299759 1.75177598 -0.581060528755 -11.7175703049 1.75182104111 -0.580962121487 -11.7177124023 1.75135207176 -0.580792307854 -11.7177581787 1.75135207176 -0.580807209015 -11.7178001404 1.75181496143 -0.581018924713 -11.6938295364 1.70017504692 -0.549695789814 -11.6938400269 1.70010304451 -0.549667179585 -11.6937904358 1.70000505447 -0.549607992172 -11.6938695908 1.70016503334 -0.54970240593 -11.6938896179 1.70023095608 -0.54973679781 -11.6938495636 1.70038700104 -0.54979622364 -11.6938896179 1.70029997826 -0.549769282341 -11.6938896179 1.70036995411 -0.549799382687 -11.6938695908 1.70044004917 -0.549826323986 -11.6938400269 1.70054197311 -0.549863398075 -11.6865701675 1.68778705597 -0.544024825096 -11.6864204407 1.68776094913 -0.543973922729 -11.6863803864 1.68774795532 -0.543958604336 -11.6865797043 1.68783605099 -0.544049918652 -11.6866397858 1.68780601025 -0.544051110744 -11.6866998672 1.68783605099 -0.544081509113 -11.6866102219 1.68785405159 -0.544066607952 -11.6867599487 1.6878759861 -0.544114589691 -11.6867599487 1.6879529953 -0.544149518013 -11.6868095398 1.68792498112 -0.544149398804 -11.6868400574 1.68798005581 -0.544184029102 -11.6867904663 1.68797600269 -0.544167101383 -11.6869096756 1.6880979538 -0.544254779816 -11.6821098328 1.69069397449 -0.544175505638 -11.6831502914 1.68755400181 -0.543031096458 -11.6831798553 1.68749201298 -0.543009877205 -11.6820697784 1.69080305099 -0.544214129448 -11.6735200882 1.68511497974 -0.539425313473 -11.6734800339 1.68516302109 -0.539434909821 -11.67345047 1.68510603905 -0.53940230608 -11.6733798981 1.68510699272 -0.539384007454 -11.6732997894 1.68511998653 -0.539370417595 -11.6737499237 1.68516004086 -0.539503216743 -11.6737098694 1.68515694141 -0.539491713047 -11.6732501984 1.6852029562 -0.539393305779 -11.6732301712 1.6851439476 -0.539362072945 -11.6731595993 1.68517696857 -0.539359390736 -11.6730298996 1.68527495861 -0.5393679142 -11.6728200912 1.68537795544 -0.539359390736 -11.6358985901 1.70869278908 -0.540261566639 -11.6358537674 1.70866847038 -0.540212154388 -11.6350297928 1.70718801022 -0.539357483387 -11.6356840134 1.70870554447 -0.540184676647 -11.635641098 1.70876955986 -0.540225565434 -11.6346168518 1.71007585526 -0.540554642677 -11.6345357895 1.7100404501 -0.540502488613 -11.6357955933 1.70865416527 -0.540206491947 -11.6357498169 1.70866012573 -0.540201485157 -11.6356430054 1.71003091335 -0.540798485279 -11.623670578 1.71829307079 -0.541407108307 -11.6235990524 1.71828365326 -0.541384100914 -11.6177101135 1.717187047 -0.539356589317 -11.6237201691 1.71832799911 -0.541433990002 -11.6332092285 1.71018302441 -0.540234684944 -11.6331539154 1.71017229557 -0.540220499039 -11.6331090927 1.71017706394 -0.540212929249 -11.6330499649 1.71021199226 -0.540205419064 -11.6332616806 1.71021974087 -0.540263295174 -11.6368103027 1.71026098728 -0.541204512119 -11.6359300613 1.70875859261 -0.540300250053 -11.6359405518 1.70879912376 -0.540261864662 -11.6359195709 1.7088290453 -0.54032677412 -11.6356487274 1.70886278152 -0.540276050568 -11.6358804703 1.70885515213 -0.540370106697 -11.6357030869 1.7089240551 -0.540264904499 -11.6358385086 1.70891463757 -0.540341734886 -11.6357116699 1.70997333527 -0.540796160698 -11.6358737946 1.70999598503 -0.540851473808 -11.6358089447 1.70996618271 -0.540803909302 -11.6357488632 1.7089343071 -0.540308654308 -11.6357631683 1.7099609375 -0.540801823139 -11.6359090805 1.71006691456 -0.540887653828 -11.6332893372 1.7102855444 -0.540317356586 -11.6344327927 1.71007037163 -0.540487229824 -11.6356201172 1.71008324623 -0.540815412998 -11.6359100342 1.71011602879 -0.540904700756 -11.6346502304 1.71014499664 -0.540590584278 -11.6343812943 1.71011972427 -0.540498256683 -11.6356220245 1.71016728878 -0.540854752064 -11.6346502304 1.71019160748 -0.540611445904 -11.6343603134 1.71015942097 -0.540521800518 -11.6368703842 1.71038794518 -0.541276693344 -11.635884285 1.71017038822 -0.54092246294 -11.6345100403 1.71031200886 -0.54063051939 -11.6345720291 1.71027708054 -0.54065990448 -11.6346302032 1.71023666859 -0.540628612041 -11.6369104385 1.71066498756 -0.54141408205 -11.6368999481 1.71080803871 -0.541475892067 -11.6368999481 1.7105230093 -0.541347205639 -11.6236724854 1.71853613853 -0.541516423225 -11.6368703842 1.71095097065 -0.541531026363 -11.6368103027 1.71108901501 -0.541578114033 -11.6343603134 1.71020793915 -0.540543615818 -11.6331825256 1.7104434967 -0.540340781212 -11.6332540512 1.71041846275 -0.540303766727 -11.633263588 1.710318923 -0.54038631916 -11.6332798004 1.71032905579 -0.540318071842 -11.635682106 1.71022200584 -0.540893554688 -11.6366300583 1.71133697033 -0.541643619537 -11.6358165741 1.71022319794 -0.540929973125 -11.6367301941 1.71121895313 -0.541615903378 -11.6237506866 1.71841728687 -0.541478395462 -11.6237373352 1.7183675766 -0.541465461254 -11.6330070496 1.7102997303 -0.540201485157 -11.623714447 1.71849310398 -0.541513204575 -11.6365098953 1.71144199371 -0.541660487652 -11.6357450485 1.71023917198 -0.54091835022 -11.6363801956 1.71152901649 -0.541666209698 -11.634393692 1.7102766037 -0.540582180023 -11.6344633102 1.71031272411 -0.540614128113 -11.6330022812 1.71037638187 -0.540263831615 -11.6330394745 1.71041953564 -0.540294468403 -11.6330757141 1.71044361591 -0.540314733982 -11.6331272125 1.71045207977 -0.540329039097 -11.6207895279 1.72052800655 -0.541665375233 -11.6234645844 1.7183893919 -0.541381955147 -11.6234531403 1.71843159199 -0.541412949562 -11.6194896698 1.72026002407 -0.541203677654 -11.6235265732 1.71830844879 -0.541376292706 -11.6234874725 1.71834003925 -0.541389465332 -11.623459816 1.71847617626 -0.541433990002 -11.6199102402 1.72061598301 -0.541474997997 -11.6197795868 1.72055399418 -0.54141330719 -11.6196699142 1.72047305107 -0.541346371174 -11.6195697784 1.72037398815 -0.541275918484 -11.6234798431 1.71851599216 -0.541457891464 -11.6235303879 1.71855545044 -0.541474401951 -11.6236028671 1.71856272221 -0.541505336761 -11.6206502914 1.72059702873 -0.541659772396 -11.620464325 1.72074508667 -0.541460335255 -11.6200504303 1.720656991 -0.541530191898 -11.6202001572 1.72067499161 -0.541577219963 -11.5797300339 1.73912894726 -0.539363324642 -11.5795602798 1.73921096325 -0.539354801178 -11.5799303055 1.73899698257 -0.539354801178 -11.5795602798 1.73928594589 -0.539388716221 -11.5795001984 1.7392539978 -0.539357483387 -11.5794401169 1.73930501938 -0.539365828037 -11.5794095993 1.73946404457 -0.539430201054 -11.5793895721 1.73936200142 -0.539379298687 -11.5793504715 1.73942601681 -0.539397716522 -11.5793304443 1.73949301243 -0.539420723915 -11.57929039 1.73965799809 -0.539487123489 -11.5792102814 1.73986494541 -0.53955757618 -11.5784196854 1.74222099781 -0.540414094925 -11.5783996582 1.74228596687 -0.540439128876 -11.5752401352 1.7517529726 -0.543885827065 -11.5760297775 1.74939501286 -0.543025910854 -11.5760498047 1.74933195114 -0.543004274368 -11.5751199722 1.75212395191 -0.544019281864 -11.5751895905 1.75196695328 -0.543968379498 -11.5751695633 1.75218296051 -0.544061124325 -11.5750999451 1.75219297409 -0.544046103954 -11.5751895905 1.75239503384 -0.544161498547 -11.5750999451 1.75233197212 -0.54410892725 -11.5750904083 1.75226294994 -0.544076323509 -11.5751199722 1.75239801407 -0.544143199921 -11.5752496719 1.75259804726 -0.544267177582 -11.5751399994 1.7524600029 -0.544178426266 -11.5753297806 1.75278794765 -0.544375479221 -11.5804700851 1.75475203991 -0.546597182751 -11.5792598724 1.75558900833 -0.546660125256 -11.5802202225 1.75474405289 -0.546527922153 -11.5792198181 1.75552999973 -0.546623110771 -11.5799598694 1.75477695465 -0.546476900578 -11.5807104111 1.75480103493 -0.546682596207 -11.5797100067 1.7548520565 -0.546445608139 -11.5809297562 1.75489103794 -0.546781420708 -11.5791702271 1.75548005104 -0.546586990356 -11.5794801712 1.75496399403 -0.546435117722 -11.5811300278 1.75501799583 -0.54689091444 -11.5791101456 1.75543797016 -0.546552717686 -11.5790395737 1.75540602207 -0.546521127224 -11.5789699554 1.75538504124 -0.546492874622 -11.5788898468 1.75537598133 -0.546468794346 -11.5788202286 1.75537800789 -0.546449303627 -11.5787401199 1.7553910017 -0.546435117722 -11.5813102722 1.7551779747 -0.547007501125 -11.5814399719 1.75536704063 -0.547127783298 -11.5811195374 1.75881505013 -0.548599421978 -11.5824203491 1.75705695152 -0.548143625259 -11.5825004578 1.75724601746 -0.548251986504 -11.5825595856 1.75744903088 -0.548357725143 -11.5825796127 1.75766205788 -0.548458099365 -11.5825595856 1.75787699223 -0.548550724983 -11.5825099945 1.7580909729 -0.548633396626 -11.5811395645 1.75885295868 -0.548621714115 -11.5824203491 1.75829803944 -0.54870390892 -11.5823001862 1.75849294662 -0.548760712147 -11.5811700821 1.75892794132 -0.548661887646 -11.5821504593 1.7586710453 -0.548802316189 -11.5819797516 1.75882697105 -0.548827588558 -11.5817804337 1.75895905495 -0.548836171627 -11.5811796188 1.75900697708 -0.548700213432 -11.5810699463 1.75931894779 -0.548813581467 -11.5811195374 1.75924599171 -0.548793077469 -11.5811500549 1.75916898251 -0.548766791821 -11.580909729 1.75946199894 -0.548836112022 -11.5809497833 1.75943899155 -0.548835098743 -11.5810098648 1.75938403606 -0.548827826977 -11.5811700821 1.7590880394 -0.548735499382 -11.5859498978 1.76015901566 -0.550462007523 -11.5857410431 1.76162219048 -0.551066279411 -11.585729599 1.76013100147 -0.550391376019 -11.5857048035 1.76162171364 -0.551057219505 -11.5854997635 1.76013600826 -0.550334572792 -11.585269928 1.76017594337 -0.550293028355 -11.5899496078 1.7609770298 -0.551870584488 -11.5858383179 1.76168143749 -0.551118969917 -11.5857753754 1.76162087917 -0.551110506058 -11.5856533051 1.76163434982 -0.551050424576 -11.5850496292 1.76024794579 -0.550267577171 -11.5848398209 1.76035094261 -0.550258994102 -11.5855836868 1.76168930531 -0.551057159901 -11.5809803009 1.762575984 -0.550258874893 -11.585849762 1.76170516014 -0.551131784916 -11.585849762 1.76177442074 -0.55116468668 -11.5901603699 1.76103794575 -0.551953196526 -11.5903501511 1.7611310482 -0.552045881748 -11.5905303955 1.76125299931 -0.552146315575 -11.5906801224 1.76140105724 -0.55225199461 -11.5908002853 1.76157200336 -0.552360415459 -11.5858316422 1.76181900501 -0.551179349422 -11.5897703171 1.76581299305 -0.554005920887 -11.5898103714 1.76587104797 -0.554042875767 -11.5996236801 1.77686464787 -0.561552047729 -11.585559845 1.76174199581 -0.551074981689 -11.585559845 1.76178991795 -0.55109578371 -11.5817699432 1.76394402981 -0.551080882549 -11.5818099976 1.76399898529 -0.551116108894 -11.5855894089 1.76185178757 -0.551130115986 -11.5896730423 1.76572501659 -0.553961694241 -11.5857973099 1.76185333729 -0.551186919212 -11.5818595886 1.76404702663 -0.551150500774 -11.5819196701 1.76408696175 -0.551182985306 -11.5820503235 1.76413702965 -0.551240086555 -11.5819797516 1.76411700249 -0.551213085651 -11.5856189728 1.76187503338 -0.551148056984 -11.5857563019 1.76188135147 -0.551190674305 -11.5856628418 1.76189434528 -0.551169812679 -11.5857095718 1.76189219952 -0.551189601421 -11.5895204544 1.76566803455 -0.553875505924 -11.5895996094 1.76568901539 -0.553903698921 -11.6140480042 1.80702722073 -0.578905344009 -11.6121397018 1.8045539856 -0.577293992043 -11.5995006561 1.77695286274 -0.561573624611 -11.5994997025 1.77697396278 -0.561568677425 -11.59948349 1.77697575092 -0.561598300934 -11.5995330811 1.7769163847 -0.561551511288 -11.5995121002 1.77693963051 -0.561553418636 -11.5995883942 1.77687561512 -0.561548709869 -11.5994997025 1.77705395222 -0.561604678631 -11.5995044708 1.77706956863 -0.561613976955 -11.5995559692 1.77689683437 -0.561541616917 -11.5995101929 1.77708494663 -0.561626195908 -11.6163702011 1.80587303638 -0.57898837328 -11.6141395569 1.80701160431 -0.578922569752 -11.5997486115 1.77707731724 -0.561679780483 -11.6140995026 1.80701315403 -0.578911006451 -11.5997266769 1.77709794044 -0.561684072018 -11.5995531082 1.77711880207 -0.561647891998 -11.5996990204 1.77711975574 -0.561685860157 -11.5996389389 1.77713704109 -0.561679661274 -11.5995950699 1.77713704109 -0.561667323112 -11.6121702194 1.80461895466 -0.577331006527 -11.6121902466 1.80468904972 -0.577367126942 -11.6121997833 1.80476105213 -0.577401518822 -11.6121902466 1.80483496189 -0.577433109283 -11.6121702194 1.80490803719 -0.57746142149 -11.6139602661 1.80713224411 -0.578930258751 -11.6097602844 1.81214499474 -0.580096423626 -11.6139802933 1.80708503723 -0.578915417194 -11.6164598465 1.80606305599 -0.579096794128 -11.6142492294 1.807087183 -0.578984618187 -11.6142196655 1.80705499649 -0.578962683678 -11.6141986847 1.80702328682 -0.578969061375 -11.6165103912 1.8062659502 -0.579202473164 -11.6165304184 1.80647802353 -0.57930290699 -11.6165103912 1.80669403076 -0.579395473003 -11.6164598465 1.80690801144 -0.579478085041 -11.6151695251 1.81077599525 -0.580886483192 -11.6142263412 1.80721890926 -0.579037189484 -11.6142501831 1.80716598034 -0.579019188881 -11.6139612198 1.80718505383 -0.578949332237 -11.6139965057 1.80725133419 -0.57899159193 -11.6141576767 1.80727243423 -0.579043447971 -11.6097402573 1.81221497059 -0.580123186111 -11.6140632629 1.80728459358 -0.579024910927 -11.6105899811 1.81386804581 -0.58108907938 -11.6097898483 1.81248104572 -0.580255389214 -11.6097583771 1.81241679192 -0.580220997334 -11.6097402573 1.81228494644 -0.580153286457 -11.614109993 1.80728518963 -0.579038143158 -11.6144399643 1.81164395809 -0.581089317799 -11.6150798798 1.81098294258 -0.580956995487 -11.6149597168 1.81117796898 -0.581013917923 -11.6148099899 1.81135594845 -0.581055521965 -11.6146402359 1.81151199341 -0.581080794334 -11.6138696671 1.81555199623 -0.582700073719 -11.6146097183 1.81479895115 -0.582553803921 -11.614859581 1.8147649765 -0.582604885101 -11.6139097214 1.81561005116 -0.582737088203 -11.6151103973 1.81477296352 -0.582674086094 -11.61536026 1.81482303143 -0.58275949955 -11.6143598557 1.81487298012 -0.582522571087 -11.6155796051 1.81491196156 -0.582858383656 -11.6138095856 1.81550097466 -0.582664012909 -11.6141195297 1.81498599052 -0.582512021065 -11.6157798767 1.81503903866 -0.582967817783 -11.6136903763 1.81542801857 -0.582597970963 -11.6136198044 1.81540703773 -0.582569777966 -11.6135396957 1.81539702415 -0.582545697689 -11.6134595871 1.81539905071 -0.58252620697 -11.6133804321 1.8154129982 -0.582512021065 -11.6137504578 1.81545901299 -0.582629680634 -11.6159496307 1.81519901752 -0.583084523678 -11.6160898209 1.81538796425 -0.583204805851 -11.61577034 1.81883704662 -0.584676384926 -11.6170597076 1.81707799435 -0.584220588207 -11.6171598434 1.81728994846 -0.58434087038 -11.6172103882 1.81751799583 -0.58445751667 -11.6172199249 1.8177549839 -0.584566891193 -11.617190361 1.81799399853 -0.584665775299 -11.6157903671 1.81887495518 -0.584698677063 -11.6171102524 1.81822896004 -0.58475112915 -11.6169900894 1.81845104694 -0.584820389748 -11.6158103943 1.81895005703 -0.584738790989 -11.6168298721 1.81865394115 -0.584871411324 -11.6166400909 1.81883299351 -0.584902584553 -11.6164302826 1.81897997856 -0.58491307497 -11.615819931 1.81902897358 -0.58477717638 -11.6155900955 1.81946098804 -0.584912002087 -11.6156597137 1.81940495968 -0.584904670715 -11.6155595779 1.81947994232 -0.58491307497 -11.6157197952 1.81933999062 -0.584890604019 -11.61577034 1.8192679882 -0.584870100021 -11.6157999039 1.81919002533 -0.584843814373 -11.615819931 1.8191100359 -0.584812521935 11.4905700684 1.58230102062 -0.54884147644 11.4905700684 1.58136200905 -0.548840522766 11.4905700684 1.58132004738 -0.54884147644 11.4905796051 1.58144903183 -0.548833072186 11.4906101227 1.5815320015 -0.548819005489 11.4951601028 1.58154296875 -0.546453773975 11.49518013 1.58230102062 -0.546440422535 11.49518013 1.5814729929 -0.546440422535 11.490650177 1.5816090107 -0.548798501492 11.4951200485 1.58161199093 -0.54647308588 11.4906997681 1.58167600632 -0.548772215843 11.4950704575 1.58167397976 -0.546497285366 11.4950199127 1.58172702789 -0.546525478363 11.4907598495 1.58173298836 -0.548740923405 11.4949598312 1.58176994324 -0.546557426453 11.4908304214 1.58177804947 -0.54870557785 11.4951696396 1.58253598213 -0.546448886395 11.494890213 1.58180105686 -0.546591818333 11.4909000397 1.581807971 -0.548667192459 11.4948196411 1.58182001114 -0.546628177166 11.4950399399 1.58298194408 -0.546515822411 11.4951200485 1.58276498318 -0.546474277973 11.4906301498 1.58276498318 -0.548807621002 11.4909801483 1.58182394505 -0.548627018929 11.4905796051 1.58253598213 -0.548832893372 11.4947500229 1.5818259716 -0.546665370464 11.4949302673 1.58318305016 -0.546572625637 11.4907102585 1.58298194408 -0.548765897751 11.490819931 1.58318305016 -0.548709213734 11.4910202026 1.5818259716 -0.548604786396 11.491900444 1.58380103111 -0.548148691654 11.4938497543 1.58380103111 -0.547132909298 11.4940595627 1.58378303051 -0.547024607658 11.4942598343 1.58372795582 -0.546918928623 11.4944496155 1.58363699913 -0.546818494797 11.4946298599 1.58351397514 -0.546725809574 11.4947900772 1.5833619833 -0.546643197536 11.4911203384 1.58351504803 -0.548555910587 11.4912900925 1.5836379528 -0.548463225365 11.4909601212 1.5833619833 -0.54863858223 11.4914903641 1.58372795582 -0.548362791538 11.491689682 1.58378303051 -0.548257112503 11.4987802505 1.57982599735 -0.542764723301 11.4988098145 1.5798740387 -0.542747795582 11.4986400604 1.57982599735 -0.542835474014 11.498840332 1.57983195782 -0.542729318142 11.4989099503 1.57984995842 -0.542694807053 11.4989995956 1.57996404171 -0.542647302151 11.4989700317 1.57987904549 -0.542662024498 11.4990301132 1.57992005348 -0.542631804943 11.4990797043 1.57996797562 -0.542605578899 11.4991798401 1.58008694649 -0.542554676533 11.4992103577 1.58011198044 -0.542539417744 11.5009899139 1.58280897141 -0.541612029076 11.4987897873 1.58528101444 -0.542756319046 11.5010299683 1.58275604248 -0.541590809822 11.4987201691 1.58537101746 -0.542794883251 11.5079202652 1.58992803097 -0.538006007671 11.5077896118 1.58979201317 -0.538072407246 11.5077695847 1.5897589922 -0.538083970547 11.507900238 1.58999300003 -0.538015723228 11.5079603195 1.58998596668 -0.537983179092 11.5080003738 1.59005105495 -0.537964701653 11.5079803467 1.59021103382 -0.537974119186 11.508020401 1.59012198448 -0.537951171398 11.5080404282 1.59019601345 -0.537942886353 11.5080404282 1.59027194977 -0.537940084934 11.5080299377 1.59043896198 -0.537948727608 11.5080404282 1.5906740427 -0.537940084934 11.5080499649 1.69835197926 -0.537935495377 11.5080404282 1.6981600523 -0.537944078445 11.5080499649 1.69792497158 -0.537935495377 11.5079898834 1.69838905334 -0.537969529629 11.5080499649 1.69842803478 -0.537938296795 11.5080299377 1.69850301743 -0.537946581841 11.5079097748 1.69860601425 -0.538011014462 11.5080003738 1.69857299328 -0.537960112095 11.5079698563 1.69863903522 -0.537978470325 11.5079202652 1.69869697094 -0.538001477718 11.5078001022 1.69880700111 -0.538067817688 11.5060195923 1.70084905624 -0.538994908333 11.5076599121 1.69898605347 -0.538138389587 11.5059700012 1.7008960247 -0.539020180702 11.5010004044 1.70650601387 -0.541606724262 11.4993495941 1.70836102962 -0.542466580868 11.5010404587 1.70645201206 -0.541585087776 11.4990901947 1.70865797997 -0.542600095272 11.4991903305 1.70851397514 -0.542549312115 11.4990100861 1.70863699913 -0.542641878128 11.49903965 1.70870697498 -0.542626976967 11.4989795685 1.7087470293 -0.542657077312 11.4988203049 1.70872700214 -0.542742311954 11.4987897873 1.70880103111 -0.542759180069 11.4986200333 1.70878195763 -0.54284799099 11.4988498688 1.70879399776 -0.542724013329 11.4989204407 1.70877695084 -0.542689681053 11.4984102249 1.70880103111 -0.542956411839 11.4850997925 1.70851504803 -0.549883425236 11.4852199554 1.70865905285 -0.549820780754 11.4850702286 1.70849096775 -0.549898386002 11.4852800369 1.7086379528 -0.549790680408 11.4852695465 1.70870900154 -0.54979377985 11.4854698181 1.70872795582 -0.549690306187 11.4853897095 1.70877802372 -0.549730598927 11.485329628 1.70874905586 -0.549763381481 11.4856700897 1.70878303051 -0.549584686756 11.4855298996 1.70880198479 -0.549661695957 11.4854602814 1.70879602432 -0.549696028233 11.4858798981 1.70880198479 -0.549476325512 11.4300403595 1.70836699009 -0.578543484211 11.4345903397 1.70324599743 -0.576179027557 11.4346704483 1.70316100121 -0.576136827469 11.4297895432 1.70866394043 -0.578677177429 11.429889679 1.70852005482 -0.578626215458 11.4297103882 1.70864295959 -0.578718781471 11.4297399521 1.70871400833 -0.578703999519 11.4296798706 1.70875394344 -0.578734099865 11.4295101166 1.70873296261 -0.578819274902 11.429479599 1.70880699158 -0.578836202621 11.429309845 1.7087880373 -0.578924894333 11.4295501709 1.70880103111 -0.578800976276 11.4296197891 1.70878303051 -0.578766703606 11.4291000366 1.70880699158 -0.579033315182 11.4212703705 1.58230805397 -0.584918498993 11.4212703705 1.58136796951 -0.584917485714 11.4212703705 1.58133399487 -0.584918498993 11.4212799072 1.58145499229 -0.584910213947 11.4213104248 1.58153796196 -0.584896087646 11.4258499146 1.58155202866 -0.582531511784 11.4258804321 1.58230698109 -0.582517325878 11.4258804321 1.58147799969 -0.582517385483 11.4213495255 1.58161497116 -0.584875524044 11.4258098602 1.58162105083 -0.582551002502 11.4214000702 1.58168196678 -0.584849178791 11.4257698059 1.58168196678 -0.582575082779 11.4257097244 1.58173394203 -0.582603275776 11.4214601517 1.58173894882 -0.584817886353 11.4256496429 1.58177602291 -0.582634985447 11.4215297699 1.58178400993 -0.584782600403 11.425860405 1.5825419426 -0.582525908947 11.4255895615 1.58180701733 -0.582669317722 11.4216003418 1.58181500435 -0.584744274616 11.4255199432 1.5818259716 -0.582705378532 11.4257297516 1.58298802376 -0.582592785358 11.4258098602 1.58277094364 -0.582551300526 11.4212799072 1.5825419426 -0.584909915924 11.421330452 1.58277094364 -0.584884524345 11.4216804504 1.58183002472 -0.584704101086 11.425450325 1.58183205128 -0.582742393017 11.425620079 1.58318901062 -0.582649588585 11.4214096069 1.58298897743 -0.584842920303 11.4215202332 1.58318901062 -0.584786117077 11.4217195511 1.58183300495 -0.584681808949 11.425330162 1.58352100849 -0.582802772522 11.4254903793 1.58336794376 -0.582720220089 11.4247503281 1.58378899097 -0.583101570606 11.4249601364 1.58373403549 -0.582995891571 11.4251499176 1.58364403248 -0.58289539814 11.4225997925 1.58380699158 -0.584225714207 11.4245500565 1.58380699158 -0.583209872246 11.4219903946 1.58364403248 -0.584540188313 11.4221801758 1.58373403549 -0.584439814091 11.4218101501 1.58352100849 -0.584632873535 11.4216499329 1.58336794376 -0.584715485573 11.4223899841 1.58378899097 -0.584334015846 11.4070701599 1.59000194073 -0.59050399065 11.4070701599 1.58993697166 -0.590502023697 11.4071502686 1.58985602856 -0.590464770794 11.4070301056 1.58999502659 -0.590524971485 11.406999588 1.59006094933 -0.590543627739 11.4069900513 1.59021997452 -0.590545594692 11.4069700241 1.59013199806 -0.590557098389 11.4069499969 1.59020698071 -0.59056520462 11.4069499969 1.59028100967 -0.590567886829 11.4069499969 1.59040904045 -0.590567886829 11.4068202972 1.69465899467 -0.590632796288 11.4067697525 1.69460594654 -0.590661406517 11.4069299698 1.66418004036 -0.590576410294 11.406709671 1.69456398487 -0.590693473816 11.4066400528 1.69453299046 -0.590728282928 11.4069004059 1.66425096989 -0.590589821339 11.4069299698 1.69486296177 -0.590574979782 11.4069099426 1.69479000568 -0.59058880806 11.4068698883 1.69472098351 -0.590608298779 11.4068698883 1.66431999207 -0.590609073639 11.4068202972 1.6643819809 -0.590633273125 11.4067697525 1.66443502903 -0.590661585331 11.406709671 1.6644769907 -0.590693414211 11.4066400528 1.664509058 -0.590727806091 11.4065704346 1.66452801228 -0.590764224529 11.4064998627 1.66453397274 -0.590801477432 11.4047203064 1.66453397274 -0.591724872589 11.4065704346 1.69451498985 -0.59076499939 11.4046602249 1.66454005241 -0.591760098934 11.4042901993 1.66502094269 -0.591949999332 11.404299736 1.66494500637 -0.591947197914 11.4043102264 1.6648709774 -0.591938972473 11.4043397903 1.66480004787 -0.591925382614 11.4043703079 1.6647349596 -0.591907024384 11.404419899 1.66467702389 -0.591884076595 11.4044704437 1.66462695599 -0.591857194901 11.404589653 1.66455805302 -0.591794490814 11.4045295715 1.66458702087 -0.591827094555 11.4042901993 1.69402205944 -0.59194868803 11.404299736 1.69409799576 -0.591945886612 11.4043197632 1.69417202473 -0.591937720776 11.4043397903 1.69424295425 -0.591924190521 11.4043798447 1.69430804253 -0.591905713081 11.4064998627 1.69450902939 -0.590800225735 11.404419899 1.69436597824 -0.591882824898 11.4044704437 1.69441604614 -0.591856002808 11.4045295715 1.69445598125 -0.591825902462 11.404589653 1.69448494911 -0.591793179512 11.4047298431 1.69450902939 -0.591723680496 11.4046602249 1.69450294971 -0.591758906841 11.4069299698 1.65966296196 -0.590576529503 11.4069004059 1.62905097008 -0.590591311455 11.4069299698 1.62898004055 -0.5905777812 11.4068698883 1.62911999226 -0.590610682964 11.4068202972 1.62918198109 -0.590634822845 11.4067602158 1.62923502922 -0.590663075447 11.4067001343 1.62927699089 -0.590694904327 11.4066400528 1.62930905819 -0.590729415417 11.4065704346 1.62932801247 -0.590765714645 11.4069004059 1.6595890522 -0.590590715408 11.4068698883 1.65952003002 -0.590610206127 11.4068202972 1.65945899487 -0.590634286404 11.4067602158 1.65940594673 -0.590662479401 11.4067001343 1.65936505795 -0.590694189072 11.4066400528 1.65933394432 -0.590728521347 11.4065704346 1.65931499004 -0.590764582157 11.4064998627 1.62933397293 -0.590803027153 11.4042901993 1.65882194042 -0.591950297356 11.4042901993 1.62982201576 -0.591951370239 11.4064998627 1.65930902958 -0.590801596642 11.4047203064 1.62933397293 -0.591726481915 11.4046497345 1.62934195995 -0.591765522957 11.404299736 1.62973701954 -0.591948091984 11.4043197632 1.62965500355 -0.59193789959 11.4043502808 1.62957799435 -0.591921329498 11.4045696259 1.62936401367 -0.591803371906 11.4044399261 1.62944805622 -0.591871082783 11.4045095444 1.62939894199 -0.591838896275 11.4043903351 1.62950801849 -0.591898798943 11.404299736 1.65890598297 -0.591946780682 11.4043197632 1.65898799896 -0.591936588287 11.4043502808 1.65906500816 -0.591920077801 11.4043903351 1.65913498402 -0.59189748764 11.4044504166 1.65919494629 -0.591869771481 11.4045095444 1.65924394131 -0.591837704182 11.4045801163 1.65927898884 -0.591802120209 11.4047203064 1.65930902958 -0.591725170612 11.4046497345 1.65930104256 -0.591764271259 11.4069299698 1.62446296215 -0.590578079224 11.406920433 1.59379696846 -0.59058201313 11.406920433 1.59378004074 -0.590579390526 11.4068899155 1.59387803078 -0.590599477291 11.4068403244 1.59395098686 -0.59062319994 11.4067897797 1.59401404858 -0.590652287006 11.4067201614 1.59406495094 -0.59068608284 11.4066495895 1.59410297871 -0.590723514557 11.4065704346 1.5941259861 -0.590763270855 11.4068603516 1.62432003021 -0.590611577034 11.4068202972 1.62425899506 -0.59063577652 11.4067602158 1.62420701981 -0.590664029121 11.4067001343 1.62416398525 -0.590695679188 11.4069004059 1.62438797951 -0.590592205524 11.4066400528 1.62413394451 -0.590730011463 11.4065704346 1.62411499023 -0.590766072273 11.4064903259 1.59413397312 -0.59080439806 11.4064998627 1.62410902977 -0.590803205967 11.4042901993 1.62362098694 -0.591951727867 11.4042901993 1.59462094307 -0.591952979565 11.4047203064 1.59413397312 -0.591727972031 11.4042901993 1.59454894066 -0.59195047617 11.4046497345 1.5941400528 -0.59176337719 11.4043302536 1.59440302849 -0.591929078102 11.4043703079 1.59433698654 -0.591910719872 11.4043102264 1.59447395802 -0.591942489147 11.4045801163 1.5941580534 -0.591797888279 11.4045200348 1.59418797493 -0.591830670834 11.4044599533 1.59422802925 -0.591860890388 11.4044103622 1.59427797794 -0.591887772083 11.4042901993 1.62369394302 -0.591949224472 11.4043102264 1.62376904488 -0.591940999031 11.4043302536 1.62384104729 -0.591927587986 11.4043703079 1.62390697002 -0.591908991337 11.404419899 1.62396597862 -0.59188580513 11.4044704437 1.62401604652 -0.591858625412 11.4045295715 1.62405705452 -0.591828107834 11.404589653 1.62408602238 -0.591795027256 11.4047203064 1.62410902977 -0.591726720333 11.4046602249 1.6241029501 -0.591760218143 11.406999588 1.69839799404 -0.590541005135 11.4069595337 1.69836103916 -0.590563297272 11.4069595337 1.69820797443 -0.590563297272 11.4069595337 1.69843804836 -0.590560495853 11.4070796967 1.69861495495 -0.590499401093 11.406999588 1.69858300686 -0.590538799763 11.4069795609 1.69851195812 -0.590552210808 11.4070396423 1.69864797592 -0.590520322323 11.4071903229 1.69881594181 -0.590442597866 11.4070796967 1.69870603085 -0.590497374535 11.40721035 1.69884896278 -0.590431213379 11.4096002579 1.70085704327 -0.589185476303 11.4117898941 1.69837796688 -0.588044524193 11.4118700027 1.69829499722 -0.588002502918 11.4095497131 1.70090305805 -0.589210093021 11.4158000946 1.70852100849 -0.585960328579 11.4159202576 1.70866501331 -0.585897922516 11.415769577 1.70849704742 -0.585975706577 11.4159698486 1.70864403248 -0.585867702961 11.4159698486 1.70871496201 -0.585870802402 11.4161701202 1.70873403549 -0.585767328739 11.4160900116 1.70878398418 -0.585807681084 11.4160299301 1.70875501633 -0.585840523243 11.4163703918 1.70878899097 -0.585661590099 11.4162197113 1.70880794525 -0.58573871851 11.4161596298 1.70880198479 -0.58577311039 11.4165802002 1.70880794525 -0.585553228855 11.4166603088 1.70866501331 -0.587317109108 11.4165401459 1.70852100849 -0.587379574776 11.4165096283 1.70849704742 -0.587394893169 11.4167098999 1.70864403248 -0.587286889553 11.4167098999 1.70871496201 -0.587289988995 11.4167699814 1.70875501633 -0.587259709835 11.4169101715 1.70873403549 -0.587186515331 11.4169597626 1.70880794525 -0.587158024311 11.4171104431 1.70878899097 -0.587080717087 11.4168996811 1.70880198479 -0.587192296982 11.4168300629 1.70878398418 -0.58722692728 11.4173202515 1.70880794525 -0.586972475052 11.4125299454 1.69837796688 -0.589463710785 11.4103403091 1.70085704327 -0.5906047225 11.412610054 1.69829499722 -0.58942180872 11.4102897644 1.70090305805 -0.590629279613 11.4076900482 1.69836103916 -0.591982483864 11.4077396393 1.69839799404 -0.591960191727 11.4076900482 1.69820797443 -0.591982483864 11.407699585 1.69843804836 -0.591979682446 11.4077100754 1.69851195812 -0.5919713974 11.4078197479 1.69861495495 -0.591918587685 11.4077396393 1.69858300686 -0.591957986355 11.4077796936 1.69864797592 -0.591939508915 11.4078197479 1.69870603085 -0.591916620731 11.4079303741 1.69881594181 -0.591861784458 11.4079504013 1.69884896278 -0.591850280762 11.4073619843 1.66453206539 -0.592160582542 11.4076700211 1.66693401337 -0.5919957757 11.4077224731 1.66424429417 -0.592112779617 11.4050226212 1.66482877731 -0.593354105949 11.4053611755 1.66453480721 -0.593170404434 11.4100227356 1.6709959507 -0.590357124805 11.4122915268 1.66693663597 -0.589581131935 11.4109296799 1.67109596729 -0.590300023556 11.4109325409 1.67202103138 -0.590300023556 11.4129896164 1.68377304077 -0.589224278927 11.4130582809 1.66751146317 -0.589378297329 11.4101810455 1.67202103138 -0.590690135956 11.4101800919 1.67352104187 -0.590687692165 11.4101800919 1.6730209589 -0.590687692165 11.4107074738 1.6730209589 -0.590299904346 11.4109182358 1.67402100563 -0.590299904346 11.4101800919 1.67452096939 -0.590687692165 11.4094867706 1.67709600925 -0.591050922871 11.4101800919 1.67394602299 -0.590687692165 11.4109067917 1.67502105236 -0.590299785137 11.4101800919 1.67409598827 -0.590687692165 11.4101800919 1.67552101612 -0.590687692165 11.4101800919 1.67494595051 -0.590687692165 11.410943985 1.67602097988 -0.590299785137 11.4101800919 1.675096035 -0.590687692165 11.4103708267 1.67602097988 -0.590687572956 11.4109382629 1.67699599266 -0.590299725533 11.4109287262 1.67794597149 -0.590299725533 11.4101867676 1.67802095413 -0.590687572956 11.4109296799 1.67809605598 -0.590299725533 11.4109287262 1.67894601822 -0.590299725533 11.4101953506 1.67902100086 -0.590687513351 11.4109296799 1.67909598351 -0.590299725533 11.4109296799 1.67952096462 -0.590299427509 11.4050312042 1.69409263134 -0.593368828297 11.4101800919 1.68152105808 -0.590687572956 11.4101800919 1.67994594574 -0.590687394142 11.4109296799 1.67994594574 -0.590299606323 11.4109296799 1.68009603024 -0.590299606323 11.4109373093 1.68102097511 -0.590299606323 11.4101800919 1.68009603024 -0.590687394142 11.4102373123 1.68102097511 -0.590687394142 11.4101963043 1.68202102184 -0.590687394142 11.4110889435 1.68202102184 -0.590299487114 11.410943985 1.68302094936 -0.590299487114 11.4101934433 1.68302094936 -0.590687274933 11.4076709747 1.69193398952 -0.591996431351 11.4101896286 1.68402099609 -0.590687274933 11.4110250473 1.68402099609 -0.590299427509 11.4109334946 1.68502092361 -0.590299427509 11.4101839066 1.68502092361 -0.590687274933 11.4101934433 1.68602097034 -0.590687215328 11.4110965729 1.68704581261 -0.590642273426 11.4112157822 1.68602097034 -0.590299427509 11.412984848 1.69121956825 -0.589218556881 11.4101800919 1.68694603443 -0.590687096119 11.4109296799 1.68794596195 -0.5902993083 11.4110660553 1.68809604645 -0.590622723103 11.4101800919 1.68794596195 -0.590687096119 11.407365799 1.69451093674 -0.592164039612 11.4077396393 1.6947953701 -0.5921459198 11.4126272202 1.69191408157 -0.589925765991 11.4053077698 1.69450235367 -0.593285322189 11.4073600769 1.62933206558 -0.592161715031 11.4076690674 1.63180887699 -0.591995120049 11.4076843262 1.62902987003 -0.592030525208 11.4050312042 1.62970232964 -0.59337246418 11.40538311 1.62933766842 -0.593457818031 11.4100074768 1.6357960701 -0.590338170528 11.4109201431 1.63180804253 -0.59030097723 11.4109201431 1.63589596748 -0.590301513672 11.4109125137 1.63782095909 -0.590301394463 11.4123706818 1.63182592392 -0.589340507984 11.412984848 1.63256311417 -0.589219450951 11.4101791382 1.63682103157 -0.590688169003 11.4109201431 1.63674604893 -0.590301513672 11.4109201431 1.63689601421 -0.590301513672 11.4101552963 1.63882100582 -0.590689241886 11.4100227356 1.63782095909 -0.590689241886 11.4108905792 1.63882100582 -0.590301275253 11.4129896164 1.64325857162 -0.589226007462 11.4101610184 1.63982105255 -0.590689182281 11.4109201431 1.63932096958 -0.590301096439 11.4050283432 1.65895712376 -0.593365728855 11.4101734161 1.64082098007 -0.590689122677 11.4109201431 1.6397459507 -0.590301275253 11.4109201431 1.63989603519 -0.590301275253 11.4109048843 1.64082098007 -0.590301275253 11.4109048843 1.6418210268 -0.590301215649 11.4101781845 1.64282107353 -0.590689122677 11.4099912643 1.6418210268 -0.590689122677 11.4109201431 1.64232099056 -0.590301096439 11.4109201431 1.64274597168 -0.590301215649 11.4109201431 1.64289605618 -0.590301096439 11.4109201431 1.64332103729 -0.590301096439 11.4101800919 1.64432096481 -0.590689122677 11.4104156494 1.64382100105 -0.590689003468 11.4109201431 1.64374601841 -0.590301096439 11.4109201431 1.6438959837 -0.590301096439 11.4109201431 1.64432096481 -0.590301096439 11.4076690674 1.65680885315 -0.591994404793 11.4101800919 1.64632105827 -0.590689003468 11.4101800919 1.64474594593 -0.590689003468 11.4109201431 1.64482092857 -0.590301096439 11.410943985 1.6458209753 -0.59030097723 11.4101905823 1.64682102203 -0.590688884258 11.4101800919 1.64489603043 -0.590689003468 11.4101800919 1.6458209753 -0.590689003468 11.4109306335 1.64782094955 -0.59030097723 11.4112024307 1.64682102203 -0.59030097723 11.4101963043 1.64782094955 -0.590688824654 11.4101934433 1.64982104301 -0.590688824654 11.4104309082 1.64882099628 -0.590688824654 11.4111709595 1.64882099628 -0.590300917625 11.4109516144 1.64982104301 -0.590300858021 11.4129896164 1.65119600296 -0.589225649834 11.410941124 1.65082097054 -0.590300798416 11.4102115631 1.65082097054 -0.590688705444 11.4111013412 1.65182089806 -0.590669512749 11.4110956192 1.65289604664 -0.590663433075 11.4111042023 1.65274608135 -0.590672314167 11.4129867554 1.65597712994 -0.589222848415 11.4125299454 1.65678846836 -0.589462280273 11.405298233 1.65930593014 -0.593207240105 11.4078216553 1.65935087204 -0.592375516891 11.4050197601 1.59438145161 -0.593352079391 11.4076633453 1.59668302536 -0.591998517513 11.4074020386 1.59412324429 -0.591999650002 11.4054231644 1.59413433075 -0.593251168728 11.4109201431 1.60162103176 -0.590302884579 11.4129972458 1.59742105007 -0.589244484901 11.4124116898 1.59669113159 -0.58955013752 11.4109067917 1.60062098503 -0.590303003788 11.4101800919 1.60062098503 -0.59069031477 11.4101800919 1.60162103176 -0.590690791607 11.4101867676 1.60362100601 -0.590690553188 11.4101800919 1.60254597664 -0.590690672398 11.4107627869 1.60262095928 -0.590302884579 11.4109277725 1.60362100601 -0.590302824974 11.4101800919 1.60269594193 -0.590690791607 11.4099740982 1.60462105274 -0.59079605341 11.4109125137 1.60462105274 -0.590302824974 11.4109191895 1.60554599762 -0.590302824974 11.4129896164 1.61282706261 -0.589227259159 11.4101867676 1.60562098026 -0.590690612793 11.4109201431 1.60569596291 -0.590302824974 11.4109201431 1.60612094402 -0.590302705765 11.4101800919 1.60712099075 -0.590690672398 11.4102745056 1.60662102699 -0.590690612793 11.4109201431 1.60662102699 -0.590302705765 11.4109201431 1.60712099075 -0.590302526951 11.4101800919 1.60769605637 -0.590690612793 11.4101800919 1.60754597187 -0.590690612793 11.4109201431 1.60754597187 -0.590302705765 11.4109201431 1.60769605637 -0.590302705765 11.4109382629 1.60862100124 -0.590302705765 11.4101924896 1.60862100124 -0.590690493584 11.4109201431 1.609120965 -0.590302407742 11.4101800919 1.61112105846 -0.590690612793 11.4101800919 1.60954594612 -0.590690493584 11.4109201431 1.60954594612 -0.590302586555 11.4109201431 1.60969603062 -0.590302586555 11.4110145569 1.61062097549 -0.590302586555 11.4109220505 1.61162102222 -0.590302586555 11.4101800919 1.60969603062 -0.590690493584 11.4102554321 1.61062097549 -0.590690374374 11.4101839066 1.61162102222 -0.590690374374 11.4109277725 1.61262094975 -0.590302526951 11.4101934433 1.61262094975 -0.59069031477 11.4102087021 1.61362099648 -0.59069031477 11.4112024307 1.61362099648 -0.590302407742 11.4101753235 1.61454594135 -0.59069019556 11.4101781845 1.61469602585 -0.59069019556 11.4101991653 1.61562097073 -0.59069019556 11.410946846 1.61562097073 -0.590302407742 11.4101934433 1.61662101746 -0.59069019556 11.4109287262 1.61662101746 -0.590318381786 11.4129943848 1.62087917328 -0.589237630367 11.4109191895 1.61762106419 -0.590300500393 11.4101762772 1.61762106419 -0.590690076351 11.4076690674 1.62168300152 -0.591996014118 11.4050445557 1.62381792068 -0.593390703201 11.4053621292 1.62410759926 -0.593186378479 11.4073972702 1.62411558628 -0.592077314854 11.4126272202 1.62165474892 -0.589786291122 11.4076662064 1.6244508028 -0.591988801956 11.4078102112 1.58993697166 -0.591921210289 11.4078102112 1.59000194073 -0.591923177242 11.4078798294 1.58985602856 -0.591884016991 11.4077701569 1.58999502659 -0.591944277287 11.4077301025 1.59006094933 -0.591962814331 11.4077301025 1.59021997452 -0.591964781284 11.4077100754 1.59013199806 -0.591976284981 11.4076900482 1.59020698071 -0.591984391212 11.4076900482 1.59028100967 -0.591987073421 11.4076900482 1.59040999413 -0.591987073421 11.4294700623 1.57983195782 -0.578841686249 11.4295101166 1.57987999916 -0.578824818134 11.4293403625 1.57983195782 -0.578912496567 11.4295396805 1.57983803749 -0.578807175159 11.4296102524 1.57985603809 -0.578772425652 11.4296998978 1.57997000217 -0.578724324703 11.4296703339 1.57988500595 -0.578739404678 11.4297304153 1.57992601395 -0.57870900631 11.4297800064 1.57997405529 -0.578682720661 11.4298801422 1.58009302616 -0.578631699085 11.4299097061 1.5801179409 -0.57861661911 11.4168996811 1.57988095284 -0.587191998959 11.4170703888 1.5798330307 -0.587104201317 11.4169502258 1.5798330307 -0.587163507938 11.4168901443 1.57983899117 -0.587198615074 11.4168195724 1.57985699177 -0.587233006954 11.4167098999 1.57997095585 -0.58729237318 11.4167604446 1.57988595963 -0.587265610695 11.4167003632 1.57992601395 -0.58729571104 11.4166498184 1.57997596264 -0.587322473526 11.4165802002 1.58005702496 -0.587359786034 11.4163303375 1.5798330307 -0.585685014725 11.4161596298 1.57988095284 -0.585772812366 11.4162101746 1.5798330307 -0.585744202137 11.4161500931 1.57983899117 -0.585779428482 11.4160804749 1.57985699177 -0.585813820362 11.4160203934 1.57988595963 -0.585846424103 11.4159698486 1.57997095585 -0.585873186588 11.4159603119 1.57992601395 -0.585876524448 11.4159097672 1.57997596264 -0.585903286934 11.4158401489 1.58005702496 -0.585940599442 11.4822301865 1.58673202991 -0.553182721138 11.4878396988 1.58425104618 -0.550264179707 11.487830162 1.57982695103 -0.550264298916 11.4821987152 1.58670413494 -0.553197324276 11.4862604141 1.57982695103 -0.551086425781 11.4861898422 1.5798330307 -0.551121592522 11.4275197983 1.57983195782 -0.581660985947 11.4276800156 1.57987701893 -0.581578195095 11.4302101135 1.57983195782 -0.58026099205 11.4278802872 1.57996594906 -0.581476926804 11.4280595779 1.58008801937 -0.581383287907 11.4282197952 1.58024096489 -0.581299781799 11.4285402298 1.58084094524 -0.581128895283 11.4285898209 1.58107101917 -0.581103205681 11.4283504486 1.58042097092 -0.581228494644 11.4284601212 1.58062195778 -0.581170976162 11.4293203354 1.5845259428 -0.580726981163 11.4302797318 1.57983803749 -0.580226421356 11.429268837 1.5845246315 -0.580749750137 11.486120224 1.5798510313 -0.551155924797 11.4303503036 1.57985603809 -0.580191671848 11.4860601425 1.57987999916 -0.551188588142 11.4304103851 1.57988500595 -0.58015859127 11.486000061 1.57992005348 -0.551218688488 11.4304704666 1.57992601395 -0.580128192902 11.48595047 1.57997000217 -0.551245510578 11.4305200577 1.57997405529 -0.580101907253 11.4821243286 1.58667743206 -0.553254008293 11.4821596146 1.58668339252 -0.553218007088 11.480890274 1.5856770277 -0.553880512714 11.4820699692 1.58669281006 -0.553265273571 11.429350853 1.5845375061 -0.580710589886 11.4293966293 1.58457362652 -0.5806863904 11.4355802536 1.58568096161 -0.57746642828 11.428609848 1.58130705357 -0.581094503403 11.4292192459 1.58455002308 -0.580777347088 11.428609848 1.58425700665 -0.581094384193 11.429189682 1.58457803726 -0.58079212904 11.4822587967 1.58679592609 -0.553167521954 11.4878196716 1.58448600769 -0.550272703171 11.4286298752 1.58449101448 -0.581085920334 11.4291582108 1.5846414566 -0.580802440643 11.4877700806 1.58471500874 -0.550298094749 11.4286804199 1.58472001553 -0.581060528755 11.4291582108 1.58470141888 -0.580804109573 11.4356298447 1.58573198318 -0.577438771725 11.4357595444 1.58580601215 -0.577372610569 11.4356899261 1.58577501774 -0.577407002449 11.4294214249 1.58462154865 -0.580677092075 11.4358301163 1.58582496643 -0.577336192131 11.4294204712 1.58464801311 -0.580670773983 11.4294300079 1.58467400074 -0.580669701099 11.4294023514 1.58472955227 -0.580647587776 11.4326496124 1.58880698681 -0.578993201256 11.4876899719 1.58493196964 -0.550339698792 11.4287595749 1.58493804932 -0.581018924713 11.429189682 1.58477044106 -0.58079379797 11.4294013977 1.58477044106 -0.580685853958 11.4288702011 1.58513796329 -0.580962121487 11.4292211533 1.58479905128 -0.580776870251 11.4293680191 1.58479917049 -0.580700755119 11.4322395325 1.58873295784 -0.579207181931 11.4324398041 1.58878803253 -0.579101502895 11.4317102432 1.58836698532 -0.579482972622 11.4318704605 1.58852005005 -0.57940030098 11.4320402145 1.58864295483 -0.579307615757 11.4293270111 1.58482098579 -0.580724060535 11.4289999008 1.58531701565 -0.580891489983 11.4292802811 1.58482241631 -0.580780267715 11.4875802994 1.5851329565 -0.550396382809 11.487449646 1.58531200886 -0.550467014313 11.4847402573 1.58836305141 -0.551875412464 11.4820413589 1.58671462536 -0.553280711174 11.4820070267 1.58676481247 -0.553306758404 11.4808301926 1.58572900295 -0.553908824921 11.4807701111 1.58577096462 -0.553940415382 11.4807100296 1.58580195904 -0.553974688053 11.4806404114 1.58582103252 -0.554010927677 11.4805698395 1.58582699299 -0.554047882557 11.4358997345 1.5858310461 -0.577298998833 11.4819898605 1.58682799339 -0.553304970264 11.482000351 1.58680200577 -0.553303897381 11.4822597504 1.58685672283 -0.553167164326 11.482000351 1.5868550539 -0.553303897381 11.482000351 1.58687996864 -0.553300797939 11.4820098877 1.58690404892 -0.55329567194 11.48458004 1.58851504326 -0.551957905293 11.4822301865 1.58692467213 -0.553182125092 11.4843997955 1.58863794804 -0.552050709724 11.4820404053 1.58694243431 -0.553278267384 11.4842100143 1.58872902393 -0.552151024342 11.4821987152 1.58695292473 -0.553197801113 11.4837999344 1.58880198002 -0.552365124226 11.4840097427 1.58878302574 -0.552256703377 11.4820699692 1.58696436882 -0.553264915943 11.4821596146 1.58697366714 -0.553217828274 11.4821252823 1.58697986603 -0.553252637386 11.4856300354 1.57982695103 -0.549607992172 11.4854602814 1.57987499237 -0.549695789814 11.4855203629 1.57982695103 -0.549667179585 11.485449791 1.5798330307 -0.54970240593 11.4853801727 1.5798510313 -0.54973679781 11.4853200912 1.57987999916 -0.549769282341 11.4852695465 1.57996499538 -0.54979622364 11.4852600098 1.57992005348 -0.549799382687 11.4852104187 1.57997000217 -0.549826323986 11.4851398468 1.58004999161 -0.549863398075 11.4993801117 1.57982599735 -0.544254779816 11.4995498657 1.5798740387 -0.544167101383 11.4995203018 1.57982599735 -0.544184029102 11.4995803833 1.57983195782 -0.544148504734 11.4995803833 1.57988703251 -0.544149518013 11.4996500015 1.57984995842 -0.544113993645 11.499710083 1.57987904549 -0.54408121109 11.4997396469 1.57996404171 -0.544066607952 11.4997701645 1.57992005348 -0.544050991535 11.4997701645 1.57998299599 -0.544049918652 11.4998197556 1.57996797562 -0.544024825096 11.4999198914 1.58008694649 -0.543973922729 11.4999504089 1.58011198044 -0.543958604336 11.4995298386 1.58528101444 -0.544175505638 11.5017299652 1.58280897141 -0.543031096458 11.5017700195 1.58275604248 -0.543009877205 11.4994602203 1.58537101746 -0.544214129448 11.5085296631 1.58979201317 -0.539491713047 11.5086603165 1.58992803097 -0.539425313473 11.5085096359 1.5897589922 -0.539503216743 11.5086402893 1.58999300003 -0.539434909821 11.5087003708 1.58998596668 -0.53940230608 11.5087404251 1.59005105495 -0.539384007454 11.5087203979 1.59021103382 -0.539393305779 11.5087604523 1.59012198448 -0.539370417595 11.5087795258 1.59019601345 -0.539362072945 11.5087795258 1.59027194977 -0.539359390736 11.508769989 1.59043896198 -0.5393679142 11.5087795258 1.5906740427 -0.539359390736 11.5071077347 1.63432383537 -0.540258407593 11.5071258545 1.63436257839 -0.540200173855 11.5087900162 1.63429999352 -0.539357483387 11.5071601868 1.63442504406 -0.540205597878 11.5071697235 1.63448119164 -0.540224552155 11.5071392059 1.63455951214 -0.540256857872 11.5065908432 1.6361989975 -0.540502607822 11.5065937042 1.6362683773 -0.540500402451 11.5071382523 1.63740813732 -0.54022693634 11.5071601868 1.63747298717 -0.540205419064 11.5071601868 1.63752412796 -0.540204703808 11.5087900162 1.65429997444 -0.539356589317 11.5070295334 1.63430094719 -0.540273785591 11.5070581436 1.63459920883 -0.540262460709 11.5060300827 1.63509202003 -0.540792405605 11.506029129 1.6351544857 -0.540791749954 11.5070352554 1.6373488903 -0.540270507336 11.5070896149 1.63736617565 -0.540246605873 11.5068950653 1.63440537453 -0.540328085423 11.5069217682 1.63435769081 -0.540335416794 11.505106926 1.63431286812 -0.54128921032 11.5069665909 1.63431572914 -0.540307939053 11.5049600601 1.63434898853 -0.541347205639 11.5048303604 1.63440895081 -0.54141408205 11.5047197342 1.6344909668 -0.541475892067 11.5068883896 1.6344512701 -0.540336191654 11.5058946609 1.63497173786 -0.540862858295 11.5059490204 1.63497960567 -0.540845990181 11.5059938431 1.63500344753 -0.540828347206 11.5068998337 1.63450348377 -0.540339291096 11.505771637 1.63507449627 -0.5409309268 11.5058355331 1.63500320911 -0.540950596333 11.5046100616 1.63459300995 -0.541531026363 11.5069026947 1.63455796242 -0.540277898312 11.5069961548 1.63460016251 -0.540279328823 11.5045204163 1.63471198082 -0.541578114033 11.5044498444 1.63484597206 -0.541615903378 11.5043897629 1.63499104977 -0.541643619537 11.504360199 1.63514399529 -0.541660487652 11.5057706833 1.63517320156 -0.540927231312 11.5043497086 1.63530004025 -0.541666209698 11.5057983398 1.6352404356 -0.540874838829 11.5059976578 1.63523483276 -0.54082351923 11.506526947 1.63610696793 -0.540578961372 11.5065698624 1.6361540556 -0.540513813496 11.5064506531 1.63610231876 -0.540605485439 11.5059547424 1.63526022434 -0.540827453136 11.5058498383 1.63526296616 -0.540883898735 11.5063905716 1.63612604141 -0.54060280323 11.5063562393 1.6361579895 -0.540620684624 11.5058937073 1.63527309895 -0.540838301182 11.5063610077 1.63633668423 -0.540636777878 11.5063314438 1.63627493382 -0.540639638901 11.5043497086 1.65330004692 -0.541665375233 11.5046386719 1.64979600906 -0.541514396667 11.5068902969 1.63750004768 -0.540342926979 11.5064067841 1.63638305664 -0.540606677532 11.5068998337 1.63755118847 -0.540337085724 11.5063295364 1.63622403145 -0.540635108948 11.5069913864 1.63735473156 -0.540302455425 11.5065784454 1.63631165028 -0.540488541126 11.5065450668 1.63635921478 -0.540489554405 11.5069246292 1.63743066788 -0.540368318558 11.5069265366 1.63739645481 -0.540330290794 11.5064916611 1.63639521599 -0.540531396866 11.50644207 1.63640105724 -0.540558040142 11.5071325302 1.63759195805 -0.540218055248 11.5048809052 1.64972364902 -0.541391015053 11.5047578812 1.64966917038 -0.54145270586 11.506934166 1.63760745525 -0.540332734585 11.5046663284 1.64972496033 -0.541497468948 11.5047111511 1.64968597889 -0.54147541523 11.5070886612 1.63763201237 -0.540244102478 11.5069932938 1.63764584064 -0.540289402008 11.5070419312 1.63764894009 -0.54026812315 11.5048065186 1.64967215061 -0.541429877281 11.5048484802 1.64969396591 -0.541407763958 11.5049123764 1.64978981018 -0.541382014751 11.5049123764 1.64984381199 -0.54138058424 11.5046396255 1.64984500408 -0.541514217854 11.5046625137 1.64991021156 -0.541493535042 11.5048856735 1.64991009235 -0.541392922401 11.5047082901 1.64995229244 -0.541467368603 11.5048246384 1.64996004105 -0.541419923306 11.5052404404 1.65429997444 -0.541203677654 11.5047645569 1.64996910095 -0.541450023651 11.5047197342 1.65410900116 -0.541474997997 11.5051002502 1.65428805351 -0.541275918484 11.5049695969 1.65425097942 -0.541346371174 11.5048398972 1.65419101715 -0.54141330719 11.5043296814 1.65361869335 -0.541573286057 11.5045204163 1.65388798714 -0.541577219963 11.5046100616 1.65400695801 -0.541530191898 11.508769989 1.6981600523 -0.539363324642 11.5087900162 1.69835197926 -0.539354801178 11.5087900162 1.69792497158 -0.539354801178 11.5087299347 1.69838905334 -0.539388716221 11.5087900162 1.69842803478 -0.539357483387 11.508649826 1.69860601425 -0.539430201054 11.5087404251 1.69857299328 -0.539379298687 11.508769989 1.69850301743 -0.539365828037 11.5087099075 1.69863903522 -0.539397716522 11.5085401535 1.69880700111 -0.539487123489 11.5086603165 1.69869697094 -0.539420723915 11.5083999634 1.69898605347 -0.53955757618 11.5067596436 1.70084905624 -0.540414094925 11.5067100525 1.70089495182 -0.540439128876 11.5000896454 1.70836102962 -0.543885827065 11.5017404556 1.70650601387 -0.543025910854 11.5017795563 1.70645201206 -0.543004274368 11.499830246 1.70865797997 -0.544019281864 11.4999303818 1.70851397514 -0.543968379498 11.4997501373 1.70863699913 -0.544061124325 11.4997797012 1.70870697498 -0.544046103954 11.4995603561 1.70872700214 -0.544161498547 11.4996595383 1.70877695084 -0.54410892725 11.4997196198 1.7087470293 -0.544076323509 11.4993495941 1.70878195763 -0.544267177582 11.4995203018 1.70880103111 -0.544178426266 11.49958992 1.70879495144 -0.544143199921 11.4991502762 1.70880103111 -0.544375479221 11.4919099808 1.7048009634 -0.548143625259 11.4910297394 1.70680105686 -0.548599421978 11.4938602448 1.7048009634 -0.547127783298 11.4947595596 1.70680105686 -0.546660125256 11.4940595627 1.70481801033 -0.547025203705 11.4917097092 1.70481801033 -0.548246204853 11.4942598343 1.70487105846 -0.546918690205 11.4915103912 1.70487105846 -0.548352718353 11.4944601059 1.70495998859 -0.546817421913 11.4913101196 1.70495998859 -0.548453986645 11.4946298599 1.70508301258 -0.546723783016 11.4911298752 1.70508301258 -0.548547506332 11.4947900772 1.70523500443 -0.546640276909 11.4909696579 1.7052359581 -0.54863101244 11.4949302673 1.70541501045 -0.546568870544 11.4909896851 1.70680403709 -0.54862177372 11.4908304214 1.70541501045 -0.548702418804 11.4950399399 1.70561599731 -0.546511471272 11.4907197952 1.70561695099 -0.548759818077 11.4948196411 1.70680701733 -0.546624779701 11.4951200485 1.70583498478 -0.546469390392 11.4909095764 1.70682001114 -0.548662185669 11.4906396866 1.70583498478 -0.548801898956 11.494890213 1.70682501793 -0.546588182449 11.4951696396 1.70606505871 -0.54644370079 11.4905900955 1.70606505871 -0.548827528954 11.4951896667 1.70630097389 -0.546435117722 11.4905796051 1.70630097389 -0.548836171627 11.4908399582 1.70685100555 -0.548700809479 11.4949598312 1.70685601234 -0.546553313732 11.4950199127 1.70689797401 -0.546521306038 11.4950799942 1.70695102215 -0.546492695808 11.4951295853 1.70701301098 -0.546468317509 11.4951601028 1.70708298683 -0.546448707581 11.4951896667 1.70715403557 -0.546435117722 11.4905796051 1.70727002621 -0.548835277557 11.4905900955 1.70718300343 -0.548828184605 11.4905796051 1.70730805397 -0.548836112022 11.4906196594 1.70709896088 -0.548814296722 11.4906597137 1.70702195168 -0.548793911934 11.4907102585 1.70695304871 -0.548767626286 11.49077034 1.70689594746 -0.548736274242 11.4805698395 1.70280194283 -0.554042875767 11.4806404114 1.7028080225 -0.554006814957 11.4838104248 1.69980204105 -0.552360415459 11.4807100296 1.70282697678 -0.553970396519 11.4861345291 1.70416402817 -0.551146924496 11.4840202332 1.69982004166 -0.55225199461 11.4860963821 1.70419287682 -0.551168680191 11.4661483765 1.69980287552 -0.561552405357 11.432800293 1.70232796669 -0.578914701939 11.432808876 1.70235538483 -0.578906178474 11.4659013748 1.6998039484 -0.56168025732 11.4326601028 1.69980597496 -0.57898837328 11.4327697754 1.70228970051 -0.578930318356 11.4327411652 1.70226633549 -0.578948497772 11.4324502945 1.69982504845 -0.579096794128 11.4326686859 1.70225310326 -0.578982174397 11.4327096939 1.7022550106 -0.578962683678 11.4658899307 1.69983506203 -0.561685562134 11.4661598206 1.69983398914 -0.561548471451 11.4842195511 1.69987499714 -0.552146315575 11.4322395325 1.69988000393 -0.579202473164 11.4661598206 1.69988751411 -0.561548292637 11.4658899307 1.69988596439 -0.561684906483 11.4844102859 1.69996500015 -0.552045881748 11.4320497513 1.69997000694 -0.57930290699 11.4659175873 1.69995260239 -0.561673104763 11.4661302567 1.69995641708 -0.561562538147 11.4358682632 1.70280599594 -0.577318012714 11.4659547806 1.69998645782 -0.561655521393 11.4660978317 1.6999849081 -0.561577737331 11.4845895767 1.70008802414 -0.551953196526 11.4318704605 1.70009303093 -0.579395473003 11.4326400757 1.70226204395 -0.57899838686 11.4659833908 1.70000231266 -0.561641693115 11.4660615921 1.7000054121 -0.561601817608 11.4660301208 1.70000994205 -0.561616718769 11.484749794 1.70024096966 -0.551870584488 11.4317102432 1.70024597645 -0.579478085041 11.4326105118 1.70227921009 -0.579013705254 11.4861888885 1.70415234566 -0.551118075848 11.487449646 1.70329105854 -0.550462007523 11.4290103912 1.70329594612 -0.580886483192 11.432551384 1.70237445831 -0.579043865204 11.4325752258 1.70230877399 -0.579021751881 11.4325504303 1.70243024826 -0.579043984413 11.4328107834 1.70245289803 -0.578909635544 11.4355897903 1.70295596123 -0.57746142149 11.4356403351 1.70290505886 -0.577433824539 11.4357004166 1.70286297798 -0.577401995659 11.4357700348 1.70283198357 -0.577367603779 11.4286403656 1.70412194729 -0.581080794334 11.4325799942 1.70249915123 -0.579029381275 11.4286804199 1.70389401913 -0.581055521965 11.4287595749 1.70367598534 -0.581013917923 11.4288702011 1.70347499847 -0.580956995487 11.432800293 1.70247805119 -0.578914701939 11.4286203384 1.70435702801 -0.581089317799 11.4327697754 1.70251750946 -0.578931033611 11.4326219559 1.70253539085 -0.579008102417 11.4305295944 1.70866394043 -0.580096423626 11.4327402115 1.7025398016 -0.578948259354 11.4286203384 1.70880699158 -0.58108907938 11.4302196503 1.70880699158 -0.580255389214 11.4302902222 1.70880103111 -0.580220282078 11.4304800034 1.70871400833 -0.580123186111 11.4326696396 1.70255279541 -0.57898581028 11.4303503036 1.70878303051 -0.580186009407 11.4304199219 1.70875394344 -0.580153286457 11.4327096939 1.70255100727 -0.578962683678 11.4807796478 1.70285797119 -0.553935885429 11.4860601425 1.70427572727 -0.551187634468 11.4808397293 1.70290005207 -0.553903877735 11.4808998108 1.70295202732 -0.553875505924 11.4860582352 1.70433580875 -0.55118149519 11.4859600067 1.70865905285 -0.551240086555 11.4860897064 1.70439994335 -0.551172614098 11.4862422943 1.70416772366 -0.55107063055 11.4862833023 1.70419001579 -0.55107998848 11.4875898361 1.70346999168 -0.550391376019 11.4863100052 1.70422804356 -0.551059603691 11.4877004623 1.70367097855 -0.550334572792 11.4863204956 1.70425534248 -0.551053285599 11.4877796173 1.70388805866 -0.550293028355 11.487830162 1.7041169405 -0.550267577171 11.4878396988 1.70435202122 -0.550258994102 11.4863195419 1.70435404778 -0.551053166389 11.4863100052 1.70437800884 -0.551059603691 11.4878396988 1.70880198479 -0.550258874893 11.4862680435 1.70442020893 -0.551059961319 11.486114502 1.7044249773 -0.551172852516 11.4862470627 1.70444190502 -0.551092803478 11.4861507416 1.70444703102 -0.551145851612 11.4862699509 1.70880198479 -0.551080882549 11.4861984253 1.70445311069 -0.551115393639 11.4862003326 1.70879602432 -0.551115274429 11.4861297607 1.70877802372 -0.551149785519 11.4860696793 1.70874905586 -0.551182687283 11.4860095978 1.70870900154 -0.551213026047 11.4225997925 1.70480704308 -0.584220588207 11.4217300415 1.70680701733 -0.584676384926 11.4245595932 1.70480704308 -0.583204805851 11.425450325 1.70680701733 -0.582737088203 11.4247598648 1.70482599735 -0.583096385002 11.4224004745 1.70482599735 -0.584329009056 11.4249696732 1.70488095284 -0.582990705967 11.4221897125 1.70488095284 -0.584434628487 11.425160408 1.70497095585 -0.582890272141 11.4219999313 1.70497095585 -0.584535002708 11.4253396988 1.70509397984 -0.582797586918 11.4218196869 1.70509397984 -0.584627687931 11.4254999161 1.70524597168 -0.58271497488 11.4216604233 1.70524704456 -0.584710299969 11.4256296158 1.70542597771 -0.582644283772 11.4216899872 1.70680999756 -0.584698677063 11.4215297699 1.70542597771 -0.584780871868 11.425740242 1.70562601089 -0.582587480545 11.4214200974 1.70562601089 -0.58483761549 11.4255199432 1.70681297779 -0.582700073719 11.4258203506 1.70584404469 -0.582545995712 11.4216098785 1.7068259716 -0.584738790989 11.4213399887 1.70584404469 -0.584879279137 11.4255895615 1.70683205128 -0.582664012909 11.4258699417 1.70607304573 -0.582520604134 11.4212903976 1.70607304573 -0.584904611111 11.4258899689 1.70630705357 -0.582512021065 11.4212703705 1.70630705357 -0.58491307497 11.4215297699 1.70685601234 -0.58477717638 11.4257802963 1.70695698261 -0.582569777966 11.4258203506 1.70701801777 -0.582545697689 11.425860405 1.70708703995 -0.58252620697 11.4258899689 1.70716094971 -0.582512021065 11.4256601334 1.70686304569 -0.582629680634 11.4257202148 1.70690500736 -0.582597970963 11.4212799072 1.70727205276 -0.584912002087 11.4212903976 1.70718502998 -0.584904670715 11.4212703705 1.70730602741 -0.58491307497 11.4213199615 1.70710194111 -0.584890604019 11.4213600159 1.70702505112 -0.584870100021 11.4214096069 1.7069580555 -0.584843814373 11.4214696884 1.70690095425 -0.584812521935 11.5791702271 1.75556099415 -0.546624302864 11.5804004669 1.7548019886 -0.54660230875 11.5801496506 1.7547930479 -0.546532988548 11.5798902512 1.75482702255 -0.546482086182 11.5792102814 1.75562596321 -0.54666531086 11.5806398392 1.75485098362 -0.546687722206 11.5791101456 1.75550699234 -0.546584427357 11.5796403885 1.75490105152 -0.546450793743 11.5808601379 1.75494098663 -0.546786606312 11.5790395737 1.75546300411 -0.54654699564 11.5794095993 1.75501394272 -0.546440303326 11.5810699463 1.75506699085 -0.546895980835 11.5789604187 1.75543296337 -0.546513199806 11.5788803101 1.75541603565 -0.54648399353 11.5786895752 1.75542795658 -0.546440422535 11.5787096024 1.75542497635 -0.54644292593 11.578789711 1.75541305542 -0.546460270882 11.5812397003 1.7552280426 -0.547012627125 11.5813703537 1.75541603565 -0.547132909298 11.5823497772 1.75710594654 -0.548148691654 11.5810804367 1.758852005 -0.548604726791 11.5824298859 1.75729596615 -0.548257112503 11.5824899673 1.75749897957 -0.548362672329 11.5825099945 1.75771105289 -0.548463225365 11.5824899673 1.75792694092 -0.548555791378 11.5824403763 1.7581410408 -0.548638522625 11.5823497772 1.75834798813 -0.548709094524 11.5810899734 1.75889003277 -0.548627018929 11.5822296143 1.75854194164 -0.548765897751 11.5820798874 1.75872004032 -0.548807501793 11.5811195374 1.75896501541 -0.54866707325 11.5819101334 1.75887703896 -0.548832774162 11.5817098618 1.75900804996 -0.548841416836 11.5811300278 1.75904405117 -0.548705399036 11.5811195374 1.75912499428 -0.548740804195 11.5811100006 1.75920605659 -0.548772096634 11.5810699463 1.75928294659 -0.548798382282 11.581029892 1.75935602188 -0.54881888628 11.5809698105 1.75942099094 -0.548833072186 11.5809001923 1.75947594643 -0.548840403557 11.5808601379 1.75949895382 -0.54884147644 11.5754899979 1.75265800953 -0.542554676533 11.5754404068 1.75280201435 -0.542605578899 11.5754995346 1.75261998177 -0.542539417744 11.5754699707 1.75287294388 -0.542647302151 11.5754203796 1.75286996365 -0.542631804943 11.5754098892 1.75294005871 -0.542662024498 11.5754899979 1.7530850172 -0.542747795582 11.5754203796 1.75300896168 -0.542694807053 11.5754404068 1.7530759573 -0.542729318142 11.575460434 1.75313794613 -0.542764723301 11.5755300522 1.75325596333 -0.542835474014 11.5769395828 1.7497279644 -0.541612029076 11.5801801682 1.75039601326 -0.542756319046 11.576880455 1.74971997738 -0.541590809822 11.5803003311 1.75041496754 -0.542794883251 11.5800304413 1.73981904984 -0.537948727608 11.5798797607 1.7398879528 -0.537940084934 11.5802297592 1.73968803883 -0.537940084934 11.5798597336 1.73997604847 -0.537974119186 11.5798196793 1.73993003368 -0.537942826748 11.5797595978 1.73998200893 -0.537951111794 11.5797100067 1.74015402794 -0.538015723228 11.5797100067 1.74003994465 -0.537964820862 11.5796699524 1.74010396004 -0.537983477116 11.5796403885 1.74017000198 -0.538006007671 11.5795898438 1.74034905434 -0.538072407246 11.5795698166 1.74038398266 -0.538083970547 11.6738395691 1.68577897549 -0.538001477718 11.6737699509 1.68584096432 -0.538011014462 11.6737604141 1.68577003479 -0.537978410721 11.6736898422 1.68577194214 -0.537959873676 11.6736097336 1.68578600883 -0.537946403027 11.6766500473 1.68635594845 -0.538994908333 11.6742200851 1.68586301804 -0.538138389587 11.6739997864 1.68583500385 -0.538067817688 11.6735401154 1.68587994576 -0.537969529629 11.6735401154 1.68580901623 -0.537938177586 11.6734800339 1.6858420372 -0.537935495377 11.6733198166 1.68595194817 -0.537944078445 11.6731100082 1.68605601788 -0.537935495377 11.6767196655 1.68637502193 -0.539019882679 11.6840600967 1.68787300587 -0.541606724262 11.6864995956 1.68837594986 -0.542466580868 11.6839895248 1.68786394596 -0.541585087776 11.6868801117 1.68844997883 -0.542600095272 11.6867103577 1.68843698502 -0.542549312115 11.6869001389 1.68852996826 -0.542641878128 11.6869497299 1.68846905231 -0.542626976967 11.6870098114 1.68850004673 -0.542657077312 11.6870803833 1.68865096569 -0.542742311954 11.6870698929 1.68853902817 -0.542689681053 11.6871204376 1.6885869503 -0.542724013329 11.6871595383 1.68864297867 -0.542759180069 11.6873502731 1.68897104263 -0.54295617342 11.6872301102 1.6887999773 -0.54284799099 11.6937904358 1.70012497902 -0.549661695957 11.6936998367 1.70000600815 -0.549584686756 11.6936101913 1.69981694221 -0.549476325512 11.6937503815 1.70020997524 -0.549690306187 11.6938199997 1.70018601418 -0.549696326256 11.6938295364 1.7002530098 -0.549731016159 11.6937704086 1.70042204857 -0.549790680408 11.6938400269 1.70032203197 -0.549763977528 11.6938295364 1.7003929615 -0.549794495106 11.6938199997 1.70046103001 -0.549820780754 11.6937503815 1.70063698292 -0.549883425236 11.6937503815 1.70067501068 -0.549898386002 11.7211503983 1.74839103222 -0.578543484211 11.7144498825 1.74701797962 -0.576179027557 11.7143297195 1.74698996544 -0.576136827469 11.721540451 1.74846494198 -0.578677177429 11.7213602066 1.74845194817 -0.578626215458 11.7215595245 1.74854505062 -0.578718781471 11.7216100693 1.74848496914 -0.578703999519 11.7216701508 1.74851500988 -0.578734099865 11.7217302322 1.74866700172 -0.578819274902 11.7217302322 1.74855399132 -0.578766703606 11.7217702866 1.74860298634 -0.578800976276 11.7218103409 1.74865794182 -0.578836202621 11.7220001221 1.74898600578 -0.579033195972 11.7218799591 1.74881494045 -0.578924894333 11.6138296127 1.81558597088 -0.582707285881 11.6150503159 1.81481695175 -0.582679271698 11.6148004532 1.81480896473 -0.582610011101 11.6137800217 1.81553399563 -0.582670927048 11.6145496368 1.8148419857 -0.582558989525 11.6138696671 1.81564104557 -0.582742393017 11.6153001785 1.81486594677 -0.582764625549 11.6142997742 1.81491696835 -0.582527816296 11.6155195236 1.81495594978 -0.582863509655 11.6140604019 1.81502902508 -0.582517325878 11.6137199402 1.81549203396 -0.582636296749 11.6157197952 1.81508302689 -0.582973003387 11.6134996414 1.81542801857 -0.582551419735 11.6135797501 1.81543803215 -0.582575798035 11.6133499146 1.81544399261 -0.582517325878 11.6134195328 1.81543004513 -0.582531690598 11.613650322 1.81545996666 -0.582604408264 11.6158895493 1.81524300575 -0.583089470863 11.6160297394 1.81543195248 -0.583209812641 11.6169996262 1.8171210289 -0.584225594997 11.6157302856 1.81886696815 -0.58468157053 11.6170902252 1.81731104851 -0.584334015846 11.6171503067 1.81751394272 -0.584439694881 11.6171703339 1.81772601604 -0.584540128708 11.6171503067 1.81794202328 -0.584632813931 11.6170902252 1.81815600395 -0.584715485573 11.6170101166 1.81836295128 -0.584786117077 11.6157503128 1.81890594959 -0.584703922272 11.6168899536 1.818557024 -0.584842801094 11.6167402267 1.81873500347 -0.584884524345 11.6157798767 1.81897997856 -0.584744095802 11.6165704727 1.81889200211 -0.584909796715 11.6163702011 1.81902396679 -0.584918379784 11.6157903671 1.81905901432 -0.584782421589 11.6156797409 1.81937098503 -0.584895908833 11.6156196594 1.81943595409 -0.584909975529 11.6155595779 1.81949198246 -0.584917426109 11.615530014 1.81950998306 -0.584918498993 11.6157798767 1.81913995743 -0.584817707539 11.6157598495 1.81922101974 -0.584849119186 11.6157302856 1.81929802895 -0.584875404835 11.6304302216 1.82743597031 -0.590567827225 11.6303596497 1.82743000984 -0.590545475483 11.6305503845 1.82737195492 -0.590567827225 11.6303701401 1.82746994495 -0.590565085411 11.6302900314 1.82749295235 -0.590556800365 11.6301298141 1.82746994495 -0.59050399065 11.6300697327 1.82749903202 -0.590502023697 11.6299695969 1.8274769783 -0.590464770794 11.6301498413 1.82750797272 -0.590524792671 11.6302204132 1.82750594616 -0.590543329716 11.7209997177 1.77517199516 -0.5905777812 11.694439888 1.79050195217 -0.590576410294 11.7210102081 1.77515900135 -0.590575098991 11.7209501266 1.77524101734 -0.590595185757 11.7209100723 1.77531695366 -0.590618789196 11.7208795547 1.77539694309 -0.590648114681 11.720870018 1.77547895908 -0.590681791306 11.720870018 1.7755600214 -0.590719282627 11.7208900452 1.77563798428 -0.59075909853 11.6949195862 1.79063498974 -0.590760409832 11.6948604584 1.79058003426 -0.59072047472 11.6947898865 1.7905369997 -0.590683102608 11.6947097778 1.79050600529 -0.590649306774 11.6946296692 1.79048895836 -0.590620219707 11.6945495605 1.79048705101 -0.590596497059 11.6944599152 1.79049801826 -0.590578973293 11.6949596405 1.7906999588 -0.590801477432 11.7209196091 1.77571105957 -0.590800225735 11.7218103409 1.77724695206 -0.591723799706 11.7218599319 1.77737402916 -0.591793179512 11.7218599319 1.77744305134 -0.591825902462 11.7218599319 1.77751302719 -0.591856002808 11.7218399048 1.77758300304 -0.591882824898 11.6958503723 1.7922359705 -0.591724991798 11.7218103409 1.77764999866 -0.591905772686 11.7217702866 1.77771294117 -0.591924309731 11.7217197418 1.77777099609 -0.591937720776 11.7216701508 1.77782201767 -0.591946005821 11.7215995789 1.77786505222 -0.59194868803 11.7218399048 1.77730798721 -0.591758906841 11.6964902878 1.79236602783 -0.591949999332 11.6963500977 1.79242300987 -0.591938972473 11.696269989 1.79243600368 -0.591925382614 11.6964197159 1.79240000248 -0.591947197914 11.6962003708 1.79243803024 -0.591907024384 11.6961297989 1.79242897034 -0.591884076595 11.6958904266 1.79229104519 -0.591760098934 11.6959400177 1.79234004021 -0.591794490814 11.6960000992 1.79237902164 -0.591827094555 11.6960601807 1.79240894318 -0.591857194901 11.6905202866 1.79277396202 -0.590579211712 11.6639604568 1.80810403824 -0.59057790041 11.6905298233 1.79276096821 -0.590576589108 11.6904602051 1.7928429842 -0.590596675873 11.6904201508 1.79291903973 -0.590620398521 11.6904001236 1.79299902916 -0.590649485588 11.6903800964 1.79308104515 -0.590683281422 11.6644802094 1.80830204487 -0.590803027153 11.664440155 1.8082460165 -0.590767920017 11.6643896103 1.80819499493 -0.590731501579 11.6643295288 1.80815196037 -0.590696871281 11.664270401 1.80812001228 -0.590664923191 11.6640396118 1.80809104443 -0.590592324734 11.6641902924 1.80809903145 -0.590636372566 11.6641197205 1.80808901787 -0.590611875057 11.6653699875 1.80983805656 -0.59172642231 11.6903896332 1.79316198826 -0.590720713139 11.6904096603 1.79323995113 -0.590760588646 11.666009903 1.80996894836 -0.591951370239 11.6654100418 1.80989897251 -0.591765522957 11.6911802292 1.79542398453 -0.591947376728 11.6911201477 1.79546701908 -0.591950297356 11.6904401779 1.79331302643 -0.590801715851 11.6912899017 1.79531395435 -0.591925382614 11.6912403107 1.79537200928 -0.591939091682 11.6913299561 1.79484903812 -0.591725170612 11.6913700104 1.79497301579 -0.591793119907 11.6913795471 1.79504203796 -0.591826021671 11.6913700104 1.79511296749 -0.59185642004 11.6913604736 1.79518294334 -0.591883480549 11.6913299561 1.79525005817 -0.59190672636 11.6913499832 1.79490697384 -0.591758489609 11.6659297943 1.81000494957 -0.591948091984 11.6654701233 1.80995094776 -0.591803371906 11.6655302048 1.80999195576 -0.591838896275 11.6656103134 1.81002104282 -0.591871082783 11.6658496857 1.81002902985 -0.59193789959 11.665769577 1.8100399971 -0.591921329498 11.6656799316 1.81003701687 -0.591898798943 11.6334896088 1.82570195198 -0.59058201313 11.633480072 1.8257060051 -0.590579271317 11.6600503922 1.81036305428 -0.590578019619 11.633890152 1.82578396797 -0.590723395348 11.6338300705 1.82574105263 -0.590686023235 11.6337499619 1.82571005821 -0.590652227402 11.6336698532 1.82569301128 -0.59062308073 11.6335802078 1.82569098473 -0.590599417686 11.6339502335 1.82583904266 -0.590763270855 11.6599998474 1.81042504311 -0.590592503548 11.6599502563 1.81049203873 -0.59061217308 11.6599197388 1.81056296825 -0.590636491776 11.659910202 1.81063699722 -0.590665102005 11.6339998245 1.82590401173 -0.59080439806 11.6348896027 1.82744002342 -0.591727912426 11.6598997116 1.81071102619 -0.590697109699 11.634929657 1.82750105858 -0.591767013073 11.6355199814 1.82757103443 -0.59195291996 11.659910202 1.81078398228 -0.590731680393 11.6599302292 1.81085395813 -0.590768098831 11.6607103348 1.8130209446 -0.591948211193 11.6606397629 1.81306898594 -0.591951727867 11.6599597931 1.81091499329 -0.590803205967 11.6608200073 1.81289696693 -0.591921627522 11.6607704163 1.81296300888 -0.591938078403 11.660900116 1.81267094612 -0.591839194298 11.6608800888 1.81274795532 -0.591871321201 11.6608896255 1.81259405613 -0.591803610325 11.6608400345 1.81245100498 -0.591726720333 11.6608600616 1.81282496452 -0.591898977757 11.6608695984 1.81252002716 -0.591765701771 11.6354503632 1.82760703564 -0.591949522495 11.6349897385 1.82755303383 -0.591804921627 11.6350498199 1.82759404182 -0.591840386391 11.6351203918 1.82762396336 -0.591872513294 11.6353702545 1.8276309967 -0.591939270496 11.6352796555 1.82764196396 -0.591922700405 11.6351995468 1.82764005661 -0.591900289059 11.7242698669 1.77310800552 -0.590497374535 11.7243099213 1.77296197414 -0.590442597866 11.7243299484 1.77292597294 -0.590431213379 11.7241897583 1.77315700054 -0.590499520302 11.724240303 1.77317404747 -0.590519785881 11.7242002487 1.77323794365 -0.59053850174 11.7240400314 1.77333498001 -0.590541124344 11.724149704 1.77329599857 -0.590552091599 11.7240896225 1.77334702015 -0.590560495853 11.724029541 1.7733900547 -0.590563416481 11.7238998413 1.77346694469 -0.590563297272 11.7248697281 1.76985001564 -0.589185476303 11.7216300964 1.76919102669 -0.588044524193 11.7215099335 1.7691630125 -0.588002502918 11.7249298096 1.76986801624 -0.589210093021 11.7284402847 1.76014101505 -0.58573871851 11.7283496857 1.76002204418 -0.585661590099 11.728269577 1.75983202457 -0.58555328846 11.7284097672 1.7602250576 -0.585767328739 11.7284698486 1.76020205021 -0.58577388525 11.7284898758 1.76026797295 -0.58580827713 11.7284297943 1.76043701172 -0.585867702961 11.7285003662 1.76033699512 -0.585840880871 11.7284898758 1.76040697098 -0.585870981216 11.7284698486 1.76047694683 -0.585897922516 11.7284097672 1.76065301895 -0.585960328579 11.7284002304 1.76069104671 -0.585975706577 11.72797966 1.75938200951 -0.587080717087 11.7280797958 1.75950098038 -0.587158024311 11.7278995514 1.7591919899 -0.586972475052 11.7280397415 1.75958502293 -0.587186515331 11.728099823 1.75956296921 -0.587193071842 11.7281198502 1.75962901115 -0.587227523327 11.7280597687 1.75979697704 -0.587286889553 11.7281303406 1.75969696045 -0.587260127068 11.7281198502 1.75976705551 -0.587290227413 11.728099823 1.75983703136 -0.587317109108 11.7280397415 1.76001298428 -0.587379574776 11.7280302048 1.76005101204 -0.587394893169 11.7212600708 1.76855099201 -0.589463710785 11.7244997025 1.76920998096 -0.5906047225 11.7211399078 1.76852297783 -0.58942180872 11.7245597839 1.76922798157 -0.590629279613 11.7239398956 1.77232205868 -0.591861903667 11.7238998413 1.77246797085 -0.591916620731 11.7239599228 1.77228605747 -0.591850280762 11.7238197327 1.77251696587 -0.591918587685 11.7238702774 1.77253401279 -0.591938972473 11.7236700058 1.77269494534 -0.591960310936 11.7237796783 1.7726559639 -0.5919713974 11.7238302231 1.77259802818 -0.591957688332 11.7237300873 1.77270805836 -0.591979682446 11.7235298157 1.77282702923 -0.591982483864 11.7236604691 1.77275002003 -0.591982483864 11.7147274017 1.77179098129 -0.58922624588 11.7131595612 1.77508294582 -0.5902993083 11.7153196335 1.77172732353 -0.589354336262 11.7158088684 1.77200508118 -0.58960211277 11.7130298615 1.77515804768 -0.5902993083 11.7122898102 1.77558302879 -0.590299427509 11.7121582031 1.77565944195 -0.590298712254 11.7080717087 1.77563357353 -0.589224517345 11.7181100845 1.77598404884 -0.591994404793 11.7114200592 1.77608275414 -0.590299904346 11.7205133438 1.77500736713 -0.592180132866 11.7204465866 1.77442610264 -0.592406153679 11.7214994431 1.77671313286 -0.593205988407 11.7135295868 1.77572798729 -0.590687096119 11.7126140594 1.7762567997 -0.590684771538 11.7133998871 1.77580296993 -0.590687096119 11.7117996216 1.77672767639 -0.590687990189 11.7112903595 1.77615821362 -0.590299010277 11.7104139328 1.77648031712 -0.590610802174 11.7096662521 1.77719199657 -0.59014070034 11.7116699219 1.7768021822 -0.590689003468 11.7109298706 1.77722764015 -0.590688049793 11.7108001709 1.77730357647 -0.590685904026 11.721367836 1.77714538574 -0.593368709087 11.7100601196 1.77772808075 -0.590687155724 11.7087335587 1.77756595612 -0.590420663357 11.7099304199 1.77780294418 -0.590687274933 11.7091999054 1.77822768688 -0.590688049793 11.7046813965 1.7775914669 -0.589220643044 11.7069597244 1.77865850925 -0.59029853344 11.7111721039 1.78303682804 -0.593365132809 11.7090702057 1.77830302715 -0.590687274933 11.7083301544 1.77872800827 -0.590687394142 11.7079601288 1.7780829668 -0.590299606323 11.7070903778 1.77858304977 -0.590299606323 11.7074184418 1.77929806709 -0.590618908405 11.7078304291 1.77815794945 -0.590299606323 11.7082004547 1.77880299091 -0.590687394142 11.704369545 1.78015804291 -0.590299785137 11.7052297592 1.77965795994 -0.590299725533 11.7059412003 1.77873206139 -0.591162443161 11.7066001892 1.77972793579 -0.590687632561 11.7009420395 1.77974712849 -0.589228212833 11.7064695358 1.77980327606 -0.590686917305 11.7053604126 1.77958297729 -0.590299725533 11.7036113739 1.78070127964 -0.590120851994 11.7057304382 1.78022801876 -0.590687513351 11.7045001984 1.78008294106 -0.590299725533 11.7055997849 1.7803030014 -0.590687513351 11.704000473 1.78122806549 -0.590687215328 11.7027597427 1.7810832262 -0.590299367905 11.702630043 1.78115797043 -0.590299785137 11.704870224 1.78072798252 -0.590687572956 11.7047395706 1.78080296516 -0.590687572956 11.7038698196 1.78130304813 -0.590687572956 11.7031402588 1.78172767162 -0.590688407421 11.6968460083 1.78211247921 -0.589226841927 11.7017850876 1.78153526783 -0.590489506721 11.7030353546 1.78197145462 -0.59077256918 11.7030096054 1.78180301189 -0.590687572956 11.7021722794 1.78221046925 -0.590810894966 11.7010068893 1.78219306469 -0.590138673782 11.7013998032 1.78272938728 -0.59068697691 11.7000141144 1.78246414661 -0.590647280216 11.7012701035 1.78280425072 -0.590687096119 11.7004671097 1.78325366974 -0.590716123581 11.6992998123 1.78308296204 -0.590300023556 11.6991701126 1.78315901756 -0.590300023556 11.699669838 1.78372895718 -0.590687811375 11.6995401382 1.78380429745 -0.590687215328 11.6984300613 1.78358304501 -0.590300023556 11.6943778992 1.78355193138 -0.589223384857 11.698679924 1.78430402279 -0.590687870979 11.6983003616 1.78365802765 -0.590300023556 11.6988096237 1.78422904015 -0.590687870979 11.701256752 1.78876078129 -0.593368828297 11.6941194534 1.78442776203 -0.589557409286 11.6964597702 1.7884850502 -0.591995477676 11.6960306168 1.79177832603 -0.593367755413 11.6955757141 1.79174935818 -0.593226492405 11.6940975189 1.78963112831 -0.592451632023 11.6945648193 1.79000020027 -0.592185974121 11.6843070984 1.78935551643 -0.589229524136 11.6826696396 1.79268503189 -0.590300679207 11.6848974228 1.78929257393 -0.589351952076 11.6853876114 1.78956830502 -0.589602351189 11.6825399399 1.79276001453 -0.590300798416 11.6774997711 1.79328668118 -0.589226186275 11.6876897812 1.79354798794 -0.591995894909 11.681810379 1.79318499565 -0.590300798416 11.680891037 1.79375088215 -0.590237557888 11.6816797256 1.79326355457 -0.590295374393 11.6900053024 1.79255533218 -0.592165112495 11.6900529861 1.79208850861 -0.592190086842 11.6910409927 1.79436266422 -0.593237876892 11.6829891205 1.79338419437 -0.590654850006 11.682135582 1.79385995865 -0.590683996677 11.6782102585 1.79526019096 -0.590300559998 11.6783399582 1.79518520832 -0.590300381184 11.6812553406 1.79438602924 -0.590647399426 11.6800699234 1.79418504238 -0.590300798416 11.6799402237 1.79426002502 -0.590300917625 11.6804504395 1.79482996464 -0.590688824654 11.6803197861 1.79490494728 -0.590688824654 11.6908359528 1.79477632046 -0.593371391296 11.6792097092 1.79468500614 -0.590300917625 11.6797399521 1.7950450182 -0.590600371361 11.6790800095 1.79475998878 -0.590300917625 11.6727256775 1.79604351521 -0.589223146439 11.6795797348 1.7953299284 -0.590689003468 11.6794500351 1.79540526867 -0.590688288212 11.676609993 1.79618537426 -0.590300142765 11.6786756516 1.79592013359 -0.590571641922 11.6779918671 1.80219495296 -0.593367576599 11.677479744 1.79568505287 -0.59030097723 11.6778497696 1.79632997513 -0.590688884258 11.6769285202 1.79689013958 -0.590638875961 11.6773500443 1.79576003551 -0.59030097723 11.675740242 1.79668557644 -0.590299665928 11.6764802933 1.79625999928 -0.59030097723 11.6756105423 1.7967607975 -0.5902993083 11.6748037338 1.79720342159 -0.59034371376 11.6777200699 1.79640495777 -0.590688884258 11.6761198044 1.79733002186 -0.590689003468 11.6759901047 1.7974050045 -0.590689003468 11.675157547 1.79781925678 -0.590795874596 11.6676177979 1.7989897728 -0.589228570461 11.6730289459 1.79812514782 -0.590518116951 11.6740102768 1.79768502712 -0.590301096439 11.6738796234 1.79776000977 -0.590301215649 11.6735200882 1.7988306284 -0.590689778328 11.6722803116 1.79868471622 -0.590301811695 11.6721496582 1.7987601757 -0.59030097723 11.6743803024 1.79832994938 -0.590689122677 11.674249649 1.79840505123 -0.590689122677 11.6733903885 1.79890584946 -0.590689241886 11.6726503372 1.79932999611 -0.590689122677 11.6725196838 1.79940617085 -0.590688765049 11.6714096069 1.79918503761 -0.590301275253 11.6705503464 1.79968500137 -0.590301275253 11.6712799072 1.79926002026 -0.590301275253 11.671790123 1.79983103275 -0.590689063072 11.6716604233 1.79990589619 -0.590689539909 11.6697158813 1.80039668083 -0.589915692806 11.670419693 1.79975998402 -0.590301275253 11.670920372 1.80033099651 -0.590689301491 11.6707897186 1.80040633678 -0.590688586235 11.6699199677 1.80090653896 -0.590687930584 11.6700496674 1.80083096027 -0.590689301491 11.6688203812 1.80068600178 -0.590301513672 11.6686897278 1.80076003075 -0.590301513672 11.6640672684 1.80105781555 -0.589207351208 11.6678199768 1.8012611866 -0.590301096439 11.6691904068 1.80133104324 -0.590689301491 11.6690597534 1.80140554905 -0.590690433979 11.6636476517 1.80189156532 -0.589500129223 11.6679496765 1.80118596554 -0.590301513672 11.6681900024 1.80190598965 -0.590689301491 11.6683197021 1.801831007 -0.590689301491 11.6660404205 1.80604994297 -0.591996908188 11.6650714874 1.80931639671 -0.593218564987 11.6655101776 1.8094009161 -0.593370616436 11.663599968 1.80745899677 -0.591996014118 11.6640090942 1.80749988556 -0.592130243778 11.6538152695 1.80696094036 -0.58922547102 11.6521902084 1.81028699875 -0.590302228928 11.6543951035 1.80682432652 -0.58934789896 11.6549711227 1.80713737011 -0.589606881142 11.6520595551 1.81036198139 -0.590302228928 11.6513204575 1.81078696251 -0.590302288532 11.6511907578 1.81086170673 -0.590301811695 11.6572704315 1.81111299992 -0.591997385025 11.648774147 1.80987167358 -0.58922624588 11.6595134735 1.81013250351 -0.592150688171 11.6595802307 1.80964291096 -0.592227995396 11.6605396271 1.81193721294 -0.593218266964 11.6525602341 1.81093204021 -0.590690076351 11.6516542435 1.8114593029 -0.59068852663 11.6524295807 1.81100702286 -0.590690076351 11.6504602432 1.81128704548 -0.590302288532 11.6503295898 1.81136202812 -0.590302288532 11.6505594254 1.81161367893 -0.591481626034 11.660399437 1.81235051155 -0.593371927738 11.6499767303 1.81261146069 -0.59037488699 11.6497516632 1.81221687794 -0.589430630207 11.6438455582 1.81272006035 -0.589226305485 11.6487197876 1.81228768826 -0.590300738811 11.6485900879 1.81236219406 -0.5903018713 11.6491003036 1.81293165684 -0.590691030025 11.6477298737 1.81286180019 -0.590303122997 11.6478595734 1.81278705597 -0.590302407742 11.6489696503 1.81300723553 -0.590689718723 11.648229599 1.81343221664 -0.590689837933 11.647310257 1.81415486336 -0.590777635574 11.6480998993 1.81350696087 -0.59069031477 11.6473703384 1.81393194199 -0.590690374374 11.6468343735 1.81316697598 -0.59065169096 11.6460428238 1.81378662586 -0.590386807919 11.6452598572 1.81428682804 -0.590302944183 11.6472396851 1.81400704384 -0.590690374374 11.6462230682 1.81410229206 -0.591505408287 11.6456298828 1.81493210793 -0.59069031477 11.644323349 1.81481254101 -0.590325415134 11.6451301575 1.8143620491 -0.590302586555 11.6455001831 1.81500697136 -0.590690493584 11.6447696686 1.81543159485 -0.590691387653 11.6378078461 1.81619942188 -0.58923637867 11.6409301758 1.81678724289 -0.590302407742 11.643529892 1.81528699398 -0.590302705765 11.6446399689 1.81550705433 -0.590690493584 11.6504497528 1.81810081005 -0.593368589878 11.6434001923 1.81536197662 -0.590302705765 11.6430397034 1.81643176079 -0.590691208839 11.642660141 1.81578695774 -0.590302705765 11.6416606903 1.81619596481 -0.59058868885 11.6425304413 1.81586205959 -0.590302705765 11.6438999176 1.81593203545 -0.590690612793 11.6437702179 1.81600701809 -0.590690612793 11.6429100037 1.81650745869 -0.590691864491 11.6420822144 1.81693089008 -0.59077835083 11.6408004761 1.81686210632 -0.590302526951 11.646853447 1.82017612457 -0.593371331692 11.6398096085 1.81698727608 -0.591052472591 11.6404399872 1.81793284416 -0.590691030025 11.641169548 1.81750798225 -0.590690672398 11.6403102875 1.81800806522 -0.59069031477 11.6413002014 1.81743311882 -0.590690433979 11.6393699646 1.81823253632 -0.58939999342 11.6383304596 1.81828737259 -0.590302109718 11.6335220337 1.81869399548 -0.589236915112 11.6397380829 1.81887495518 -0.589792370796 11.6392297745 1.81895303726 -0.590836763382 11.6381998062 1.81836223602 -0.590302228928 11.638710022 1.8189330101 -0.590690791607 11.637840271 1.81943285465 -0.590691208839 11.6385803223 1.81900799274 -0.590690791607 11.6374702454 1.81878805161 -0.590302884579 11.6377096176 1.8195079565 -0.590690910816 11.637339592 1.81886303425 -0.590302884579 11.6332902908 1.81957817078 -0.58957195282 11.6401700974 1.8240339756 -0.593372166157 11.6356201172 1.82361495495 -0.591998398304 11.6335725784 1.82519102097 -0.59182703495 11.6346282959 1.82697308064 -0.593248724937 11.6350765228 1.82697439194 -0.593369424343 11.629989624 1.82678997517 -0.591964781284 11.6300697327 1.82679700851 -0.591987073421 11.6301803589 1.82673203945 -0.591987073421 11.6300001144 1.82683002949 -0.591984272003 11.6297597885 1.82683002949 -0.591923177242 11.6298503876 1.82686603069 -0.591962516308 11.6299200058 1.82685399055 -0.591976106167 11.6295995712 1.82683801651 -0.591884016991 11.629699707 1.82685899734 -0.591921210289 11.6297798157 1.82686805725 -0.591944098473 11.6101503372 1.81267297268 -0.578631699085 11.6100902557 1.8128169775 -0.578682720661 11.6101503372 1.8126360178 -0.57861661911 11.6101303101 1.81288897991 -0.578724324703 11.6100797653 1.81288504601 -0.57870900631 11.6100702286 1.81295597553 -0.578739404678 11.6101503372 1.81310105324 -0.578824818134 11.6100797653 1.81302595139 -0.578772425652 11.6100902557 1.81309294701 -0.578807175159 11.6101198196 1.81315302849 -0.578841686249 11.6101903915 1.81327104568 -0.578912496567 11.6163797379 1.82399594784 -0.587163507938 11.6164503098 1.82401895523 -0.587191998959 11.6163301468 1.82389700413 -0.587104201317 11.6164197922 1.82405102253 -0.587198615074 11.6164703369 1.82409894466 -0.587233006954 11.6166296005 1.82414102554 -0.58729237318 11.6165304184 1.82413899899 -0.587265610695 11.6165895462 1.82416903973 -0.58729571104 11.6166601181 1.82418894768 -0.587322473526 11.6167697906 1.8242110014 -0.587359786034 11.6168203354 1.82465898991 -0.585772812366 11.6167497635 1.82463598251 -0.585744202137 11.6167001724 1.8245370388 -0.585685014725 11.6167898178 1.82469105721 -0.585779428482 11.6169996262 1.82478094101 -0.585873186588 11.616900444 1.82477903366 -0.585846424103 11.6168403625 1.82473897934 -0.585813820362 11.6169595718 1.82480895519 -0.585876524448 11.6171302795 1.82485103607 -0.585940599442 11.6170301437 1.82482898235 -0.585903286934 11.5897626877 1.76396143436 -0.553168356419 11.5858802795 1.760207057 -0.550467014313 11.5856599808 1.76017999649 -0.550396382809 11.5854301453 1.76018500328 -0.550339579582 11.5852003098 1.7602250576 -0.55029797554 11.5898799896 1.76102495193 -0.551875412464 11.584980011 1.7602969408 -0.550272583961 11.5847702026 1.76040005684 -0.550264120102 11.5897283554 1.76399493217 -0.553176164627 11.5809402466 1.76261305809 -0.550264298916 11.5897102356 1.76403927803 -0.553191304207 11.590089798 1.76108598709 -0.551957905293 11.5898008347 1.76392972469 -0.553171932697 11.589849472 1.76391816139 -0.553173720837 11.5902795792 1.76117897034 -0.552050709724 11.5898895264 1.76391899586 -0.553182721138 11.5904598236 1.76130104065 -0.552151024342 11.5906095505 1.76144897938 -0.552256703377 11.5907297134 1.76162004471 -0.552365124226 11.5899171829 1.76392686367 -0.553194284439 11.5899572372 1.76395082474 -0.553214430809 11.5899677277 1.76395070553 -0.553263306618 11.5900001526 1.76402401924 -0.553259372711 11.6163101196 1.80591702461 -0.578993201256 11.5817298889 1.76398003101 -0.551086425781 11.5817699432 1.76403605938 -0.551121592522 11.5900001526 1.76407158375 -0.553280353546 11.5818099976 1.76408398151 -0.551155924797 11.581870079 1.76412403584 -0.551188588142 11.5819301605 1.76415395737 -0.551218688488 11.5819997787 1.76417398453 -0.551245510578 11.5897102356 1.76410901546 -0.553223490715 11.5899801254 1.76411795616 -0.55329567194 11.5897197723 1.7641299963 -0.553235709667 11.5899477005 1.76414966583 -0.553302943707 11.5897397995 1.76414895058 -0.553247690201 11.6120996475 1.80458605289 -0.577298998833 11.5897502899 1.76416504383 -0.553259372711 11.5899066925 1.76417922974 -0.553305149078 11.5894804001 1.76570403576 -0.553880512714 11.5898122787 1.76419234276 -0.553283691406 11.5897703171 1.76590704918 -0.554047882557 11.5898561478 1.76419329643 -0.553295850754 11.5896196365 1.76575601101 -0.553940415382 11.589679718 1.76579797268 -0.553974688053 11.5895500183 1.76572394371 -0.553908824921 11.5897302628 1.76584899426 -0.554010927677 11.6121301651 1.80465102196 -0.577336013317 11.6142597198 1.81087100506 -0.580694437027 11.614279747 1.81082499027 -0.580678999424 11.6121501923 1.80472004414 -0.577372074127 11.6143121719 1.81079280376 -0.580671906471 11.6143522263 1.81076383591 -0.580669760704 11.61439991 1.81075084209 -0.58067548275 11.612159729 1.80479300022 -0.577406525612 11.6121501923 1.80486595631 -0.577438116074 11.6121301651 1.8049390316 -0.57746642828 11.6097192764 1.81218039989 -0.580103099346 11.6144399643 1.8107509613 -0.580685913563 11.616399765 1.80610597134 -0.579101502895 11.6164503098 1.80631005764 -0.579207181931 11.6144695282 1.81075942516 -0.580698490143 11.6164703369 1.80652201176 -0.579307615757 11.6164503098 1.80673694611 -0.57940030098 11.616399765 1.80695104599 -0.579482972622 11.6145095825 1.81078481674 -0.580721080303 11.6151103973 1.81081902981 -0.580891489983 11.6145401001 1.81081295013 -0.580739021301 11.6145401001 1.81083405018 -0.580751001835 11.6145496368 1.81085598469 -0.580762684345 11.6145496368 1.81090378761 -0.580783486366 11.6150197983 1.81102597713 -0.580962002277 11.6142597198 1.8109190464 -0.580715298653 11.614531517 1.81094944477 -0.580797016621 11.6142883301 1.81097948551 -0.580749213696 11.6148996353 1.81122100353 -0.581018924713 11.6097002029 1.81231701374 -0.580158829689 11.6097192764 1.81244969368 -0.580224215984 11.609749794 1.81251299381 -0.58026099205 11.6144971848 1.81098115444 -0.580807924271 11.6116399765 1.81329405308 -0.581103026867 11.6147499084 1.811398983 -0.581060528755 11.6143226624 1.81100594997 -0.580770254135 11.6144561768 1.81101381779 -0.580804467201 11.6118297577 1.81316196918 -0.581094503403 11.6145801544 1.81155598164 -0.581085920334 11.6143636703 1.81102311611 -0.580790221691 11.6144046783 1.81102466583 -0.580800712109 11.6143903732 1.81168699265 -0.581094384193 11.6111097336 1.81403005123 -0.581297397614 11.6111898422 1.8138229847 -0.581226825714 11.6110496521 1.81424403191 -0.58138012886 11.6111001968 1.8148419857 -0.581660985947 11.6110601425 1.81467199326 -0.5815731287 11.6110401154 1.81446003914 -0.581472814083 11.6113100052 1.81362903118 -0.581170022488 11.6114597321 1.81345105171 -0.581128418446 11.5821695328 1.76464402676 -0.549695789814 11.5820999146 1.76461994648 -0.549667179585 11.5820398331 1.76452195644 -0.549607992172 11.5821304321 1.76467597485 -0.549702584743 11.5823402405 1.76476597786 -0.54979622364 11.5822401047 1.7647639513 -0.549769997597 11.5821800232 1.76472401619 -0.549737095833 11.5823001862 1.76479399204 -0.549800217152 11.5824804306 1.76483500004 -0.549863398075 11.5823698044 1.7648140192 -0.549826323986 11.5750703812 1.75216197968 -0.544024825096 11.5751199722 1.75201797485 -0.543973922729 11.5751304626 1.75197994709 -0.543958604336 11.5750999451 1.75219595432 -0.544049918652 11.575050354 1.75223100185 -0.544051706791 11.5750999451 1.75223398209 -0.544066607952 11.5750398636 1.75230205059 -0.544081807137 11.5751199722 1.75241005421 -0.544149518013 11.575050354 1.75236999989 -0.544114410877 11.5750703812 1.75243604183 -0.544148683548 11.5751199722 1.75244605541 -0.544167101383 11.5750999451 1.75249803066 -0.544184029102 11.5751600266 1.75261604786 -0.544254779816 11.5798101425 1.74975705147 -0.544175505638 11.5765695572 1.74908900261 -0.543031096458 11.5765104294 1.7490799427 -0.543009877205 11.5799303055 1.74977505207 -0.544214129448 11.5795097351 1.73924899101 -0.539359390736 11.5796604156 1.73917901516 -0.5393679142 11.5798597336 1.73904800415 -0.539359390736 11.5794897079 1.73933601379 -0.539393305779 11.5794496536 1.73929095268 -0.539362072945 11.5793895721 1.73934197426 -0.539370417595 11.5793399811 1.73951399326 -0.539434909821 11.5793399811 1.73940002918 -0.539384007454 11.5792999268 1.73946297169 -0.53940230608 11.5792703629 1.73952996731 -0.539425313473 11.5792198181 1.73970794678 -0.539491713047 11.579199791 1.73974394798 -0.539503216743 11.6329584122 1.71288692951 -0.541386246681 11.6330127716 1.71282637119 -0.541389226913 11.6349601746 1.70723104477 -0.539356589317 11.6330728531 1.71281301975 -0.541377186775 11.6331262589 1.71281147003 -0.541395783424 11.6331968307 1.71284806728 -0.541431248188 11.6367301941 1.71030402184 -0.541203677654 11.6176395416 1.71723198891 -0.539357483387 11.6367902756 1.71043002605 -0.541275918484 11.6368303299 1.71056604385 -0.541346371174 11.6368398666 1.71070694923 -0.54141330719 11.6368303299 1.71085095406 -0.541474997997 11.6332321167 1.71292340755 -0.541478276253 11.6364402771 1.71148395538 -0.541659772396 11.6367902756 1.71099305153 -0.541530191898 11.6363096237 1.71157205105 -0.541665375233 11.6365499496 1.71138000488 -0.541642785072 11.6367301941 1.71113097668 -0.541577219963 11.6366500854 1.71126103401 -0.541615128517 11.6332216263 1.71299290657 -0.541485309601 11.6331930161 1.71304702759 -0.541483640671 11.6331386566 1.71307241917 -0.541512966156 11.6207199097 1.72057294846 -0.541666209698 11.6329402924 1.71293127537 -0.541401445866 11.6213064194 1.71701824665 -0.540213406086 11.6213827133 1.71703863144 -0.540248334408 11.632941246 1.71301019192 -0.541438341141 11.621430397 1.71717298031 -0.540318071842 11.6214103699 1.71721839905 -0.540334105492 11.621430397 1.71710336208 -0.54028660059 11.6213779449 1.71725773811 -0.540341258049 11.6213083267 1.7172921896 -0.540339708328 11.6214122772 1.71707487106 -0.540274322033 11.6329879761 1.71306443214 -0.541472733021 11.6330652237 1.71308779716 -0.541502416134 11.6212272644 1.71704292297 -0.540191888809 11.621175766 1.71705794334 -0.540236413479 11.6211547852 1.71712446213 -0.540210902691 11.62114048 1.71718156338 -0.540233016014 11.6211671829 1.7172472477 -0.540282905102 11.6204328537 1.7181404829 -0.54050141573 11.6185293198 1.71877205372 -0.540283381939 11.6185035706 1.7186934948 -0.54022359848 11.6185340881 1.71865689754 -0.540158629417 11.6185522079 1.71861493587 -0.540171861649 11.6185674667 1.71857357025 -0.540205717087 11.6186065674 1.71854782104 -0.540212094784 11.618689537 1.71854400635 -0.540220975876 11.6203784943 1.71818864346 -0.540506184101 11.6205701828 1.71814608574 -0.540531694889 11.6212320328 1.71729910374 -0.540295898914 11.6205091476 1.71812224388 -0.540530443192 11.6205825806 1.71814978123 -0.540568172932 11.6206226349 1.71819496155 -0.540596246719 11.6206302643 1.71828448772 -0.540611684322 11.6187553406 1.71858584881 -0.540208041668 11.6187858582 1.71861290932 -0.540293216705 11.6203479767 1.71825671196 -0.540494084358 11.6203403473 1.71830153465 -0.540545403957 11.6206111908 1.71833145618 -0.540624678135 11.6187896729 1.71869647503 -0.540318667889 11.6203699112 1.71836316586 -0.540578603745 11.6205654144 1.71836149693 -0.540661633015 11.6204185486 1.71839785576 -0.540602684021 11.6205301285 1.71839499474 -0.540635108948 11.6199092865 1.71922528744 -0.540844321251 11.6204833984 1.71840727329 -0.540627300739 11.6205797195 1.72064197063 -0.541660487652 11.6204299927 1.72069001198 -0.541643619537 11.6199302673 1.71937954426 -0.540900111198 11.6199293137 1.71926796436 -0.540917813778 11.618771553 1.71874094009 -0.540333092213 11.6197032928 1.71921980381 -0.54079079628 11.6197624207 1.71919989586 -0.540771007538 11.619802475 1.71918392181 -0.540797948837 11.6198501587 1.71918904781 -0.540815591812 11.6196699142 1.71925926208 -0.540799796581 11.6187353134 1.71877205372 -0.540357589722 11.6194877625 1.72041547298 -0.541283905506 11.6185808182 1.71880996227 -0.540318310261 11.6186742783 1.71882164478 -0.540327489376 11.6196498871 1.71930396557 -0.540815711021 11.6196498871 1.71938109398 -0.540853857994 11.6198711395 1.71943354607 -0.540923774242 11.619717598 1.71946561337 -0.540833294392 11.619805336 1.7194570303 -0.540924310684 11.6202802658 1.7207159996 -0.541615903378 11.619758606 1.7194570303 -0.540912866592 11.6201295853 1.72072005272 -0.541578114033 11.6198396683 1.72066104412 -0.541475892067 11.6199798584 1.72070205212 -0.541531026363 11.6197099686 1.72059905529 -0.54141408205 11.6195898056 1.72051799297 -0.541347205639 11.6733999252 1.68520104885 -0.539430201054 11.6734695435 1.68514001369 -0.539420723915 11.6733903885 1.68513095379 -0.539397597313 11.6733198166 1.68513298035 -0.539379179478 11.6731700897 1.68524003029 -0.539388716221 11.6732501984 1.68514597416 -0.539365589619 11.6738500595 1.68522298336 -0.53955757618 11.6762895584 1.68571698666 -0.540414094925 11.6736297607 1.68519496918 -0.539487123489 11.6731700897 1.68516898155 -0.539357423782 11.6731100082 1.68520200253 -0.539354801178 11.6727399826 1.6854159832 -0.539354801178 11.672949791 1.68531298637 -0.539363324642 11.6763496399 1.68573498726 -0.540439128876 11.68612957 1.68773603439 -0.543885827065 11.6836900711 1.68723297119 -0.543025910854 11.6836299896 1.68722403049 -0.543004274368 11.6865100861 1.68780994415 -0.544019281864 11.686340332 1.68779695034 -0.543968379498 11.6865301132 1.6878900528 -0.544061124325 11.6865797043 1.68782997131 -0.544046103954 11.6866397858 1.68786001205 -0.544076323509 11.6866998672 1.68789899349 -0.54410892725 11.6867103577 1.6880120039 -0.544161498547 11.686750412 1.68794798851 -0.544143199921 11.6867904663 1.68800294399 -0.544178426266 11.6868600845 1.68815994263 -0.544267177582 11.6869802475 1.68833100796 -0.544375479221 11.6867904663 1.69300699234 -0.546435117722 11.6874799728 1.69264101982 -0.546449184418 11.6875295639 1.69257998466 -0.546434998512 11.6874399185 1.69270694256 -0.546468615532 11.6874103546 1.69277799129 -0.546492695808 11.6873903275 1.69285094738 -0.546521008015 11.687379837 1.69292497635 -0.546552717686 11.6873903275 1.69299697876 -0.546586990356 11.6865901947 1.69313895702 -0.54644370079 11.6864204407 1.69329500198 -0.546469092369 11.6874103546 1.69306695461 -0.546623110771 11.6862697601 1.69347298145 -0.546510577202 11.6874399185 1.69313097 -0.546660125256 11.6861495972 1.69366800785 -0.546567380428 11.6860704422 1.69387495518 -0.546638071537 11.6860103607 1.69408905506 -0.546720683575 11.6859998703 1.69430494308 -0.546813428402 11.6861600876 1.69490897655 -0.547127902508 11.6892995834 1.69635796547 -0.548599481583 11.6860103607 1.69451701641 -0.546913802624 11.6860704422 1.69472002983 -0.547019481659 11.6871299744 1.69659900665 -0.548143684864 11.6878595352 1.69716405869 -0.548588871956 11.689330101 1.696393013 -0.54862177372 11.6872701645 1.69678795338 -0.548264026642 11.6874399185 1.69694805145 -0.548380613327 11.6876401901 1.69707500935 -0.54848998785 11.6883602142 1.6972219944 -0.548743486404 11.6893796921 1.6964520216 -0.548661887646 11.6881103516 1.69721400738 -0.548674285412 11.6888599396 1.69711399078 -0.54882568121 11.6894397736 1.69650101662 -0.548700273037 11.6886100769 1.69718801975 -0.54879450798 11.6899299622 1.69651699066 -0.548835098743 11.6891002655 1.69700098038 -0.548836171627 11.6899700165 1.69649803638 -0.548836171627 11.6895103455 1.69653701782 -0.548735618591 11.6898498535 1.69654905796 -0.548827826977 11.6895904541 1.69656097889 -0.548766791821 11.6897602081 1.69656705856 -0.548813700676 11.6896800995 1.69657099247 -0.548793196678 11.6896305084 1.70166933537 -0.551079928875 11.6934204102 1.69948601723 -0.551080882549 11.6926298141 1.69811797142 -0.550258874893 11.6887798309 1.70034301281 -0.550259113312 11.689573288 1.70166170597 -0.551060378551 11.6896800995 1.70170497894 -0.551107525826 11.6934509277 1.6995497942 -0.551116645336 11.6897001266 1.70174491405 -0.551131784916 11.6934709549 1.69968545437 -0.551181972027 11.6934499741 1.69982194901 -0.551240086555 11.6897001266 1.70176804066 -0.551143288612 11.6897096634 1.70179235935 -0.551155626774 11.6910400391 1.70705902576 -0.553875505924 11.6885795593 1.70047497749 -0.550267696381 11.6894836426 1.70168757439 -0.551050007343 11.6895360947 1.70166909695 -0.551046967506 11.6884098053 1.70063102245 -0.550293028355 11.6882600784 1.70080900192 -0.550334692001 11.6894493103 1.70172083378 -0.551055490971 11.6881399155 1.70100402832 -0.550391376019 11.6880502701 1.70121097565 -0.550462126732 11.6894197464 1.70175898075 -0.55106651783 11.6867599487 1.70507895947 -0.551870584488 11.6894102097 1.70183360577 -0.551097214222 11.6894102097 1.70180594921 -0.55108499527 11.6894197464 1.70178198814 -0.551074981689 11.6896734238 1.70188105106 -0.551180481911 11.6894397736 1.70189297199 -0.551131606102 11.6910200119 1.70713198185 -0.553903698921 11.6910009384 1.70721650124 -0.553975403309 11.6896343231 1.70191264153 -0.55118727684 11.6894893646 1.70192849636 -0.551159203053 11.6895847321 1.70193183422 -0.551186025143 11.6866903305 1.70550894737 -0.552045881748 11.6867103577 1.7057210207 -0.552146315575 11.6867599487 1.70592403412 -0.55225199461 11.6868495941 1.70611405373 -0.552360415459 11.6867103577 1.70529305935 -0.551953196526 11.6895475388 1.7019367218 -0.551177918911 11.6910400391 1.70734798908 -0.554005920887 11.691069603 1.70741295815 -0.554042875767 11.6956806183 1.7214076519 -0.561552464962 11.714589119 1.74897944927 -0.578904926777 11.7133998871 1.74609196186 -0.577293992043 11.6959247589 1.72141361237 -0.561620354652 11.6958351135 1.72134697437 -0.561566650867 11.6958770752 1.72136521339 -0.561585366726 11.6959190369 1.72139894962 -0.56160569191 11.6957025528 1.72138607502 -0.561550021172 11.695731163 1.72136414051 -0.56154769659 11.6957883835 1.72134757042 -0.561553180218 11.6959295273 1.72142994404 -0.561628818512 11.6959400177 1.72143995762 -0.56163418293 11.6959400177 1.72149968147 -0.561661660671 11.7145328522 1.74903714657 -0.578916311264 11.6959295273 1.72151005268 -0.561664700508 11.6959276199 1.72152912617 -0.561664879322 11.6959180832 1.72154486179 -0.561678469181 11.6958961487 1.72157084942 -0.561687409878 11.6958713531 1.72158873081 -0.561691403389 11.6958112717 1.72162008286 -0.561681389809 11.7124300003 1.75041103363 -0.57898837328 11.7145299911 1.74907302856 -0.578930199146 11.7134389877 1.74614882469 -0.577332258224 11.713549614 1.74624300003 -0.577401518822 11.7136201859 1.74627399445 -0.577433109283 11.7136898041 1.74629497528 -0.57746142149 11.7146492004 1.7489554882 -0.57890856266 11.7146911621 1.74895071983 -0.578919649124 11.7211704254 1.74782502651 -0.580096423626 11.7147626877 1.74896705151 -0.578968048096 11.7147922516 1.74900567532 -0.578982710838 11.7212400436 1.74784505367 -0.580123186111 11.7148103714 1.74903619289 -0.578986883163 11.7213001251 1.7478749752 -0.580153286457 11.7213602066 1.74791502953 -0.580186009407 11.721405983 1.74795973301 -0.580219686031 11.7222499847 1.74940502644 -0.581089198589 11.7148103714 1.74910533428 -0.579019784927 11.7145223618 1.749117136 -0.578930318356 11.7145471573 1.7491799593 -0.578984737396 11.7183904648 1.75162994862 -0.581089377403 11.7147817612 1.7491697073 -0.579039514065 11.7181797028 1.75173401833 -0.581080913544 11.7125501633 1.75058197975 -0.579096794128 11.7179603577 1.75180602074 -0.581055521965 11.7177295685 1.75184500217 -0.581013917923 11.7147436142 1.74920213223 -0.579045593739 11.7172803879 1.75182294846 -0.580886483192 11.717499733 1.75185096264 -0.580957114697 11.7128801346 1.75085198879 -0.57930290699 11.7145986557 1.74921834469 -0.579012572765 11.7126998901 1.75073003769 -0.579202473164 11.7130699158 1.75094401836 -0.579395473003 11.7146940231 1.74922215939 -0.579040646553 11.7132797241 1.75100505352 -0.579478085041 11.7146568298 1.74923110008 -0.57902520895 11.721449852 1.75302195549 -0.582512080669 11.7221403122 1.75265598297 -0.58252620697 11.7221899033 1.75259494781 -0.582512080669 11.7221002579 1.75272297859 -0.582545697689 11.7220697403 1.75279295444 -0.582569777966 11.7220497131 1.75286602974 -0.582597970963 11.7220401764 1.75294005871 -0.582629680634 11.7220497131 1.75301301479 -0.582664012909 11.7212495804 1.75315403938 -0.582520723343 11.7210798264 1.75331103802 -0.582546114922 11.7220697403 1.75308203697 -0.582700073719 11.7209300995 1.7534879446 -0.582587599754 11.7221002579 1.75314700603 -0.582737207413 11.7208099365 1.753682971 -0.582644402981 11.7207202911 1.75389003754 -0.58271497488 11.7206697464 1.75410401821 -0.582797706127 11.7206497192 1.75432002544 -0.582890272141 11.7206697464 1.75453197956 -0.582990825176 11.7207202911 1.75473499298 -0.583096385002 11.7208099365 1.75492501259 -0.583204805851 11.7239599228 1.75637304783 -0.584676504135 11.7217903137 1.75661504269 -0.584220588207 11.7225198746 1.75717997551 -0.584665775299 11.72397995 1.75640904903 -0.584698677063 11.7219200134 1.75680303574 -0.58434087038 11.7220897675 1.7569630146 -0.58445751667 11.7222995758 1.7570899725 -0.584567010403 11.7230100632 1.75723695755 -0.584820389748 11.724029541 1.75646805763 -0.584738910198 11.7227602005 1.75722897053 -0.584751188755 11.7235202789 1.75712895393 -0.584902703762 11.7241001129 1.75651597977 -0.58477717638 11.7232704163 1.75720405579 -0.584871470928 11.7237501144 1.75701701641 -0.58491319418 11.7241697311 1.75655305386 -0.584812581539 11.7245903015 1.7565330267 -0.584912121296 11.7246198654 1.75651705265 -0.58491307497 11.7245101929 1.75656402111 -0.584904789925 11.7242498398 1.75657594204 -0.584843814373 11.7244195938 1.75658202171 -0.584890723228 11.7243299484 1.75658595562 -0.584870100021 11.6893796921 1.59231698513 -0.548627018929 11.6886901855 1.59153401852 -0.548799693584 11.6884403229 1.59150099754 -0.548748612404 11.6881799698 1.59150898457 -0.548679292202 11.6893596649 1.59235203266 -0.548604726791 11.6879396439 1.59155797958 -0.548593997955 11.6894302368 1.59225797653 -0.548667192459 11.6889400482 1.59160804749 -0.548830926418 11.6877202988 1.5916479826 -0.54849511385 11.6891698837 1.59172105789 -0.54884147644 11.6875200272 1.59177494049 -0.548385679722 11.6899900436 1.59219300747 -0.548840522766 11.6900196075 1.59221196175 -0.54884147644 11.6896495819 1.59214901924 -0.548772215843 11.6897296906 1.59213900566 -0.548798501492 11.6898202896 1.59214305878 -0.548819005489 11.6899003983 1.59216105938 -0.548833072186 11.689499855 1.59220898151 -0.548705518246 11.6895704269 1.59217298031 -0.548740804195 11.6873397827 1.59193503857 -0.548268973827 11.687210083 1.59212398529 -0.548148691654 11.6875 1.59557902813 -0.546665370464 11.6862297058 1.59381401539 -0.547132909298 11.6861495972 1.59400296211 -0.547024607658 11.6860904694 1.59420597553 -0.546918928623 11.6860704422 1.59441900253 -0.546818494797 11.6860904694 1.59463405609 -0.546725809574 11.6861400604 1.59484803677 -0.546643197536 11.6862297058 1.59505498409 -0.546572625637 11.6863498688 1.59525001049 -0.546515822411 11.6874704361 1.59564399719 -0.546628415585 11.6864995956 1.59542798996 -0.546474277973 11.6874504089 1.59571301937 -0.54659229517 11.6866703033 1.59558403492 -0.546448886395 11.6868696213 1.5957159996 -0.546440422535 11.6874399185 1.59578502178 -0.546558082104 11.6875896454 1.59613001347 -0.546440422535 11.6875295639 1.59606897831 -0.54645472765 11.6874904633 1.59600305557 -0.546474099159 11.6874599457 1.59593200684 -0.546498179436 11.6874504089 1.59585905075 -0.546526372433 11.687210083 1.60006797314 -0.542764723301 11.6871595383 1.60007202625 -0.542747795582 11.6872797012 1.59994995594 -0.542835474014 11.6871795654 1.60012197495 -0.542730212212 11.6871299744 1.60017096996 -0.542695403099 11.6869802475 1.60019397736 -0.542647302151 11.6870698929 1.60021102428 -0.542662382126 11.6869401932 1.60026097298 -0.542605578899 11.6867904663 1.60028600693 -0.542554676533 11.6870002747 1.6002420187 -0.542631924152 11.686750412 1.60029900074 -0.542539417744 11.6824798584 1.59735405445 -0.542756319046 11.6835203171 1.60049402714 -0.541612029076 11.6824398041 1.59724402428 -0.542794883251 11.683549881 1.60055601597 -0.541590809822 11.6733999252 1.60277295113 -0.537948727608 11.6735296249 1.60286998749 -0.537940084934 11.6731901169 1.60266900063 -0.537940084934 11.673620224 1.60284495354 -0.537974119186 11.6736001968 1.60290300846 -0.537942826748 11.6738500595 1.60288405418 -0.538015723228 11.6737499237 1.60293996334 -0.537964820862 11.6736698151 1.60292696953 -0.537951111794 11.674079895 1.60289001465 -0.538072407246 11.6738901138 1.6029330492 -0.538006007671 11.6738195419 1.6029419899 -0.537983477116 11.6741199493 1.60288798809 -0.538083970547 11.579580307 1.54818201065 -0.538138389587 11.578789711 1.54582595825 -0.538994908333 11.5787696838 1.54576003551 -0.539020180702 11.5796899796 1.54855501652 -0.538001477718 11.5796604156 1.54838895798 -0.538067817688 11.5797796249 1.54858398438 -0.538011014462 11.5797195435 1.54862201214 -0.537978470325 11.5799303055 1.54876196384 -0.537969529629 11.5798101425 1.54874300957 -0.537946581841 11.5797595978 1.54868495464 -0.537960112095 11.579870224 1.54879403114 -0.537938296795 11.5801000595 1.54891896248 -0.537944078445 11.5799303055 1.54883694649 -0.537935495377 11.5803003311 1.54904997349 -0.537935495377 11.5756196976 1.53544902802 -0.54284799099 11.575510025 1.53558802605 -0.542759180069 11.5756998062 1.53525996208 -0.542956411839 11.5755596161 1.53565204144 -0.542742311954 11.5754899979 1.53564894199 -0.542724013329 11.5754699707 1.53571498394 -0.542689681053 11.5755395889 1.53586494923 -0.542641878128 11.575460434 1.53578400612 -0.542657077312 11.5754699707 1.53585398197 -0.542626976967 11.5754804611 1.53592395782 -0.542600095272 11.5755596161 1.53608000278 -0.542549312115 11.5756101608 1.53629398346 -0.542466580868 11.5763902664 1.53865194321 -0.541606724262 11.5764198303 1.53871500492 -0.541585087776 11.5825996399 1.52387797832 -0.549883425236 11.5824203491 1.5239109993 -0.549820780754 11.5826396942 1.52386498451 -0.549898386002 11.5824098587 1.52397096157 -0.549790680408 11.5823497772 1.52392995358 -0.549793899059 11.5822896957 1.52396094799 -0.549763917923 11.5822296143 1.52400004864 -0.549731194973 11.5822296143 1.52409303188 -0.549690306187 11.5821800232 1.52404797077 -0.549696803093 11.5821399689 1.52410399914 -0.549661695957 11.5820798874 1.52424097061 -0.549584686756 11.5819597244 1.52441203594 -0.549476325512 11.6102600098 1.47542798519 -0.578924894333 11.610159874 1.47556602955 -0.578836202621 11.6103496552 1.47523796558 -0.579033315182 11.6102104187 1.47563099861 -0.578819274902 11.6101303101 1.47562801838 -0.578800976276 11.6101102829 1.47569394112 -0.578766703606 11.6101903915 1.47584295273 -0.578718781471 11.6101102829 1.47576296329 -0.578734099865 11.6101102829 1.47583305836 -0.578703999519 11.6101303101 1.47590196133 -0.578677177429 11.6102104187 1.47605895996 -0.578626215458 11.6102600098 1.47627294064 -0.578543484211 11.6124601364 1.4828799963 -0.576136827469 11.6124200821 1.48276698589 -0.576179027557 11.724029541 1.53229498863 -0.584703981876 11.72315979 1.53148496151 -0.584842920303 11.7229299545 1.53147900105 -0.584786117077 11.7239999771 1.53233098984 -0.584681689739 11.7227096558 1.53150701523 -0.584715485573 11.7233896255 1.53152394295 -0.584884524345 11.7224998474 1.53156805038 -0.584632873535 11.7240800858 1.53223598003 -0.584744095802 11.7236099243 1.53159701824 -0.584909915924 11.7222995758 1.53166103363 -0.584540188313 11.7238197327 1.53170001507 -0.584918498993 11.7221298218 1.53178298473 -0.584439814091 11.7246303558 1.53217101097 -0.584917426109 11.7246599197 1.53218603134 -0.584918498993 11.7242898941 1.53212797642 -0.584849119186 11.7243795395 1.53211796284 -0.584875404835 11.7244596481 1.53212201595 -0.584895908833 11.7245502472 1.53214001656 -0.584910094738 11.7241401672 1.5321880579 -0.584782481194 11.7242202759 1.53215098381 -0.584817826748 11.7219800949 1.53193104267 -0.584334015846 11.7218599319 1.53210198879 -0.584225714207 11.7221403122 1.53555703163 -0.582742393017 11.7208795547 1.53379201889 -0.583209872246 11.7207899094 1.5339820385 -0.583101570606 11.7207403183 1.53418505192 -0.582995891571 11.7207202911 1.53439700603 -0.58289539814 11.7207403183 1.53461301327 -0.582802772522 11.7207899094 1.53482699394 -0.582720220089 11.7208795547 1.53503394127 -0.582649588585 11.7209997177 1.53522801399 -0.582592785358 11.7221097946 1.53562200069 -0.582705378532 11.7211503983 1.53540599346 -0.582551300526 11.7220897675 1.53569197655 -0.582669317722 11.7213201523 1.5355629921 -0.582525908947 11.7215099335 1.53569400311 -0.582517325878 11.7220897675 1.53576397896 -0.582635104656 11.7222299576 1.53610897064 -0.582517385483 11.7221803665 1.5360480547 -0.582531571388 11.7221403122 1.53598105907 -0.582551002502 11.7221097946 1.53591096401 -0.582575082779 11.7220897675 1.53583800793 -0.582603394985 11.7240695953 1.51531302929 -0.590567886829 11.7241096497 1.51538097858 -0.590545594692 11.7239599228 1.5152490139 -0.590567886829 11.7241401672 1.51535594463 -0.590565085411 11.7241897583 1.51540696621 -0.590556919575 11.7242498398 1.51555895805 -0.59050399065 11.724240303 1.51546502113 -0.59054338932 11.7242803574 1.51552796364 -0.59052491188 11.7243099213 1.51559495926 -0.590502023697 11.7243404388 1.51569795609 -0.590464770794 11.6340303421 1.46281194687 -0.590800225735 11.6351995468 1.46108198166 -0.591882824898 11.6352701187 1.46107304096 -0.591905713081 11.6353397369 1.46107494831 -0.591924190521 11.6354198456 1.46108794212 -0.591937720776 11.6351299286 1.46110200882 -0.591856002808 11.6354904175 1.46111094952 -0.591945886612 11.6350698471 1.46113204956 -0.591825902462 11.6355600357 1.46114504337 -0.59194868803 11.6350097656 1.46117198467 -0.591793179512 11.6608800888 1.47626101971 -0.591724872589 11.6606702805 1.47564303875 -0.591949999332 11.6349201202 1.46127605438 -0.591723680496 11.6349601746 1.46122002602 -0.591758906841 11.6599903107 1.4777970314 -0.590801477432 11.6339902878 1.46287095547 -0.590762913227 11.6600799561 1.47834897041 -0.590576410294 11.633939743 1.46292197704 -0.590726613998 11.6600399017 1.4782910347 -0.590589821339 11.6599597931 1.47786295414 -0.590764224529 11.6599397659 1.4779330492 -0.590727806091 11.6599397659 1.47800505161 -0.590693414211 11.6599502563 1.47808003426 -0.590661585331 11.6599597931 1.47815299034 -0.590633273125 11.6599903107 1.47822403908 -0.590609073639 11.6338796616 1.46296298504 -0.590692102909 11.6338100433 1.46299505234 -0.590660274029 11.6337404251 1.46301603317 -0.590632021427 11.6335897446 1.46302199364 -0.590588510036 11.6335096359 1.46300899982 -0.590574979782 11.6336603165 1.46302497387 -0.590607881546 11.6609096527 1.47619903088 -0.591760098934 11.6607398987 1.47568595409 -0.591947197914 11.6609296799 1.47613298893 -0.591794490814 11.6609296799 1.47606396675 -0.591827094555 11.6609296799 1.47599494457 -0.591857194901 11.6607904434 1.47573697567 -0.591938912868 11.6608400345 1.47579395771 -0.591925382614 11.6608800888 1.4758579731 -0.591907024384 11.6609096527 1.47592496872 -0.591884076595 11.6645202637 1.48040997982 -0.590801596642 11.6656799316 1.47868001461 -0.591884315014 11.6657495499 1.4786709547 -0.591907203197 11.6658296585 1.47867298126 -0.591925680637 11.6644802094 1.48046803474 -0.590764582157 11.6659002304 1.47868597507 -0.591939210892 11.6656103134 1.47870004177 -0.591857373714 11.6659803391 1.47870898247 -0.591947376728 11.6655502319 1.4787299633 -0.591827273369 11.6660404205 1.47874295712 -0.591950297356 11.6654901505 1.47877001762 -0.591794729233 11.691160202 1.49324095249 -0.591951370239 11.6654100418 1.47887301445 -0.591725170612 11.6654500961 1.47881805897 -0.591760396957 11.6913700104 1.49385905266 -0.591726481915 11.6644296646 1.48051905632 -0.590728521347 11.6913900375 1.49379694462 -0.59176170826 11.6913299561 1.49339199066 -0.59192687273 11.6913700104 1.49345600605 -0.5919085145 11.6913900375 1.49352300167 -0.591885626316 11.6914100647 1.49359202385 -0.591858804226 11.6914196014 1.4936619997 -0.591828584671 11.6914100647 1.49373102188 -0.59179598093 11.6912202835 1.49328398705 -0.59194868803 11.691280365 1.49333500862 -0.591940522194 11.6904497147 1.49546098709 -0.590765714645 11.6643695831 1.48056101799 -0.590694189072 11.6904802322 1.49539494514 -0.590803027153 11.6642999649 1.48059201241 -0.590662479401 11.6642303467 1.48061299324 -0.590634286404 11.6904296875 1.49553096294 -0.590729415417 11.6904201508 1.49560296535 -0.590694904327 11.6639995575 1.48060703278 -0.590576529503 11.6905202866 1.49588894844 -0.590591311455 11.6905698776 1.49594700336 -0.5905777812 11.6904802322 1.49582195282 -0.590610682964 11.6904296875 1.495677948 -0.590663075447 11.6904497147 1.49575102329 -0.590634822845 11.6640701294 1.48062098026 -0.590590715408 11.664150238 1.48062300682 -0.590610206127 11.6949996948 1.49800801277 -0.590803205967 11.6961698532 1.49627900124 -0.591884970665 11.6962404251 1.49626898766 -0.591908216476 11.6963100433 1.49627101421 -0.59192687273 11.6949596405 1.49806594849 -0.590766072273 11.696390152 1.49628400803 -0.591940581799 11.696100235 1.4962990284 -0.591857910156 11.6964597702 1.49630701542 -0.591948926449 11.6960296631 1.49632894993 -0.591827511787 11.6965303421 1.49634099007 -0.591951727867 11.695980072 1.49636995792 -0.591794610023 11.7216501236 1.51083898544 -0.591952979565 11.6958904266 1.4964710474 -0.591726720333 11.6959295273 1.49641895294 -0.591759979725 11.6949100494 1.49811697006 -0.590730011463 11.694849968 1.49815905094 -0.590695679188 11.6947898865 1.49819004536 -0.590664029121 11.6947097778 1.49821102619 -0.59063577652 11.721039772 1.5135320425 -0.59058201313 11.7210502625 1.51354503632 -0.590579390526 11.6944799423 1.49820494652 -0.590578019619 11.720990181 1.51346302032 -0.590599477291 11.7209100723 1.51314401627 -0.590723514557 11.7209100723 1.51322495937 -0.59068608284 11.7209300995 1.51306605339 -0.590763270855 11.7209196091 1.51330697536 -0.590652287006 11.7209501266 1.5133869648 -0.59062319994 11.7209596634 1.5129929781 -0.59080439806 11.694560051 1.49821901321 -0.590592205524 11.6946401596 1.49822103977 -0.590611577034 11.7218503952 1.5114569664 -0.591727972031 11.7217102051 1.51087903976 -0.59195047617 11.7217597961 1.51092994213 -0.591942489147 11.7218799591 1.51139497757 -0.59176337719 11.7218103409 1.51098799706 -0.591929078102 11.7218503952 1.51105105877 -0.591910719872 11.7218799591 1.51111900806 -0.591887772083 11.7218999863 1.51118898392 -0.591860890388 11.7218999863 1.51125895977 -0.591830670834 11.7218999863 1.51132905483 -0.591797888279 11.6301898956 1.46125900745 -0.590499401093 11.630109787 1.46121704578 -0.590497374535 11.6301803589 1.46120798588 -0.590520322323 11.6302499771 1.46121001244 -0.590538799763 11.6304197311 1.46129798889 -0.590541005135 11.6303300858 1.46122300625 -0.590552210808 11.6299600601 1.46125304699 -0.590442597866 11.6299200058 1.46125495434 -0.590431213379 11.630399704 1.46124601364 -0.590560495853 11.6304702759 1.46127998829 -0.590563297272 11.6305999756 1.46135604382 -0.590563297272 11.6280403137 1.4654610157 -0.588044524193 11.6269798279 1.46232402325 -0.589185476303 11.6269702911 1.46226000786 -0.589210093021 11.6280698776 1.46557295322 -0.588002502918 11.6172504425 1.46385705471 -0.585960328579 11.6170701981 1.4638890028 -0.585897922516 11.6172895432 1.46384394169 -0.585975706577 11.6170501709 1.46395003796 -0.585867702961 11.6169996262 1.46390902996 -0.585870981216 11.6169300079 1.46393895149 -0.585840880871 11.6168804169 1.46397900581 -0.58580827713 11.6168804169 1.46407198906 -0.585767328739 11.6168298721 1.46402704716 -0.58577388525 11.6167898178 1.46408200264 -0.58573871851 11.6167297363 1.464220047 -0.585661590099 11.6166095734 1.46439099312 -0.585553228855 11.6167001724 1.46452903748 -0.587317109108 11.6168804169 1.46449697018 -0.587379574776 11.6169204712 1.46448397636 -0.587394893169 11.6166801453 1.46458899975 -0.587286889553 11.6166296005 1.46454894543 -0.587290227413 11.6165599823 1.46457898617 -0.587260127068 11.6165103912 1.46471095085 -0.587186515331 11.6165103912 1.46461796761 -0.587227523327 11.6164598465 1.46466696262 -0.587193071842 11.6164197922 1.46472203732 -0.587158024311 11.6163597107 1.46485996246 -0.587080717087 11.6162395477 1.46503102779 -0.586972475052 11.6266202927 1.46296405792 -0.5906047225 11.6276702881 1.46610105038 -0.589463710785 11.6266002655 1.46289896965 -0.590629279613 11.627699852 1.4662129879 -0.58942180872 11.6297397614 1.46185696125 -0.591916620731 11.62981987 1.46189904213 -0.591918587685 11.6298103333 1.46184802055 -0.591939508915 11.6298904419 1.46185004711 -0.591957986355 11.6299600601 1.46186196804 -0.5919713974 11.6295499802 1.46189498901 -0.591850280762 11.6295900345 1.46189296246 -0.591861784458 11.6300497055 1.46193802357 -0.591960191727 11.6300296783 1.46188604832 -0.591979682446 11.6301002502 1.46191895008 -0.591982483864 11.63022995 1.46199595928 -0.591982483864 11.6345930099 1.46184301376 -0.593194127083 11.6396789551 1.46437609196 -0.593367695808 11.6350469589 1.46159815788 -0.593188345432 11.6356801987 1.46511507034 -0.591994643211 11.6335582733 1.46361601353 -0.592132151127 11.6377496719 1.46920704842 -0.590687096119 11.6378803253 1.46928203106 -0.590687096119 11.6383066177 1.47038555145 -0.590290427208 11.6386766434 1.46974122524 -0.590679824352 11.6331510544 1.46365463734 -0.591993272305 11.6413402557 1.4712818861 -0.590687096119 11.6446475983 1.46724426746 -0.593367815018 11.6396102905 1.47028195858 -0.590687334538 11.6332893372 1.46927595139 -0.589496791363 11.6373701096 1.46985197067 -0.5902993083 11.6374998093 1.46992695332 -0.5902993083 11.6391096115 1.47085213661 -0.590299844742 11.6394796371 1.47020697594 -0.590687215328 11.6392402649 1.47092700005 -0.590299427509 11.6403398514 1.47070705891 -0.590687274933 11.6404695511 1.47078180313 -0.590686619282 11.6380643845 1.47263479233 -0.589224457741 11.6337099075 1.47011697292 -0.589217364788 11.640045166 1.47137117386 -0.590258598328 11.6408395767 1.47185218334 -0.590299904346 11.6412096024 1.47120702267 -0.590687274933 11.6409702301 1.47192704678 -0.590299427509 11.641699791 1.47235155106 -0.590298473835 11.642080307 1.47170686722 -0.590687096119 11.6422100067 1.47178208828 -0.590687572956 11.6418304443 1.47242701054 -0.590299487114 11.6425695419 1.47285175323 -0.590298950672 11.6448001862 1.47328209877 -0.59068775177 11.6494903564 1.47004067898 -0.593367695808 11.6438627243 1.4727653265 -0.590733349323 11.6430702209 1.47228205204 -0.590687394142 11.6434402466 1.47335207462 -0.590299963951 11.6429395676 1.47220695019 -0.590687394142 11.6427001953 1.4729269743 -0.590299487114 11.6443004608 1.47385203838 -0.590299606323 11.6446695328 1.47320699692 -0.590687394142 11.6435699463 1.47342705727 -0.590299606323 11.6464977264 1.47420454025 -0.590600311756 11.6447210312 1.47648096085 -0.589229285717 11.6444301605 1.47392702103 -0.590299606323 11.645236969 1.47438693047 -0.590293943882 11.6473360062 1.47474193573 -0.590683162212 11.6604995728 1.47639894485 -0.59337002039 11.6455402374 1.47370696068 -0.590687513351 11.6456699371 1.47378194332 -0.590687513351 11.6482057571 1.47524321079 -0.59068608284 11.646900177 1.47535181046 -0.590299189091 11.6461868286 1.4747300148 -0.589952647686 11.6470298767 1.47542738914 -0.590300559998 11.6498699188 1.47620606422 -0.590687930584 11.647769928 1.47585201263 -0.590299785137 11.6478996277 1.47592711449 -0.590299963951 11.6486301422 1.47635185719 -0.590299487114 11.6490001678 1.47570598125 -0.590687692165 11.6491298676 1.4757809639 -0.590687692165 11.6487598419 1.47642731667 -0.590300619602 11.6508703232 1.47678101063 -0.590687632561 11.6507396698 1.47670578957 -0.590687274933 11.6499996185 1.47628104687 -0.590687692165 11.6494998932 1.47685205936 -0.590299904346 11.6496295929 1.47692716122 -0.590300142765 11.651599884 1.47720599174 -0.590687811375 11.6605453491 1.4768487215 -0.593175828457 11.6504592896 1.47733795643 -0.590178728104 11.6513319016 1.47782409191 -0.590154767036 11.6517295837 1.47728097439 -0.590687811375 11.6573295593 1.47761201859 -0.591995477676 11.6520996094 1.47835099697 -0.590300023556 11.652469635 1.47770595551 -0.590687870979 11.659579277 1.47850823402 -0.592171669006 11.6526002884 1.47778105736 -0.590687870979 11.6550483704 1.48155939579 -0.589619576931 11.659617424 1.47898507118 -0.59208470583 11.6522302628 1.4784270525 -0.590300023556 11.653927803 1.48180353642 -0.589242041111 11.6545677185 1.48185586929 -0.589322626591 11.6651115417 1.47939372063 -0.593248844147 11.6708498001 1.48236846924 -0.59337002039 11.6655654907 1.47929286957 -0.593317210674 11.6640644073 1.48119008541 -0.592156052589 11.6660957336 1.48267519474 -0.591996669769 11.6682949066 1.48684239388 -0.590688705444 11.6686000824 1.48791503906 -0.590283632278 11.6687202454 1.48794996738 -0.590300798416 11.6690998077 1.48730504513 -0.590688705444 11.6692304611 1.48738050461 -0.590689718723 11.6636428833 1.48128974438 -0.592056274414 11.6700248718 1.48784244061 -0.59068852663 11.6792640686 1.48722660542 -0.593368589878 11.6678600311 1.48745000362 -0.590300679207 11.6638374329 1.48728406429 -0.589326620102 11.6637802124 1.4866976738 -0.589559555054 11.6679897308 1.48752605915 -0.590300679207 11.6688499451 1.48802495003 -0.590300798416 11.6696538925 1.48848938942 -0.590304791927 11.664191246 1.48771893978 -0.589224040508 11.6704597473 1.48895001411 -0.590300798416 11.673368454 1.48889923096 -0.591081976891 11.6709604263 1.48838019371 -0.5906894207 11.6708297729 1.48830497265 -0.590688824654 11.6725597382 1.4893052578 -0.590689301491 11.6726903915 1.48937988281 -0.590688586235 11.6718301773 1.48888003826 -0.590688824654 11.6716995239 1.48880505562 -0.590688824654 11.6713199615 1.48944997787 -0.590300917625 11.6705904007 1.48902475834 -0.590300500393 11.6714496613 1.48952460289 -0.590300023556 11.6721897125 1.48995041847 -0.590302109718 11.6723203659 1.49002504349 -0.59030097723 11.672914505 1.49275445938 -0.589225888252 11.6742897034 1.49030447006 -0.590687990189 11.6744203568 1.49038004875 -0.590689003468 11.6734867096 1.48985719681 -0.590721726418 11.6739196777 1.49094998837 -0.590300917625 11.673116684 1.49050223827 -0.590333819389 11.6747903824 1.49144995213 -0.590301096439 11.6752166748 1.49085712433 -0.590721428394 11.6740503311 1.49102497101 -0.59030097723 11.6760692596 1.49138772488 -0.590787887573 11.6756496429 1.49194967747 -0.590300321579 11.6749200821 1.49152493477 -0.59030097723 11.6757802963 1.49202501774 -0.590301096439 11.6750450134 1.49398362637 -0.589226365089 11.6786851883 1.49284231663 -0.59068864584 11.6908493042 1.49391651154 -0.593371748924 11.6778106689 1.4923671484 -0.590743541718 11.6769485474 1.49185431004 -0.590715348721 11.6774511337 1.4929933548 -0.590314328671 11.6765203476 1.49244999886 -0.590301096439 11.6766500473 1.4925249815 -0.590301215649 11.6801671982 1.4935400486 -0.590759158134 11.6783132553 1.49349033833 -0.590307533741 11.6795530319 1.4933450222 -0.590697050095 11.6791200638 1.49395000935 -0.590301275253 11.6768760681 1.49504160881 -0.58922535181 11.6792497635 1.49402499199 -0.590301275253 11.679980278 1.49444973469 -0.590300858021 11.6812858582 1.49433994293 -0.590685725212 11.6804895401 1.49387896061 -0.590689301491 11.6803598404 1.49380397797 -0.590689301491 11.6801099777 1.49452483654 -0.590300917625 11.6910915375 1.49431800842 -0.593259096146 11.6809339523 1.49495398998 -0.590227007866 11.680478096 1.49712073803 -0.589227437973 11.6820898056 1.4948040247 -0.590689301491 11.68171978 1.49545001984 -0.590301513672 11.682220459 1.49487900734 -0.590689301491 11.6877498627 1.49517202377 -0.591996908188 11.6818504333 1.49552500248 -0.590301513672 11.6825799942 1.49594902992 -0.590301513672 11.6830196381 1.49534201622 -0.590695619583 11.6900186539 1.49620950222 -0.592127621174 11.6901931763 1.49657618999 -0.591985285282 11.6854324341 1.49917936325 -0.589597046375 11.6827096939 1.49602496624 -0.590301513672 11.684463501 1.4996945858 -0.589712679386 11.6956014633 1.49697685242 -0.593191802502 11.6994256973 1.49886476994 -0.593371212482 11.6960725784 1.49687170982 -0.593271970749 11.6945362091 1.49881350994 -0.592156291008 11.6965208054 1.50023436546 -0.591997027397 11.698849678 1.50447797775 -0.590690076351 11.6992759705 1.50558412075 -0.5902993083 11.6987199783 1.50440299511 -0.590690076351 11.6996459961 1.50493812561 -0.590685009956 11.7005157471 1.50543928146 -0.590687453747 11.6941165924 1.49885857105 -0.592014193535 11.7055034637 1.50237321854 -0.593371927738 11.6942119598 1.50423133373 -0.589598536491 11.6946811676 1.50531935692 -0.589226186275 11.698340416 1.50504803658 -0.590302228928 11.7069740295 1.50779819489 -0.591308832169 11.7124290466 1.50636708736 -0.59336578846 11.6984701157 1.50512397289 -0.590302288532 11.6942825317 1.50489711761 -0.589278638363 11.7001571655 1.50606369972 -0.59025400877 11.701004982 1.50658547878 -0.590302169323 11.7013731003 1.50594389439 -0.590697824955 11.7047796249 1.5079035759 -0.590691626072 11.7022457123 1.5064381361 -0.59068518877 11.7018756866 1.5070836544 -0.590298295021 11.7030496597 1.50690305233 -0.59069031477 11.7031803131 1.50697815418 -0.590690612793 11.7026700974 1.50754797459 -0.590302526951 11.7027997971 1.50762295723 -0.590302526951 11.7019281387 1.5095051527 -0.589230239391 11.70911026 1.51040220261 -0.59069108963 11.7083702087 1.50997686386 -0.590690374374 11.7049102783 1.50797796249 -0.590690374374 11.7039871216 1.50741899014 -0.590642631054 11.7044095993 1.50854814053 -0.590302765369 11.7036170959 1.5080640316 -0.59025478363 11.7052698135 1.50904798508 -0.590302586555 11.7056503296 1.50840294361 -0.590690493584 11.7045402527 1.50862300396 -0.590302586555 11.7057800293 1.50847804546 -0.590690493584 11.7054004669 1.50912296772 -0.590302586555 11.70454216 1.51100945473 -0.589228689671 11.7066402435 1.50897800922 -0.590690493584 11.7069997787 1.51004755497 -0.590301692486 11.7065095901 1.50890302658 -0.590690493584 11.7061395645 1.50954794884 -0.590302705765 11.7062702179 1.50962305069 -0.590302705765 11.709980011 1.51090252399 -0.590691626072 11.7213668823 1.51153147221 -0.593373119831 11.7082395554 1.50990200043 -0.590690612793 11.7075309753 1.50929224491 -0.590361714363 11.7078695297 1.51054787636 -0.590302348137 11.7071304321 1.51012301445 -0.590302705765 11.7080001831 1.51062297821 -0.590302705765 11.7087402344 1.51104831696 -0.59030354023 11.7092399597 1.51047694683 -0.590690612793 11.7088699341 1.51112294197 -0.590302824974 11.7101097107 1.51097774506 -0.590692222118 11.7073774338 1.51264965534 -0.58922958374 11.7118396759 1.51197683811 -0.590690612793 11.7117099762 1.51190173626 -0.59069031477 11.7109699249 1.51147699356 -0.590690672398 11.7108402252 1.51140201092 -0.590690672398 11.7104701996 1.51204800606 -0.590302824974 11.7097301483 1.51162266731 -0.590302169323 11.7096004486 1.5115480423 -0.590302824974 11.7105998993 1.5121229887 -0.590302884579 11.7113304138 1.51254761219 -0.590302109718 11.7215671539 1.51194047928 -0.593238890171 11.7126407623 1.51242899895 -0.590667307377 11.718170166 1.51273298264 -0.591998517513 11.7122001648 1.51304805279 -0.590302884579 11.7114601135 1.51262247562 -0.59030175209 11.7123298645 1.51312327385 -0.590303301811 11.7130699158 1.51354694366 -0.590303003788 11.7135038376 1.51294207573 -0.590696752071 11.7205095291 1.51424670219 -0.592308342457 11.7205553055 1.5137039423 -0.592182695866 11.7158222198 1.51678776741 -0.589561760426 11.7149820328 1.51695227623 -0.589087605476 11.7131996155 1.51362299919 -0.590303003788 11.723739624 1.51602101326 -0.591964781284 11.7236995697 1.51595294476 -0.591987073421 11.7235898972 1.51588904858 -0.591987073421 11.7237701416 1.51599597931 -0.591984272003 11.7238197327 1.51604700089 -0.591976106167 11.7238798141 1.51619899273 -0.591923177242 11.7238702774 1.51610505581 -0.591962575912 11.7239103317 1.51616799831 -0.591944217682 11.7239398956 1.51623499393 -0.591921210289 11.7239704132 1.51633703709 -0.591884016991 11.7218599319 1.54004597664 -0.578841686249 11.7217998505 1.54005002975 -0.578824818134 11.7219295502 1.53992795944 -0.578912496567 11.7218198776 1.54009997845 -0.578807413578 11.7217702866 1.54014897346 -0.578772783279 11.7216300964 1.54017198086 -0.578724324703 11.7217197418 1.54018902779 -0.578740000725 11.7215795517 1.54023897648 -0.578682720661 11.7214298248 1.5402649641 -0.578631699085 11.7216501236 1.54021894932 -0.578709721565 11.7214002609 1.54027795792 -0.57861661911 11.7281198502 1.52891802788 -0.58729237318 11.7281503677 1.52886605263 -0.587322473526 11.7281103134 1.52876400948 -0.587359786034 11.7281703949 1.52893602848 -0.58729571104 11.728099823 1.52913105488 -0.587191998959 11.7281703949 1.52907502651 -0.587233006954 11.7281703949 1.52900600433 -0.587265610695 11.7281503677 1.52914094925 -0.587198615074 11.7280597687 1.52930104733 -0.587104201317 11.7281198502 1.52920198441 -0.587163507938 11.7285203934 1.52822601795 -0.585903286934 11.7284898758 1.52827894688 -0.585873186588 11.7284803391 1.5281239748 -0.585940599442 11.7285404205 1.5282959938 -0.585876524448 11.7285404205 1.52836596966 -0.585846424103 11.7284698486 1.5284910202 -0.585772812366 11.7285404205 1.52843499184 -0.585813820362 11.7285203934 1.52850103378 -0.585779428482 11.7284898758 1.52856194973 -0.585744202137 11.7284297943 1.52866101265 -0.585685014725 11.7177038193 1.53733742237 -0.580793082714 11.7178001404 1.5368720293 -0.581018924713 11.7175703049 1.53686594963 -0.580962121487 11.7173500061 1.53689396381 -0.580891489983 11.7177591324 1.53733503819 -0.580807209015 11.7180299759 1.53691101074 -0.581060528755 11.713350296 1.53771197796 -0.579482972622 11.7176103592 1.53743731976 -0.580715298653 11.7176418304 1.53737258911 -0.580751776695 11.7178068161 1.53734648228 -0.580809414387 11.7182502747 1.53698396683 -0.581085920334 11.7178478241 1.53737592697 -0.580807566643 11.718460083 1.53708696365 -0.581094384193 11.7179002762 1.53745317459 -0.58078366518 11.7210102081 1.5385620594 -0.581094503403 11.717880249 1.5374070406 -0.580798983574 11.7176103592 1.53748738766 -0.580693602562 11.7179002762 1.53752291203 -0.580751121044 11.7129402161 1.53786599636 -0.579307615757 11.712770462 1.53798794746 -0.579207181931 11.713139534 1.53777301311 -0.57940030098 11.7126197815 1.5381360054 -0.579101502895 11.7124996185 1.53830695152 -0.578993201256 11.7176303864 1.53753197193 -0.580678999424 11.7178897858 1.53754401207 -0.580739021301 11.7212495804 1.53867399693 -0.581104874611 11.7134752274 1.54257106781 -0.577324748039 11.7176628113 1.5375636816 -0.580671727657 11.7178697586 1.53756296635 -0.580726981163 11.7214899063 1.54068601131 -0.58026099205 11.7213497162 1.54082894325 -0.580158829689 11.7214002609 1.54078996181 -0.580191373825 11.721280098 1.54085898399 -0.580128729343 11.7178602219 1.5375790596 -0.580715298653 11.721449852 1.5407409668 -0.58022582531 11.7177047729 1.5375931263 -0.580668151379 11.7212095261 1.54087901115 -0.580101907253 11.7177972794 1.53760516644 -0.580688357353 11.7177553177 1.53760445118 -0.580672740936 11.7136001587 1.54246294498 -0.577406525612 11.7136697769 1.54243099689 -0.577438116074 11.7137403488 1.54241001606 -0.57746642828 11.7135400772 1.54250502586 -0.577372074127 11.6894397736 1.58201086521 -0.553288400173 11.6894807816 1.58201098442 -0.553299367428 11.6869297028 1.58260905743 -0.552365124226 11.6893959045 1.58202254772 -0.553269922733 11.6895275116 1.58202397823 -0.553304731846 11.7227039337 1.53848540783 -0.581575989723 11.7228403091 1.53835701942 -0.581660985947 11.722530365 1.53860104084 -0.581472814083 11.7224597931 1.53863894939 -0.581436991692 11.7223396301 1.5386929512 -0.58138012886 11.7214708328 1.53874278069 -0.581130087376 11.722240448 1.53872704506 -0.581339120865 11.7221298218 1.53875398636 -0.581297516823 11.7216796875 1.53877604008 -0.581170082092 11.7220001221 1.53877496719 -0.581254601479 11.7218999863 1.53878200054 -0.581226885319 11.7217502594 1.53878200054 -0.581186175346 11.6911201477 1.58129703999 -0.554047882557 11.689573288 1.58205604553 -0.553299486637 11.6895999908 1.5820851326 -0.553295731544 11.6910896301 1.58136105537 -0.554010927677 11.691069603 1.58143103123 -0.553974688053 11.6910686493 1.58157682419 -0.553911149502 11.6910896301 1.58165001869 -0.553880512714 11.689620018 1.58212995529 -0.553280174732 11.689620018 1.58217775822 -0.55325961113 11.6934995651 1.58888804913 -0.551245510578 11.6893386841 1.58207345009 -0.553253173828 11.689330101 1.58209300041 -0.553223729134 11.689330101 1.58216369152 -0.553192019463 11.6893501282 1.58221030235 -0.553174972534 11.6868400574 1.58279800415 -0.552256703377 11.6867904663 1.58300197124 -0.552151024342 11.6867704391 1.58321404457 -0.552050709724 11.6895914078 1.58224022388 -0.553223490715 11.6867904663 1.58342897892 -0.551957905293 11.6868400574 1.58364295959 -0.551875412464 11.6893978119 1.58225417137 -0.553166687489 11.6895580292 1.5822660923 -0.553204715252 11.6881303787 1.5875120163 -0.550467014313 11.6894302368 1.58227396011 -0.553167521954 11.6895160675 1.58228373528 -0.553185284138 11.6926803589 1.59059095383 -0.550264298916 11.6934700012 1.5892239809 -0.551086425781 11.6934995651 1.58916199207 -0.551121592522 11.6935195923 1.5889569521 -0.551218688488 11.6935195923 1.58909595013 -0.551155924797 11.6935300827 1.58902704716 -0.551188588142 11.6894693375 1.58228302002 -0.55317234993 11.6888504028 1.58837902546 -0.550264179707 11.6884803772 1.58809101582 -0.550298094749 11.688659668 1.58824801445 -0.550272703171 11.6883296967 1.58791303635 -0.550339698792 11.6882095337 1.58771800995 -0.550396382809 11.6938695908 1.58824801445 -0.549826323986 11.6938495636 1.5882999897 -0.54979622364 11.6938400269 1.5881459713 -0.549863398075 11.6938896179 1.58831703663 -0.549799382687 11.6938896179 1.58838701248 -0.549769282341 11.6938295364 1.58851194382 -0.549695789814 11.6938896179 1.58845603466 -0.54973679781 11.6938695908 1.5885219574 -0.54970240593 11.6938400269 1.58858394623 -0.549667179585 11.6937904358 1.58868205547 -0.549607992172 11.6867904663 1.60071098804 -0.544167101383 11.6868400574 1.60070705414 -0.544184029102 11.6869096756 1.60058903694 -0.544254779816 11.6868095398 1.60076200962 -0.544149398804 11.6867599487 1.60073399544 -0.544149518013 11.6867599487 1.60081100464 -0.544114589691 11.6866998672 1.60085105896 -0.544081509113 11.6866102219 1.60083305836 -0.544066607952 11.6866397858 1.60088098049 -0.544051110744 11.6865797043 1.60085201263 -0.544049918652 11.6865701675 1.60090100765 -0.544024825096 11.6864204407 1.6009260416 -0.543973922729 11.6863803864 1.60093903542 -0.543958604336 11.6831502914 1.60113298893 -0.543031096458 11.6821098328 1.59799396992 -0.544175505638 11.6820697784 1.59788405895 -0.544214129448 11.6831798553 1.60119497776 -0.543009877205 11.6731595993 1.60351002216 -0.539359390736 11.6730298996 1.60341203213 -0.5393679142 11.6728200912 1.6033090353 -0.539359390736 11.6732501984 1.60348498821 -0.539393305779 11.6732301712 1.60354399681 -0.539362072945 11.6732997894 1.6035670042 -0.539370417595 11.6734800339 1.60352396965 -0.539434909821 11.6735200882 1.60357296467 -0.539425313473 11.6737098694 1.60353004932 -0.539491713047 11.67345047 1.60358202457 -0.53940230608 11.6733798981 1.60357999802 -0.539384007454 11.6737499237 1.60352802277 -0.539503216743 11.6200504303 1.56803095341 -0.541530191898 11.620475769 1.56796443462 -0.541500627995 11.6202001572 1.56801199913 -0.541577219963 11.6199102402 1.56807100773 -0.541474997997 11.6206502914 1.56808996201 -0.541659772396 11.6207895279 1.56815898418 -0.541665375233 11.6197795868 1.56813299656 -0.54141330719 11.6234607697 1.57021927834 -0.541429758072 11.6234798431 1.57017099857 -0.541457772255 11.6196699142 1.56821405888 -0.541346371174 11.6235313416 1.57013142109 -0.541476070881 11.6236085892 1.57012605667 -0.541507840157 11.6236696243 1.57015001774 -0.541515290737 11.6363801956 1.57715797424 -0.541666209698 11.6195697784 1.56831300259 -0.541275918484 11.6194896698 1.56842696667 -0.541203677654 11.6177101135 1.57149994373 -0.539356589317 11.6234502792 1.57025802135 -0.541411280632 11.6237106323 1.5701789856 -0.541507482529 11.6237506866 1.57026994228 -0.541480183601 11.6234645844 1.57029819489 -0.54138302803 11.6237401962 1.57029604912 -0.541469573975 11.6237401962 1.57031917572 -0.541458010674 11.6234884262 1.57034778595 -0.541388750076 11.6368999481 1.57787895203 -0.541475892067 11.6356239319 1.57851850986 -0.540855944157 11.635682106 1.5784651041 -0.540893614292 11.6357450485 1.57844769955 -0.540916323662 11.6237201691 1.57035899162 -0.541433990002 11.6235275269 1.57037568092 -0.541371703148 11.623673439 1.57039415836 -0.541411519051 11.6235942841 1.57040321827 -0.541381835938 11.6350297928 1.58149898052 -0.539357483387 11.6330194473 1.57842993736 -0.540209591389 11.6330003738 1.57839155197 -0.54022872448 11.6330022812 1.57831096649 -0.540264248848 11.6343946457 1.5784112215 -0.540582478046 11.6344661713 1.5783727169 -0.540612876415 11.633055687 1.57847869396 -0.540207028389 11.6330404282 1.57826721668 -0.540295302868 11.6330766678 1.57824420929 -0.540316104889 11.6331319809 1.57823860645 -0.540337502956 11.6365098953 1.5772459507 -0.541660487652 11.6368703842 1.57773602009 -0.541531026363 11.6368103027 1.57759904861 -0.541578114033 11.6366300583 1.57735002041 -0.541643619537 11.6367301941 1.57746899128 -0.541615903378 11.6358118057 1.57847070694 -0.540944337845 11.6358823776 1.57851350307 -0.54092079401 11.6369104385 1.57802295685 -0.54141408205 11.6368999481 1.57816398144 -0.541347205639 11.6368703842 1.57829999924 -0.541276693344 11.6343603134 1.57852745056 -0.540521681309 11.6343593597 1.57848024368 -0.540547192097 11.6332063675 1.57826113701 -0.540349423885 11.6332521439 1.57828056812 -0.540321648121 11.6332626343 1.57837057114 -0.540387749672 11.6359100342 1.57857120037 -0.540905237198 11.6368103027 1.57842600346 -0.541204512119 11.6332798004 1.57835805416 -0.540318071842 11.6332883835 1.57840168476 -0.540318727493 11.6345653534 1.57839238644 -0.540638327599 11.6356201172 1.57860291004 -0.540814936161 11.6332597733 1.57846999168 -0.540271043777 11.6344518661 1.57863390446 -0.540496408939 11.6343717575 1.57859921455 -0.540546536446 11.6346330643 1.57843637466 -0.540609061718 11.6359100342 1.5786190033 -0.540884554386 11.6359300613 1.57991611958 -0.540315389633 11.6359100342 1.57997405529 -0.540273785591 11.6358757019 1.57868993282 -0.540848493576 11.6346502304 1.57849597931 -0.540612518787 11.6332111359 1.57850456238 -0.540236055851 11.6331090927 1.57850623131 -0.540205478668 11.6345443726 1.57864916325 -0.540519058704 11.6331577301 1.57851600647 -0.54022371769 11.6346502304 1.57854306698 -0.540592432022 11.6357631683 1.57872259617 -0.540793836117 11.6357069016 1.57870161533 -0.540780484676 11.6356334686 1.5786755085 -0.540836513042 11.6346178055 1.57861077785 -0.540552556515 11.635641098 1.57983660698 -0.540271878242 11.6356401443 1.57991838455 -0.540229320526 11.6356773376 1.5799959898 -0.540213346481 11.6358623505 1.579818964 -0.540383934975 11.6359090805 1.57984113693 -0.540320158005 11.6358089447 1.57872056961 -0.540803313255 11.6358184814 1.57977342606 -0.540352344513 11.6357593536 1.57976412773 -0.54033768177 11.6357135773 1.57975244522 -0.540263950825 11.6358594894 1.58001995087 -0.540222883224 11.6357555389 1.58002841473 -0.540200829506 11.6357955933 1.58003282547 -0.540206849575 11.5784196854 1.54646599293 -0.540414094925 11.5792102814 1.54882204533 -0.53955757618 11.5783996582 1.54639995098 -0.540439486504 11.5793304443 1.54919505119 -0.539420723915 11.57929039 1.54902899265 -0.539487123489 11.5794095993 1.54922401905 -0.539430201054 11.5793504715 1.54926204681 -0.539397716522 11.5793895721 1.54932498932 -0.539379298687 11.5795602798 1.54940199852 -0.539388716221 11.5794401169 1.54938304424 -0.539365828037 11.5795001984 1.54943394661 -0.539357483387 11.5795602798 1.54947698116 -0.539354801178 11.5797300339 1.54955804348 -0.539363324642 11.5799303055 1.54969000816 -0.539354801178 11.5751399994 1.53622698784 -0.544178426266 11.5752496719 1.53608894348 -0.544267177582 11.5753297806 1.53589999676 -0.544375479221 11.5751895905 1.5362919569 -0.544161498547 11.5751199722 1.53628897667 -0.544143199921 11.5750999451 1.53635501862 -0.54410892725 11.5751695633 1.53650403023 -0.544061124325 11.5750904083 1.53642404079 -0.544076323509 11.5750999451 1.53649401665 -0.544046103954 11.5751199722 1.53656303883 -0.544019281864 11.5751895905 1.53672003746 -0.543968379498 11.5760297775 1.53929197788 -0.543025910854 11.5752401352 1.53693401814 -0.543885827065 11.5760498047 1.5393550396 -0.543004274368 11.5809497833 1.52924799919 -0.548835098743 11.5817804337 1.529728055 -0.548836171627 11.580909729 1.5292249918 -0.548836112022 11.5810098648 1.52930402756 -0.548827826977 11.5810699463 1.52936899662 -0.548813581467 11.5811195374 1.52944099903 -0.548793077469 11.5811500549 1.52951896191 -0.548766791821 11.5811700821 1.52959895134 -0.548735499382 11.5811796188 1.52968001366 -0.548700213432 11.5819797516 1.52986001968 -0.548827588558 11.5811700821 1.52975904942 -0.548661887646 11.5811395645 1.52983403206 -0.548621714115 11.5823001862 1.53019404411 -0.548760712147 11.5821504593 1.53001701832 -0.548802316189 11.5811195374 1.52987194061 -0.548599421978 11.5825099945 1.53059601784 -0.548633396626 11.5824203491 1.5303889513 -0.54870390892 11.5792598724 1.53309905529 -0.546660125256 11.5814399719 1.53332102299 -0.547127783298 11.5824203491 1.53163099289 -0.548143625259 11.5825004578 1.53144097328 -0.548251986504 11.5825595856 1.53123795986 -0.548357725143 11.5825796127 1.53102600574 -0.548458099365 11.5825595856 1.53080999851 -0.548550724983 11.5813102722 1.53350901604 -0.547007501125 11.5792198181 1.533156991 -0.546623110771 11.5802202225 1.53394401073 -0.546527922153 11.5804700851 1.53393602371 -0.546597182751 11.5807104111 1.53388595581 -0.546682596207 11.5809297562 1.5337959528 -0.546781420708 11.5811300278 1.53366994858 -0.54689091444 11.5791702271 1.53320801258 -0.546586990356 11.5797100067 1.53383600712 -0.546445608139 11.5799598694 1.53391003609 -0.546476900578 11.5794801712 1.53372299671 -0.546435117722 11.5791101456 1.53324997425 -0.546552717686 11.5790395737 1.53328096867 -0.546521127224 11.5789699554 1.5333019495 -0.546492874622 11.5788202286 1.53331005573 -0.546449303627 11.5787401199 1.53329694271 -0.546435117722 11.5788898468 1.53331196308 -0.546468794346 11.6140222549 1.48142004013 -0.579005599022 11.6144399643 1.47704303265 -0.581089317799 11.6105899811 1.47481894493 -0.58108907938 11.6097898483 1.47620594501 -0.580255389214 11.6097583771 1.47627019882 -0.580221056938 11.6097402573 1.4764020443 -0.580153286457 11.6097412109 1.47648501396 -0.580118119717 11.61398983 1.48144495487 -0.57898670435 11.6121702194 1.48377895355 -0.57746142149 11.6139602661 1.48155474663 -0.578930258751 11.6139612198 1.48150384426 -0.578950345516 11.6140623093 1.48140406609 -0.579028367996 11.6141052246 1.4814016819 -0.57903701067 11.6146402359 1.47717499733 -0.581080794334 11.6148099899 1.47733199596 -0.581055521965 11.6149597168 1.47750997543 -0.581013917923 11.6150798798 1.47770404816 -0.580956995487 11.6151695251 1.47791099548 -0.580886483192 11.614197731 1.48144435883 -0.579042136669 11.6164598465 1.48178005219 -0.579478085041 11.614156723 1.48141443729 -0.579043745995 11.6142301559 1.48147666454 -0.579035460949 11.6142501831 1.48152244091 -0.579019725323 11.6165103912 1.48199295998 -0.579395473003 11.6142492294 1.48160195351 -0.578983724117 11.6139783859 1.48159992695 -0.578917384148 11.6165304184 1.48220896721 -0.57930290699 11.6165103912 1.48242104053 -0.579202473164 11.6164598465 1.48262500763 -0.579096794128 11.6140127182 1.48163294792 -0.5789077878 11.6142196655 1.48163199425 -0.578962683678 11.6163702011 1.48281395435 -0.57898837328 11.6141986847 1.48166370392 -0.578969061375 11.6140546799 1.48166048527 -0.578901469707 11.6141395569 1.48167538643 -0.578922569752 11.6141042709 1.48167574406 -0.578913152218 11.5997495651 1.51160895824 -0.561680793762 11.6121997833 1.48392605782 -0.577401518822 11.6121902466 1.4839990139 -0.577367126942 11.6121902466 1.48385298252 -0.577433109283 11.5997018814 1.51157009602 -0.561687171459 11.599729538 1.51159286499 -0.561683475971 11.6121587753 1.48410046101 -0.577313542366 11.5898103714 1.52281594276 -0.554042875767 11.5995044708 1.5116174221 -0.561613798141 11.5995111465 1.51160156727 -0.561625897884 11.5995597839 1.51156401634 -0.5616517663 11.599603653 1.51155006886 -0.561670601368 11.5996437073 1.51155078411 -0.561680674553 11.5994997025 1.51163303852 -0.561604678631 11.5994901657 1.5116417408 -0.561599731445 11.599489212 1.51170945168 -0.561580777168 11.5995006561 1.511734128 -0.561573624611 11.5995111465 1.51174783707 -0.561554789543 11.5995388031 1.51178228855 -0.561559557915 11.5995502472 1.5117919445 -0.561547994614 11.5897703171 1.52287399769 -0.554005920887 11.5995883942 1.51181161404 -0.561547756195 11.5996198654 1.51182162762 -0.561552762985 11.5908002853 1.52711498737 -0.552360415459 11.5857963562 1.52683377266 -0.551186919212 11.5858306885 1.52686738968 -0.55117982626 11.5897197723 1.52292501926 -0.553969681263 11.589630127 1.52297687531 -0.55388212204 11.5857553482 1.52680516243 -0.551190376282 11.5895204544 1.52301895618 -0.553875505924 11.5857038498 1.52679395676 -0.551186978817 11.5820503235 1.52454996109 -0.551240086555 11.5856637955 1.52679276466 -0.551170408726 11.5855894089 1.52683615685 -0.551130235195 11.5856227875 1.52681028843 -0.551150858402 11.5819797516 1.52456998825 -0.551213085651 11.5819196701 1.52460002899 -0.551182985306 11.5818595886 1.5246399641 -0.551150500774 11.5818099976 1.52468800545 -0.551116108894 11.5817699432 1.52474403381 -0.551080882549 11.585559845 1.52689814568 -0.551095724106 11.5809803009 1.52611100674 -0.550258874893 11.5848398209 1.52833604813 -0.550258994102 11.5855855942 1.52699947357 -0.551056921482 11.585559845 1.52694523335 -0.551074981689 11.585849762 1.52691292763 -0.551164627075 11.5903501511 1.52755701542 -0.552045881748 11.5905303955 1.52743494511 -0.552146315575 11.5906801224 1.5272860527 -0.55225199461 11.5899496078 1.52770996094 -0.551870584488 11.5901603699 1.52764904499 -0.551953196526 11.5858449936 1.52699875832 -0.551135420799 11.5857858658 1.52705287933 -0.551087617874 11.5859498978 1.52852904797 -0.550462007523 11.5856523514 1.52705204487 -0.551050424576 11.5850496292 1.52843904495 -0.550267577171 11.5857410431 1.52706480026 -0.551066279411 11.585269928 1.52851104736 -0.550293028355 11.5856990814 1.52706503868 -0.551055848598 11.5854997635 1.52855098248 -0.550334572792 11.585729599 1.52855694294 -0.550391376019 11.6155900955 1.46922600269 -0.584912002087 11.6164302826 1.46970701218 -0.58491307497 11.6155595779 1.46920800209 -0.58491307497 11.6156597137 1.46928203106 -0.584904670715 11.6157197952 1.46934700012 -0.584890604019 11.61577034 1.46941995621 -0.584870100021 11.6157999039 1.46949696541 -0.584843814373 11.615819931 1.46957802773 -0.584812521935 11.615819931 1.46965897083 -0.58477717638 11.6166400909 1.4698549509 -0.584902584553 11.6158103943 1.46973800659 -0.584738790989 11.6157903671 1.46981298923 -0.584698677063 11.6169900894 1.47023594379 -0.584820389748 11.6168298721 1.47003304958 -0.584871411324 11.61577034 1.469851017 -0.584676384926 11.617190361 1.47069299221 -0.584665775299 11.6171102524 1.47045898438 -0.58475112915 11.6139097214 1.47307705879 -0.582737088203 11.6160898209 1.47329902649 -0.583204805851 11.6170597076 1.47160899639 -0.584220588207 11.6171598434 1.47139799595 -0.58434087038 11.6172103882 1.47116994858 -0.58445751667 11.6172199249 1.47093296051 -0.584566891193 11.61536026 1.4738650322 -0.58275949955 11.6155796051 1.47377502918 -0.582858383656 11.6138696671 1.47313594818 -0.582700073719 11.614859581 1.47392201424 -0.582604885101 11.6151103973 1.47391402721 -0.582674086094 11.6157798767 1.47364795208 -0.582967817783 11.6159496307 1.47348797321 -0.583084523678 11.6138095856 1.47318601608 -0.582664012909 11.6143598557 1.47381401062 -0.582522571087 11.6146097183 1.47388899326 -0.582553803921 11.6141195297 1.47370195389 -0.582512021065 11.6137504578 1.47322797775 -0.582629680634 11.6136903763 1.47326004505 -0.582597970963 11.6136198044 1.47328102589 -0.582569777966 11.6134595871 1.47328805923 -0.58252620697 11.6133804321 1.47327494621 -0.582512021065 11.6135396957 1.47328996658 -0.582545697689</float_array>
          <technique_common>
            <accessor source="#positions-array" count="6290" stride="3">
              <param name="X" type="float" />
              <param name="Y" type="float" />
              <param name="Z" type="float" />
            </accessor>
          </technique_common>
        </source>
        <source id="normals">
          <float_array id="normals-array" count="19737">-1 0 0 -0.99999994 0 0 -0.99999797 0.00031073 0.00200562 -0.97007769 0.23762059 0.04985718 -0.95600611 0.19752467 -0.21687895 -0.95507044 0.28222966 -0.09048075 -0.95380938 0.24924546 0.16770349 -0.95152915 0.2993443 0.07060616 -0.92742383 -0.16361576 -0.33632562 -0.92317349 0.37943408 -0.06148528 -0.92113113 -0.01724874 0.38886997 -0.90791273 -0.37158155 -0.19396278 -0.90732861 0.01769122 0.42004991 -0.90046936 0.43483892 -0.00836395 -0.8975665 -0.36970359 -0.24019499 -0.89205897 0.37793097 -0.24778809 -0.8540172 -0.49094546 0.17212592 -0.84496933 0.21195531 -0.49102119 -0.84482259 0.28857207 0.45055646 -0.8443653 0.4626855 0.27012876 -0.83993143 0.29824436 -0.45339331 -0.83606595 -0.34852082 -0.42370632 -0.83601105 -0.38688165 -0.38911209 -0.83158886 0.20031764 -0.51800853 -0.83098221 -0.08742927 -0.54938573 -0.8279109 0.52998853 0.18350957 -0.82617188 0.511931 -0.23530163 -0.82533735 -0.26461697 -0.49879467 -0.82395101 0.13047287 -0.55143589 -0.82128197 0.16615 -0.54579306 -0.81514478 0.26097146 -0.5171392 -0.8132264 0.55272716 0.18208657 -0.81038809 -0.37323841 0.45162392 -0.79702926 0.09215725 -0.59686792 -0.79585773 -0.04237336 -0.60399914 -0.79378033 0.18213129 -0.58029383 -0.7935884 -0.04300891 -0.60693288 -0.77983403 0.03318597 0.62510604 -0.77644855 0.16244726 -0.60888296 -0.77595615 0.16715725 -0.60823572 -0.77406472 0.17803839 -0.60755736 -0.77385998 0.06558914 -0.62995148 -0.75255322 0.65696776 0.04535483 -0.75199407 -0.29856336 -0.58767748 -0.75017071 -0.35650706 -0.55690807 -0.73855948 -0.12356687 0.66276777 -0.7251066 0.25468531 -0.63980919 -0.72020656 -0.24459675 -0.64921111 -0.71811086 0.00011343 -0.69592857 -0.70736045 -0.63766003 -0.30500963 -0.69586164 0.02950052 -0.71756971 -0.67762947 0.51767826 -0.52232885 -0.67218417 0.47045711 -0.57169801 -0.66993105 0.74214679 0.02025894 -0.66896468 0 0.74329412 -0.66638607 0 -0.74560678 -0.66081595 -0.59479213 -0.45776027 -0.65992761 -0.26061881 -0.70467967 -0.65783238 0.39850497 -0.63910121 -0.65479785 -0.70752597 0.26579481 -0.65451717 0.65521944 -0.37721962 -0.64650631 0.24285276 -0.72322333 -0.63816047 -0.55465275 0.53395849 -0.63815778 0.10380436 -0.76287574 -0.63751668 -0.03255818 -0.76974827 -0.63586098 0 0.77180368 -0.63452637 -0.58066469 -0.51010287 -0.63400501 -0.03855908 -0.772367 -0.63200182 -0.21766785 0.74377036 -0.6296863 -0.24248008 -0.73803693 -0.62248641 0.7787599 -0.07774024 -0.62115139 -0.06943822 -0.7806083 -0.62014842 0.00079673 -0.78448409 -0.61666036 0.02270354 -0.78690189 -0.61620086 -0.55131787 -0.5624457 -0.61125869 0.00085403 -0.79143041 -0.61025643 0.02381483 -0.79184598 -0.60627711 -0.16818841 -0.77726483 -0.60276753 0.22618374 -0.76518768 -0.5997135 -0.0093689 -0.80015993 -0.59686941 0.01470237 -0.80220371 -0.58344549 0.09034827 0.8071112 -0.5830546 -0.2074798 -0.78549308 -0.58030874 -0.26279661 -0.77083057 -0.57657027 -0.15107681 -0.80295861 -0.57450527 -0.65677643 -0.48845512 -0.57047492 -0.73973411 -0.35686359 -0.5680961 -3.837e-05 0.82296228 -0.56546313 -0.03433567 -0.82405853 -0.56449437 -0.00076157 -0.82543647 -0.56437057 0.65613919 -0.50096619 -0.56262469 -0.11926743 0.81806397 -0.55841362 -0.11397201 -0.82169622 -0.55769151 -0.11302744 -0.82231683 -0.55623782 -0.11089896 0.82359022 -0.55470014 0 -0.8320502 -0.55251628 0.10441702 -0.82693589 -0.55092686 -0.00037071 -0.83455342 -0.55074972 -0.77040946 -0.32116014 -0.55001223 -0.0238666 -0.83481562 -0.54882258 0.60856855 -0.57309532 -0.54762208 0.0044817 -0.83671385 -0.54474068 -0.00600619 -0.83858299 -0.54468173 0.44189572 0.7127763 -0.54190886 -0.0533237 -0.83874393 -0.54182112 -0.34093359 -0.76824093 -0.54111391 -0.03782161 -0.84009838 -0.54080069 -0.07978622 0.83735818 -0.53989571 0.00101939 0.84173131 -0.53965944 0.4027665 -0.73928803 -0.53910458 -0.0924653 0.83714783 -0.53701222 -0.44683012 -0.7155143 -0.53573805 0.00010966 0.84438419 -0.53538817 -0.78637362 -0.30818182 -0.53474432 -0.00073378 0.84501356 -0.53208315 0.01053495 -0.84662658 -0.53191102 -0.00539998 -0.84678304 -0.53140557 -0.01009701 0.84705734 -0.52979767 -0.05144677 -0.84656227 -0.5252232 -0.43862975 -0.72920811 -0.52521622 -0.14570346 0.83840227 -0.52497697 -0.05744537 0.84917569 -0.52450472 -0.04735414 -0.85008967 -0.52226079 -0.0151866 0.85265052 -0.51786846 0.00067467 0.85546005 -0.51561749 0.02405048 -0.85648137 -0.51537162 -0.03502863 -0.85625064 -0.51442611 0.10536647 -0.85103685 -0.51418447 -0.01321016 -0.85757786 -0.51010513 -0.01220595 -0.86002547 -0.50969076 0.01031945 -0.86029583 -0.50916016 0.01484373 -0.86054379 -0.50836378 0.00942761 0.86109078 -0.50835603 0.03759408 -0.86032605 -0.50835603 0.03759408 0.86032605 -0.50737745 -0.10237806 -0.85562074 -0.50719655 -0.02057454 0.86158484 -0.50630331 -0.01162634 -0.86227715 -0.50617146 -0.01217036 0.86234707 -0.5059492 -0.02097209 -0.86230832 -0.50561088 -0.02892047 -0.86227673 -0.50553066 -0.00863347 -0.86276549 -0.50551754 0.01103949 -0.86274564 -0.50551313 0.00357141 0.86281145 -0.50544459 -0.03211242 0.8622613 -0.50539309 -0.03155858 -0.86231184 -0.50502288 0.0475856 -0.86179322 -0.50493342 0.04785132 0.86183089 -0.50452751 0.00951969 -0.86334312 -0.50415671 0.01561596 -0.86347097 -0.50411791 0.01071904 -0.86356831 -0.50288945 0.01313628 0.86425096 -0.50260007 -0.11007717 -0.85748249 -0.50193143 -0.00025287 -0.86490738 -0.50187391 -0.10340571 -0.85873735 -0.50173098 -0.04494326 0.86385542 -0.50077039 0.05961834 0.86352456 -0.50054109 -0.01798615 -0.8655259 -0.50037932 -0.17683192 -0.84755588 -0.49993873 -0.06310574 0.86375868 -0.49932784 -0.0139301 0.86630112 -0.49930257 -0.01835732 -0.86623323 -0.49860671 0.00018307 0.86682826 -0.49830019 -0.8664133 -0.03201527 -0.49792749 0.00038783 0.86721855 -0.49786001 0.86631125 0.04049958 -0.49738088 -0.86092216 0.10688869 -0.49704322 -0.04042729 0.86678356 -0.49700391 0.86023068 0.11397518 -0.49686807 0.1274098 -0.85842228 -0.4966003 4.309e-05 0.86797941 -0.49657601 -0.00280918 0.86798877 -0.49635068 -0.01220469 -0.86803627 -0.49624991 0.01961954 -0.86795807 -0.49621019 0.00018893 0.86820245 -0.49616823 7.499e-05 0.86822641 -0.4955143 0.02975002 -0.86809015 -0.49529675 -0.00254945 -0.86872011 -0.49505597 -0.00592919 -0.86884081 -0.49426943 -0.01630027 -0.869156 -0.49426261 -0.12598175 -0.86013556 -0.49424532 -0.0085814 -0.86928016 -0.4936201 0.28076363 -0.82311052 -0.4935497 -0.00011208 -0.8697176 -0.49323931 -0.44151211 -0.7495212 -0.49298531 0.01739445 -0.86986369 -0.49297965 -0.02278512 -0.86974251 -0.49246946 -0.00016195 0.87032968 -0.49169856 0.01131993 -0.8706919 -0.49142799 -0.0770359 0.86750442 -0.48966151 -0.03147068 0.87134457 -0.4896341 0.14745636 -0.85936898 -0.48883581 -0.00017332 0.87237579 -0.48882401 -0.01605144 -0.87223476 -0.48880598 0.43824691 -0.75432646 -0.4884735 0.17011747 -0.85583502 -0.488253 -0.05474116 -0.87098348 -0.48809382 -0.53447503 -0.69000065 -0.48808545 0.84825987 -0.20549394 -0.48800647 0.04448187 0.87170589 -0.48797202 0.04601717 -0.87164545 -0.48744404 0.00664781 -0.87312895 -0.48728198 0.009738 -0.8731904 -0.48725516 0.00107818 -0.87325901 -0.48703244 0.01997386 -0.87315547 -0.48693395 0.01442451 0.87331969 -0.48689172 -0.02146255 -0.87319869 -0.48630521 0 -0.87378907 -0.48630521 0 0.87378907 -0.48628527 -0.0193289 0.8735863 -0.48619917 0.00269811 -0.87384379 -0.48615721 -0.02594622 0.87348604 -0.48611104 0.00846317 -0.87385601 -0.48607713 0.84601557 0.21905857 -0.48598042 0.01189427 -0.87388873 -0.48583043 -0.03587217 -0.87331659 -0.48574835 -0.02877501 0.87362492 -0.48563507 -0.00036781 -0.87416166 -0.48538768 0.01742167 0.87412548 -0.48536354 0.83972144 0.24349554 -0.48533416 0.00424116 -0.87431848 -0.48521665 0.00925434 -0.87434494 -0.48514035 -0.0043077 -0.87442571 -0.48474702 0.01967224 -0.87443316 -0.48458877 0.00831912 -0.87470257 -0.48437697 0.01930513 0.87464643 -0.4841862 -0.01325821 -0.87486464 -0.48398632 0.02066234 -0.87483156 -0.48389575 -0.01643387 -0.87497127 -0.48325109 -0.00591415 -0.87546176 -0.48304614 0.00508569 -0.87558013 -0.48297888 0.10941289 -0.86876929 -0.48230794 -0.00970685 -0.87594795 -0.48202312 0.03372777 -0.87550908 -0.48157513 -0.0125168 -0.87631547 -0.48150447 -0.01246941 -0.87635493 -0.48142329 0.00729335 -0.87645793 -0.48138979 -0.01247636 -0.87641788 -0.48113331 0.01164182 -0.87657017 -0.48095548 0.00314344 -0.87673932 -0.48082823 0.36882082 0.79547179 -0.48052803 0.00926708 -0.87693048 -0.48035881 0.33897293 -0.80892068 -0.4803229 0.00638167 -0.87706858 -0.48024496 0.00557455 -0.87711674 -0.48023021 -0.00542209 -0.87712568 -0.48010546 -0.02041879 -0.87697309 -0.4800857 -0.02004146 0.87699264 -0.48007837 -0.00063415 -0.87722546 -0.47982281 -0.00324104 -0.87735945 -0.47966993 0.22682224 -0.84762514 -0.47928387 0.83353978 0.27476978 -0.47922596 -0.01049424 -0.8776288 -0.47916612 0.01084017 -0.87765729 -0.47886705 -0.00878122 -0.8778435 -0.47860491 0.8326261 0.27869532 -0.47846997 -0.00019891 -0.87810397 -0.478468 -0.01752574 -0.87793005 -0.47840628 -0.00792906 -0.87810284 -0.47832879 -0.00870608 0.87813759 -0.47817799 -0.00105594 -0.87826228 -0.47816887 0.83170849 0.28216207 -0.47807312 -0.00242071 0.87831664 -0.47802362 0.00922292 -0.87829864 -0.47797272 -0.03103366 0.87782633 -0.47789446 -0.02264068 0.87812537 -0.47766012 -0.01588479 0.8784011 -0.47754696 -0.83042133 -0.28696564 -0.47749361 0 -0.87863523 -0.47744054 0.03234265 0.87806863 -0.47729802 -0.00485529 -0.87872809 -0.47720444 0.09096671 0.87407142 -0.47695163 0.07304825 -0.87588876 -0.47686005 0.00920124 -0.87893111 -0.47685659 0.0084829 -0.87894017 -0.47681898 0.03098001 -0.8784554 -0.47672564 0.00796225 -0.8790161 -0.47653168 0.0066382 -0.87913227 -0.47642952 0.24899745 -0.84321719 -0.476316 -0.00900809 -0.87922806 -0.47626212 0.00638372 -0.87928015 -0.47604406 0.04696661 0.87816638 -0.47600064 -0.00305766 -0.87943965 -0.47582617 -0.00228277 -0.87953639 -0.47574115 -0.00265338 -0.87958139 -0.47551101 -0.01956985 0.87949204 -0.47541615 -0.00680824 0.87973469 -0.47498602 0.13842911 -0.86903721 -0.47496182 -0.00691603 -0.87997919 -0.47493696 -0.01922763 -0.87980962 -0.47471151 0.00875486 -0.88009787 -0.47465184 0.0001185 -0.88017362 -0.47428635 -0.0188067 -0.88016975 -0.47423455 -0 -0.88039857 -0.47394651 -0.00372028 -0.88054579 -0.47394359 0.0226151 0.88026476 -0.47377175 -0.06969853 0.87788522 -0.47371334 0.10821024 -0.87400585 -0.47355896 -0.00187599 -0.88076013 -0.47311223 0.82398427 0.31179294 -0.47307739 -0.00812053 -0.88098347 -0.473048 -0.00488014 -0.88102311 -0.47303167 -0.01716013 -0.88087833 -0.47282618 0.02052133 -0.88091677 -0.47269815 0.0023879 -0.88122112 -0.47268423 -0.01476718 -0.88110816 -0.47267321 0.08096896 -0.87751007 -0.4725745 0.04343355 -0.88021982 -0.47257 -0.03110948 -0.88074398 -0.47255212 -0 -0.88130277 -0.47255212 0 -0.88130271 -0.47251031 0.24838868 -0.84559858 -0.47235522 -0.00497164 -0.88139421 -0.47220969 0.04061762 0.88054991 -0.47185785 0.01035072 -0.88161385 -0.47144189 0.00370873 -0.88188934 -0.47132206 -0.00724856 -0.88193142 -0.47126392 0.00940142 -0.88194209 -0.47103488 0.00227885 -0.88211161 -0.47097859 -0.0087786 0.88210094 -0.47085267 -1.492e-05 0.88221192 -0.47050175 -0.00183741 -0.88239717 -0.47032943 0.00225084 -0.88248795 -0.47030702 0.00354502 -0.8824957 -0.470263 -0.00249112 -0.88252288 -0.47026122 -0.00284242 -0.88252276 -0.4700785 0.0385317 -0.88178313 -0.4700785 0.0385317 0.88178313 -0.46968937 -0.02375752 -0.88251197 -0.46955904 -0.00164267 -0.88289964 -0.46946475 0.02633312 -0.88255841 -0.46939927 0.00017904 -0.88298607 -0.4692257 -0.00332104 -0.88307202 -0.46919742 0.00362585 -0.88308579 -0.46916619 -0.00321451 -0.88310403 -0.46893182 0.0005648 -0.8832342 -0.46889281 -0.00309872 -0.88324964 -0.46880612 -0.00916539 -0.88325351 -0.46871328 0.0030497 -0.88334507 -0.46853334 9.497e-05 0.88344586 -0.46837845 -0.00424324 -0.88351768 -0.46823373 0.04811104 -0.88229388 -0.46823353 0.03312685 0.88298357 -0.4681617 -5.926e-05 0.88364279 -0.46807602 9.788e-05 0.88368821 -0.46799991 -0.00075024 -0.88372821 -0.46795335 0.00591347 -0.88373333 -0.46792045 -0.00105297 -0.88376999 -0.46784684 0.00085407 -0.88380921 -0.46782312 0.00192942 -0.88382006 -0.467803 0.03910604 -0.88296717 -0.46780115 -0.00044017 0.88383365 -0.46779433 -0.00070482 -0.88383704 -0.46768957 -0.01615088 -0.88374531 -0.46760735 0.00140501 -0.88393515 -0.46755761 -0 -0.88396263 -0.46752015 -0.09182779 -0.8791998 -0.46746063 0.02675147 0.883609 -0.46743453 0.10518648 -0.8777476 -0.46742263 0.01058467 0.88397056 -0.46740958 -3.339e-05 0.88404089 -0.4673993 -0.03259178 0.88344532 -0.46737772 0.0393832 -0.88318002 -0.46737128 0.00042957 0.88406104 -0.4673163 -0.0052461 -0.88407463 -0.46727708 -0.00674421 -0.88408518 -0.4672367 -0.00255444 -0.88412869 -0.46721235 -0.0298656 -0.88364059 -0.4669891 -0.00173277 -0.88426137 -0.46689063 -0.00316978 -0.88430935 -0.46685079 0.00241585 -0.88433278 -0.46682194 2.381e-05 0.88435125 -0.46679512 -0.0152366 -0.88423425 -0.46677262 0.002319 -0.88437426 -0.46671033 -9.075e-05 0.88441026 -0.46659303 0.00829604 -0.88443327 -0.46659198 -0.00855959 -0.8844313 -0.46659157 0.00047605 0.88447273 -0.46643925 -0.03291479 -0.88394064 -0.46642557 0.02769629 0.88412684 -0.46608412 2.164e-05 0.88474047 -0.46584317 -0.00378807 0.8848592 -0.46581647 -0.00027299 -0.88488126 -0.46580946 -0.00195927 -0.88488287 -0.46566385 -0.0001055 -0.88496166 -0.46566144 0.00011296 0.88496292 -0.4656612 -0.00336044 -0.8849566 -0.4656609 -0.00355297 -0.88495606 -0.46565804 -0.00499021 -0.8849507 -0.46557972 0.00513112 -0.88499111 -0.46556666 -0.80458343 0.36863703 -0.46553221 -0.00335344 -0.88502473 -0.46548319 0.00985569 -0.88500184 -0.46546456 0.00496966 -0.88505256 -0.46538982 0.04573226 -0.88392359 -0.46538439 0.01899503 -0.8849048 -0.46529019 0.02828725 0.88470614 -0.46519274 -0.19789822 -0.86280477 -0.46517631 0.00035237 -0.88521791 -0.46513852 0.00099449 -0.8852374 -0.46513417 0.00424977 -0.88523006 -0.46507826 0.00305219 -0.88526428 -0.46507674 0.0039916 -0.88526136 -0.46504852 -0.00782649 0.88525057 -0.4649553 0.02574548 0.8849597 -0.46492228 0.01408379 -0.88523942 -0.46483052 -0.0019462 -0.88539755 -0.46480083 -0.01331342 -0.88531518 -0.46473005 -0.00139716 -0.88545132 -0.46472189 0.00042204 -0.88545656 -0.46469969 -0 -0.8854683 -0.46469304 0.005359 -0.88545561 -0.46463099 -0.00222933 -0.88550162 -0.46455443 -0.80903804 0.36006477 -0.46453524 0.00896652 -0.88550913 -0.46452984 0.01018876 -0.88549888 -0.46447927 -4.226e-05 0.88558406 -0.46445006 0.01031335 0.88553929 -0.46444145 -0.00383022 -0.88559556 -0.46443206 0.00040307 -0.88560867 -0.46442005 -0.00031674 -0.88561499 -0.46442005 0.00031674 -0.88561499 -0.46440136 -0.00745411 -0.88559341 -0.46439129 -0.00373829 -0.8856222 -0.46435416 -0.01484174 -0.88552529 -0.46430862 -0.00033312 -0.88567334 -0.46429303 -0.0045017 -0.88567024 -0.46426502 -0.0443317 -0.8845861 -0.46425223 0 -0.88570309 -0.46425217 0 -0.88570297 -0.46425197 0.00099378 -0.88570261 -0.46423656 0.02759325 -0.88528126 -0.46421805 0.00190278 -0.88571888 -0.46421227 0.12762763 0.87648052 -0.46420485 0.01910277 -0.88552189 -0.46420217 0.0268233 0.88532299 -0.46416488 0.00472721 0.88573629 -0.46414399 0.03436445 0.88509285 -0.46413922 0.00216055 -0.88575971 -0.46413839 -0.00286653 -0.8857581 -0.46413466 0.00596522 -0.88574451 -0.46412444 -0.00824934 -0.88573146 -0.46409392 0.02611185 -0.88540107 -0.46403521 -0.00741971 -0.88578564 -0.46403325 0.01124553 0.88574636 -0.46400365 0.0021599 -0.8858307 -0.46396014 0.00738322 0.88582528 -0.4639529 -0.00218831 -0.88585722 -0.46391901 0.05618963 0.88409376 -0.46390015 4.947e-05 -0.8858875 -0.46389538 0.01557718 0.88575304 -0.46384454 0.0053029 -0.88590068 -0.46383703 0.00218964 -0.8859179 -0.46378982 0.00158026 -0.88594383 -0.46370798 -2.373e-05 -0.88598806 -0.46369451 0.0028744 -0.88599044 -0.46368009 0.00037279 -0.8860026 -0.46355131 0.04179501 0.88508385 -0.46353859 -0.00031691 -0.88607669 -0.46353254 -0.00098376 -0.88607931 -0.46352738 5.281e-05 -0.88608265 -0.46352196 1.407e-05 0.88608539 -0.46351191 0.00341561 -0.88608414 -0.46349537 0.00209467 -0.88609684 -0.46347594 -4.108e-05 -0.88610959 -0.46344289 0.00202412 -0.88612449 -0.46343052 -0.00868087 0.88609082 -0.4634282 -0.03343128 -0.88550365 -0.46342048 0.0192882 -0.88592851 -0.46340674 0 -0.88614571 -0.46335399 -0.00027377 -0.88617319 -0.46333686 -0.07975474 -0.88258618 -0.46328831 0.00397626 -0.88619876 -0.46327946 0.80157608 0.37795237 -0.46324807 0.00524839 -0.88621312 -0.4632031 0.00106021 -0.88625145 -0.46319336 0.00478671 -0.8862443 -0.46319288 -0.03221871 0.88567168 -0.46318531 0.00883415 -0.88621747 -0.46315396 -0.00062151 -0.88627768 -0.46314242 -0.00225294 -0.88628095 -0.46314147 0.03261567 0.88568407 -0.46313223 0.00150896 -0.88628793 -0.46309048 0.0039396 -0.88630223 -0.46298781 -0.00668691 -0.88633943 -0.46295092 0.03139672 0.88582772 -0.46295074 -0.00267842 -0.88638002 -0.46294355 -0.00041806 -0.88638771 -0.46287346 0.00303735 -0.88641918 -0.46280003 0.00950311 -0.88641179 -0.46279103 -3.826e-05 0.8864674 -0.46276715 0.00106023 -0.8864792 -0.46272728 -3.584e-05 -0.88650066 -0.46271735 0.00105909 -0.88650525 -0.46269792 -0.0004498 -0.88651592 -0.46268207 0.00165539 -0.88652277 -0.46262887 -0.00010585 -0.88655198 -0.46261021 -0.01366075 -0.88645661 -0.46260458 0.00054722 -0.88656455 -0.46259946 0.00106147 0.88656682 -0.46248698 -0.00119601 -0.88662535 -0.46243966 -6.741e-05 -0.88665074 -0.46237013 -0.02377459 -0.88636822 -0.46234319 -5.017e-05 0.88670105 -0.46233144 0.03123257 0.88615692 -0.46230888 -0.00200206 -0.88671672 -0.46230704 -0.00015058 -0.88671994 -0.46230024 -0.0011294 -0.88672274 -0.46228841 0.00973096 0.88667625 -0.46226996 -0.00216197 -0.88673663 -0.46226934 0.80596274 0.36977181 -0.46226528 -0.00440882 -0.88673079 -0.46224657 -0.0006683 -0.88675117 -0.46224308 -0.00150749 -0.88675201 -0.46221381 0.05570869 -0.88501692 -0.46219954 -0.00176579 -0.88677418 -0.46219122 -0.00042169 -0.8867802 -0.46217686 -0.00035353 -0.88678771 -0.46212697 -2.44e-05 -0.88681376 -0.46211913 -0.00071375 -0.88681757 -0.46209693 -0.00036691 -0.88682932 -0.46208429 0.00262503 0.88683212 -0.46208236 -0.00161308 -0.88683558 -0.46207508 0 -0.88684076 -0.46206507 -0.00064224 -0.88684583 -0.46205071 0 -0.88685358 -0.46204999 0 -0.88685393 -0.46204734 0.00013348 -0.88685524 -0.46202743 0.01572307 0.88672626 -0.46200547 -0.00065799 -0.88687688 -0.4619998 0.00105746 -0.88687944 -0.46197268 0.00715452 -0.88686532 -0.46196273 -0.00064991 -0.88689905 -0.46196252 -0.00119654 -0.88689864 -0.4619607 -0.00172655 -0.88689876 -0.46193013 -7.541e-05 -0.88691628 -0.46192741 0.00148896 -0.88691652 -0.46190697 -1.549e-05 -0.88692838 -0.46188965 0.00809497 -0.88690037 -0.46188313 0.00027051 -0.88694078 -0.46187428 -0.00148267 -0.88694417 -0.46184623 -0.00079825 -0.88695979 -0.46180168 -0.00042505 -0.88698316 -0.46178675 0.00472279 -0.88697839 -0.46178207 -0.00086352 -0.88699293 -0.46178171 0 -0.88699365 -0.4617798 -0.00143003 -0.88699353 -0.46177691 0.01651408 -0.88684237 -0.46177286 0 -0.8869983 -0.46176302 -0.00295037 -0.88699847 -0.46176091 0.00034881 -0.88700438 -0.46175924 0.00066965 -0.88700503 -0.46175435 0.00060365 -0.88700759 -0.46170595 -0.00218686 -0.8870303 -0.46170086 -0.00165051 -0.88703418 -0.46169251 0.00110364 -0.88703936 -0.46168235 0.0249628 -0.88669401 -0.46165922 -0.01395951 -0.88694751 -0.46163219 -0.02268283 -0.88678139 -0.46162465 -0.03119529 -0.88652664 -0.46162117 -0.00774904 0.8870433 -0.46161026 -0.00045361 -0.8870827 -0.46158957 0.01148559 -0.88701922 -0.46158203 0.00538343 0.88708121 -0.46157858 -3.966e-05 -0.88709927 -0.46154946 -6.274e-05 -0.88711441 -0.46151477 0.00024977 -0.88713259 -0.46150637 -0.00739255 -0.88710606 -0.46144417 -4.753e-05 -0.8871693 -0.46144086 -0.00024024 -0.88717097 -0.46143222 0.00030552 -0.88717544 -0.46143147 0.00324631 -0.8871699 -0.46139258 0.00332964 -0.88718981 -0.46139231 0.0035204 -0.88718927 -0.46138206 -0.00030584 -0.88720149 -0.46136042 0.00109671 -0.88721216 -0.46135974 0.01127005 -0.88714164 -0.46134666 0.00318631 -0.88721424 -0.46133566 0.00072297 -0.88722539 -0.46131343 -2.879e-05 -0.88723725 -0.46130791 0.00135177 -0.8872391 -0.46125123 -0.03533404 -0.88656574 -0.46124876 0.00713271 -0.88724214 -0.46124291 -4.234e-05 0.88727397 -0.46124282 0.00067044 -0.88727367 -0.46123257 -0.00144948 -0.88727802 -0.46122921 0.00097013 -0.88728046 -0.46122831 -3.575e-05 -0.88728148 -0.46121308 0.00011145 0.8872894 -0.46120155 0.14382809 -0.8755607 -0.46118796 0.02872298 -0.88683742 -0.46118698 0.00766089 0.88726985 -0.46115869 -0.00284993 -0.88731307 -0.46114287 -3.283e-05 0.88732588 -0.46114248 -0.00979005 0.88727212 -0.4611204 -0.00557499 -0.8873201 -0.46110508 -0.00427885 -0.88733518 -0.4610326 0.00028953 -0.88738316 -0.46100757 -0.05812107 -0.88549083 -0.4609932 -0.02425733 0.88707209 -0.46092889 -0.00313015 -0.8874315 -0.46091327 -0.02798352 0.88700384 -0.46088803 -0.00753505 0.88742632 -0.46088564 -0.00332534 -0.88745326 -0.46088544 -0.00761912 0.88742691 -0.46084407 -0.00029491 -0.88748109 -0.46081856 -0.00088699 -0.88749403 -0.46074882 7.45e-06 -0.88753057 -0.46073213 -0.01660267 0.88738394 -0.46072939 -0.025081 0.88718617 -0.46072268 -4.013e-05 0.88754416 -0.46061334 5.345e-05 -0.8876009 -0.46059874 0.00308333 0.88760316 -0.46057743 -1.335e-05 0.88761944 -0.46055987 -2.136e-05 -0.88762861 -0.46055004 -0.00285163 -0.88762915 -0.46054882 -0.79595178 0.39288089 -0.46053755 -0.01941491 0.88742799 -0.46045828 -0.01034691 0.8876211 -0.46042645 0.00224308 -0.88769501 -0.46033987 0.02355237 -0.88743025 -0.46030152 0.00015116 -0.88776261 -0.46028975 -0.00033407 -0.88776863 -0.46025044 -0.04688027 0.88655055 -0.46024242 -0.00079372 -0.88779283 -0.46019977 0.01949961 -0.88760126 -0.4601694 0.00221825 -0.88782835 -0.46012026 0.02667607 -0.8874557 -0.46009922 0.10681456 -0.88141894 -0.46009317 0.0023147 -0.88786763 -0.46004185 -0.10102578 -0.8821311 -0.46000773 0.00812516 -0.88787776 -0.45998031 -0.00065644 -0.88792878 -0.45995769 8.295e-05 0.88794088 -0.45994496 -0.00046284 -0.8879472 -0.45993271 -3.353e-05 0.88795376 -0.45990887 -0.00398419 -0.88795722 -0.45986971 -0.00278943 -0.88798195 -0.45976859 0.03183374 -0.88746804 -0.45972422 0.00155717 -0.88806039 -0.45968956 0.00076636 -0.88807946 -0.45967025 -0.03486101 -0.88740522 -0.45966911 -0.03281498 0.88748384 -0.45966271 -0.00128922 -0.88809258 -0.45965227 -0.02093399 0.88785225 -0.45959318 0.80192751 -0.38168898 -0.45957869 -0.0337527 -0.88749546 -0.45955083 0.00119884 -0.88815075 -0.45954832 -0.00011607 -0.88815284 -0.45951667 0.04338784 -0.88710874 -0.45948824 0.00012457 -0.88818383 -0.45948529 -0.00361087 -0.88817811 -0.45948476 -0.00390452 -0.8881771 -0.4594624 -9.018e-05 -0.88819724 -0.45944056 -0.05914688 0.88623691 -0.45943654 0.00331575 -0.88820446 -0.45942438 -0.0960879 -0.88300419 -0.45939389 0.00539201 -0.88821626 -0.45932797 -0.02373466 0.88794959 -0.45930272 0.02841414 -0.88782525 -0.45926756 -0.00255861 -0.88829434 -0.45926335 0.14270182 -0.87676305 -0.45916793 0.003701 -0.88834178 -0.45904469 0.00105408 -0.88841254 -0.45899358 0.00037134 -0.88843954 -0.4589541 0.5059883 -0.73029923 -0.45895094 0.03100475 -0.88792044 -0.45893613 -0.00085833 -0.88846886 -0.45891178 -0.03573516 0.8877629 -0.45888904 -0.00024593 -0.8884936 -0.45887685 -0.03956032 -0.88761872 -0.4588674 0.06534982 -0.88609827 -0.45877454 0.00206844 -0.88855028 -0.45874321 -0.04016181 0.8876608 -0.45873255 -0.00104675 -0.88857377 -0.45868149 -0.00086687 -0.88860035 -0.45866996 -0.00032963 -0.88860661 -0.4586333 -0.0008047 -0.88862532 -0.4585923 0.00132664 -0.88864577 -0.45857021 -0.00584659 -0.88863897 -0.45856035 -0.0028969 -0.88865852 -0.45855409 -0.00015772 -0.88866645 -0.45851019 -0.00404124 -0.88868004 -0.45848206 0.0009914 -0.88870317 -0.45846757 -0.00321726 -0.88870531 -0.45845175 0.13286605 0.87873125 -0.4583925 0.00092418 -0.88874936 -0.45829606 -9.16e-06 -0.88879961 -0.45829409 0 -0.88880056 -0.45829087 -0.00188066 -0.88880026 -0.45826757 -0.00074256 -0.88881397 -0.45826721 -0.00458764 -0.88880265 -0.45825839 0.00771122 -0.88878554 -0.45824859 -0.00179598 -0.88882226 -0.45811528 -0.79761845 -0.39234582 -0.45809418 0.00786428 -0.88886887 -0.4580563 0.00081208 -0.88892281 -0.45800698 -0.00079319 -0.88894826 -0.45799562 -0.00226206 -0.8889516 -0.45798182 -0.78825915 -0.41097465 -0.4578158 0.00083201 -0.88904667 -0.45774159 0.05909551 -0.88711911 -0.45770505 -0.00074796 -0.88910371 -0.45764238 -0.01199752 -0.88905531 -0.45759436 0 -0.88916111 -0.45756608 0.00491007 -0.88916206 -0.45752087 0.01685273 -0.88903916 -0.45748726 -0.02251227 -0.8889311 -0.45747855 -0.00075906 -0.88922036 -0.45747173 -0.09943738 -0.88364685 -0.45747125 0.00196325 -0.8892222 -0.45746422 -0.00222449 -0.88922524 -0.45746344 0.00024943 -0.8892284 -0.45745173 -0.01896342 0.88903219 -0.45735872 -0.00123209 -0.88928151 -0.45733398 -0.00153811 -0.88929367 -0.45733085 0.00038745 -0.88929653 -0.4572643 -0.00049878 -0.88933074 -0.45723379 -0.00175219 -0.88934481 -0.45715436 -0.12292218 0.88085192 -0.45709354 -0.04484743 -0.88828731 -0.45700619 -0.00040457 0.88946342 -0.456846 -0.04051854 0.88862258 -0.45684588 -0.00191199 -0.88954389 -0.4567745 0.07015581 -0.88681173 -0.4567132 8.31e-05 0.88961399 -0.45670789 -0.02313421 -0.8893159 -0.4566555 -0.00011889 -0.88964355 -0.45665282 -0.00529638 -0.88962919 -0.45660815 -0.00128351 -0.88966697 -0.45657954 -0.0001352 -0.88968259 -0.45654505 0.00140015 -0.88969916 -0.45653462 0.00724385 -0.88967627 -0.45653296 -0.1350103 -0.87940323 -0.4563947 0.02392453 0.8894558 -0.45632181 0.10717271 0.88333714 -0.45628455 0.00238642 -0.88983077 -0.45626032 -0.01899183 -0.88964361 -0.45609006 0.00099629 -0.88993299 -0.45599794 -0.03877504 0.88913578 -0.4559837 -0.03754547 -0.88919586 -0.45597363 -0.00947789 -0.88994288 -0.45588323 -0.00151739 -0.89003825 -0.45585075 -0.0061729 -0.89003479 -0.45580956 -0.14865835 -0.87757522 -0.45578077 0.00190623 -0.89008999 -0.45577517 -0.00332787 -0.89008874 -0.45577207 0.00200208 -0.89009428 -0.45574197 0.00057637 -0.89011174 -0.45573598 0.00227628 -0.8901121 -0.45571759 -0.0284761 0.88966888 -0.45566809 0.0595278 0.88815701 -0.45566231 -0.03052649 0.88962913 -0.45565379 -0.00339156 -0.89015061 -0.45552692 6.147e-05 -0.89022195 -0.45551202 -6.555e-05 -0.8902297 -0.45550621 0.01855193 -0.89003932 -0.45534235 0.00143551 0.89031529 -0.45531219 0.00223977 -0.89032906 -0.45517606 0.13754758 -0.8797133 -0.4550426 -0.01492198 -0.89034462 -0.45503154 -0.00794461 -0.89043987 -0.45501983 0.00569975 -0.89046311 -0.45455521 -0.14694883 -0.87851334 -0.45445228 -0.02061433 -0.89053249 -0.45443976 -0.78700721 0.41725799 -0.45443064 0.00100474 -0.89078152 -0.45440418 -0.01116182 -0.89072567 -0.45429996 0.01163566 0.89077282 -0.45427248 0.00321433 -0.89085704 -0.45411447 -0.05123366 -0.88946903 -0.45398527 -0.04274745 -0.88998318 -0.45393875 0.00547375 -0.89101613 -0.45391223 -0.06290757 -0.88882303 -0.45378682 -0.00629292 -0.89108801 -0.45369643 0.1384507 -0.88033569 -0.45356411 0.05984892 0.88921183 -0.45355478 -0.02249121 -0.89094448 -0.45353049 -0.27889854 -0.8464784 -0.45346159 -0.01974669 -0.89105707 -0.45315379 -0.00654426 -0.89140832 -0.45295885 -0.00752893 -0.8914997 -0.45289135 0.00271353 -0.89156163 -0.45285979 -0.89052624 0.04337311 -0.45269659 0.01382708 0.8915574 -0.4524239 0.05548308 0.8900755 -0.45238298 0.03498257 -0.89113742 -0.45229799 -0.01845937 -0.89167583 -0.45210209 -0.00408984 0.89195681 -0.45206124 -0.05141956 -0.89050364 -0.45194149 -0.00373915 -0.89203984 -0.45192835 0.00194993 -0.89205211 -0.45183304 -0.00139036 -0.89210153 -0.45166376 0.02858263 0.89173031 -0.45136729 0.0071535 -0.89230961 -0.45126817 0.00364353 -0.89238095 -0.4512125 0.0029217 -0.89241171 -0.45119756 0.03305782 0.89181161 -0.45117706 -0.01171148 0.89235765 -0.45100486 0.000477 -0.89252132 -0.45079413 -0.00113084 -0.8926273 -0.45066303 0.01140509 -0.89262128 -0.45061567 -0.00136311 -0.892717 -0.45057318 0.00243045 -0.89273626 -0.45057103 0.00190364 -0.89273852 -0.45054317 -0.001681 0.89275301 -0.45051828 -0.04473154 -0.89164597 -0.45051697 -0.03824369 0.8919484 -0.45044547 0.00203294 0.89280152 -0.45029855 0.0070863 0.89284992 -0.45024955 -0.03655474 -0.89215416 -0.45023751 -0.03727939 0.89213026 -0.45023417 -0.02121492 -0.89265841 -0.45015559 -0.00307258 -0.89294481 -0.45013565 -0.00149778 -0.892959 -0.45008031 -0.02157223 0.89272743 -0.44974297 0.00027034 -0.89315796 -0.44972268 0.00509311 -0.89315361 -0.44931188 0.00418777 -0.8933652 -0.44923139 -0.00487441 -0.8934021 -0.44916669 0.00331727 -0.8934418 -0.44906685 -0.00481503 0.89348513 -0.44898853 0.00449226 -0.8935262 -0.44896859 0.00433252 -0.8935371 -0.44892606 -0.56445086 -0.69271982 -0.44892019 0.00417644 -0.89356214 -0.44885924 -0.00013538 0.89360249 -0.44882044 0.00210701 0.89361942 -0.44881004 0.00323884 -0.89362139 -0.44867629 -0.02866761 0.89323443 -0.44866076 0.02247252 -0.8934195 -0.44864875 -0.00571442 -0.89368993 -0.44855842 -0.00769977 -0.89372039 -0.44851133 -0.07591742 -0.8905471 -0.44847313 4.695e-05 0.89379632 -0.44840637 -0.02875602 0.89336717 -0.44840014 -0.00089577 0.89383245 -0.44836125 0.02228501 0.89357454 -0.448181 -0.00274119 -0.89393854 -0.44812375 -0.00599585 -0.89395142 -0.44809768 0.00341896 -0.89397794 -0.44793472 0.03237246 0.89348 -0.44779375 0.43746418 -0.77981144 -0.4477694 0.00028914 0.89414907 -0.44754353 0.00545537 -0.89424545 -0.44753692 0.05984496 0.89226073 -0.44743785 0.01617114 -0.89416879 -0.44738948 -0.06300245 -0.89211732 -0.44731829 0.03238364 -0.8937884 -0.44728583 0.00020287 0.894391 -0.44726887 0.0159111 0.89425802 -0.44707987 -0.00329224 -0.89448798 -0.44702896 0.02667813 -0.89412165 -0.44695953 0.01718857 -0.89438903 -0.44686052 0.00563724 -0.89458585 -0.44683936 0.00713254 -0.89458579 -0.44677848 -0.0034089 -0.89463818 -0.4467285 -0.00364978 -0.89466208 -0.44632447 0.23517977 -0.86341465 -0.44628173 -0.08988679 -0.89036673 -0.44624925 0.00724862 0.89487934 -0.44621986 0.02825525 -0.89447719 -0.44619969 0.02855802 -0.89447767 -0.44617599 -0.04720851 0.89369917 -0.4458898 -0.03965177 -0.89420915 -0.44586796 0.02816734 0.89465541 -0.44580674 0.02893805 0.89466137 -0.44551682 0.01268812 -0.89518374 -0.44535068 0.0041683 -0.89534652 -0.44518754 0.21308124 -0.86971515 -0.44514868 0.01192747 -0.89537728 -0.44511282 0.00260522 -0.89547068 -0.44507203 0.02123361 0.89524305 -0.44500911 0.00442768 -0.89551502 -0.44484258 0.00782946 -0.89557463 -0.44472811 -0.00509943 -0.89565116 -0.44466147 -0.00520321 -0.89568359 -0.44456565 0.04518018 -0.89460611 -0.44428125 0.00514278 -0.89587259 -0.44421878 0.00996578 -0.89586288 -0.44419953 -0.01589249 -0.89578682 -0.44383472 0.00444382 -0.89609766 -0.44381514 -0.17252092 -0.87935466 -0.44381046 -0.02508068 -0.89576966 -0.44372141 -0.00423196 -0.8961547 -0.44359908 0.00807707 -0.89618891 -0.44359648 -0.38672391 -0.80849653 -0.44316652 0.0132593 0.89634126 -0.44315705 -0.03264758 -0.89584935 -0.44296291 6.468e-05 0.89653987 -0.44292039 0.00018222 -0.89656097 -0.4429045 1.424e-05 0.89656878 -0.44282043 0.03401011 0.89596504 -0.44277027 0.00499958 -0.89662111 -0.44262379 0.01335774 0.89660788 -0.44250658 -0.00392526 -0.89675665 -0.44238895 -0.76926434 -0.46100363 -0.44214538 -0.00474499 -0.89693087 -0.44189867 -0.76863062 -0.46252832 -0.44161129 0.06618153 -0.89476222 -0.44160405 -0.76920104 -0.46186122 -0.44115767 -0.00528551 -0.89741409 -0.44109121 0.46721682 -0.7662552 -0.44080183 0.06935585 0.89492095 -0.44057354 -0.12497758 -0.88897443 -0.44031501 0.09833138 -0.89244241 -0.44029653 0.00798576 -0.8978169 -0.44014007 -0.00418673 -0.89791942 -0.43989846 0.12525795 -0.88926917 -0.43950656 0.01569989 -0.8981021 -0.43950269 -0.01193101 -0.89816201 -0.43948981 -0.01188997 -0.89816898 -0.43946677 -0.76537436 -0.47018191 -0.43934256 0.00018062 -0.8983196 -0.43931952 0.00334704 -0.89832467 -0.4391863 0.00664759 -0.8983714 -0.43902138 0.01640576 -0.89832675 -0.43880874 0.76431423 -0.47251502 -0.43879366 0.02383473 -0.89827174 -0.43876353 -0.76356119 -0.473773 -0.43833742 0.00021186 0.89881051 -0.43831059 -0.01559023 -0.89868844 -0.43822643 0.01627141 0.89871728 -0.43790212 0.05420078 -0.89738739 -0.43785867 -0.01071593 0.89898002 -0.43782386 -0.00014409 0.89906073 -0.43776208 -0.02542962 0.89873111 -0.43766189 7.782e-05 0.89913958 -0.43725574 -0.00021703 -0.89933723 -0.43681532 -0.00018117 0.89955121 -0.43681213 0.01119266 -0.89948308 -0.4367336 -0.46644467 -0.76921588 -0.43652374 0.00074004 -0.89969248 -0.43650046 -0.00030471 0.89970398 -0.4363983 -0.05915198 -0.89780712 -0.43619666 -0.01308716 -0.89975619 -0.43604422 -0.0358768 -0.89920974 -0.43564785 -0.02875981 -0.89965755 -0.43549737 0.00955197 -0.90013933 -0.43546984 0.00431186 -0.90019298 -0.43542233 -0.75719547 -0.48689052 -0.43528011 0.03128275 0.89975137 -0.43505177 -0.01887852 -0.90020746 -0.43490723 -0.00034807 0.9004752 -0.43486285 0.01918015 -0.9002924 -0.43471724 -0.01877146 0.90037131 -0.43460518 0.04067791 -0.89970195 -0.43456474 0.00645492 -0.90061742 -0.43425983 0.02527496 -0.900433 -0.43425983 0.02527496 0.900433 -0.43420741 -0.42917112 0.79200768 -0.43390906 0.10509023 -0.89480662 -0.43367523 -0.02041146 0.90083802 -0.43340373 0.01352089 -0.90109843 -0.4326129 0 -0.9015798 -0.43252316 0.02843696 0.90117419 -0.43221956 -0.00302839 -0.90176338 -0.43162704 0.05908529 0.90011501 -0.43161106 -6.586e-05 0.90205979 -0.43158478 0.00946729 -0.90202266 -0.43157464 -0.00051074 0.90207702 -0.43097007 -0.52239585 -0.73577672 -0.43048435 -0.0657023 -0.90020347 -0.43028471 -0.00041101 0.90269309 -0.43018904 0.00762652 -0.90270662 -0.42997539 -0.00732303 -0.90281081 -0.42995963 0.06374687 0.90059483 -0.4292548 0.15313721 -0.89010632 -0.42908266 -0.01625757 -0.90311891 -0.42896286 0.00398255 -0.9033134 -0.42857879 0.05968131 0.90153104 -0.4284983 -0.03373222 0.90291274 -0.42843938 0.37551373 -0.821845 -0.42822084 -0.41782248 -0.80128103 -0.42818281 -0.05257095 -0.90216166 -0.42806226 -0.01974609 -0.90353346 -0.42783657 0.0041268 -0.90384668 -0.42776716 -0.03595077 0.9031738 -0.42752674 -0.02011027 0.90377903 -0.42731345 -0.90405566 0.0093133 -0.42715463 0.00108844 -0.90417784 -0.42712227 0.0129279 -0.90410143 -0.42699909 0.0501445 0.90286064 -0.42675668 0.38159332 -0.81991786 -0.42670944 0.22117482 -0.87692684 -0.4266955 0.03855701 -0.9035731 -0.42663932 0.2800453 -0.85997301 -0.42638862 0.01140061 -0.90446818 -0.42610538 0.01406207 0.90456426 -0.42568144 -0.00019889 0.90487307 -0.42567846 -0.36563993 -0.82771081 -0.42532325 -0.0003025 0.9050414 -0.42449129 -0.00042929 0.90543187 -0.42414591 0.04041687 0.90469152 -0.42311013 -0.00021908 -0.90607822 -0.4230909 0.03238571 -0.90550822 -0.42296371 0.69482189 -0.58165646 -0.42228734 -0.42789152 0.79911345 -0.42201236 0.01956214 -0.90637898 -0.42196319 0.01762612 -0.90644163 -0.42154026 -0.42779502 -0.79955941 -0.42140371 0.04422772 0.90579408 -0.42023414 -0.08015911 -0.9038682 -0.42019984 -6.525e-05 -0.90743154 -0.41987187 -0.04289034 -0.90656936 -0.41954249 0.05878207 0.9058305 -0.41923043 -0.22695188 -0.87905556 -0.41869381 -0.0195061 -0.90791792 -0.41848949 0.01925514 -0.90801752 -0.4180913 0.04894057 -0.90708572 -0.41796464 0.73775631 -0.53011423 -0.41766369 0 -0.9086017 -0.41703129 0.01117843 -0.90882343 -0.41636238 0.15700178 -0.89554054 -0.41622323 -3.709e-05 0.90926248 -0.41540611 0.00775548 -0.90960294 -0.41508722 0.0114525 -0.90970957 -0.41374269 -0.00365954 -0.9103865 -0.41320455 0.05111736 -0.90920246 -0.41305035 0.10827749 0.9042486 -0.41211417 0.03520662 -0.91045171 -0.4118661 0.00062551 0.91124421 -0.41 0 -0.91208559 -0.40957007 0.03187196 -0.91172177 -0.40951124 -0.52002811 -0.74958068 -0.40948084 0.05276815 -0.91079146 -0.40932995 0.24059848 -0.88009167 -0.40931734 -0.05983725 -0.91042781 -0.40703365 0.06063565 0.91139835 -0.40698841 -0.71028352 -0.57433242 -0.40657568 0.07059172 -0.91088587 -0.40646094 0.08483613 0.90972108 -0.40642253 0.7251727 -0.55582851 -0.40513101 0.42923328 -0.80723464 -0.40470853 -0.69977295 -0.58866692 -0.40451765 -0.39353308 -0.82552838 -0.4042553 -0.00375131 -0.91463846 -0.40416762 -0.70372522 -0.58431113 -0.40352279 -0.19117875 0.89477378 -0.4018991 0.36360669 -0.84039712 -0.4010686 0.31989881 -0.85837555 -0.40041804 0.3263959 -0.85623074 -0.40021718 0.08789331 0.91219568 -0.39830762 0.02775729 0.91683173 -0.39829355 0.02770602 -0.91683942 -0.39808351 0.04415572 -0.91628581 -0.39600205 -0.40939224 -0.82193702 -0.39211634 -0.42045358 -0.81820756 -0.39210281 -0.02538439 -0.91957116 -0.39209136 -0.12062482 -0.91198367 -0.39190617 -0.09611935 -0.9149704 -0.39160451 0 -0.92013371 -0.39121339 0.67607671 -0.62439764 -0.39109281 0.47445574 -0.78863066 -0.38931695 0.07893022 0.91771585 -0.38846877 -0.38512561 -0.83712023 -0.38582581 0.35205799 -0.8527565 -0.3857407 -0.06878866 -0.9200393 -0.38565052 0.07209108 -0.91982418 -0.38506636 0.1278539 -0.91398966 -0.38422176 -0.00967744 -0.92319012 -0.38353279 0.02928215 -0.92306298 -0.38317364 0.55748743 -0.73646837 -0.38289028 -0.14439335 -0.91243941 -0.38040477 0.05591628 -0.92312819 -0.37950352 -0.02103372 -0.9249512 -0.37764958 0.209555 -0.90192431 -0.37616041 0.2542493 -0.89098853 -0.37611079 -0.30526772 -0.87484413 -0.37565589 0.0082714 -0.92672223 -0.37196022 -0.64715177 -0.66546243 -0.37093136 0.48558345 0.79159242 -0.36838374 -0.42329156 -0.82771832 -0.36733419 -0.0993778 -0.92476469 -0.36601523 -0.63689214 -0.67852873 -0.36567926 0.67967713 -0.63585967 -0.36449018 -0.10529211 -0.92523527 -0.36368904 0.01438264 -0.93140942 -0.3636449 0.10543735 -0.92555141 -0.36270228 -0.3356384 -0.86936408 -0.36134353 -0.02716502 -0.932037 -0.36109978 -0.10545187 0.92654568 -0.36055133 -0.06370228 0.9305616 -0.35741127 0.93071151 -0.07767384 -0.35674459 0.48293191 -0.79969376 -0.35654816 -0.10386389 0.92848575 -0.3540574 -0.32426026 -0.87721068 -0.35402873 0.63810772 -0.68372655 -0.35350847 -0.38002577 -0.8547585 -0.35331139 -0.32745925 -0.87632275 -0.35241303 0.12317357 -0.92770326 -0.35217428 0.43540549 -0.8284899 -0.35109851 -0.31472588 -0.88186014 -0.35007766 -0.21396954 -0.91195542 -0.34992641 0.10937572 -0.93037003 -0.3496955 0.10070362 -0.93143535 -0.34921584 0.09768437 0.93193668 -0.34878433 0.11905946 -0.92960984 -0.34752083 -0.11348978 -0.93077892 -0.34750226 0.42067254 0.83801955 -0.34637991 0.453733 -0.82106471 -0.34527531 0.07814745 0.93524218 -0.34527433 0.60104972 -0.72078073 -0.34349194 -0.32176435 -0.88231581 -0.34251037 0.41888151 -0.8409667 -0.34243712 0.05604904 0.93786746 -0.34226406 0.26204684 0.90232295 -0.34160474 0.02848734 -0.93941188 -0.34155521 -0.63640237 -0.69161546 -0.34008902 -0.33382434 -0.87914771 -0.33967832 0.58755165 -0.73443961 -0.33908874 0.37779531 -0.86156225 -0.33832109 0.38784051 0.85739052 -0.33682051 -0.32951638 -0.88202661 -0.33675528 0.41903502 -0.84321147 -0.33626324 0.30977002 -0.88936472 -0.3314985 0.57828701 -0.74544805 -0.33017957 0.34629747 -0.87809998 -0.32947031 -0.22324236 -0.91739416 -0.32916233 0.2435683 -0.91231942 -0.32883248 0.03302155 -0.94381076 -0.32882285 0.5714522 -0.75187624 -0.32750541 -0.31201899 -0.89184332 -0.32723463 -0.35906222 0.87406623 -0.32469386 0.14347471 0.93487376 -0.32318151 0.04631383 -0.94520307 -0.32275501 -0.33588424 -0.88487899 -0.32224295 0.39441562 -0.86057866 -0.32221818 0.71554124 -0.61981952 -0.3209835 0.14711136 -0.93558949 -0.31824139 -0.06004392 -0.9461062 -0.31740806 0.85387999 -0.41248164 -0.31651545 -0.54662144 -0.77525675 -0.31609383 -0.55332839 -0.770657 -0.31566399 -0.23111567 -0.9202944 -0.31491879 0.32879499 -0.8903482 -0.31360123 0.43725136 -0.84289116 -0.31227905 0.34993273 0.88319242 -0.31218821 -0.37247962 -0.87395507 -0.31191137 -0.43933457 -0.84243482 -0.31141293 0.06425405 -0.94809985 -0.31128407 0.32911184 -0.8915087 -0.31066948 -0.70494664 -0.63760084 -0.3101182 0.37852556 -0.87209237 -0.3099682 -0.41452634 -0.85562122 -0.30854115 -0.33361 -0.89078993 -0.3060832 -0.78054315 -0.54503721 -0.30589533 0.41808644 -0.85535473 -0.30588478 -0.12898433 0.94329083 -0.30533725 0.52334726 -0.79553556 -0.30499607 0.40014911 -0.86420947 -0.30479917 0.02189498 -0.95216489 -0.30428261 -0.26445088 -0.91513807 -0.30343163 -0.70002729 0.64644486 -0.30342337 -0.13976842 -0.94254923 -0.30341122 -0.35705402 -0.8834331 -0.30085838 0.15585282 0.94084758 -0.30058321 0.49601379 -0.81462866 -0.29974395 -0.35073924 -0.88720661 -0.29943046 0.51369107 -0.80402923 -0.29912513 0.35666147 0.88505179 -0.29853779 0.0786043 -0.95115536 -0.29742563 0.18745452 -0.9361617 -0.2972813 -0.00256937 -0.95478654 -0.29701403 -0.50942796 -0.8076297 -0.29500672 0.41323671 -0.86151403 -0.29452544 -0.17888959 0.93875086 -0.29449949 -0.37399366 -0.87943101 -0.29412234 -0.38990378 -0.87262088 -0.29254532 0.43875507 -0.8496536 -0.29148254 0.1759391 -0.94025701 -0.29015309 0.48203391 -0.82671303 -0.28887355 0.07922406 0.95408362 -0.28784564 0.34448564 -0.89357406 -0.28769624 -0.08738293 -0.95372701 -0.28705922 -0.35922217 -0.88800704 -0.28586304 0.551741 -0.78349489 -0.28580603 0.67045033 -0.68469799 -0.28524238 -0.87924099 -0.3815392 -0.28493235 0.08348799 -0.95490479 -0.28385103 -0.21523169 -0.93440026 -0.28373072 0.44750485 -0.84807795 -0.2834093 -0.37017807 0.8846736 -0.28317583 0.48598957 -0.8268165 -0.28273398 -0.37005422 -0.88494152 -0.28231746 0.22821273 -0.93178099 -0.28199714 -0.37928659 -0.88126004 -0.28194213 0.41170835 -0.8666054 -0.28164923 0.34018719 -0.89718795 -0.28106689 -0.36580878 -0.88723469 -0.28092802 0.45461708 -0.84522349 -0.28077567 -0.41703016 -0.86443669 -0.28042874 0.37134287 -0.88513511 -0.27927426 0.24265118 -0.92904586 -0.27850935 0.38028288 -0.88193965 -0.27838686 0.38942578 0.8779797 -0.27825394 0.18833409 0.94186252 -0.27811599 0.24450447 0.92890745 -0.27740413 -0.40350679 -0.87191135 -0.27730706 0.41219923 0.86786675 -0.2772958 -0.38175154 -0.88168752 -0.27682379 0.36439389 -0.88914883 -0.27655581 -0.40352964 -0.87217003 -0.27640152 -0.38038161 -0.88255996 -0.27585602 0.41318965 0.86785811 -0.27517846 -0.47860754 -0.83379352 -0.27458602 0.37708414 -0.88453948 -0.27405378 0.37801954 -0.88430518 -0.27372429 0.25085562 -0.92851847 -0.27355367 0.37071148 -0.88754797 -0.2735115 0.38813776 -0.88007981 -0.27325463 -0.37434334 0.88611454 -0.27250141 0.37689352 -0.88526505 -0.27235055 -0.37011009 -0.88816869 -0.27195811 -0.39807764 -0.8761124 -0.27191678 0.25232431 0.92865151 -0.27149385 -0.47277245 -0.83831817 -0.27021953 0.41122356 0.87056106 -0.26947674 -0.39052761 -0.88026726 -0.26904699 -0.47056237 -0.84034801 -0.26885709 -0.40220979 0.87518179 -0.2686345 0.46653113 -0.84272426 -0.2685262 -0.41862452 -0.86755246 -0.26821825 0.37400636 0.88779402 -0.26782805 0.39700451 0.87786978 -0.26768503 0.38345218 -0.88391685 -0.26748502 0.45166135 -0.85114849 -0.26700842 0.41602391 0.86927021 -0.26676795 0.4034116 -0.87526798 -0.26664639 0.41594452 -0.86941928 -0.26659891 -0.45645776 -0.84886473 -0.26636487 -0.4478226 0.85352486 -0.26608509 -0.33280805 -0.90467536 -0.26523474 -0.38044703 0.88595188 -0.26513046 -0.39734346 -0.87853515 -0.26505947 0.38069883 -0.88589615 -0.26454276 -0.40041915 -0.87731504 -0.26359043 -0.43431509 -0.86133069 -0.26357034 0.4583832 -0.84877288 -0.26304051 0.4011268 -0.87744337 -0.2627371 -0.40073097 0.87771517 -0.26210523 -0.41531387 -0.87110001 -0.26202554 0.39242744 0.88167083 -0.26194146 -0.38341656 0.88565141 -0.26191604 0.40474164 0.87611884 -0.26191062 0.45290837 0.85221869 -0.26182356 0.45207816 -0.85268617 -0.26147896 -0.37908584 0.88765013 -0.26144174 -0.40097183 -0.87799197 -0.26143265 0.4291136 -0.86458921 -0.2613748 0.41362557 -0.87212217 -0.26127863 0.29524159 -0.91900265 -0.26104787 0.39310542 0.88165873 -0.26098457 0.40050599 -0.87834042 -0.26098388 0.39040655 -0.88287604 -0.26092267 0.38818863 -0.88387156 -0.26084077 0.33735549 -0.90451831 -0.26083598 0.37497959 -0.88958132 -0.26062858 0.45132098 -0.85345304 -0.26030278 0.35488907 -0.89793998 -0.26024747 0.42078641 -0.86902821 -0.25991225 -0.38319182 -0.88634616 -0.25980029 -0.38850361 -0.88406372 -0.25969237 0.44639409 -0.85632485 -0.25888556 0.37773922 -0.88898337 -0.25856528 -0.38886532 -0.88426679 -0.25847077 0.45036721 -0.85461235 -0.25836059 0.39989591 0.87939358 -0.25829175 -0.43712634 0.86151385 -0.25765058 0.36781085 -0.89349389 -0.25714093 0.38701123 -0.88549477 -0.25674376 -0.41362137 -0.87349868 -0.25663432 -0.15418598 -0.95413077 -0.25651973 0.45342159 -0.85358453 -0.2563554 -0.41053662 0.8750667 -0.25620753 0.4429116 -0.85917813 -0.25609833 -0.40776807 -0.87643528 -0.25608739 0.36666226 -0.89441496 -0.25588167 0.40657002 0.87705499 -0.25585279 0.41289654 -0.87410277 -0.25543889 -0.47838759 -0.8401764 -0.25532761 0.41143838 -0.87494355 -0.25511348 -0.41491979 0.87336057 -0.25494713 -0.48206386 -0.83822209 -0.25483236 0.44111601 0.86050981 -0.25472397 -0.41408509 0.87387025 -0.25466004 0.38404015 0.88750291 -0.25458911 0.20996302 0.94398087 -0.25449473 -0.41349518 -0.87421638 -0.25437522 -0.3909848 0.88454741 -0.25428703 0.44187567 0.86028135 -0.25425452 -0.44275877 -0.8598367 -0.25413072 0.34202155 -0.90467608 -0.25377947 0.41408417 0.87414539 -0.25376344 0.43522766 -0.86381775 -0.25356624 0.44044188 -0.86122882 -0.25349626 -0.39012694 0.88517833 -0.25340968 0.43863627 0.86219591 -0.2532922 -0.38881215 0.88581496 -0.25325951 0.41615102 -0.87331438 -0.25319943 0.41948947 -0.87173307 -0.25308356 0.38186374 0.88889188 -0.25297305 -0.38996246 -0.88540047 -0.25289303 0.43714413 -0.86310494 -0.25282046 -0.41140217 -0.87568837 -0.25266463 -0.43535122 -0.86407745 -0.25266373 -0.38766792 0.88649577 -0.25263482 0.43281943 0.8653571 -0.25251219 -0.43479419 -0.86440247 -0.25245708 -0.40910792 -0.87686723 -0.25243431 -0.41368628 0.87472314 -0.25231957 -0.40478849 -0.87890911 -0.25218859 0.9374038 -0.24015619 -0.25188723 -0.43448552 -0.86474001 -0.25178349 0.41483411 -0.87436706 -0.25176314 0.77403796 -0.58093089 -0.25169605 0.39253354 -0.88462788 -0.25166547 -0.38601965 -0.88749832 -0.25163388 -0.39612851 -0.88304162 -0.25160849 0.43472943 0.86469847 -0.25150615 0.43168965 -0.86624986 -0.25149938 0.38622025 0.88745821 -0.2514621 0.38734928 0.88697654 -0.25144821 0.43323696 -0.86549383 -0.25124016 0.38481456 0.88814199 -0.25081611 0.36594185 0.89620191 -0.25065717 0.38573599 -0.88790697 -0.25065717 0.38573599 0.88790697 -0.25062007 -0.38680717 -0.88745129 -0.25057378 0.39599696 -0.88340205 -0.25056654 0.38563532 0.88797617 -0.2499809 0.38519606 -0.88833183 -0.24994543 0.42293662 -0.87100631 -0.24994543 0.42293662 0.87100631 -0.2498378 -0.38065234 0.89032853 -0.2495964 -0.74741507 -0.6156885 -0.24934846 -0.41957298 -0.87280226 -0.249294 -0.42615065 -0.86962521 -0.24928162 0.34029543 -0.90667403 -0.24923079 0.38743144 0.8875702 -0.24917822 0.43101099 -0.86725992 -0.24901724 -0.42484778 0.87034178 -0.2490036 0.42998517 -0.86781913 -0.24867333 0.38622117 -0.88825381 -0.2486349 0.43317205 -0.86633873 -0.24848184 -0.39998326 -0.88219631 -0.24844691 0.41599596 0.87476939 -0.2484304 0.41263887 -0.87636262 -0.24841987 0.41237447 -0.87649006 -0.24783258 -0.41490382 -0.87546211 -0.24771181 0.41693813 -0.8745293 -0.24738742 -0.36797419 -0.89632279 -0.24734424 -0.38198194 0.89045531 -0.2472048 0.40188754 -0.88168943 -0.24708396 -0.42427364 0.87117243 -0.2470724 -0.35434449 0.90188432 -0.24704066 0.42861894 0.86905503 -0.24702783 -0.38763335 0.88809776 -0.24695306 0.41111413 0.877496 -0.24690273 0.15824345 -0.95603245 -0.2468549 -0.44324961 -0.86173809 -0.24664409 0.39937893 -0.88298541 -0.24644586 -0.36398557 -0.8982088 -0.24640875 -0.43163416 -0.86774123 -0.24622378 0.37623921 -0.89320654 -0.2462168 -0.34609267 -0.90531605 -0.24615945 0.36056855 -0.89966428 -0.2460942 -0.39752683 0.88397396 -0.24575196 0.37974042 -0.89185381 -0.24573575 0.38398683 0.89003825 -0.24569783 0.32593781 -0.91290581 -0.24565665 -0.42788726 -0.86980766 -0.24555327 -0.41997463 0.87368464 -0.24551605 -0.38215819 -0.89088553 -0.24539652 0.40670332 0.87998462 -0.24539426 0.40923691 -0.87880993 -0.24538496 0.43959308 -0.86402786 -0.24538457 -0.41030106 -0.87831622 -0.2452825 0.41385967 -0.87667358 -0.24511299 -0.42683971 0.87047547 -0.2450583 -0.38887408 0.8881011 -0.24505779 -0.40038168 -0.8829729 -0.24502869 -0.38716927 -0.88885367 -0.24502419 0.41836923 -0.87460291 -0.2448872 -0.36515924 -0.89815873 -0.24488461 -0.42703959 -0.87044173 -0.24479985 0.40353712 0.88160694 -0.24478678 0.36992303 -0.89623457 -0.24460445 -0.39133412 -0.88714504 -0.2445219 -0.41721597 -0.87529409 -0.24448101 0.37004238 0.89626873 -0.24446443 -0.38703883 0.88906574 -0.24443215 -0.3819555 0.8912704 -0.24418209 -0.42236456 -0.87291652 -0.2441265 0.39041978 0.88767934 -0.24402735 0.3892495 0.88822037 -0.24391666 0.3885982 0.88853604 -0.24387875 -0.40218076 -0.88248158 -0.24385506 0.39759868 -0.88456196 -0.24384685 -0.42192829 0.87322122 -0.24365799 -0.38158384 -0.89164144 -0.24344647 -0.38978204 -0.88814628 -0.24343309 -0.42147374 0.87355608 -0.24325399 0.39078674 0.88775742 -0.24325098 -0.41927671 -0.87466341 -0.24324693 -0.4227539 0.87298924 -0.24323848 0.41779354 -0.87537628 -0.24302737 -0.42156556 0.87362468 -0.24294333 0.40771875 0.88019538 -0.24285634 -0.42022035 0.87432015 -0.24272457 -0.39155555 -0.88756359 -0.24264985 -0.3878701 0.88920069 -0.24250692 0.37823066 -0.89338231 -0.24250384 -0.36248162 -0.8998884 -0.24240218 -0.40952331 0.87950665 -0.2423749 0.40367395 -0.88221413 -0.2423026 0.3917596 0.88758886 -0.2422938 0.41237766 -0.87820172 -0.24225193 -0.41005939 0.87929815 -0.24218403 -0.41038704 0.87916404 -0.24218036 0.41225377 -0.87829119 -0.24217992 0.39448488 -0.88641447 -0.24214061 0.3915588 0.8877216 -0.24207217 0.4186202 -0.8753047 -0.24198361 -0.36413419 0.89936101 -0.24195461 -0.75316763 -0.61171609 -0.24191357 0.38887069 -0.8889643 -0.24188437 0.38115814 0.89230627 -0.24182767 0.3940613 0.88669902 -0.24170938 0.3910602 0.88805884 -0.24160084 0.40126383 0.88352489 -0.24152002 0.40708894 -0.88087833 -0.24149822 -0.40400484 -0.88230306 -0.24149071 0.39521816 -0.88627583 -0.24137577 -0.39815471 0.88499188 -0.2413706 0.39645815 -0.88575459 -0.24136215 -0.34064162 -0.90868455 -0.24134821 0.435772 -0.86709505 -0.24131398 -0.32203361 -0.91545719 -0.24130456 -0.41472369 -0.87736905 -0.24129727 -0.38928691 -0.88894951 -0.24121848 0.40426362 -0.88226116 -0.24111722 -0.39572811 -0.88614994 -0.24098706 0.39686263 -0.88567775 -0.24096254 0.3924998 0.88762659 -0.24088456 -0.39712217 0.88558936 -0.240872 -0.40322313 -0.88283169 -0.24082842 -0.4239296 -0.87308949 -0.24080114 0.41521901 -0.87727308 -0.24076687 0.39736056 -0.88551444 -0.24070655 -0.40767178 -0.88083142 -0.24061893 -0.39240548 0.88776147 -0.24061234 0.39504927 -0.88659 -0.2405594 -0.4010531 0.8839047 -0.24055174 0.39658856 -0.88591897 -0.24053143 -0.39568406 0.88632876 -0.24048461 0.40545377 0.88191521 -0.24047427 -0.39678684 0.8858512 -0.24046803 0.38759902 0.88991129 -0.24044527 -0.39701894 0.88575506 -0.24036627 -0.3906571 -0.88860059 -0.24036364 0.39407119 0.88709259 -0.24035428 0.39282668 -0.88764691 -0.24031366 0.40547144 0.88195366 -0.24022202 0.41977409 0.87526172 -0.24019384 -0.09494098 -0.96607095 -0.24007104 0.40212068 -0.88355237 -0.24005689 -0.40852359 -0.88061404 -0.24005018 0.37495086 0.89542598 -0.2400381 0.41597492 0.87712413 -0.24001749 0.38997576 0.88899404 -0.23997299 -0.40317497 -0.88309842 -0.23983739 -0.39994767 -0.88460147 -0.23982461 0.39609224 -0.886338 -0.23979695 -0.39672726 0.88606143 -0.23979525 0.4075104 -0.8811546 -0.23970857 0.41466171 -0.87783563 -0.23967747 0.38893703 -0.88954067 -0.2396083 0.41191718 -0.87915421 -0.23958792 0.39383242 0.88740832 -0.23953423 -0.27727214 -0.93045342 -0.23940857 0.3865858 -0.89063734 -0.23932464 -0.40180844 -0.88389689 -0.23928611 -0.42930764 -0.87088293 -0.23924458 0.40088201 -0.88433909 -0.2392209 -0.39643016 -0.8863501 -0.2392201 0.39330006 -0.88774359 -0.23921616 -0.36681813 0.8990106 -0.23917538 -0.40366784 -0.88308978 -0.23916723 -0.41147146 0.87948292 -0.23912971 0.41403103 0.87829113 -0.23911284 0.37239429 0.8967427 -0.23906463 0.38370481 -0.89197463 -0.23906247 0.4042415 -0.88285786 -0.23905355 -0.39314967 -0.88785511 -0.23899879 -0.41395333 0.87836337 -0.2388943 0.40234831 0.88376772 -0.23886037 -0.40636009 -0.88193953 -0.23881197 0.41073492 -0.87992364 -0.23873615 0.39090222 0.88893217 -0.23869957 -0.4139246 -0.87845832 -0.23869886 0.39684302 0.88630611 -0.23859969 0.37324631 -0.8965252 -0.23849058 0.40252519 -0.88379622 -0.2384408 0.40158451 -0.88423753 -0.23843366 -0.41317993 0.87888098 -0.23833086 0.39585385 -0.88684738 -0.23826763 0.38771686 -0.89045161 -0.23824002 -0.4099533 0.8804431 -0.23821649 0.4123781 0.87931627 -0.23820241 0.40423146 -0.88309497 -0.23813084 0.4010978 -0.88454175 -0.23810138 -0.40837497 -0.88121372 -0.23805487 -0.42624667 -0.87272197 -0.23803852 -0.37293118 0.89680547 -0.23800591 -0.40472558 -0.88292146 -0.2379677 -0.40372059 -0.88339186 -0.23795934 0.40509871 -0.88276297 -0.2378927 -0.40574944 -0.88248193 -0.23788905 0.40920871 -0.88088423 -0.23788729 0.41190702 0.87962615 -0.23786268 -0.40188071 -0.88425863 -0.23786177 -0.38531357 -0.89160264 -0.23784421 0.39465126 0.88751364 -0.23782468 -0.39601737 -0.88691014 -0.23769315 -0.39567855 -0.8870967 -0.23765753 -0.32701614 -0.9146471 -0.23764847 -0.40928251 0.88091487 -0.23755878 -0.38835588 0.89036256 -0.23752543 -0.40927756 0.88095039 -0.23749301 0.34744158 -0.9071281 -0.23746899 0.40242198 -0.88411826 -0.23744179 -0.47355953 0.84815258 -0.23738603 -0.40026033 -0.88512117 -0.23736174 -0.4102813 -0.88052744 -0.23731641 0.46554866 -0.85261095 -0.23728403 0.40255305 -0.88410825 -0.23725183 -0.39973077 -0.88539642 -0.23720948 -0.40886357 0.88122773 -0.23718651 0.39837098 -0.88602662 -0.2371456 0.39519051 -0.88746065 -0.23714066 -0.37869695 0.89462453 -0.23712695 0.37806329 -0.89489609 -0.23708437 -0.40980411 -0.88082439 -0.23703142 -0.40600699 -0.8825953 -0.23699106 -0.38499326 0.89197278 -0.23698047 0.41058967 0.88048637 -0.23693967 0.41353506 -0.87911785 -0.2368785 -0.3942683 -0.88794208 -0.23686875 -0.40015131 -0.8853091 -0.23686658 -0.40960103 -0.88097739 -0.23683397 -0.39751357 -0.8865059 -0.23681283 -0.41384479 0.87900633 -0.2367799 0.40404236 -0.88356394 -0.23676491 0.40934366 -0.88112438 -0.23674372 0.39472473 0.88777524 -0.23669872 0.39722872 -0.8866697 -0.23669541 0.39728525 -0.88664514 -0.23667338 -0.40114281 -0.88491255 -0.23667206 -0.4106589 -0.88053709 -0.23665017 0.39851493 -0.88610524 -0.23662835 0.38659757 -0.89137489 -0.236615 0.38878343 0.89042735 -0.23659971 0.37310132 0.89711529 -0.23659334 0.40778294 -0.88189375 -0.23658621 0.39633104 -0.88710123 -0.23654845 -0.40034008 -0.88530934 -0.23654574 0.39765993 -0.88651717 -0.23654282 -0.40128544 -0.88488275 -0.2365298 -0.38568351 -0.89179701 -0.2365227 0.40704718 -0.88225257 -0.23650478 0.40773329 -0.88194054 -0.23646274 0.37315425 -0.89712954 -0.2363748 -0.39005011 0.88993704 -0.23633558 -0.44362435 0.86449003 -0.2362967 0.37875208 0.89482433 -0.23628187 0.40933692 0.88125718 -0.23627749 -0.41116449 -0.88040721 -0.23627286 0.39959508 -0.88571942 -0.23622036 -0.3946262 -0.88795841 -0.23613483 0.41105631 -0.88049591 -0.23605764 0.3964313 -0.8871972 -0.23597351 0.38499746 -0.8922407 -0.23592213 -0.40646237 -0.88268298 -0.23591214 -0.39700481 -0.88697952 -0.23590006 0.38866973 -0.8906666 -0.23584855 -0.4141351 0.87912887 -0.23582336 0.3908841 -0.8897174 -0.23580259 0.39284253 -0.88885987 -0.23578022 0.3984552 -0.88636398 -0.23575576 0.4111006 -0.88057679 -0.23573637 0.40899852 -0.88156033 -0.23573057 -0.32891122 -0.91446626 -0.23570909 0.40049887 -0.88546151 -0.23566788 0.39776123 -0.88670546 -0.23565686 0.40664357 -0.88267034 -0.23564124 -0.39949998 -0.88593066 -0.23560391 -0.40283841 -0.88442755 -0.2355978 -0.37044793 -0.89847761 -0.23558336 -0.40371105 -0.88403499 -0.23557836 -0.40323585 -0.88425314 -0.23557147 0.40286022 -0.88442618 -0.23550162 0.39255193 -0.88906807 -0.23550084 0.39745677 -0.88688642 -0.23548962 -0.40540567 -0.88328415 -0.23541446 -0.4079797 0.88211823 -0.23536327 -0.39798582 0.88668561 -0.23535044 -0.41416702 -0.87924731 -0.23534429 -0.39819515 -0.88659668 -0.2353393 -0.39277494 -0.88901252 -0.23527148 -0.41402608 -0.87933493 -0.23521517 -0.4074505 0.88241595 -0.23520789 -0.40746599 -0.88241076 -0.23520182 -0.39846945 0.88651121 -0.23519605 -0.4021771 -0.88483691 -0.23518667 0.40746322 0.88241768 -0.23515904 -0.39633474 -0.88747901 -0.23515378 0.40747163 0.88242263 -0.23512031 -0.40662393 -0.88282239 -0.23510852 -0.40232682 -0.88479221 -0.23508906 -0.40714052 0.88259262 -0.23507963 0.37857336 0.89522058 -0.23506913 0.40515855 -0.88350946 -0.23505712 -0.39027622 -0.89018691 -0.23504336 -0.40434182 -0.88389045 -0.23503241 0.406048 0.88311082 -0.23500974 0.48649639 -0.8414818 -0.23497809 0.40604442 -0.88312691 -0.23494683 0.39832038 -0.88664585 -0.23494096 -0.41040435 -0.88111919 -0.23490782 0.39417419 -0.88850713 -0.23490684 -0.41221538 0.88028246 -0.2348814 -0.40506187 -0.88360381 -0.23485097 0.40692458 0.88275558 -0.23484787 0.39606532 0.88768172 -0.23484577 0.40307286 -0.88452226 -0.23484194 -0.40855041 -0.88200676 -0.23483792 0.40033814 -0.88576561 -0.2347765 -0.406973 -0.88275301 -0.23469472 -0.427495 -0.87302142 -0.2346918 -0.40522221 0.88358063 -0.2346615 0.40803656 -0.88229263 -0.23462214 -0.40046901 -0.88576347 -0.23462112 0.41108084 -0.880889 -0.2345822 -0.40390652 -0.8842119 -0.23456082 0.3958205 -0.88786674 -0.23454596 0.40618435 0.88317758 -0.23453346 0.40175962 -0.88520235 -0.23449974 0.39907107 -0.88642663 -0.23449963 -0.40586558 -0.88333631 -0.23442169 -0.39771852 -0.88705498 -0.23440804 -0.40406898 -0.88418388 -0.23439614 0.40599111 0.88330609 -0.23437618 -0.39033079 0.89034247 -0.23434755 -0.40340742 -0.88450193 -0.23433983 -0.39868739 -0.88664156 -0.23433954 0.3860364 -0.89222246 -0.23432882 -0.80145836 -0.55023128 -0.23431101 -0.40606242 0.88329583 -0.2341726 0.40433341 -0.88412541 -0.23414412 0.398101 -0.88695675 -0.23411058 0.39880037 -0.88665122 -0.23409632 0.40199813 -0.88520974 -0.23408867 -0.40166596 -0.88536263 -0.23407458 0.4014166 -0.88547939 -0.23400822 0.40477097 -0.88396871 -0.23400122 -0.40419146 0.88423568 -0.23399605 -0.39764968 0.88719815 -0.23399298 0.38008347 0.89486521 -0.23398939 -0.39678028 -0.8875891 -0.23397651 0.40151739 -0.8854596 -0.23396218 0.39736015 -0.88733679 -0.23396039 -0.37814438 -0.89569485 -0.23395778 0.41714481 -0.87821066 -0.23394568 0.38418117 0.89312613 -0.2339229 0.39839959 -0.88688105 -0.23391609 -0.4041265 0.88428783 -0.23388788 -0.40034294 0.88601464 -0.23385368 0.40035984 -0.88601607 -0.23384306 -0.4169659 0.87832612 -0.23378788 -0.40079835 -0.88583511 -0.23378763 0.40935928 -0.88191175 -0.23376416 -0.39888135 -0.88670635 -0.23375796 -0.3937273 -0.88900858 -0.23375389 0.41161472 0.88087022 -0.23375039 0.40218273 -0.88521731 -0.23374791 -0.40381843 0.88447303 -0.2337438 -0.40355012 0.88459653 -0.23374133 -0.40298161 -0.8848564 -0.23371664 -0.39806482 -0.88708574 -0.2337016 0.39920974 -0.88657492 -0.23364726 0.39157599 0.88998711 -0.23363012 -0.40573934 -0.88362473 -0.23362537 0.39624611 -0.88792354 -0.23360485 -0.39813483 -0.88708359 -0.23359597 0.40027758 -0.88612121 -0.23358721 0.41730595 -0.87823272 -0.23357128 -0.39767903 0.88729692 -0.23355578 -0.39425582 -0.88882744 -0.23354118 0.39146799 0.89006257 -0.23352723 -0.39632648 -0.88791341 -0.23352681 0.36235851 0.902309 -0.23352264 -0.39082941 -0.89034802 -0.23351745 -0.40949562 -0.88192004 -0.23350783 -0.37346324 -0.89777458 -0.23348302 -0.40180549 -0.88545924 -0.23346621 0.40391156 -0.88450491 -0.23346271 0.42226756 0.87589121 -0.23345935 0.4037458 -0.88458234 -0.233458 -0.39727187 -0.88750911 -0.23344831 0.39640203 -0.88790053 -0.23343492 0.41558152 0.87909055 -0.23340617 0.40429208 -0.88434696 -0.23339644 0.39780104 -0.88728815 -0.23339625 0.40703988 -0.88308817 -0.23334561 0.40153202 -0.8856194 -0.23334378 0.39890733 -0.88680524 -0.23332244 -0.39619344 -0.88802665 -0.23329508 0.40552899 -0.88380969 -0.23329483 0.4046112 -0.88423026 -0.23329359 -0.41721034 -0.87835616 -0.23327711 -0.40432301 -0.88436681 -0.23326376 -0.40693432 -0.8831718 -0.23326044 0.3983368 -0.88708359 -0.2332485 0.40051207 -0.88610679 -0.23324834 0.41915262 -0.87744302 -0.23323579 -0.3993172 -0.88664925 -0.23321246 -0.39747933 -0.88748085 -0.23320875 -0.41478461 0.87952679 -0.23320588 0.40501463 -0.88406914 -0.23320539 0.40040442 -0.88616681 -0.23318008 0.38664684 -0.89226192 -0.23317567 -0.40212989 -0.8853929 -0.2331613 -0.3989982 -0.88681239 -0.23312458 -0.39917356 -0.88674313 -0.23312141 -0.39998299 -0.88637924 -0.23307835 0.39854631 0.8870374 -0.23307249 0.40389073 -0.88461828 -0.23306715 -0.40240726 -0.88529551 -0.23304749 -0.40372109 -0.88470227 -0.23303968 -0.39626125 -0.8880707 -0.23303594 -0.41061684 -0.88152587 -0.23303048 0.40141496 -0.88575548 -0.23302841 -0.39981052 -0.88648152 -0.23302227 -0.40306553 -0.88500786 -0.23300135 0.40120763 -0.88585705 -0.23299278 -0.40036044 -0.88624251 -0.23297246 0.38902697 -0.89128101 -0.23296951 -0.40084648 -0.88602895 -0.23296031 -0.40665248 -0.88338178 -0.23295319 -0.41412473 0.87990528 -0.2329444 -0.40346196 0.88484764 -0.23294353 0.39927006 -0.8867473 -0.23292769 -0.40188944 -0.88556731 -0.23292586 -0.40408367 -0.88456875 -0.2329178 -0.38754904 0.89193898 -0.23288918 0.40028375 -0.88630438 -0.23287864 0.39041543 -0.89069819 -0.23286888 0.40321001 -0.88498235 -0.23285538 -0.39365292 -0.88927817 -0.23284994 -0.39797032 -0.88735592 -0.23283403 0.40393358 -0.88466161 -0.23282836 0.39352438 -0.88934219 -0.2328281 -0.40433431 -0.88447994 -0.2328254 -0.39707431 -0.88776368 -0.23281728 -0.39914122 -0.88683838 -0.23281282 0.39837298 0.88718504 -0.23280713 -0.40330848 -0.88495368 -0.2328065 0.4040406 -0.88461995 -0.23280413 0.40437785 -0.88446641 -0.23279183 0.39964366 -0.88661885 -0.23279092 -0.40021148 -0.88636285 -0.23278984 -0.39075774 0.89057142 -0.23277979 0.39517865 0.88862115 -0.23274095 -0.39954403 -0.88667709 -0.23274092 0.39954403 -0.88667709 -0.23273356 0.40252662 -0.88532901 -0.23271956 -0.38071418 -0.89492929 -0.2327148 -0.39962354 -0.88664818 -0.23268749 -0.40140948 -0.8858481 -0.23268738 -0.40162307 -0.88575131 -0.23266932 0.39900556 -0.88693821 -0.23266074 -0.40244338 -0.88538587 -0.23264669 -0.42190349 -0.87628365 -0.23262265 0.40323356 0.88503641 -0.23262048 -0.39800575 -0.88740021 -0.23259386 -0.39710781 -0.88780946 -0.23257895 -0.39680198 -0.88794994 -0.23255667 -0.40266079 -0.88531446 -0.2325536 0.39800349 -0.88741869 -0.23255132 -0.39904028 -0.88695371 -0.23254091 -0.39843428 -0.88722879 -0.23253441 -0.41699091 -0.87866163 -0.23252892 0.41443354 -0.8798722 -0.23251684 0.40278214 -0.8852697 -0.23251387 0.42599222 -0.87433851 -0.23250131 -0.40328681 -0.88504398 -0.23250121 0.40044397 -0.886334 -0.23248905 -0.40810534 -0.88283569 -0.23247966 0.40733525 -0.88319373 -0.23247926 0.40143216 -0.88589257 -0.23247556 -0.39994675 -0.88656503 -0.23245832 0.39863279 -0.8871612 -0.23244637 -0.39687273 -0.88795304 -0.23244509 -0.39984322 -0.88661993 -0.23243798 -0.40198004 -0.88565493 -0.23242967 0.40581518 -0.88390648 -0.2324249 0.39698318 -0.88790941 -0.23240568 0.40843457 -0.88270539 -0.23240526 0.39952013 -0.88677597 -0.23240276 0.39855328 -0.8872115 -0.23237589 -0.4024024 -0.88547945 -0.23236895 -0.39843276 -0.88727444 -0.23236386 0.36642805 -0.9009648 -0.23235975 -0.3997018 -0.88670594 -0.23234361 0.41104943 -0.88150716 -0.23232195 -0.40283239 -0.88529801 -0.23230925 0.40312901 -0.88516623 -0.2323086 0.39847949 0.88726932 -0.23230676 0.39558694 -0.88856322 -0.23230104 0.40107739 -0.88609999 -0.23229519 -0.40665108 -0.88355738 -0.23229353 -0.39664164 0.88809633 -0.23228559 0.40278578 -0.88532883 -0.23226754 -0.40176007 -0.88579941 -0.2322627 -0.38804439 -0.89189434 -0.23225956 0.39540163 -0.88865799 -0.23225655 -0.39856839 -0.88724297 -0.23224516 0.397964 -0.88751727 -0.23222837 0.39914927 -0.88698924 -0.23221748 0.40720657 -0.88332212 -0.23221354 -0.39819205 -0.88742316 -0.23217539 0.39916641 -0.88699538 -0.23216961 0.40246534 -0.8855049 -0.23216648 -0.40006158 -0.88659436 -0.2321602 -0.39701322 0.88796514 -0.23214886 0.40662971 -0.88360578 -0.23214714 0.39942101 -0.88688815 -0.23213457 -0.4148981 -0.87975746 -0.23212554 -0.42419934 -0.87531286 -0.23211749 -0.39932925 -0.88693726 -0.23210651 -0.39929283 -0.88695651 -0.23209462 0.39725867 -0.88787258 -0.232089 -0.39027876 -0.89096421 -0.23208556 -0.40547347 -0.8841536 -0.23207901 -0.39577109 -0.88854063 -0.23207092 -0.39844182 -0.88734835 -0.23207067 -0.40010199 -0.88660115 -0.23206094 -0.40076557 -0.88630396 -0.23204094 0.40300182 -0.88529462 -0.23203248 0.39959639 -0.88683909 -0.23199983 0.40162468 -0.88593102 -0.23199272 0.39554748 -0.88866282 -0.23198904 0.39794081 -0.88759464 -0.23198481 0.39585033 -0.88853002 -0.23198134 0.40008941 -0.88663018 -0.23197298 -0.39852268 -0.88733774 -0.23197097 0.39953417 -0.8868832 -0.23196748 -0.40148538 0.8860026 -0.23196341 0.39951783 -0.88689256 -0.23192959 -0.40013966 -0.88662112 -0.23192424 0.39692292 -0.88806719 -0.23191518 0.40890771 -0.88261539 -0.23189709 0.39977792 -0.88679278 -0.23188107 0.40140659 -0.88606089 -0.23187658 0.40149587 0.88602161 -0.23187608 0.39812207 -0.88754278 -0.2318714 -0.39967 -0.88684809 -0.23187095 -0.40480074 -0.88451809 -0.23186548 0.36727607 0.90074778 -0.23186053 -0.4019503 -0.88581973 -0.2318455 -0.39891002 -0.88719702 -0.23184434 -0.38846615 -0.8918196 -0.2318439 0.40194425 0.88582689 -0.23183897 0.38507828 -0.89328915 -0.23183103 0.40195993 0.88582313 -0.23181917 0.3999334 -0.88674295 -0.23181657 -0.39704716 -0.88803977 -0.23180425 -0.39284402 -0.8899104 -0.23179993 0.39444447 -0.88920319 -0.23178035 0.40136757 0.88610494 -0.23176304 0.39943749 -0.88698113 -0.23175487 -0.38513637 -0.89328587 -0.23173353 0.39958042 -0.88692456 -0.23173206 0.40129375 -0.88615102 -0.23172955 -0.39941856 -0.88699836 -0.23172891 0.39914143 -0.88712335 -0.23170835 0.40128556 0.88616085 -0.23170076 0.40077367 -0.88639444 -0.23169406 0.39955446 -0.88694644 -0.23168795 -0.40103665 -0.88627893 -0.23167919 0.39950222 -0.88697392 -0.23167768 0.36717713 0.90083653 -0.23166957 0.39818659 -0.88756782 -0.23166867 -0.39950994 -0.88697308 -0.23164131 0.41058335 -0.88190907 -0.23164064 -0.39846542 -0.88745022 -0.23163618 -0.3984566 -0.88745534 -0.23162934 -0.39969978 -0.88689798 -0.23162462 0.4010798 0.88627589 -0.23162413 0.40075606 -0.88642251 -0.23162256 0.40018725 -0.88667989 -0.23160803 -0.38926852 -0.89153117 -0.23159517 0.40001589 -0.88676429 -0.23158519 -0.39395544 -0.88947594 -0.23158087 -0.39873233 -0.88734603 -0.23157509 -0.39965504 -0.88693237 -0.23157284 0.39490792 -0.88905668 -0.23156106 0.39990228 -0.88682443 -0.23155819 0.40224904 -0.88576323 -0.23155747 0.40472007 -0.88463706 -0.23155561 0.39948535 -0.88701385 -0.2315518 0.38749498 -0.89231801 -0.23155163 -0.39762712 -0.88784939 -0.23154248 0.39750996 -0.88790429 -0.23154022 0.4014475 -0.88613147 -0.23153992 0.40640423 -0.88386929 -0.23153888 0.40046224 -0.88657755 -0.23153825 0.39995977 -0.88680446 -0.23153621 0.40179896 -0.88597327 -0.23150961 0.39903852 -0.88722682 -0.2315028 0.39831239 -0.88755494 -0.23149651 -0.39740774 -0.88796192 -0.23149343 0.40090933 0.88638735 -0.23148808 -0.39956275 -0.88699657 -0.23148619 0.40086511 -0.88640922 -0.23147894 0.40134993 0.88619173 -0.2314747 0.41079518 -0.88185418 -0.23147468 -0.40027219 -0.88668007 -0.23145898 0.39981624 -0.88688993 -0.23145762 -0.41381472 -0.88044572 -0.23145747 0.39804506 -0.88768667 -0.23145323 -0.40301979 -0.88544023 -0.231451 -0.39733782 -0.88800514 -0.23144682 0.40413946 -0.8849315 -0.23143686 -0.40307513 -0.88541937 -0.23143423 0.39182711 -0.89045483 -0.23142681 0.40172815 -0.88603395 -0.23141058 -0.40027776 -0.88669425 -0.2314088 -0.3970921 -0.88812596 -0.2314074 -0.40052801 -0.88658214 -0.23139936 0.39980608 -0.88691002 -0.2313945 0.40123424 -0.88626617 -0.23139247 -0.40290543 -0.88550812 -0.23139217 -0.39611501 -0.88856661 -0.23139097 -0.40050414 -0.88659722 -0.23138741 -0.40034735 -0.88666892 -0.23138519 -0.39820048 -0.88763589 -0.2313749 0.40029711 -0.88669485 -0.23135605 0.39934811 -0.88712776 -0.23135553 0.40444481 -0.88481581 -0.23135111 -0.4047007 -0.8847 -0.23134094 0.39183292 -0.89047641 -0.23133066 0.40308172 -0.8854441 -0.23132958 0.39690903 0.88822848 -0.23132887 -0.39972356 -0.88696563 -0.23132566 -0.40049553 -0.88661814 -0.23132308 -0.39961115 -0.88701785 -0.23130609 0.39867359 -0.88744402 -0.23130466 0.4036237 -0.8852039 -0.23129815 0.40302506 -0.88547844 -0.23129682 -0.40037444 -0.88668042 -0.23129416 -0.40170956 -0.88607699 -0.2312762 0.41107899 -0.88177401 -0.2312711 0.40172145 -0.88607764 -0.23127048 -0.39977968 -0.88695562 -0.2312606 -0.39908078 -0.88727278 -0.23125824 0.40177441 -0.88605696 -0.23125687 0.36691186 -0.90105265 -0.23124795 0.3966071 -0.88838464 -0.23124035 -0.40021312 -0.88676792 -0.23123606 0.39603508 -0.88864285 -0.23122959 0.39794531 -0.88779074 -0.23122792 -0.39979208 -0.88696116 -0.23122649 0.40038773 -0.88669276 -0.23122291 -0.3990795 -0.88728321 -0.23121794 -0.39930969 -0.88718092 -0.23121661 -0.39937875 -0.88715017 -0.23121499 0.39995632 -0.88689041 -0.23121244 -0.40031964 -0.88672715 -0.23121044 -0.40075961 -0.88652885 -0.23120236 0.39454544 -0.889314 -0.2311998 0.39969501 -0.88701212 -0.23119856 -0.40165776 -0.88612545 -0.2311976 0.4001171 -0.88682246 -0.23119713 0.39990857 -0.88691652 -0.23118897 -0.39714262 -0.88816071 -0.23118357 0.4003039 -0.88674176 -0.23118162 -0.39954463 -0.8870846 -0.23117734 -0.39987364 -0.88693744 -0.23117317 -0.39987943 -0.88693595 -0.2311708 0.39960632 -0.88705963 -0.23116492 -0.39989573 -0.88693076 -0.23116167 0.39836088 -0.887622 -0.23116094 0.40012521 -0.88682836 -0.23115477 -0.39983529 -0.88696063 -0.23114814 0.39939281 -0.88716173 -0.23114368 0.39985573 -0.88695425 -0.23112983 -0.4010433 -0.88642162 -0.23110932 0.41390902 -0.88049299 -0.23110253 0.39749405 -0.88802588 -0.23110193 0.40268362 -0.88568491 -0.23109943 0.39944983 -0.88714874 -0.23109694 0.3988505 -0.88741899 -0.2310961 -0.40005001 -0.88687915 -0.23108847 0.39970168 -0.88703811 -0.23108588 -0.40621954 -0.88407302 -0.23108427 0.40029353 0.88677233 -0.23107852 0.39997843 -0.88691604 -0.23107369 0.39994007 -0.88693458 -0.2310726 -0.40208611 -0.88596398 -0.23107126 -0.39944899 -0.88715655 -0.23106813 0.39958778 -0.88709474 -0.23106247 -0.39990184 -0.88695472 -0.23106177 -0.39871335 -0.8874898 -0.23105881 0.39852342 -0.88757586 -0.23105577 0.39972052 -0.88703817 -0.23105183 -0.39957035 -0.8871069 -0.2310504 -0.39986181 -0.88697594 -0.2310455 0.40006825 -0.88688403 -0.23103735 -0.40002304 -0.8869065 -0.2310335 -0.41332817 0.8807857 -0.2310316 -0.39987671 -0.8869741 -0.23102699 0.39857104 -0.88756275 -0.23102602 0.39945969 -0.88716346 -0.23102246 0.39990568 -0.88696337 -0.23102134 0.39886302 -0.88743305 -0.23101301 -0.40184107 -0.8860907 -0.23101215 0.39975086 -0.88703591 -0.23101179 0.39994726 -0.88694751 -0.23101102 -0.40003431 -0.88690835 -0.23100936 0.39965379 -0.88708037 -0.2310084 0.40627083 -0.88406962 -0.23100641 0.39994618 -0.8869493 -0.23100586 -0.39986458 -0.88698632 -0.23100495 -0.40155289 -0.8862235 -0.23100466 -0.39957359 -0.88711762 -0.23100419 0.39986965 -0.88698441 -0.23099504 -0.40249699 -0.88579762 -0.23099329 -0.39986134 -0.8869909 -0.23099265 -0.39955494 -0.88712919 -0.23099202 0.40010878 0.88687974 -0.23099099 -0.39653996 -0.88848138 -0.23098893 0.40004712 0.88690829 -0.23098767 -0.40113387 -0.88641763 -0.23098715 -0.39984679 -0.88699913 -0.23098701 -0.40001878 0.88692158 -0.23098437 0.39371487 -0.88973868 -0.23098326 0.3999086 -0.88697231 -0.23098303 -0.39977422 -0.88703299 -0.23098266 -0.39920008 -0.88729155 -0.23098263 -0.39972717 -0.88705426 -0.23098205 -0.40314651 -0.88550562 -0.23098168 -0.39898294 -0.88738954 -0.23098163 0.39988679 -0.88698256 -0.23098086 -0.39928719 -0.88725281 -0.23098011 0.39983675 -0.88700551 -0.23097768 0.39473855 -0.88928682 -0.23097746 0.39949274 -0.88716114 -0.2309753 -0.39934048 -0.88723034 -0.23097035 -0.39974427 -0.88704973 -0.23096845 0.38567033 -0.89325917 -0.23096624 -0.400002 -0.88693458 -0.2309645 0.39955351 -0.88713717 -0.23096327 -0.39986539 -0.88699698 -0.23096201 -0.40010083 0.88689113 -0.23096128 0.39986187 -0.88699907 -0.23096065 -0.39974988 -0.88704967 -0.23095706 0.39986667 -0.88699794 -0.23095466 -0.40199739 -0.88603497 -0.23095149 -0.40125218 -0.88637358 -0.23094955 0.40095612 -0.88650799 -0.23094799 -0.39999351 0.88694316 -0.23094405 0.39898032 -0.88740045 -0.23093714 -0.40007889 -0.88690746 -0.23093471 -0.39991367 -0.88698262 -0.23092927 0.40173957 -0.88615865 -0.23092851 -0.397167 -0.88821757 -0.23092601 0.4005129 -0.88671452 -0.230923 -0.40001479 -0.88694018 -0.23091987 0.40041295 -0.88676125 -0.23091477 -0.39851436 -0.88761747 -0.23090358 -0.4023377 -0.88589382 -0.23089668 -0.39907444 -0.88737041 -0.23089544 -0.39938676 -0.88723022 -0.23088694 -0.39993745 -0.88698435 -0.23088577 0.40033385 -0.88680589 -0.23088209 -0.39999956 0.88695765 -0.230882 -0.40247697 -0.88583624 -0.23088127 0.39989048 -0.88700694 -0.23088063 0.39983606 -0.88703173 -0.23088017 -0.39988726 -0.88700879 -0.23088005 -0.40067199 -0.88665456 -0.23087741 -0.39947191 -0.88719666 -0.23087624 0.3999638 -0.88697529 -0.23087609 0.42540935 -0.87505609 -0.23087335 -0.39633799 -0.88860208 -0.2308708 -0.40545666 -0.88447922 -0.23087001 -0.37729424 -0.89685452 -0.2308654 0.39995146 -0.88698369 -0.23086239 -0.40003237 -0.88694787 -0.23085885 -0.39916378 -0.88734019 -0.23085803 -0.39893618 -0.88744265 -0.23085621 -0.40005788 -0.88693804 -0.23085603 0.39882734 -0.88749218 -0.23085462 0.39931607 -0.88727266 -0.23085344 -0.39972126 -0.88709044 -0.23085286 0.40214223 -0.88599586 -0.23084214 -0.39952978 -0.88717973 -0.23084076 0.4011369 -0.88645452 -0.2308405 0.39881605 -0.88750118 -0.23083957 -0.4000988 -0.88692391 -0.23083875 0.39976743 -0.88707352 -0.23083675 0.39928627 -0.88729078 -0.23083669 0.39984977 -0.88703704 -0.23083635 0.40018088 -0.88688773 -0.23083566 0.40001664 -0.88696206 -0.23083377 0.39997756 -0.88698012 -0.23083329 -0.39983565 -0.88704425 -0.23083316 -0.39801931 -0.88786083 -0.23083301 0.39901847 0.88741213 -0.23082843 -0.39217785 0.89045763 -0.23082726 0.39843872 -0.88767409 -0.2308268 0.40010571 -0.88692403 -0.23082672 -0.39955842 -0.88717079 -0.23082046 0.3997328 -0.8870939 -0.23081937 0.40083575 -0.88659644 -0.23081142 0.3979691 -0.88788897 -0.23080447 0.40268338 -0.88576263 -0.23080325 -0.41515806 -0.87998503 -0.23079838 0.40125462 -0.88641238 -0.23079503 -0.399214 -0.88733411 -0.23079292 -0.40081874 -0.88661093 -0.23078881 -0.40123358 -0.88642436 -0.23078749 -0.40052643 -0.8867445 -0.23078677 0.39959058 -0.8871668 -0.23077661 -0.40011001 -0.88693523 -0.23077105 0.40027541 -0.88686204 -0.23077096 -0.39947259 -0.88722402 -0.23076704 -0.39998126 -0.88699591 -0.23076558 0.40642318 -0.88406307 -0.23075217 -0.40054864 -0.88674372 -0.2307508 0.39962128 0.88716233 -0.2307508 0.39967978 0.88713586 -0.23075074 -0.40498814 -0.88472515 -0.23074657 0.39167887 0.89069831 -0.23074089 0.39965844 0.88714808 -0.2307405 0.39888117 -0.8874979 -0.23073956 0.4050622 -0.88469416 -0.23073798 0.39962435 -0.88716429 -0.23073722 0.39994764 -0.88701874 -0.23073596 0.40395099 -0.885203 -0.2307348 0.40095484 -0.88656449 -0.23072962 -0.39897418 -0.88745898 -0.23072828 0.40019155 -0.88691097 -0.23072708 0.40139186 -0.88636869 -0.23072606 -0.38962802 -0.89160275 -0.23072414 0.39985183 -0.88706529 -0.23072402 -0.39923429 -0.88734359 -0.23071748 -0.40006509 -0.886971 -0.2307146 -0.39907283 -0.88741851 -0.23071441 -0.39997497 -0.8870123 -0.23071314 0.39992851 -0.88703358 -0.23071222 -0.40000916 -0.88699752 -0.2307108 -0.39985982 -0.88706523 -0.23070814 0.39946395 0.88724416 -0.23070735 0.39963761 -0.88716626 -0.23070098 -0.3951529 -0.88917452 -0.23069854 0.40160826 -0.88627815 -0.23069681 -0.39962539 0.88717449 -0.2306928 0.39734486 -0.88819921 -0.2306913 -0.40078652 -0.88665199 -0.23068982 0.39908007 -0.88742173 -0.23068911 -0.39965168 -0.88716471 -0.23068875 0.40495822 -0.88475513 -0.23068799 -0.39914483 -0.88739312 -0.23068161 0.3998684 -0.88706893 -0.23067845 0.39979517 -0.88710278 -0.23067288 -0.39984858 -0.88708013 -0.23067282 -0.3991698 -0.88738573 -0.2306709 0.39743501 -0.88816458 -0.23066941 0.39956373 0.88720936 -0.23066707 -0.40188235 -0.88616216 -0.23066396 0.40491089 -0.88478309 -0.23066318 -0.40073827 -0.88668102 -0.23066178 -0.39518055 -0.88917232 -0.23066084 0.39945647 0.88725984 -0.2306608 -0.40077704 -0.88666415 -0.23065962 0.40141615 -0.88637525 -0.2306499 0.40001318 -0.88701183 -0.2306428 0.40015146 -0.88695127 -0.23063806 -0.39955246 0.88722265 -0.23063464 0.40035358 -0.88686216 -0.23063272 0.40006843 -0.88699144 -0.23062667 0.39942104 0.88728476 -0.23062015 0.40014243 -0.88696122 -0.23061998 0.39823356 -0.88782001 -0.23061748 -0.39981076 -0.88711149 -0.23061238 -0.39901096 -0.88747293 -0.23061234 0.39908955 -0.88743764 -0.23060901 -0.39953947 0.887236 -0.23060739 0.39905089 -0.8874563 -0.23060732 -0.40010038 -0.88698369 -0.23060639 -0.40008235 -0.88699198 -0.23060429 0.41831037 0.87854314 -0.2306025 0.39988932 -0.88708007 -0.23059575 -0.40020949 -0.88693744 -0.2305952 0.39948127 -0.8872658 -0.23059358 0.4001455 -0.88696688 -0.2305932 -0.39985567 -0.88709766 -0.23059012 -0.39847788 -0.8877182 -0.2305885 0.39983991 -0.88710594 -0.2305876 -0.41068441 -0.88213801 -0.23058634 0.39885202 -0.88755107 -0.23058291 0.39966244 -0.8871873 -0.23057573 0.40018424 -0.88695407 -0.23055963 -0.39775145 -0.88805181 -0.23055948 -0.39880559 -0.88757896 -0.23055632 0.40204978 -0.88611495 -0.23054869 -0.4017185 -0.88626719 -0.23054853 -0.399809 -0.8871302 -0.23054494 0.43479961 0.87051612 -0.23054478 0.39900526 -0.88749313 -0.23054279 -0.40735129 -0.88369393 -0.2305415 -0.39999664 -0.88704753 -0.23053496 -0.40733987 -0.88370121 -0.23053437 -0.3882708 -0.8922441 -0.23053324 -0.39989957 -0.88709342 -0.23053285 -0.39827853 -0.88782245 -0.23053059 -0.39991069 -0.88708913 -0.23052044 -0.40003338 -0.88703632 -0.23051678 0.39228335 -0.89049196 -0.23051538 0.39958408 -0.88724029 -0.23050721 -0.40164691 -0.88631046 -0.23050421 0.40114549 -0.88653827 -0.23050241 -0.39629415 -0.88871795 -0.23050025 -0.40090284 -0.88664901 -0.2304928 -0.40166178 -0.88630748 -0.2304903 0.3998313 -0.88713533 -0.23047566 -0.39776573 -0.88806731 -0.23047142 -0.39792255 -0.88799804 -0.23046529 0.3987819 -0.88761407 -0.23046377 0.40345454 -0.88550031 -0.23046099 0.39961311 -0.8872413 -0.2304565 0.40047723 -0.88685268 -0.23045024 -0.39033905 -0.89136302 -0.23044845 0.40053025 -0.88683087 -0.23044358 0.39535883 -0.88914973 -0.23044328 -0.39853957 -0.88772863 -0.23044248 0.40003392 -0.88705635 -0.23043485 -0.40167928 -0.88631469 -0.2304339 -0.40066183 -0.8867752 -0.230425 -0.40016022 -0.88700408 -0.23042415 -0.40014508 -0.88701105 -0.23042285 0.41681623 -0.87930065 -0.2304135 -0.3998605 -0.88714212 -0.23041295 0.40015259 -0.88701057 -0.23041201 -0.40019509 -0.88699174 -0.23039974 -0.40349361 -0.88549924 -0.23039845 0.39774641 -0.88809597 -0.23039706 -0.39602575 -0.88886482 -0.23039241 -0.39898872 0.88753998 -0.23039056 0.39977461 -0.88718688 -0.23038328 -0.40036321 -0.88692325 -0.23037399 -0.39560544 -0.88905805 -0.23037092 -0.4000923 -0.8870486 -0.23036067 -0.39923793 -0.88743621 -0.2303603 -0.40448561 -0.88505673 -0.23035537 -0.39907545 0.88751066 -0.2303478 0.40539122 -0.88464552 -0.23034701 0.39903796 -0.88752967 -0.23034564 -0.40026474 -0.88697737 -0.23034191 0.40098715 -0.88665211 -0.23033781 0.39994135 -0.88712531 -0.23033611 0.42246765 0.87662214 -0.23033477 -0.40048906 -0.88687903 -0.23033038 0.39982677 -0.8871789 -0.23031756 -0.40039697 -0.88692504 -0.23030949 -0.40023854 -0.88699865 -0.23030901 -0.40020362 -0.88701451 -0.23030704 0.39976698 -0.88721198 -0.23030555 0.39976597 -0.88721287 -0.23030387 -0.39236242 -0.89051211 -0.23029977 0.40391985 -0.88533092 -0.23029201 -0.40332112 -0.88560575 -0.23028961 0.39865747 -0.88771552 -0.23028566 -0.40569702 -0.88452166 -0.23027901 0.39832047 -0.8878696 -0.23027429 -0.3964898 -0.88868988 -0.23025943 -0.40036049 -0.88695669 -0.23025595 -0.40807933 -0.88343281 -0.23025222 -0.39966279 -0.88727313 -0.2302496 0.39580962 -0.8889994 -0.23023966 -0.39988282 -0.88717729 -0.23023672 0.40025687 -0.88700938 -0.23022793 0.40152061 -0.88644022 -0.2302258 0.40020099 -0.8870374 -0.23020858 -0.40112802 -0.88662297 -0.23019971 0.40145561 -0.88647699 -0.23019835 0.39874274 0.88770086 -0.23019016 -0.39944571 -0.88738692 -0.23018539 -0.39909202 -0.88754737 -0.23018269 0.40065289 -0.88684452 -0.2301802 -0.40386644 -0.88538635 -0.23016971 0.39230305 -0.89057302 -0.23016146 0.4002797 -0.88701844 -0.23015641 0.39684325 -0.88856256 -0.23015572 -0.39155626 -0.8909052 -0.23015553 0.40191311 -0.88628113 -0.23013614 -0.42067465 0.87753642 -0.23013002 -0.40059981 -0.88688219 -0.23012948 0.39987743 -0.88720828 -0.2301293 0.39655343 -0.888699 -0.23011915 0.3997747 -0.88725722 -0.23011744 -0.40145493 -0.88649869 -0.2301124 0.3990722 -0.88757521 -0.23010671 -0.40781292 -0.88359469 -0.23010027 0.40028155 -0.88703352 -0.23008956 0.40800536 -0.88351023 -0.2300894 -0.40010801 -0.8871147 -0.23008579 -0.39736 -0.88834989 -0.23008169 0.3980439 0.88804477 -0.23007257 0.39386868 -0.88990682 -0.23004694 0.4013038 -0.88658541 -0.23004597 0.3939628 -0.88987201 -0.23004501 0.40013456 -0.88711423 -0.2300449 -0.40094289 -0.88674915 -0.23003927 -0.3928377 -0.89037097 -0.23003587 -0.39994851 -0.88720053 -0.23003562 0.3991473 -0.88756132 -0.23002131 -0.40027332 0.88705772 -0.23000462 -0.40659827 -0.88418078 -0.23000219 -0.40079409 -0.88682753 -0.22999643 -0.40009794 -0.88714337 -0.22999157 -0.39846709 0.88787836 -0.22998886 0.40049666 -0.88696533 -0.22998787 -0.40074137 -0.88685507 -0.22997259 0.39538699 -0.88925904 -0.22997153 0.39610478 0.88893986 -0.22996947 0.39877424 -0.8877461 -0.22996457 0.40134487 -0.88658822 -0.22996262 -0.40253562 -0.88604873 -0.22996187 -0.40103415 -0.88672942 -0.22996074 -0.40069655 -0.88688236 -0.22995596 -0.40051228 -0.88696676 -0.22995009 0.39919651 -0.88756132 -0.22994898 0.40003821 -0.88718259 -0.22993471 -0.40205836 -0.88627261 -0.22992328 0.39992452 -0.88724041 -0.22992323 -0.39999211 -0.88721001 -0.22992268 0.39789012 0.88815492 -0.22991942 -0.40962479 -0.88280505 -0.22991653 -0.40061766 -0.88692939 -0.22991344 0.39975548 -0.88731921 -0.2299089 0.40089732 -0.88680512 -0.22990279 0.3987157 -0.88778967 -0.22989434 -0.39967147 -0.88736194 -0.22987835 0.39561021 -0.88918412 -0.22986072 0.39985606 -0.8872875 -0.22985771 -0.4005152 -0.88699102 -0.22985706 -0.40669537 -0.88417459 -0.22985621 0.40826795 -0.88344973 -0.22984874 -0.40120563 -0.88668126 -0.22983934 0.40037894 -0.88705736 -0.22983317 -0.39809197 0.88808757 -0.22983189 -0.39807975 0.88809335 -0.22982191 -0.39932668 -0.88753593 -0.22982043 0.41811943 -0.87883943 -0.22981866 0.40006918 -0.88720238 -0.2298141 -0.4111785 0.88210976 -0.2298113 0.39772856 0.88825607 -0.22980717 0.40042713 -0.88704377 -0.22980581 0.39304915 -0.89033794 -0.22980151 0.39670068 0.88871801 -0.22980022 -0.40041468 -0.88705134 -0.2297973 0.40040991 -0.8870542 -0.22979216 0.39845231 -0.88793665 -0.22978649 0.39999756 -0.88724291 -0.22976883 -0.39414194 -0.88986415 -0.22976647 -0.39963877 -0.88740981 -0.22976515 -0.40156943 -0.88653815 -0.22975503 -0.40062737 -0.88696694 -0.22974512 0.39894986 -0.88772529 -0.22974189 -0.400801 -0.88689196 -0.22974005 -0.40018332 -0.88717121 -0.22973961 -0.40001974 -0.88724506 -0.22973643 0.39973933 -0.88737231 -0.22972867 0.40246359 -0.88614208 -0.22972751 0.40465295 -0.88514477 -0.22970602 0.39795637 -0.88818127 -0.22968595 0.40313065 -0.88584989 -0.2296692 0.39989692 -0.88731873 -0.22966461 0.40122116 -0.88672191 -0.22966039 -0.40017137 -0.88719732 -0.22965905 -0.39953154 -0.88748586 -0.22963193 0.38181329 -0.89525855 -0.22961971 -0.40051216 0.88705397 -0.22961476 -0.39858311 -0.88792372 -0.22961329 -0.38563779 -0.89362258 -0.22960559 -0.40004689 -0.88726765 -0.22959763 -0.39494085 -0.8895542 -0.22959548 0.40005827 -0.88726509 -0.22958812 -0.40200227 -0.88638794 -0.22958387 -0.40074527 -0.886958 -0.22956845 -0.41162616 -0.88196504 -0.22956616 0.40023458 -0.88719308 -0.22954519 -0.40143645 -0.88665545 -0.22950451 0.39989975 -0.88736004 -0.22948569 -0.39791566 0.88825631 -0.22945823 0.4001691 -0.88725054 -0.22945796 0.39964274 -0.88748795 -0.2294578 0.39957196 -0.88751978 -0.2294576 -0.40098444 0.8868826 -0.22944935 0.40065289 -0.8870346 -0.229441 -0.39752042 0.8884449 -0.22943228 -0.39660853 -0.88885456 -0.22942822 0.40123802 -0.88677543 -0.22935638 0.40120596 -0.88680857 -0.2293421 0.40032792 -0.88720894 -0.22934161 -0.39942363 -0.88761657 -0.22933103 -0.39428496 -0.88991386 -0.22932769 -0.39992827 -0.88739288 -0.22930175 0.40629038 -0.88450485 -0.2292925 0.38847119 -0.89247692 -0.22928847 0.39881572 -0.88790357 -0.22927861 0.40417007 0.88548172 -0.22927426 0.38952142 -0.8920238 -0.22926977 -0.38675079 -0.8932296 -0.22926851 0.39826319 -0.88815677 -0.22926269 -0.40080947 -0.88701206 -0.22925259 -0.3971484 0.88865989 -0.22924058 -0.40168947 -0.88661957 -0.22923088 0.39773953 -0.88840109 -0.22922759 -0.39386407 -0.89012688 -0.22921926 -0.39883679 -0.88791203 -0.22921327 0.39999452 -0.88739264 -0.22920991 -0.40274778 -0.88614732 -0.22920197 0.3969515 0.88876098 -0.22919701 0.39369926 -0.89020759 -0.22919108 -0.39935359 -0.88768691 -0.22916576 -0.3381418 -0.9127667 -0.22915712 0.3987993 -0.88794482 -0.22915649 0.40047383 -0.88719106 -0.22914466 -0.39928737 -0.88772881 -0.22911154 -0.39951983 -0.88763273 -0.22910945 -0.39781454 -0.88839889 -0.22910917 -0.40283686 0.88613284 -0.22909465 -0.40740803 0.88404435 -0.22908619 -0.3966105 -0.88894296 -0.22908418 0.3976382 -0.88848424 -0.22907484 -0.40088835 -0.88702494 -0.22906564 -0.41203642 0.88190413 -0.22904876 0.4087348 -0.88344347 -0.22903845 0.3896893 -0.89201093 -0.22900811 -0.39956936 -0.88763708 -0.22900224 0.39176813 -0.89110929 -0.22899505 0.39610708 -0.88919097 -0.22899354 -0.40004316 0.88742751 -0.22896905 -0.39889371 -0.88795096 -0.22896728 -0.39168039 -0.89115679 -0.22895886 -0.39655653 0.88899988 -0.2289314 0.39913356 -0.88785291 -0.22892201 -0.39996541 -0.88748091 -0.22891583 0.39945909 -0.88771057 -0.22891437 0.40378076 -0.88575351 -0.22891395 0.39718464 -0.88873094 -0.22889899 0.40041986 -0.88728189 -0.22888929 -0.39761546 -0.88854462 -0.22888093 0.39515054 -0.88964581 -0.22887464 0.3931765 -0.89052159 -0.22886421 0.40026331 -0.88736153 -0.22885728 0.40164125 -0.88674045 -0.22884473 -0.39891595 -0.88797313 -0.22882709 0.39931732 -0.88779718 -0.22880994 0.93244666 -0.27962354 -0.22879918 -0.39708886 0.88880336 -0.22878298 -0.39938048 -0.88778013 -0.2287695 -0.39628667 -0.88916892 -0.22872709 0.39608362 -0.88927025 -0.22871138 0.3992433 -0.8878603 -0.22867787 0.39590061 0.88936454 -0.22865021 -0.40082443 0.88716334 -0.22862358 -0.39893448 -0.88802171 -0.22861224 -0.39834869 -0.88828754 -0.22860871 -0.39134842 -0.89139473 -0.2286077 -0.39980909 0.88763237 -0.22860456 0.39931834 -0.88785404 -0.228596 0.3765898 0.89773268 -0.22859371 -0.39745009 -0.88869476 -0.22859302 0.39641124 -0.88915873 -0.22859094 0.39181751 0.89119315 -0.2285715 0.39799565 -0.88845623 -0.22854172 -0.42311481 -0.87677956 -0.22853567 -0.39271343 -0.89081293 -0.22851704 0.40011224 -0.88751906 -0.22850387 0.39046496 -0.89180899 -0.22850144 0.39190823 -0.89117616 -0.22849268 -0.39814055 -0.88841158 -0.22848591 0.39847335 -0.88826418 -0.22848476 0.3958635 -0.88943058 -0.22847959 -0.39489374 -0.88986295 -0.22846098 -0.39560893 0.88954997 -0.2284545 -0.40042883 -0.8873924 -0.22843972 -0.39893973 -0.88806665 -0.22843181 0.39974025 -0.88770872 -0.22842747 -0.39611313 -0.8893342 -0.22837295 -0.39754549 -0.88870895 -0.2283641 -0.39806446 -0.88847882 -0.22835501 -0.46217242 -0.85688418 -0.22834735 -0.3972505 -0.88884735 -0.22830258 0.39757082 -0.88871557 -0.22829913 -0.38495812 0.89425218 -0.22828929 -0.39466619 -0.89001268 -0.22826351 0.3992748 0.88796145 -0.22824681 -0.39623058 0.88932824 -0.22824097 0.38909712 -0.89247376 -0.22822839 -0.39861476 -0.88826692 -0.22822541 -0.96398634 -0.13654044 -0.22821964 0.39513075 0.88982439 -0.22820896 -0.39551586 0.88965601 -0.22818573 -0.40815669 0.88393402 -0.22818248 -0.39921907 -0.88800734 -0.22817534 0.39644393 -0.88925147 -0.22817521 -0.40089318 -0.8872546 -0.22814731 -0.38780513 -0.89305985 -0.22814193 0.41276693 0.88180202 -0.22811311 -0.39910048 -0.88807833 -0.22811086 -0.39535159 0.88975418 -0.2280827 -0.39702967 -0.88901389 -0.22807436 -0.39965215 -0.88784015 -0.22806165 0.38336426 -0.894997 -0.22805488 -0.40027612 0.88756412 -0.2280461 0.3957653 -0.88958693 -0.22803402 -0.39683157 0.88911486 -0.22800088 -0.39190772 -0.89130461 -0.22797042 -0.40989003 0.88318723 -0.22796732 0.39750299 0.88883197 -0.22796433 -0.40118968 0.88717479 -0.22794333 0.39813015 0.88855737 -0.22794296 -0.40007383 -0.88768405 -0.22793405 -0.40403774 -0.88588923 -0.22790538 0.40041754 -0.88753873 -0.22790299 0.39908299 -0.88814026 -0.22789095 -0.39791149 -0.88866866 -0.2278897 -0.39882216 -0.88826084 -0.22788018 -0.39986256 -0.88779533 -0.22787698 -0.40263838 -0.88654071 -0.22786693 -0.39795554 0.88865519 -0.22786108 -0.40306681 -0.8863501 -0.22783916 -0.39673609 0.8892073 -0.22782272 0.41497213 -0.88084906 -0.22781569 -0.4001025 -0.88770378 -0.22781166 -0.41289362 -0.88182807 -0.22777346 -0.39364272 -0.89059794 -0.22777106 0.3990888 -0.88817143 -0.22776988 0.40365371 -0.88610649 -0.22773318 -0.39919096 -0.88813525 -0.22771929 -0.41840184 -0.87925184 -0.2277099 -0.40072483 -0.88745016 -0.22766924 0.40850577 -0.88390601 -0.22763313 0.38035646 0.89638841 -0.22761932 -0.39168075 -0.8915019 -0.22761467 0.40007731 -0.88776672 -0.22759628 -0.39618051 -0.88951719 -0.22757839 -0.39500174 -0.89004594 -0.22757424 -0.39499646 -0.89004934 -0.22755589 -0.42948484 0.87393433 -0.22753796 0.38991055 -0.89229834 -0.2274992 0.3882075 -0.89305049 -0.22749193 0.39768183 -0.8888737 -0.22749132 -0.40443924 -0.88581979 -0.22745603 0.39482939 -0.89015365 -0.22744109 0.39614934 -0.88957083 -0.22743957 0.38242909 0.89555538 -0.22741319 0.40659359 -0.88485307 -0.22740948 0.39328885 -0.89084721 -0.22738908 0.40178841 -0.88705146 -0.22738361 0.38688004 -0.89365566 -0.22738001 0.40087876 -0.8874653 -0.22734246 0.40595445 -0.88516462 -0.22733954 0.4025639 0.88671249 -0.22732504 -0.39375705 0.8906619 -0.227318 -0.37385979 -0.89919704 -0.22730112 0.39695817 -0.88924593 -0.22728556 -0.40260404 -0.88670814 -0.22727805 0.46356359 -0.85641891 -0.22726823 -0.41188034 0.882442 -0.22726732 -0.39219862 -0.89136398 -0.22724316 0.39349046 0.89080065 -0.22719218 0.39341494 0.89084697 -0.2271546 0.40095112 -0.88749021 -0.22715014 -0.42894864 -0.87430304 -0.22711363 0.40242448 0.88683361 -0.22711292 -0.39360568 -0.89078301 -0.22709799 0.51624566 -0.82578266 -0.22701943 -0.39144754 -0.89175725 -0.22701056 0.3940331 -0.89061999 -0.22699822 0.39901739 -0.88840139 -0.2269946 -0.43464932 -0.87152356 -0.22697698 -0.37524137 -0.89870763 -0.2269766 -0.40058994 -0.88769895 -0.22696623 -0.39288133 0.89114004 -0.22696072 0.38655567 -0.89390349 -0.226946 0.39315891 0.89102274 -0.2269368 0.39596421 -0.88978201 -0.22693415 0.40059698 -0.88770664 -0.22691634 -0.39447302 0.8904494 -0.22691226 -0.39441594 -0.89047563 -0.22690523 -0.39559305 -0.8899551 -0.2268483 -0.39948848 -0.88822794 -0.22684291 -0.39856133 -0.88864571 -0.2268101 -0.40332514 -0.88650209 -0.22680384 0.39848784 0.88868862 -0.22679579 0.3979781 -0.888919 -0.22678593 0.40147477 -0.88734782 -0.22678263 -0.39757031 -0.88910496 -0.22678021 0.39676297 -0.88946605 -0.22672078 -0.40050134 -0.88780433 -0.22670604 0.39464 -0.8904289 -0.22669373 0.402704 0.88681424 -0.22669023 0.39695653 -0.88940257 -0.22661991 0.40131685 0.88746166 -0.22660206 0.40522364 -0.88568914 -0.22658911 -0.39238766 0.89145339 -0.22656332 0.49193558 -0.84063572 -0.22656317 0.39213258 0.89157236 -0.22650786 0.40217757 -0.88710058 -0.2264972 0.39058918 0.89226633 -0.22646666 -0.39885947 -0.88860786 -0.22645393 0.39304185 -0.89119953 -0.22643307 -0.39467317 -0.89048362 -0.22642776 -0.39454067 -0.89054376 -0.2263305 0.39144748 -0.89193237 -0.22631767 -0.41094109 -0.88312393 -0.22630572 0.39176446 0.89179951 -0.22627485 -0.39623678 -0.8898294 -0.2262655 0.40082452 -0.88777459 -0.226253 0.39512977 -0.89032698 -0.22623126 0.40067729 -0.88784975 -0.22619519 -0.39645338 -0.88975298 -0.22618988 -0.40190244 0.88730639 -0.22616382 0.41161394 -0.88284987 -0.2261443 -0.39374566 -0.89096749 -0.22612716 -0.3918708 -0.89179808 -0.22612627 0.39286023 -0.89136285 -0.22604616 0.39502925 -0.89042401 -0.22604559 0.39733243 -0.88939887 -0.22602916 0.40239319 0.88712484 -0.22595602 -0.39496058 -0.89047742 -0.22589876 -0.39604899 -0.89000851 -0.22582322 -0.40601787 0.88552439 -0.22582026 -0.39905959 -0.88868254 -0.22581403 0.40245271 0.88715267 -0.22573563 0.37668934 -0.89841449 -0.22570173 -0.40008748 0.88825041 -0.22569489 0.39057708 0.89247483 -0.22569275 0.39147893 -0.89208025 -0.22562747 0.40089777 -0.88790375 -0.22562322 -0.40224996 0.88729322 -0.22561954 -0.40225148 0.8872934 -0.22558853 -0.3921963 -0.8917914 -0.22558723 -0.39071283 -0.89244258 -0.22554991 0.39876252 0.88888454 -0.22549692 0.40010017 0.88829666 -0.22548953 0.44418836 -0.86709344 -0.22548574 -0.39045405 0.89258152 -0.22548079 0.39959979 -0.88852608 -0.22547364 0.40062267 -0.88806713 -0.22544062 -0.40289471 0.88704699 -0.2254138 0.40102166 -0.88790214 -0.22541083 -0.39060277 0.89253539 -0.22539948 0.39236632 -0.8917644 -0.22539513 0.41859767 -0.8797574 -0.22535743 0.40046623 -0.88816708 -0.22530413 0.3999095 0.88843143 -0.2252672 -0.39923063 0.88874608 -0.22521134 0.40244779 -0.88730806 -0.22516991 -0.43175751 0.87343234 -0.2250406 0.39737061 -0.88963658 -0.22502932 0.40444282 -0.88644671 -0.22500823 0.38945067 0.89314026 -0.22499183 0.4026711 0.8872624 -0.22496897 0.38962457 -0.89307421 -0.22493355 0.389871 -0.89297563 -0.22493179 -0.39895359 0.88895535 -0.22491847 -0.39049429 -0.89270705 -0.22482054 0.40164724 -0.88776982 -0.22479792 -0.39985284 -0.88858509 -0.22465517 -0.39737871 0.88973051 -0.22458914 -0.38923767 -0.8933385 -0.22458623 -0.39230111 -0.89199817 -0.22455981 -0.39563242 -0.89053237 -0.2245336 0.38863996 -0.89361274 -0.22452803 0.40465105 0.8864789 -0.22448193 0.40471762 -0.88646013 -0.2244547 -0.39461142 -0.89101171 -0.22439057 -0.39921331 -0.88897562 -0.22438116 -0.39082643 0.89269692 -0.2243336 -0.39078164 0.89272851 -0.22433066 0.38922745 -0.89340788 -0.22431715 0.35023487 -0.90940493 -0.22427912 -0.40653872 -0.88567781 -0.22422852 0.39670536 -0.89013839 -0.22419387 0.39537236 -0.89074004 -0.22411476 0.39685252 -0.89010149 -0.22405817 -0.40283859 0.88742268 -0.22402816 0.36733264 -0.90270597 -0.22391433 0.3824102 -0.89645123 -0.22389549 -0.40688214 -0.88561714 -0.2237304 0.3991214 -0.88918328 -0.22372323 -0.40353805 0.88718939 -0.22368762 0.41012263 -0.88417375 -0.22364776 -0.39981681 -0.88889158 -0.22358224 -0.43210736 -0.87366706 -0.22355065 0.39087942 -0.89288205 -0.22354054 0.394703 0.89120096 -0.22341691 0.39740676 -0.89002955 -0.2234042 0.40482956 0.8866812 -0.22336671 -0.39342695 -0.89180851 -0.22332992 -0.40418383 -0.88699442 -0.22330016 -0.38688916 0.89468086 -0.22329332 -0.40541995 -0.88643938 -0.22324076 -0.40068072 -0.88860482 -0.22320341 -0.39330307 -0.89190406 -0.22313236 -0.38993916 -0.89339769 -0.22306578 -0.40331373 0.88745683 -0.22305271 0.40460578 0.88687181 -0.22294267 -0.39772904 0.89000463 -0.22283481 -0.40365121 0.88736147 -0.22279751 -0.38726708 -0.89464271 -0.22276537 0.3992222 0.88938022 -0.22275989 -0.38595685 0.89521796 -0.2227198 -0.38895589 -0.89392918 -0.22259995 0.3882896 -0.89424849 -0.22256455 -0.39414591 -0.89169163 -0.22248319 -0.40252754 0.88795996 -0.22233583 0.39814606 -0.88997 -0.22232072 -0.42316002 0.87835592 -0.22228736 0.40185973 0.88831133 -0.22224976 -0.40228263 0.88812935 -0.22221571 -0.40376759 0.88746369 -0.22221026 0.39945084 0.88941652 -0.22210318 -0.39520901 -0.89133608 -0.22204687 -0.39100447 -0.89320248 -0.22201909 -0.3875894 0.89469659 -0.22196396 -0.47390455 -0.85214227 -0.22195128 0.38449973 0.89604557 -0.2219386 -0.38485965 -0.89589411 -0.22181858 0.39596272 -0.89107245 -0.22167361 0.38504469 -0.89588022 -0.22164935 0.3966763 -0.89079708 -0.22159663 -0.48093501 -0.84829032 -0.22157601 -0.39468634 -0.89169872 -0.22157547 -0.48148295 -0.84798491 -0.22156443 -0.39768538 -0.89036816 -0.22140707 -0.38862854 -0.89439744 -0.22122937 -0.39540985 0.89146435 -0.22122788 0.40374398 -0.88772118 -0.22122297 -0.37397376 -0.90066862 -0.22101255 0.39504099 -0.89168155 -0.22100627 -0.4037396 -0.88777834 -0.22077376 0.39825979 -0.8903079 -0.22075917 0.38904205 -0.89437777 -0.22075573 0.39020959 -0.89387 -0.22058675 0.39747715 0.89070386 -0.22052044 -0.38685811 -0.89538348 -0.22049293 0.40289333 -0.88829046 -0.22047798 0.39708632 0.89090508 -0.22044536 -0.39620739 -0.89130443 -0.22040462 0.40423441 -0.88770282 -0.22037749 -0.40401015 -0.88781166 -0.22037123 -0.32855248 -0.91841704 -0.22028504 0.37888595 -0.89884365 -0.22024208 -0.41221699 0.88406473 -0.22021534 -0.38518411 0.89617991 -0.22019318 0.4204756 -0.88017911 -0.2201537 0.38945878 -0.8943457 -0.22013439 0.40547374 0.88720459 -0.22011541 0.38060179 0.89816004 -0.22002459 0.39839962 0.89043081 -0.21998271 0.38673458 -0.89556909 -0.2199564 0.4180792 -0.88137901 -0.21994053 0.39858392 -0.89036906 -0.21992837 0.40411282 -0.88787633 -0.21988232 -0.40424562 -0.88782716 -0.21981537 -0.40423024 -0.88785082 -0.21978532 -0.40662575 0.88676369 -0.2197798 -0.43387061 0.87375802 -0.21973965 0.41747043 -0.88172162 -0.21971935 0.39777663 -0.89078456 -0.21957254 -0.39482468 -0.892133 -0.2195643 0.40289485 0.8885197 -0.21953571 0.39185676 -0.89344966 -0.21952501 0.41852438 0.88127536 -0.21951395 0.38638937 -0.89583313 -0.21950743 -0.38031489 -0.89843035 -0.21946059 -0.39067003 -0.8939876 -0.21945739 -0.41831177 -0.88139307 -0.21942756 -0.43152842 0.8750056 -0.21940789 -0.40020636 -0.88977253 -0.2192784 0.39197138 -0.89346266 -0.21918915 0.4096311 -0.88552719 -0.21915005 0.40326911 0.88845223 -0.21908113 -0.43453512 0.87360328 -0.21901585 0.38902754 -0.89481264 -0.21898684 0.41041961 -0.88521212 -0.21897469 -0.38092697 -0.89830101 -0.21888153 -0.39185616 0.89361042 -0.21887697 0.37112001 -0.90242052 -0.21887654 0.40072361 -0.88967049 -0.21874745 0.4006741 0.88972461 -0.21872896 0.37879753 0.89926082 -0.21869765 -0.40786034 -0.88646561 -0.21868226 0.30343106 -0.9274199 -0.21859562 0.39889115 -0.89056271 -0.21858469 -0.3786037 0.89937758 -0.21855794 0.4294214 -0.87625891 -0.21841039 -0.3718988 -0.90221286 -0.21838847 0.3777782 0.89977223 -0.21833652 -0.39798218 -0.89103276 -0.21832393 0.08374955 -0.97227603 -0.21827993 0.38221112 -0.89792454 -0.21827428 0.39614162 0.89186776 -0.21823148 -0.40092593 -0.88973778 -0.21821789 -0.43643579 0.87287158 -0.2182156 0.38562378 0.89647985 -0.21803078 0.36829874 0.90378022 -0.21797214 0.40886724 0.88618046 -0.21787278 0.40304413 -0.88886833 -0.21784656 -0.39068431 -0.89437622 -0.217815 -0.39848763 0.89093453 -0.21765101 -0.37762874 -0.90001369 -0.21764778 0.40695098 -0.88714164 -0.21757042 0.40389872 -0.88855428 -0.21755581 -0.39157346 0.89405799 -0.21755402 0.6536411 -0.72486097 -0.21750441 0.28894874 -0.93230927 -0.21746665 -0.38717204 -0.89599448 -0.21746479 -0.4052141 -0.88798118 -0.21744798 -0.41610503 -0.88293427 -0.2173747 -0.39451662 0.8928073 -0.21736185 -0.37584215 -0.90083098 -0.21725878 -0.37662745 0.90052778 -0.21724845 -0.38776624 0.8957904 -0.2172256 -0.40729097 -0.88708913 -0.21721695 -0.38115942 0.89862913 -0.21717137 0.41468683 -0.88366926 -0.21710694 -0.40571555 0.88783979 -0.21703607 -0.41555879 0.88329279 -0.21703131 -0.40539786 -0.88800329 -0.21702968 0.41107735 -0.88538885 -0.21695575 -0.35137469 -0.91075021 -0.21677788 0.39505675 0.89271361 -0.21676892 0.14629835 -0.96519846 -0.21674725 -0.37276381 -0.90225697 -0.21673264 -0.38067323 -0.89895213 -0.21660011 -0.41662261 -0.88289869 -0.21656054 -0.38029623 0.89915311 -0.2165191 0.40702283 -0.88738495 -0.21648842 -0.40675199 0.88751656 -0.21644434 0.40473431 -0.88844925 -0.21617571 0.41014266 0.88603103 -0.2160721 0.41577533 0.88342726 -0.21606915 -0.42025891 0.88130391 -0.21595661 0.41147098 -0.88546842 -0.21576357 -0.42178017 -0.88065177 -0.21572435 0.37537494 -0.90141928 -0.21569225 0.40476337 -0.88861883 -0.21565293 -0.41150868 0.88552499 -0.21556503 0.36413357 -0.90605658 -0.21555151 0.6432296 -0.73470622 -0.21549328 -0.43506497 0.8742317 -0.21547396 -0.40549535 -0.88833809 -0.21543309 0.37839597 0.90022504 -0.21540706 -0.40206417 0.88991249 -0.2153323 0.40814883 -0.88715637 -0.21525934 -0.3713817 0.90318274 -0.21523671 0.40466928 -0.88877219 -0.21516953 0.39521235 0.89303374 -0.21506763 0.380355 -0.89948654 -0.21502136 0.37622556 -0.90123248 -0.21494456 0.37289965 0.90263206 -0.21480852 -0.37714019 -0.90090096 -0.21470651 -0.40063572 -0.89072567 -0.21459143 0.39242938 0.89439911 -0.2145884 0.39413357 -0.89365017 -0.21458308 -0.40250379 0.88991278 -0.21441516 0.39031738 -0.89536494 -0.214288 0.40990841 0.88659781 -0.21413392 0.41269392 -0.885342 -0.21412411 0.4078449 -0.88758862 -0.21408425 -0.40896308 0.88708353 -0.21398333 -0.37679803 0.90124041 -0.21396713 0.9622938 -0.16795444 -0.2138648 -0.44467479 0.86978513 -0.21376687 0.41297707 0.88529855 -0.21375273 0.39558804 0.89320767 -0.21366477 -0.38210806 -0.89907783 -0.21365201 -0.39415374 -0.89386553 -0.2136475 0.38903338 -0.89610696 -0.21330696 0.39621031 -0.89303833 -0.21322201 -0.39060804 0.89552319 -0.21314028 -0.4521873 0.86608183 -0.21294333 -0.39988014 -0.89148808 -0.21293509 -0.42395017 0.88029814 -0.2127714 0.4717766 -0.85566068 -0.21276833 0.36564854 -0.90610754 -0.21276705 0.39190948 -0.89506269 -0.21270083 0.39590609 0.89331776 -0.21259053 0.36814302 0.90513867 -0.21247509 -0.39594609 -0.89335382 -0.21235569 -0.41565409 -0.88438499 -0.21229917 -0.41598678 -0.884242 -0.21229725 -0.34145838 -0.91560686 -0.21223229 -0.53488821 -0.81783378 -0.21199359 0.41021389 0.88700807 -0.21191595 0.39081818 -0.89574146 -0.21177459 0.25294989 -0.94401693 -0.21131064 -0.36275488 -0.90761042 -0.21126546 0.41002548 -0.8872689 -0.21096015 0.38172293 -0.89987963 -0.21088932 -0.42332175 0.88109267 -0.21086378 -0.42168066 -0.88188535 -0.21086098 -0.41518036 0.88496494 -0.21074104 0.39542452 0.8939954 -0.21072859 0.41566518 -0.8847689 -0.21055761 0.40994003 -0.88747662 -0.21048996 -0.39002949 0.89642119 -0.21045427 -0.40780842 -0.88848263 -0.21028249 -0.39360076 0.89490765 -0.21025528 0.38820261 -0.89726889 -0.21008556 -0.40221968 -0.89111352 -0.20998302 -0.40318799 0.8907001 -0.20995758 0.3991563 -0.89252001 -0.2099259 -0.36311507 -0.90778768 -0.20988995 -0.40866968 0.88822025 -0.20979072 0.4146497 0.88546789 -0.20950007 0.41702339 -0.88442141 -0.20910783 0.40554705 -0.88983446 -0.20898964 0.416596 -0.88474357 -0.20890015 0.39744678 0.89353049 -0.20879886 -0.407974 0.8887971 -0.20873357 0.41824874 -0.88402396 -0.20852822 0.38369656 -0.89960712 -0.20810965 -0.40309697 0.89118081 -0.20796387 -0.40912324 -0.88846445 -0.20758379 -0.27632138 -0.93837923 -0.20745604 0.43912813 -0.87414438 -0.20724876 0.37726808 0.90261656 -0.20669244 -0.41460961 -0.88621509 -0.20655264 -0.38384831 -0.89999795 -0.20648836 -0.46286669 -0.86204231 -0.20644794 -0.37759691 -0.90266263 -0.20643575 -0.41462746 -0.88626647 -0.20642208 0.38901454 -0.89780706 -0.20618851 0.4170661 0.88517922 -0.2060858 -0.35981131 -0.90998048 -0.20603156 -0.36612171 0.90747219 -0.20579939 0.41797003 0.88484329 -0.20563103 -0.47145599 -0.85758096 -0.20535798 0.38756865 -0.89867604 -0.20527239 0.16965866 -0.96388751 -0.20522006 -0.20613323 -0.95676214 -0.2052166 -0.28637642 0.93588179 -0.20498161 -0.424227 0.88205105 -0.20491025 0.38784838 -0.89865756 -0.20462722 -0.39454404 -0.8958028 -0.20452468 0.00212928 -0.97885913 -0.20440844 0.40801495 -0.88979834 -0.20428039 -0.44556871 -0.87162948 -0.2040672 0.38172311 -0.9014678 -0.20403922 0.91279823 -0.35379007 -0.20393945 -0.41006163 -0.88896465 -0.20362173 0.38890886 0.89849222 -0.20330496 0.38839623 -0.89878559 -0.2027466 0.41386181 -0.88747519 -0.20252566 0.47187141 -0.85809135 -0.2024572 -0.39569885 -0.89578646 -0.20234047 -0.48039612 -0.85339195 -0.20216289 0.39238816 0.89730811 -0.2019168 0.42298788 -0.8833521 -0.20181218 0.35116896 0.9143042 -0.20154952 -0.34766012 -0.9157021 -0.20151801 -0.34882763 -0.91526484 -0.20150363 -0.41126767 -0.88896298 -0.20138508 0.39965349 -0.89427131 -0.20134431 -0.37733433 -0.90392435 -0.20132561 0.35171354 -0.91420221 -0.20128907 0.40955192 0.88980329 -0.20127347 -0.37340841 -0.90556896 -0.201037 -0.4309414 0.87970084 -0.20072018 0.39292449 0.89739716 -0.20010868 0.34652665 0.91644728 -0.1998679 0.40219641 -0.89347124 -0.1997785 0.38405755 0.90143687 -0.19932796 0.36665037 -0.90875506 -0.19914506 -0.41666281 0.88697994 -0.19813019 -0.40999562 -0.89030778 -0.19795014 -0.41828763 0.88648242 -0.19782241 0.44684049 -0.8724677 -0.19763608 0.40896776 0.8908903 -0.19759202 0.41946679 -0.88600504 -0.19758506 -0.34574008 -0.9172917 -0.19742414 0.38736939 -0.90053797 -0.19727917 0.41972533 0.88595235 -0.19720976 0.41285354 -0.88919091 -0.19719671 0.40569913 0.89248067 -0.19708617 -0.4257845 0.88309938 -0.19707948 0.41283229 -0.88922954 -0.19700764 0.4184632 -0.88660967 -0.19677155 -0.42344007 0.88429606 -0.19670689 -0.41756162 -0.88710135 -0.19667505 -0.49675563 -0.8453123 -0.19649276 0.35619622 -0.91351777 -0.19631162 0.3234264 -0.92566574 -0.1963066 0.40600044 -0.89253986 -0.19504485 0.403254 0.89406031 -0.19498739 0.44183379 -0.87564987 -0.1948158 0.40338352 -0.89405173 -0.1948158 0.40338352 0.89405173 -0.19456477 0.39107278 -0.89955914 -0.19413033 -0.28151745 -0.93971342 -0.19406031 -0.50357825 0.84187269 -0.19329813 -0.40314704 -0.89448774 -0.19322167 -0.39800969 -0.89680195 -0.19272181 0.51398152 -0.83587152 -0.19219361 -0.41769528 0.88802713 -0.19181377 0.39227581 0.89962614 -0.19116309 0.4045437 0.89431596 -0.19111072 -0.42108607 0.88665849 -0.1903851 0.38791913 0.90181601 -0.19000338 0.4226436 0.88615531 -0.18968709 0.61067849 0.7688241 -0.18952635 -0.32638076 -0.9260428 -0.18932146 0.48957533 -0.85115993 -0.18909864 0.38801745 0.90204448 -0.18909493 -0.48222753 -0.85539448 -0.18883394 0.40729868 -0.89356005 -0.18851222 0.02233029 -0.98181695 -0.18820919 -0.38976839 0.90147549 -0.18784803 0.33934516 -0.92171472 -0.18755127 -0.4227829 -0.8866111 -0.18726207 0.67851937 -0.7103129 -0.18635696 0.32038152 -0.92877704 -0.18522009 -0.42643753 -0.88534999 -0.1849004 -0.52592468 0.83018982 -0.18480891 -0.41956034 -0.88871527 -0.18458249 -0.41962618 -0.88873124 -0.18447714 -0.32276481 0.92832708 -0.18430863 -0.39565912 -0.8997134 -0.18385284 0.41983205 0.88878524 -0.18346885 0.42726231 -0.88531691 -0.18309002 -0.52739167 -0.82966018 -0.18135114 0.42826018 -0.88527119 -0.18115188 0.30691588 -0.93433756 -0.18024492 -0.30926624 0.9337377 -0.17997915 0.42101544 -0.88901824 -0.17983851 -0.31107202 -0.93321609 -0.1798338 0.42565352 -0.88683653 -0.17945406 -0.39509267 -0.9009428 -0.17901906 -0.02816245 -0.98344243 -0.1787515 -0.4295055 -0.88519645 -0.17846768 0.40295747 -0.89764947 -0.17843229 0.43962708 -0.88027829 -0.17781512 -0.38790134 -0.90438616 -0.17771651 0.44050878 -0.87998229 -0.17711198 -0.54480785 0.81964368 -0.17635986 -0.46028116 -0.87007964 -0.17519008 0.14174476 -0.97427768 -0.17492968 -0.55095577 -0.81599462 -0.17466632 -0.42247269 -0.88938653 -0.17462939 -0.43542635 -0.88312429 -0.17453471 0.42642301 -0.8875252 -0.17451988 -0.96702427 0.18549128 -0.1737342 0.43177101 0.88509333 -0.17281088 0.3587417 -0.91730088 -0.17269696 -0.43661904 -0.88291544 -0.17258698 -0.38694659 0.90580678 -0.17161047 -0.4654713 -0.86826622 -0.1715325 0.57802206 0.79778886 -0.17106013 -0.25165546 -0.95257962 -0.17004365 -0.04615768 -0.98435485 -0.17001644 0.29420942 -0.94049734 -0.16946435 0.39485297 -0.90298003 -0.16894437 -0.43311232 -0.88536525 -0.16786949 -0.38620955 -0.90700728 -0.16735224 -0.47783309 -0.86236238 -0.16682635 0.41059756 -0.89642537 -0.16643292 0.43629286 -0.8842786 -0.16589653 0.5724054 -0.80301327 -0.16526674 0.40863386 0.89761084 -0.16510487 -0.39394403 -0.90418386 -0.16428153 0.28716326 -0.94368893 -0.16407314 -0.44188979 -0.88193738 -0.16373247 0.45082116 -0.87746906 -0.16078916 -0.68153852 -0.7138992 -0.16060726 0.36313134 -0.91779131 -0.15978712 -0.27816334 -0.94715005 -0.15930675 -0.27241564 -0.94889998 -0.15806235 0.46179125 -0.87279153 -0.1580271 0.41068456 -0.8979786 -0.15746658 -0.27255818 -0.94916612 -0.15660529 0.27239412 -0.94935572 -0.15491521 -0.42704692 -0.89086032 -0.15434454 -0.42773873 -0.89062744 -0.1541688 -0.52567631 -0.83659816 -0.15396205 -0.87485993 -0.45925549 -0.15327543 0.38287541 0.91099566 -0.1516559 0.19172448 -0.96966088 -0.15129858 0.18905164 -0.97024131 -0.15011942 0.30621943 -0.94004989 -0.14959538 0.60386819 -0.78292036 -0.14926004 -0.65740842 -0.73860383 -0.14838926 0.56933206 -0.80860472 -0.14744608 -0.81184667 -0.56494677 -0.14726838 -0.43296558 -0.88929904 -0.14607745 0.38126466 0.91285193 -0.14602226 0.96884328 -0.2000505 -0.145932 0.43701416 -0.88753736 -0.14482573 -0.13276263 -0.98050994 -0.14433894 0.00078659 0.98952794 -0.14356668 0.00186056 -0.98963898 -0.14349835 0.46602306 -0.87305826 -0.14278573 0.38043788 0.91371721 -0.14275642 -0.30351698 -0.9420712 -0.1414407 -0.2445962 -0.95925337 -0.13998173 0.37977567 -0.91442633 -0.13975371 0.37969095 0.91449648 -0.13882932 -0.12972477 -0.98178297 -0.13759013 0.3548843 -0.92473024 -0.13748313 0.37889117 -0.9151721 -0.13475761 0.64734197 -0.75019246 -0.13468148 0.20673281 -0.96908325 -0.13457282 -0.23233269 -0.96328169 -0.13369825 -0.64839888 -0.74946898 -0.13335365 -0.56969827 -0.8109628 -0.13299663 0.28193066 -0.95017213 -0.13291433 0.44393495 -0.88614643 -0.132294 -0.89914566 0.41717541 -0.13208668 0.49553129 -0.85848808 -0.13087665 0.48937348 -0.86219782 -0.12998037 -0.56444788 -0.81517106 -0.12990309 -0.83343244 -0.53713644 -0.12980637 0.27195269 -0.95351565 -0.1288065 0.16803892 -0.97732884 -0.12873881 0.43596995 -0.8907057 -0.12861989 -0.49542895 -0.8590734 -0.12854733 -0.4003925 -0.90728247 -0.12847303 -0.33777162 -0.93241888 -0.12773083 0.0682179 -0.98946011 -0.1275038 0.39166898 -0.91122895 -0.12677683 0.4696047 0.87372714 -0.12556303 0.44737062 -0.8854906 -0.12537193 -0.48789293 -0.86385316 -0.12367786 0.22152504 -0.96727997 -0.12358598 0.39412919 -0.91070783 -0.11785812 -0.10062732 -0.98791885 -0.1151574 -0.48015472 -0.86959195 -0.11508431 -0.19906476 -0.97320551 -0.11424179 0.97252291 0.20284982 -0.11417393 -0.00082394 0.99346036 -0.11388067 0.19923973 -0.97331119 -0.11360436 -0.37282455 0.92092121 -0.11226644 -0.4845807 -0.86751246 -0.1121199 -0.14959846 -0.9823693 -0.11179477 0 -0.99373126 -0.11122981 -0.11666668 -0.98692292 -0.11109026 0.96835464 -0.22349098 -0.11101386 -0.46006158 -0.88091952 -0.11097135 0.46396279 -0.87887651 -0.11049829 0.19223194 -0.97510874 -0.10997948 -0.44970784 -0.88637882 -0.10960904 0.00069704 0.99397451 -0.10942801 0.17120022 -0.9791404 -0.10874388 -0.35263413 -0.92942125 -0.10760528 -0.53865713 -0.83562535 -0.10562726 0.1829778 -0.97742617 -0.1055539 -0.12276155 -0.98680699 -0.10424197 -0.86549705 -0.48994756 -0.10366163 0.37036273 0.92308491 -0.10240263 0.37028763 0.92325544 -0.10047535 -0.97214741 -0.21174088 -0.09877642 0.27054685 -0.95762604 -0.09769239 -0.47191381 -0.87621552 -0.09675846 0.13198154 -0.98651844 -0.09585164 -0.36888066 -0.92452121 -0.0937138 -0.3670035 0.92548704 -0.09278864 -0.97351736 0.20893584 -0.09112766 -0.58076334 -0.80895591 -0.089821 0.05417285 -0.99448353 -0.08856794 -0.15450598 -0.98401403 -0.08785303 0.00055868 0.99613327 -0.0847836 -0.64918059 -0.75589442 -0.08422837 -0.99626893 0.01881038 -0.08387644 -0.14445463 -0.98595005 -0.08093628 0.57957011 -0.81089318 -0.08079255 0.49128932 -0.8672412 -0.07695524 -0.4696455 -0.87949473 -0.0769536 -0.55782366 -0.82638431 -0.07687737 0.54786551 -0.83302659 -0.07454192 0.33572692 -0.9390052 -0.07416169 -0.79040378 -0.60808045 -0.07328701 -0.50149131 -0.86205298 -0.07256492 0.12473111 -0.98953348 -0.07143838 0.39541242 -0.91572136 -0.07128667 0.15113279 -0.98593974 -0.07084665 -0.12235028 -0.98995525 -0.06906304 -0.39619485 -0.91556537 -0.0689854 -0.02057148 0.99740553 -0.06874665 0.93804234 -0.33963281 -0.067094 -0.4013589 -0.91346014 -0.06323963 -0.92668748 -0.37047413 -0.06250411 -0.37917632 -0.92321104 -0.06126206 0.10516797 -0.99256569 -0.06101643 -0.45831558 -0.88669258 -0.05857631 0.34592816 -0.93643075 -0.05846572 0.09969357 -0.99329907 -0.05820558 1.526e-05 -0.99830461 -0.0573681 -0.00082799 0.99835277 -0.05664326 0.47550142 -0.87788951 -0.05230908 0.04802031 -0.99747574 -0.05170416 0.6082117 -0.79208922 -0.05002005 0.08652116 -0.99499345 -0.04974934 0.81445944 -0.57808381 -0.04875857 -0.00083244 0.99881029 -0.04785249 0.50226283 -0.86338991 -0.04766956 -0.00011701 0.9988631 -0.04751784 0.35353369 -0.93421412 -0.04567913 -0.73380017 -0.67782795 -0.04477924 0.00011703 -0.99899691 -0.04472697 -0.00035933 -0.99899918 -0.04416918 -0.51780462 -0.85435784 -0.04317686 0.50241679 -0.86354691 -0.04062827 7.155e-05 -0.9991743 -0.04044654 -0.07000586 -0.99672627 -0.0392721 -0.53142995 -0.84619147 -0.03755202 -0.6572144 -0.75276756 -0.03642933 0.06291287 -0.99735397 -0.03581372 0.00022875 -0.99935842 -0.03550367 0 -0.99936956 -0.03263844 0.52876651 -0.84813952 -0.03152611 0.05568343 -0.99795061 -0.02996493 -0.63965356 -0.76807904 -0.02937644 -0.00011348 0.99956846 -0.02759457 0.00018091 -0.99961919 -0.02521977 0.54325891 -0.83918637 -0.02488524 -0.49303117 -0.86965573 -0.02482829 -0.40395382 -0.9144423 -0.02085884 0.83009273 -0.557235 -0.02066472 -0.23870057 -0.9708733 -0.01841693 -0.03349823 -0.99926913 -0.01827848 -0.00019152 0.99983293 -0.01825028 -0.00082785 0.99983305 -0.0179532 0.06014431 -0.99802828 -0.01398548 -0.59082466 -0.80667877 -0.01354733 0.52979392 -0.84801823 -0.01209155 7.689e-05 0.99992687 -0.01161639 -0.04512294 -0.99891394 -0.0105578 0.00082931 -0.99994397 -0.01019071 -0.00010366 0.99994808 -0.00962591 -7.16e-05 0.99995363 -0.0095451 -0.08142602 -0.99663371 -0.00947282 0.19016366 -0.98170674 -0.00926008 -0.00052541 -0.99995691 -0.00894388 -0.00030087 -0.99995989 -0.00808137 0.69778091 -0.71626562 -0.00437002 -0.40226308 -0.91551363 -0.00402101 0.00031094 -0.99999189 -0.00371305 0.00049218 0.99999303 -0.00367645 0 -0.99999326 -0.00312498 0 -0.99999511 -0.00244726 3.784e-05 -0.99999708 -0.00202851 0.00012549 -0.99999785 -0.00196851 -2.534e-05 0.99999803 -0.0018842 0.00017791 -0.99999821 -0.00147641 -7.321e-05 0.99999881 -0.00141248 7.947e-05 -0.99999905 -0.00043385 5.591e-05 0.99999994 -0.00040191 -5.826e-05 0.99999988 -0.00027354 5.765e-05 -0.99999994 0 -5.96e-05 1 -0 0 -1 0 0 -0.99999994 0 0 0 0 -0 0.99999994 -0 0 1 4e-08 -5.961e-05 -1 9.484e-05 3.093e-05 1 0.0001849 2.91e-05 -1 0.00041943 8.001e-05 0.99999988 0.00043105 -3.782e-05 -0.99999988 0.00050471 -6.4e-07 -0.99999988 0.000711 0.15606329 -0.98774678 0.00076689 7.094e-05 0.9999997 0.00153587 -0.16642769 -0.98605251 0.00202834 -0.00012548 -0.99999785 0.00219588 0.43226349 -0.90174466 0.00227776 0.63823819 -0.76983553 0.00233695 -4.455e-05 0.99999738 0.00249572 0.2158781 -0.97641712 0.00260928 -8.365e-05 -0.9999966 0.00289754 -0.00012888 0.99999571 0.00304623 -0.00031094 -0.99999523 0.00365866 0.00791825 -0.99996197 0.00499994 0 -0.99998748 0.00513026 0.01599636 -0.99985892 0.00550263 0.37220061 -0.92813605 0.00557507 -0.69659173 -0.71744609 0.0056463 7.568e-05 0.99998409 0.0056739 -0.02407395 -0.99969417 0.00592142 -7.937e-05 -0.99998242 0.00618771 -0.01565124 -0.99985838 0.01025769 -0.20056975 -0.97962576 0.01283117 -0.74820322 -0.66334558 0.01322451 -0.25856891 -0.96590227 0.01339246 -0.83980352 -0.54272532 0.01432635 -0.25059971 -0.96798486 0.01469245 0.00011351 0.99989206 0.01562309 0 0.99987787 0.01562309 0 0.99987793 0.01587053 -0.00031091 -0.999874 0.01603374 -0.22421877 -0.97440702 0.0169672 -0.02893466 -0.99943733 0.01767365 -0.70131481 -0.7126326 0.01884528 0.00031089 0.99982238 0.02037503 0.25603026 -0.96645403 0.02082881 0 -0.99978304 0.02335875 0.03808251 -0.99900156 0.02509748 -0.20576191 -0.97828019 0.02665295 0.37107483 -0.92822039 0.02882951 -0.97295654 -0.2291822 0.02918544 0.00234675 -0.99957126 0.03069857 -0.0527361 -0.99813652 0.03097696 0.34846997 -0.93680799 0.03443694 0.05911754 -0.99765688 0.036723 0.37643188 -0.92571622 0.03759728 0.06503312 -0.99717456 0.0376705 -0.00031072 -0.99929017 0.03771922 0.31714809 -0.94762558 0.03855993 -0.53544945 -0.84368658 0.03909577 -0.40313563 -0.91430479 0.04014655 -0.00013112 -0.99919379 0.04028168 -0.07100412 -0.99666232 0.04259535 -0.49683142 -0.86680108 0.04406654 -0.00028023 0.9990285 0.0468885 0.22869395 -0.97236854 0.04761026 0.08302361 -0.99540961 0.04867717 0.00013107 0.99881458 0.05006691 -0.05242233 -0.99736911 0.05019964 -0.00020704 -0.99873918 0.05349806 0.09033248 -0.99447376 0.05415211 -0.96346813 -0.26229134 0.05471497 0.63987553 -0.76652819 0.05613878 0.78604549 -0.61561424 0.05942982 0.63517922 -0.77007508 0.06545064 0.02021185 -0.99765104 0.066433 -0.54358894 -0.83671856 0.06725924 0.76067108 -0.64564359 0.06763092 -0.2241756 -0.9721992 0.06765201 0.44491521 -0.89301378 0.07074227 0.5032227 -0.86125624 0.07128667 -0.15113279 -0.98593974 0.07166463 -0.4722383 -0.87855285 0.07192574 0.35428435 -0.93236756 0.0722657 -0.51644069 -0.85326821 0.07267123 -0.23281612 -0.96980184 0.07268907 -0.27907649 -0.95751381 0.07370934 -0.49824563 -0.86389709 0.0742394 -0.33337453 -0.93986696 0.07808218 -0.14491484 -0.9863584 0.07844513 -0.36375546 0.92818546 0.08017469 0.17368822 -0.98153168 0.08037161 -0.84760195 -0.5245105 0.08162428 -0.49720752 0.86378366 0.08203498 0.32624555 -0.9417187 0.08240692 0.14067633 -0.98662013 0.08257741 -0.14175983 -0.98645073 0.08699784 0.99463367 0.05599318 0.08759391 0.36469641 0.92699724 0.08936735 -0.05410215 -0.99452817 0.09007934 0.93540657 0.34190699 0.09404503 0.36785185 -0.92511654 0.0945835 -0.55626464 -0.82560509 0.09470915 -0.32077998 -0.94240671 0.09878469 0.36270636 -0.92665297 0.0997998 0.35069159 -0.93115807 0.10094062 0.52947801 -0.8422969 0.10174359 -0.37022686 0.92335272 0.10229877 0.86402953 -0.49293798 0.10240435 0.17743938 -0.97878945 0.10454869 -0.94927025 -0.29657325 0.10700082 0.35417351 -0.92903823 0.10754678 0.18602686 -0.976641 0.10814314 -0.50217849 0.85797542 0.10960904 -0.00069704 0.99397451 0.11179478 0 -0.99373138 0.11246738 0.19131805 -0.97506338 0.11287338 -0.4865329 -0.86634016 0.11320814 -0.35815614 -0.92677295 0.11453068 -0.46216974 -0.87936455 0.11565837 -0.25368312 -0.96034789 0.1173531 -0.2029362 -0.97213435 0.11795679 -0.14744982 -0.98201054 0.11802703 -0.4219676 -0.89889532 0.11846235 0.37515822 0.9193601 0.12067539 -0.97736317 0.17377768 0.12157186 0.57219785 -0.81105483 0.12249696 0.51932824 -0.84574974 0.12266342 -0.30087209 -0.94574296 0.12506852 -0.4791109 -0.86879832 0.12547347 0.37589723 0.9181273 0.12613669 0.41231802 -0.90226567 0.12831424 -0.45611826 -0.88062 0.12843883 -0.22384313 -0.96612513 0.12899938 -0.17917487 -0.97532326 0.1309078 -0.46718758 0.87441349 0.13125834 0.4926362 -0.86027944 0.13219498 0.45055649 -0.8829062 0.13286418 -0.48696071 -0.8632592 0.1335649 -0.37783265 -0.91618925 0.13356665 0.48406139 -0.86478001 0.13362692 -0.35716814 -0.9244321 0.13414106 0.13770895 -0.98134732 0.13414291 0.45100176 -0.88238484 0.13425499 0.37711266 -0.91638517 0.13490607 -0.22002594 -0.96612054 0.1363353 0.23451622 -0.96250451 0.13645065 0.45821714 -0.87830424 0.13880928 0.12970476 -0.98178846 0.13899675 -0.3794094 0.91472858 0.13909352 0.25807866 -0.9560588 0.13922469 -0.37949419 -0.91465873 0.13966472 0.40639663 -0.90295929 0.13997224 -0.33411583 -0.93208075 0.14026736 0.35764179 -0.9232645 0.14047714 -0.43996182 -0.88696098 0.14137203 -0.20910452 -0.96762037 0.1414407 0.2445962 -0.95925337 0.14273013 0.24930482 -0.95784932 0.14279006 -0.38043764 0.91371667 0.14407726 0.24920669 -0.95767301 0.14437693 -0.3809641 0.91324782 0.14492698 0.2506845 -0.95715904 0.14584357 -0.59452605 -0.79073912 0.14608639 -0.53082967 -0.83479255 0.1461532 -0.61104023 -0.77799046 0.1476825 -0.00399309 -0.98902673 0.14784721 0.48383361 -0.86258113 0.14817773 -0.25251284 -0.95618027 0.14886016 0.9858883 0.0765833 0.15025204 0.72160268 -0.67580616 0.15265541 -0.26562786 -0.95191288 0.15359497 -0.43386725 -0.88778818 0.1576369 0.43929011 -0.88440645 0.15782474 0.43206215 -0.88792658 0.15845488 -0.43979985 0.88400686 0.15994865 0.27486408 -0.94808549 0.16110221 0.35830688 -0.91959888 0.16135086 0.44353721 -0.88161254 0.16180985 0.43798602 -0.88429958 0.16234785 -0.49794534 -0.85187656 0.16351037 -0.36753705 -0.91552222 0.16386552 -0.46322685 -0.87095875 0.16418228 -0.4178955 0.89353651 0.16615854 -0.43569809 -0.88462335 0.16644906 -0.15796317 -0.97331518 0.16672498 -0.69731742 -0.69710195 0.16682278 0.38575238 -0.90739483 0.1669443 0.94964987 -0.26513147 0.16739567 0.04610407 -0.98481113 0.16765158 0.73156703 -0.66083473 0.16834579 0.32135841 -0.93187374 0.17249089 -0.43206719 -0.88519198 0.175101 -0.55564058 -0.8127749 0.17592889 -0.13784046 -0.9747045 0.17637008 -0.38820106 0.9045406 0.1771121 0.54481125 0.81964141 0.17738371 -0.25705394 -0.94997805 0.17747997 0.30892986 -0.93437856 0.17781512 0.38790134 -0.90438616 0.17802796 0.10408656 -0.97850496 0.17842095 0.58942413 0.78787386 0.17854345 0.1511324 -0.97225565 0.17934684 0.53944814 -0.8226971 0.17982824 -0.43732268 -0.88114172 0.18024492 0.30926624 0.9337377 0.18230499 0.39555535 -0.90016717 0.18241434 0.65834087 -0.73028237 0.18261899 0.52029777 -0.83423048 0.18263507 -0.3200644 -0.92962527 0.18316752 -0.41988671 0.88890094 0.18368189 0.42614838 0.88580948 0.1843913 -0.40178773 -0.89697623 0.1848978 0.52592474 0.83019036 0.1857367 0.41858342 -0.88898242 0.1858259 0.52425408 -0.83103943 0.1863413 -0.42486444 -0.88587087 0.18744834 0.32468075 0.92706281 0.18780787 -0.4014914 0.89639997 0.18820919 0.38976839 0.90147549 0.18829839 0.51979083 -0.83328342 0.18945256 0.38969609 -0.90124625 0.18950315 -0.3879866 -0.90197277 0.19025916 0.41485164 -0.88977498 0.1903851 -0.38791913 0.90181601 0.19067538 -0.52719367 0.82807595 0.19124416 0.37743223 -0.90607429 0.19150814 -0.35855821 -0.91365236 0.19218363 0.41769609 0.88802892 0.19229825 0.41421515 -0.88963312 0.19262406 0.42005926 0.88681799 0.19287093 0.42034486 0.88662905 0.19328798 -0.38275081 -0.90340555 0.19354227 -0.39830086 0.89660358 0.19357857 0.33577588 -0.92183614 0.19383912 -0.05858308 -0.97928262 0.19385542 -0.33943021 -0.92043865 0.19389583 0.41150838 -0.89054203 0.19405507 -0.40308058 -0.89435369 0.19405955 -0.3609412 -0.91217446 0.19406031 0.50357825 0.84187269 0.19424932 -0.41362944 0.88948184 0.19453166 -0.76011312 -0.6199882 0.19461079 -0.33476156 -0.92198765 0.19502787 0.49830177 0.84478372 0.19545703 -0.4208293 -0.88583261 0.19667363 0.49675542 -0.84531265 0.19700447 0.3393459 -0.91980082 0.19706571 -0.13105503 -0.97159129 0.19708139 0.46986547 0.86045641 0.19712035 -0.40513268 -0.89275467 0.19712035 -0.40513268 0.89275467 0.19733647 0.42925039 0.88136399 0.19740473 0.29175279 -0.93590152 0.19746475 -0.40769151 -0.89151293 0.19753723 0.42921078 0.8813383 0.19754112 0.40705499 -0.89178675 0.1977966 -0.40096474 -0.89448524 0.19790633 -0.31700632 -0.92754513 0.19801363 -0.40417922 -0.89298922 0.19834827 -0.41429642 0.88826603 0.19886811 -0.42210504 -0.88446528 0.19898041 0.29163709 -0.93560392 0.19913206 0.05854835 -0.97822201 0.19987927 -0.39329335 0.89742333 0.20011216 -0.34652913 0.91644561 0.20070161 0.13375783 -0.970478 0.20073816 0.34521636 -0.91680413 0.20092461 -0.42680526 -0.88174063 0.20095897 0.41938341 -0.88528699 0.2014467 -0.38538852 0.90049708 0.20153949 0.42593247 0.88202238 0.20179237 -0.35115731 0.91431302 0.20179486 -0.41726276 0.88609856 0.20198266 -0.41830954 0.88556206 0.20212206 -0.25863117 -0.94459337 0.20219867 0.41098687 -0.88893503 0.20236601 -0.39437276 0.89639181 0.20239195 0.38513124 -0.90039504 0.20292087 -0.41640994 -0.88624257 0.20322405 0.37883744 -0.90287441 0.20330496 -0.38839623 -0.89878559 0.20352741 -0.95035118 -0.23539153 0.20382744 0.3530584 0.91312879 0.20397696 0.41843796 0.88504416 0.20407793 0.33747417 -0.91894692 0.2040953 -0.41458583 0.88682783 0.20416607 0.46676987 -0.86048949 0.20431244 0.38770765 0.89885443 0.20443825 -0.38222024 -0.901173 0.2049194 0.40172648 0.89253783 0.20536169 -0.34382036 0.91630459 0.20545365 -0.48385298 -0.8506909 0.20579602 0.40931317 0.88888168 0.20593789 0.28841794 0.93509603 0.20603633 0.42090121 -0.88339752 0.20617765 -0.41431585 0.88647234 0.20652676 0.40963858 0.88856238 0.20683171 0.4088839 -0.88883895 0.20718618 0.43946728 0.87403798 0.20720471 -0.40669009 -0.88975799 0.20722143 0.42560145 -0.88086474 0.20747916 -0.39499742 0.89494658 0.20752633 -0.4019914 0.89181608 0.20796633 -0.407664 -0.88913447 0.20841573 -0.42327121 -0.88170534 0.20858149 0.42387041 0.88137817 0.20865105 -0.39533043 0.89452696 0.20878756 -0.40949109 -0.88810176 0.20888753 0.41037792 -0.88766885 0.20890015 -0.39744678 0.89353049 0.20902114 0.32460397 -0.9224655 0.20905676 -0.24692146 -0.94621617 0.20911407 -0.41206616 0.88683301 0.20912097 0.39416102 -0.89493322 0.20927179 -0.41197509 0.88683814 0.20963636 -0.41039711 -0.88748342 0.20966758 -0.41033909 -0.88750279 0.20970124 -0.41611233 0.88480276 0.20980005 -0.41656086 -0.88456827 0.20986366 -0.40703529 -0.88897663 0.20995758 -0.3991563 -0.89252001 0.21000586 0.59207761 -0.77803701 0.2100832 0.41085017 -0.88716811 0.21014644 -0.05273129 -0.97624677 0.21029909 -0.39038539 -0.89631104 0.21031225 -0.39620507 0.89375073 0.21035296 0.36100954 -0.90852833 0.21050915 0.3962473 -0.89368558 0.21051832 -0.38668665 -0.89786154 0.21052273 0.38120133 -0.90020317 0.21060315 0.425955 -0.87989134 0.21062572 0.37819576 -0.90144598 0.21074478 -0.38895714 -0.89682716 0.21075374 -0.41561684 -0.88478559 0.21079277 -0.10559185 -0.97181106 0.21124607 -0.39071801 0.89594346 0.21138662 -0.40950537 -0.8874802 0.21168184 -0.38619202 -0.89780086 0.21169798 0.39865482 -0.89233303 0.21210389 -0.41462141 -0.88493001 0.21256906 -0.41462594 -0.88481623 0.21258913 -0.36814064 0.90513986 0.21264996 0.40710732 -0.88828129 0.21282212 -0.39189741 -0.89505488 0.21295245 0.40188009 -0.89058614 0.2130533 0.39056653 -0.89558142 0.21311544 -0.38874489 0.89635891 0.21322201 0.39060804 0.89552319 0.2132653 -0.38550174 0.8977229 0.21333644 0.39940426 -0.89160752 0.21334048 0.41207522 0.88582158 0.21341212 0.37995446 0.90004992 0.2135006 0.43300024 -0.8757444 0.21366997 0.39293745 0.89439666 0.21369536 -0.39197695 -0.89481193 0.21372598 -0.40514129 -0.88892168 0.2138648 0.44467479 0.86978513 0.21390776 0.40615711 0.8884142 0.21391968 -0.40049198 0.89097959 0.21402694 0.38288763 -0.89865983 0.21406147 -0.43922156 -0.87250328 0.21406253 0.40631443 -0.88830501 0.21406771 -0.39810777 0.89201188 0.21412565 -0.41179606 -0.88576192 0.21415082 -0.40776998 0.88761646 0.21443705 0.4089722 0.88699412 0.21458308 0.40250379 0.88991278 0.21472432 -0.41138023 0.88581026 0.21483484 0.39231992 0.89438874 0.21492657 -0.38546503 -0.89734238 0.2149542 0.37827104 -0.900392 0.21497583 -0.17040262 -0.96163839 0.2150383 0.40106755 0.89045125 0.21506409 -0.38087878 -0.89926559 0.21506763 -0.380355 -0.89948654 0.21523671 -0.40466928 -0.88877219 0.21556503 -0.36413357 -0.90605658 0.21572435 -0.37537494 -0.90141928 0.21578707 -0.38249922 0.8984043 0.21580695 0.41048211 -0.88596374 0.21590677 0.41955194 0.88168043 0.21597825 0.45486054 -0.86397642 0.2160721 -0.41577533 0.88342726 0.21611039 -0.4049947 0.88841182 0.21616071 0.40123218 -0.89010525 0.21616612 0.40053779 0.89041656 0.21618922 -0.4103061 0.88595206 0.21621409 -0.39621186 0.89233834 0.2163303 0.38809454 -0.89587039 0.21633878 0.40495726 0.88837326 0.21649623 -0.40453008 -0.8885296 0.21657194 0.37464231 -0.90152085 0.21682936 0.37608886 0.90085649 0.2168926 -0.91803169 -0.33192673 0.21701978 -0.42281777 -0.8798452 0.21703607 0.41555879 0.88329279 0.21717137 -0.41468683 -0.88366926 0.21720012 -0.40110162 -0.88991106 0.21722569 0.40729097 -0.88708913 0.21729305 0.41972777 -0.88125616 0.21730147 -0.38582751 -0.89661431 0.2173747 0.39451662 0.8928073 0.21744798 0.41610503 -0.88293427 0.21750462 0.37650144 -0.9005211 0.2175833 0.40631273 0.88744992 0.21758568 -0.39242974 -0.89367515 0.21771865 -0.4103421 -0.88556075 0.21777622 -0.37771216 0.89994836 0.21787818 0.42371991 0.87919885 0.21790895 0.38762915 -0.89568931 0.21793088 -0.39585897 -0.89207715 0.21798646 -0.4090454 0.88609457 0.2180153 -0.39619115 -0.89190906 0.21803524 -0.39221856 -0.89365828 0.21811898 -0.58054519 -0.78446883 0.21812253 -0.40146101 0.88952321 0.21817952 0.4112311 -0.88503486 0.21826342 0.38320431 0.8975051 0.21830925 -0.40996307 -0.88559103 0.21839233 -0.39709249 0.89141589 0.21844678 -0.40054065 0.88985848 0.21845376 -0.41932127 -0.88116264 0.21849929 -0.4032836 -0.88860583 0.21859562 -0.39889115 -0.89056271 0.21861202 0.37878194 0.89929581 0.21869436 -0.37337258 0.90153515 0.21872783 0.39695269 -0.89139593 0.21876307 0.39186594 0.89363515 0.21882629 -0.41910887 -0.88117123 0.21885143 -0.53518534 -0.81589264 0.21886793 -0.38968524 -0.8945626 0.21887629 -0.38927689 -0.89473838 0.21903469 0.39504841 -0.8921662 0.2190959 -0.41390842 -0.88355911 0.21924172 -0.40498483 -0.88764882 0.21927485 0.3935805 -0.89275581 0.2192784 -0.39197138 -0.89346266 0.2193394 -0.39748529 0.8910082 0.21938063 0.39451823 -0.8923158 0.21945216 0.43804163 0.87175691 0.21950412 -0.47539422 -0.85194969 0.21952501 -0.41852438 0.88127536 0.21953227 -0.38630694 -0.89586419 0.21953495 -0.38606569 -0.89596742 0.21956778 -0.40757674 -0.88638103 0.21960747 -0.3745442 0.90082699 0.21962905 0.39697987 -0.8911621 0.21967177 -0.39709729 -0.89109933 0.21968967 0.39973482 -0.88991487 0.21969654 -0.40338787 -0.88826329 0.21969976 0.39742109 -0.89094812 0.21982209 -0.38614917 -0.89586109 0.21993519 0.40424895 -0.88781267 0.22005409 -0.40666041 -0.8866812 0.22012152 0.40278885 0.88842988 0.2201816 0.38116917 0.89790314 0.22020024 0.40361774 -0.88803405 0.22031434 0.39745423 0.89078152 0.2203197 0.40237224 -0.88856953 0.22044566 0.38161194 0.8976503 0.22048637 0.48366979 -0.84702367 0.22061883 -0.38458252 -0.89633894 0.22073543 0.39849886 -0.89021039 0.22077049 0.41407171 -0.88306564 0.22094968 -0.3829301 -0.89696473 0.2209827 -0.40350074 -0.88789296 0.2210016 0.38322186 -0.89682734 0.22103804 -0.39392066 -0.89217079 0.22109655 -0.45126489 -0.8645671 0.22111768 0.38283062 -0.89696586 0.22113082 -0.38534454 -0.89588541 0.22113638 0.40750158 0.88602543 0.22120602 0.36204728 -0.90553284 0.2212325 -0.40138608 0.88878882 0.22125323 -0.4028222 -0.88813359 0.22129652 0.40076452 0.88905323 0.22148672 0.40367734 0.88768697 0.22153236 -0.40728879 -0.88602436 0.22159718 -0.38337147 0.8966164 0.22160755 -0.42336452 -0.87843752 0.22162722 0.39258164 0.89261466 0.22165473 0.4233056 0.87845409 0.2216838 -0.41911721 -0.88045275 0.22170693 0.38428697 -0.89619732 0.22174354 0.41632456 0.88176173 0.22179411 0.37907532 -0.89839262 0.22184691 0.39959517 0.88944232 0.22187538 -0.39594203 -0.8910675 0.22190456 0.47394013 -0.85213792 0.22217925 0.38430744 0.89607155 0.22221026 -0.39945084 0.88941652 0.22228736 -0.40185973 0.88831133 0.22229597 -0.40003386 0.88913298 0.22233233 0.38752666 0.89464599 0.22244519 -0.40978548 -0.88464344 0.22249086 0.40381214 0.88737452 0.22250848 0.39967397 -0.88924164 0.22258736 -0.40196154 0.88819027 0.22262038 -0.23127344 -0.94707584 0.22262415 -0.39559978 0.8910327 0.22265983 0.41487446 0.88221419 0.22266349 0.40111935 -0.88855177 0.22267337 0.38982692 -0.89356118 0.22267886 0.39904055 -0.88948339 0.22270642 0.38576871 0.89531243 0.22276175 0.4029566 -0.88769543 0.22276537 -0.3992222 0.88938022 0.22277096 -0.38520491 -0.89553905 0.22286604 0.38599089 -0.89517695 0.22290364 0.39492735 -0.8912611 0.22296117 -0.39615303 -0.89070261 0.2229678 -0.38903686 -0.89383209 0.22300017 0.40453422 -0.88691771 0.22305535 0.40033773 -0.88880599 0.2231399 -0.40325549 0.8874647 0.22323498 -0.39879444 -0.88945442 0.22324763 0.40340391 0.88737017 0.22327106 0.39629436 -0.89056206 0.22330175 -0.38036868 0.89747196 0.22338966 -0.38687164 0.89466608 0.22339593 -0.40150797 -0.88819236 0.22339669 0.40447977 -0.88684273 0.22351611 0.40526289 -0.88645506 0.22355065 -0.39087942 -0.89288205 0.22355822 0.4039374 0.88704914 0.22359487 0.37998134 -0.8975631 0.22359662 -0.39328358 -0.89181429 0.22363512 -0.40272659 -0.88758016 0.22367764 0.39003423 -0.89321977 0.22368249 0.4008275 -0.8884275 0.22372323 0.40353805 0.88718939 0.22376539 -0.40011945 0.88872576 0.22395712 0.41817981 0.88032317 0.22404122 0.40710065 -0.88547993 0.22406597 0.38823402 -0.89390653 0.22418416 -0.38877031 -0.89364362 0.22419554 0.39205775 -0.89220351 0.22423324 -0.3962003 -0.89036214 0.22425711 -0.38931987 -0.89338619 0.22426248 0.40235397 -0.887591 0.2242655 0.39078552 0.89274383 0.2242658 0.40657017 0.88566673 0.22428334 0.4029077 0.88733435 0.22431 0.40391961 -0.88686758 0.22437137 -0.43653238 -0.87126172 0.22441211 0.39716789 -0.88988584 0.22443141 0.39568907 -0.89053953 0.22444309 -0.39365098 -0.89143938 0.2244547 0.39461142 -0.89101171 0.22455031 -0.40494317 -0.88633978 0.22458914 0.38923767 -0.8933385 0.22461067 0.3935734 -0.89143145 0.22464582 0.42796376 0.87543201 0.22468166 -0.17169549 -0.95918643 0.22470254 0.39704618 0.88986695 0.22470257 0.39508733 -0.89073843 0.22470905 0.39662692 -0.8900522 0.22480997 -0.40375194 0.88681722 0.22486727 0.39521807 -0.89063871 0.2249276 0.40778139 -0.88494176 0.22493011 -0.40282923 0.88720632 0.22499183 -0.4026711 0.8872624 0.22499461 0.40015462 -0.88839948 0.22501913 -0.40348646 -0.88688505 0.22503863 -0.40586945 0.88579208 0.22505693 -0.40258703 0.8872841 0.22507744 0.39722326 0.88969302 0.22508189 -0.39621431 0.89014179 0.22508316 0.39588052 -0.8902899 0.22515124 -0.40312546 -0.88701564 0.22521134 -0.40244779 -0.88730806 0.22523929 0.42815405 0.87518656 0.22524965 0.40388662 -0.88664436 0.2252762 0.40583569 -0.88574719 0.2252931 -0.39948285 -0.88862622 0.22530413 -0.3999095 0.88843143 0.22532615 -0.4035458 -0.88678008 0.22539948 -0.39236632 -0.8917644 0.22540183 -0.39044166 0.89260817 0.22541061 0.39060578 0.89253408 0.22543354 0.39790165 -0.88929975 0.22547096 0.39202824 -0.891895 0.22548743 0.390457 0.89257979 0.22549745 -0.40107462 -0.88785696 0.22553305 0.40214169 -0.88736522 0.22556633 -0.37615544 -0.89868069 0.22558728 -0.39941368 -0.88858265 0.22559801 0.39109674 -0.8922717 0.22566445 0.39978614 -0.88839561 0.22571468 0.38300157 -0.89574695 0.22572041 0.39449942 -0.89074147 0.22574621 0.40192145 -0.88741064 0.22578803 0.40242139 0.88717353 0.22581403 -0.40245271 0.88715267 0.22582026 0.39905959 -0.88868254 0.225831 0.40240318 0.88717085 0.22585355 -0.38848963 0.89334536 0.22590557 0.39708713 -0.88954407 0.22594352 0.40347964 -0.88665307 0.22596268 -0.39583376 -0.8900879 0.22596805 -0.3950763 -0.890423 0.22602916 -0.40239319 0.88712484 0.22606224 0.39719832 -0.88945454 0.22609945 -0.38784084 -0.89356506 0.2261308 0.39191392 0.89177823 0.22618777 0.3937639 -0.89094836 0.22620261 0.38662547 -0.8940655 0.22623421 -0.40068159 -0.88784695 0.22625178 0.39198965 -0.89171422 0.22629163 -0.39892441 -0.88862324 0.22629458 0.35345981 -0.90766567 0.2263047 -0.38933793 -0.89286178 0.22630739 -0.3822796 0.89590585 0.22631866 -0.40089387 -0.88772964 0.22633445 0.40200865 0.8872214 0.22634442 -0.39177573 -0.89178467 0.22639014 -0.39027417 0.89243126 0.22639972 -0.41137558 -0.88290054 0.22643307 0.39467317 -0.89048362 0.22644517 -0.39858687 -0.88873559 0.22645813 0.39232075 0.89151621 0.22646666 0.39885947 -0.88860786 0.22646666 0.39885947 0.88860786 0.22659077 0.39239055 0.89145172 0.22664534 -0.39264917 0.89132398 0.22665223 -0.40383673 -0.88630956 0.22668527 -0.39876875 -0.8885929 0.22669031 -0.39695653 -0.88940257 0.22669649 0.40591598 -0.88534796 0.22671629 0.39708006 -0.88934088 0.22672896 0.39619187 -0.88973355 0.22676073 -0.392396 0.89140618 0.22676662 -0.39290917 -0.89117867 0.22676858 0.39311054 0.89108926 0.22678556 -0.39262354 0.89129972 0.22679064 -0.3962833 -0.88967717 0.22684534 0.39856303 0.88864434 0.22687769 0.39273855 0.89122552 0.22691895 -0.39399061 -0.89066225 0.22695409 0.3993451 -0.88826525 0.22696072 -0.38655567 -0.89390349 0.22696638 -0.49507117 -0.83868396 0.22697487 0.39498606 -0.89020699 0.22701943 0.39144754 -0.89175725 0.22705285 0.38816759 0.89318132 0.22708409 0.41192055 0.88247061 0.22708876 0.39243498 -0.89130551 0.22709134 0.40005696 -0.88790983 0.22712733 0.40147185 -0.88726181 0.22714849 0.43373743 -0.87193781 0.22715014 0.42894864 -0.87430304 0.22715533 -0.40234202 -0.88686031 0.22716211 0.39611548 -0.8896572 0.22716427 -0.39963752 -0.88808012 0.22717677 -0.39599708 -0.88970613 0.22719218 -0.39341494 0.89084697 0.22720316 -0.37876493 -0.89717102 0.22720402 -0.39947897 -0.88814121 0.22725363 -0.38741067 -0.89345884 0.22725941 -0.39349061 0.89079642 0.22726585 -0.40152469 -0.88720244 0.2272889 0.40811333 0.88418514 0.22730111 -0.39695817 -0.88924593 0.22730435 -0.41651437 -0.88025475 0.22732702 0.39830443 -0.88863719 0.22733538 -0.39594916 -0.88968706 0.22733867 -0.42974168 -0.87386459 0.22733954 -0.4025639 0.88671249 0.2273408 0.39355418 0.89074761 0.22739114 -0.40088207 -0.88746095 0.22739346 0.41435671 -0.88124955 0.2274345 0.40589017 -0.8851704 0.22744407 0.4015972 0.88712394 0.22746105 -0.39711478 -0.88913512 0.2274709 -0.39725775 -0.88906878 0.22747284 -0.38790441 -0.89318877 0.22755589 0.42948484 0.87393433 0.22758248 0.39228082 -0.89124739 0.22759327 0.39618427 -0.88951635 0.22759616 0.40441829 0.88580245 0.22760095 0.40430644 0.88585222 0.22760522 0.40272826 -0.88656968 0.2276233 0.3948411 -0.89010572 0.22768945 -0.45230046 -0.86231184 0.22771578 0.39887547 -0.88828146 0.22774266 -0.39806789 -0.88863677 0.22778407 -0.37816325 -0.89727747 0.22779755 -0.39742237 -0.88891155 0.22780772 -0.39939201 -0.8880257 0.22783916 0.39673609 0.8892073 0.22784266 0.37817773 -0.89725649 0.22784585 -0.39832357 -0.88849574 0.22785082 0.38683137 -0.89355785 0.22789553 0.39478678 0.89006007 0.22790462 -0.40041703 -0.88753927 0.22794826 0.39719081 0.8889764 0.22796732 -0.39750299 0.88883197 0.22799288 -0.39589238 -0.88954395 0.22800347 0.39129713 -0.8915723 0.22800399 0.40251982 -0.88656193 0.22800508 -0.39370242 0.89051235 0.22801016 -0.39958662 -0.88788617 0.22802076 -0.39960021 -0.88787735 0.22803402 0.39683157 -0.88911486 0.22803903 0.40664047 -0.88467038 0.22805159 0.39606139 -0.88945377 0.22805637 0.4005439 -0.88744289 0.22807489 0.39718485 -0.88894659 0.22807553 0.40070179 -0.88736665 0.22808048 -0.40023884 -0.88757426 0.22808188 0.39466995 -0.89006412 0.22808871 -0.4000375 -0.88766295 0.22809851 0.39588687 -0.88951945 0.22810781 -0.39424577 -0.8902455 0.22810993 0.39535651 0.88975221 0.22814052 -0.39689207 -0.8890605 0.22816271 0.3916879 -0.89135981 0.22817534 -0.39644393 -0.88925147 0.22819073 -0.39618975 -0.88936079 0.22819738 -0.39895377 -0.88812262 0.22820428 -0.39860937 -0.88827544 0.22821033 -0.38809776 -0.89291662 0.22821075 0.39459017 -0.89006662 0.22823492 -0.39512593 0.8898226 0.22823638 -0.40106657 -0.88716048 0.22824097 -0.38909712 -0.89247376 0.22826046 0.3962281 0.88932586 0.22828929 0.39466619 -0.89001268 0.22830704 -0.55895072 -0.79715109 0.22830914 -0.3983725 -0.88835478 0.22831863 0.38724422 -0.89325941 0.22833775 -0.39717013 -0.88888568 0.2283617 -0.39790827 -0.88854939 0.22837801 0.40047875 -0.88738966 0.22840135 -0.39624 -0.88928443 0.22840387 -0.40051824 -0.88736504 0.22841671 0.38686249 -0.89339978 0.22842455 -0.40150091 -0.88691556 0.22843748 -0.397948 -0.88851207 0.22844194 -0.39978123 -0.88768762 0.22845072 -0.40206602 -0.88665277 0.22845906 0.39583656 -0.88944924 0.22846003 0.39560723 0.88955098 0.22846095 -0.3994174 -0.88784635 0.22850387 -0.39046496 -0.89180899 0.22850479 -0.37507713 -0.89838892 0.22850864 -0.40152779 0.88688177 0.22851852 -0.40037692 -0.88739938 0.22853847 -0.39115477 -0.89149761 0.22854227 0.41346303 -0.88137215 0.22854699 0.4030467 -0.88618261 0.22856072 -0.39617652 -0.88927168 0.22859086 -0.39168477 -0.89125156 0.22859176 -0.39911455 -0.88794893 0.228596 -0.3765898 0.89773268 0.22859737 -0.39800018 -0.88844758 0.22860698 -0.38348207 -0.8948074 0.22860719 0.39949769 -0.88777262 0.22860871 0.39134842 -0.89139473 0.22862116 -0.39900032 0.8879928 0.22862358 0.39893448 -0.88802171 0.22863293 -0.39930171 -0.88785422 0.22864315 0.398698 -0.88812292 0.22865021 0.40082443 0.88716334 0.22865254 -0.40450335 0.88549149 0.228686 -0.39272031 -0.89077127 0.22868782 0.39672324 -0.88899529 0.22868986 -0.39589646 0.88936329 0.228701 0.39758369 -0.88860738 0.22870301 0.39654279 -0.88907188 0.22871074 0.40527564 -0.88512313 0.22871777 -0.39606681 0.88928026 0.22872168 0.3983002 -0.88828111 0.22872683 -0.39596239 0.88932443 0.22872759 -0.40686068 -0.88439143 0.22873516 0.39899349 -0.88796645 0.22873567 -0.39702335 -0.88884902 0.22873916 0.39856577 -0.88815743 0.22874737 0.39619914 0.88921362 0.2287989 0.39708558 0.88880491 0.22880055 -0.39944264 -0.88774765 0.22880201 0.39478472 -0.88982838 0.22880216 -0.39020586 -0.89184576 0.22882077 0.40222359 -0.88648587 0.22882378 0.46106485 -0.85735577 0.22884473 0.39891595 -0.88797313 0.22884642 -0.39749888 -0.88860792 0.22885469 -0.39891413 -0.88797128 0.22886157 0.40034911 -0.88732356 0.22889009 -0.40202957 -0.88655603 0.22889172 0.39883527 -0.88799721 0.22890121 0.39734936 -0.88866067 0.22890764 -0.39644164 0.88906425 0.22891012 0.39593989 -0.88928723 0.22891697 -0.39591691 -0.88929576 0.22892487 0.40133315 -0.88686252 0.22892769 0.40088332 0.88706529 0.22893468 -0.39929065 0.8877815 0.22893761 -0.39649352 0.88903344 0.22895327 -0.39648888 0.88903159 0.22895789 -0.39845231 -0.888152 0.22895944 0.3965576 0.88899928 0.22896381 0.39279136 -0.89066857 0.22897048 0.46046931 0.85763657 0.2289761 -0.40093663 -0.88702869 0.22897856 0.40439546 -0.88545644 0.22897865 -0.4013024 -0.88686258 0.2289817 0.39899203 -0.88790351 0.22899084 0.3972404 0.8886863 0.22899354 0.40004316 0.88742751 0.22899565 0.39761701 -0.8885166 0.22900015 -0.40659648 -0.88444233 0.22900437 0.39874995 -0.88800645 0.22903308 -0.43376598 -0.8714304 0.22906715 -0.40485057 -0.88522559 0.22907288 -0.40049508 -0.8872031 0.22907998 0.40310037 -0.88602054 0.22908187 -0.38883913 -0.89237076 0.22908445 -0.40040296 -0.88724172 0.22908619 0.3966105 -0.88894296 0.22909546 0.39831653 -0.88817739 0.22909796 -0.39903605 -0.88785374 0.22910215 -0.40867275 -0.88345838 0.22910656 -0.38582215 0.89367294 0.22911154 0.39951983 -0.88763273 0.22911605 0.39886749 -0.88792491 0.2291224 -0.39755073 -0.88851362 0.22912562 -0.39985263 -0.88747925 0.22914514 -0.40116897 -0.8868798 0.22915497 0.39542776 -0.88945204 0.22917333 0.41519418 -0.88039386 0.22917472 0.39979148 -0.88749403 0.22918504 0.38421029 -0.89434707 0.22920088 0.39926371 -0.88772482 0.22920369 -0.3967233 -0.88886237 0.22920561 -0.40094194 -0.88696694 0.22920775 0.397111 -0.88868809 0.2292114 -0.39584446 -0.88925213 0.22921951 -0.38744846 -0.89294016 0.22923569 0.40634817 -0.88449538 0.22923702 0.41634175 -0.87983519 0.22923987 0.38990054 -0.89186692 0.22924991 0.39714375 0.88866258 0.22926518 -0.42375731 -0.87628031 0.22926977 0.38675079 -0.8932296 0.22927025 -0.40027717 -0.88725048 0.22927463 0.40020701 -0.88728094 0.22928256 0.39920405 -0.8877306 0.22928312 -0.39951399 -0.88759094 0.22930194 -0.40798107 -0.88372624 0.22932108 0.39825407 -0.88814723 0.22933185 -0.40025961 -0.88724238 0.22933505 -0.3986237 -0.88797778 0.22933523 -0.39459082 -0.88977712 0.22935516 -0.41574487 -0.88008648 0.22939853 -0.40106198 -0.88686275 0.22940303 -0.39108726 -0.89130521 0.22940977 0.41392142 -0.8809315 0.22941661 0.40356305 -0.88572282 0.22942188 0.39465481 -0.88972646 0.22942349 0.40037319 -0.88716745 0.22942714 -0.39935344 -0.88762611 0.22942799 0.40353203 0.88573396 0.229441 0.39752042 0.8884449 0.22944871 0.39904782 0.88775784 0.2294652 -0.39997485 -0.88733637 0.22946696 0.38781807 -0.89271623 0.22949345 -0.39917091 -0.88769108 0.22949693 -0.39948517 -0.88754863 0.22949792 -0.40119883 -0.88677508 0.2295101 0.40145779 -0.88665485 0.22951038 -0.4003709 -0.88714606 0.22951165 0.39629409 -0.88897431 0.22952475 0.40163314 -0.88657171 0.22952642 -0.39607576 -0.88906783 0.229532 -0.39905828 -0.88773161 0.22954005 0.39356431 -0.89017886 0.2295464 0.40142331 -0.88666099 0.22955945 0.39672011 -0.88877201 0.22956827 -0.41131085 -0.88211221 0.22957489 -0.39962173 -0.88746715 0.22957532 -0.39952776 -0.88750929 0.22958457 0.40094861 -0.88686591 0.22959064 -0.39715222 0.88857085 0.22959659 -0.40496194 -0.88503742 0.2296125 0.40008834 -0.88724709 0.2296135 -0.39836138 -0.88802356 0.22964697 -0.3988438 -0.88779837 0.22965603 -0.40087128 -0.88688231 0.22966458 -0.40007189 -0.88724101 0.22967292 -0.40022364 -0.88717031 0.22967358 0.40019435 -0.88718355 0.22967559 -0.38753876 -0.89278376 0.22967622 -0.39925924 -0.88760406 0.22970767 -0.39852992 -0.8879236 0.2297086 -0.39968565 -0.88740373 0.22971882 -0.39782399 0.88823724 0.22972727 0.39828706 -0.88802755 0.22972946 0.39045864 -0.89149672 0.22974667 0.40039262 -0.88707519 0.22975418 -0.39931923 -0.88755685 0.22976255 0.41125631 -0.88208699 0.2297664 0.39792046 -0.88818163 0.22976883 0.39414194 -0.88986415 0.22977622 0.4000788 -0.88720906 0.22977768 -0.40003109 -0.88723022 0.22978137 -0.39972666 -0.88736641 0.22978221 0.4009183 -0.88682848 0.22978286 -0.39565882 -0.88918722 0.2297902 0.40161946 -0.886509 0.22979376 -0.40064251 -0.88695008 0.22979814 -0.39624268 -0.88892323 0.22980121 0.39954117 -0.88744473 0.22980857 0.39500019 -0.88947332 0.22980945 0.4071638 -0.88397121 0.2298113 -0.39772856 0.88825607 0.22981313 -0.40083009 -0.88686031 0.22981498 -0.39804456 0.8881135 0.22981544 -0.39162993 -0.89096063 0.22982043 -0.41811943 -0.87883943 0.22982125 0.40045369 -0.88702822 0.22982191 0.40045279 -0.8870284 0.22982381 0.4004561 -0.88702643 0.22983183 0.39807966 0.88809347 0.22984022 0.39981729 -0.88731027 0.22984396 -0.39948031 -0.88746113 0.22985564 0.40192074 -0.88635558 0.22985846 -0.38898507 -0.89210743 0.2298604 -0.40149298 -0.88654822 0.22986057 -0.39985418 -0.88728851 0.22986387 0.39684552 -0.88863736 0.22986771 -0.4005326 -0.88698053 0.22987454 0.39866412 -0.88782012 0.22987501 0.39983439 -0.88729364 0.22987525 0.39806968 0.88808674 0.2298785 0.40125623 -0.88665056 0.2298792 0.70465791 -0.67127705 0.22988302 -0.39722079 -0.88846469 0.22988923 0.39297965 -0.89034706 0.22990344 -0.40255082 -0.88605708 0.22991091 -0.39698166 -0.88856429 0.22994441 0.39932591 -0.88750464 0.22994877 -0.40082201 -0.88682878 0.22996265 0.40253562 -0.88604873 0.2299713 -0.39521575 -0.88933551 0.22997153 -0.39610478 0.88893986 0.22997351 -0.40208659 -0.88624966 0.22997528 -0.39790052 0.88813663 0.22998215 -0.3987405 -0.88775796 0.22998926 -0.39954957 0.88739234 0.23000765 0.40106651 -0.88670295 0.23001388 0.39903855 -0.88761586 0.23001778 0.40224439 -0.88616663 0.23001838 -0.40012667 -0.88712472 0.23002639 0.39796421 -0.88809472 0.23003672 0.39862874 -0.88779402 0.23004468 0.39517835 0.88933313 0.23004501 -0.40013456 -0.88711423 0.23004524 -0.40084195 -0.88679475 0.23005056 0.39284357 -0.89036548 0.2300543 -0.39863485 -0.88778675 0.23005484 -0.40006804 -0.88714164 0.23005632 -0.40026456 -0.88705271 0.23007059 -0.40048391 -0.88695002 0.23008028 0.40026417 -0.88704664 0.23008594 -0.39983541 -0.8872385 0.23009048 -0.40005368 -0.8871389 0.23010673 -0.40094909 -0.88673043 0.23011431 -0.39381549 -0.88991946 0.23011605 0.40032285 -0.88701075 0.23011978 -0.40032533 -0.88700873 0.23012874 0.40040416 -0.88697088 0.23013254 0.40034875 -0.88699484 0.23013318 0.39974618 -0.8872664 0.23013647 0.40084729 -0.88676864 0.2301376 0.39921212 -0.88750577 0.23015179 0.40089986 -0.88674092 0.23016407 -0.3994419 -0.88739544 0.23016784 0.39970043 -0.88727808 0.23017296 -0.40921247 -0.88293004 0.23018937 0.39789546 -0.88808334 0.23019709 0.40037382 -0.88696682 0.23019826 -0.40080288 -0.88677275 0.23020019 0.39850947 0.88780522 0.23020497 -0.39887837 -0.88763827 0.23021074 0.39967567 -0.88727814 0.2302161 0.40089244 -0.88672757 0.2302198 0.3999157 -0.88716757 0.23022626 0.39793307 -0.88805693 0.23022969 -0.39976174 -0.88723439 0.2302326 -0.40046164 -0.88691795 0.23024023 -0.40108842 -0.88663268 0.23024267 0.39872462 -0.88769752 0.23024869 -0.40024617 -0.88701099 0.23025337 -0.40063658 -0.88683343 0.2302551 0.400529 -0.88688171 0.23025648 0.40057045 -0.88686258 0.23026323 -0.39988083 -0.88717198 0.23026431 -0.39981315 -0.88720214 0.23027518 -0.40074661 -0.88677812 0.23027959 -0.39832214 -0.8878687 0.23028938 0.40126875 -0.88653827 0.23029673 0.40986827 -0.88259357 0.23030387 0.39236242 -0.89051211 0.23030441 0.40053824 -0.88686478 0.23030604 -0.3997665 -0.88721246 0.23030928 -0.39963132 -0.88727254 0.23031004 0.40264863 -0.88590711 0.23031485 -0.39865297 -0.88771105 0.23031756 0.40039697 -0.88692504 0.23031972 0.39973962 -0.88722098 0.23032117 0.39904606 -0.88753277 0.23032287 0.40009299 -0.88706082 0.23032744 0.41516903 -0.88010454 0.23033164 0.40048376 -0.88688231 0.23033369 -0.39868966 0.88768977 0.23033611 -0.42246765 0.87662214 0.23034076 0.40497929 -0.88483602 0.23034117 0.40111023 -0.88659656 0.23034564 0.40026474 -0.88697737 0.23034573 0.40124249 -0.88653547 0.23035292 0.40031573 -0.88695264 0.23035519 0.39928895 -0.88741475 0.23036008 -0.39963219 -0.88725895 0.23036739 0.40037814 -0.88692069 0.23037769 -0.40373665 -0.88539428 0.23038603 0.39874899 -0.88764942 0.23038644 0.40044442 -0.88688576 0.23039168 0.40121004 -0.88653827 0.23039196 -0.39824238 -0.88787532 0.23039307 0.40371484 -0.88540018 0.23039468 0.40028819 -0.88695413 0.23040318 -0.39964759 -0.88724071 0.23040476 0.40050936 -0.88685167 0.23040603 0.40024 -0.8869729 0.23040842 -0.39814484 -0.88791472 0.23041013 0.40015349 -0.88701087 0.23041125 0.40019396 -0.88699251 0.23041171 -0.39963764 -0.88724297 0.23041192 -0.4001871 -0.88699526 0.2304146 0.40022185 -0.88697892 0.23041709 -0.40016094 -0.88700575 0.23042026 0.40025833 -0.88696098 0.23043075 0.39785653 -0.88803816 0.2304444 -0.39899081 0.88752568 0.23044845 -0.40053025 -0.88683087 0.23045295 -0.39963311 -0.88723427 0.23045394 -0.39842853 -0.88777566 0.230461 -0.39961314 -0.88724124 0.230463 -0.39228219 -0.89050633 0.23046485 -0.39262891 -0.89035308 0.2304672 0.40168586 -0.88630325 0.23046826 0.40021819 -0.88696665 0.23046987 0.4001399 -0.88700157 0.23047467 0.39938873 -0.88733876 0.23047544 -0.39987448 0.88711971 0.23047851 0.40377656 -0.88534981 0.23048559 -0.39736912 -0.88824219 0.23048677 0.39976522 -0.88716608 0.23048712 -0.40221882 -0.8860563 0.23049395 -0.40186191 -0.8862164 0.23050025 0.40090284 -0.88664901 0.23050219 -0.39976081 -0.887164 0.23050421 -0.40114549 -0.88653827 0.23050623 0.2902835 -0.92876393 0.23051551 -0.40230125 -0.88601154 0.23051606 0.39981931 -0.88713408 0.23051958 -0.40070269 -0.88673455 0.23052251 -0.39821741 -0.88785255 0.23052306 -0.39724192 -0.88828933 0.2305259 0.40412006 -0.88518071 0.23052745 0.39975259 -0.88716114 0.23052868 -0.40168431 -0.88628781 0.23053119 0.39931998 -0.88735503 0.2305315 0.3998487 -0.88711685 0.23053282 0.3999877 -0.88705385 0.23053317 0.39977372 -0.88715017 0.23053402 0.39998996 -0.88705248 0.23053472 0.40048987 -0.88682675 0.23054187 0.39931759 -0.88735336 0.23054862 0.40171906 -0.88626701 0.2305508 0.40026772 -0.88692278 0.23055372 0.39975661 -0.88715255 0.23055595 0.39956638 -0.88723767 0.23055632 -0.40204978 -0.88611495 0.23056482 0.39885736 -0.88755441 0.23056921 -0.39965612 -0.8871938 0.23057009 -0.41423073 -0.88048303 0.23057909 -0.40039894 -0.88685626 0.23058115 -0.40069148 -0.88672358 0.23058243 0.41028738 -0.88232422 0.23058625 -0.40153697 -0.88633972 0.2305876 0.41068441 -0.88213801 0.2305892 -0.39996043 -0.8870514 0.23059121 -0.40179327 -0.88622224 0.23059128 0.40038216 -0.88686055 0.23059639 0.3998414 -0.88710326 0.23060434 -0.40099925 -0.88657838 0.23060463 0.39997616 -0.88704044 0.23060493 0.40747193 -0.88362211 0.23061146 0.3997829 -0.88712567 0.23061289 0.39991313 -0.8870666 0.23061326 -0.40133545 -0.88642395 0.23061885 0.39877117 -0.88757908 0.23063007 0.40001124 -0.88701791 0.23063077 -0.38859031 -0.89208013 0.23063402 0.39893451 -0.8875016 0.23063613 -0.40031222 -0.88688058 0.2306371 -0.39805061 -0.88789773 0.23063836 0.39988267 -0.88707381 0.23064211 0.39991018 -0.88706034 0.23064286 0.399856 -0.8870846 0.23064339 0.40197051 -0.88612831 0.23064761 -0.39762378 -0.88808614 0.2306488 -0.40053827 -0.88677526 0.23065905 -0.39978623 -0.88711178 0.23066185 -0.40000358 -0.88701308 0.23066659 -0.39958578 -0.88720018 0.23066993 -0.39836329 -0.88774884 0.23067081 -0.39972681 -0.88713551 0.23067313 0.40149224 -0.8863374 0.23067395 0.40073213 -0.88668102 0.23067732 0.40022716 -0.88690829 0.23067799 -0.39834002 -0.88775724 0.23067929 0.4018088 -0.88619238 0.23068191 -0.40256196 -0.88584971 0.2306826 -0.39978063 -0.88710821 0.23068359 -0.39922008 -0.88736039 0.23068365 0.40023279 -0.88690406 0.23068957 -0.4000645 -0.88697839 0.230694 -0.39956096 0.88720423 0.23069449 -0.39994726 -0.88703007 0.23069544 0.3996262 0.88717443 0.2307049 0.40378445 -0.88528717 0.23071036 0.39956862 -0.88719648 0.23071095 -0.39997506 -0.8870132 0.23071322 -0.39977488 -0.88710284 0.23071398 0.39997491 -0.88701254 0.23071471 0.39989302 -0.8870492 0.23071706 0.39830506 -0.88776273 0.23071893 -0.40016061 -0.88692737 0.2307221 0.39992151 -0.88703442 0.23072495 -0.39968625 0.8871398 0.2307319 0.39913139 -0.88738769 0.23073211 0.39960641 0.88717377 0.23073441 0.39767864 -0.88803899 0.2307348 -0.40095484 -0.88656449 0.23073675 0.39994717 -0.8870191 0.23073997 -0.40164438 -0.88625103 0.23074064 -0.40163982 -0.88625288 0.23074085 -0.39982453 -0.88707322 0.23074088 -0.39965847 0.88714808 0.23074102 -0.40395024 -0.88520211 0.23074228 0.40365016 -0.8853386 0.23074558 0.39898828 -0.88744849 0.23074657 -0.39167887 0.89069831 0.2307474 -0.40742463 0.88360673 0.23074843 0.39970824 0.8871237 0.23074892 0.40011525 -0.88694006 0.2307505 0.39981306 -0.8870759 0.2307591 -0.39994425 -0.88701457 0.2307609 -0.39900032 -0.88743907 0.2307626 0.39948291 -0.88722146 0.23076355 -0.40049106 -0.88676661 0.23076411 0.399645 0.88714808 0.23076521 -0.42444581 -0.87555295 0.23076533 -0.39961284 0.88716227 0.23076856 -0.39995626 -0.88700664 0.23076923 0.40027645 -0.8868621 0.23077299 -0.39726901 -0.88821226 0.23077568 -0.39968985 0.8871249 0.23078044 0.39916578 -0.88735968 0.23078746 -0.40004605 -0.88696134 0.23078847 0.39995283 -0.887003 0.23079148 0.39920688 -0.88733828 0.23079674 0.40111199 -0.88647741 0.23080029 0.40188885 -0.88612443 0.23080133 -0.39999628 -0.88698012 0.23081243 -0.39983192 -0.88705134 0.23081243 0.40008992 -0.88693506 0.23081976 0.39997843 -0.88698322 0.23082133 -0.40264365 -0.88577622 0.230823 0.39996648 -0.88698786 0.23082562 0.39992672 -0.88700509 0.23082666 0.39486983 -0.88926768 0.23082674 0.39955842 -0.88717079 0.23082727 -0.40125415 -0.88640505 0.2308284 0.40050286 -0.88674444 0.23083106 -0.40001181 -0.88696533 0.23083688 0.39989069 -0.8870185 0.23083988 0.40185273 -0.88613057 0.2308466 0.41377598 0.88062435 0.23084703 -0.40637776 -0.88406271 0.23084949 -0.39872164 -0.88754123 0.23085263 0.40197623 -0.88607115 0.23085442 -0.39997381 -0.88697648 0.23085536 0.40100214 -0.88651174 0.23085634 0.39999494 -0.88696635 0.23085921 -0.39984456 -0.88703346 0.23086043 0.39932615 -0.88726664 0.23086222 0.3997767 -0.88706326 0.23086335 0.40009263 -0.88692057 0.23086369 0.39503777 -0.88918334 0.23086393 -0.40024945 -0.8868497 0.23086861 0.39438927 0.88946998 0.23087554 0.40009567 -0.88691604 0.23088364 0.39999896 0.88695741 0.23088425 0.39810717 -0.88780802 0.23088482 0.39994866 -0.88697988 0.23089191 -0.39979026 -0.88704944 0.23089406 -0.39991555 -0.88699239 0.23089516 0.40444145 0.88493752 0.23090291 0.39939964 -0.88722241 0.23090337 -0.39945263 -0.88719857 0.23090389 0.399901 -0.88699639 0.23090439 -0.39967284 -0.88709921 0.23090488 -0.40001243 -0.88694596 0.23090561 0.39980355 -0.88703984 0.23090631 -0.39983314 -0.88702631 0.23090951 -0.40048429 -0.88673174 0.23091237 0.39977971 -0.88704878 0.23091404 0.40005711 -0.88692343 0.23091705 -0.39990017 -0.88699335 0.23091714 -0.39968979 -0.88708818 0.23092259 -0.39957675 -0.88713759 0.23092473 -0.39944395 -0.8871969 0.23092794 0.39944294 -0.88719654 0.23092927 -0.40173957 -0.88615865 0.23093095 -0.39980936 -0.88703066 0.23093373 -0.40016526 -0.88686943 0.23093753 -0.39970958 -0.88707387 0.23094274 0.39742738 -0.88809747 0.23094322 -0.40280163 -0.88567269 0.23094647 0.39999408 0.88694334 0.23094845 0.39914802 -0.88732386 0.23095021 0.40010151 -0.88689387 0.23095037 0.39870587 -0.88752222 0.23095292 0.40043139 -0.88674426 0.23095942 0.40115643 -0.88641489 0.2309614 -0.39944166 -0.88718832 0.23096173 -0.39955431 -0.88713765 0.23096217 0.39956373 -0.88713318 0.23096327 0.39986539 -0.88699698 0.23096588 0.3992613 -0.88726842 0.23096757 -0.39999372 -0.88693804 0.23096898 0.39997315 -0.88694686 0.23096904 0.39951402 -0.8871538 0.23096922 -0.39998585 -0.88694108 0.23097169 -0.39987147 -0.88699204 0.23097639 0.39962187 -0.88710326 0.23097797 -0.39985338 -0.88699853 0.23097987 0.39953277 -0.8871426 0.23098087 0.39928722 -0.88725281 0.23098376 -0.40001297 -0.88692516 0.23099077 0.39894447 -0.88740444 0.2309908 0.39939058 -0.88720369 0.23099625 -0.40119234 -0.88638896 0.23099802 -0.39472401 -0.88928783 0.23100246 -0.40448973 -0.8848874 0.23100275 -0.40492848 -0.88468677 0.23100618 0.40042809 -0.88673192 0.23100983 0.40023851 -0.88681656 0.23101094 -0.39704067 -0.8882525 0.23101299 -0.39073479 0.8910439 0.23101924 0.40007785 0.8868866 0.23102032 0.40164748 -0.88617659 0.23102343 -0.40081608 -0.88655216 0.23102662 -0.39984152 -0.8869912 0.2310292 -0.39861247 -0.88754356 0.23103023 0.39939243 -0.88719255 0.2310316 0.39987671 -0.8869741 0.23103653 0.40199247 -0.88601595 0.23104486 0.39970985 -0.8870458 0.23105216 -0.40015024 -0.88684529 0.23106031 0.40445158 -0.88488978 0.23106049 -0.40126282 -0.88634038 0.2310631 0.39947248 -0.88714802 0.23106755 -0.39968508 -0.88705111 0.23106782 -0.39997011 -0.88692254 0.23107132 0.39984259 -0.8869791 0.23107141 0.39966768 -0.8870579 0.23107424 -0.41104048 0.88184482 0.2310802 0.3995133 -0.88712513 0.23108511 0.40118611 -0.88636863 0.23108724 0.39999044 -0.88690829 0.23109309 0.40009889 -0.88685781 0.23109575 -0.39980975 -0.88698757 0.23109835 -0.32144699 -0.91829485 0.23110269 -0.39941913 -0.88716173 0.23110524 0.40107125 -0.88641542 0.23111519 0.40021062 -0.88680172 0.23111843 0.40521637 -0.88452476 0.23112151 0.39957285 -0.88708758 0.23112211 0.4000788 -0.88685936 0.23113129 -0.40136179 -0.88627714 0.23113352 0.40025517 -0.88677675 0.23113938 -0.3992033 -0.88724935 0.23113942 -0.40001628 -0.88688302 0.23114 -0.40041637 0.88670242 0.23114271 0.3998147 -0.88697308 0.23115832 -0.39745533 -0.88802874 0.23115911 -0.39941782 -0.88714767 0.23117471 -0.39710444 -0.88818157 0.23118012 -0.3991541 0.88726074 0.23118083 -0.40030083 -0.8867439 0.23118505 -0.39988762 -0.88692921 0.23118548 -0.39991519 -0.88691658 0.23118635 0.39753544 -0.88798559 0.23119856 0.40165776 -0.88612545 0.23120448 -0.40459469 -0.88478678 0.23121257 -0.39995766 -0.88689041 0.23122196 0.40393731 -0.88508254 0.23123156 0.39772084 -0.88789082 0.23123562 -0.40136275 -0.88624942 0.23123592 -0.40006432 -0.88683629 0.23123628 0.40020254 -0.88677377 0.23124363 -0.39673996 -0.88832647 0.23124607 0.4000169 -0.88685495 0.23124991 -0.39960718 -0.88703871 0.23125783 -0.40789777 -0.88325489 0.23126003 0.39917275 -0.88723165 0.23126332 -0.3993881 -0.88713378 0.23127045 0.39977968 -0.88695556 0.23127286 0.39940953 -0.88712162 0.23127532 0.39769205 -0.88789237 0.23127641 -0.39821017 -0.88765979 0.23128562 -0.39715916 -0.88812816 0.23128885 -0.40006828 -0.88682073 0.23129331 -0.40400708 -0.885032 0.23129463 -0.39395455 -0.88955194 0.23129615 -0.40088391 -0.88645041 0.23129791 0.39944875 -0.88709748 0.23129794 -0.40086162 -0.88645995 0.23130687 -0.40594333 -0.88414198 0.23130791 -0.38850245 -0.89194322 0.23130815 0.39983875 -0.88691908 0.23130819 -0.40406969 -0.88499951 0.23131348 0.40004244 -0.88682586 0.23131686 -0.40246913 -0.88572633 0.23132099 -0.40813056 -0.88313085 0.23132156 0.4001241 -0.88678694 0.23133512 -0.39598572 -0.88863903 0.23134334 0.39887759 -0.88734257 0.23136164 -0.3999292 -0.88686436 0.23136432 0.39959547 -0.88701409 0.23137006 -0.40020767 -0.88673651 0.23137482 -0.39932373 -0.88713378 0.23138034 -0.387512 -0.89235502 0.23138294 0.4027915 -0.88556248 0.23138566 0.3998796 -0.88688046 0.23140229 0.39405894 -0.88947761 0.23141985 0.40005222 -0.88679373 0.23142143 -0.40305966 -0.88543034 0.23142393 0.40004021 -0.88679802 0.2314246 -0.39991423 -0.88685471 0.23142681 -0.40172815 -0.88603395 0.23143218 -0.40212449 -0.88585269 0.23143762 0.40129927 -0.8862254 0.2314429 0.39947236 -0.88704908 0.23144373 -0.40090954 -0.88640022 0.23144384 -0.40183946 -0.88597906 0.23145054 0.40042153 -0.88661903 0.2314588 -0.39963204 -0.8869729 0.23145886 -0.39994407 -0.88683236 0.23146778 -0.3946197 -0.88921195 0.23146944 -0.39967453 -0.88695103 0.23147731 -0.39962438 -0.88697153 0.23147894 -0.40134993 0.88619173 0.23148158 -0.40040058 -0.88662034 0.23149124 -0.39977276 -0.88690114 0.23150018 -0.40089822 -0.88639057 0.23150061 -0.39973044 -0.88691771 0.23152383 -0.39947996 -0.88702458 0.23153199 0.40055141 -0.88653904 0.23153426 0.3980822 -0.88765001 0.23153569 0.39966142 -0.8869397 0.23153992 -0.40640423 -0.88386929 0.23154293 -0.40318576 -0.88534123 0.23154411 0.400509 -0.88655508 0.23154435 0.40048367 -0.8865664 0.2315603 -0.39768213 -0.88782245 0.2315686 -0.39995575 -0.88679838 0.23157419 0.40039602 -0.88659823 0.23158288 -0.40352121 -0.88517803 0.23160735 0.40092579 0.88635015 0.23161502 -0.40108839 0.88627464 0.23161618 -0.40102148 -0.88630462 0.23162101 -0.38601041 -0.89294326 0.2316253 -0.40261239 -0.88558054 0.23163211 0.40288895 -0.88545305 0.2316359 0.40345871 -0.88519257 0.23163669 -0.40273073 -0.88552386 0.23163953 -0.3679426 0.90053397 0.2316428 -0.40141645 -0.88611883 0.23165266 -0.39754862 -0.88785815 0.23165385 0.40012038 -0.88670182 0.23165436 -0.41113555 -0.88164836 0.23166673 -0.40005517 -0.88672793 0.23166998 -0.39880702 -0.88728905 0.23167141 0.39844698 -0.88745046 0.23168451 -0.3998422 -0.88681936 0.23168679 0.40090764 -0.88633752 0.23169617 0.39508107 -0.88894761 0.23170371 0.39790088 -0.88768703 0.23170628 -0.40046555 -0.88653231 0.2317066 0.39909247 -0.88715124 0.23170835 -0.40128556 0.88616085 0.23170905 -0.3981306 -0.88758266 0.23172002 -0.39955133 -0.88694108 0.23172092 -0.40075469 -0.88639778 0.23172891 -0.39914143 -0.88712335 0.23173353 -0.39958042 -0.88692456 0.23174392 -0.40018192 -0.8866505 0.23175161 0.3982293 -0.88752729 0.23175499 -0.39310601 -0.8898074 0.23176247 -0.4013623 0.88611197 0.23176852 0.39352512 -0.88961864 0.23177361 -0.40333176 -0.88521433 0.23179416 -0.41021439 -0.88204056 0.23180972 -0.40982518 -0.88221735 0.23181042 -0.38569665 -0.89302975 0.23181067 0.39160475 -0.89045471 0.23181862 0.40026164 -0.88659507 0.23182188 -0.40171999 -0.88593441 0.23182353 -0.40058821 -0.8864463 0.23183288 0.39535138 -0.88879174 0.23183386 0.40086895 -0.88631666 0.23183928 -0.39931446 -0.88701659 0.23183942 0.39899185 -0.88716173 0.23184101 -0.39961231 -0.88688201 0.23184493 -0.41069844 -0.88180196 0.23184593 0.4043068 -0.88475043 0.23184828 0.39151734 -0.89048338 0.23185709 -0.40149179 0.88602865 0.23185804 0.39815295 -0.88753372 0.23187095 0.40480074 -0.88451809 0.23188139 0.400069 -0.88666558 0.23188789 0.41520619 -0.879677 0.23188812 0.39347178 -0.88961112 0.2318939 -0.40419558 -0.88478881 0.23189458 0.3979795 -0.88760191 0.23189728 0.38947424 -0.89136606 0.23190506 -0.40125233 -0.88612443 0.23190996 -0.39998156 -0.88669759 0.23191242 -0.37282404 -0.89845359 0.23192035 0.39425087 -0.88925767 0.23192267 0.4027029 -0.88546163 0.23192786 -0.40010849 -0.88663554 0.23192944 0.39930254 -0.88699841 0.23193233 -0.39991593 -0.88672125 0.23193817 0.40291619 -0.88536048 0.23197651 0.39998376 -0.88667911 0.23197766 -0.39948827 -0.88690215 0.23198481 -0.39585033 -0.88853002 0.23199975 -0.4015744 -0.88595378 0.23199998 -0.39976317 -0.88677251 0.23200572 -0.39982614 -0.88674259 0.23201084 -0.39249018 -0.89001268 0.23202984 -0.39710423 -0.88795859 0.23203693 0.39598915 0.88845456 0.23204152 -0.40361589 -0.88501459 0.23206785 0.40142244 -0.88600481 0.23206945 -0.39811093 -0.88749719 0.23207285 -0.39897373 -0.88710892 0.23207743 0.4143914 -0.88001126 0.23208259 0.40191504 -0.88577771 0.23209642 0.4013657 -0.88602298 0.23209833 0.41382265 -0.8802734 0.23210524 0.40015507 -0.88656807 0.23215358 0.39933726 -0.88692415 0.23216988 -0.38910589 -0.89145595 0.23218888 0.4163996 -0.87903327 0.23219615 0.39848438 -0.8872965 0.23220286 0.40212995 0.88564849 0.23220803 -0.39108261 -0.89058065 0.23221295 -0.40010554 -0.88656223 0.23221487 -0.40151513 -0.88592422 0.23221891 0.40003356 -0.88659316 0.23222421 -0.40108654 -0.88611597 0.23222877 0.40402457 0.88477904 0.23223053 -0.4021228 -0.8856445 0.23223732 -0.40107059 -0.88611978 0.23224571 0.40172252 -0.88582218 0.23224747 -0.39729068 -0.88781828 0.23225655 0.39856839 -0.88724297 0.23225732 -0.40117723 -0.8860662 0.2322589 0.39746931 -0.88773531 0.23226489 -0.40229878 0.88555562 0.23226665 -0.41104925 -0.88152754 0.23229375 -0.40748295 -0.88317454 0.23229519 0.40665108 -0.88355738 0.23229937 -0.39532253 -0.88868272 0.23230055 0.40242544 -0.88548875 0.23230156 -0.39903858 -0.88701987 0.23231998 0.39923075 -0.88692862 0.23232004 -0.40142021 -0.88593972 0.23233986 -0.4079814 -0.88293236 0.23236519 0.42245486 -0.87609267 0.23237057 0.39849368 -0.88724673 0.23237978 0.39803067 -0.88745213 0.23238362 -0.39893064 -0.88704687 0.23239119 -0.39928073 -0.88688737 0.23240057 -0.40621603 -0.88372988 0.23240647 0.40290388 -0.8852433 0.23240891 -0.39952791 -0.8867715 0.23242773 -0.35790825 -0.90436667 0.23243056 -0.41733706 -0.87852472 0.23243392 -0.39822221 -0.88735193 0.23243798 0.40198004 -0.88565493 0.23244359 0.39971507 -0.88667786 0.23244523 0.38868845 -0.89156634 0.23246782 0.3859593 -0.89274526 0.23247358 -0.3981269 0.88738441 0.23248054 -0.40268835 -0.88532192 0.23248303 -0.39764091 -0.88759983 0.23250918 -0.39905986 -0.88695586 0.23251632 -0.40278143 -0.88527018 0.23251674 -0.40062687 -0.88624716 0.23251684 -0.40278214 -0.8852697 0.23252803 0.40014899 -0.88646013 0.23253298 -0.39884409 -0.88704669 0.23253632 0.39816776 0.88734967 0.23253831 -0.39919621 -0.88688689 0.23254111 -0.40118089 -0.88599014 0.2325504 -0.39929223 -0.88684052 0.23255132 0.39904028 0.88695371 0.23256303 -0.40038934 -0.88634235 0.23256679 -0.3992449 -0.88685757 0.23259184 0.40865597 -0.88255394 0.2325979 0.40223178 -0.88549864 0.232622 -0.40288582 -0.88519496 0.23262265 -0.40323356 0.88503641 0.23262632 -0.400635 -0.88621473 0.23263897 0.39985421 -0.88656402 0.23265524 -0.40310496 -0.88508642 0.23268826 -0.40015116 -0.88641709 0.23269193 0.39621681 -0.88818163 0.2326974 -0.39832032 -0.88723892 0.23271483 0.39962354 -0.88664818 0.23271871 0.39965698 -0.88663197 0.23272842 0.38183406 -0.89444971 0.23273064 0.3991597 -0.8868528 0.23274092 -0.39954403 -0.88667709 0.23276295 0.3997184 -0.88659275 0.23276703 -0.41292319 -0.88051909 0.23276775 0.39986378 -0.88652587 0.23278132 -0.40608093 -0.88369173 0.23278984 0.39075774 0.89057142 0.23280413 -0.40437785 -0.88446641 0.23283584 0.40279302 -0.88518095 0.23283759 0.39906132 -0.88686907 0.23285025 0.39797011 -0.88735592 0.2328514 0.39960933 -0.88661855 0.23291242 -0.40612823 -0.88363546 0.23291259 -0.40362975 -0.88477957 0.23294027 -0.39906561 -0.88684016 0.23294571 -0.39927816 -0.88674313 0.23295492 -0.40139249 -0.88578552 0.23295526 -0.40069681 -0.88610035 0.2329679 -0.40336722 0.88488472 0.23297207 -0.38336292 -0.89373195 0.23298375 -0.39635029 -0.88804561 0.23298506 -0.40365922 -0.88474691 0.23299628 0.42202437 0.87613243 0.23300038 -0.40367103 0.88473755 0.23300059 -0.39908302 -0.88681656 0.23300135 -0.40120763 -0.88585705 0.23302341 0.40365791 0.88473755 0.23302616 -0.39969847 -0.88653266 0.23304352 -0.38890788 -0.89131439 0.23304425 -0.39193642 0.88998663 0.23305717 -0.40140727 -0.88575202 0.23306227 -0.39986831 -0.88644648 0.23306502 0.39961529 -0.88655984 0.23309453 0.4009226 -0.88596159 0.23310788 0.40362856 0.88472855 0.23311697 -0.40079325 -0.88601416 0.23312654 0.40421975 -0.88445383 0.23313716 0.40498534 -0.88410068 0.23322736 0.40601408 0.88360494 0.23323511 0.39756441 -0.88743663 0.23323709 -0.40005144 -0.88631785 0.23323783 0.39970601 -0.88647354 0.23324844 0.40047106 -0.88612533 0.23324977 -0.39924419 -0.88667834 0.23329508 -0.40552899 -0.88380969 0.23330027 0.40359601 -0.88469273 0.23332627 -0.40452799 -0.88426012 0.23335649 -0.39908966 -0.88671994 0.23336411 0.40218276 -0.88531929 0.23336785 -0.4149026 -0.87942904 0.23337403 -0.39981139 -0.88639015 0.23338597 0.39883158 -0.88682824 0.23338847 0.40162146 -0.88556767 0.23339197 0.3982614 -0.88708287 0.2334424 -0.3994492 -0.88653547 0.23345199 0.41212448 -0.88071197 0.23346271 -0.42226756 0.87589121 0.23347168 -0.39237273 -0.88968235 0.233546 -0.40876734 -0.88225025 0.23355795 0.40053815 -0.88601345 0.23356566 -0.41762635 0.87808621 0.23357128 0.39767903 0.88729692 0.23360282 0.40578911 -0.883609 0.23360577 -0.40192935 -0.88537073 0.23361003 -0.4186247 -0.87759876 0.23361194 -0.4010393 -0.88577247 0.23362136 0.40257281 0.88507414 0.23365071 -0.39838049 -0.88696128 0.23366787 0.40568423 -0.88363993 0.23369455 -0.40399429 -0.88440681 0.23371941 -0.40785015 -0.88262874 0.23373766 0.4040378 -0.88437563 0.2337438 0.40355012 0.88459653 0.23375466 0.40416536 -0.88431275 0.2337577 0.40362889 -0.88455701 0.23380619 -0.40495393 0.88393831 0.23381031 -0.40577006 -0.88356292 0.23383303 0.402693 -0.88496357 0.2338458 0.40570518 -0.88358331 0.23384866 0.40449497 -0.88413721 0.23384903 -0.40282086 -0.88490117 0.23385948 0.39697284 -0.88753718 0.23386207 0.3944892 -0.88864321 0.23386751 0.41508925 -0.87920815 0.23388638 0.40999785 0.88158882 0.23388933 0.40582192 -0.88351816 0.23390101 0.40310845 -0.88475639 0.2339348 -0.40879032 -0.88213658 0.23394568 -0.38418117 0.89312613 0.2339503 -0.40308285 -0.88475513 0.23395756 -0.39707166 -0.88746715 0.23396039 0.37814438 -0.89569485 0.23397642 -0.40151739 -0.8854596 0.23398633 -0.40134928 -0.88553321 0.23399538 0.40414509 -0.88425845 0.23399721 -0.38196957 -0.89406067 0.23400459 -0.36187378 -0.90237969 0.23400861 -0.39822257 -0.8869378 0.23403065 -0.39841607 -0.88684523 0.23410006 -0.39908209 -0.88652724 0.23411269 0.41344011 0.87991965 0.23413406 0.08064482 -0.96885377 0.23413523 0.39681515 0.88753504 0.23415112 -0.39236426 -0.88950747 0.23421934 -0.40659565 -0.88307494 0.23422457 0.39760712 -0.88715696 0.23424427 -0.4019886 -0.88517493 0.23426633 -0.40576375 0.88344496 0.23426813 -0.40106311 -0.88558841 0.23429194 -0.39008835 -0.89047086 0.23431122 0.4060629 0.88329566 0.23435704 -0.40600371 -0.88331068 0.23440804 0.40406898 -0.88418388 0.23441109 -0.4224599 0.87554491 0.23442169 0.39771852 -0.88705498 0.23442459 0.39630952 -0.88768452 0.23443604 0.3969315 -0.88740355 0.23443906 -0.4074187 -0.8826372 0.23450036 0.39145556 0.88981575 0.23454598 -0.40618435 0.88317758 0.23460814 0.40460622 -0.88388497 0.23463961 0.39840901 0.88668728 0.2346615 -0.40803656 -0.88229263 0.23472191 -0.40226328 -0.88492364 0.2347416 0.4065502 0.88295716 0.23474307 -0.39892787 -0.88642675 0.23476081 0.39805722 0.88681334 0.23476602 -0.36149696 0.90233308 0.23480338 -0.39492294 -0.88820219 0.23484194 0.40855041 -0.88200676 0.23484787 -0.39606532 0.88768172 0.23485628 -0.40295666 0.88457251 0.23485745 -0.40690982 0.88276064 0.23486932 -0.40026543 -0.88579005 0.23489724 0.39713135 -0.88719219 0.23490588 0.39904246 -0.88633198 0.23490934 0.3929705 0.88903975 0.23493032 0.39828223 -0.88666725 0.23503241 -0.406048 0.88311082 0.23506473 -0.39650929 0.88742602 0.23507963 -0.37857336 0.89522058 0.23508197 -0.40636647 -0.88295114 0.23512907 0.40420502 -0.88393021 0.23514861 0.40485379 -0.88362795 0.23515896 0.41165203 -0.8804788 0.23516288 0.39631951 -0.88748485 0.23523191 0.40683311 -0.88269633 0.23527245 -0.40825066 -0.88203079 0.23528211 -0.40747547 0.88238662 0.23528381 0.40671328 -0.88273758 0.2352841 0.40941525 0.88148761 0.23531128 -0.40742749 0.88240099 0.23531936 -0.42456636 -0.87428147 0.2353902 -0.40176329 -0.88497335 0.23541519 0.40798101 0.88211745 0.23543407 -0.40793756 0.88213247 0.23543556 0.39790782 -0.88670146 0.23544297 0.41487879 -0.87888688 0.23544466 -0.39823732 -0.88655108 0.23548962 0.40540567 -0.88328415 0.23553596 -0.3993063 -0.88604587 0.23558336 0.40371105 -0.88403499 0.23559241 -0.4029969 -0.88435841 0.23560421 -0.40328822 -0.88422233 0.23564747 -0.3584305 -0.90332603 0.23565686 -0.40664357 -0.88267034 0.23568645 -0.40083584 -0.88531488 0.23573293 0.40279841 -0.88441128 0.23578963 0.39790681 0.88660783 0.23588996 -0.40077966 -0.88528621 0.23593484 0.40869316 -0.8816489 0.23593806 -0.41070458 0.88071275 0.2359426 0.39910048 -0.88603038 0.23596117 -0.39768696 -0.88666081 0.23596695 -0.40917075 -0.88141859 0.23599163 -0.41060242 -0.88074601 0.2360521 0.3521041 0.90570521 0.23607633 0.41193271 -0.88010192 0.23625645 -0.39543191 0.88759023 0.23626474 -0.40221441 -0.88453519 0.2362967 -0.37875208 0.89482433 0.23630242 -0.38729817 -0.89115727 0.23633558 0.44362435 0.86449003 0.23635648 -0.40749738 -0.88208932 0.23637411 0.37924135 0.89459682 0.2363748 0.39005011 0.88993704 0.23637509 0.40394309 -0.8837176 0.23641713 -0.40398768 -0.88368595 0.23648214 0.40322134 -0.8840186 0.23649989 -0.39869446 -0.88606465 0.23652412 -0.40549523 -0.88296658 0.23654327 -0.39550605 0.8874808 0.236615 -0.38878343 0.89042735 0.23663445 -0.41220772 0.87982321 0.2366554 -0.40104032 -0.88496387 0.23667672 0.40268877 -0.88420916 0.23669548 -0.40945059 -0.88109332 0.23669793 0.41064441 -0.88053691 0.23671858 0.39442441 -0.88791537 0.23678201 -0.39700836 -0.88674611 0.23681191 -0.40971336 -0.8809399 0.23681283 0.41384479 0.87900633 0.23681988 0.38072008 -0.89385039 0.23683497 0.38969225 -0.88997149 0.23684928 -0.40673193 0.88231033 0.23689476 -0.419833 0.87613988 0.23690204 -0.39489159 0.88765872 0.23693387 0.40620866 -0.88252872 0.23693453 0.41230687 -0.87969607 0.2369519 0.37965861 0.89426684 0.23699468 0.41048297 0.88053244 0.23699993 -0.4105944 0.88047892 0.23707847 -0.40212929 -0.8843562 0.23708411 -0.39316776 0.88837504 0.2371204 0.40106687 -0.8848272 0.23712489 0.47032765 -0.85003746 0.23716506 -0.40387705 -0.88353616 0.23717943 0.40888602 0.88122541 0.23718134 -0.40496558 -0.88303334 0.23720452 -0.26049966 -0.93588132 0.23727098 0.39654806 0.88682133 0.23740949 -0.38971955 0.88980633 0.23742516 0.40934521 0.88094598 0.23748806 0.37730807 0.89511907 0.23754127 0.38011777 -0.8939153 0.23759688 -0.40318003 -0.8837384 0.23761636 0.32705715 -0.91464317 0.2377024 0.37510794 0.89598632 0.23783235 -0.40028557 -0.88498992 0.23784421 -0.39465126 0.88751364 0.23786268 0.40188071 -0.88425863 0.23791057 -0.40912428 -0.88091767 0.23791377 0.40911177 -0.88092262 0.23808575 -0.39201814 -0.88861513 0.2380973 0.41693854 -0.87719554 0.23811233 -0.40232426 -0.88398969 0.23812208 -0.40504226 -0.88274485 0.23817769 0.39946333 -0.88526851 0.23820399 0.42439795 0.87358183 0.2382064 0.40008271 -0.8849811 0.23821409 0.40670219 -0.88195658 0.23827404 -0.40019181 -0.88491356 0.23840296 0.39098942 -0.88898325 0.23841853 -0.39607906 -0.88672316 0.23843513 0.41318247 0.87887937 0.2384408 -0.40158451 -0.88423753 0.23845865 -0.39776602 -0.88595682 0.23845984 -0.41965023 -0.87580281 0.23854688 -0.40309039 -0.88352329 0.23854825 0.41808346 -0.87652779 0.23857775 -0.40572309 -0.88230914 0.23863199 -0.40137151 0.88428259 0.23866405 0.40134996 -0.88428378 0.23873615 -0.39090222 0.88893217 0.23876891 0.37688771 0.89495534 0.23882028 0.39987198 -0.88491082 0.23882888 -0.41410175 0.87833959 0.23885833 -0.40625978 -0.88198632 0.23890127 -0.38756737 -0.89034694 0.23892631 -0.41165516 -0.87946248 0.23894162 -0.37311038 0.89649063 0.23913305 0.41466206 -0.87799257 0.23916392 0.4065679 -0.88176137 0.23917431 -0.41807503 0.87636113 0.23917504 -0.36667138 0.89908147 0.23923425 -0.39326388 -0.88775593 0.23924051 0.41207549 -0.87918013 0.23933503 -0.4176192 -0.87653458 0.23933984 -0.4057261 -0.88210124 0.23941272 -0.3947635 -0.88704181 0.23944557 0.41304979 -0.878667 0.23949872 0.40811986 -0.88095325 0.23951165 0.40462574 -0.88255996 0.2395642 -0.4019492 -0.88376796 0.23958792 -0.39383242 0.88740832 0.23963095 0.40445721 -0.88260484 0.23970446 0.41278204 -0.87872225 0.23977409 -0.40337333 -0.88306189 0.23980907 0.40314591 0.88315624 0.23991898 0.38664025 0.89047635 0.23991901 -0.39545903 -0.88659519 0.24001785 0.3966867 0.88601977 0.24002631 0.39847812 -0.88521338 0.24005018 -0.37495086 0.89542598 0.24007842 -0.41919455 0.87557876 0.24024749 0.39682856 0.885894 0.24030024 -0.40109754 -0.88395506 0.24036364 -0.39407119 0.88709259 0.24044527 0.39701894 0.88575506 0.24049588 -0.38905948 -0.88926625 0.24051589 -0.39273605 -0.88764322 0.24054854 0.41372758 0.87804657 0.24055174 -0.39658856 -0.88591897 0.24074177 0.38170776 0.8923803 0.24087332 0.39641261 0.88591039 0.24090117 0.4081966 -0.88053519 0.2409856 0.4151127 -0.87727267 0.24109061 0.39578933 -0.88612986 0.24113038 0.40065292 0.88393068 0.24114022 0.39139044 -0.88806808 0.24119243 -0.41131249 0.87900418 0.24122706 0.40691423 -0.88103938 0.24124746 -0.40097657 -0.88375193 0.24133173 -0.39462835 0.88658184 0.24133886 0.40540594 -0.88170385 0.24137975 0.41927406 -0.87518287 0.24138637 0.39577147 -0.88605726 0.24138963 -0.4236263 0.87308174 0.24145022 -0.41084614 -0.8791514 0.2414774 0.37655324 -0.8943693 0.24157839 -0.41824025 0.87562251 0.24162871 -0.39199105 -0.88767034 0.24174896 -0.39769885 -0.88509488 0.24182767 -0.3940613 0.88669902 0.24184838 -0.37106791 -0.89655894 0.24198139 -0.42527112 0.87211782 0.24204412 -0.3947182 -0.88634759 0.24205287 -0.37196261 -0.89613289 0.24208705 0.41960087 0.87483078 0.24225707 -0.42487308 0.8722353 0.24231645 -0.39191175 0.88751787 0.2423441 -0.37708405 -0.893911 0.24255249 0.36969736 0.89693481 0.24263148 0.36543328 0.89865923 0.24264652 0.39255998 -0.88714117 0.24272434 0.39155516 -0.88756377 0.24275123 0.40604264 -0.88102281 0.24276273 -0.37071216 -0.89645898 0.24277844 -0.39343506 -0.8867172 0.2428768 0.40135902 -0.88313186 0.24292757 0.38047424 0.89231467 0.24299306 -0.43901658 -0.86499643 0.24306794 0.39053351 0.88791972 0.24314344 0.42071113 0.87400413 0.24315804 -0.38990691 -0.88817042 0.24317797 -0.39684734 -0.88508564 0.24318916 -0.38136691 -0.89186233 0.24321991 -0.42134658 0.87367684 0.24337217 0.42168742 0.87346995 0.24338844 0.42358536 -0.87254661 0.24344169 0.37241477 -0.89556885 0.24349976 -0.41312289 -0.87751782 0.24355088 0.43492621 -0.86690378 0.24361525 0.38213515 -0.89141703 0.24373305 0.42208788 0.87317586 0.24379385 -0.40272236 -0.88225806 0.24391666 -0.3885982 0.88853604 0.24392673 0.39446577 -0.88594383 0.24399206 0.3789098 0.89268988 0.24399845 -0.39085203 0.88752425 0.24402735 -0.3892495 0.88822037 0.24421431 0.36646959 -0.89780813 0.24431397 -0.40299964 -0.88198751 0.24446623 0.42424673 -0.87192369 0.24449603 -0.41759604 -0.87512016 0.24459057 -0.39548233 -0.88530743 0.24475715 0.41155827 -0.87790304 0.2447778 0.37758508 0.89303601 0.24482261 0.39729285 -0.8844322 0.2449059 -0.44242048 -0.86271971 0.24505769 -0.40070957 0.88282424 0.24506459 -0.38088411 -0.89155513 0.24510889 -0.41341153 0.87693352 0.24511066 0.41707513 -0.87519658 0.24528359 -0.38244841 -0.89082509 0.24530013 -0.39752075 -0.88419747 0.24539652 -0.40670332 0.87998462 0.2456392 0.40816697 -0.8792389 0.24566627 0.42994055 -0.86879176 0.24570681 -0.34067142 -0.90750813 0.24572784 0.38862988 0.8880229 0.24575196 -0.37974042 -0.89185381 0.24589685 0.42879423 -0.86929297 0.24591258 0.39868397 -0.88350338 0.2459178 0.38921386 -0.88771439 0.2459514 -0.4234986 -0.87186974 0.24623217 0.40357396 0.88119107 0.24628124 -0.38881147 0.88779002 0.2463811 0.37741882 0.89266521 0.24640872 0.41390032 -0.87633866 0.24650763 -0.36385173 0.89824605 0.24653554 0.36194125 0.89900988 0.2465467 0.40755552 -0.87926865 0.24661683 0.39136419 0.88657439 0.24664409 -0.39937893 -0.88298541 0.24671462 -0.40077502 -0.8823328 0.24674484 -0.39454174 -0.88512927 0.24684991 0.34354761 -0.90611273 0.24710812 0.42882547 0.86893404 0.24714756 0.44315544 -0.86170262 0.24718171 0.40118051 -0.88201779 0.24724613 -0.39710987 0.88384008 0.24743743 0.42792931 -0.86928201 0.24749833 0.40000635 -0.8824622 0.24763487 -0.4138096 -0.87603569 0.24763627 0.62878942 -0.73708898 0.24763723 0.42934567 -0.8685264 0.24769214 0.4198727 -0.87312973 0.24771181 -0.41693813 -0.8745293 0.24799834 -0.42190692 0.87206155 0.24810325 -0.31783009 0.91511136 0.24825743 0.40039819 -0.8820712 0.24841987 -0.41237447 -0.87649006 0.2484304 -0.41263887 -0.87636262 0.24855645 0.01022309 -0.96856344 0.24860783 0.39928332 -0.88247776 0.24863856 0.41460508 0.87537509 0.24863905 -0.40790457 -0.87851721 0.24873254 0.40259939 -0.88093466 0.24881043 0.43560371 0.86506814 0.24882837 -0.38653585 -0.88807344 0.24886152 0.38365909 -0.88931072 0.24894126 0.4220826 -0.8717078 0.24900077 0.41842839 0.87345082 0.2490036 -0.42998517 -0.86781913 0.24911445 0.39754558 -0.88311911 0.24912584 0.38601393 -0.88821703 0.24917991 0.41176435 0.87656116 0.24921651 -0.38644832 0.88800275 0.24923079 -0.38743144 0.8875702 0.24924211 -0.39056152 -0.88619417 0.24936177 0.43120831 0.86710906 0.24952114 -0.41260061 -0.87607074 0.2495549 0.38992119 0.886388 0.24974178 0.43139046 -0.86690909 0.24980551 -0.41606885 -0.87434763 0.24994543 -0.42293662 -0.87100631 0.2499809 -0.38519606 -0.88833183 0.25005391 -0.3853431 -0.88824749 0.25015131 0.40491995 -0.87946814 0.250267 0.38698077 -0.88747513 0.25037938 -0.39005184 -0.88609809 0.25039554 -0.42090896 -0.87185872 0.25043175 -0.37966669 0.8905825 0.25056654 -0.38563532 0.88797617 0.25061953 -0.18501784 -0.95024109 0.25065476 0.38206959 -0.88949144 0.25065717 -0.38573599 0.88790697 0.25076821 -0.36658192 0.89595371 0.25124016 -0.38481456 0.88814199 0.25145391 0.37258708 0.89328033 0.2514621 -0.38734928 0.88697654 0.2514776 -0.38742724 0.8869381 0.25149938 -0.38622025 0.88745821 0.25150615 -0.43168965 -0.86624986 0.25152725 0.38613081 -0.8874892 0.25152889 0.40822512 0.87754512 0.25157949 -0.41456309 -0.87455428 0.25158429 -0.43471554 0.86471254 0.25192982 -0.38319793 -0.88864535 0.25202003 0.38174018 -0.889247 0.25226459 -0.41117522 0.87595522 0.25263482 -0.43281943 0.8653571 0.25271335 0.40977907 0.87647998 0.25297305 0.38996246 -0.88540047 0.25301963 0.40860131 -0.87694132 0.25317562 0.43856078 0.86230302 0.2532275 0.38753998 0.88639081 0.2533367 -0.43698409 -0.86305594 0.25351945 0.41272736 -0.87486219 0.25362164 0.39023522 0.88509464 0.25402641 -0.40439248 -0.87859952 0.25406122 -0.95472491 -0.15476811 0.25412184 -0.43552071 -0.86356449 0.25419036 0.4246839 -0.86892503 0.25437522 0.3909848 0.88454741 0.25441682 -0.31269574 -0.91514671 0.25445521 -0.4351961 -0.86363006 0.25459731 -0.20995681 0.9439801 0.25469744 -0.43931714 -0.86146951 0.25472397 0.41408509 0.87387025 0.25483096 -0.44111359 0.86051148 0.25484529 -0.42146891 -0.87029749 0.25558513 0.41410244 -0.87361044 0.25563595 -0.41091111 0.87510121 0.25576535 -0.42582619 -0.86790329 0.25577247 0.44178104 0.85988951 0.25584018 -0.39354068 -0.88299 0.25588167 -0.40657002 0.87705499 0.25590906 -0.44195089 -0.8597616 0.25602171 -0.41375983 -0.87364507 0.25606304 0.30718228 -0.9165538 0.25659662 -0.4187851 -0.87107819 0.25694746 -0.38398242 -0.8868683 0.25724593 -0.37848374 0.88914263 0.25818348 0.40995362 -0.87480247 0.25830981 0.38891351 -0.88432026 0.25840744 -0.80524439 -0.53367323 0.25859898 -0.38429242 -0.88625383 0.25871173 0.45100692 -0.85420197 0.25877151 0.38312832 0.88670743 0.25934261 0.38382572 -0.88623881 0.25937688 0.35232395 0.89921713 0.25957093 -0.41161263 0.87361205 0.25974876 0.38552129 0.88538349 0.25986212 0.41382048 0.8724817 0.2605859 -0.45061761 -0.85383767 0.26062834 0.38140711 -0.88690561 0.26096547 -0.45384485 0.85201055 0.26098457 -0.40050599 -0.87834042 0.26104787 -0.39310542 0.88165873 0.26144174 0.40097183 -0.87799197 0.26147896 0.37908584 0.88765013 0.26157308 -0.41362926 -0.87206089 0.26175836 0.36159316 -0.8948369 0.26267752 0.40073276 0.87773222 0.26273134 -0.49034506 -0.83098376 0.2627382 0.43352419 -0.86198926 0.26297805 -0.39184314 0.88164705 0.26304051 -0.4011268 -0.87744337 0.26357034 -0.4583832 -0.84877288 0.2644181 0.38108259 0.88592267 0.26520565 -0.3806113 -0.88589001 0.26593134 -0.40321809 -0.87561166 0.26603431 0.40370587 -0.87535548 0.26604059 -0.46210971 0.84597707 0.26608548 0.33280799 -0.90467525 0.26611218 0.2826013 -0.92158604 0.26658466 -0.38892171 -0.8818574 0.26683545 0.38545284 -0.88330334 0.26705137 -0.46387503 -0.84469134 0.26715237 -0.39901048 -0.87716597 0.26730397 -0.37456882 0.88783258 0.26830238 -0.41145256 0.87104583 0.26906058 -0.10241756 -0.95766234 0.26906148 0.48575911 -0.83165139 0.2692942 -0.2623063 -0.92664778 0.26983112 0.40217769 0.87489671 0.27011582 0.37907782 0.88506347 0.27011609 -0.37978271 -0.88476121 0.27038354 0.26648277 -0.92513752 0.2705901 -0.37798861 -0.88538438 0.27077076 -0.27461824 0.92264193 0.27256146 -0.3716259 -0.88747078 0.27285817 0.38190198 -0.88300592 0.27293056 0.38332704 -0.8823657 0.2733148 0.37120262 -0.8874163 0.27343121 -0.19289795 -0.94235116 0.27479541 0.37592524 0.88496768 0.27510583 -0.37778822 -0.88407731 0.27568024 -0.2424943 0.93015963 0.27650318 0.35476932 -0.89313197 0.27702883 -0.33228984 -0.90157557 0.27749786 -0.40690678 0.87029988 0.27772775 -0.38941464 0.87819338 0.27844334 -0.37338153 -0.88490433 0.27871671 0.48147637 -0.83096182 0.27903315 -0.24248806 -0.92916089 0.2792061 -0.23647834 -0.93065667 0.27931374 -0.39834389 0.8736738 0.27993289 0.41716027 -0.86464733 0.28035995 0.69505256 -0.66204256 0.28064406 -0.48186401 -0.83008796 0.2813279 0.36919096 -0.88574976 0.28158754 0.48603585 -0.82733172 0.28164232 0.48924413 -0.82541966 0.28169042 0.38657597 -0.87818533 0.28200534 0.3709932 0.88478088 0.28325573 -0.48995584 -0.82444495 0.2833024 0.59474659 -0.75234056 0.28419471 0.4883371 -0.82508194 0.28563085 0.40445554 -0.86880988 0.28588679 -0.3651191 0.8859778 0.28670865 0.26997736 -0.91919011 0.28671226 -0.37685877 -0.88078004 0.2874651 0.38102454 -0.87874007 0.28763813 -0.32553038 -0.90071875 0.28765041 -0.08296417 -0.9541353 0.28890505 0.29803264 -0.90978593 0.28914043 -0.38651106 -0.87578934 0.29138198 0.08852912 -0.95250142 0.29159918 0.32749823 -0.89872956 0.29265586 -0.42871392 0.85472631 0.29406798 0.37141508 0.88066727 0.29414749 0.41168532 -0.86254996 0.29546401 0.36201772 -0.8841064 0.29571998 -0.39468199 -0.8699286 0.29582298 -0.17176089 0.93967384 0.29688141 -0.48013785 -0.82542658 0.29864907 -0.3426359 -0.89073533 0.29883191 -0.16170581 0.94050562 0.29883209 -0.49426013 -0.81633717 0.30055496 -0.49124366 -0.81752443 0.30107519 -0.0241352 -0.95329499 0.30150995 0.14922494 -0.94171315 0.30193096 0.34538659 -0.88856399 0.30264947 -0.22610332 -0.9258945 0.30319032 -0.41379985 -0.85839689 0.30576617 0.12953179 0.94325429 0.30589813 0.35589725 -0.8830421 0.30673665 0.26883146 -0.9130401 0.30732527 -0.59663504 -0.74133527 0.30740669 -0.50321496 -0.8076359 0.3079564 0.38359979 -0.8706401 0.30866635 0.72350866 -0.61746275 0.30889273 0.11576843 -0.94402492 0.3094762 0.0027977 -0.95090306 0.31149891 0.45379981 -0.83488578 0.31160158 -0.15915245 -0.93678969 0.31216398 -0.36557993 -0.87687218 0.31625754 0.08305908 0.94503033 0.31931427 -0.14872369 -0.93590575 0.32088482 -0.32366583 -0.89009738 0.32095045 -0.40692332 -0.85522175 0.32188883 -0.29558453 -0.89945394 0.32196933 -0.55980104 -0.76351726 0.32293066 0.3443754 -0.88154489 0.32391593 0.06802689 -0.94363707 0.32408807 -0.34388074 -0.88131326 0.32414767 -0.53259444 -0.78183848 0.32565486 -0.24828887 -0.91230559 0.32568273 -0.56718808 -0.75645781 0.32629168 -0.14191683 0.93455523 0.32679069 -0.49731997 -0.80366701 0.32726571 0.26557404 -0.90684485 0.32741639 0.73652345 -0.59188825 0.327521 -0.42465997 -0.84403419 0.3276369 -0.53256816 -0.78040057 0.32946524 -0.69988769 -0.63372689 0.32986918 -0.42463279 -0.84313303 0.32987282 -0.33856511 0.88122499 0.33021605 -0.00951318 -0.94385749 0.33189619 -0.57050765 -0.75124288 0.33552876 -0.36387247 -0.86891735 0.33692354 -0.57812691 -0.74313641 0.33825043 0.1803274 0.92361718 0.3408792 0.36409837 -0.86673737 0.34243712 -0.05604904 0.93786746 0.34335026 0.32075328 -0.88273889 0.34442756 0.59495246 -0.72622389 0.34527531 -0.07814745 0.93524218 0.34586108 -0.07578142 0.93522054 0.34678489 -0.3292281 -0.87826478 0.34723538 0.6232273 -0.70072472 0.34775174 0.32540426 -0.87930691 0.34970248 -0.10077257 -0.93142533 0.34992805 -0.1093722 -0.93036991 0.35001841 0.1117233 -0.93005645 0.35130292 0.3260968 -0.87763727 0.35216638 -0.11705998 -0.92858815 0.35241303 -0.12317357 -0.92770326 0.35312754 0.38899022 -0.8508746 0.35424152 0.10550343 0.92918348 0.35579777 -0.42180851 0.83395773 0.35627908 0.09684267 -0.92934752 0.35648096 0.34486365 -0.86832619 0.35663024 0.27338657 -0.8933503 0.35759011 -0.32944378 -0.8738398 0.35791871 -0.42210042 -0.83290178 0.35800707 -0.52547938 -0.77181756 0.36073098 0.01089832 0.93260622 0.36162603 -0.51232982 -0.77893811 0.36183637 -0.09926619 -0.92694157 0.36316636 0.10397407 0.92590481 0.36321366 0.62364149 -0.69220454 0.36360052 0.01324135 -0.93146086 0.36472392 0.10680801 -0.92496938 0.36493984 0.42301518 -0.82938349 0.36503404 -0.36910751 0.85469866 0.36536744 0.10078874 -0.92539078 0.36544204 -0.63211596 -0.68328726 0.36559486 -0.40057036 -0.84016895 0.36567926 -0.67967713 -0.63585967 0.36569545 -0.04522514 0.92963517 0.36842906 0.48064131 -0.79576635 0.36853424 -0.41425759 -0.83220977 0.36921743 0.00722004 -0.92931503 0.37289634 -0.27343243 -0.88666958 0.37626797 -0.4208971 -0.82538956 0.37788656 -0.09093244 0.92137563 0.37817615 0.08381581 -0.92193151 0.37872443 0.30771163 -0.87285817 0.37975577 -0.47176209 -0.79575497 0.38090828 0.13868757 -0.91415238 0.38093838 0.49377441 -0.78171146 0.38512179 0.19993137 -0.90094876 0.38608572 0.67231983 -0.63160414 0.38610631 0.01387095 -0.92235005 0.38773814 -0.24227275 -0.88936096 0.38977659 -0.0728537 -0.91802323 0.38982868 0.07100467 -0.91814595 0.39160451 0 -0.92013371 0.39209154 0.1206248 -0.91198349 0.39266524 -0.07566147 -0.91656381 0.39268345 -0.00320773 -0.91966808 0.39296532 0.3326956 -0.85725838 0.39301974 0.42129534 -0.81734061 0.39302894 -0.39370552 -0.83097786 0.39394715 0.04070262 -0.91823149 0.39537594 -0.43040565 -0.81143624 0.39725277 0.90262985 0.16567913 0.39733526 -0.45932809 -0.79444486 0.39744666 -0.09060519 0.91314119 0.39753336 -0.11826948 0.90993387 0.39754355 -0.07029717 0.91488665 0.39783275 -0.06021311 -0.9154799 0.39789236 0.05768206 -0.91561705 0.39882755 0.06140045 -0.91496813 0.39892712 -0.02734807 0.91657466 0.39902213 -0.05289219 -0.91541457 0.40040609 0.03409072 -0.91570342 0.40042639 0.80307448 -0.44128218 0.40081447 -0.40197784 -0.82326269 0.40149492 -0.0133058 -0.91576463 0.40211943 0.29029965 -0.86834669 0.40251034 -0.80924284 -0.42791513 0.40266266 0.02873153 -0.91489744 0.40348375 0.74994487 -0.52419817 0.40352279 0.19117875 0.89477378 0.40451279 -0.04060275 -0.9136306 0.4046295 -0.01407272 -0.91437244 0.40729979 0.70793742 -0.57700229 0.40790099 -0.14293261 -0.90176886 0.40821028 0.7109127 -0.57268435 0.41 0 -0.91208559 0.41001764 0.70984018 -0.57272375 0.41032577 -0.35347924 -0.84064567 0.41056439 0.0012512 -0.91183078 0.41127869 0.42640203 0.80562466 0.41174152 -0.0357153 -0.9106006 0.41319564 4.246e-05 0.91064227 0.41335571 -0.71430695 -0.56471473 0.41344345 -0.3436003 -0.8432101 0.41576889 -0.4681074 -0.779751 0.41622323 3.709e-05 0.90926248 0.41678628 -0.00479514 -0.90899187 0.41678849 0.22526801 -0.88064855 0.41685697 0.51370686 -0.74989033 0.41693413 -0.63302803 -0.65225863 0.41766369 0 -0.9086017 0.41878647 -0.071927 0.90523171 0.41884121 -0.01887385 -0.90786338 0.41890872 0.01940816 -0.90782088 0.41907981 -0.288582 -0.86086738 0.41926533 -0.1225484 -0.89955461 0.4192895 0.31687754 -0.85075545 0.41952261 0.7199409 -0.55288881 0.42019984 6.525e-05 -0.90743154 0.42067769 0.01204265 -0.90713024 0.42077586 0.03852597 -0.90634614 0.420939 -0.58799106 -0.69070756 0.42098403 -0.30554026 -0.85405934 0.42129272 0.00026806 -0.90692478 0.42168352 -0.04397449 -0.90567607 0.42183089 -0.01926382 -0.90646982 0.42196494 -0.01762743 -0.90644073 0.42287126 -0.87408346 -0.23907714 0.42309448 0.39004689 -0.81783521 0.42352697 0.03917523 -0.90503603 0.42372531 0.00392312 0.90578228 0.42409569 0.00401543 0.90560842 0.42449683 0.00042923 0.90542936 0.42476472 -0.74006373 -0.52142167 0.42529953 -0.00849057 -0.90501279 0.42532259 0.00030252 0.90504169 0.42537498 0.03692385 0.90426362 0.42568138 0.0001989 0.90487307 0.42589185 0.36573654 -0.82755834 0.42633319 0.36558333 -0.82739896 0.42636326 -0.0141229 0.90444183 0.42645204 -0.03877902 0.90367854 0.42697901 -0.05015189 0.90286976 0.42715433 -0.00108858 -0.90417808 0.42716861 0.02035368 0.90394282 0.42770371 0.03604497 0.90320003 0.42783657 -0.0041268 -0.90384668 0.42787671 -0.0147651 -0.9037165 0.42840934 0.01951004 -0.9033742 0.42848784 0.05184662 -0.90205878 0.42857879 -0.05968131 0.90153104 0.42870966 0.74165422 -0.51590401 0.42876998 0.02983464 -0.9029209 0.42895204 -0.00397771 -0.90331846 0.42924121 0.00078237 -0.90318954 0.42930689 0.03677722 -0.90240961 0.42997414 -0.0636858 0.90059221 0.42997539 0.00732303 -0.90281081 0.43018988 -0.00762774 -0.90270615 0.43041453 0.02024005 -0.90240443 0.43105173 -0.37319872 -0.82153338 0.4314031 0.067809 -0.8996073 0.43157291 0.00051076 0.90207797 0.4316133 6.762e-05 0.90205878 0.43174544 0.00751857 -0.90196419 0.43190399 -0.00884732 -0.90187621 0.43221223 0.00302523 -0.9017669 0.43259972 -0.02838038 0.90113938 0.43261287 0 -0.9015798 0.43269423 0.00037467 0.90154058 0.43324825 0.00308351 0.90126944 0.43367523 0.02041146 0.90083802 0.43425983 -0.02527496 -0.900433 0.43425983 -0.02527496 0.900433 0.43456474 -0.00645492 -0.90061742 0.43471724 0.01877146 -0.90037131 0.43485108 0.00034528 0.90050226 0.43485489 -0.75226367 -0.49497539 0.43505177 0.01887852 0.90020746 0.43528011 -0.03128275 0.89975137 0.43535686 -0.00592595 -0.90023857 0.43544659 -0.00570626 -0.90019637 0.43576631 -0.37203249 -0.81957275 0.43608323 0.01313069 -0.89981055 0.43629944 -0.03969388 0.89892548 0.43649548 0.00030476 0.89970636 0.43652207 -0.00073996 -0.89969331 0.43665814 0.42922792 0.79062831 0.43681636 0.00018293 0.89955068 0.43685248 -0.01112531 -0.89946437 0.43706563 0.10515087 -0.89326191 0.43725166 0.00021657 -0.8993392 0.43732709 0.02570148 0.89893514 0.43749958 -0.75675601 -0.48571011 0.43767902 0.01639853 -0.89898169 0.4376857 -0.00540022 -0.89911181 0.43772152 0.01077923 0.899046 0.43782389 0.00014409 0.89906079 0.4381777 -0.01649746 0.89873701 0.43831059 0.01559023 -0.89868844 0.4383707 -0.02422033 -0.89846784 0.43844852 0.50962663 -0.7402997 0.43852881 0.00218479 0.89871448 0.43869284 0.00014016 0.89863712 0.43878865 -0.01654103 -0.89843804 0.43926349 0.12558806 -0.88953644 0.43934 -0.00016829 -0.89832079 0.43949276 -0.01567835 -0.8981092 0.44001007 0.00265 -0.89798892 0.44014007 0.00418673 -0.89791942 0.4402878 -0.00799196 -0.89782107 0.44059971 0.00228389 0.89770079 0.44080183 -0.06935585 0.89492095 0.44081745 0.02075626 -0.89735675 0.44099474 0.02376688 -0.89719498 0.44130322 0.04082147 -0.896429 0.44152227 -0.02578736 -0.89687967 0.44160083 0.00516043 -0.89719683 0.44161129 -0.06618153 -0.89476222 0.44180202 -0.06780215 -0.89454675 0.4418287 -0.76934612 -0.4614042 0.44202536 -0.00790306 -0.89696777 0.44250658 0.00392526 -0.89675665 0.44262379 -0.01335774 0.89660788 0.44279423 -0.00511765 -0.89660865 0.44292149 -0.00016992 -0.89656037 0.4430109 0.0002825 0.8965162 0.44302183 -0.01328555 0.89641237 0.44370005 -0.0079123 -0.89614034 0.44385025 -0.00320346 -0.89609528 0.44388977 -0.10030749 -0.89044952 0.44421631 0.01584712 -0.89577943 0.44425568 -0.00516109 -0.89588529 0.4446941 0.00518546 -0.89566749 0.44473433 0.00509728 -0.89564806 0.44484144 0.58750457 -0.67598414 0.44486275 -0.0077063 -0.89556557 0.44501942 -0.02153706 0.89526188 0.44507092 -0.00453161 -0.89548379 0.44515118 -0.01192232 -0.89537609 0.44535068 -0.0041683 -0.89534652 0.44580674 -0.02893805 -0.89466137 0.44586796 -0.02816734 -0.89465541 0.4458898 0.03965177 -0.89420915 0.44619969 -0.02855802 0.89447767 0.44621986 -0.02825525 0.89447719 0.44624925 -0.00724862 0.89487934 0.44636717 -0.02707938 -0.89444011 0.44651866 0.15682077 -0.88092476 0.4466404 0.04694402 0.89348119 0.44670644 0.00146891 0.89467937 0.44672099 0.42832953 -0.78547698 0.44672877 -0.01704139 -0.89450723 0.44677362 -0.05905576 0.89269584 0.44683802 -0.00564678 -0.89459699 0.44683936 -0.00713254 -0.89458579 0.44709402 0.00328785 -0.894481 0.4472405 -0.18654776 -0.87474334 0.44729266 -0.01588037 0.8942467 0.44731829 -0.03238364 0.8937884 0.4474937 -0.01645055 -0.89413571 0.44754016 -0.00545778 -0.89424711 0.4477672 -0.00029241 0.89415014 0.44785729 -0.00054482 -0.8941049 0.44793472 -0.03237246 -0.89348 0.44803146 0.00605963 -0.89399731 0.4480741 -0.0091885 -0.89394915 0.44818071 0.00273908 -0.89393878 0.4483422 0.02877702 0.89339864 0.44836125 -0.02228501 -0.89357454 0.44840014 0.00089577 0.89383245 0.44840637 0.02875602 0.89336717 0.44847295 -4.741e-05 0.89379638 0.44848841 -0.01422363 -0.89367539 0.44860706 0.00183968 -0.89372718 0.44864807 0.00571745 -0.89369029 0.44866076 -0.02247252 0.8934195 0.44870564 0.00326268 -0.89367366 0.44875127 0.00256766 -0.89365304 0.44882044 -0.00210701 0.89361942 0.44885969 0.00013713 0.89360225 0.4489252 -0.00435281 -0.89355868 0.44898853 -0.00449226 -0.8935262 0.4491401 0.0047644 0.89344859 0.44915375 -0.00332169 -0.89344823 0.44923082 0.00487735 -0.89340252 0.44931188 -0.00418777 -0.8933652 0.44931227 0.01473775 -0.89325321 0.44941846 0.00291286 -0.89331657 0.44943032 0.01820266 -0.89312994 0.44954544 -0.77354884 -0.44668895 0.44967723 0.02175389 0.8929261 0.45013565 0.00149778 -0.892959 0.45015725 0.00307204 -0.89294398 0.4501867 -0.03899791 -0.89208245 0.45023751 0.03727939 -0.89213026 0.45024955 0.03655474 0.89215416 0.45039895 0.02096397 -0.89258122 0.45040792 -0.00201656 0.89282072 0.45041326 0.04417122 -0.89172691 0.450472 0.00272811 -0.89278638 0.45051697 0.03824369 0.8919484 0.4505721 -0.00190332 -0.89273804 0.45057431 0.00166739 0.89273733 0.45061564 0.00136298 -0.892717 0.45079264 0.00113019 -0.89262795 0.45099917 -0.00046482 -0.89252424 0.45116469 0.01173409 0.89236361 0.45116749 0.02025567 -0.89220941 0.4512181 -0.00292256 -0.89240891 0.45125175 -0.00607797 -0.89237595 0.4512884 -0.00169498 -0.89237648 0.45133606 -0.00367307 -0.8923465 0.45143875 -0.00712327 -0.89227372 0.45150161 0.01521565 -0.89214057 0.45162031 -0.03307489 0.89159691 0.45183304 0.00139036 -0.89210153 0.45185044 -0.00253252 -0.89209014 0.45192835 -0.00194993 -0.89205211 0.45209515 0.00411329 0.8919602 0.45221427 -0.05431697 0.89025384 0.45250377 0.00454269 -0.89175087 0.45267233 0.00952206 -0.89162606 0.45272636 0.00220255 -0.89164674 0.45276457 -0.14061245 -0.88047278 0.45277143 -0.00426462 -0.8916164 0.45285535 -0.01069014 -0.89151984 0.45288125 0 -0.89157081 0.45289692 -0.01344557 0.89146143 0.45297348 -0.00279406 -0.89151955 0.45298058 0.01979938 -0.89130044 0.45316055 0.00654163 -0.89140493 0.45327711 0.09947226 -0.88580197 0.45334736 -0.06061108 0.88927078 0.45386484 0.06795367 -0.88847566 0.45388469 0.00616408 -0.89103919 0.4540129 0.04213947 -0.88999802 0.45402527 0.003923 -0.89098018 0.45405391 0.00493486 -0.89096051 0.45406809 0.00074236 0.89096671 0.4542205 0.00451431 -0.89087784 0.45425698 -0.01165733 0.89079446 0.4544085 0.00266017 -0.89078939 0.45442677 -0.04638561 -0.8895756 0.45443913 0.78701389 0.41724598 0.45457342 -0.00471536 -0.89069682 0.45460862 0.00198782 -0.89068913 0.45474058 0.0027908 -0.89061958 0.45477754 0.04301107 -0.88956589 0.45492628 0.00119436 -0.89052832 0.45499784 -0.00037468 -0.89049244 0.4550153 -0.00569092 -0.89046544 0.45510194 0.01517574 -0.89031005 0.45522428 -0.00130885 0.89037579 0.45523793 -0.84364635 -0.28463906 0.45531219 -0.00223977 -0.89032906 0.45545828 -0.00559401 -0.8902396 0.45546961 -0.05842454 0.88833213 0.45549947 -0.00721784 -0.89020687 0.45551187 6.559e-05 -0.8902297 0.45552692 -6.147e-05 -0.89022195 0.45553112 0.00483212 -0.89020675 0.45556045 -0.01862647 -0.89001 0.45564771 0.00338861 -0.89015383 0.45567402 0.03052628 0.88962311 0.45572594 -0.00228173 -0.89011729 0.45574507 -0.00057638 -0.89011014 0.45577818 0.02887455 0.88962489 0.45578411 -0.00190717 -0.89008826 0.45579308 0.00330411 -0.89007962 0.45588076 0.00151574 -0.89003962 0.4559581 0.0092031 -0.88995367 0.45597634 0.03752241 -0.88920057 0.45601377 0.03876917 0.88912791 0.45605481 0.03867966 -0.88911074 0.45611277 -0.0137083 -0.8898164 0.45616668 0.0253052 -0.88953447 0.45629847 -0.00238587 -0.88982356 0.45632181 -0.10717271 0.88333714 0.45654505 -0.00140015 -0.88969916 0.45658031 0.00013531 -0.88968223 0.45660767 0.00128436 -0.88966721 0.4567132 -8.311e-05 0.88961405 0.45676768 -0.02374047 0.88926929 0.45685458 0.00191233 -0.8895393 0.45685834 -0.00025663 -0.88953936 0.4568603 0.04051315 0.88861549 0.45689404 0.12740131 0.88035035 0.45689636 -0.0009498 -0.88951945 0.45693991 0.03077536 -0.88896501 0.45695275 0.04409617 -0.88839722 0.45701811 -0.00871202 -0.88941467 0.45718035 -0.00074903 -0.8893736 0.45721054 0.00273757 -0.88935429 0.45732901 -0.00038802 -0.88929743 0.45734045 0.00153448 -0.88929039 0.4573518 0.0195533 -0.88907081 0.45735806 0.00123291 -0.88928181 0.45738932 -0.05104201 -0.88780046 0.45745441 0.00222996 -0.88923025 0.45747831 0.00075861 -0.88922048 0.45748872 0.0193702 0.88900441 0.4576081 0.00413199 -0.88914436 0.45761192 0.0012208 -0.88915122 0.45761868 0.0117454 -0.88907093 0.45763379 -0.00754623 -0.88910884 0.45770052 -0.0166864 -0.88894981 0.45770505 0.00074796 -0.88910371 0.45781565 -0.00083274 -0.88904679 0.45790297 -0.7984153 0.39097038 0.45792276 -0.27544317 -0.84524429 0.45800731 0.00224056 -0.88894564 0.45803767 0.00040896 -0.8889327 0.45804781 0.34928417 -0.81743068 0.45804995 -0.07839425 -0.88546294 0.45819041 -0.00040127 -0.88885409 0.45822456 -0.04229281 -0.88782978 0.45824802 0.00179703 -0.88882262 0.4582606 -0.00875476 -0.88877469 0.45826232 0.00074134 -0.88881665 0.45827883 -0.00032376 -0.88880843 0.45827955 0.03966089 -0.88792282 0.45828691 0.00237186 -0.88880122 0.45833063 5.494e-05 -0.88878185 0.45835063 5.292e-05 -0.88877147 0.45839763 -0.00092584 -0.88874674 0.45841452 0.00378618 -0.88873047 0.45841667 -0.13241306 0.87881786 0.45847535 -0.00099072 -0.88870656 0.45855016 0.00173934 -0.88866681 0.4585979 -0.00132342 -0.88864297 0.45863324 0.00080515 -0.88862526 0.45866996 0.00032963 -0.88860661 0.45868018 -0.79787821 -0.3911559 0.45868161 0.00086639 -0.88860023 0.45870838 -0.00026479 -0.88858694 0.45870963 -8.513e-05 -0.88858622 0.45873088 0.0010463 -0.8885746 0.45879185 0.00263648 -0.88853979 0.45879638 -0.00930647 -0.88849264 0.45881429 -0.00206577 -0.88852972 0.45890439 0.00266457 -0.88848168 0.45891178 0.03573516 0.8877629 0.45892048 0.02158507 -0.88821507 0.4589318 0.00085794 -0.88847107 0.45895094 -0.03100475 -0.88792044 0.45899388 -0.00037113 -0.88843936 0.45902127 -0.00866844 -0.88838297 0.45902699 0.0014193 -0.88842112 0.45903972 -0.00105254 -0.8884151 0.45907438 -0.00341618 -0.8883912 0.45913228 0.00063998 -0.88836771 0.45916653 -0.0036952 -0.88834262 0.45925394 0 -0.88830501 0.45926741 0.00255861 -0.88829446 0.45930272 -0.02841414 -0.88782525 0.45930293 0.02407836 0.88795334 0.45934775 0.04005978 0.88735271 0.45941365 -0.00066379 -0.88822228 0.4594236 0.00337808 -0.88821089 0.45944056 0.05914688 0.88623691 0.4594498 -0.00586242 -0.88818425 0.45946229 9.011e-05 -0.88819724 0.45947468 0.00769441 -0.88815761 0.45951545 -0.00366953 -0.8881622 0.45952609 -0.03353217 -0.88753104 0.45953962 -0.00432937 -0.8881467 0.45954236 0.00262971 -0.888152 0.45954406 -0.00119929 -0.88815409 0.45954883 0.00011634 -0.88815248 0.45955697 -0.00065052 -0.88814801 0.45957869 0.0337527 -0.88749546 0.45965227 0.02093399 0.88785225 0.45965585 0.00445593 -0.88808596 0.45966086 0.0012899 -0.88809365 0.4596833 0.03280244 0.88747698 0.45972422 -0.00155717 -0.88806039 0.45972496 0.01366925 -0.8879562 0.45972797 -0.00175143 -0.88805813 0.45976412 -0.00058161 -0.88804096 0.4597761 0.00275257 -0.88803053 0.45979372 -0.00057243 -0.88802546 0.45987427 0.00461663 -0.88797206 0.45988962 0.1027134 -0.88201565 0.45990887 0.0039841 -0.88795716 0.45993307 3.353e-05 0.88795358 0.45995772 -8.295e-05 0.88794088 0.459961 0.09703125 -0.88262153 0.46012726 0.01297349 -0.88775826 0.4601694 -0.00221824 -0.88782835 0.46019977 -0.01949961 -0.88760126 0.46022734 0.01313955 -0.88770384 0.46024242 0.00079372 -0.88779283 0.46027797 0.00335513 -0.88776851 0.46029344 0.00033549 -0.88776672 0.46031487 0.03765481 -0.88695675 0.46031988 0.04529723 0.8865968 0.46038708 -0.01044311 -0.88765681 0.46041062 0.00263437 -0.88770229 0.46042714 -0.00440385 -0.88768661 0.4604803 0.01011848 0.88761222 0.46052557 -0.00194194 -0.88764423 0.46053755 0.01941491 0.88742799 0.46054679 -0.00217648 -0.88763279 0.46055007 0.00285163 -0.88762909 0.46055999 2.138e-05 -0.88762861 0.46057752 -3.44e-06 0.88761955 0.46059868 -0.00309018 0.8876031 0.46068168 -0.00486096 -0.88755214 0.46071362 0.02640889 0.88715583 0.46071839 0.00015875 -0.88754642 0.46072271 4.013e-05 0.88754421 0.46073264 0.00260853 -0.8875351 0.46073377 -0.00142495 -0.8875373 0.46073541 -0.00163663 -0.88753611 0.46073943 0.01659331 0.8873803 0.46081278 9.199e-05 -0.88749737 0.46082535 0.00065919 -0.88749063 0.46087617 -0.00109468 -0.88746375 0.46087885 2.539e-05 -0.88746309 0.46087992 0.00332373 -0.88745636 0.46088859 0.00761752 0.8874253 0.46089113 0.02964999 0.88696122 0.46093935 0.007631 0.88739872 0.46099439 0.02425549 0.88707149 0.46099794 -0.00797953 -0.88736534 0.46100262 0 -0.88739878 0.46100265 0 -0.88739878 0.46103257 -0.00028936 -0.88738316 0.46110123 -0.00739099 -0.8873167 0.46110678 -0.0006709 -0.88734442 0.46114287 3.283e-05 0.88732582 0.46114677 0.00978456 0.88726997 0.46117738 -0.00764293 0.88727498 0.46118796 -0.02872298 -0.88683742 0.46120423 0.08900899 -0.88281822 0.46121305 -0.00011145 0.88728935 0.46121332 -0.0009703 -0.88728875 0.46121889 5.288e-05 -0.88728637 0.46124268 -0.00067073 -0.88727373 0.46124288 4.235e-05 0.88727391 0.46127072 0.01724627 -0.88709182 0.46127528 0.00011368 -0.8872571 0.46128026 -0.00152444 -0.88725322 0.46128389 0.45184889 -0.76357704 0.46128991 3.966e-05 -0.88724953 0.46131346 2.879e-05 -0.88723719 0.46133086 -0.00606924 -0.88720739 0.46133298 0.00062679 -0.88722688 0.4613356 -0.00072297 -0.88722539 0.46133944 -0.00131629 -0.88722277 0.46134403 2.538e-05 -0.88722134 0.46134666 -0.00318631 -0.88721424 0.46135736 -0.01127531 -0.88714266 0.46137467 -0.00559813 -0.88718778 0.46139231 -0.11082689 -0.88024694 0.46143135 -0.00324797 -0.88717002 0.46143508 4.753e-05 -0.88717395 0.46144822 -0.00596407 -0.88714713 0.46145663 0.00729959 -0.8871327 0.46145675 0.10957466 -0.88036984 0.46146581 0.00029217 -0.88715798 0.4614718 0.00297095 -0.88714999 0.46153408 0.00209144 -0.88712001 0.46154943 6.271e-05 -0.88711452 0.46158478 -0.00553392 0.88707888 0.46158957 -0.01148559 -0.88701922 0.46160877 -0.0004156 -0.88708359 0.4616102 -2.551e-05 -0.88708293 0.46161523 -0.01717024 -0.88691407 0.46162337 0.0004461 -0.88707596 0.46162465 0.03119529 -0.88652664 0.46162874 0.00757045 0.88704091 0.46165779 0.00120099 -0.88705724 0.46165833 -0.00100427 -0.88705719 0.46166977 7.225e-05 -0.88705194 0.46169311 0.00164686 -0.88703817 0.46169582 -0.80000037 -0.38319239 0.46170458 0.00335005 -0.88702744 0.46171743 -6.862e-05 -0.88702708 0.46173334 -0.00042294 -0.88701868 0.46176085 -0.00038698 -0.88700432 0.46177506 -0.00064794 -0.88699681 0.46182597 0.00105663 -0.88696986 0.4618285 0.00033942 -0.88696915 0.4618448 9.478e-05 -0.8869608 0.46187225 0.00147713 -0.88694519 0.46189624 0.00304346 -0.88692868 0.46190697 1.549e-05 -0.88692838 0.46194899 0.00584273 -0.88688731 0.46195057 0.00049492 -0.88690555 0.46196255 0.00119646 -0.88689864 0.46196273 0.00064996 -0.88689905 0.46196282 -0.00010915 -0.88689923 0.46196303 0.00173312 -0.8868975 0.4619697 0.00065921 -0.88689548 0.46203217 -0.01612239 0.8867166 0.46207252 0.00064033 -0.88684189 0.46208325 -0.0026247 0.88683265 0.46210107 -0.08863542 -0.88238674 0.46211147 0.00027986 -0.88682181 0.46211916 0.00071375 -0.88681751 0.46213773 7.507e-05 -0.88680816 0.46217668 0.00035338 -0.88678777 0.46222946 3.583e-05 -0.88676029 0.46223867 0.00210115 -0.88675308 0.46224305 0.00150751 -0.88675195 0.46224624 0.0007053 -0.88675129 0.4622671 -0.07621122 -0.88345957 0.46228841 -0.00973096 0.88667625 0.46229148 0.00392749 -0.88671935 0.46230009 0.00112886 -0.88672286 0.46230701 0.00015066 -0.88671988 0.46231946 -0.0537753 -0.88508135 0.46231985 -0.03034601 0.88619381 0.46233866 0.00180398 -0.88670152 0.46234325 5.017e-05 0.88670105 0.46236202 0.10946233 -0.87990874 0.46237949 -0.00085175 -0.88668168 0.46239677 0.0114199 -0.88659954 0.46242929 0.00227241 -0.8866533 0.46248105 0.00119355 -0.88662833 0.4625037 -0.00401587 -0.88660824 0.4625431 0.03396603 -0.88594586 0.46259946 -0.00106153 0.88656682 0.46260458 -0.00054722 -0.88656455 0.46260607 0.01359868 -0.88645959 0.46260715 -0.00259445 -0.88655961 0.46260744 0 -0.88656324 0.46261138 -0.00058357 -0.88656098 0.46263346 0 -0.88654959 0.46269149 0.00024935 -0.88651925 0.46269792 0.0004498 -0.88651592 0.46275038 -0.00131004 -0.88648772 0.46275076 0.00051922 -0.88648832 0.46277425 -0.00106155 -0.8864755 0.462791 3.826e-05 0.88646746 0.46280387 0.01912204 -0.88625443 0.46280777 -0.00967494 -0.88640589 0.46281224 0.00363299 -0.8864488 0.4628329 0.0060176 -0.88642508 0.46285605 0.03267979 0.88583082 0.4628607 -0.0020456 -0.88642865 0.46293789 -0.03138678 0.88583487 0.46293917 0.00041918 -0.88638997 0.46294111 0.00272318 -0.8863849 0.46304446 0.00554429 -0.88631773 0.46307704 -0.00228119 -0.88631511 0.46311465 -0.01944022 -0.88608521 0.46315545 0.00224993 -0.88627416 0.46317741 -0.00857722 -0.88622403 0.46319526 -0.03136183 0.88570124 0.46320224 -0.00030902 -0.88625252 0.46321878 0.00176703 -0.88624221 0.46323839 -0.00958547 -0.88618195 0.46325523 -0.00479637 -0.88621199 0.46329543 -0.00024858 -0.88620389 0.46330413 -0.00144082 -0.88619822 0.46338791 0.00143151 -0.88615429 0.46340197 -0.0014332 -0.88614708 0.46342698 0 -0.88613504 0.46343178 0.00867479 0.88609016 0.46344289 -0.00202412 -0.88612449 0.46347579 4.108e-05 -0.88610965 0.4634932 -0.00209167 -0.88609809 0.4635323 3.395e-05 0.88608003 0.46353364 -0.04177626 0.88509381 0.46360943 0.00511946 -0.88602489 0.46370587 0.0005153 -0.88598907 0.46370801 2.373e-05 -0.88598806 0.46373752 -0.00058972 -0.88597244 0.46380159 -0.13427047 0.87570512 0.46382558 -0.00218977 -0.8859238 0.46384454 -0.0053029 -0.88590068 0.46386501 -0.01539821 0.88577211 0.46388316 -0.00734204 0.88586599 0.46390018 -1.313e-05 -0.8858875 0.46391642 -0.05618626 0.88409543 0.46392262 -0.03767419 -0.88507426 0.46395192 0.00210506 -0.88585782 0.46399659 -0.01141155 0.88576341 0.46401674 0.00492084 -0.88581276 0.46404737 -0.00583775 -0.88579112 0.46406958 0 -0.88579869 0.46408165 0.03335441 -0.88516426 0.46413171 -0.03435495 0.88509971 0.46416482 0.00743322 -0.88571769 0.46416488 -0.00472721 0.88573629 0.46419147 -0.02681981 0.88532871 0.46419245 -0.01916144 -0.88552713 0.46419331 -0.00190609 -0.88573188 0.46419725 -0.00599873 -0.88571161 0.46423244 0.00024845 -0.8857134 0.46423301 -0.0090944 -0.88566643 0.4642432 0.00622262 -0.88568586 0.46424577 0.00743789 -0.88567525 0.46424878 -0.10890948 -0.87898338 0.46425217 0.00012422 -0.88570297 0.4642522 -0.00042232 -0.88570303 0.46425223 0 -0.88570309 0.46425223 0.00011415 -0.88570309 0.46429265 0.00450245 -0.88567048 0.46436408 0 -0.88564432 0.46436414 0 -0.88564444 0.46439537 0.00807707 -0.88559115 0.46439946 -0.00688835 -0.88559908 0.46441236 -0.01048489 0.885557 0.46447596 -0.00037262 -0.88558561 0.46447596 0.00031673 -0.88558561 0.46447873 4.226e-05 0.88558429 0.46451628 0.01500324 -0.88543755 0.46461523 0.00223174 -0.88550985 0.46470991 0.04791314 -0.88416576 0.46479133 0.01325213 -0.88532108 0.46479428 -0.0039364 -0.88540989 0.46489835 -0.02537826 0.88500035 0.46492767 0.01638932 -0.88519686 0.46507776 -0.00780629 -0.88523543 0.46507818 -0.00312636 -0.8852641 0.46507886 -0.00260863 -0.88526535 0.46508044 0 -0.88526839 0.465092 0.00771052 0.88522881 0.4651331 -0.00099602 -0.8852402 0.46523649 0.00709861 -0.88515806 0.46524554 -0.00335787 -0.88517535 0.46526852 -0.08025642 -0.88152373 0.46528038 -0.02828403 0.88471127 0.465451 -0.00494748 -0.88505983 0.46548319 -0.00985569 -0.88500184 0.46553043 -0.00110986 -0.88503116 0.46558854 0.001776 -0.88499957 0.46559685 -0.00515199 -0.88498199 0.46566162 -0.00011296 0.88496286 0.46567592 0.12650354 -0.87586689 0.46569037 -0.00150169 -0.88494635 0.46579298 0.02037903 -0.88465893 0.46581647 0.00027314 -0.88488138 0.46585432 0.00379152 0.8848533 0.46587169 -0.00141558 -0.88485116 0.46588597 0.00080198 -0.88484436 0.46594328 -0.00056553 -0.88481444 0.46594825 -0.0140095 -0.88470101 0.46601593 -0.05585758 -0.88301134 0.46602392 0 0.88477212 0.46608374 -2.163e-05 0.88474059 0.46619943 0.00331862 -0.88467348 0.46639672 -0.00313676 -0.88457006 0.46642202 0.00151767 -0.88456112 0.46642557 -0.02769629 0.88412684 0.46643925 0.03291479 -0.88394064 0.46660042 3.985e-05 -0.88446826 0.4666113 -0.00053887 0.88446236 0.46664017 0.01034047 -0.88438672 0.46666354 -0.00261743 -0.88443106 0.46670902 9.075e-05 0.88441104 0.4667168 -0.00247926 -0.88440335 0.46678102 -0.00234181 -0.88436985 0.4668223 -1.583e-05 0.88435113 0.46687964 -0.00233824 -0.88431782 0.46692109 0.00062013 -0.8842988 0.46693799 0.80781192 0.35973433 0.46694425 0.03260064 0.88368559 0.46695882 -0.00712489 -0.88425034 0.46696618 -0.00440095 -0.88426429 0.46702519 -0.00261982 -0.88424015 0.46705744 0.0016769 -0.88422537 0.46712551 -0.00395648 -0.88418221 0.46723765 0.00255348 -0.88412803 0.46724185 0.03073272 -0.88359523 0.4673163 0.0052461 -0.88407463 0.46737128 -0.00042957 0.88406104 0.46740997 3.339e-05 0.88404065 0.46741322 -0.02636556 0.88364565 0.46741641 -0.00619445 -0.88401556 0.46742544 0.00024798 -0.88403237 0.46744919 -0.00037196 -0.88401997 0.46745965 -0.01076716 0.88394892 0.46747771 0.09507748 -0.87887704 0.46750966 -0.04044992 -0.88306201 0.46755758 0 -0.88396257 0.4676289 -0.0014016 -0.88392371 0.46771747 -0.09932984 -0.87827891 0.46779138 0.00070426 -0.88383865 0.46779743 0.00880242 -0.8837918 0.46780327 0.00043438 0.88383251 0.46780902 0.00267702 -0.88382542 0.46781537 -0.00526361 -0.88381052 0.46784702 -0.00085461 -0.88380903 0.46791658 0.00104262 -0.88377202 0.46796963 0.00546058 -0.88372767 0.46807596 -9.788e-05 0.88368815 0.46815664 5.002e-05 0.88364547 0.46823353 -0.03312685 0.88298357 0.46838227 -0.002349 -0.88352281 0.46843928 0.00772783 -0.88346195 0.46845326 5.266e-05 -0.8834883 0.46853402 -9.324e-05 0.8834455 0.46890599 0.0031015 -0.88324261 0.46892434 -0.00056678 -0.88323808 0.46895313 -0.00078714 0.8832227 0.4690305 -0.0098234 -0.88312739 0.46915016 0.00320943 -0.88311255 0.46921372 -0.00363099 -0.88307714 0.4692257 0.00332104 -0.88307202 0.46923569 -0.00374182 -0.88306499 0.46939743 -0.00017838 -0.88298696 0.46944806 -0.00840167 -0.88292015 0.46951196 -0.02671855 -0.88252175 0.4695611 0.00164117 -0.88289851 0.46967646 -0.0558598 -0.8810696 0.46968937 0.02375752 -0.88251197 0.4697803 -0.00442788 -0.88277233 0.4700785 -0.0385317 -0.88178313 0.4700785 -0.0385317 0.88178313 0.47029293 -0.00354036 -0.88250327 0.47031155 0.0110483 -0.88243127 0.47033131 -0.00617411 -0.8824684 0.47036588 0.00471901 -0.88245887 0.47040898 0.01141326 -0.88237476 0.47060913 -0.02726298 -0.88192052 0.47079054 -0.00037121 -0.88224494 0.4708308 -0.00264141 -0.88221955 0.47090364 0 -0.88218457 0.47097859 0.0087786 0.88210094 0.47098359 0.82011104 0.32494965 0.47106203 -0.00228164 -0.88209718 0.47108439 -0.06201609 -0.87990546 0.47147307 -0.00110403 0.88187981 0.47154221 0.00628569 -0.8818211 0.47170177 0.10386278 -0.87561971 0.47181109 -0.03979081 0.88080138 0.47185227 -0.07366604 -0.87859476 0.47217333 0.00339963 -0.88149917 0.4723354 0.00496535 -0.88140494 0.47233796 0.00720697 -0.88138807 0.472561 0.01501994 -0.88116992 0.47258276 -0.04335931 -0.88021904 0.47266978 -0.00661804 -0.88121474 0.47271281 -0.00238841 -0.88121331 0.4727717 -0.00349332 -0.88117802 0.47300822 0.03110118 -0.8805089 0.47365868 -0.00582672 -0.8806892 0.47377175 0.06969853 0.87788522 0.47387418 0.46929294 -0.74512243 0.47398382 -0.14285718 -0.86886781 0.47399491 -0.02320643 0.88022172 0.47401056 0.01843509 -0.88032621 0.47404382 -0.09325235 -0.87554932 0.47472042 -0.00879595 -0.88009268 0.47483635 -0.00095557 -0.88007355 0.47489908 0.00686191 -0.88001359 0.47514892 0.01899876 -0.87970018 0.47529277 0.01980567 0.87960482 0.4754737 0.00686543 0.8797031 0.47572669 0.00265281 -0.87958914 0.47582459 0.00228427 -0.87953728 0.47619438 -0.43716264 0.76297301 0.47619462 -0.04775188 0.8780424 0.47628155 0.00898846 -0.87924683 0.47639608 -0.00149857 0.87922955 0.47655708 -0.00665279 -0.87911832 0.47677147 -0.03098092 -0.87848115 0.47702819 -0.13923758 -0.86778861 0.47707966 -0.07341675 -0.87578827 0.47720444 -0.09096671 0.87407142 0.47767106 -0.00728834 -0.87850851 0.4778367 0.01569391 0.87830848 0.47788623 -0.03233373 0.87782645 0.47793001 0.01792444 -0.87821496 0.478048 -0.0244372 -0.87799364 0.47806716 0.00242677 0.87831992 0.47817075 0.00106782 -0.87826627 0.4782306 0.02309605 0.87793064 0.47830319 0.02410213 -0.877864 0.47837487 0.00868489 0.87811279 0.47840631 0.00792906 -0.87810278 0.4784697 0.00019881 -0.87810397 0.47849262 0.0178256 -0.87791067 0.47871959 0.02830827 -0.87751132 0.47895691 -0.0058861 -0.8778187 0.4792057 -0.01084309 -0.8776356 0.47932234 0.01057766 -0.87757528 0.48001119 -0.03862629 -0.87641156 0.48007482 0.00064617 -0.87722725 0.48019055 0.01226683 -0.87707841 0.48031425 0.00539614 -0.87707984 0.48038691 0.02033861 0.87682086 0.48040757 -0.16298805 -0.86176771 0.48055935 -0.00923622 -0.87691355 0.48096967 -0.00314451 -0.87673151 0.4811376 -0.01162941 -0.8765679 0.48145139 0.01252981 -0.8763833 0.48150447 0.01246941 -0.87635493 0.48174998 0.83819759 -0.25562054 0.48175177 0.01257933 -0.87621748 0.4825561 0.00981904 -0.87580997 0.48283508 -0.30704769 0.820117 0.48289165 -0.00635972 -0.87565702 0.48304614 -0.00508569 -0.87558013 0.48339248 0.08545489 -0.87122279 0.48345515 -0.64108682 -0.59605271 0.48350075 0.01596798 -0.87519825 0.48369327 -0.12132529 -0.86678773 0.4838579 0.05505165 -0.87341332 0.48390466 0.044306 -0.8739984 0.48395747 -0.36996931 -0.79303712 0.48402271 0.01072056 -0.87498987 0.48406103 -0.00561902 -0.87501615 0.48410296 -0.02025741 -0.87477648 0.48426598 -0.01969098 0.87469918 0.48431799 -0.11760607 -0.86695147 0.48458889 -0.00399712 -0.87473285 0.48514035 0.0043077 -0.87442571 0.4853572 -0.00424573 -0.87430561 0.48564252 -0.01753522 0.87398165 0.48569617 -0.02057496 -0.87388551 0.48580733 0.01857819 0.87386847 0.48587182 0.02567424 0.87365294 0.48596019 -0.01189905 -0.87389994 0.48615018 -0.00269719 -0.87387109 0.48619446 -0.01598683 -0.87370437 0.48630521 0 0.87378907 0.48630524 0 -0.87378907 0.48711342 -0.51138383 -0.70795989 0.48717102 -0.01453074 0.87318575 0.48718747 -0.00970461 -0.87324345 0.48723564 -0.00107778 -0.87326992 0.48732471 -0.04141655 0.87223804 0.48737118 0.84788698 -0.20870328 0.48819536 0.84977841 0.19885126 0.4884735 -0.17011747 -0.85583502 0.48862585 -8.951e-05 0.87249345 0.48882401 0.01605144 -0.87223476 0.48902357 -0.04953507 -0.87086296 0.4898752 -0.49706307 -0.71620572 0.49048641 -0.01055474 -0.87138492 0.49053618 -0.64029557 -0.59109724 0.49079528 -0.63794214 -0.59342211 0.49170345 -0.01130755 -0.87068921 0.4929674 -0.01118215 -0.86997586 0.49325722 0.02277008 -0.86958545 0.4933874 0.03580727 0.86907238 0.49427214 0.01631058 -0.8691541 0.4944725 -0.09541289 -0.8639406 0.49493435 0.00591065 -0.86891031 0.49511957 0.00164528 -0.86882323 0.49529675 0.00254945 -0.86872011 0.49545446 0.86187637 0.1081388 0.49553359 -0.00369954 0.86858088 0.49562225 -0.02995081 -0.86802161 0.49607569 -0.01951626 -0.86805999 0.49616814 -7.499e-05 0.86822653 0.49621239 -0.00018894 0.86820126 0.49657601 0.00280918 0.86798877 0.49660379 -4.14e-05 0.86797732 0.49689868 0.43869188 -0.74875975 0.49705759 0.04043203 0.86677504 0.49717331 -0.86072731 0.10939527 0.49738088 0.86092216 0.10688869 0.4979327 -0.00038789 0.86721563 0.49860576 -0.00018137 0.8668288 0.49863297 0.1926697 -0.84512925 0.49914271 0.01393541 0.86640781 0.4995473 0.01834638 -0.86609226 0.49997312 0.06313267 0.86373675 0.50042343 -0.86559737 -0.01782112 0.50054199 0.01798577 -0.86552542 0.50077039 -0.05961834 0.86352456 0.50153065 0.04415129 0.8640126 0.50232959 0.86235309 0.06334178 0.50305408 -0.01312099 0.86415535 0.50424033 -0.01588538 -0.86341715 0.50446135 -0.02952117 -0.86292952 0.50454408 -0.00952354 -0.8633334 0.50493342 -0.04785132 0.86183089 0.50502288 -0.0475856 -0.86179322 0.50539309 0.03155858 -0.86231184 0.50544459 0.03211242 0.8622613 0.50547212 -0.00418317 0.86283278 0.50552917 0.00863474 -0.86276627 0.5059492 0.02097209 -0.86230832 0.50601602 0.01226352 0.86243689 0.5061695 0.01158359 -0.86235619 0.5061903 -0.01673521 -0.86225945 0.50719655 0.02057454 0.86158484 0.50737745 0.10237806 -0.85562074 0.50747985 -0.0050898 0.86164856 0.50819772 0.55864859 -0.65547442 0.50835037 -0.00923252 0.86110085 0.50835603 -0.03759408 -0.86032605 0.50835603 -0.03759408 0.86032605 0.50886512 -0.01144099 -0.86077029 0.50897163 -0.01486018 -0.86065507 0.50970554 -0.01053748 -0.86028433 0.51259428 0.09669721 -0.85316861 0.51448286 -0.0451376 -0.85631192 0.51788044 -0.00067482 0.85545278 0.51817399 0.08008405 -0.85151762 0.51828212 0.02682443 -0.85478884 0.51938081 -0.10946064 -0.8475033 0.5198409 0.01389784 -0.85415 0.5199104 -0.08545542 -0.84993559 0.52191997 -0.01941333 -0.85277361 0.52210295 0.43807095 -0.73178023 0.52241832 0.01530335 0.852552 0.5245291 0.12700647 -0.8418662 0.52497697 0.05744537 0.84917569 0.52795464 0.0786301 0.84562474 0.52915382 0.19297567 -0.82629091 0.53083032 -0.21617624 -0.81944311 0.5312987 0.0101567 0.84712368 0.53180963 0.00538845 -0.84684676 0.53224415 -0.01047053 -0.84652615 0.5333879 -0.00010503 0.84587073 0.53573805 -0.00010966 0.84438425 0.53780061 0.00549194 -0.84305412 0.53783756 0.13800019 -0.83167708 0.53868145 -0.00409357 -0.84249967 0.53986955 -0.00101901 0.84174818 0.54050368 0.07943387 0.83758354 0.54208148 -0.00155921 -0.84032446 0.54292029 0.05845656 -0.83774716 0.54433256 0.08566035 -0.83448446 0.54758906 -0.00448135 -0.83673537 0.54801184 -0.20887195 -0.80997258 0.54842961 0.40330496 -0.73250955 0.54931778 -0.59724486 -0.58442158 0.5494324 -0.24588066 -0.79854041 0.54957205 -0.01752239 -0.83526248 0.55142325 0.17799844 -0.81501478 0.55208272 0.00064265 -0.83378905 0.55380863 -0.00378196 -0.83263534 0.5547002 0 -0.83205032 0.55638695 0.11114238 0.8234567 0.55724609 -0.10729866 -0.82338566 0.55734193 0.1125199 -0.82262343 0.55794781 -0.16448818 -0.8134113 0.55826169 0.11372299 -0.82183391 0.55897182 -0.48367918 -0.67350203 0.55925083 -0.44250932 -0.70101643 0.56271178 0.26493454 -0.78304857 0.56298923 0.11980189 0.81773502 0.56444722 0.0007616 -0.82546878 0.56619418 -0.01200602 0.82418454 0.5702644 0.02636568 -0.82103795 0.57139534 -0.10524549 0.81389844 0.5730654 -0.00200682 0.81950718 0.57336307 -0.16825272 -0.80183911 0.57351744 0.07663377 -0.81560105 0.5771153 -0.08757606 -0.81195337 0.57867235 0.0287288 -0.81505406 0.57887352 0.44636545 -0.6823954 0.57945222 -0.06322608 -0.81254995 0.58174986 -0.06523329 -0.81074768 0.58719301 0.13226263 -0.79856807 0.58892465 0.28640234 -0.75573903 0.59036475 -0.14010631 -0.79488343 0.59239739 0 -0.80564588 0.59376317 -0.0902082 -0.79956734 0.59395325 0.0088984 -0.80445033 0.59654969 -0.03372852 -0.80186707 0.60062146 0.00099898 -0.79953283 0.60102445 0.12022131 -0.79013699 0.60253721 -0.35657567 -0.71400464 0.60602266 0.59887755 -0.52352875 0.60651994 -0.00428299 -0.7950567 0.60655123 -0.44301194 -0.66017872 0.60917306 0.00082919 -0.79303688 0.61125314 -0.00085306 -0.79143476 0.61550659 -0.05934985 -0.78589386 0.61568761 -0.27212259 -0.73951197 0.62009144 -0.19146658 -0.76080698 0.62014842 -0.00079673 -0.78448409 0.63190073 0.0302964 -0.77445704 0.63586098 -0 0.77180368 0.63698053 0.22507907 -0.73728907 0.63849407 0.01991711 -0.76936907 0.64221418 0.59537137 0.48279798 0.6475513 0.55473787 -0.52243966 0.65483332 0.25255603 0.71232635 0.6567843 0.14877856 -0.73925591 0.6618759 -0.26716733 -0.70038688 0.66638607 0 -0.74560678 0.6678071 0.0780786 -0.740228 0.66896468 -0 0.74329412 0.66927612 0.60131931 -0.4364455 0.68351322 -0.72959203 -0.02247603 0.68459189 -0.41900089 -0.59646648 0.68715566 0.18131125 -0.70352203 0.69486064 -0.43852249 -0.56997091 0.69865644 0.13323638 -0.70294195 0.70372689 -0.21246278 -0.67795885 0.70378274 -0.2929098 -0.64721996 0.7047978 0.67725354 -0.2111579 0.7138924 -0.67854887 -0.17300045 0.71702957 -0.00232732 -0.69703883 0.72239888 0.59907049 -0.34533238 0.72694588 -0.22000043 -0.65049946 0.72724724 0.57207298 0.37926787 0.73069352 0.26715106 -0.62826532 0.74101681 0.28315225 -0.60886693 0.74717611 -0.34200451 -0.5698778 0.74859363 0.03439011 -0.66213661 0.76299936 0.10322275 0.63810432 0.77286029 -0.4239054 -0.47221938 0.77499276 -0.08147494 -0.62669623 0.77680922 -0.16765106 -0.60700959 0.77983403 -0.03318597 0.62510604 0.78208536 0.36929363 -0.50196087 0.78244752 0.28493288 0.55370498 0.78722042 -0.15835068 -0.595994 0.79573798 -0.09826434 -0.59761637 0.80839527 -0.43175739 -0.40010318 0.81214464 -0.57653326 -0.08961358 0.82261693 -0.28823087 -0.49012682 0.82804114 -0.28477582 -0.48296005 0.82898468 -0.5513677 0.09369222 0.83524889 -0.29774648 -0.46228397 0.84007597 0.45055979 0.30210653 0.84436858 0.41488904 -0.33898219 0.86729717 -0.34765142 -0.35627812 0.87277228 -0.39082319 -0.29244807 0.88330674 0.11264598 -0.45506045 0.88676155 -0.41900477 -0.19516401 0.89261317 0.40953201 -0.18848114 0.89268684 0.37651464 -0.24768279 0.89424396 0.38885921 -0.22162165 0.89509428 -0.35336515 -0.27191794 0.90035135 -0.43152791 -0.05613458 0.90046936 -0.43483892 -0.00836395 0.90641975 0.08220451 -0.41430125 0.92020065 0.36004812 -0.15361047 0.93157756 -0 0.36354247 0.93453312 -0.07624396 -0.3476128 0.99706888 -0.07606774 0.00821001 0.99999821 -0.00031073 0.00189263 0.99999994 -0 0 1 0 0</float_array>
          <technique_common>
            <accessor source="#normals-array" count="6579" stride="3">
              <param name="X" type="float" />
              <param name="Y" type="float" />
              <param name="Z" type="float" />
            </accessor>
          </technique_common>
        </source>
        <vertices id="vertices">
          <input semantic="POSITION" source="#positions" />
        </vertices>
        <triangles count="6636" material="MATERIAL">
          <input semantic="VERTEX" source="#vertices" offset="0" />
          <input semantic="NORMAL" source="#normals" offset="1" />
          <p>0 578 1 578 2 578 3 519 0 519 2 519 1 715 4 715 2 715 5 678 0 678 3 678 1 333 6 333 4 333 7 366 0 366 5 366 1 851 8 851 6 851 9 336 0 336 7 336 1 239 10 239 8 239 11 702 0 702 9 702 1 639 12 639 10 639 13 667 0 667 11 667 1 791 14 791 12 791 15 800 0 800 13 800 16 676 17 676 14 676 1 222 16 222 14 222 18 318 0 318 15 318 19 683 18 683 15 683 16 624 20 624 17 624 21 700 18 700 19 700 22 686 21 686 19 686 23 758 24 758 20 758 16 822 23 822 20 822 25 754 21 754 22 754 23 235 26 235 24 235 27 202 28 202 25 202 28 875 21 875 25 875 29 0 30 0 26 0 23 252 31 252 26 252 32 672 33 672 26 672 33 976 34 976 26 976 34 72 29 72 26 72 31 794 35 794 26 794 35 465 36 465 26 465 36 335 32 335 26 335 37 95 38 95 27 95 38 907 39 907 27 907 39 895 40 895 27 895 40 230 41 230 27 230 41 331 28 331 27 331 42 5612 43 5612 44 5612 45 6050 43 6050 42 6050 45 6013 46 6013 43 6013 47 6225 48 6225 45 6225 48 6355 49 6355 45 6355 49 5739 46 5739 45 5739 50 5737 51 5737 47 5737 51 6429 52 6429 47 6429 52 5798 48 5798 47 5798 53 5399 54 5399 55 5399 56 5582 54 5582 53 5582 57 6515 58 6515 59 6515 60 6411 58 6411 57 6411 60 6202 61 6202 58 6202 62 5760 63 5760 60 5760 63 6445 64 6445 60 6445 64 5824 61 5824 60 5824 62 6271 65 6271 63 6271 66 5724 67 5724 62 5724 67 6307 65 6307 62 6307 66 5475 68 5475 67 5475 69 5491 70 5491 71 5491 69 6482 72 6482 70 6482 73 6474 72 6474 69 6474 74 6418 72 6418 73 6418 74 5898 75 5898 72 5898 74 6350 76 6350 75 6350 77 6315 78 6315 74 6315 78 6409 76 6409 74 6409 77 5732 79 5732 78 5732 77 6308 80 6308 79 6308 81 6403 80 6403 77 6403 81 6525 82 6525 80 6525 83 5963 84 5963 85 5963 83 6147 86 6147 84 6147 86 6422 87 6422 84 6422 86 5690 88 5690 87 5690 86 6286 89 6286 88 6286 90 5711 91 5711 89 5711 86 6264 90 6264 89 6264 90 6116 92 6116 91 6116 93 6520 94 6520 92 6520 95 6313 93 6313 92 6313 90 5964 95 5964 92 5964 96 5516 94 5516 93 5516 97 6112 98 6112 99 6112 100 6298 97 6298 99 6298 101 5668 100 5668 99 5668 102 5664 100 5664 101 5664 103 5913 100 5913 102 5913 104 6311 103 6311 102 6311 105 5633 103 5633 104 5633 106 5808 103 5808 105 5808 107 5586 108 5586 106 5586 108 5748 103 5748 106 5748 109 5950 110 5950 111 5950 109 6121 112 6121 110 6121 112 5678 113 5678 110 5678 112 5639 114 5639 113 5639 112 5774 115 5774 114 5774 116 5703 117 5703 115 5703 112 5713 116 5713 115 5713 116 6217 118 6217 117 6217 119 5290 120 5290 118 5290 121 6460 119 6460 118 6460 116 6102 121 6102 118 6102 122 6448 120 6448 119 6448 123 677 124 677 125 677 126 584 123 584 125 584 127 532 126 532 125 532 128 279 126 279 127 279 123 819 129 819 124 819 130 820 126 820 128 820 123 348 131 348 129 348 132 334 126 334 130 334 123 729 133 729 131 729 134 708 126 708 132 708 123 714 135 714 133 714 136 675 126 675 134 675 123 283 137 283 135 283 138 256 126 256 136 256 139 730 140 730 137 730 123 178 139 178 137 178 141 329 126 329 138 329 142 480 141 480 138 480 139 554 143 554 140 554 144 615 141 615 142 615 145 412 144 412 142 412 146 745 147 745 143 745 139 823 146 823 143 823 148 603 144 603 145 603 146 237 149 237 147 237 150 876 151 876 148 876 151 188 144 188 148 188 152 969 153 969 149 969 153 75 154 75 149 75 154 0 155 0 149 0 156 762 157 762 149 762 146 288 156 288 149 288 157 463 158 463 149 463 158 432 159 432 149 432 159 354 152 354 149 354 160 1003 161 1003 150 1003 161 932 162 932 150 932 162 148 163 148 150 148 163 965 164 965 150 965 164 451 151 451 150 451 165 6362 166 6362 167 6362 168 5700 166 5700 165 5700 168 5619 169 5619 166 5619 169 6294 170 6294 166 6294 171 6447 170 6447 169 6447 172 6233 170 6233 171 6233 173 5520 174 5520 170 5520 172 6213 173 6213 170 6213 175 5667 176 5667 177 5667 178 5542 179 5542 177 5542 180 6454 178 6454 177 6454 176 6232 181 6232 177 6232 181 6372 182 6372 177 6372 182 5644 180 5644 177 5644 183 6487 184 6487 177 6487 184 6198 185 6198 177 6198 185 6106 175 6106 177 6106 186 5643 187 5643 183 5643 187 6419 188 6419 183 6419 188 5947 184 5947 183 5947 189 5611 190 5611 183 5611 190 5472 191 5472 183 5472 191 6484 192 6484 183 6484 192 5572 193 5572 183 5572 193 6427 194 6427 183 6427 194 5571 195 5571 183 5571 195 6240 196 6240 183 6240 196 5780 197 5780 183 5780 197 6300 186 6300 183 6300 198 5652 190 5652 189 5652 199 6389 190 6389 198 6389 200 6268 190 6268 199 6268 201 5691 190 5691 200 5691 202 6192 190 6192 201 6192 203 6167 204 6167 202 6167 205 5952 190 5952 202 5952 204 6156 205 6156 202 6156 206 3380 207 3380 202 3380 207 6126 208 6126 202 6126 208 5827 203 5827 202 5827 209 5868 206 5868 210 5868 211 5819 209 5819 210 5819 212 6037 213 6037 206 6037 209 5937 212 5937 206 5937 213 5973 214 5973 206 5973 214 5916 207 5916 206 5916 215 6400 216 6400 217 6400 216 6231 218 6231 217 6231 218 5578 219 5578 217 5578 219 5638 220 5638 217 5638 220 6455 221 6455 217 6455 221 5546 222 5546 217 5546 223 6057 215 6057 217 6057 224 5603 223 5603 217 5603 225 6459 223 6459 224 6459 226 5626 223 5626 225 5626 227 5573 223 5573 226 5573 228 6195 223 6195 227 6195 229 6392 223 6392 228 6392 230 5926 223 5926 229 5926 231 6212 223 6212 230 6212 232 6150 231 6150 230 6150 233 5828 232 5828 234 5828 235 6368 233 6368 234 6368 233 6055 236 6055 232 6055 236 5965 237 5965 232 5965 237 6118 238 6118 232 6118 238 5897 239 5897 232 5897 240 5981 231 5981 232 5981 239 5962 241 5962 232 5962 241 6039 242 6039 232 6039 242 6115 240 6115 232 6115 243 5972 231 5972 240 5972 244 5948 231 5948 243 5948 245 6358 244 6358 243 6358 246 6327 245 6327 243 6327 247 6178 245 6178 246 6178 248 5782 245 5782 247 5782 249 5625 245 5625 248 5625 250 5552 245 5552 249 5552 251 5515 245 5515 250 5515 252 6518 251 6518 250 6518 253 6576 254 6576 255 6576 256 6237 257 6237 255 6237 257 5629 258 5629 255 5629 258 6401 259 6401 255 6401 259 5604 260 5604 255 5604 260 6395 253 6395 255 6395 261 5721 256 5721 255 5721 262 5617 261 5617 255 5617 263 5610 261 5610 262 5610 264 6437 261 6437 263 6437 265 5576 261 5576 264 5576 266 6185 261 6185 265 6185 267 6393 261 6393 266 6393 268 5927 261 5927 267 5927 269 5823 261 5823 268 5823 270 6173 269 6173 268 6173 271 6337 272 6337 273 6337 272 5943 270 5943 273 5943 272 5901 274 5901 270 5901 274 6006 275 6006 270 6006 275 5956 276 5956 270 5956 276 6107 277 6107 270 6107 277 6084 278 6084 270 6084 278 5814 279 5814 270 5814 279 6129 280 6129 270 6129 280 5805 281 5805 270 5805 281 5977 269 5977 270 5977 282 6077 269 6077 281 6077 283 6065 269 6065 282 6065 284 5620 283 5620 282 5620 285 5699 283 5699 284 5699 286 6397 285 6397 284 6397 287 5583 285 5583 286 5583 288 6405 285 6405 287 6405 289 5514 290 5514 288 5514 291 5591 289 5591 288 5591 292 5597 285 5597 288 5597 290 6357 292 6357 288 6357 293 5464 294 5464 295 5464 293 5585 296 5585 294 5585 297 6293 296 6293 293 6293 298 5717 296 5717 297 5717 298 5637 299 5637 296 5637 300 6451 299 6451 298 6451 301 5581 299 5581 300 5581 302 6082 299 6082 301 6082 302 6362 303 6362 299 6362 304 5434 305 5434 306 5434 304 6382 307 6382 305 6382 308 5842 309 5842 310 5842 311 5883 308 5883 310 5883 312 6394 311 6394 310 6394 313 5687 311 5687 312 5687 314 5720 311 5720 313 5720 315 6408 314 6408 313 6408 316 6254 314 6254 315 6254 317 6431 314 6431 316 6431 318 5577 319 5577 317 5577 319 6415 314 6415 317 6415 320 703 321 703 322 703 321 646 323 646 322 646 323 177 324 177 322 177 323 855 325 855 324 855 323 378 326 378 325 378 327 326 328 326 326 326 323 666 327 666 326 666 327 133 329 133 328 133 330 1004 331 1004 329 1004 327 146 330 146 329 146 332 1129 333 1129 334 1129 335 246 333 246 332 246 336 1098 337 1098 338 1098 339 975 337 975 336 975 339 289 340 289 337 289 339 830 341 830 340 830 342 1007 343 1007 339 1007 343 853 341 853 339 853 342 467 344 467 343 467 342 998 345 998 344 998 346 1022 345 1022 342 1022 347 3189 348 3189 349 3189 348 278 350 278 351 278 347 655 350 655 348 655 352 962 353 962 347 962 354 73 353 73 352 73 355 1048 347 1048 353 1048 356 31 353 31 354 31 356 10 355 10 353 10 354 3398 355 3398 356 3398 357 3068 347 3068 355 3068 358 19 355 19 354 19 358 12 359 12 355 12 359 972 357 972 355 972 354 317 359 317 358 317 357 629 350 629 347 629 360 369 350 369 357 369 354 884 361 884 359 884 359 511 361 511 357 511 361 600 360 600 357 600 362 340 350 340 360 340 363 763 364 763 360 763 364 3281 362 3281 360 3281 361 744 363 744 360 744 365 3287 363 3287 361 3287 354 901 365 901 361 901 363 759 365 759 364 759 365 775 362 775 364 775 366 879 350 879 362 879 354 224 367 224 365 224 365 695 367 695 362 695 367 692 366 692 362 692 368 383 350 383 366 383 354 696 369 696 367 696 367 691 368 691 366 691 370 408 350 408 368 408 367 888 371 888 368 888 371 789 372 789 368 789 373 0 374 0 368 0 374 3243 370 3243 368 3243 372 3272 373 3272 368 3272 375 3273 371 3273 367 3273 369 425 375 425 367 425 371 786 376 786 372 786 376 659 373 659 372 659 375 3267 376 3267 371 3267 375 0 377 0 376 0 377 652 370 652 374 652 375 456 370 456 377 456 378 817 350 817 370 817 375 479 379 479 370 479 380 3172 379 3172 375 3172 369 570 380 570 375 570 380 474 378 474 370 474 380 572 381 572 378 572 369 828 381 828 380 828 382 710 350 710 378 710 383 3285 382 3285 378 3285 384 1058 383 1058 378 1058 381 573 384 573 378 573 369 840 384 840 381 840 384 1057 382 1057 383 1057 385 172 350 172 382 172 384 781 386 781 382 781 387 3259 386 3259 384 3259 369 270 387 270 384 270 387 0 388 0 386 0 388 767 385 767 382 767 387 650 385 650 388 650 389 525 350 525 385 525 390 0 391 0 385 0 391 3283 389 3283 385 3283 387 651 392 651 385 651 392 712 390 712 385 712 369 294 392 294 387 294 392 704 389 704 391 704 393 3283 394 3283 389 3283 394 3283 395 3283 389 3283 395 526 350 526 389 526 392 405 396 405 389 405 396 310 393 310 389 310 369 981 396 981 392 981 396 310 395 310 394 310 395 518 397 518 350 518 398 298 399 298 395 298 399 689 397 689 395 689 396 309 398 309 395 309 369 688 398 688 396 688 397 345 400 345 350 345 400 1069 401 1069 350 1069 402 3081 400 3081 397 3081 398 1027 403 1027 399 1027 404 3277 403 3277 398 3277 405 3260 404 3260 398 3260 369 505 405 505 398 505 406 20 397 20 399 20 403 1025 404 1025 399 1025 404 3200 406 3200 399 3200 405 3233 406 3233 404 3233 405 656 397 656 406 656 407 109 405 109 369 109 408 1060 409 1060 410 1060 411 1359 408 1359 410 1359 412 967 413 967 408 967 414 520 409 520 408 520 415 3132 414 3132 408 3132 413 709 415 709 408 709 416 80 415 80 413 80 416 1431 414 1431 415 1431 417 718 409 718 414 718 418 3258 419 3258 414 3258 419 3160 417 3160 414 3160 416 783 418 783 414 783 418 3227 420 3227 419 3227 420 386 417 386 419 386 416 983 420 983 418 983 421 496 409 496 417 496 420 384 421 384 417 384 422 244 409 244 421 244 423 349 421 349 420 349 424 3349 423 3349 420 3349 416 555 424 555 420 555 424 0 425 0 423 0 425 355 424 355 421 355 424 411 422 411 421 411 426 790 409 790 422 790 427 430 428 430 422 430 428 0 429 0 422 0 429 3218 426 3218 422 3218 424 410 427 410 422 410 430 3283 427 3283 424 3283 416 2440 431 2440 424 2440 431 3239 430 3239 424 3239 430 3283 432 3283 427 3283 432 429 430 429 429 429 430 365 426 365 429 365 433 243 409 243 426 243 430 3153 431 3153 426 3153 431 3121 433 3121 426 3121 434 419 409 419 433 419 435 3191 434 3191 433 3191 431 1177 436 1177 433 1177 436 717 434 717 435 717 437 460 409 460 434 460 438 0 437 0 434 0 436 582 439 582 434 582 439 196 440 196 434 196 440 3276 438 3276 434 3276 441 3271 439 3271 436 3271 431 3238 441 3238 436 3238 441 0 442 0 439 0 442 183 443 183 440 183 443 442 438 442 440 442 441 1 443 1 442 1 443 428 437 428 438 428 441 421 437 421 443 421 444 469 409 469 437 469 445 3283 446 3283 437 3283 446 3283 444 3283 437 3283 447 429 445 429 437 429 441 420 447 420 437 420 431 3149 448 3149 441 3149 448 458 447 458 441 458 447 429 444 429 446 429 449 529 409 529 444 529 450 3289 449 3289 444 3289 451 1013 450 1013 444 1013 447 200 451 200 444 200 452 3286 451 3286 447 3286 448 470 452 470 447 470 451 1002 449 1002 450 1002 452 427 449 427 451 427 453 832 409 832 449 832 454 300 453 300 449 300 452 409 454 409 449 409 455 3256 454 3256 452 3256 448 640 455 640 452 640 456 263 409 263 453 263 455 293 457 293 453 293 457 414 456 414 453 414 448 523 457 523 455 523 458 274 409 274 456 274 457 415 459 415 456 415 459 375 458 375 456 375 448 938 459 938 457 938 458 398 460 398 409 398 461 6575 462 6575 458 6575 462 38 460 38 458 38 463 995 461 995 458 995 459 376 463 376 458 376 448 254 463 254 459 254 463 1040 462 1040 461 1040 464 1050 409 1050 460 1050 463 3230 465 3230 462 3230 466 3226 465 3226 463 3226 448 1179 467 1179 463 1179 467 97 466 97 463 97 466 3229 462 3229 465 3229 468 76 460 76 462 76 466 3355 468 3355 462 3355 466 630 460 630 468 630 469 1163 470 1163 471 1163 469 923 472 923 473 923 470 140 469 140 473 140 474 154 475 154 476 154 469 322 477 322 472 322 478 585 469 585 475 585 474 152 479 152 475 152 480 3251 478 3251 475 3251 479 3244 480 3244 475 3244 481 25 479 25 474 25 482 302 481 302 474 302 481 441 478 441 480 441 478 632 477 632 469 632 481 936 483 936 478 936 482 215 483 215 481 215 483 951 482 951 478 951 484 455 477 455 478 455 485 3281 486 3281 478 3281 486 3284 484 3284 478 3284 482 538 485 538 478 538 487 682 477 682 484 682 488 1036 484 1036 486 1036 482 596 484 596 486 596 489 472 477 472 487 472 484 1017 490 1017 487 1017 491 5485 490 5485 484 5485 482 493 491 493 484 493 490 1018 491 1018 487 1018 491 402 489 402 487 402 492 488 477 488 489 488 491 401 492 401 489 401 493 592 477 592 492 592 491 438 494 438 492 438 482 445 494 445 491 445 494 439 493 439 492 439 493 530 495 530 477 530 496 475 495 475 493 475 497 3283 498 3283 493 3283 498 6184 496 6184 493 6184 494 777 499 777 493 777 499 641 500 641 493 641 500 3270 497 3270 493 3270 501 3275 499 3275 494 3275 482 634 501 634 494 634 499 649 502 649 500 649 502 204 497 204 500 204 501 3274 502 3274 499 3274 502 206 496 206 498 206 501 3263 496 3263 502 3263 482 338 496 338 501 338 503 536 477 536 495 536 504 3326 505 3326 495 3326 505 3310 503 3310 495 3310 506 282 504 282 495 282 496 478 506 478 495 478 482 221 506 221 496 221 506 280 503 280 505 280 507 418 477 418 503 418 506 387 508 387 503 387 482 856 508 856 506 856 508 388 507 388 503 388 509 423 477 423 507 423 482 897 507 897 508 897 507 1063 509 1063 510 1063 511 548 477 548 509 548 512 3283 511 3283 509 3283 513 3283 512 3283 509 3283 507 314 514 314 509 314 514 268 513 268 509 268 482 611 515 611 507 611 515 959 514 959 507 959 514 268 511 268 512 268 516 6577 517 6577 511 6577 517 3269 518 3269 511 3269 518 705 477 705 511 705 514 236 519 236 511 236 519 217 516 217 511 217 515 915 519 915 514 915 519 212 518 212 517 212 519 764 520 764 518 764 521 3252 520 3252 519 3252 515 226 521 226 519 226 521 0 522 0 520 0 522 738 521 738 518 738 523 153 524 153 477 153 525 88 526 88 477 88 527 566 528 566 477 566 526 21 527 21 477 21 528 1120 523 1120 477 1120 518 3335 525 3335 477 3335 521 3037 525 3037 518 3037 526 3309 525 3309 521 3309 529 3264 526 3264 521 3264 530 881 529 881 521 881 515 406 530 406 521 406 529 973 527 973 526 973 529 316 530 316 527 316 530 605 528 605 527 605 531 42 530 42 515 42 523 197 532 197 524 197 533 207 534 207 535 207 533 848 536 848 534 848 537 930 538 930 533 930 538 115 539 115 533 115 539 942 536 942 533 942 537 559 540 559 538 559 541 852 542 852 537 852 542 330 540 330 537 330 543 5794 544 5794 545 5794 546 5974 544 5974 543 5974 546 5941 547 5941 544 5941 548 6162 549 6162 546 6162 549 6365 550 6365 546 6365 550 5744 547 5744 546 5744 551 6305 552 6305 548 6305 552 5694 553 5694 548 5694 553 5761 549 5761 548 5761 554 862 555 862 556 862 554 861 557 861 555 861 558 625 559 625 554 625 559 193 560 193 554 193 560 948 557 948 554 948 561 899 562 899 558 899 562 139 563 139 558 139 563 864 559 864 558 864 564 5685 565 5685 566 5685 567 5686 565 5686 564 5686 567 5614 568 5614 565 5614 568 6211 569 6211 565 6211 570 6189 569 6189 568 6189 571 5653 572 5653 569 5653 573 6425 571 6425 569 6425 570 5742 573 5742 569 5742 574 550 575 550 576 550 577 684 578 684 576 684 575 671 579 671 576 671 579 502 580 502 576 502 581 539 577 539 576 539 582 337 581 337 576 337 580 551 582 551 576 551 583 3174 575 3174 574 3174 584 660 585 660 574 660 585 743 586 743 574 743 586 728 587 728 574 728 587 61 583 61 574 61 577 346 588 346 578 346 589 389 585 389 584 389 590 880 591 880 588 880 577 482 590 482 588 482 592 393 585 393 589 393 590 176 593 176 591 176 594 636 585 636 592 636 590 774 595 774 593 774 596 637 597 637 594 637 597 303 585 303 594 303 598 680 599 680 595 680 590 223 598 223 595 223 600 569 601 569 596 569 601 787 597 787 596 787 602 553 582 553 580 553 603 70 602 70 580 70 604 3163 602 3163 603 3163 605 1049 602 1049 604 1049 606 127 602 127 605 127 607 400 602 400 606 400 600 706 608 706 601 706 608 509 609 509 601 509 610 515 611 515 601 515 609 542 610 542 601 542 612 679 613 679 607 679 613 883 614 883 607 883 614 462 615 462 607 462 615 233 616 233 607 233 616 522 617 522 607 522 617 453 602 453 607 453 618 372 619 372 601 372 611 443 618 443 601 443 618 586 620 586 619 586 621 741 613 741 612 741 620 918 622 918 619 918 620 447 623 447 622 447 623 870 624 870 622 870 625 186 626 186 622 186 624 916 627 916 622 916 627 228 628 228 622 228 628 909 625 909 622 909 626 517 613 517 621 517 629 122 626 122 621 122 626 1064 630 1064 622 1064 630 118 626 118 629 118 631 3142 632 3142 581 3142 632 904 633 904 581 904 633 297 634 297 581 297 634 595 577 595 581 595 635 287 632 287 631 287 636 242 635 242 631 242 637 770 635 770 636 770 638 1006 635 1006 637 1006 639 527 640 527 637 527 640 341 638 341 637 341 641 3299 642 3299 599 3299 642 301 643 301 599 301 598 43 641 43 599 43 642 69 644 69 643 69 644 910 645 910 643 910 644 911 646 911 645 911 647 869 646 869 644 869 647 483 648 483 646 483 649 169 648 169 647 169 650 290 648 290 649 290 651 934 650 934 649 934 639 825 652 825 640 825 653 492 650 492 651 492 654 857 653 857 651 857 639 747 655 747 652 747 656 142 653 142 654 142 657 201 656 201 654 201 658 1016 657 1016 655 1016 659 245 660 245 655 245 660 893 661 893 655 893 661 873 658 873 655 873 639 368 662 368 655 368 662 782 659 782 655 782 658 587 656 587 657 587 658 597 663 597 656 597 658 540 664 540 663 540 658 534 665 534 664 534 658 407 666 407 665 407 658 498 667 498 666 498 658 494 668 494 667 494 658 590 669 590 668 590 658 562 670 562 669 562 671 5769 672 5769 673 5769 674 5756 672 5756 671 5756 674 5608 675 5608 672 5608 675 6128 676 6128 672 6128 677 6092 676 6092 675 6092 678 6283 679 6283 676 6283 680 5712 678 5712 676 5712 677 5709 680 5709 676 5709 681 921 682 921 683 921 681 792 684 792 682 792 681 760 685 760 684 760 685 305 686 305 684 305 685 795 687 795 686 795 687 392 688 392 686 392 689 149 690 149 688 149 687 367 691 367 688 367 691 846 689 846 688 846 689 130 692 130 690 130 692 810 693 810 690 810 694 1170 695 1170 696 1170 694 985 697 985 695 985 698 55 699 55 700 55 698 131 701 131 699 131 702 308 701 308 698 308 702 468 703 468 701 468 703 241 704 241 701 241 705 974 704 974 703 974 706 307 704 307 705 307 707 839 708 839 704 839 706 257 707 257 704 257 709 1073 708 1073 707 1073 710 561 711 561 712 561 711 697 713 697 712 697 714 564 715 564 710 564 715 96 716 96 710 96 716 937 711 937 710 937 711 291 717 291 713 291 711 681 718 681 717 681 711 727 719 727 718 727 711 816 720 816 719 816 711 459 721 459 720 459 711 321 722 321 721 321 711 249 723 249 722 249 711 1015 724 1015 723 1015 711 606 725 606 724 606 726 1077 727 1077 725 1077 727 34 728 34 725 34 711 67 729 67 725 67 729 24 730 24 725 24 730 3253 731 3253 725 3253 731 1151 726 1151 725 1151 728 3543 732 3543 725 3543 732 464 733 464 725 464 734 324 735 324 732 324 735 229 736 229 732 229 737 1107 738 1107 732 1107 736 99 737 99 732 99 739 129 740 129 732 129 741 607 742 607 732 607 738 128 739 128 732 128 740 766 743 766 732 766 743 939 741 939 732 939 742 871 744 871 732 871 744 621 745 621 732 621 745 501 733 501 732 501 746 1012 735 1012 734 1012 714 325 747 325 715 325 748 181 735 181 746 181 714 987 748 987 747 987 714 516 735 516 748 516 749 4 750 4 740 4 750 3834 751 3834 740 3834 751 3465 752 3465 740 3465 752 23 743 23 740 23 714 104 753 104 735 104 754 3 750 3 749 3 755 3402 754 3402 749 3402 714 126 756 126 753 126 757 3652 754 3652 755 3652 714 1045 758 1045 756 1045 759 40 754 40 757 40 714 944 760 944 758 944 760 63 754 63 759 63 714 772 754 772 760 772 761 6553 762 6553 744 6553 762 867 763 867 744 867 763 15 745 15 744 15 764 5257 765 5257 761 5257 765 29 766 29 761 29 766 1465 767 1465 761 1465 767 3119 762 3119 761 3119 768 1080 764 1080 761 1080 769 769 764 769 768 769 770 32 769 32 768 32 714 82 771 82 754 82 772 1061 769 1061 770 1061 773 27 774 27 770 27 774 1140 772 1140 770 1140 775 14 776 14 770 14 776 1023 773 1023 770 1023 714 946 777 946 771 946 714 732 776 732 777 732 776 1161 778 1161 777 1161 776 3430 775 3430 778 3430 779 803 780 803 733 803 745 778 779 778 733 778 779 801 781 801 780 801 782 661 781 661 779 661 783 631 784 631 782 631 784 737 781 737 782 737 785 761 786 761 782 761 786 657 783 657 782 657 787 2290 785 2290 782 2290 788 158 789 158 764 158 769 74 788 74 764 74 788 3221 790 3221 789 3221 790 395 791 395 789 395 792 100 785 100 787 100 790 495 785 495 792 495 790 1173 792 1173 791 1173 793 1119 794 1119 785 1119 795 356 793 356 785 356 790 858 795 858 785 858 714 397 796 397 776 397 793 2585 797 2585 794 2585 798 990 793 990 795 990 714 986 799 986 796 986 800 394 793 394 798 394 714 1146 801 1146 799 1146 802 589 793 589 800 589 714 1128 802 1128 801 1128 803 1009 804 1009 805 1009 806 93 804 93 803 93 806 92 807 92 804 92 806 145 808 145 807 145 809 670 808 670 806 670 810 227 808 227 809 227 810 179 811 179 808 179 812 779 811 779 810 779 813 812 811 812 812 812 814 275 811 275 813 275 814 214 815 214 811 214 816 1051 815 1051 814 1051 817 358 818 358 819 358 820 720 818 720 817 720 821 771 820 771 817 771 822 806 820 806 821 806 823 347 820 347 822 347 824 234 823 234 822 234 825 814 823 814 824 814 826 440 823 440 825 440 827 57 828 57 826 57 828 292 829 292 826 292 829 567 823 567 826 567 827 1078 830 1078 828 1078 831 0 832 0 833 0 834 89 832 89 831 89 835 956 832 956 834 956 836 1011 837 1011 838 1011 839 742 832 742 835 742 836 116 840 116 837 116 841 524 832 524 839 524 836 868 842 868 840 868 843 487 832 487 841 487 836 947 844 947 842 947 836 364 845 364 844 364 846 753 832 753 843 753 836 818 847 818 845 818 848 253 832 253 846 253 849 238 848 238 846 238 836 844 850 844 847 844 850 648 851 648 847 648 851 622 852 622 847 622 853 802 854 802 849 802 854 491 855 491 849 491 855 653 848 653 849 653 851 500 856 500 852 500 856 137 857 137 852 137 858 203 859 203 853 203 859 748 860 748 853 748 860 663 854 663 853 663 857 579 861 579 858 579 861 533 862 533 858 533 862 749 863 749 858 749 863 312 864 312 858 312 864 804 865 804 858 804 865 614 866 614 858 614 866 506 859 506 858 506 867 711 861 711 857 711 856 399 868 399 857 399 868 736 869 736 857 736 869 452 870 452 857 452 870 220 871 220 857 220 871 813 872 813 857 813 872 323 867 323 857 323 873 391 874 391 875 391 874 568 876 568 875 568 877 512 873 512 875 512 878 874 873 874 877 874 879 890 880 890 881 890 882 994 879 994 881 994 883 449 882 449 881 449 884 454 885 454 883 454 885 3128 886 3128 883 3128 886 39 882 39 883 39 887 161 873 161 878 161 879 913 888 913 880 913 889 1008 873 1008 887 1008 879 248 890 248 888 248 891 885 873 885 889 885 879 799 892 799 890 799 893 232 894 232 891 232 894 1044 873 1044 891 1044 879 260 895 260 892 260 896 999 897 999 893 999 898 535 899 535 893 535 899 106 896 106 893 106 897 157 894 157 893 157 900 79 901 79 895 79 901 3305 902 3305 895 3305 902 537 903 537 895 537 879 102 900 102 895 102 904 231 903 231 902 231 884 514 905 514 885 514 906 422 907 422 876 422 874 877 908 877 876 877 908 353 906 353 876 353 909 272 903 272 904 272 910 497 911 497 884 497 911 484 905 484 884 484 912 707 909 707 904 707 913 191 912 191 904 191 914 847 913 847 904 847 910 571 915 571 911 571 916 328 917 328 911 328 915 507 916 507 911 507 918 726 913 726 914 726 919 135 920 135 917 135 916 577 919 577 917 577 921 574 913 574 918 574 919 576 922 576 920 576 923 185 921 185 918 185 922 3196 924 3196 920 3196 925 746 926 746 923 746 927 373 921 373 923 373 926 698 927 698 923 698 928 315 925 315 923 315 922 83 928 83 924 83 922 541 925 541 928 541 906 756 929 756 907 756 906 619 930 619 929 619 906 549 931 549 930 549 906 424 932 424 931 424 906 575 933 575 932 575 933 580 934 580 932 580 935 3114 936 3114 898 3114 937 362 935 362 898 362 938 434 937 434 898 434 936 665 899 665 898 665 939 489 937 489 938 489 940 740 937 740 939 740 941 531 937 531 940 531 921 486 942 486 913 486 943 431 937 431 941 431 921 544 944 544 942 544 944 833 945 833 942 833 945 543 937 543 943 543 946 733 937 733 945 733 944 350 947 350 945 350 948 628 949 628 945 628 949 581 946 581 945 581 947 859 950 859 945 859 950 306 951 306 945 306 951 546 948 546 945 546 952 273 934 273 933 273 953 968 934 968 952 968 954 687 934 687 953 687 955 276 954 276 953 276 951 627 956 627 948 627 956 701 957 701 948 701 958 669 954 669 955 669 959 370 958 370 955 370 960 150 959 150 955 150 961 724 960 724 948 724 957 620 961 620 948 620 961 638 962 638 960 638 962 552 959 552 960 552 963 558 959 558 962 558 964 471 965 471 959 471 963 598 964 598 959 598 966 557 967 557 921 557 968 773 966 773 921 773 967 556 969 556 921 556 969 545 944 545 921 545 970 547 964 547 963 547 971 3165 972 3165 973 3165 974 101 972 101 971 101 975 980 972 980 974 980 976 954 977 954 978 954 979 796 972 796 975 796 976 928 980 928 977 928 981 476 972 476 979 476 976 141 982 141 980 141 983 662 972 662 981 662 976 964 984 964 982 964 976 426 985 426 984 426 986 173 972 173 983 173 976 906 987 906 985 906 988 780 972 780 986 780 989 935 988 935 986 935 990 643 991 643 987 643 992 755 990 755 987 755 976 878 992 878 987 878 993 838 994 838 989 838 994 565 995 565 989 565 995 674 988 674 989 674 996 332 997 332 991 332 990 690 996 690 991 690 998 210 999 210 993 210 999 304 1000 304 993 304 1000 664 994 664 993 664 1001 626 1002 626 998 626 997 513 1001 513 998 513 1002 258 1003 258 998 258 1003 854 1004 854 998 854 1004 352 1005 352 998 352 1005 731 1006 731 998 731 1006 647 999 647 998 647 996 716 1007 716 997 716 1007 284 1008 284 997 284 1008 723 1009 723 997 723 1009 693 1010 693 997 693 1010 382 1011 382 997 382 1011 831 1012 831 997 831 1012 277 1001 277 997 277 1013 6399 1014 6399 1015 6399 1013 5118 1016 5118 1014 5118 1013 5098 1017 5098 1016 5098 1013 3806 1018 3806 1017 3806 1013 5071 1019 5071 1018 5071 1013 3971 1020 3971 1019 3971 1013 4745 1021 4745 1020 4745 1013 4820 1022 4820 1021 4820 1023 4373 1022 4373 1013 4373 1024 4125 1025 4125 1022 4125 1023 4284 1024 4284 1022 4284 1024 4342 1026 4342 1025 4342 1026 4314 1027 4314 1025 4314 1027 5211 1028 5211 1025 5211 1027 4867 1029 4867 1028 4867 1029 4211 1030 4211 1028 4211 1030 4899 1031 4899 1028 4899 1031 4452 1032 4452 1028 4452 1032 3871 1033 3871 1028 3871 1033 5094 1034 5094 1028 5094 1034 4443 1035 4443 1028 4443 1036 4415 1035 4415 1034 4415 1037 5092 1038 5092 1035 5092 1039 4727 1037 4727 1035 4727 1040 4332 1041 4332 1035 4332 1041 3979 1042 3979 1035 3979 1042 4859 1039 4859 1035 4859 1036 4414 1040 4414 1035 4414 1043 3986 1044 3986 1038 3986 1045 3899 1043 3899 1038 3899 1037 4747 1045 4747 1038 4747 1046 4117 1047 4117 1044 4117 1043 4047 1046 4047 1044 4047 1048 3837 1049 3837 1047 3837 1046 5084 1048 5084 1047 5084 1048 4971 1050 4971 1049 4971 1051 3478 1048 3478 1052 3478 1053 5214 1048 5214 1051 5214 1048 3832 1053 3832 1050 3832 1054 2935 1055 2935 1056 2935 1057 1354 1055 1354 1054 1354 1057 1247 1058 1247 1055 1247 1058 1459 1059 1459 1055 1459 1060 2834 1059 2834 1058 2834 1061 1419 1059 1419 1060 1419 1062 1240 1063 1240 1059 1240 1061 1418 1062 1418 1059 1418 1064 997 1063 997 1062 997 1065 3066 1066 3066 1067 3066 1068 1096 1066 1096 1065 1096 1069 3077 1070 3077 1071 3077 1069 2756 1072 2756 1070 2756 1073 2735 1072 2735 1069 2735 1073 2654 1074 2654 1072 2654 1074 2485 1075 2485 1072 2485 1076 2547 1075 2547 1074 2547 1077 2586 1075 2586 1076 2586 1078 1677 1079 1677 1075 1677 1077 1453 1078 1453 1075 1453 1080 1379 1079 1379 1078 1379 1081 1166 1082 1166 1083 1166 1081 2787 1084 2787 1082 2787 1085 1405 1086 1405 1087 1405 1085 1552 1088 1552 1086 1552 1085 1289 1089 1289 1088 1289 1089 1451 1090 1451 1088 1451 1090 2511 1091 2511 1088 2511 1092 1545 1084 1545 1081 1545 1084 2396 1092 2396 1091 2396 1093 2843 1084 2843 1091 2843 1090 2868 1094 2868 1091 2868 1094 1392 1093 1392 1091 1392 1095 2668 1096 2668 1097 2668 1098 2412 1096 2412 1095 2412 1099 2414 1096 2414 1098 2414 1100 2121 1101 2121 1098 2121 1101 2830 1102 2830 1098 2830 1102 2549 1099 2549 1098 2549 1103 1687 1104 1687 1100 1687 1104 2650 1105 2650 1100 2650 1105 1631 1101 1631 1100 1631 1106 1148 1107 1148 1104 1148 1103 1573 1106 1573 1104 1573 1108 2798 1107 2798 1106 2798 1109 3162 1110 3162 1111 3162 1112 2874 1110 2874 1109 2874 1112 1541 1113 1541 1110 1541 1114 1457 1115 1457 1112 1457 1115 2927 1116 2927 1112 2927 1116 1310 1113 1310 1112 1310 1114 2737 1117 2737 1115 2737 1118 2786 1119 2786 1114 2786 1119 2847 1117 2847 1114 2847 1118 2457 1120 2457 1119 2457 1121 1697 1122 1697 1123 1697 1124 2531 1122 2531 1121 2531 1125 2533 1122 2533 1124 2533 1126 2447 1127 2447 1124 2447 1127 2923 1128 2923 1124 2923 1128 1274 1125 1274 1124 1274 1129 2535 1130 2535 1126 2535 1130 2369 1127 2369 1126 2369 1131 2773 1129 2773 1126 2773 1132 3045 1133 3045 1129 3045 1131 2894 1132 2894 1129 2894 1134 1105 1133 1105 1132 1105 1135 5376 1136 5376 1137 5376 1135 3527 1138 3527 1136 3527 1135 4101 1139 4101 1138 4101 1135 5056 1140 5056 1139 5056 1135 3887 1141 3887 1140 3887 1135 4572 1142 4572 1141 4572 1135 4748 1143 4748 1142 4748 1135 4822 1144 4822 1143 4822 1145 4371 1144 4371 1135 4371 1146 4147 1147 4147 1144 4147 1145 4284 1146 4284 1144 4284 1146 4405 1148 4405 1147 4405 1148 4259 1149 4259 1147 4259 1149 4293 1150 4293 1147 4293 1151 4232 1152 4232 1150 4232 1149 3958 1153 3958 1150 3958 1153 4992 1154 4992 1150 4992 1152 4603 1155 4603 1150 4603 1154 4589 1156 4589 1150 4589 1156 4066 1157 4066 1150 4066 1157 3839 1151 3839 1150 3839 1158 4468 1155 4468 1152 4468 1159 3868 1160 3868 1155 3868 1161 4634 1162 4634 1155 4634 1158 4465 1161 4465 1155 4465 1162 4630 1163 4630 1155 4630 1163 4884 1164 4884 1155 4884 1164 3889 1159 3889 1155 3889 1165 4180 1166 4180 1160 4180 1159 4810 1167 4810 1160 4810 1167 4942 1165 4942 1160 4942 1168 5178 1169 5178 1166 5178 1165 4112 1168 4112 1166 4112 1170 3991 1171 3991 1169 3991 1168 3817 1170 3817 1169 3817 1170 5017 1172 5017 1171 5017 1173 5558 1170 5558 1174 5558 1175 3747 1170 3747 1173 3747 1170 3789 1175 3789 1172 3789 1176 2876 1177 2876 1178 2876 1177 1355 1179 1355 1178 1355 1177 1424 1180 1424 1179 1424 1181 1586 1177 1586 1176 1586 1182 2929 1183 2929 1180 2929 1177 2451 1182 2451 1180 2451 1182 1334 1184 1334 1183 1334 1182 1574 1185 1574 1184 1574 1186 1532 1187 1532 1188 1532 1189 1750 1186 1750 1188 1750 1186 2963 1190 2963 1187 2963 1191 1755 1186 1755 1189 1755 1192 2309 1186 2309 1191 2309 1193 2446 1194 2446 1186 2446 1195 1653 1193 1653 1186 1653 1196 1835 1195 1835 1186 1835 1192 1514 1196 1514 1186 1514 1193 2261 1197 2261 1194 2261 1198 2072 1197 2072 1193 2072 1199 2169 1198 2169 1193 2169 1200 1611 1198 1611 1199 1611 1201 1495 1200 1495 1199 1495 1202 2365 1200 2365 1201 2365 1203 2460 1200 2460 1202 2460 1204 2665 1200 2665 1203 2665 1205 1658 1200 1658 1204 1658 1206 2815 1207 2815 1208 2815 1209 2364 1206 2364 1208 2364 1207 2430 1210 2430 1208 2430 1210 1505 1211 1505 1208 1505 1211 2623 1212 2623 1208 2623 1212 1605 1213 1605 1208 1605 1213 2501 1200 2501 1208 2501 1200 3055 1214 3055 1208 3055 1200 2601 1215 2601 1214 2601 1215 1407 1200 1407 1205 1407 1198 2941 1216 2941 1197 2941 1198 1296 1217 1296 1216 1296 1198 2640 1218 2640 1217 2640 1198 2725 1219 2725 1218 2725 1198 2705 1220 2705 1219 2705 1198 2740 1221 2740 1220 2740 1198 1233 1222 1233 1221 1233 1198 3029 1223 3029 1222 3029 1224 1411 1225 1411 1223 1411 1198 1211 1224 1211 1223 1211 1226 1508 1227 1508 1228 1508 1229 2892 1226 2892 1228 2892 1230 1341 1226 1341 1229 1341 1226 1666 1231 1666 1227 1666 1232 2774 1226 2774 1230 2774 1226 2957 1233 2957 1231 2957 1234 1489 1226 1489 1232 1489 1235 2408 1236 2408 1233 2408 1236 2845 1237 2845 1233 2845 1237 1372 1238 1372 1233 1372 1238 2744 1239 2744 1233 2744 1226 1231 1235 1231 1233 1231 1239 2514 1240 2514 1233 2514 1240 1640 1241 1640 1233 1640 1241 2046 1242 2046 1233 2046 1243 2698 1226 2698 1234 2698 1244 1538 1226 1538 1243 1538 1245 2200 1226 2200 1244 2200 1246 2268 1247 2268 1245 2268 1247 3048 1226 3048 1245 3048 1248 2334 1247 2334 1246 2334 1249 2065 1247 2065 1248 2065 1250 1399 1247 1399 1249 1399 1251 2842 1247 2842 1250 2842 1247 1751 1252 1751 1253 1751 1254 1402 1247 1402 1251 1402 1247 2581 1254 2581 1252 2581 1241 1613 1255 1613 1242 1613 1241 2658 1256 2658 1255 2658 1241 2659 1257 2659 1256 2659 1241 2537 1258 2537 1257 2537 1241 2728 1259 2728 1258 2728 1241 1243 1260 1243 1259 1243 1241 2891 1261 2891 1260 2891 1241 1306 1262 1306 1261 1306 1241 2998 1263 2998 1262 2998 1263 45 1264 45 1262 45 1265 2021 1266 2021 1267 2021 1266 2902 1268 2902 1267 2902 1269 2824 1270 2824 1265 2824 1270 2803 1266 2803 1265 2803 1266 1822 1271 1822 1268 1822 1266 1487 1272 1487 1271 1487 1273 1858 1274 1858 1272 1858 1274 1268 1275 1268 1272 1268 1275 1686 1276 1686 1272 1686 1276 2857 1277 2857 1272 2857 1277 1527 1278 1527 1272 1527 1278 2606 1279 2606 1272 2606 1279 2475 1280 2475 1272 2475 1280 2087 1281 2087 1272 2087 1266 1676 1273 1676 1272 1676 1282 2697 1273 2697 1266 2697 1283 1529 1273 1529 1282 1529 1284 2191 1273 2191 1283 2191 1285 2519 1273 2519 1284 2519 1286 2527 1273 2527 1285 2527 1287 1409 1273 1409 1286 1409 1288 2670 1273 2670 1287 2670 1289 1620 1273 1620 1288 1620 1273 765 1290 765 1291 765 1273 2731 1292 2731 1290 2731 1292 2720 1273 2720 1289 2720 1280 2481 1293 2481 1281 2481 1280 2330 1294 2330 1293 2330 1280 1455 1295 1455 1294 1455 1296 2710 1297 2710 1295 2710 1280 3026 1296 3026 1295 3026 1296 1298 1298 1298 1297 1298 1296 2996 1299 2996 1298 2996 1296 1182 1300 1182 1299 1182 1296 1606 1301 1606 1300 1606 1301 1123 1302 1123 1300 1123 1303 1667 1304 1667 1305 1667 1303 1434 1306 1434 1304 1434 1303 1679 1307 1679 1306 1679 1308 2727 1309 2727 1303 2727 1309 1728 1307 1728 1303 1728 1308 2688 1310 2688 1309 2688 1308 2739 1311 2739 1310 2739 1312 2840 1311 2840 1308 2840 1312 3039 1313 3039 1311 3039 1314 3022 1315 3022 1316 3022 1314 1101 1317 1101 1315 1101 1318 950 1319 950 1320 950 1321 1220 1319 1220 1318 1220 1321 1282 1322 1282 1319 1282 1323 1474 1324 1474 1321 1474 1324 2901 1325 2901 1321 2901 1325 1285 1322 1285 1321 1285 1323 1380 1326 1380 1324 1380 1327 1357 1328 1357 1323 1357 1328 1391 1326 1391 1323 1391 1327 3010 1329 3010 1328 3010 1330 6444 1331 6444 1332 6444 1330 5323 1333 5323 1331 5323 1334 5277 1333 5277 1330 5277 1334 5295 1335 5295 1333 5295 1335 4041 1336 4041 1333 4041 1337 5258 1336 5258 1335 5258 1338 5196 1336 5196 1337 5196 1339 3630 1340 3630 1336 3630 1338 5281 1339 5281 1336 5281 1341 3459 1340 3459 1339 3459 1342 3526 1343 3526 1344 3526 1345 5458 1343 5458 1342 5458 1346 4936 1347 4936 1348 4936 1349 3608 1347 3608 1346 3608 1350 3753 1347 3753 1349 3753 1350 4916 1351 4916 1347 4916 1352 3665 1351 3665 1350 3665 1353 3965 1351 3965 1352 3965 1354 3853 1351 3853 1353 3853 1354 3719 1355 3719 1351 3719 1356 3467 1355 3467 1354 3467 1357 5215 1358 5215 1359 5215 1360 4352 1358 4352 1357 4352 1358 3988 1361 3988 1359 3988 1362 4357 1358 4357 1360 4357 1363 4364 1362 4364 1360 4364 1364 4387 1363 4387 1360 4387 1365 4420 1364 4420 1360 4420 1358 1152 1366 1152 1361 1152 1367 4291 1368 4291 1360 4291 1369 4384 1362 4384 1363 4384 1365 4517 1370 4517 1364 4517 1371 4285 1365 4285 1360 4285 1371 1070 1372 1070 1365 1070 1369 5037 1373 5037 1362 5037 1374 4356 1370 4356 1365 4356 1371 4190 1375 4190 1372 4190 1376 4188 1367 4188 1360 4188 1377 1216 1368 1216 1367 1216 1378 4726 1371 4726 1360 4726 1368 4488 1378 4488 1360 4488 1374 5533 1375 5533 1370 5533 1370 5175 1373 5175 1369 5175 1379 4262 1375 4262 1371 4262 1368 4732 1380 4732 1378 4732 1379 3336 1380 3336 1375 3336 1360 4360 1381 4360 1376 4360 1367 5498 1382 5498 1377 5498 1382 3353 1383 3353 1368 3353 1383 5406 1380 5406 1368 5406 1383 4302 1375 4302 1380 4302 1383 4321 1370 4321 1375 4321 1383 5238 1373 5238 1370 5238 1384 6449 1382 6449 1367 6449 1385 4435 1381 4435 1360 4435 1385 5368 1386 5368 1381 5368 1387 6265 1376 6265 1381 6265 1387 4295 1388 4295 1376 4295 1384 3555 1383 3555 1382 3555 1389 4593 1388 4593 1387 4593 1386 4366 1390 4366 1381 4366 1391 4268 1390 4268 1386 4268 1392 4463 1384 4463 1388 4463 1389 4855 1392 4855 1388 4855 1392 4422 1383 4422 1384 4422 1390 4659 1392 4659 1389 4659 1391 4315 1392 4315 1390 4315 1393 3549 1394 3549 1360 3549 1394 3793 1395 3793 1360 3793 1396 4254 1385 4254 1360 4254 1397 4172 1396 4172 1360 4172 1395 4715 1397 4715 1360 4715 1396 4477 1398 4477 1385 4477 1398 4255 1399 4255 1385 4255 1395 4819 1400 4819 1397 4819 1398 940 1391 940 1399 940 1401 4814 1400 4814 1395 4814 1401 3426 1398 3426 1400 3426 1402 4775 1403 4775 1360 4775 1393 896 1404 896 1394 896 1405 4335 1406 4335 1394 4335 1404 6567 1405 6567 1394 6567 1392 4127 1391 4127 1398 4127 1401 4750 1392 4750 1398 4750 1393 3167 1407 3167 1404 3167 1405 6370 1401 6370 1406 6370 1392 3406 1407 3406 1393 3406 1392 4542 1401 4542 1405 4542 1408 5339 1392 5339 1393 5339 1407 3952 1392 3952 1405 3952 1409 4515 1402 4515 1360 4515 1409 4434 1410 4434 1402 4434 1411 4994 1360 4994 1403 4994 1411 3150 1412 3150 1360 3150 1413 5415 1393 5415 1360 5415 1412 5854 1414 5854 1360 5854 1414 4455 1413 4455 1360 4455 1413 5397 1415 5397 1393 5397 1415 3514 1416 3514 1393 3514 1408 4120 1416 4120 1392 4120 1412 5460 1417 5460 1414 5460 1402 3456 1412 3456 1403 3456 1417 3392 1416 3392 1415 3392 1412 898 1416 898 1417 898 1418 6334 1402 6334 1410 6334 1412 5303 1392 5303 1416 5303 1419 3117 1412 3117 1402 3117 1410 6369 1419 6369 1418 6369 1409 4821 1420 4821 1410 4821 1421 6552 1419 6552 1410 6552 1419 3377 1392 3377 1412 3377 1421 3228 1392 3228 1419 3228 1422 4457 1423 4457 1409 4457 1424 4311 1422 4311 1409 4311 1423 4706 1425 4706 1409 4706 1425 4351 1420 4351 1409 4351 1425 4076 1426 4076 1420 4076 1427 4235 1426 4235 1425 4235 1422 4053 1428 4053 1423 4053 1426 4179 1392 4179 1421 4179 1429 4623 1430 4623 1424 4623 1430 4561 1422 4561 1424 4561 1427 4654 1431 4654 1426 4654 1432 3989 1428 3989 1422 3989 1430 4588 1433 4588 1422 4588 1433 4790 1434 4790 1422 4790 1434 4071 1435 4071 1422 4071 1428 5123 1431 5123 1427 5123 1436 4557 1437 4557 1430 4557 1429 3294 1438 3294 1430 3294 1437 4402 1439 4402 1430 4402 1439 4493 1433 4493 1430 4493 1432 3883 1431 3883 1428 3883 1431 4576 1392 4576 1426 4576 1435 5097 1431 5097 1432 5097 1434 4088 1431 4088 1435 4088 1437 4580 1431 4580 1434 4580 1436 4749 1431 4749 1437 4749 1440 4676 1441 4676 1442 4676 1443 4460 1440 4460 1442 4460 1440 3920 1444 3920 1441 3920 1445 4481 1440 4481 1443 4481 1446 4530 1445 4530 1443 4530 1447 4927 1446 4927 1443 4927 1444 3471 1440 3471 1448 3471 1449 4382 1450 4382 1443 4382 1451 4391 1449 4391 1443 4391 1452 4959 1453 4959 1446 4959 1453 4111 1445 4111 1446 4111 1454 919 1450 919 1449 919 1454 1037 1455 1037 1450 1037 1456 6536 1447 6536 1443 6536 1450 902 1456 902 1443 902 1456 6560 1457 6560 1447 6560 1457 4564 1458 4564 1447 4564 1450 3209 1459 3209 1456 3209 1458 4901 1453 4901 1452 4901 1457 4890 1453 4890 1458 4890 1460 4301 1455 4301 1454 4301 1461 4709 1459 4709 1450 4709 1461 3098 1457 3098 1459 3098 1461 4893 1453 4893 1457 4893 1462 4403 1460 4403 1454 4403 1463 4362 1449 4362 1451 4362 1464 4480 1463 4480 1451 4480 1465 3357 1464 3357 1451 3357 1463 4266 1466 4266 1449 4266 1462 4907 1453 4907 1460 4907 1453 4881 1461 4881 1460 4881 1467 4512 1466 4512 1463 4512 1465 3199 1468 3199 1464 3199 1469 4817 1451 4817 1470 4817 1469 5522 1465 5522 1451 5522 1471 2971 1468 2971 1465 2971 1469 6526 1471 6526 1465 6526 1472 6546 1471 6546 1469 6546 1471 900 1472 900 1468 900 1473 4800 1466 4800 1467 4800 1468 3743 1473 3743 1467 3743 1473 4222 1462 4222 1466 4222 1473 4864 1453 4864 1462 4864 1474 3962 1475 3962 1451 3962 1476 4684 1470 4684 1451 4684 1477 4202 1476 4202 1451 4202 1475 4201 1477 4201 1451 4201 1476 4824 1478 4824 1470 4824 1478 4604 1479 4604 1470 4604 1479 3296 1472 3296 1470 3296 1475 4282 1480 4282 1477 4282 1481 4299 1480 4299 1475 4299 1480 4207 1479 4207 1478 4207 1481 4267 1479 4267 1480 4267 1482 4522 1483 4522 1451 4522 1484 4355 1474 4355 1451 4355 1485 4527 1484 4527 1451 4527 1486 4205 1487 4205 1474 4205 1484 4379 1486 4379 1474 4379 1481 4017 1487 4017 1479 4017 1473 3447 1472 3447 1479 3447 1487 4363 1473 4363 1479 4363 1473 5383 1468 5383 1472 5383 1451 3660 1488 3660 1485 3660 1489 3360 1488 3360 1451 3360 1490 3223 1488 3223 1489 3223 1491 4524 1483 4524 1482 4524 1492 3782 1451 3782 1483 3782 1492 6571 1493 6571 1451 6571 1493 3140 1494 3140 1451 3140 1494 4532 1495 4532 1451 4532 1495 5507 1489 5507 1451 5507 1496 6563 1490 6563 1489 6563 1495 5493 1497 5493 1489 5493 1497 5557 1496 5557 1489 5557 1473 4276 1487 4276 1486 4276 1488 3951 1473 3951 1486 3951 1493 3240 1498 3240 1494 3240 1496 1066 1488 1066 1490 1066 1498 4612 1496 4612 1497 4612 1493 3225 1496 3225 1498 3225 1482 4471 1499 4471 1491 4471 1499 6388 1500 6388 1491 6388 1491 4632 1501 4632 1483 4632 1501 6492 1493 6492 1483 6492 1501 5492 1496 5492 1493 5492 1502 4605 1499 4605 1482 4605 1502 3547 1503 3547 1499 3547 1504 694 1500 694 1499 694 1496 4256 1473 4256 1488 4256 1505 4324 1500 4324 1504 4324 1503 4655 1506 4655 1499 4655 1507 4683 1502 4683 1482 4683 1507 4121 1508 4121 1502 4121 1505 5059 1509 5059 1500 5059 1509 4038 1510 4038 1500 4038 1511 3500 1506 3500 1503 3500 1508 5347 1511 5347 1502 5347 1506 3810 1509 3810 1505 3810 1512 4904 1513 4904 1507 4904 1513 4779 1508 4779 1507 4779 1496 4560 1510 4560 1509 4560 1496 4767 1501 4767 1510 4767 1514 5407 1511 5407 1508 5407 1515 3536 1516 3536 1508 3536 1513 4065 1515 4065 1508 4065 1512 3348 1517 3348 1513 3348 1518 4419 1519 4419 1513 4419 1519 5209 1515 5209 1513 5209 1514 5393 1509 5393 1511 5393 1509 3411 1506 3411 1511 3411 1520 3607 1516 3607 1515 3607 1516 5326 1509 5326 1514 5326 1520 4721 1509 4721 1516 4721 1519 4072 1521 4072 1520 4072 1521 4680 1509 4680 1520 4680 1518 3827 1521 3827 1519 3827 1522 4550 1523 4550 1524 4550 1525 4536 1523 4536 1522 4536 1523 5508 1526 5508 1524 5508 1527 4498 1523 4498 1525 4498 1528 4470 1527 4470 1525 4470 1529 4203 1528 4203 1525 4203 1530 4464 1529 4464 1525 4464 1531 4656 1530 4656 1525 4656 1532 4392 1531 4392 1525 4392 1533 4381 1534 4381 1532 4381 1535 3980 1536 3980 1528 3980 1536 4713 1527 4713 1528 4713 1537 4563 1532 4563 1534 4563 1537 3840 1538 3840 1532 3840 1531 6410 1539 6410 1530 6410 1530 4292 1540 4292 1529 4292 1540 4854 1541 4854 1529 4854 1531 4753 1542 4753 1539 4753 1541 4058 1536 4058 1535 4058 1540 4157 1536 4157 1541 4157 1543 4216 1531 4216 1532 4216 1544 4660 1542 4660 1531 4660 1532 4333 1545 4333 1543 4333 1542 4030 1536 4030 1540 4030 1546 5537 1537 5537 1534 5537 1546 3346 1547 3346 1537 3346 1538 4694 1545 4694 1532 4694 1544 267 1545 267 1542 267 1545 4110 1536 4110 1542 4110 1548 4288 1545 4288 1538 4288 1533 4086 1549 4086 1534 4086 1550 2264 1537 2264 1547 2264 1550 4833 1551 4833 1537 4833 1548 3303 1551 3303 1545 3303 1552 4826 1551 4826 1550 4826 1534 1219 1553 1219 1546 1219 1546 4309 1554 4309 1547 4309 1552 3194 1545 3194 1551 3194 1555 4439 1554 4439 1546 4439 1534 4703 1556 4703 1553 4703 1554 6201 1545 6201 1552 6201 1557 4717 1556 4717 1534 4717 1556 3442 1554 3442 1555 3442 1557 3440 1554 3440 1556 3440 1558 4507 1559 4507 1533 4507 1560 3488 1549 3488 1533 3488 1559 5390 1560 5390 1533 5390 1561 3352 1558 3352 1533 3352 1560 3381 1562 3381 1549 3381 1562 4516 1563 4516 1549 4516 1563 4482 1564 4482 1549 4482 1536 4074 1554 4074 1557 4074 1564 4193 1536 4193 1557 4193 1554 4131 1536 4131 1545 4131 1559 5352 1565 5352 1560 5352 1566 5024 1565 5024 1559 5024 1561 3255 1566 3255 1558 3255 1565 4621 1563 4621 1562 4621 1566 5223 1563 5223 1565 5223 1567 4573 1568 4573 1533 4573 1569 3329 1566 3329 1561 3329 1533 6340 1569 6340 1561 6340 1570 4571 1568 4571 1567 4571 1571 4141 1533 4141 1568 4141 1571 996 1572 996 1533 996 1572 6528 1569 6528 1533 6528 1563 4214 1536 4214 1564 4214 1573 6549 1569 6549 1572 6549 1571 1131 1573 1131 1572 1131 1574 3612 1571 3612 1568 3612 1574 4359 1575 4359 1571 4359 1575 5479 1576 5479 1571 5479 1576 4951 1577 4951 1571 4951 1563 1083 1573 1083 1571 1083 1578 5671 1563 5671 1571 5671 1577 13 1578 13 1571 13 1573 6501 1563 6501 1569 6501 1563 3359 1566 3359 1569 3359 1575 1193 1578 1193 1576 1193 1575 3388 1563 3388 1578 3388 1570 3002 1579 3002 1568 3002 1579 4307 1580 4307 1568 4307 1581 4426 1580 4426 1579 4426 1582 4574 1570 4574 1567 4574 1582 3389 1583 3389 1570 3389 1584 1164 1570 1164 1583 1164 1585 3423 1586 3423 1570 3423 1584 5382 1585 5382 1570 5382 1581 4908 1587 4908 1580 4908 1586 4763 1587 4763 1581 4763 1585 3262 1587 3262 1586 3262 1588 4298 1582 4298 1567 4298 1588 4702 1589 4702 1582 4702 1590 912 1583 912 1582 912 1590 5377 1585 5377 1583 5377 1591 5428 1585 5428 1590 5428 1589 4978 1592 4978 1582 4978 1591 5549 1587 5549 1585 5549 1587 5093 1575 5093 1580 5093 1587 4541 1563 4541 1575 4541 1593 4895 1592 4895 1589 4895 1594 4195 1595 4195 1589 4195 1595 4051 1596 4051 1589 4051 1588 4233 1594 4233 1589 4233 1592 3878 1587 3878 1591 3878 1597 3567 1594 3567 1588 3567 1593 4707 1587 4707 1592 4707 1598 4501 1599 4501 1594 4501 1599 4449 1600 4449 1594 4449 1600 4361 1595 4361 1594 4361 1597 3371 1601 3371 1594 3371 1602 4277 1596 4277 1595 4277 1596 5189 1587 5189 1593 5189 1602 4245 1587 4245 1596 4245 1599 4166 1587 4166 1602 4166 1603 5372 1587 5372 1599 5372 1598 3560 1603 3560 1599 3560 1604 3640 1605 3640 1606 3640 1607 5173 1604 5173 1606 5173 1608 4184 1604 4184 1607 4184 1609 5246 1608 5246 1607 5246 1604 4778 1610 4778 1605 4778 1611 3558 1608 3558 1609 3558 1612 3766 1608 3766 1611 3766 1613 3750 1608 3750 1612 3750 1614 2859 1615 2859 1616 2859 1617 2944 1615 2944 1614 2944 1617 2990 1618 2990 1615 2990 1618 1445 1619 1445 1615 1445 1620 2807 1619 2807 1618 2807 1621 1414 1619 1414 1620 1414 1622 2932 1623 2932 1619 2932 1621 1352 1622 1352 1619 1352 1624 3186 1623 3186 1622 3186 1625 3744 1626 3744 1627 3744 1625 3683 1628 3683 1626 3683 1625 3931 1629 3931 1628 3931 1630 3875 1631 3875 1625 3875 1631 4913 1629 4913 1625 4913 1630 3902 1632 3902 1631 3902 1630 3826 1633 3826 1632 3826 1634 3611 1633 3611 1630 3611 1635 1367 1636 1367 1637 1367 1638 2848 1636 2848 1635 2848 1639 2566 1636 2566 1638 2566 1639 1772 1640 1772 1636 1772 1641 2886 1640 2886 1639 2886 1642 2675 1640 2675 1641 2675 1643 2684 1640 2684 1642 2684 1643 2904 1644 2904 1640 2904 1645 3679 1646 3679 1647 3679 1648 4832 1646 4832 1645 4832 1649 5147 1646 5147 1648 5147 1650 3803 1646 3803 1649 3803 1651 5020 1646 5020 1650 5020 1652 4376 1646 4376 1651 4376 1653 4257 1646 4257 1652 4257 1654 3909 1646 3909 1653 3909 1655 5329 1656 5329 1654 5329 1656 4642 1657 4642 1654 4642 1657 4303 1646 4303 1654 4303 1658 5286 1656 5286 1655 5286 1659 4091 1658 4091 1655 4091 1657 4153 1660 4153 1646 4153 1660 4273 1661 4273 1646 4273 1660 4629 1662 4629 1661 4629 1660 4261 1663 4261 1662 4261 1664 4440 1665 4440 1663 4440 1660 3973 1664 3973 1663 3973 1666 4938 1667 4938 1659 4938 1667 4903 1658 4903 1659 4903 1668 4631 1669 4631 1666 4631 1669 5448 1670 5448 1666 5448 1670 3517 1667 3517 1666 3517 1671 4830 1672 4830 1668 4830 1672 3453 1669 3453 1668 3453 1673 4870 1672 4870 1671 4870 1674 4064 1675 4064 1673 4064 1675 5162 1676 5162 1673 5162 1676 5025 1672 5025 1673 5025 1674 4122 1677 4122 1675 4122 1678 5169 1665 5169 1664 5169 1674 3741 1679 3741 1677 3741 1680 3733 1665 3733 1678 3733 1681 3556 1682 3556 1678 3556 1682 5308 1683 5308 1678 5308 1683 3623 1680 3623 1678 3623 1684 4618 1685 4618 1674 4618 1685 5404 1686 5404 1674 5404 1686 3602 1687 3602 1674 3602 1687 3470 1679 3470 1674 3470 1688 5467 1682 5467 1681 5467 1689 5985 1690 5985 1681 5985 1690 4347 1688 4347 1681 4347 1691 3501 1690 3501 1689 3501 1690 3384 1691 3384 1685 3384 1684 4598 1690 4598 1685 4598 1692 5104 1690 5104 1684 5104 1693 3625 1694 3625 1692 3625 1694 5195 1695 5195 1692 5195 1695 3820 1690 3820 1692 3820 1696 4418 1697 4418 1690 4418 1697 5146 1698 5146 1690 5146 1699 4097 1688 4097 1690 4097 1698 3802 1700 3802 1690 3802 1700 3824 1701 3824 1690 3824 1701 4317 1699 4317 1690 4317 1701 5313 1702 5313 1699 5313 1702 4495 1703 4495 1699 4495 1702 5227 1704 5227 1703 5227 1704 4069 1705 4069 1703 4069 1704 5061 1706 5061 1705 5061 1704 3928 1707 3928 1706 3928 1704 3729 1708 3729 1707 3729 1704 5074 1709 5074 1708 5074 1710 3486 1711 3486 1709 3486 1711 4535 1712 4535 1709 4535 1704 5230 1710 5230 1709 5230 1713 4138 1714 4138 1712 4138 1711 3769 1715 3769 1712 3769 1715 5048 1713 5048 1712 5048 1716 4337 1717 4337 1712 4337 1714 4393 1716 4393 1712 4393 1716 4182 1718 4182 1717 4182 1716 4722 1719 4722 1718 4722 1716 3930 1720 3930 1719 3930 1721 4553 1722 4553 1716 4553 1723 4526 1721 4526 1716 4526 1724 4154 1723 4154 1716 4154 1722 4697 1720 4697 1716 4697 1696 195 1725 195 1697 195 1726 3581 1727 3581 1724 3581 1727 4686 1723 4686 1724 4686 1696 6572 1728 6572 1725 6572 1729 4252 1730 4252 1726 4252 1730 4780 1727 4780 1726 4780 1731 4937 1732 4937 1726 4937 1732 4163 1729 4163 1726 4163 1733 5463 1734 5463 1726 5463 1734 4377 1731 4377 1726 4377 1696 5036 1735 5036 1728 5036 1736 3432 1734 3432 1733 3432 1696 3707 1737 3707 1735 3707 1738 4758 1734 4758 1736 4758 1696 4551 1739 4551 1737 4551 1739 4523 1740 4523 1737 4523 1740 3784 1741 3784 1737 3784 1741 3619 1736 3619 1737 3619 1741 5077 1738 5077 1736 5077 1742 2921 1743 2921 1744 2921 1745 2863 1743 2863 1742 2863 1746 2677 1743 2677 1745 2677 1746 2520 1747 2520 1743 2520 1748 3007 1747 3007 1746 3007 1749 2964 1747 2964 1748 2964 1750 2871 1747 2871 1749 2871 1750 1528 1751 1528 1747 1528 1752 5378 1753 5378 1754 5378 1752 5319 1755 5319 1753 5319 1756 5164 1755 5164 1752 5164 1756 3790 1757 3790 1755 3790 1758 4011 1757 4011 1756 4011 1759 3716 1758 3716 1756 3716 1759 5201 1760 5201 1758 5201 1761 5237 1760 5237 1759 5237 1761 5307 1762 5307 1760 5307 1763 5336 1762 5336 1761 5336 1763 6396 1764 6396 1762 6396 1765 3483 1766 3483 1767 3483 1765 5457 1768 5457 1766 5457 1769 3479 1770 3479 1771 3479 1772 3713 1770 3713 1769 3713 1772 3739 1773 3739 1770 3739 1774 4456 1775 4456 1772 4456 1775 3843 1776 3843 1772 3843 1776 3794 1773 3794 1772 3794 1774 4294 1777 4294 1775 4294 1778 4863 1779 4863 1774 4863 1779 5212 1777 5212 1774 5212 1778 5161 1780 5161 1779 5161 1781 4831 1782 4831 1783 4831 1782 4014 1784 4014 1783 4014 1785 4873 1782 4873 1781 4873 1782 4957 1786 4957 1784 4957 1787 4570 1788 4570 1785 4570 1788 3603 1782 3603 1785 3603 1782 4639 1789 4639 1786 4639 1790 4519 1788 4519 1787 4519 1782 3777 1791 3777 1789 3777 1792 6514 1788 6514 1790 6514 1793 6564 1794 6564 1790 6564 1794 60 1792 60 1790 60 1795 4773 1796 4773 1790 4773 1796 4486 1793 4486 1790 4486 1782 5151 1797 5151 1791 5151 1782 3861 1798 3861 1797 3861 1799 5375 1800 5375 1797 5375 1801 3454 1802 3454 1797 3454 1802 5526 1799 5526 1797 5526 1798 3727 1803 3727 1797 3727 1803 4183 1804 4183 1797 4183 1804 3494 1801 3494 1797 3494 1805 3407 1804 3407 1803 3407 1806 5363 1807 5363 1803 5363 1808 3416 1806 3416 1803 3416 1807 5272 1805 5272 1803 5272 1809 6535 1810 6535 1808 6535 1810 3697 1806 3697 1808 3697 1811 53 1809 53 1808 53 1812 5411 1811 5411 1808 5411 1813 5219 1811 5219 1812 5219 1796 4354 1814 4354 1793 4354 1815 3662 1811 3662 1813 3662 1814 6537 1816 6537 1793 6537 1816 3385 1817 3385 1793 3385 1817 3338 1818 3338 1793 3338 1818 3869 1819 3869 1793 3869 1818 3434 1820 3434 1819 3434 1821 3420 1822 3420 1815 3420 1822 5468 1811 5468 1815 5468 1818 5419 1823 5419 1820 5419 1823 5689 1822 5689 1821 5689 1824 3108 1825 3108 1823 3108 1825 6550 1826 6550 1823 6550 1826 3854 1822 3854 1823 3854 1818 3506 1827 3506 1823 3506 1827 5126 1824 5126 1823 5126 1828 6568 1822 6568 1800 6568 1829 90 1822 90 1828 90 1830 1087 1822 1087 1829 1087 1831 6457 1822 6457 1830 6457 1822 2870 1832 2870 1811 2870 1832 3589 1822 3589 1831 3589 1796 4062 1833 4062 1814 4062 1796 4966 1834 4966 1833 4966 1835 5642 1836 5642 1834 5642 1796 4731 1837 4731 1834 4731 1837 3325 1835 3325 1834 3325 1838 2961 1839 2961 1834 2961 1836 3374 1838 3374 1834 3374 1840 5385 1822 5385 1826 5385 1838 6428 1841 6428 1839 6428 1841 5486 1842 5486 1840 5486 1842 3985 1822 3985 1840 3985 1838 6505 1843 6505 1841 6505 1843 77 1844 77 1841 77 1844 6559 1842 6559 1841 6559 1796 3533 1845 3533 1837 3533 1842 4923 1846 4923 1822 4923 1847 4194 1848 4194 1822 4194 1848 4489 1849 4489 1822 4489 1850 4877 1847 4877 1822 4877 1846 4712 1850 4712 1822 4712 1796 4670 1851 4670 1845 4670 1796 3870 1852 3870 1851 3870 1796 4671 1853 4671 1852 4671 1796 3591 1854 3591 1853 3591 1854 5381 1850 5381 1846 5381 1855 4236 1850 4236 1854 4236 1796 5416 1856 5416 1854 5416 1856 3542 1855 3542 1854 3542 1795 5523 1857 5523 1796 5523 1795 3104 1858 3104 1857 3104 1795 5512 1859 5512 1858 5512 1795 3565 1860 3565 1859 3565 1861 5218 1862 5218 1860 5218 1795 4128 1861 4128 1860 4128 1861 4050 1863 4050 1862 4050 1864 4742 1865 4742 1862 4742 1863 3963 1866 3963 1862 3963 1866 4896 1864 4896 1862 4896 1867 3731 1849 3731 1848 3731 1868 3424 1849 3424 1867 3424 1864 4566 1849 4566 1865 4566 1849 5396 1868 5396 1865 5396 1869 5148 1861 5148 1795 5148 1870 5204 1861 5204 1869 5204 1871 3626 1870 3626 1869 3626 1872 5251 1870 5251 1871 5251 1873 4093 1870 4093 1872 4093 1874 3495 1875 3495 1876 3495 1877 4139 1875 4139 1874 4139 1878 5127 1879 5127 1880 5127 1881 4999 1879 4999 1878 4999 1882 5276 1879 5276 1881 5276 1883 4159 1884 4159 1881 4159 1884 5234 1885 5234 1881 5234 1885 3594 1882 3594 1881 3594 1877 5046 1886 5046 1875 5046 1877 3690 1887 3690 1883 3690 1887 5165 1884 5165 1883 5165 1886 4043 1877 4043 1883 4043 1888 4765 1889 4765 1890 4765 1888 3987 1891 3987 1889 3987 1888 3984 1892 3984 1891 3984 1892 3911 1893 3911 1891 3911 1893 3933 1894 3933 1891 3933 1895 4113 1894 4113 1893 4113 1896 5010 1897 5010 1894 5010 1898 3814 1896 3814 1894 3814 1895 4979 1898 4979 1894 4979 1899 5417 1900 5417 1896 5417 1900 5131 1897 5131 1896 5131 1899 5462 1901 5462 1900 5462 1902 4934 1903 4934 1904 4934 1905 4981 1902 4981 1904 4981 1903 4789 1906 4789 1904 4789 1903 3862 1907 3862 1906 3862 1908 4105 1902 4105 1905 4105 1909 4900 1910 4900 1907 4900 1903 3672 1909 3672 1907 3672 1911 3829 1912 3829 1908 3829 1912 4983 1902 4983 1908 4983 1909 4601 1913 4601 1910 4601 1914 5088 1915 5088 1911 5088 1916 3437 1914 3437 1911 3437 1915 3684 1917 3684 1911 3684 1917 5185 1918 5185 1911 5185 1918 3809 1919 3809 1911 3809 1919 4008 1920 4008 1911 4008 1920 5052 1912 5052 1911 5052 1909 4663 1921 4663 1913 4663 1909 4483 1922 4483 1921 4483 1909 4518 1923 4518 1922 4518 1924 4616 1923 4616 1909 4616 1924 4466 1925 4466 1923 4466 1924 3836 1926 3836 1925 3836 1924 5029 1927 5029 1926 5029 1924 3923 1928 3923 1927 3923 1924 4968 1929 4968 1928 4968 1924 3924 1930 3924 1929 3924 1924 4300 1931 4300 1930 4300 1932 4475 1933 4475 1931 4475 1924 4308 1932 4308 1931 4308 1934 4039 1935 4039 1933 4039 1932 4269 1934 4269 1933 4269 1934 4283 1936 4283 1935 4283 1934 4792 1937 4792 1936 4792 1937 4905 1938 4905 1936 4905 1938 4771 1939 4771 1936 4771 1939 4100 1940 4100 1936 4100 1940 4003 1941 4003 1936 4003 1941 3927 1942 3927 1936 3927 1943 4967 1944 4967 1945 4967 1946 4158 1943 4158 1945 4158 1947 4151 1943 4151 1946 4151 1948 5233 1949 5233 1944 5233 1949 4305 1950 4305 1944 4305 1943 3575 1948 3575 1944 3575 1951 4861 1943 4861 1947 4861 1952 4565 1943 4565 1951 4565 1953 4409 1954 4409 1952 4409 1954 5064 1943 5064 1952 5064 1949 5496 1955 5496 1950 5496 1955 3457 1956 3457 1950 3457 1956 4746 1957 4746 1950 4746 1956 4964 1958 4964 1957 4964 1956 3610 1959 3610 1958 3610 1959 3959 1960 3959 1958 3959 1959 4213 1961 4213 1960 4213 1959 4478 1962 4478 1961 4478 1963 3177 1964 3177 1962 3177 1964 4318 1965 4318 1962 4318 1959 5451 1963 5451 1962 5451 1966 4791 1954 4791 1953 4791 1967 4424 1966 4424 1953 4424 1968 5358 1965 5358 1964 5358 1967 4718 1969 4718 1966 4718 1969 4240 1970 4240 1966 4240 1970 4752 1971 4752 1966 4752 1971 4219 1972 4219 1966 4219 1973 6402 1974 6402 1968 6402 1975 4875 1976 4875 1968 4875 1976 3427 1973 3427 1968 3427 1974 3245 1977 3245 1968 3245 1977 3458 1978 3458 1968 3458 1978 5450 1979 5450 1968 5450 1979 5267 1980 5267 1968 5267 1980 5252 1965 5252 1968 5252 1972 5217 1981 5217 1966 5217 1982 18 1983 18 1975 18 1983 4625 1976 4625 1975 4625 1984 4454 1985 4454 1975 4454 1985 6551 1982 6551 1975 6551 1986 4250 1984 4250 1975 4250 1972 3425 1987 3425 1981 3425 1988 5119 1989 5119 1986 5119 1990 3578 1988 3578 1986 3578 1989 3929 1991 3929 1986 3929 1991 3865 1992 3865 1986 3865 1992 4390 1993 4390 1986 4390 1993 4729 1984 4729 1986 4729 1972 3891 1994 3891 1987 3891 1972 4385 1988 4385 1994 4385 1994 5356 1988 5356 1990 5356 1995 4334 1996 4334 1997 4334 1998 3872 1995 3872 1997 3872 1999 3509 1995 3509 1998 3509 1984 5341 2000 5341 1985 5341 1984 5357 1995 5357 1999 5357 2001 3786 1984 3786 1999 3786 1984 3642 2002 3642 2000 3642 1984 5128 2001 5128 2002 5128 2003 6574 2004 6574 1995 6574 2004 4358 1996 4358 1995 4358 2005 4031 2006 4031 2003 4031 2006 3503 2007 3503 2003 3503 2007 5180 2004 5180 2003 5180 2008 3034 2005 3034 2003 3034 2009 3737 2005 3737 2008 3737 2010 4339 2011 4339 2009 4339 2011 5387 2005 5387 2009 5387 2004 3798 2012 3798 1996 3798 2012 4056 2013 4056 1996 4056 2012 4989 2014 4989 2013 4989 2012 4106 2015 4106 2014 4106 2012 4874 2016 4874 2015 4874 2012 3849 2017 3849 2016 3849 2018 4461 2019 4461 2017 4461 2012 3910 2018 3910 2017 3910 2020 3354 2019 3354 2018 3354 2021 5510 2019 5510 2020 5510 2010 4178 2022 4178 2011 4178 2023 5338 2019 5338 2021 5338 2010 5190 2024 5190 2022 5190 2025 4224 2019 4224 2023 4224 2026 3680 2025 3680 2023 3680 2027 4502 2025 4502 2026 4502 2028 5083 2029 5083 2024 5083 2030 3993 2028 3993 2024 3993 2010 5030 2030 5030 2024 5030 2031 4231 2027 4231 2026 4231 2032 5121 2031 5121 2026 5121 2033 3764 2034 3764 2029 3764 2028 3815 2033 3815 2029 3815 2035 4956 2031 4956 2032 4956 2033 4428 2036 4428 2034 4428 2037 3879 2035 3879 2032 3879 2038 3417 2037 3417 2032 3417 2036 5008 2039 5008 2034 5008 2039 5456 2037 5456 2038 5456 2036 4596 2037 4596 2039 4596 2040 4965 2041 4965 2042 4965 2043 3886 2040 3886 2042 3886 2041 4789 2044 4789 2042 4789 2041 4682 2045 4682 2044 4682 2046 4022 2040 4022 2043 4022 2047 4858 2048 4858 2045 4858 2041 5019 2047 5019 2045 5019 2049 5117 2050 5117 2046 5117 2050 3669 2040 3669 2046 3669 2047 3997 2051 3997 2048 3997 2052 5311 2053 5311 2049 5311 2054 5194 2052 5194 2049 5194 2053 3651 2055 3651 2049 3651 2055 3783 2056 3783 2049 3783 2056 5054 2057 5054 2049 5054 2057 3945 2058 3945 2049 3945 2058 5062 2050 5062 2049 5062 2047 4401 2059 4401 2051 4401 2047 4555 2060 4555 2059 4555 2047 4533 2061 4533 2060 4533 2062 4290 2061 4290 2047 4290 2062 4185 2063 4185 2061 4185 2062 4638 2064 4638 2063 4638 2062 4114 2065 4114 2064 4114 2062 4784 2066 4784 2065 4784 2062 4049 2067 4049 2066 4049 2062 4552 2068 4552 2067 4552 2062 4312 2069 4312 2068 4312 2070 4253 2071 4253 2069 4253 2062 4592 2070 4592 2069 4592 2072 4140 2073 4140 2071 4140 2070 4083 2072 4083 2071 4083 2072 4380 2074 4380 2073 4380 2075 4323 2076 4323 2074 4323 2076 4546 2077 4546 2074 4546 2077 3831 2078 3831 2074 3831 2072 4719 2079 4719 2074 4719 2079 4809 2080 4809 2074 4809 2080 4716 2075 4716 2074 4716 2081 5332 2082 5332 2083 5332 2084 4029 2082 4029 2081 4029 2085 4963 2082 4963 2084 4963 2086 3866 2082 3866 2085 3866 2087 4677 2082 4677 2086 4677 2088 4657 2082 4657 2087 4657 2089 4025 2088 4025 2087 4025 2090 4046 2088 4046 2089 4046 2091 4370 2090 4370 2089 4370 2092 3994 2091 3994 2089 3994 2093 4346 2091 4346 2092 4346 2094 4617 2093 4617 2092 4617 2095 4365 2093 4365 2094 4365 2096 4453 2097 4453 2094 4453 2097 4170 2098 4170 2094 4170 2098 5009 2099 5009 2094 5009 2099 3908 2100 3908 2094 3908 2100 4068 2101 4068 2094 4068 2101 4641 2102 4641 2094 4641 2102 3946 2095 3946 2094 3946 2103 4674 2104 4674 2096 4674 2105 5081 2106 5081 2096 5081 2106 4575 2107 4575 2096 4575 2107 4829 2103 4829 2096 4829 2104 4063 2108 4063 2096 4063 2108 4473 2097 4473 2096 4473 2109 4928 2110 4928 2105 4928 2110 4984 2111 4984 2105 4984 2111 3858 2106 3858 2105 3858 2112 3691 2113 3691 2109 3691 2113 5070 2114 5070 2109 5070 2114 4057 2110 4057 2109 4057 2113 5078 2115 5078 2116 5078 2117 4658 2113 4658 2112 4658 2113 3516 2118 3516 2115 3516 2119 4868 2113 4868 2117 4868 2113 5236 2120 5236 2118 5236 2121 5053 2113 5053 2119 5053 2113 3724 2121 3724 2120 3724 2122 1215 2123 1215 2124 1215 2125 2525 2123 2525 2122 2525 2125 1242 2126 1242 2123 1242 2125 2573 2127 2573 2126 2573 2125 2490 2128 2490 2127 2490 2129 2612 2128 2612 2125 2612 2129 1954 2130 1954 2128 1954 2129 1244 2131 1244 2130 1244 2132 1223 2131 1223 2129 1223 2133 3127 2134 3127 2135 3127 2136 1099 2134 1099 2133 1099 2137 1491 2138 1491 2139 1491 2140 1325 2137 1325 2139 1325 2141 2373 2137 2373 2140 2373 2142 2873 2141 2873 2140 2873 2143 1701 2144 1701 2138 1701 2137 1869 2143 1869 2138 1869 2145 1470 2141 1470 2142 1470 2146 2764 2141 2764 2145 2764 2147 2826 2148 2826 2146 2826 2148 2560 2141 2560 2146 2560 2149 1245 2150 1245 2151 1245 2149 1456 2152 1456 2150 1456 2153 1463 2152 1463 2149 1463 2154 1711 2152 1711 2153 1711 2154 1784 2155 1784 2152 1784 2156 2681 2155 2681 2154 2681 2157 2652 2155 2652 2156 2652 2158 2513 2155 2513 2157 2513 2158 2538 2159 2538 2155 2538 2160 3179 2161 3179 2158 3179 2161 1267 2159 1267 2158 1267 2160 103 2162 103 2161 103 2163 3123 2164 3123 2165 3123 2166 2662 2164 2662 2163 2662 2166 2924 2167 2924 2164 2924 2166 2621 2168 2621 2167 2621 2169 1369 2168 1369 2166 1369 2169 1358 2170 1358 2168 1358 2170 1818 2171 1818 2168 1818 2172 1324 2171 1324 2170 1324 2173 1330 2171 1330 2172 1330 2174 2779 2175 2779 2171 2779 2173 1346 2174 1346 2171 1346 2176 3074 2175 3074 2174 3074 2177 1479 2178 1479 2179 1479 2177 1634 2180 1634 2178 1634 2181 1562 2180 1562 2177 1562 2181 1499 2182 1499 2180 1499 2182 2145 2183 2145 2180 2145 2184 1668 2183 1668 2182 1668 2185 1501 2186 1501 2183 1501 2187 2663 2185 2663 2183 2663 2184 1684 2187 1684 2183 1684 2188 1156 2186 1156 2185 1156 2189 882 2190 882 2191 882 2192 3107 2189 3107 2191 3107 2192 3027 2193 3027 2189 3027 2192 2791 2194 2791 2193 2791 2195 2802 2194 2802 2192 2802 2195 2825 2196 2825 2194 2825 2196 1736 2197 1736 2194 1736 2198 2958 2197 2958 2196 2958 2199 2715 2197 2715 2198 2715 2200 2717 2201 2717 2197 2717 2199 2726 2200 2726 2197 2726 2202 1766 2201 1766 2200 1766 2203 4156 2204 4156 2205 4156 2206 3919 2204 3919 2203 3919 2207 4146 2204 4146 2206 4146 2208 4614 2204 4614 2207 4614 2209 4002 2204 4002 2208 4002 2210 4006 2204 4006 2209 4006 2211 4825 2210 4825 2209 4825 2212 4610 2210 4610 2211 4610 2213 4891 2212 4891 2211 4891 2214 4543 2213 4543 2211 4543 2215 4766 2213 4766 2214 4766 2216 4394 2215 4394 2214 4394 2217 4811 2215 4811 2216 4811 2218 4692 2219 4692 2216 4692 2219 4329 2220 4329 2216 4329 2220 4258 2221 4258 2216 4258 2221 4885 2222 4885 2216 4885 2222 4265 2223 4265 2216 4265 2223 4911 2224 4911 2216 4911 2224 4075 2217 4075 2216 4075 2225 4691 2219 4691 2218 4691 2226 3655 2227 3655 2218 3655 2227 4847 2228 4847 2218 4847 2228 4813 2229 4813 2218 4813 2229 4225 2230 4225 2218 4225 2230 4835 2231 4835 2218 4835 2231 4661 2225 4661 2218 4661 2232 4914 2233 4914 2226 4914 2233 4229 2234 4229 2226 4229 2234 4012 2227 4012 2226 4012 2235 5034 2236 5034 2232 5034 2236 4839 2237 4839 2232 4839 2237 4857 2233 4857 2232 4857 2238 3694 2236 3694 2235 3694 2236 5280 2239 5280 2240 5280 2236 5291 2241 5291 2239 5291 2242 5247 2236 5247 2238 5247 2236 3658 2243 3658 2241 3658 2244 3723 2236 3723 2242 3723 2236 5176 2244 5176 2243 5176 2245 2973 2246 2973 2247 2973 2245 2940 2248 2940 2246 2940 2249 1278 2250 1278 2245 1278 2250 2979 2251 2979 2245 2979 2251 2884 2248 2884 2245 2884 2249 1327 2252 1327 2250 1327 2253 1307 2254 1307 2249 1307 2254 2793 2252 2793 2249 2793 2255 2981 2256 2981 2257 2981 2258 1509 2259 1509 2257 1509 2259 2603 2260 2603 2257 2603 2260 2186 2261 2186 2257 2186 2261 1899 2255 1899 2257 1899 2262 2909 2263 2909 2257 2909 2263 1284 2264 1284 2257 1284 2264 2746 2258 2746 2257 2746 2255 1319 2265 1319 2256 1319 2255 1880 2266 1880 2265 1880 2255 2881 2267 2881 2266 2881 2255 1520 2268 1520 2267 1520 2255 1490 2269 1490 2268 1490 2255 2437 2270 2437 2269 2437 2255 2043 2271 2043 2270 2043 2255 1652 2272 1652 2271 1652 2272 2146 2273 2146 2271 2146 2272 2194 2274 2194 2273 2194 2274 1865 2275 1865 2273 1865 2275 2741 2276 2741 2273 2741 2275 2991 2277 2991 2276 2991 2277 2767 2278 2767 2276 2767 2277 1217 2279 1217 2278 1217 2280 3035 2281 3035 2279 3035 2277 1204 2280 1204 2279 1204 2280 1293 2282 1293 2281 1293 2280 2878 2283 2878 2282 2878 2280 2592 2284 2592 2283 2592 2285 2915 2286 2915 2272 2915 2286 2777 2287 2777 2272 2777 2287 1321 2288 1321 2272 1321 2288 2647 2289 2647 2272 2647 2289 1523 2290 1523 2272 1523 2290 1444 2291 1444 2272 1444 2291 2861 2292 2861 2272 2861 2292 1555 2293 1555 2272 1555 2293 2619 2274 2619 2272 2619 2294 1458 2286 1458 2285 1458 2295 1646 2296 1646 2297 1646 2295 2589 2298 2589 2296 2589 2295 1887 2299 1887 2298 1887 2295 1923 2300 1923 2299 1923 2295 1576 2301 1576 2300 1576 2295 2625 2302 2625 2301 2625 2295 2480 2303 2480 2302 2480 2295 1290 2304 1290 2303 1290 2304 2634 2305 2634 2303 2634 2305 2680 2306 2680 2303 2680 2306 1633 2307 1633 2303 1633 2307 2041 2308 2041 2303 2041 2307 2143 2309 2143 2308 2143 2307 2627 2310 2627 2309 2627 2310 1464 2311 1464 2309 1464 2310 2321 2312 2321 2311 2321 2312 1430 2313 1430 2311 1430 2313 2896 2314 2896 2311 2896 2314 2822 2315 2822 2311 2822 2315 2908 2316 2908 2311 2908 2316 1112 2317 1112 2311 1112 2317 3028 2318 3028 2311 3028 2318 3090 2319 3090 2311 3090 2319 1286 2320 1286 2311 1286 2310 1875 2321 1875 2312 1875 2321 2165 2322 2165 2312 2165 2322 2007 2323 2007 2312 2007 2324 1301 2323 1301 2322 1301 2325 3151 2326 3151 2322 3151 2326 1416 2327 1416 2322 1416 2327 2895 2324 2895 2322 2895 2328 1137 2329 1137 2325 1137 2329 2888 2330 2888 2325 2888 2330 1322 2331 1322 2325 1322 2331 2580 2332 2580 2325 2580 2332 1461 2333 1461 2325 1461 2333 2936 2326 2936 2325 2936 2334 81 2329 81 2328 81 2335 2992 2336 2992 2337 2992 2335 2811 2338 2811 2336 2811 2335 2299 2339 2299 2338 2299 2335 1546 2340 1546 2339 1546 2335 2588 2341 2588 2340 2588 2335 1617 2342 1617 2341 1617 2335 2518 2343 2518 2342 2518 2344 1356 2345 1356 2343 1356 2345 2818 2346 2818 2343 2818 2346 1469 2347 1469 2343 1469 2335 2778 2348 2778 2343 2778 2348 2655 2344 2655 2343 2655 2347 1615 2349 1615 2343 1615 2347 2142 2350 2142 2349 2142 2351 2370 2352 2370 2350 2370 2353 2536 2351 2536 2350 2536 2354 2350 2353 2350 2350 2350 2347 1873 2354 1873 2350 1873 2351 2852 2355 2852 2352 2852 2351 1199 2356 1199 2355 1199 2351 2994 2357 2994 2356 2994 2351 1227 2358 1227 2357 1227 2351 1386 2359 1386 2358 1386 2351 1071 2360 1071 2359 1071 2360 2425 2361 2425 2359 2425 2362 2181 2363 2181 2353 2181 2354 1926 2362 1926 2353 1926 2364 2693 2363 2693 2362 2693 2365 2955 2366 2955 2362 2955 2366 2827 2367 2827 2362 2827 2367 1429 2364 1429 2362 1429 2368 3031 2369 3031 2365 3031 2369 1160 2370 1160 2365 1160 2370 3004 2371 3004 2365 3004 2371 2120 2372 2120 2365 2120 2372 1422 2373 1422 2365 1422 2373 1403 2366 1403 2365 1403 2374 1427 2369 1427 2368 1427 2375 1496 2376 1496 2377 1496 2378 2204 2376 2204 2375 2204 2379 2274 2380 2274 2375 2274 2380 2948 2381 2948 2375 2948 2381 1333 2378 1333 2375 1333 2382 2338 2383 2338 2379 2338 2383 1625 2384 1625 2379 1625 2384 1374 2380 1374 2379 1374 2383 1575 2382 1575 2385 1575 2386 3116 2387 3116 2388 3116 2386 3180 2389 3180 2387 3180 2390 1339 2391 1339 2392 1339 2390 1773 2393 1773 2391 1773 2394 1691 2393 1691 2390 1691 2394 1699 2395 1699 2393 1699 2395 1394 2396 1394 2393 1394 2397 2221 2396 2221 2395 2221 2398 1390 2399 1390 2396 1390 2400 1563 2398 1563 2396 1563 2397 1892 2400 1892 2396 1892 2401 1197 2399 1197 2398 1197 2402 4506 2403 4506 2404 4506 2405 4246 2403 4246 2402 4246 2405 4755 2406 4755 2403 4755 2407 4902 2408 4902 2405 4902 2408 5340 2409 5340 2405 5340 2409 4879 2406 4879 2405 4879 2410 5149 2411 5149 2407 5149 2411 5136 2412 5136 2407 5136 2412 4918 2408 4918 2407 4918 2410 5370 2413 5370 2411 5370 2414 3419 2415 3419 2416 3419 2417 6507 2415 6507 2414 6507 2418 5067 2419 5067 2420 5067 2418 4200 2421 4200 2419 4200 2421 5248 2422 5248 2419 5248 2422 4340 2423 4340 2419 4340 2424 4218 2425 4218 2423 4218 2426 4933 2424 4933 2423 4933 2422 5139 2427 5139 2423 5139 2427 3656 2426 3656 2423 3656 2425 3763 2424 3763 2428 3763 2429 4490 2430 4490 2431 4490 2430 4693 2432 4693 2431 4693 2432 4036 2433 4036 2431 4036 2434 3538 2429 3538 2435 3538 2436 4013 2433 4013 2432 4013 2437 5545 2433 5545 2436 5545 2438 5511 2437 5511 2436 5511 2439 5102 2438 5102 2436 5102 2440 4165 2429 4165 2434 4165 2437 3366 2441 3366 2433 3366 2441 3788 2442 3788 2433 3788 2438 3710 2441 3710 2437 3710 2429 4375 2439 4375 2430 4375 2429 4841 2438 4841 2439 4841 2440 4795 2438 4795 2429 4795 2438 5181 2443 5181 2441 5181 2444 3641 2442 3641 2441 3641 2445 3749 2444 3749 2441 3749 2440 4135 2443 4135 2438 4135 2445 4880 2446 4880 2444 4880 2447 4107 2442 4107 2444 4107 2448 4892 2449 4892 2444 4892 2449 4969 2447 4969 2444 4969 2440 4738 2445 4738 2443 4738 2450 4701 2448 4701 2440 4701 2448 4513 2445 4513 2440 4513 2448 1221 2446 1221 2445 1221 2447 3844 2451 3844 2442 3844 2452 4160 2451 4160 2447 4160 2452 4872 2453 4872 2451 4872 2451 4005 2454 4005 2442 4005 2454 3850 2455 3850 2442 3850 2448 4108 2456 4108 2449 4108 2456 3992 2452 3992 2449 3992 2456 4836 2453 4836 2452 4836 2457 4171 2442 4171 2455 4171 2458 4136 2457 4136 2455 4136 2457 5068 2459 5068 2442 5068 2460 4705 2461 4705 2442 4705 2460 4912 2462 4912 2461 4912 2463 5367 2456 5367 2459 5367 2456 4980 2455 4980 2453 4980 2456 4343 2448 4343 2450 4343 2456 4096 2458 4096 2455 4096 2456 6488 2464 6488 2459 6488 2464 6477 2465 6477 2459 6477 2465 6511 2442 6511 2459 6511 2466 4034 2460 4034 2442 4034 2467 4327 2466 4327 2442 4327 2465 36 2467 36 2442 36 2466 1121 2468 1121 2460 1121 2464 3135 2467 3135 2465 3135 2456 4602 2463 4602 2458 4602 2456 3192 2467 3192 2464 3192 2469 3906 2467 3906 2456 3906 2468 4087 2470 4087 2460 4087 2471 3464 2472 3464 2462 3464 2472 3403 2473 3403 2462 3403 2470 4209 2468 4209 2469 4209 2473 3460 2461 3460 2462 3460 2472 5364 2474 5364 2473 5364 2470 5850 2472 5850 2471 5850 2475 4407 2469 4407 2456 4407 2475 4001 2470 4001 2469 4001 2475 3421 2472 3421 2470 3421 2474 5430 2476 5430 2473 5430 2476 5445 2461 5445 2473 5445 2477 3212 2478 3212 2461 3212 2476 4248 2479 4248 2461 4248 2479 5544 2477 5544 2461 5544 2478 4239 2480 4239 2461 4239 2480 4887 2481 4887 2461 4887 2481 4234 2482 4234 2461 4234 2483 5454 2477 5454 2479 5454 2475 5441 2474 5441 2472 5441 2477 3247 2484 3247 2480 3247 2484 4781 2481 4781 2480 4781 2474 1010 2477 1010 2483 1010 2484 4678 2474 4678 2475 4678 2484 6378 2477 6378 2474 6378 2484 4271 2485 4271 2481 4271 2481 4278 2486 4278 2482 4278 2487 4242 2482 4242 2486 4242 2488 5851 2489 5851 2482 5851 2487 4085 2488 4085 2482 4085 2489 3492 2490 3492 2482 3492 2491 5285 2492 5285 2489 5285 2492 3525 2490 3525 2489 3525 2484 4788 2487 4788 2485 4788 2484 4220 2488 4220 2487 4220 2490 3855 2493 3855 2482 3855 2493 4024 2494 4024 2482 4024 2494 4988 2495 4988 2482 4988 2495 4816 2496 4816 2482 4816 2497 4995 2498 4995 2493 4995 2498 3881 2494 3881 2493 3881 2484 4118 2491 4118 2488 4118 2484 4033 2492 4033 2491 4033 2499 4770 2496 4770 2495 4770 2498 3600 2475 3600 2495 3600 2492 917 2498 917 2497 917 2475 4559 2492 4559 2484 4559 2475 4982 2498 4982 2492 4982 2475 4805 2500 4805 2495 4805 2500 4133 2501 4133 2495 4133 2501 4669 2499 4669 2495 4669 2501 4649 2502 4649 2499 4649 2502 4644 2503 4644 2499 4644 2504 4042 2503 4042 2502 4042 2475 4212 2504 4212 2500 4212 2505 4187 2503 4187 2504 4187 2475 4525 2505 4525 2504 4525 2505 5063 2506 5063 2503 5063 2506 4010 2507 4010 2503 4010 2507 5414 2508 5414 2503 5414 2509 4152 2510 4152 2511 4152 2510 5038 2512 5038 2511 5038 2512 3955 2513 3955 2511 3955 2514 5069 2509 5069 2515 5069 2516 4619 2509 4619 2514 4619 2517 4281 2513 4281 2512 4281 2518 4808 2513 4808 2517 4808 2519 4823 2518 4823 2517 4823 2510 5108 2519 5108 2517 5108 2518 3996 2520 3996 2513 3996 2520 4316 2521 4316 2513 4316 2522 4635 2521 4635 2520 4635 2509 4668 2519 4668 2510 4668 2516 4433 2519 4433 2509 4433 2522 4679 2519 4679 2516 4679 2522 4406 2523 4406 2521 4406 2524 3935 2513 3935 2521 3935 2525 4776 2526 4776 2521 4776 2526 4223 2524 4223 2521 4223 2526 4594 2522 4594 2516 4594 2526 3342 2523 3342 2522 3342 2524 3711 2527 3711 2513 3711 2527 4915 2528 4915 2513 4915 2528 4474 2529 4474 2513 4474 2530 4168 2531 4168 2527 4168 2531 4849 2528 4849 2527 4849 2526 5301 2525 5301 2523 5301 2516 4695 2532 4695 2526 4695 2532 4751 2530 4751 2526 4751 2528 4150 2533 4150 2529 4150 2533 3702 2534 3702 2529 3702 2531 3644 2534 3644 2533 3644 2532 4537 2531 4537 2530 4537 2531 3742 2535 3742 2534 3742 2534 5208 2536 5208 2529 5208 2536 5421 2537 5421 2529 5421 2538 4643 2539 4643 2529 4643 2540 3681 2536 3681 2534 3681 2541 4889 2529 4889 2537 4889 2531 3237 2540 3237 2535 3237 2531 5874 2536 5874 2540 5874 2536 5057 2542 5057 2541 5057 2542 4275 2543 4275 2541 4275 2543 4176 2529 4176 2541 4176 2544 5167 2538 5167 2529 5167 2545 4061 2544 4061 2529 4061 2543 4710 2546 4710 2529 4710 2546 4599 2545 4599 2529 4599 2547 4736 2545 4736 2546 4736 2548 4099 2549 4099 2538 4099 2536 6406 2547 6406 2542 6406 2536 5731 2545 5731 2547 5731 2550 4554 2531 4554 2532 4554 2550 3732 2536 3732 2531 3732 2550 5040 2545 5040 2536 5040 2549 4613 2551 4613 2538 4613 2551 5380 2552 5380 2538 5380 2552 3451 2553 3451 2538 3451 2553 4556 2539 4556 2538 4556 2554 4272 2555 4272 2552 4272 2555 4344 2556 4344 2552 4344 2556 1960 2553 1960 2552 1960 2550 5079 2548 5079 2545 5079 2550 3966 2549 3966 2548 3966 2554 4930 2549 4930 2550 4930 2557 4667 2558 4667 2539 4667 2550 4919 2539 4919 2553 4919 2559 5021 2550 5021 2553 5021 2550 3484 2560 3484 2539 3484 2560 3343 2561 3343 2539 3343 2562 4263 2557 4263 2539 4263 2563 4169 2562 4169 2539 4169 2561 5391 2563 5391 2539 5391 2562 3282 2564 3282 2557 3282 2560 5334 2563 5334 2561 5334 2554 3332 2559 3332 2555 3332 2554 4174 2550 4174 2559 4174 2565 4372 2557 4372 2564 4372 2550 4568 2563 4568 2560 4568 2566 4389 2550 4389 2532 4389 2565 4739 2567 4739 2557 4739 2568 4119 2558 4119 2557 4119 2550 4368 2565 4368 2563 4368 2550 4249 2567 4249 2565 4249 2569 4756 2570 4756 2568 4756 2571 4624 2569 4624 2568 4624 2570 3401 2572 3401 2568 3401 2572 3216 2573 3216 2568 3216 2573 6018 2574 6018 2568 6018 2574 4651 2558 4651 2568 4651 2575 4427 2576 4427 2572 4427 2576 4028 2573 4028 2572 4028 2550 4974 2571 4974 2567 4974 2569 4310 2571 4310 2550 4310 2573 1116 2577 1116 2574 1116 2577 4511 2578 4511 2574 4511 2579 4633 2558 4633 2574 4633 2576 4730 2578 4730 2577 4730 2569 5427 2576 5427 2575 5427 2576 4637 2569 4637 2550 4637 2580 4711 2579 4711 2574 4711 2581 3808 2582 3808 2580 3808 2566 4206 2582 4206 2550 4206 2582 4396 2576 4396 2550 4396 2582 4689 2578 4689 2576 4689 2583 4597 2579 4597 2580 4597 2584 4853 2583 4853 2580 4853 2582 4653 2584 4653 2580 4653 2583 4547 2585 4547 2579 4547 2585 5361 2586 5361 2579 5361 2584 4611 2585 4611 2583 4611 2582 4846 2581 4846 2578 4846 2582 4412 2587 4412 2584 4412 2587 3890 2585 3890 2584 3890 2587 3796 2588 3796 2585 3796 2589 3983 2590 3983 2585 3983 2588 3982 2589 3982 2585 3982 2591 4109 2592 4109 2593 4109 2592 5090 2594 5090 2593 5090 2594 4804 2595 4804 2593 4804 2596 4019 2597 4019 2595 4019 2598 3477 2591 3477 2599 3477 2600 4762 2595 4762 2594 4762 2601 5513 2595 5513 2600 5513 2602 5490 2601 5490 2600 5490 2592 5299 2602 5299 2600 5299 2603 4410 2591 4410 2598 4410 2601 3316 2604 3316 2595 3316 2602 5328 2605 5328 2601 5328 2605 3412 2604 3412 2601 3412 2591 4986 2602 4986 2592 4986 2604 3818 2606 3818 2595 3818 2606 4757 2607 4757 2595 4757 2607 4388 2596 4388 2595 4388 2603 4931 2602 4931 2591 4931 2603 3947 2605 3947 2602 3947 2608 4622 2605 4622 2603 4622 2609 1183 2607 1183 2606 1183 2610 4724 2609 4724 2606 4724 2608 4142 2610 4142 2606 4142 2611 4430 2610 4430 2608 4430 2603 4429 2611 4429 2608 4429 2612 3372 2596 3372 2607 3372 2613 3141 2612 3141 2607 3141 2610 3188 2613 3188 2607 3188 2614 4000 2597 4000 2596 4000 2613 6566 2596 6566 2612 6566 2615 2989 2613 2989 2610 2989 2616 4505 2614 4505 2596 4505 2614 4221 2617 4221 2597 4221 2616 4521 2618 4521 2614 4521 2618 4148 2619 4148 2614 4148 2615 6532 2596 6532 2613 6532 2611 4520 2615 4520 2610 4520 2615 4287 2616 4287 2596 4287 2620 3967 2621 3967 2619 3967 2621 4741 2614 4741 2619 4741 2621 4192 2617 4192 2614 4192 2622 4798 2623 4798 2620 4798 2615 4494 2618 4494 2616 4494 2624 4590 2621 4590 2620 4590 2623 4020 2624 4020 2620 4020 2625 4591 2626 4591 2621 4591 2624 4664 2627 4664 2621 4664 2627 4921 2628 4921 2621 4921 2628 3894 2625 3894 2621 3894 2626 4129 2629 4129 2621 4129 2629 4161 2630 4161 2621 4161 2630 4247 2617 4247 2621 4247 2631 3938 2628 3938 2627 3938 2618 1149 2623 1149 2622 1149 2632 4244 2630 4244 2629 4244 2623 5016 2628 5016 2631 5016 2623 4270 2618 4270 2615 4270 2632 4583 2633 4583 2630 4583 2630 4349 2634 4349 2617 4349 2634 4450 2635 4450 2617 4450 2636 4081 2637 4081 2634 4081 2637 4803 2638 4803 2634 4803 2638 3213 2635 3213 2634 3213 2628 4279 2632 4279 2625 4279 2628 4774 2633 4774 2632 4774 2639 4191 2640 4191 2635 4191 2628 4626 2636 4626 2633 4626 2628 4383 2637 4383 2636 4383 2615 4313 2628 4313 2623 4313 2640 4280 2641 4280 2635 4280 2641 4162 2617 4162 2635 4162 2642 5091 2643 5091 2617 5091 2644 3746 2642 3746 2617 3746 2641 4399 2645 4399 2617 4399 2645 4149 2646 4149 2617 4149 2646 4688 2644 4688 2617 4688 2647 4782 2646 4782 2645 4782 2643 4404 2648 4404 2617 4404 2628 4353 2639 4353 2637 4353 2628 4341 2640 4341 2639 4341 2640 4862 2646 4862 2647 4862 2646 4350 2640 4350 2628 4350 2649 5174 2650 5174 2643 5174 2651 4681 2649 4681 2643 4681 2650 1052 2652 1052 2643 1052 2652 4783 2648 4783 2643 4783 2649 4699 2653 4699 2650 4699 2646 4700 2651 4700 2644 4700 2649 4442 2646 4442 2628 4442 2649 4155 2651 4155 2646 4155 2653 3734 2652 3734 2650 3734 2653 5310 2654 5310 2652 5310 2655 3592 2648 3592 2652 3592 2654 5398 2655 5398 2652 5398 2655 3922 2656 3922 2648 3922 2654 3825 2657 3825 2655 3825 2657 3496 2656 3496 2655 3496 2649 3867 2658 3867 2653 3867 2658 5343 2654 5343 2653 5343 2657 4116 2658 4116 2656 4116 2658 3580 2657 3580 2654 3580 2615 4319 2658 4319 2628 4319 2658 4528 2649 4528 2628 4528 2659 4260 2648 4260 2656 4260 2660 3864 2659 3864 2656 3864 2658 3941 2660 3941 2656 3941 2659 4646 2661 4646 2648 4646 2662 3715 2663 3715 2648 3715 2661 4647 2662 4647 2648 4647 2664 4102 2662 4102 2661 4102 2658 4586 2664 4586 2660 4586 2658 4497 2665 4497 2664 4497 2665 4807 2662 4807 2664 4807 2665 5207 2666 5207 2662 5207 2667 5431 2668 5431 2662 5431 2666 3693 2667 3693 2662 3693 2669 3561 2670 3561 2671 3561 2672 3601 2670 3601 2669 3601 2672 3686 2673 3686 2670 3686 2673 4925 2674 4925 2670 4925 2675 5297 2674 5297 2673 5297 2676 5183 2674 5183 2675 5183 2677 5266 2678 5266 2674 5266 2676 3620 2677 3620 2674 3620 2679 3079 2680 3079 2681 3079 2682 1468 2680 1468 2679 1468 2682 1621 2683 1621 2680 1621 2682 2487 2684 2487 2683 2487 2682 1707 2685 1707 2684 1707 2686 1428 2685 1428 2682 1428 2686 2674 2687 2674 2685 2674 2686 2730 2688 2730 2687 2730 2689 2738 2688 2738 2686 2738 2690 3588 2691 3588 2692 3588 2693 3534 2691 3534 2690 3534 2694 3530 2691 3530 2693 3530 2694 3539 2695 3539 2691 3539 2696 5216 2695 5216 2694 5216 2697 3502 2695 3502 2696 3502 2698 3518 2695 3518 2697 3518 2698 3537 2699 3537 2695 3537 2700 2988 2701 2988 2702 2988 2700 3000 2703 3000 2701 3000 2700 3006 2704 3006 2703 3006 2705 2810 2706 2810 2700 2810 2706 3050 2704 3050 2700 3050 2705 3030 2707 3030 2706 3030 2705 3016 2708 3016 2707 3016 2709 3019 2708 3019 2705 3019 2710 4509 2711 4509 2712 4509 2713 5095 2710 5095 2712 5095 2714 4479 2713 4479 2712 4479 2715 4304 2713 4304 2714 4304 2716 3768 2713 3768 2715 3768 2717 3624 2713 3624 2716 3624 2718 5325 2713 5325 2717 5325 2719 5229 2713 5229 2718 5229 2720 4587 2721 4587 2719 4587 2721 4975 2722 4975 2719 4975 2722 3605 2713 3605 2719 3605 2710 5134 2723 5134 2711 5134 2723 5011 2724 5011 2711 5011 2723 3801 2725 3801 2724 3801 2723 3975 2726 3975 2725 3975 2723 4286 2727 4286 2726 4286 2723 5177 2728 5177 2727 5177 2729 4476 2730 4476 2728 4476 2723 3730 2729 3730 2728 3730 2731 4842 2732 4842 2730 4842 2729 5158 2731 5158 2730 5158 2733 4227 2734 4227 2732 4227 2731 3675 2733 3675 2732 3675 2733 4743 2735 4743 2734 4743 2733 4095 2736 4095 2735 4095 2733 4577 2737 4577 2736 4577 2738 4378 2739 4378 2737 4378 2739 3315 2740 3315 2737 3315 2740 5478 2741 5478 2737 5478 2741 4251 2742 4251 2737 4251 2733 4444 2738 4444 2737 4444 2720 5143 2743 5143 2721 5143 2720 4055 2744 4055 2743 4055 2720 3760 2745 3760 2744 3760 2745 5080 2746 5080 2744 5080 2746 4818 2747 4818 2744 4818 2747 4950 2748 4950 2744 4950 2748 3709 2749 3709 2744 3709 2748 4397 2750 4397 2749 4397 2750 5305 2751 5305 2749 5305 2752 5353 2742 5353 2741 5353 2750 3559 2753 3559 2751 3559 2750 4441 2742 4441 2753 4441 2753 5150 2742 5150 2752 5150 2754 5124 2742 5124 2750 5124 2755 5271 2756 5271 2754 5271 2757 3857 2758 3857 2754 3857 2758 3397 2755 3397 2754 3397 2756 4459 2742 4459 2754 4459 2759 5156 2760 5156 2757 5156 2760 5424 2758 5424 2757 5424 2761 3614 2760 3614 2759 3614 2762 5087 2760 5087 2761 5087 2763 4558 2760 4558 2762 4558 2764 3880 2765 3880 2763 3880 2765 5294 2760 5294 2763 5294 2766 3712 2765 3712 2764 3712 2767 5130 2765 5130 2766 5130 2768 4181 2765 4181 2767 4181 2769 3916 2765 3916 2768 3916 2770 3235 2771 3235 2769 3235 2771 5469 2772 5469 2769 5469 2772 4018 2773 4018 2769 4018 2773 5138 2774 5138 2769 5138 2774 4920 2775 4920 2769 4920 2776 3934 2777 3934 2769 3934 2775 4796 2778 4796 2769 4796 2778 4708 2779 4708 2769 4708 2779 3636 2780 3636 2769 3636 2780 5157 2781 5157 2769 5157 2781 4398 2782 4398 2769 4398 2782 4869 2776 4869 2769 4869 2783 3507 2765 3507 2769 3507 2777 4496 2783 4496 2769 4496 2784 5153 2785 5153 2777 5153 2785 4827 2786 4827 2777 4827 2786 4189 2783 4189 2777 4189 2787 4608 2785 4608 2784 4608 2788 4504 2789 4504 2742 4504 2756 4092 2788 4092 2742 4092 2788 4606 2790 4606 2789 4606 2791 4103 2792 4103 2790 4103 2788 3944 2791 3944 2790 3944 2791 4850 2793 4850 2792 4850 2791 4306 2794 4306 2793 4306 2795 4549 2796 4549 2794 4549 2791 4917 2795 4917 2794 4917 2787 5388 2797 5388 2785 5388 2798 4744 2796 4744 2795 4744 2787 5012 2799 5012 2797 5012 2800 3613 2796 3613 2798 3613 2799 3462 2801 3462 2797 3462 2799 4645 2802 4645 2801 4645 2803 4838 2796 4838 2800 4838 2804 5425 2803 5425 2800 5425 2802 3435 2805 3435 2801 3435 2802 3956 2806 3956 2805 3956 2806 4330 2803 4330 2804 4330 2805 5386 2806 5386 2804 5386 2807 1195 2808 1195 2809 1195 2807 1396 2810 1396 2808 1396 2807 1395 2811 1395 2810 1395 2812 1252 2813 1252 2807 1252 2813 2862 2811 2862 2807 2862 2812 1674 2814 1674 2813 1674 2812 1408 2815 1408 2814 1408 2816 1224 2815 1224 2812 1224 2817 5348 2818 5348 2819 5348 2817 4130 2820 4130 2818 4130 2821 3775 2820 3775 2817 3775 2822 4446 2823 4446 2821 4446 2823 4124 2820 4124 2821 4124 2824 3755 2825 3755 2822 3755 2825 3969 2823 3969 2822 3969 2826 3851 2825 3851 2824 3851 2827 5335 2828 5335 2826 5335 2828 3717 2825 3717 2826 3717 2827 5355 2829 5355 2828 5355 2830 3431 2831 3431 2832 3431 2830 5283 2833 5283 2831 5283 2834 5186 2835 5186 2836 5186 2835 5003 2837 5003 2836 5003 2835 3677 2838 3677 2837 3677 2839 3892 2840 3892 2834 3892 2840 4725 2835 4725 2834 4725 2841 5111 2842 5111 2838 5111 2835 4037 2841 4037 2838 4037 2841 3728 2843 3728 2842 3728 2844 3657 2845 3657 2843 3657 2841 3937 2844 3937 2843 3937 2846 6543 2847 6543 2848 6543 2849 3202 2850 3202 2848 3202 2851 5483 2852 5483 2848 5483 2847 3231 2853 3231 2848 3231 2853 3452 2854 3452 2848 3452 2850 3703 2855 3703 2848 3703 2855 4016 2851 4016 2848 4016 2854 5555 2849 5555 2848 5555 2856 4759 2857 4759 2848 4759 2857 4503 2858 4503 2848 4503 2859 3650 2856 3650 2848 3650 2860 3461 2861 3461 2848 3461 2862 5494 2863 5494 2848 5494 2863 4595 2859 4595 2848 4595 2861 3512 2862 3512 2848 3512 2852 3791 2864 3791 2848 3791 2864 3635 2860 3635 2848 3635 2865 3399 2866 3399 2846 3399 2865 6565 2867 6565 2866 6565 2865 85 2868 85 2867 85 2869 6533 2855 6533 2850 6533 2865 1108 2870 1108 2868 1108 2871 105 2855 105 2869 105 2865 6510 2872 6510 2870 6510 2873 5438 2855 5438 2871 5438 2874 5601 2875 5601 2872 5601 2865 3687 2874 3687 2872 3687 2876 6504 2873 6504 2871 6504 2875 3266 2877 3266 2872 3266 2877 5509 2876 5509 2872 5509 2877 3541 2873 3541 2876 3541 2865 5191 2878 5191 2874 5191 2879 4009 2864 4009 2852 4009 2880 3446 2879 3446 2852 3446 2881 4098 2851 4098 2855 4098 2865 5288 2882 5288 2878 5288 2883 4786 2851 4786 2881 4786 2884 3599 2879 3599 2880 3599 2885 4620 2886 4620 2881 4620 2886 4581 2883 4581 2881 4581 2887 3695 2879 3695 2884 3695 2865 4772 2888 4772 2882 4772 2888 4408 2889 4408 2882 4408 2890 3386 2891 3386 2885 3386 2891 3522 2892 3522 2885 3522 2892 4094 2886 4094 2885 4094 2893 4728 2894 4728 2889 4728 2888 3898 2895 3898 2889 3898 2895 4685 2893 4685 2889 4685 2896 4499 2890 4499 2885 4499 2894 5055 2897 5055 2889 5055 2897 4070 2898 4070 2889 4070 2899 4801 2900 4801 2887 4801 2900 5284 2901 5284 2887 5284 2901 3297 2902 3297 2887 3297 2903 3515 2879 3515 2887 3515 2902 3405 2903 3405 2887 3405 2904 3792 2896 3792 2885 3792 2905 3725 2906 3725 2889 3725 2898 4484 2907 4484 2889 4484 2907 4021 2905 4021 2889 4021 2908 3365 2909 3365 2863 3365 2910 1162 2911 1162 2863 1162 2911 5471 2908 5471 2863 5471 2909 5435 2859 5435 2863 5435 2905 3932 2912 3932 2906 3932 2913 5005 2896 5005 2904 5005 2914 4865 2913 4865 2906 4865 2912 4197 2914 4197 2906 4197 2915 4615 2900 4615 2899 4615 2914 4585 2896 4585 2913 4585 2896 4723 2900 4723 2915 4723 2916 3654 2896 3654 2915 3654 2890 5400 2896 5400 2916 5400 2917 5562 2911 5562 2910 5562 2896 1041 2911 1041 2917 1041 2918 5163 2896 5163 2917 5163 2919 4367 2896 4367 2918 4367 2920 3519 2896 3519 2919 3519 2896 5254 2920 5254 2900 5254 2921 4794 2896 4794 2914 4794 2922 3445 2923 3445 2858 3445 2923 4569 2924 4569 2858 4569 2925 3473 2926 3473 2858 3473 2926 5443 2922 5443 2858 5443 2857 4675 2925 4675 2858 4675 2927 3884 2924 3884 2923 3884 2928 4241 2929 4241 2927 4241 2929 4996 2930 4996 2927 4996 2931 4567 2924 4567 2927 4567 2930 4328 2931 4328 2927 4328 2932 5022 2928 5022 2927 5022 2921 4735 2928 4735 2932 4735 2933 3400 2921 3400 2932 3400 2921 5439 2934 5439 2896 5439 2934 5403 2921 5403 2933 5403 2935 4734 2928 4734 2921 4734 2936 3450 2928 3450 2935 3450 2936 2517 2937 2517 2928 2517 2936 3073 2938 3073 2937 3073 2939 5318 2940 5318 2941 5318 2942 5050 2940 5050 2939 5050 2942 5206 2943 5206 2940 5206 2942 4886 2944 4886 2943 4886 2945 3907 2946 3907 2942 3907 2946 4871 2944 4871 2942 4871 2945 4764 2947 4764 2946 4764 2945 5193 2948 5193 2947 5193 2949 5302 2948 5302 2945 5302 2950 5409 2951 5409 2948 5409 2949 5470 2950 5470 2948 5470 2952 6480 2951 6480 2950 6480 2953 6548 2954 6548 2955 6548 2953 5530 2956 5530 2954 5530 2957 5321 2956 5321 2953 5321 2958 5331 2956 5331 2957 5331 2958 5225 2959 5225 2956 5225 2960 5114 2961 5114 2958 5114 2961 3804 2962 3804 2958 3804 2962 5224 2959 5224 2958 5224 2960 5249 2963 5249 2961 5249 2964 3704 2965 3704 2960 3704 2965 5220 2963 5220 2960 5220 2964 3472 2966 3472 2965 3472 2967 4799 2968 4799 2969 4799 2968 4243 2970 4243 2969 4243 2970 3828 2971 3828 2969 3828 2972 4797 2968 4797 2967 4797 2970 4582 2973 4582 2971 4582 2974 4843 2968 4843 2972 4843 2970 5047 2975 5047 2973 5047 2975 5001 2976 5001 2973 5001 2977 4652 2968 4652 2974 4652 2975 3972 2978 3972 2976 3972 2978 3748 2979 3748 2976 3748 2979 4987 2980 4987 2976 4987 2980 3807 2981 3807 2976 3807 2981 5289 2982 5289 2976 5289 2982 3745 2983 3745 2976 3745 2984 4137 2968 4137 2977 4137 2985 4539 2968 4539 2984 4539 2986 4534 2968 4534 2985 4534 2987 4186 2986 4186 2985 4186 2988 5058 2986 5058 2987 5058 2989 3943 2986 3943 2988 3943 2990 3968 2986 3968 2989 3968 2991 4815 2986 4815 2990 4815 2992 3998 2986 3998 2991 3998 2993 4238 2986 4238 2992 4238 2994 4508 2993 4508 2992 4508 2995 4326 2993 4326 2994 4326 2996 3921 2993 3921 2995 3921 2997 4761 2996 4761 2995 4761 2998 4607 2996 4607 2997 4607 2999 4777 3000 4777 2998 4777 3000 4636 2996 4636 2998 4636 3001 4939 3002 4939 2999 4939 3002 4134 3003 4134 2999 4134 3004 6398 3005 6398 2999 6398 3005 3523 3006 3523 2999 3523 3006 4997 3001 4997 2999 4997 3003 4469 3007 4469 2999 4469 3007 4769 3000 4769 2999 4769 3008 4876 3009 4876 3010 4876 3009 3678 3011 3678 3010 3678 3011 3990 3012 3990 3010 3990 3011 4210 3013 4210 3012 4210 3014 4400 3015 4400 3008 4400 3015 1598 3016 1598 3008 1598 3016 6542 3009 6542 3008 6542 3011 3671 3017 3671 3013 3671 3017 4837 3018 4837 3013 4837 3017 4785 3019 4785 3018 4785 3020 4500 3021 4500 3019 4500 3017 4348 3020 4348 3019 4348 3022 4026 3015 4026 3014 4026 3023 4787 3022 4787 3014 4787 3024 4462 3023 4462 3014 4462 3025 4600 3023 4600 3024 4600 3026 4331 3023 4331 3025 4331 3027 4374 3023 4374 3026 4374 3028 4369 3023 4369 3027 4369 3029 4628 3023 4628 3028 4628 3030 4421 3029 4421 3028 4421 3031 4991 3030 4991 3028 4991 3032 4320 3031 4320 3028 4320 3033 4609 3021 4609 3020 4609 3034 4173 3021 4173 3033 4173 3035 4431 3021 4431 3034 4431 3036 4510 3035 4510 3034 4510 3037 3816 3036 3816 3034 3816 3038 3714 3039 3714 3029 3714 3030 98 3038 98 3029 98 3040 4175 3036 4175 3037 4175 3041 3819 3040 3819 3037 3819 3042 3978 3043 3978 3037 3978 3043 5018 3041 5018 3037 5018 3044 3999 3042 3999 3037 3999 3038 3585 3045 3585 3039 3585 3046 5197 3042 5197 3044 5197 3038 3418 3047 3418 3045 3418 3048 4531 3042 4531 3046 4531 3049 3548 3048 3548 3046 3548 3038 6521 3049 6521 3046 6521 3047 5500 3038 5500 3046 5500 3050 4274 3051 4274 3031 4274 3052 6531 3053 6531 3031 6531 3053 86 3054 86 3031 86 3055 5401 3056 5401 3031 5401 3032 3621 3057 3621 3031 3621 3056 1142 3052 1142 3031 1142 3054 6524 3058 6524 3031 6524 3058 3409 3059 3409 3031 3409 3059 4416 3050 4416 3031 4416 3057 5489 3060 5489 3031 5489 3060 3364 3055 3364 3031 3364 3061 6539 3050 6539 3059 6539 3062 4322 3063 4322 3064 4322 3063 5351 3065 5351 3064 5351 3065 3597 3050 3597 3064 3597 3050 3617 3066 3617 3064 3617 3067 3362 3050 3362 3061 3362 3050 5253 3068 5253 3066 5253 3050 3596 3069 3596 3068 3596 3070 5065 3050 5065 3067 5065 3050 5242 3070 5242 3069 5242 3050 5112 3071 5112 3051 5112 3050 5232 3072 5232 3071 5232 3050 5133 3073 5133 3072 5133 3050 3758 3074 3758 3073 3758 3050 3830 3075 3830 3074 3830 3076 4529 3077 4529 3075 4529 3078 5250 3076 5250 3075 5250 3050 3699 3078 3699 3075 3699 3079 4167 3080 4167 3062 4167 3080 4015 3081 4015 3062 4015 3081 3205 3082 3205 3062 3205 3082 5484 3063 5484 3062 5484 3083 4698 3080 4698 3079 4698 3084 4289 3080 4289 3083 4289 3085 4467 3080 4467 3084 4467 3086 4338 3080 4338 3085 4338 3087 4448 3088 4448 3086 4448 3088 4540 3089 4540 3086 4540 3089 4386 3080 4386 3086 4386 3090 3433 3077 3433 3076 3433 3091 5304 3077 5304 3090 5304 3087 4491 3092 4491 3088 4491 3093 5072 3077 5072 3091 5072 3094 5099 3095 5099 3091 5099 3095 4458 3096 4458 3091 4458 3096 3569 3097 3569 3091 3569 3098 3618 3093 3618 3091 3618 3097 5269 3098 5269 3091 5269 3087 3584 3099 3584 3092 3584 3100 4578 3095 4578 3094 4578 3087 3950 3101 3950 3099 3950 3101 4132 3102 4132 3099 4132 3102 4126 3103 4126 3099 4126 3103 4947 3104 4947 3099 4947 3099 5187 3100 5187 3094 5187 3104 3888 3100 3888 3099 3888 3105 4985 3106 4985 3107 4985 3108 4945 3105 4945 3107 4945 3109 4733 3108 4733 3107 4733 3110 3896 3108 3896 3109 3896 3105 4067 3111 4067 3106 4067 3112 4898 3108 4898 3110 4898 3105 3609 3113 3609 3111 3609 3113 3900 3114 3900 3111 3900 3115 4627 3108 4627 3112 4627 3116 4955 3117 4955 3114 4955 3117 3751 3118 3751 3114 3751 3118 3913 3119 3913 3114 3913 3119 4115 3120 4115 3114 4115 3113 4395 3121 4395 3114 4395 3121 5244 3116 5244 3114 5244 3122 4690 3108 4690 3115 4690 3123 4538 3108 4538 3122 4538 3124 4548 3108 4548 3123 4548 3125 4737 3124 4737 3123 4737 3126 3954 3124 3954 3125 3954 3127 4852 3124 4852 3126 4852 3128 4662 3124 4662 3127 4662 3129 4032 3124 4032 3128 4032 3130 4417 3124 4417 3129 4417 3131 4640 3130 4640 3129 4640 3132 4704 3130 4704 3131 4704 3133 4909 3130 4909 3132 4909 3134 4834 3133 4834 3132 4834 3135 4650 3133 4650 3134 4650 3136 4199 3137 4199 3135 4199 3137 4672 3133 4672 3135 4672 3138 4866 3139 4866 3136 4866 3140 5433 3138 5433 3136 5433 3139 4944 3141 4944 3136 4944 3141 5089 3142 5089 3136 5089 3142 3939 3143 3939 3136 3939 3143 4720 3144 4720 3136 4720 3144 4208 3137 4208 3136 4208 3145 6578 3146 6578 3147 6578 3145 6513 3148 6513 3146 6513 3145 5587 3149 5587 3148 5587 3150 6473 3151 6473 3152 6473 3145 5881 3153 5881 3149 5881 3154 5650 3151 5650 3150 5650 3145 6239 3155 6239 3153 6239 3156 5663 3151 5663 3154 5663 3157 6339 3151 6339 3156 6339 3145 6103 3158 6103 3155 6103 3159 6246 3151 6246 3157 6246 3145 5754 3160 5754 3158 5754 3161 6366 3151 6366 3159 6366 3162 5675 3161 5675 3159 5675 3145 6322 3163 6322 3160 6322 3164 5849 3165 5849 3162 5849 3166 5801 3161 5801 3162 5801 3165 5866 3166 5866 3162 5866 3167 5723 3168 5723 3163 5723 3145 6333 3169 6333 3163 6333 3169 5796 3167 5796 3163 5796 3170 6266 3171 6266 3164 6266 3171 5869 3165 5869 3164 5869 3167 5933 3172 5933 3168 5933 3172 5873 3173 5873 3168 5873 3173 6353 3174 6353 3168 6353 3174 5990 3175 5990 3170 5990 3175 6042 3176 6042 3170 6042 3176 5871 3177 5871 3170 5871 3177 6208 3178 6208 3170 6208 3178 6238 3179 6238 3170 6238 3179 5848 3180 5848 3170 5848 3180 5885 3181 5885 3170 5885 3181 5746 3171 5746 3170 5746 3182 6330 3183 6330 3174 6330 3173 5759 3184 5759 3174 5759 3184 5917 3182 5917 3174 5917 3183 5697 3185 5697 3174 5697 3185 6243 3186 6243 3174 6243 3186 5836 3175 5836 3174 5836 3187 811 3188 811 3189 811 3190 132 3188 132 3187 132 3191 751 3188 751 3190 751 3192 351 3188 351 3191 351 3193 218 3192 218 3191 218 3194 808 3192 808 3193 808 3195 560 3192 560 3194 560 3195 508 3196 508 3192 508 3197 952 3196 952 3195 952 3198 1001 3199 1001 3200 1001 3201 1196 3199 1196 3198 1196 3202 1081 3203 1081 3204 1081 3202 821 3205 821 3203 821 3206 266 3205 266 3202 266 3207 313 3205 313 3206 313 3207 788 3208 788 3205 788 3209 123 3208 123 3207 123 3210 734 3208 734 3209 734 3211 361 3208 361 3210 361 3211 151 3212 151 3208 151 3213 65 3212 65 3211 65 3214 54 3215 54 3216 54 3214 160 3217 160 3215 160 3218 269 3217 269 3214 269 3218 815 3219 815 3217 815 3219 259 3220 259 3217 259 3221 155 3220 155 3219 155 3222 225 3220 225 3221 225 3223 144 3224 144 3220 144 3222 673 3223 673 3220 673 3225 91 3226 91 3223 91 3226 94 3224 94 3223 94 3225 1028 3227 1028 3226 1028 3228 1054 3229 1054 3230 1054 3231 68 3229 68 3228 68 3231 265 3232 265 3229 265 3231 602 3233 602 3232 602 3231 446 3234 446 3233 446 3234 836 3235 836 3233 836 3235 319 3236 319 3233 319 3237 417 3238 417 3236 417 3239 138 3237 138 3236 138 3235 295 3240 295 3236 295 3240 863 3239 863 3236 863 3237 601 3241 601 3238 601 3242 977 3243 977 3244 977 3245 798 3243 798 3242 798 3246 750 3243 750 3245 750 3247 644 3248 644 3245 644 3248 262 3249 262 3245 262 3249 926 3246 926 3245 926 3250 281 3251 281 3247 281 3251 887 3252 887 3247 887 3252 894 3248 894 3247 894 3253 433 3251 433 3250 433 3254 110 3255 110 3256 110 3257 1287 3254 1287 3256 1287 3257 107 3258 107 3254 107 3257 466 3259 466 3258 466 3257 359 3260 359 3259 359 3260 843 3261 843 3259 843 3261 834 3262 834 3259 834 3263 444 3264 444 3262 444 3265 872 3263 872 3262 872 3261 776 3266 776 3262 776 3266 922 3265 922 3262 922 3263 609 3267 609 3264 609 3268 6578 3269 6578 3270 6578 3268 6509 3271 6509 3269 6509 3268 5594 3272 5594 3271 5594 3273 5559 3274 5559 3275 5559 3268 6221 3276 6221 3272 6221 3277 5627 3274 5627 3273 5627 3268 6131 3278 6131 3276 6131 3279 6414 3274 6414 3277 6414 3280 5598 3274 5598 3279 5598 3268 6105 3281 6105 3278 6105 3282 6114 3274 6114 3280 6114 3268 5792 3283 5792 3281 5792 3284 5674 3274 5674 3282 5674 3285 6379 3284 6379 3282 6379 3268 6291 3286 6291 3283 6291 3287 5945 3288 5945 3285 5945 3288 6152 3289 6152 3285 6152 3289 5961 3284 5961 3285 5961 3268 6332 3290 6332 3286 6332 3290 5809 3291 5809 3286 5809 3291 5722 3292 5722 3286 5722 3293 6249 3294 6249 3287 6249 3294 6090 3288 6090 3287 6090 3291 6017 3295 6017 3292 6017 3295 5821 3296 5821 3292 5821 3296 6385 3297 6385 3292 6385 3298 5875 3299 5875 3293 5875 3299 6317 3294 6317 3293 6317 3300 5725 3301 5725 3293 5725 3301 6242 3302 6242 3293 6242 3302 5841 3298 5841 3293 5841 3297 5980 3303 5980 3293 5980 3303 6033 3304 6033 3293 6033 3304 6299 3300 6299 3293 6299 3305 6228 3306 6228 3297 6228 3307 5822 3305 5822 3297 5822 3296 6296 3308 6296 3297 6296 3308 5838 3307 5838 3297 5838 3306 5726 3309 5726 3297 5726 3309 5872 3303 5872 3297 5872 3310 1043 3311 1043 3312 1043 3310 357 3313 357 3311 357 3310 342 3314 342 3313 342 3315 286 3316 286 3310 286 3316 121 3314 121 3310 121 3315 945 3317 945 3316 945 3315 841 3318 841 3317 841 3319 208 3318 208 3315 208 3320 187 3321 187 3322 187 3321 320 3323 320 3322 320 3323 849 3324 849 3322 849 3324 1021 3325 1021 3322 1021 3326 87 3327 87 3322 87 3327 927 3328 927 3322 927 3328 889 3320 889 3322 889 3324 114 3329 114 3325 114 3324 920 3330 920 3329 920 3324 192 3331 192 3330 192 3324 343 3332 343 3331 343 3324 891 3333 891 3332 891 3324 461 3334 461 3333 461 3324 371 3335 371 3334 371 3324 613 3336 613 3335 613 3324 377 3337 377 3336 377 3337 143 3338 143 3336 143 3337 721 3339 721 3338 721 3339 216 3340 216 3338 216 3340 993 3341 993 3338 993 3341 264 3342 264 3338 264 3342 1005 3343 1005 3338 1005 3343 189 3344 189 3338 189 3344 892 3345 892 3338 892 3345 1019 3346 1019 3338 1019 3345 120 3347 120 3346 120 3337 610 3348 610 3339 610 3337 404 3349 404 3348 404 3337 396 3350 396 3349 396 3337 722 3351 722 3350 722 3337 437 3352 437 3351 437 3353 642 3354 642 3352 642 3337 3138 3353 3138 3352 3138 3353 594 3355 594 3354 594 3353 528 3356 528 3355 528 3353 623 3357 623 3356 623 3353 685 3358 685 3357 685 3358 735 3359 735 3357 735 3360 1014 3361 1014 3362 1014 3360 112 3363 112 3361 112 3360 925 3364 925 3363 925 3360 989 3365 989 3364 989 3360 344 3366 344 3365 344 3360 164 3367 164 3366 164 3360 503 3368 503 3367 503 3360 960 3369 960 3368 960 3369 108 3370 108 3368 108 3370 933 3371 933 3368 933 3371 992 3372 992 3368 992 3372 374 3373 374 3368 374 3373 175 3374 175 3368 175 3374 635 3375 635 3368 635 3375 360 3376 360 3368 360 3377 593 3378 593 3376 593 3375 416 3379 416 3376 416 3379 583 3377 583 3376 583 3378 612 3380 612 3376 612 3378 211 3381 211 3380 211 3378 247 3382 247 3381 247 3382 381 3383 381 3381 381 3383 768 3384 768 3381 768 3384 1031 3385 1031 3381 1031 3386 62 3387 62 3385 62 3384 793 3388 793 3385 793 3388 957 3386 957 3385 957 3379 450 3389 450 3377 450 3379 521 3390 521 3389 521 3379 604 3391 604 3390 604 3379 658 3392 658 3391 658 3379 448 3393 448 3392 448 3379 599 3394 599 3393 599 3379 504 3395 504 3394 504 3379 719 3396 719 3395 719 3396 199 3397 199 3395 199 3398 2 3399 2 3400 2 3398 170 3401 170 3399 170 3398 958 3402 958 3401 958 3398 162 3403 162 3402 162 3398 929 3404 929 3403 929 3398 339 3405 339 3404 339 3398 826 3406 826 3405 826 3407 124 3408 124 3406 124 3408 991 3409 991 3406 991 3409 380 3410 380 3406 380 3398 963 3411 963 3406 963 3411 943 3407 943 3406 943 3410 174 3412 174 3406 174 3412 633 3413 633 3406 633 3413 725 3414 725 3406 725 3413 385 3415 385 3414 385 3415 588 3416 588 3414 588 3416 490 3417 490 3414 490 3417 499 3418 499 3414 499 3417 941 3419 941 3418 941 3419 850 3420 850 3418 850 3421 159 3422 159 3420 159 3419 167 3423 167 3420 167 3423 982 3421 982 3420 982 3422 966 3424 966 3420 966 3422 209 3425 209 3424 209 3422 1042 3426 1042 3425 1042 3422 970 3427 970 3426 970 3415 752 3428 752 3416 752 3415 435 3429 435 3428 435 3415 739 3430 739 3429 739 3415 485 3431 485 3430 485 3415 457 3432 457 3431 457 3415 608 3433 608 3432 608 3415 563 3434 563 3433 563 3415 654 3435 654 3434 654 3436 240 3437 240 3435 240 3415 617 3436 617 3435 617 3438 208 3439 208 3440 208 3438 477 3441 477 3439 477 3442 924 3443 924 3438 924 3443 117 3444 117 3438 117 3444 988 3441 988 3438 988 3442 837 3445 837 3443 837 3446 978 3447 978 3442 978 3447 285 3445 285 3442 285 3446 1085 3448 1085 3447 1085 3449 190 3450 190 3451 190 3449 1124 3452 1124 3450 1124 3453 971 3454 971 3455 971 3456 147 3454 147 3453 147 3457 134 3454 134 3456 134 3458 827 3459 827 3456 827 3459 156 3460 156 3456 156 3460 327 3457 327 3456 327 3461 668 3462 668 3458 668 3462 171 3463 171 3458 171 3463 860 3459 860 3458 860 3464 713 3462 713 3461 713 3465 5570 3466 5570 3467 5570 3465 6416 3468 6416 3466 6416 3465 6430 3469 6430 3468 6430 3469 6253 3470 6253 3468 6253 3470 5886 3471 5886 3468 5886 3472 5912 3473 5912 3471 5912 3474 6387 3472 6387 3471 6387 3470 6190 3475 6190 3471 6190 3475 5696 3474 5696 3471 5696 3472 5845 3476 5845 3473 5845 3477 6309 3478 6309 3479 6309 3480 5423 3478 5423 3477 5423 3481 5536 3482 5536 3483 5536 3484 5566 3482 5566 3481 5566 3484 6125 3485 6125 3482 6125 3485 5554 3486 5554 3482 5554 3487 5693 3486 5693 3485 5693 3488 5710 3486 5710 3487 5710 3489 5589 3490 5589 3486 5589 3488 6292 3489 6292 3486 6292 3491 5459 3490 5459 3489 5459 3492 3469 3493 3469 3494 3469 3495 5788 3493 5788 3492 5788 3496 5735 3495 5735 3492 5735 3497 5976 3498 5976 3493 5976 3499 6100 3500 6100 3498 6100 3497 3369 3499 3369 3498 3369 3501 5226 3502 5226 3498 5226 3500 6181 3501 6181 3498 6181 3493 6556 3503 6556 3497 6556 3503 3383 3499 3383 3497 3383 3503 5954 3500 5954 3499 5954 3504 5870 3503 5870 3493 5870 3495 5778 3504 5778 3493 5778 3504 6573 3505 6573 3503 6573 3505 5953 3500 5953 3503 5953 3506 3279 3507 3279 3500 3279 3505 6495 3506 6495 3500 6495 3507 5718 3501 5718 3500 5718 3504 6498 3506 6498 3505 6498 3504 6440 3507 6440 3506 6440 3508 5894 3504 5894 3495 5894 3509 5959 3508 5959 3495 5959 3508 3283 3510 3283 3504 3283 3510 6161 3507 6161 3504 6161 3511 5658 3501 5658 3507 5658 3508 3283 3512 3283 3510 3283 3508 6230 3511 6230 3507 6230 3512 6161 3508 6161 3507 6161 3513 6124 3508 6124 3509 6124 3513 3283 3514 3283 3508 3283 3514 6263 3511 6263 3508 6263 3515 6443 3501 6443 3511 6443 3513 3283 3516 3283 3514 3283 3513 6010 3515 6010 3511 6010 3516 6263 3513 6263 3511 6263 3509 5346 3517 5346 3513 5346 3517 6465 3515 6465 3513 6465 3518 5834 3501 5834 3515 5834 3509 6470 3515 6470 3517 6470 3509 5921 3518 5921 3515 5921 3519 5762 3501 5762 3518 5762 3509 5923 3519 5923 3518 5923 3520 6088 3519 6088 3509 6088 3521 3285 3522 3285 3519 3285 3522 6071 3501 6071 3519 6071 3520 6075 3522 6075 3521 6075 3523 6155 3520 6155 3509 6155 3523 6207 3522 6207 3520 6207 3524 3394 3525 3394 3522 3394 3525 6093 3501 6093 3522 6093 3523 6200 3525 6200 3524 6200 3526 5920 3509 5920 3495 5920 3527 5741 3523 5741 3509 5741 3527 3317 3528 3317 3523 3317 3529 6216 3525 6216 3523 6216 3528 5904 3529 5904 3523 5904 3529 6578 3530 6578 3525 6578 3530 3337 3531 3337 3525 3337 3531 6196 3501 6196 3525 6196 3527 6578 3532 6578 3528 6578 3533 6352 3531 6352 3530 6352 3532 5896 3533 5896 3530 5896 3527 3295 3533 3295 3532 3295 3527 6344 3531 6344 3533 6344 3534 6469 3527 6469 3509 6469 3526 5911 3534 5911 3509 5911 3534 5714 3531 5714 3527 5714 3534 5517 3535 5517 3531 5517 3535 3278 3536 3278 3531 3278 3536 6175 3501 6175 3531 6175 3534 5518 3536 5518 3535 5518 3537 6099 3534 6099 3526 6099 3538 6002 3537 6002 3526 6002 3537 5889 3536 5889 3534 5889 3537 5884 3501 5884 3536 5884 3539 6171 3537 6171 3538 6171 3539 6094 3501 6094 3537 6094 3539 5473 3540 5473 3501 5473 3540 6345 3541 6345 3501 6345 3539 5561 3541 5561 3540 5561 3542 6226 3539 6226 3538 6226 3542 5908 3541 5908 3539 5908 3543 6074 3501 6074 3541 6074 3542 5907 3543 5907 3541 5907 3543 5766 3542 5766 3538 5766 3544 5408 3501 5408 3543 5408 3545 1106 3544 1106 3543 1106 3544 6502 3546 6502 3501 6502 3544 3528 3543 3528 3538 3528 3544 3224 3547 3224 3543 3224 3548 3215 3546 3215 3544 3215 3549 5528 3544 5528 3538 5528 3550 5569 3548 5569 3544 5569 3549 3208 3550 3208 3544 3208 3549 6557 3546 6557 3548 6557 3551 5891 3538 5891 3526 5891 3551 3379 3552 3379 3538 3379 3538 6270 3546 6270 3549 6270 3538 5413 3553 5413 3546 5413 3554 6285 3551 6285 3526 6285 3555 5499 3556 5499 3557 5499 3558 6004 3556 6004 3555 6004 3559 5676 3558 5676 3555 5676 3556 5928 3560 5928 3561 5928 3562 3347 3563 3347 3561 3347 3560 3341 3562 3341 3561 3341 3563 6471 3564 6471 3561 6471 3563 5389 3565 5389 3564 5389 3566 6558 3560 6558 3556 6558 3566 6069 3567 6069 3562 6069 3567 3318 3563 3318 3562 3318 3560 3368 3566 3368 3562 3368 3568 3319 3563 3319 3567 3319 3566 6051 3563 6051 3568 6051 3569 5779 3566 5779 3556 5779 3569 3268 3570 3268 3566 3268 3570 5519 3563 5519 3566 5519 3571 6347 3565 6347 3563 6347 3571 5833 3572 5833 3565 5833 3570 5521 3569 5521 3563 5521 3569 6193 3571 6193 3563 6193 3573 6262 3569 6262 3556 6262 3574 6413 3572 6413 3571 6413 3573 6194 3571 6194 3569 6194 3573 5657 3574 5657 3571 5657 3575 6072 3556 6072 3558 6072 3576 6320 3573 6320 3556 6320 3573 5791 3577 5791 3574 5791 3577 6578 3578 6578 3574 6578 3578 3324 3579 3324 3574 3324 3579 5781 3572 5781 3574 5781 3576 6235 3579 6235 3578 6235 3573 5797 3576 5797 3578 5797 3580 5865 3572 5865 3579 5865 3576 6236 3580 6236 3579 6236 3581 6170 3576 6170 3556 6170 3581 3284 3582 3284 3576 3284 3582 5502 3580 5502 3576 5502 3583 6182 3572 6182 3580 6182 3581 5501 3580 5501 3582 5501 3581 5816 3583 5816 3580 5816 3584 6097 3583 6097 3581 6097 3585 3283 3586 3283 3583 3283 3584 6578 3585 6578 3583 6578 3586 5968 3572 5968 3583 5968 3581 6101 3586 6101 3585 6101 3587 6111 3581 6111 3556 6111 3587 3291 3588 3291 3581 3291 3588 6497 3589 6497 3581 6497 3589 6101 3586 6101 3581 6101 3589 3283 3590 3283 3586 3283 3590 3283 3591 3283 3586 3283 3591 5967 3572 5967 3586 5967 3587 6481 3590 6481 3588 6481 3587 6144 3591 6144 3590 6144 3575 5960 3592 5960 3556 5960 3593 5979 3587 5979 3556 5979 3592 5992 3593 5992 3556 5992 3593 6578 3594 6578 3587 6578 3595 6143 3591 6143 3587 6143 3594 6133 3595 6133 3587 6133 3596 809 3597 809 3591 809 3595 3304 3596 3304 3591 3304 3597 5905 3572 5905 3591 5905 3593 3283 3598 3283 3594 3283 3599 5767 3596 5767 3595 5767 3598 6140 3599 6140 3595 6140 3593 3283 3599 3283 3598 3283 3593 5707 3597 5707 3596 5707 3599 5768 3593 5768 3596 5768 3597 5606 3593 5606 3592 5606 3600 6109 3572 6109 3597 6109 3597 5466 3600 5466 3601 5466 3602 5758 3597 5758 3592 5758 3602 6205 3600 6205 3597 6205 3603 5958 3602 5958 3592 5958 3603 3282 3604 3282 3602 3282 3604 6137 3600 6137 3602 6137 3604 5996 3605 5996 3600 5996 3605 3280 3606 3280 3600 3280 3606 5786 3572 5786 3600 5786 3606 6191 3607 6191 3572 6191 3603 6001 3605 6001 3604 6001 3603 5773 3606 5773 3605 5773 3608 6122 3607 6122 3606 6122 3608 5802 3606 5802 3603 5802 3609 5662 3603 5662 3592 5662 3609 6247 3608 6247 3603 6247 3610 3474 3609 3474 3592 3474 3610 5623 3608 5623 3609 5623 3610 6346 3607 6346 3608 6346 3592 5488 3611 5488 3610 5488 3612 6506 3607 6506 3610 6506 3611 48 3612 48 3610 48 3612 6508 3613 6508 3607 6508 3611 6438 3613 6438 3612 6438 3592 5924 3614 5924 3611 5924 3614 6462 3613 6462 3611 6462 3615 6319 3592 6319 3575 6319 3615 5420 3616 5420 3592 5420 3617 6374 3618 6374 3619 6374 3620 6284 3617 6284 3619 6284 3621 5900 3622 5900 3623 5900 3624 5622 3621 5622 3623 5622 3625 6256 3624 6256 3623 6256 3618 5863 3625 5863 3623 5863 3625 6257 3621 6257 3624 6257 3618 6021 3626 6021 3625 6021 3626 6139 3621 6139 3625 6139 3627 6098 3626 6098 3618 6098 3627 3301 3628 3301 3626 3301 3628 6141 3621 6141 3626 6141 3628 6463 3629 6463 3621 6463 3629 3288 3630 3288 3621 3288 3630 5752 3622 5752 3621 5752 3627 3120 3631 3120 3628 3120 3627 6472 3629 6472 3631 6472 3627 6049 3630 6049 3629 6049 3632 5783 3627 5783 3618 5783 3633 6275 3622 6275 3630 6275 3632 6164 3633 6164 3630 6164 3627 6108 3632 6108 3630 6108 3634 5670 3622 5670 3633 5670 3634 5844 3635 5844 3622 5844 3632 6165 3634 6165 3633 6165 3636 6424 3632 6424 3618 6424 3636 6214 3634 6214 3632 6214 3637 3344 3638 3344 3634 3344 3638 6070 3635 6070 3634 6070 3636 6215 3638 6215 3637 6215 3639 5787 3636 5787 3618 5787 3639 3290 3640 3290 3636 3290 3641 6220 3638 6220 3636 6220 3640 6436 3641 6436 3636 6436 3641 6577 3642 6577 3638 6577 3642 5951 3635 5951 3638 5951 3640 6435 3639 6435 3641 6435 3639 6149 3642 6149 3641 6149 3643 5957 3639 5957 3618 5957 3643 6578 3644 6578 3639 6578 3644 6138 3645 6138 3639 6138 3645 6148 3642 6148 3639 6148 3646 3320 3647 3320 3642 3320 3645 6578 3646 6578 3642 6578 3647 6282 3635 6282 3642 6282 3643 6134 3647 6134 3646 6134 3648 6338 3643 6338 3618 6338 3617 5790 3648 5790 3618 5790 3648 5988 3647 5988 3643 5988 3649 5635 3635 5635 3647 5635 3648 5982 3649 5982 3647 5982 3650 5764 3648 5764 3617 5764 3650 3308 3651 3308 3648 3308 3652 6261 3649 6261 3648 6261 3651 6135 3652 6135 3648 6135 3652 6578 3653 6578 3649 6578 3654 3293 3655 3293 3649 3293 3653 3302 3654 3302 3649 3302 3655 6008 3635 6008 3649 6008 3650 6578 3656 6578 3651 6578 3657 6119 3653 6119 3656 6119 3650 3300 3657 3300 3656 3300 3657 5784 3654 5784 3653 5784 3650 5775 3654 5775 3657 5775 3650 5656 3655 5656 3654 5656 3658 6187 3650 6187 3617 6187 3658 6159 3655 6159 3650 6159 3659 6068 3635 6068 3655 6068 3658 6160 3659 6160 3655 6160 3660 6252 3658 6252 3617 6252 3660 6204 3659 6204 3658 6204 3661 6306 3660 6306 3617 6306 3661 6203 3659 6203 3660 6203 3661 5474 3662 5474 3659 5474 3662 1172 3663 1172 3659 1172 3663 6046 3635 6046 3659 6046 3661 5477 3663 5477 3662 5477 3664 5560 3661 5560 3617 5560 3664 3298 3663 3298 3661 3298 3664 5832 3635 5832 3663 5832 3665 6380 3664 6380 3617 6380 3665 5938 3666 5938 3664 5938 3666 5846 3635 5846 3664 5846 3667 5719 3665 5719 3617 5719 3667 5939 3666 5939 3665 5939 3667 5751 3668 5751 3666 5751 3668 5902 3635 5902 3666 5902 3668 6179 3669 6179 3635 6179 3667 5749 3670 5749 3668 5749 3670 5600 3669 5600 3668 5600 3671 5605 3667 5605 3617 5605 3672 5971 3671 5971 3617 5971 3671 6145 3670 6145 3667 6145 3671 6146 3669 6146 3670 6146 3673 6461 3674 6461 3617 6461 3674 5861 3672 5861 3617 5861 3674 6314 3675 6314 3672 6314 3672 5919 3669 5919 3671 5919 3672 5487 3676 5487 3669 5487 3675 5418 3677 5418 3672 5418 3678 5688 3679 5688 3680 5688 3681 6248 3679 6248 3678 6248 3682 6012 3679 6012 3681 6012 3682 5630 3683 5630 3679 5630 3684 6453 3683 6453 3682 6453 3685 5616 3683 5616 3684 5616 3686 5705 3683 5705 3685 5705 3686 6363 3687 6363 3683 6363 3688 271 3689 271 3690 271 3691 845 3689 845 3688 845 3692 785 3689 785 3691 785 3693 403 3689 403 3692 403 3694 205 3693 205 3692 205 3695 805 3693 805 3694 805 3696 618 3693 618 3695 618 3696 591 3697 591 3693 591 3698 757 3697 757 3696 757 3699 5659 3700 5659 3701 5659 3702 6421 3699 6421 3701 6421 3703 5684 3699 5684 3702 5684 3704 5931 3699 5931 3703 5931 3705 6373 3704 6373 3703 6373 3706 5613 3704 5613 3705 5613 3707 5683 3704 5683 3706 5683 3707 5682 3708 5682 3704 5682 3709 903 3710 903 3711 903 3710 136 3712 136 3711 136 3710 807 3713 807 3712 807 3710 379 3714 379 3713 379 3715 363 3714 363 3710 363 3715 949 3716 949 3714 949 3715 865 3717 865 3716 865 3718 866 3717 866 3715 866 3719 5978 3720 5978 3721 5978 3722 5641 3719 5641 3721 5641 3723 6120 3722 6120 3721 6120 3724 5680 3722 5680 3723 5680 3725 6007 3726 6007 3727 6007 3726 5975 3728 5975 3727 5975 3728 6073 3729 6073 3727 6073 3729 6066 3730 6066 3727 6066 3731 5969 3732 5969 3727 5969 3730 6154 3733 6154 3727 6154 3733 6035 3734 6035 3727 6035 3734 6027 3731 6027 3727 6027 3735 5679 3736 5679 3727 5679 3737 5532 3735 5532 3727 5532 3732 5983 3737 5983 3727 5983 3738 5645 3722 5645 3724 5645 3735 5665 3739 5665 3736 5665 3740 6342 3722 6342 3738 6342 3735 6326 3741 6326 3739 6326 3742 5648 3722 5648 3740 5648 3735 5770 3743 5770 3741 5770 3744 6381 3722 6381 3742 6381 3735 6206 3745 6206 3743 6206 3746 6529 3747 6529 3744 6529 3748 6044 3749 6044 3744 6044 3749 3436 3746 3436 3744 3436 3747 6186 3722 6186 3744 6186 3750 6188 3751 6188 3745 6188 3751 6026 3752 6026 3745 6026 3735 6273 3750 6273 3745 6273 3753 6432 3754 6432 3732 6432 3754 6348 3737 6348 3732 6348 3755 6045 3756 6045 3753 6045 3756 5729 3754 5729 3753 5729 3757 6127 3758 6127 3720 6127 3719 6080 3757 6080 3720 6080 3759 6289 3760 6289 3755 6289 3760 5602 3756 5602 3755 5602 3757 6056 3761 6056 3758 6056 3762 6278 3763 6278 3759 6278 3763 6310 3760 6310 3759 6310 3764 5815 3752 5815 3751 5815 3765 6288 3766 6288 3751 6288 3766 5929 3764 5929 3751 5929 3767 6272 3768 6272 3751 6272 3768 6250 3765 6250 3751 6250 3769 5548 3768 5548 3767 5548 3770 6303 3768 6303 3769 6303 3771 3306 3772 3306 3770 3306 3772 6034 3768 6034 3770 6034 3757 6031 3773 6031 3761 6031 3774 6280 3763 6280 3762 6280 3774 5660 3775 5660 3763 5660 3776 6545 3772 6545 3771 6545 3777 6258 3778 6258 3775 6258 3774 6063 3777 6063 3775 6063 3779 5593 3780 5593 3776 5593 3780 6227 3781 6227 3776 6227 3781 5867 3772 5867 3776 5867 3782 5776 3783 5776 3779 5776 3783 6390 3784 6390 3779 6390 3784 5672 3780 5672 3779 5672 3785 6356 3782 6356 3779 6356 3786 3328 3787 3328 3778 3328 3777 6269 3786 6269 3778 6269 3787 6541 3786 6541 3785 6541 3786 5879 3782 5879 3785 5879 3757 6061 3788 6061 3773 6061 3757 5847 3789 5847 3788 5847 3757 6011 3790 6011 3789 6011 3791 6241 3749 6241 3748 6241 3792 6442 3791 6442 3748 6442 3793 5654 3792 5654 3748 5654 3794 5966 3792 5966 3793 5966 3795 6323 3792 6323 3794 6323 3796 5949 3792 5949 3795 5949 3797 6095 3792 6095 3796 6095 3772 6259 3798 6259 3768 6259 3798 6019 3799 6019 3797 6019 3799 5504 3800 5504 3797 5504 3800 5495 3792 5495 3797 5495 3772 6023 3799 6023 3798 6023 3801 6083 3790 6083 3757 6083 3772 5765 3802 5765 3799 5765 3772 6058 3803 6058 3802 6058 3772 6030 3804 6030 3803 6030 3805 5934 3790 5934 3801 5934 3806 5914 3805 5914 3801 5914 3807 5925 3805 5925 3806 5925 3772 6064 3808 6064 3804 6064 3809 6168 3807 6168 3806 6168 3810 5763 3811 5763 3806 5763 3811 5895 3812 5895 3806 5895 3812 6172 3809 6172 3806 6172 3772 5855 3813 5855 3808 5855 3814 5843 3811 5843 3810 5843 3811 3391 3815 3391 3813 3391 3772 6022 3811 6022 3813 6022 3815 6522 3811 6522 3814 6522 3816 296 3817 296 3818 296 3817 835 3819 835 3818 835 3817 829 3820 829 3819 829 3817 481 3821 481 3820 481 3822 436 3821 436 3817 436 3822 955 3823 955 3821 955 3822 797 3824 797 3823 797 3825 784 3824 784 3822 784 3826 5736 3827 5736 3828 5736 3827 6434 3829 6434 3828 6434 3827 6412 3830 6412 3829 6412 3830 5701 3831 5701 3829 5701 3830 6209 3832 6209 3831 6209 3830 6169 3833 6169 3832 6169 3833 5753 3834 5753 3832 5753 3833 6276 3835 6276 3834 6276 3835 5793 3836 5793 3834 5793 3835 5757 3837 5757 3836 5757 3837 5640 3838 5640 3836 5640 3839 5565 3840 5565 3841 5565 3839 5359 3842 5359 3840 5359 3843 5481 3844 5481 3845 5481 3846 5706 3844 5706 3843 5706 3846 6318 3847 6318 3844 6318 3846 6277 3848 6277 3847 6277 3849 6329 3850 6329 3846 6329 3850 5590 3848 5590 3846 5590 3849 6089 3851 6089 3850 6089 3849 6281 3852 6281 3851 6281 3853 6433 3852 6433 3849 6433 3853 6523 3854 6523 3852 6523 3855 5437 3856 5437 3857 5437 3856 5563 3858 5563 3857 5563 3858 5538 3859 5538 3857 5538 3859 5698 3860 5698 3857 5698 3861 6224 3862 6224 3857 6224 3863 6489 3864 6489 3857 6489 3864 6325 3865 6325 3857 6325 3865 5986 3866 5986 3857 5986 3867 5440 3855 5440 3857 5440 3860 5529 3868 5529 3857 5529 3868 6176 3869 6176 3857 6176 3869 6157 3870 6157 3857 6157 3870 5942 3861 5942 3857 5942 3871 5541 3872 5541 3857 5541 3872 5531 3863 5531 3857 5531 3862 6016 3871 6016 3857 6016 3873 5579 3874 5579 3875 5579 3876 6183 3867 6183 3875 6183 3877 3721 3878 3721 3875 3721 3878 5432 3879 5432 3875 5432 3874 6166 3876 6166 3875 6166 3879 6218 3873 6218 3875 6218 3879 6040 3880 6040 3873 6040 3881 5426 3882 5426 3880 5426 3882 5556 3883 5556 3880 5556 3879 6158 3881 6158 3880 6158 3883 5534 3884 5534 3880 5534 3885 3633 3886 3633 3879 3633 3887 5812 3885 5812 3879 5812 3886 6467 3881 6467 3879 6467 3883 6446 3869 6446 3884 6446 3869 6519 3888 6519 3884 6519 3869 3572 3889 3572 3888 3572 3890 5940 3885 5940 3887 5940 3889 3964 3869 3964 3868 3964 3891 5970 3885 5970 3890 5970 3892 5837 3885 5837 3891 5837 3893 5880 3885 5880 3892 5880 3893 5936 3894 5936 3885 5936 3895 5984 3894 5984 3893 5984 3895 5692 3896 5692 3894 5692 3897 6475 3898 6475 3870 6475 3899 1082 3861 1082 3870 1082 3898 6562 3899 6562 3870 6562 3900 5429 3898 5429 3897 5429 3901 3482 3900 3482 3897 3482 3895 5309 3902 5309 3896 5309 3903 3345 3900 3345 3901 3345 3904 6538 3905 6538 3902 6538 3895 6059 3904 6059 3902 6059 3904 5955 3903 5955 3901 5955 3905 3546 3904 3546 3901 3546 3906 6450 3907 6450 3895 6450 3908 6104 3909 6104 3895 6104 3910 5755 3911 5755 3895 5755 3911 5436 3906 5436 3895 5436 3909 6043 3912 6043 3895 6043 3912 5730 3910 5730 3895 5730 3907 6384 3913 6384 3895 6384 3913 6123 3904 6123 3895 6123 3914 6494 3871 6494 3862 6494 3915 3154 3914 3154 3862 3154 3916 3480 3914 3480 3915 3480 3910 3136 3917 3136 3911 3136 3917 6561 3918 6561 3911 6561 3919 6490 3918 6490 3916 6490 3918 5506 3914 5506 3916 5506 3918 6555 3920 6555 3911 6555 3920 6260 3918 6260 3919 6260 3921 5649 3866 5649 3865 5649 3922 6020 3866 6020 3921 6020 3923 3604 3924 3604 3912 3604 3909 6485 3925 6485 3912 6485 3925 5636 3926 5636 3912 5636 3926 5621 3923 5621 3912 5621 3927 6441 3922 6441 3921 6441 3923 6491 3928 6491 3924 6491 3929 5829 3922 5829 3927 5829 3930 6180 3931 6180 3928 6180 3922 5525 3929 5525 3928 5525 3931 5899 3922 5899 3928 5899 3923 5575 3930 5575 3928 5575 3932 6512 3866 6512 3922 6512 3933 5655 3866 5655 3932 5655 3908 5547 3934 5547 3909 5547 3908 6517 3935 6517 3934 6517 3936 5728 3866 5728 3933 5728 3908 6386 3937 6386 3935 6386 3938 5596 3866 5596 3936 5596 3939 6009 3866 6009 3938 6009 3908 5405 3940 5405 3937 5405 3908 5856 3941 5856 3940 5856 3942 5853 3939 5853 3938 5853 3943 6290 3942 6290 3938 6290 3940 5704 3941 5704 3938 5704 3941 5826 3944 5826 3938 5826 3944 5876 3943 5876 3938 5876 3945 3182 3941 3182 3908 3182 3946 6554 3947 6554 3945 6554 3947 6530 3941 6530 3945 6530 3948 5503 3949 5503 3950 5503 3951 6359 3949 6359 3948 6359 3951 6302 3952 6302 3949 6302 3953 6383 3954 6383 3951 6383 3954 5771 3955 5771 3951 5771 3955 5738 3952 5738 3951 5738 3953 6349 3956 6349 3954 6349 3957 6417 3958 6417 3953 6417 3958 5862 3956 5862 3953 5862 3959 6476 3960 6476 3958 6476 3957 6478 3959 6478 3958 6478 3961 5505 3960 5505 3959 5505 3962 5461 3963 5461 3964 5461 3962 6516 3965 6516 3963 6516 3966 6287 3965 6287 3962 6287 3967 6000 3965 6000 3966 6000 3968 6132 3965 6132 3967 6132 3969 6229 3970 6229 3967 6229 3970 6335 3971 6335 3967 6335 3971 5733 3968 5733 3967 5733 3972 5831 3973 5831 3969 5831 3973 5777 3974 5777 3969 5777 3974 5740 3970 5740 3969 5740 3975 6222 3973 6222 3972 6222 3976 6032 3977 6032 3978 6032 3977 5987 3979 5987 3978 5987 3979 5840 3980 5840 3978 5840 3981 5806 3977 5806 3976 5806 3979 6255 3982 6255 3980 6255 3983 6274 3977 6274 3981 6274 3979 5734 3984 5734 3982 5734 3985 5743 3977 5743 3983 5743 3979 6354 3986 6354 3984 6354 3987 5946 3977 5946 3985 5946 3979 6113 3988 6113 3986 6113 3989 6053 3977 6053 3987 6053 3979 5818 3990 5818 3988 5818 3991 6367 3977 6367 3989 6367 3992 5807 3991 5807 3989 5807 3979 6163 3993 6163 3990 6163 3994 5890 3991 5890 3992 5890 3995 6062 3996 6062 3993 6062 3979 6423 3995 6423 3993 6423 3997 5745 3991 5745 3994 5745 3998 6076 3997 6076 3994 6076 3999 5910 4000 5910 3996 5910 3995 5935 3999 5935 3996 5935 4001 5903 3997 5903 3998 5903 3999 5702 4002 5702 4000 5702 4003 6321 4004 6321 4001 6321 4004 6331 3997 6331 4001 6331 3999 5727 4005 5727 4002 5727 4005 6210 4006 6210 4002 6210 4006 5615 4007 5615 4002 5615 4007 5681 4008 5681 4002 5681 4008 6452 4009 6452 4002 6452 4009 5551 4010 5551 4002 5551 4011 6483 4012 6483 4003 6483 4013 6577 4011 6577 4003 6577 4012 5607 4014 5607 4003 5607 4014 5811 4015 5811 4003 5811 4015 6038 4016 6038 4003 6038 4016 6085 4017 6085 4003 6085 4017 5804 4004 5804 4003 5804 4018 5799 4019 5799 4020 5799 4019 6086 4021 6086 4020 6086 4022 5882 4023 5882 4020 5882 4021 5989 4024 5989 4020 5989 4024 6361 4022 6361 4020 6361 4025 6014 4018 6014 4020 6014 4026 6174 4027 6174 4028 6174 4029 6025 4030 6025 4028 6025 4030 5999 4026 5999 4028 5999 4031 6458 4030 6458 4029 6458 4032 5892 4033 5892 4029 5892 4033 5595 4034 5595 4029 5595 4034 5539 4031 5539 4029 5539 4027 6078 4035 6078 4028 6078 4036 6267 4018 6267 4025 6267 4022 6245 4037 6245 4023 6245 4038 5715 4033 5715 4032 5715 4039 6003 4018 6003 4036 6003 4027 6060 4040 6060 4035 6060 4022 6197 4041 6197 4037 6197 4042 6199 4033 6199 4038 6199 4027 5906 4043 5906 4040 5906 4044 5918 4018 5918 4039 5918 4027 5995 4045 5995 4043 5995 4045 5857 4046 5857 4043 5857 4047 5789 4018 5789 4044 5789 4022 5852 4048 5852 4041 5852 4049 5877 4050 5877 4042 5877 4050 6376 4033 6376 4042 6376 4045 5839 4051 5839 4046 5839 4052 6328 4018 6328 4047 6328 4045 6153 4053 6153 4051 6153 4053 5646 4018 5646 4052 5646 4045 6024 4018 6024 4053 6024 4022 5810 4054 5810 4048 5810 4055 5864 4056 5864 4049 5864 4056 5922 4050 5922 4049 5922 4022 6234 4057 6234 4054 6234 4057 6036 4058 6036 4054 6036 4059 5991 4060 5991 4055 5991 4060 6493 4061 6493 4055 6493 4061 5392 4056 5392 4055 5392 4059 6081 4062 6081 4060 6081 4063 6219 4064 6219 4027 6219 4064 6130 4065 6130 4027 6130 4065 6079 4066 6079 4027 6079 4066 5813 4067 5813 4027 5813 4067 5830 4045 5830 4027 5830 4068 5888 4069 5888 4062 5888 4070 5803 4068 5803 4062 5803 4071 5944 4070 5944 4062 5944 4059 6151 4072 6151 4062 6151 4072 6028 4071 6028 4062 6028 4073 5932 4064 5932 4063 5932 4068 6136 4074 6136 4069 6136 4075 6091 4064 6091 4073 6091 4074 5859 4076 5859 4069 5859 4077 6041 4064 6041 4075 6041 4078 6439 4077 6439 4075 6439 4074 5998 4079 5998 4076 5998 4079 6048 4080 6048 4076 6048 4080 5677 4081 5677 4076 5677 4082 5588 4083 5588 4076 5588 4081 6404 4084 6404 4076 6404 4084 5553 4085 5553 4076 5553 4085 5669 4082 5669 4076 5669 4086 5567 4077 5567 4078 5567 4082 6336 4077 6336 4083 6336 4083 6407 4077 6407 4086 6407 4087 6343 4088 6343 4021 6343 4088 6015 4024 6015 4021 6015 4089 5817 4088 5817 4087 5817 4090 6304 4091 6304 4089 6304 4091 5631 4088 5631 4089 5631 4092 6029 4093 6029 4090 6029 4093 6351 4091 6351 4090 6351 4057 6496 4094 6496 4058 6496 4094 3367 4095 3367 4058 3367 4095 5994 4096 5994 4058 5994 4095 6426 4097 6426 4096 6426 4097 5993 4098 5993 4096 5993 4097 6251 4099 6251 4098 6251 4099 6052 4100 6052 4098 6052 4099 5997 4101 5997 4100 5997 4099 6067 4102 6067 4101 6067 4103 6087 4102 6087 4099 6087 4104 6110 4105 6110 4102 6110 4103 6054 4104 6054 4102 6054 4106 3428 4105 3428 4104 3428 4092 3311 4107 3311 4093 3311 4108 6547 4105 6547 4106 6547 4092 6500 4109 6500 4107 6500 4110 6117 4105 6117 4108 6117 4111 5564 4110 5564 4108 5564 4092 6456 4111 6456 4109 6456 4112 5666 4110 5666 4111 5666 4113 5647 4112 5647 4111 5647 4114 6324 4113 6324 4111 6324 4092 6312 4115 6312 4111 6312 4115 5747 4114 5747 4111 5747 4116 5930 4117 5930 4118 5930 4117 6047 4119 6047 4118 6047 4119 6301 4120 6301 4118 6301 4121 6316 4117 6316 4116 6316 4119 5716 4122 5716 4120 5716 4123 5695 4117 5695 4121 5695 4119 6177 4124 6177 4122 6177 4125 6223 4117 6223 4123 6223 4119 5858 4126 5858 4124 5858 4127 5820 4117 5820 4125 5820 4119 5825 4128 5825 4126 5825 4129 5909 4117 5909 4127 5909 4119 6295 4130 6295 4128 6295 4131 6360 4117 6360 4129 6360 4132 6279 4131 6279 4129 6279 4119 5835 4133 5835 4130 5835 4134 5887 4131 5887 4132 5887 4135 5860 4136 5860 4133 5860 4119 6244 4135 6244 4133 6244 4137 5708 4131 5708 4134 5708 4138 6005 4137 6005 4134 6005 4139 5800 4140 5800 4136 5800 4135 5915 4139 5915 4136 5915 4141 5878 4137 5878 4138 5878 4139 5673 4142 5673 4140 5673 4143 5772 4144 5772 4141 5772 4144 5624 4137 5624 4141 5624 4145 6420 4146 6420 4142 6420 4146 5632 4147 5632 4142 5632 4147 5609 4148 5609 4142 5609 4139 5651 4149 5651 4142 5651 4149 6142 4150 6142 4142 6142 4150 5599 4145 5599 4142 5599 4151 6464 4152 6464 4143 6464 4153 3395 4151 3395 4143 3395 4152 5584 4154 5584 4143 5584 4154 5750 4155 5750 4143 5750 4155 6096 4156 6096 4143 6096 4156 5893 4157 5893 4143 5893 4157 6391 4144 6391 4143 6391 4158 2085 4159 2085 4160 2085 4161 2630 4158 2630 4160 2630 4158 1543 4162 1543 4159 1543 4162 1754 4163 1754 4159 1754 4164 2081 4158 2081 4161 2081 4165 2477 4164 2477 4161 2477 4162 1796 4166 1796 4163 1796 4167 2631 4164 2631 4165 2631 4168 1497 4167 1497 4165 1497 4162 2493 4169 2493 4166 2493 4170 2544 4167 2544 4168 2544 4171 1583 4170 1583 4168 1583 4172 3097 4173 3097 4168 3097 4173 1313 4174 1313 4168 1313 4174 2755 4171 2755 4168 2755 4162 2293 4175 2293 4169 2293 4162 2097 4176 2097 4175 2097 4162 2093 4177 2093 4176 2093 4178 2108 4177 2108 4162 2108 4178 1516 4179 1516 4177 1516 4178 2608 4180 2608 4179 2608 4178 2198 4181 2198 4180 2198 4178 1779 4182 1779 4181 1779 4178 2415 4183 2415 4182 2415 4178 1739 4184 1739 4183 1739 4185 2088 4186 2088 4184 2088 4178 1360 4185 1360 4184 1360 4185 2236 4187 2236 4186 2236 4185 2427 4188 2427 4187 2427 4188 2282 4189 2282 4187 2282 4188 2212 4190 2212 4189 2212 4191 1765 4190 1765 4188 1765 4191 1838 4192 1838 4190 1838 4192 2582 4193 2582 4190 2582 4193 1447 4194 1447 4190 1447 4194 2758 4195 2758 4190 2758 4195 1439 4196 1439 4190 1439 4196 1305 4197 1305 4190 1305 4197 166 4198 166 4190 166 4199 5540 4200 5540 4201 5540 4202 5349 4200 5349 4199 5349 4202 5239 4203 5239 4200 5239 4202 5228 4204 5228 4203 5228 4205 5110 4206 5110 4202 5110 4206 3708 4204 3708 4202 3708 4205 5324 4207 5324 4206 5324 4205 5235 4208 5235 4207 5235 4209 3670 4208 3670 4205 3670 4210 5453 4211 5453 4212 5453 4213 3476 4211 3476 4210 3476 4214 5231 4215 5231 4216 5231 4217 4740 4215 4740 4214 4740 4217 5042 4218 5042 4215 5042 4217 3961 4219 3961 4218 3961 4220 3835 4221 3835 4217 3835 4221 3960 4219 3960 4217 3960 4220 3738 4222 3738 4221 3738 4220 3666 4223 3666 4222 3666 4224 3649 4223 3649 4220 3649 4224 3410 4225 3410 4223 3410 4226 3698 4227 3698 4228 3698 4227 5179 4229 5179 4228 5179 4227 3735 4230 3735 4229 3735 4231 5145 4232 5145 4226 5145 4232 5076 4233 5076 4226 5076 4233 4237 4227 4237 4226 4237 4234 4958 4235 4958 4230 4958 4227 3925 4234 3925 4230 3925 4234 5287 4236 5287 4235 5287 4237 5243 4238 5243 4236 5243 4234 5023 4237 5023 4236 5023 4231 5422 4239 5422 4232 5422 4240 3524 4241 3524 4242 3524 4243 5410 4241 5410 4240 5410 4243 5007 4244 5007 4241 5007 4243 4894 4245 4894 4244 4894 4246 4492 4245 4492 4243 4492 4247 4860 4245 4860 4246 4860 4248 4485 4245 4485 4247 4485 4249 3847 4248 3847 4247 3847 4250 3970 4248 3970 4249 3970 4251 4144 4248 4144 4250 4144 4252 4924 4253 4924 4251 4924 4253 4145 4248 4145 4251 4145 4254 4090 4255 4090 4256 4090 4254 3805 4257 3805 4255 3805 4258 3653 4257 3653 4254 3653 4259 3762 4257 3762 4258 3762 4259 5103 4260 5103 4257 5103 4261 3761 4260 3761 4259 3761 4262 5317 4260 5317 4261 5317 4263 5170 4260 5170 4262 5170 4263 3757 4264 3757 4260 3757 4265 3378 4264 3378 4263 3378 4266 5449 4267 5449 4268 5449 4269 3493 4266 3493 4268 3493 4269 3637 4270 3637 4266 3637 4269 3752 4271 3752 4270 3752 4272 3822 4271 3822 4269 3822 4273 4922 4271 4922 4272 4922 4274 4760 4271 4760 4273 4760 4275 3631 4274 3631 4273 3631 4276 5268 4274 5268 4275 5268 4277 4806 4274 4806 4276 4806 4278 4883 4279 4883 4277 4883 4279 4802 4274 4802 4277 4802 4280 1780 4281 1780 4282 1780 4283 1990 4280 1990 4282 1990 4284 1738 4283 1738 4282 1738 4285 2593 4286 2593 4281 2593 4280 2228 4285 2228 4281 2228 4287 2159 4283 2159 4284 2159 4285 1763 4288 1763 4286 1763 4289 2723 4290 2723 4287 2723 4290 1956 4283 1956 4287 1956 4285 1992 4291 1992 4288 1992 4292 2724 4293 2724 4289 2724 4294 1230 4295 1230 4289 1230 4295 2467 4292 2467 4289 2467 4293 1663 4296 1663 4289 1663 4296 2648 4290 2648 4289 2648 4285 1970 4297 1970 4291 1970 4285 2185 4298 2185 4297 2185 4285 2187 4299 2187 4298 2187 4300 1965 4299 1965 4285 1965 4300 2507 4301 2507 4299 2507 4300 2639 4302 2639 4301 2639 4300 2472 4303 2472 4302 2472 4300 1983 4304 1983 4303 1983 4300 1638 4305 1638 4304 1638 4300 2587 4306 2587 4305 2587 4307 2027 4308 2027 4306 2027 4300 2553 4307 2553 4306 2553 4307 2010 4309 2010 4308 2010 4310 2282 4311 2282 4309 2282 4307 2307 4310 2307 4309 2307 4310 2223 4312 2223 4311 2223 4313 1841 4312 1841 4310 1841 4314 1722 4315 1722 4312 1722 4315 3033 4316 3033 4312 3033 4316 1034 4317 1034 4312 1034 4313 1930 4318 1930 4312 1930 4318 2344 4319 2344 4312 2344 4319 2561 4320 2561 4312 2561 4320 1629 4314 1629 4312 1629 4321 5004 4322 5004 4323 5004 4321 5262 4324 5262 4322 5262 4324 3568 4325 3568 4322 3568 4325 4472 4326 4472 4322 4472 4327 4844 4328 4844 4326 4844 4329 3632 4327 3632 4326 3632 4325 5144 4330 5144 4326 5144 4330 5203 4329 5203 4326 5203 4331 3563 4332 3563 4333 3563 4334 3785 4332 3785 4331 3785 4335 4123 4332 4123 4334 4123 4336 5066 4332 5066 4335 5066 4337 3904 4332 3904 4336 3904 4338 4976 4332 4976 4337 4976 4339 4023 4332 4023 4338 4023 4340 4204 4341 4204 4339 4204 4341 4082 4342 4082 4339 4082 4342 3863 4343 3863 4339 3863 4343 4932 4344 4932 4339 4932 4344 5210 4345 5210 4339 5210 4346 3485 4332 3485 4339 3485 4345 3770 4346 3770 4339 3770 4347 5032 4340 5032 4339 5032 4348 4848 4347 4848 4339 4848 4349 5312 4350 5312 4348 5312 4350 3511 4351 3511 4348 3511 4351 5333 4352 5333 4348 5333 4352 3776 4353 3776 4348 3776 4354 4413 4347 4413 4348 4413 4353 3823 4355 3823 4348 3823 4355 3797 4356 3797 4348 3797 4356 3895 4357 3895 4348 3895 4357 5282 4358 5282 4348 5282 4358 3638 4359 3638 4348 3638 4359 4514 4354 4514 4348 4514 4360 5360 4350 5360 4349 5360 4361 4425 4354 4425 4359 4425 4362 3689 4363 3689 4354 3689 4364 4940 4362 4940 4354 4940 4363 5200 4365 5200 4354 5200 4365 5101 4366 5101 4354 5101 4366 4264 4367 4264 4354 4264 4361 4143 4364 4143 4354 4143 4366 5152 4368 5152 4367 5152 4366 5314 4369 5314 4368 5314 4366 3529 4370 3529 4369 3529 4371 3497 4372 3497 4373 3497 4374 5278 4372 5278 4371 5278 4375 4215 4372 4215 4374 4215 4376 3740 4372 3740 4375 3740 4377 5140 4372 5140 4376 5140 4378 3974 4379 3974 4377 3974 4379 4754 4380 4754 4377 4754 4380 4059 4381 4059 4377 4059 4381 5166 4382 5166 4377 5166 4383 3918 4372 3918 4377 3918 4382 3736 4384 3736 4377 3736 4384 5160 4385 5160 4377 5160 4385 3949 4383 3949 4377 3949 4386 4445 4378 4445 4377 4445 4387 3774 4386 3774 4377 3774 4388 4007 4389 4007 4387 4007 4390 5044 4386 5044 4387 5044 4389 4089 4390 4089 4387 4089 4391 5116 4392 5116 4388 5116 4392 4545 4389 4545 4388 4545 4393 3444 4394 3444 4388 3444 4394 3876 4395 3876 4388 3876 4395 3873 4391 3873 4388 3873 4396 3491 4397 3491 4393 3491 4397 5279 4398 5279 4393 5279 4398 3646 4399 3646 4393 3646 4399 5350 4400 5350 4393 5350 4400 3685 4401 3685 4393 3685 4401 3953 4394 3953 4393 3953 4402 6544 4397 6544 4396 6544 4403 5045 4404 5045 4390 5045 4389 3813 4403 3813 4390 3813 4403 3852 4405 3852 4404 3852 4403 4998 4406 4998 4405 4998 4407 4888 4406 4888 4403 4888 4408 3481 4409 3481 4406 3481 4407 5031 4408 5031 4406 5031 4410 5785 4411 5785 4412 5785 4413 5155 4414 5155 4412 5155 4414 3860 4415 3860 4412 3860 4415 4946 4416 4946 4412 4946 4416 3901 4417 3901 4412 3901 4417 3705 4410 3705 4412 3705 4418 3995 4413 3995 4412 3995 4419 3914 4418 3914 4412 3914 4420 5298 4418 5298 4419 5298 4421 4856 4418 4856 4420 4856 4422 3673 4418 3673 4421 3673 4423 3885 4418 3885 4422 3885 4424 4438 4423 4438 4422 4438 4425 5113 4424 5113 4422 5113 4426 5039 4424 5039 4425 5039 4427 4665 4426 4665 4425 4665 4428 3821 4427 3821 4425 3821 4429 4060 4427 4060 4428 4060 4430 4044 4431 4044 4429 4044 4431 4487 4427 4487 4429 4487 4432 3508 4433 3508 4429 3508 4433 4990 4434 4990 4429 4990 4434 4943 4430 4943 4429 4943 4435 3510 4436 3510 4432 3510 4437 5379 4435 5379 4432 5379 4438 5245 4437 5245 4432 5245 4436 5316 4439 5316 4432 5316 4439 3811 4433 3811 4432 3811 4440 5395 4437 5395 4438 5395 4441 5006 4442 5006 4426 5006 4427 5049 4441 5049 4426 5049 4441 3833 4443 3833 4442 3833 4441 3926 4444 3926 4443 3926 4445 3574 4446 3574 4441 3574 4446 4084 4447 4084 4441 4084 4447 3942 4444 3942 4441 3942 4448 3499 4449 3499 4450 3499 4448 3682 4451 3682 4449 3682 4452 3756 4451 3756 4448 3756 4452 3767 4453 3767 4451 3767 4453 3917 4454 3917 4451 3917 4455 4906 4454 4906 4453 4906 4456 5060 4454 5060 4455 5060 4457 5100 4458 5100 4454 5100 4456 5198 4457 5198 4454 5198 4459 5452 4460 5452 4461 5452 4459 3520 4462 3520 4460 3520 4463 3564 4464 3564 4465 3564 4463 5154 4466 5154 4464 5154 4467 5205 4466 5205 4463 5205 4468 5192 4466 5192 4467 5192 4468 5107 4469 5107 4466 5107 4470 3628 4469 3628 4468 3628 4471 5292 4469 5292 4470 5292 4472 5275 4469 5275 4471 5275 4472 5327 4473 5327 4469 5327 4474 5628 4473 5628 4472 5628 4475 3084 4476 3084 4477 3084 4478 2931 4476 2931 4475 2931 4478 1349 4479 1349 4476 1349 4478 1460 4480 1460 4479 1460 4481 2482 4482 2482 4478 2482 4482 1440 4480 1440 4478 1440 4481 1288 4483 1288 4482 1288 4481 1309 4484 1309 4483 1309 4485 1248 4484 1248 4481 1248 4485 1000 4486 1000 4484 1000 4487 1094 4488 1094 4489 1094 4490 3012 4488 3012 4487 3012 4491 3085 4492 3085 4493 3085 4494 2790 4492 2790 4491 2790 4494 2722 4495 2722 4492 2722 4496 1767 4497 1767 4494 1767 4497 2823 4498 2823 4494 2823 4498 2712 4495 2712 4494 2712 4496 2851 4499 2851 4497 2851 4500 1650 4501 1650 4496 1650 4501 2977 4499 2977 4496 2977 4502 1642 4503 1642 4504 1642 4503 2649 4505 2649 4504 2649 4506 1976 4503 1976 4502 1976 4507 2483 4506 2483 4502 2483 4508 1488 4507 1488 4502 1488 4509 2158 4508 2158 4502 2158 4503 2060 4510 2060 4505 2060 4511 2303 4508 2303 4509 2303 4510 3363 4512 3363 4513 3363 4510 2018 4514 2018 4512 2018 4515 2184 4510 2184 4503 2184 4516 1726 4517 1726 4506 1726 4507 2497 4516 2497 4506 2497 4517 2084 4510 2084 4515 2084 4516 1944 4510 1944 4517 1944 4511 2545 4516 2545 4508 2545 4518 2551 4516 2551 4511 2551 4509 1702 4519 1702 4511 1702 4520 3201 4519 3201 4509 3201 4521 125 4520 125 4509 125 4516 1977 4514 1977 4510 1977 4518 2267 4514 2267 4516 2267 4522 2404 4514 2404 4518 2404 4523 1940 4522 1940 4519 1940 4520 5041 4523 5041 4519 5041 4521 908 4524 908 4520 908 4522 2258 4525 2258 4514 2258 4523 2067 4525 2067 4522 2067 4524 1704 4525 1704 4523 1704 4526 1133 4524 1133 4521 1133 4527 3339 4521 3339 4509 3339 4527 3236 4528 3236 4521 3236 4529 3101 4528 3101 4527 3101 4530 1847 4531 1847 4509 1847 4529 3250 4526 3250 4528 3250 4524 2069 4529 2069 4525 2069 4529 2050 4532 2050 4525 2050 4526 3350 4529 3350 4524 3350 4532 6569 4533 6569 4527 6569 4534 1103 4532 1103 4527 1103 4509 1055 4535 1055 4527 1055 4535 1086 4534 1086 4527 1086 4536 3185 4537 3185 4509 3185 4531 1482 4536 1482 4509 1482 4537 886 4538 886 4509 886 4538 1995 4535 1995 4509 1995 4530 1118 4537 1118 4531 1118 4537 1155 4539 1155 4538 1155 4532 1584 4529 1584 4533 1584 4540 1748 4541 1748 4530 1748 4539 2131 4532 2131 4534 2131 4537 1158 4532 1158 4539 1158 4542 4345 4543 4345 4537 4345 4530 5568 4542 5568 4537 5568 4530 2429 4544 2429 4540 2429 4530 26 4545 26 4542 26 4543 3078 4532 3078 4537 3078 4541 2233 4546 2233 4530 2233 4546 2402 4545 2402 4530 2402 4544 1174 4547 1174 4540 1174 4548 2362 4545 2362 4546 2362 4549 1774 4550 1774 4541 1774 4540 3334 4549 3334 4541 3334 4545 1717 4532 1717 4543 1717 4548 2403 4532 2403 4545 2403 4547 184 4551 184 4540 184 4544 3198 4552 3198 4547 3198 4553 2523 4552 2523 4544 2523 4554 1778 4550 1778 4549 1778 4551 2092 4555 2092 4540 2092 4550 2374 4532 2374 4548 2374 4554 1913 4532 1913 4550 1913 4552 3134 4556 3134 4547 3134 4555 2336 4532 2336 4554 2336 4551 2255 4532 2255 4555 2255 4557 1966 4556 1966 4552 1966 4558 1657 4559 1657 4553 1657 4544 2248 4558 2248 4553 2248 4557 3396 4551 3396 4556 3396 4560 1649 4551 1649 4557 1649 4559 3246 4560 3246 4553 3246 4560 3011 4561 3011 4553 3011 4562 3207 4560 3207 4559 3207 4561 1450 4560 1450 4557 1450 4560 2310 4532 2310 4551 2310 4562 3112 4532 3112 4560 3112 4558 2917 4563 2917 4559 2917 4563 180 4562 180 4559 180 4564 931 4562 931 4563 931 4562 1272 4564 1272 4532 1272 4565 3466 4566 3466 4563 3466 4558 3211 4565 3211 4563 3211 4567 3261 4566 3261 4565 3261 4568 1097 4567 1097 4565 1097 4558 1020 4568 1020 4565 1020 4569 1845 4568 1845 4558 1845 4570 1261 4567 1261 4568 1261 4558 2450 4571 2450 4569 2450 4572 2385 4571 2385 4558 2385 4573 1764 4572 1764 4558 1764 4574 1740 4575 1740 4573 1740 4575 1824 4572 1824 4573 1824 4576 2239 4571 2239 4572 2239 4571 616 4567 616 4570 616 4564 2229 4577 2229 4532 2229 4566 2328 4577 2328 4564 2328 4567 3023 4577 3023 4566 3023 4571 1265 4577 1265 4567 1265 4576 1906 4577 1906 4571 1906 4578 2719 4579 2719 4573 2719 4579 2132 4577 2132 4573 2132 4577 1840 4574 1840 4573 1840 4574 1989 4577 1989 4576 1989 4580 2051 4577 2051 4579 2051 4581 1345 4580 1345 4579 1345 4582 5412 4583 5412 4579 5412 4583 2528 4581 2528 4579 2528 4584 2615 4585 2615 4586 2615 4585 2434 4587 2434 4586 2434 4588 2397 4585 2397 4584 2397 4589 2083 4588 2083 4584 2083 4585 2139 4590 2139 4587 2139 4591 2096 4588 2096 4589 2096 4592 1480 4593 1480 4589 1480 4593 1592 4591 1592 4589 1592 4590 3220 4594 3220 4595 3220 4590 1683 4596 1683 4594 1683 4597 1365 4590 1365 4585 1365 4591 2918 4597 2918 4588 2918 4598 2997 4597 2997 4591 2997 4598 2508 4590 2508 4597 2508 4592 1175 4598 1175 4593 1175 4599 2319 4600 2319 4589 2319 4598 1856 4596 1856 4590 1856 4601 1198 4598 1198 4592 1198 4601 1436 4596 1436 4598 1436 4602 3067 4601 3067 4592 3067 4589 3036 4602 3036 4592 3036 4603 2141 4602 2141 4589 2141 4604 3041 4601 3041 4602 3041 4589 1786 4605 1786 4603 1786 4606 1614 4596 1614 4601 1614 4604 2751 4606 2751 4601 2751 4600 2227 4607 2227 4589 2227 4607 2708 4608 2708 4589 2708 4608 1897 4605 1897 4589 1897 4609 3158 4607 3158 4600 3158 4610 1957 4599 1957 4589 1957 4611 2611 4608 2611 4607 2611 4600 2206 4612 2206 4609 2206 4605 2082 4606 2082 4604 2082 4608 1939 4606 1939 4605 1939 4611 2144 4606 2144 4608 2144 4610 1955 4613 1955 4599 1955 4614 1180 4612 1180 4600 1180 4615 3340 4614 3340 4599 3340 4613 3133 4616 3133 4599 3133 4616 1834 4617 1834 4599 1834 4617 2291 4615 2291 4599 2291 4618 2983 4619 2983 4613 2983 4619 3057 4616 3057 4613 3057 4620 163 4621 163 4613 163 4610 1998 4620 1998 4613 1998 4622 1787 4620 1787 4610 1787 4623 2951 4622 2951 4610 2951 4618 1184 4624 1184 4619 1184 4620 2982 4618 2982 4621 2982 4624 2036 4615 2036 4617 2036 4618 1168 4615 1168 4624 1168 4611 2017 4615 2017 4606 2017 4612 1533 4615 1533 4611 1533 4614 1046 4615 1046 4612 1046 4625 3061 4618 3061 4620 3061 4623 3044 4626 3044 4622 3044 4625 3070 4615 3070 4618 3070 4627 3105 4626 3105 4623 3105 4628 1205 4629 1205 4610 1205 4630 1139 4627 1139 4623 1139 4610 1213 4630 1213 4623 1213 4626 2040 4615 2040 4625 2040 4627 3171 4615 3171 4626 3171 4631 2347 4630 2347 4610 2347 4632 1735 4631 1735 4610 1735 4629 6364 4632 6364 4610 6364 4628 2820 4633 2820 4629 2820 4634 2156 4633 2156 4628 2156 4635 1109 4627 1109 4630 1109 4632 1804 4636 1804 4631 1804 4635 1122 4615 1122 4627 1122 4633 1130 4637 1130 4629 1130 4636 2349 4615 2349 4635 2349 4632 1896 4615 1896 4636 1896 4632 1700 4637 1700 4615 1700 4638 2381 4637 2381 4633 2381 4638 3438 4639 3438 4637 3438 4628 2314 4640 2314 4634 2314 4640 2383 4639 2383 4634 2383 4641 2042 4642 2042 4628 2042 4642 2217 4640 2217 4628 2217 4643 2077 4639 2077 4640 2077 4641 1922 4644 1922 4642 1922 4645 1059 4646 1059 4628 1059 4646 2393 4641 2393 4628 2393 4647 2251 4644 2251 4641 2251 4645 84 4648 84 4646 84 4643 2059 4615 2059 4637 2059 4649 5527 4645 5527 4628 5527 4650 1029 4648 1029 4645 1029 4639 3206 4643 3206 4637 3206 4650 413 4647 413 4648 413 4628 1803 4651 1803 4649 1803 4652 2600 4651 2600 4628 2600 4653 1551 4654 1551 4628 1551 4655 1961 4649 1961 4651 1961 4628 3183 4656 3183 4652 3183 4649 5535 4647 5535 4650 5535 4657 1839 4654 1839 4653 1839 4655 2138 4615 2138 4649 2138 4658 1846 4656 1846 4628 1846 4654 1689 4658 1689 4628 1689 4657 2133 4659 2133 4654 2133 4660 1928 4656 1928 4658 1928 4656 2552 4615 2552 4655 2552 4644 2436 4615 2436 4643 2436 4647 2275 4615 2275 4644 2275 4649 2101 4615 2101 4647 2101 4660 2153 4615 2153 4656 2153 4661 2164 4615 2164 4657 2164 4615 1825 4659 1825 4657 1825 4659 2160 4615 2160 4660 2160 4662 2265 4663 2265 4661 2265 4664 1393 4665 1393 4661 1393 4665 2609 4662 2609 4661 2609 4663 2136 4615 2136 4661 2136 4666 1191 4667 1191 4668 1191 4667 2986 4669 2986 4668 2986 4670 2439 4667 2439 4666 2439 4671 2394 4670 2394 4666 2394 4672 1619 4671 1619 4666 1619 4667 2049 4673 2049 4669 2049 4674 2103 4672 2103 4666 2103 4673 3292 4675 3292 4676 3292 4673 1759 4677 1759 4675 1759 4678 2171 4673 2171 4667 2171 4679 1655 4680 1655 4670 1655 4671 2509 4679 2509 4670 2509 4680 2219 4673 2219 4678 2219 4679 1904 4673 1904 4680 1904 4679 1933 4677 1933 4673 1933 4681 2288 4679 2288 4672 2288 4674 1905 4681 1905 4672 1905 4682 2359 4681 2359 4674 2359 4683 3351 4679 3351 4681 3351 4674 6527 4683 6527 4682 6527 4684 2360 4677 2360 4679 2360 4683 3330 4684 3330 4679 3330 4685 28 4683 28 4674 28 4686 9 4685 9 4674 9 4687 3234 4686 3234 4674 3234 4688 3193 4686 3193 4687 3193 4689 2129 4688 2129 4687 2129 4688 3674 4685 3674 4686 3674 4685 3042 4684 3042 4683 3042 4690 3106 4684 3106 4685 3106 4690 3382 4685 3382 4688 3382 4687 1979 4691 1979 4689 1979 4692 2119 4693 2119 4689 2119 4691 5476 4692 5476 4689 5476 4694 2343 4693 2343 4692 2343 4693 1882 4684 1882 4690 1882 4694 2038 4684 2038 4693 2038 4695 2278 4696 2278 4691 2278 4697 1072 4695 1072 4691 1072 4687 3178 4698 3178 4691 3178 4698 5369 4697 5369 4691 5369 4699 3313 4695 3313 4687 3313 4695 905 4698 905 4687 905 4687 1145 4700 1145 4699 1145 4695 6570 4701 6570 4698 6570 4695 2743 4694 2743 4696 2743 4702 3562 4695 3562 4699 3562 4700 113 4702 113 4699 113 4701 1636 4695 1636 4697 1636 4684 2035 4694 2035 4695 2035 4702 3187 4684 3187 4695 3187 4703 41 4702 41 4700 41 4687 2912 4704 2912 4700 2912 4704 5592 4705 5592 4700 5592 4704 2953 4706 2953 4705 2953 4703 3265 4684 3265 4702 3265 4707 2841 4706 2841 4704 2841 4708 2516 4709 2516 4687 2516 4710 1413 4711 1413 4704 1413 4687 1236 4710 1236 4704 1236 4707 3327 4703 3327 4706 3327 4703 2102 4712 2102 4684 2102 4707 2179 4712 2179 4703 2179 4713 1938 4710 1938 4687 1938 4714 1746 4713 1746 4687 1746 4715 2462 4714 2462 4687 2462 4716 3779 4717 3779 4687 3779 4717 1848 4715 1848 4687 1848 4709 56 4716 56 4687 56 4718 2297 4711 2297 4710 2297 4714 1860 4719 1860 4713 1860 4711 390 4720 390 4707 390 4718 3190 4720 3190 4711 3190 4716 3356 4720 3356 4717 3356 4719 2934 4720 2934 4718 2934 4714 699 4720 699 4719 699 4720 2175 4712 2175 4707 2175 4721 3249 4720 3249 4716 3249 4708 2488 4722 2488 4709 2488 4709 1065 4721 1065 4716 1065 4721 3052 4712 3052 4720 3052 4709 1093 4723 1093 4721 1093 4708 3390 4724 3390 4722 3390 4724 6499 4725 6499 4722 6499 4725 1801 4726 1801 4722 1801 4708 51 4727 51 4724 51 4725 3375 4728 3375 4726 3375 4721 2729 4723 2729 4712 2729 4728 2326 4723 2326 4709 2326 4729 52 4727 52 4708 52 4730 6479 4729 6479 4708 6479 4731 2260 4730 2260 4708 2260 4732 33 4727 33 4729 33 4730 6341 4732 6341 4729 6341 4725 1975 4723 1975 4728 1975 4732 59 4733 59 4727 59 4733 5795 4732 5795 4730 5795 4731 2284 4734 2284 4730 2284 4735 1669 4733 1669 4730 1669 4727 1698 4723 1698 4725 1698 4736 2476 4737 2476 4734 2476 4738 1771 4736 1771 4734 1771 4731 2235 4738 2235 4734 2235 4739 2380 4740 2380 4731 2380 4741 1986 4739 1986 4731 1986 4740 2352 4738 2352 4731 2352 4737 1744 4733 1744 4735 1744 4736 1749 4733 1749 4737 1749 4727 2111 4742 2111 4723 2111 4733 2384 4742 2384 4727 2384 4736 2039 4742 2039 4733 2039 4743 2045 4742 2045 4741 2045 4742 2075 4739 2075 4741 2075 4739 1894 4742 1894 4736 1894 4744 1047 4745 1047 4743 1047 4745 1537 4746 1537 4743 1537 4746 2011 4742 2011 4743 2011 4747 2817 4748 2817 4749 2817 4750 2855 4748 2855 4747 2855 4751 2378 4752 2378 4747 2378 4752 1404 4753 1404 4747 1404 4753 2950 4750 2950 4747 2950 4754 1639 4755 1639 4751 1639 4755 2897 4756 2897 4751 2897 4756 1384 4752 1384 4751 1384 4757 3404 4758 3404 4759 3404 4760 3570 4758 3570 4757 3570 4760 5115 4761 5115 4758 5115 4760 4972 4762 4972 4761 4972 4763 4948 4764 4948 4760 4948 4764 3634 4762 3634 4760 3634 4763 3551 4765 3551 4764 3551 4763 3573 4766 3573 4765 3573 4767 3577 4766 3577 4763 3577 4768 2797 4769 2797 4770 2797 4771 2539 4769 2539 4768 2539 4771 2628 4772 2628 4769 2628 4772 2651 4773 2651 4769 2651 4774 1672 4773 1672 4772 1672 4775 2591 4773 2591 4774 2591 4776 2856 4777 2856 4773 2856 4775 2839 4776 2839 4773 2839 4778 3765 4779 3765 4780 3765 4778 4077 4781 4077 4779 4077 4782 4828 4783 4828 4778 4828 4783 3647 4784 3647 4778 3647 4784 3903 4781 3903 4778 3903 4782 3957 4785 3957 4783 3957 4786 5120 4787 5120 4782 5120 4787 3676 4785 3676 4782 3676 4788 1579 4789 1579 4790 1579 4791 2546 4788 2546 4790 2546 4792 2279 4788 2279 4791 2279 4788 2197 4793 2197 4789 2197 4794 1831 4788 1831 4792 1831 4795 1871 4796 1871 4794 1871 4796 2922 4788 2922 4794 2922 4797 2034 4798 2034 4795 2034 4798 1785 4796 1785 4795 1785 4788 1814 4799 1814 4793 1814 4788 1035 4800 1035 4799 1035 4801 1549 4802 1549 4799 1549 4800 3147 4801 3147 4799 3147 4801 3024 4803 3024 4802 3024 4803 2696 4804 2696 4802 2696 4803 2064 4805 2064 4804 2064 4803 2022 4806 2022 4805 2022 4807 2910 4808 2910 4806 2910 4808 11 4809 11 4806 11 4809 6371 4810 6371 4806 6371 4810 2161 4811 2161 4806 2161 4803 1311 4807 1311 4806 1311 4812 2062 4798 2062 4797 2062 4813 1878 4798 1878 4812 1878 4814 1388 4811 1388 4810 1388 4815 2598 4798 2598 4813 2598 4815 1777 4816 1777 4798 1777 4816 2492 4817 2492 4798 2492 4817 1872 4818 1872 4798 1872 4818 2316 4819 2316 4798 2316 4820 1525 4811 1525 4814 1525 4818 2351 4821 2351 4819 2351 4822 2949 4811 2949 4820 2949 4818 1526 4823 1526 4821 1526 4824 2253 4811 2253 4822 2253 4818 2745 4825 2745 4823 2745 4826 1524 4824 1524 4822 1524 4827 3059 4828 3059 4825 3059 4818 2014 4827 2014 4825 2014 4829 1924 4824 1924 4826 1924 4830 1214 4829 1214 4826 1214 4827 1568 4830 1568 4828 1568 4831 2617 4832 2617 4830 2617 4827 1397 4833 1397 4830 1397 4833 2799 4831 2799 4830 2799 4832 1945 4834 1945 4830 1945 4834 1566 4829 1566 4830 1566 4835 1877 4811 1877 4824 1877 4836 1733 4837 1733 4835 1733 4838 1167 4836 1167 4835 1167 4837 2928 4839 2928 4835 2928 4839 1485 4840 1485 4835 1485 4840 2849 4841 2849 4835 2849 4841 2209 4811 2209 4835 2209 4842 1186 4836 1186 4838 1186 4843 2984 4836 2984 4842 2984 4844 2785 4836 2785 4843 2785 4845 2118 4836 2118 4844 2118 4846 2379 4847 2379 4811 2379 4841 2356 4846 2356 4811 2356 4846 1680 4848 1680 4847 1680 4849 2521 4850 2521 4848 2521 4846 1276 4849 1276 4848 1276 4849 1471 4851 1471 4850 1471 4849 2768 4852 2768 4851 2768 4853 2454 4854 2454 4852 2454 4849 1432 4853 1432 4852 1432 4855 1438 4854 1438 4853 1438 4856 2753 4854 2753 4855 2753 4856 2098 4857 2098 4854 2098 4857 2226 4858 2226 4854 2226 4858 1932 4859 1932 4854 1932 4845 2524 4860 2524 4836 2524 4861 1362 4859 1362 4858 1362 4845 2459 4862 2459 4860 2459 4863 1600 4859 1600 4861 1600 4845 2400 4864 2400 4862 2400 4864 1935 4865 1935 4862 1935 4865 1943 4866 1943 4862 1943 4867 3086 4863 3086 4861 3086 4866 2266 4868 2266 4862 2266 4869 2556 4863 2556 4867 2556 4868 1753 4870 1753 4862 1753 4871 1113 4869 1113 4867 1113 4868 1237 4872 1237 4870 1237 4873 1446 4869 1446 4871 1446 4872 1336 4874 1336 4870 1336 4875 3103 4873 3103 4871 3103 4872 2445 4876 2445 4874 2445 4876 1608 4873 1608 4875 1608 4876 2903 4875 2903 4874 2903 4877 1548 4878 1548 4866 1548 4879 2721 4877 2721 4866 2721 4880 2844 4881 2844 4866 2844 4881 1760 4882 1760 4866 1760 4882 1410 4879 1410 4866 1410 4878 2431 4883 2431 4866 2431 4883 2332 4884 2332 4866 2332 4884 2570 4868 2570 4866 2570 4885 3976 4886 3976 4887 3976 4885 3579 4888 3579 4886 3579 4889 3781 4890 3781 4885 3781 4890 3532 4891 3532 4885 3532 4891 3535 4888 3535 4885 3535 4889 3720 4892 3720 4890 3720 4893 3661 4894 3661 4889 3661 4894 3586 4892 3586 4889 3586 4895 119 4896 119 4897 119 4895 1202 4898 1202 4896 1202 4899 1241 4898 1241 4895 1241 4899 1401 4900 1401 4898 1401 4901 1467 4900 1467 4899 1467 4901 2752 4902 2752 4900 2752 4903 2718 4902 2718 4901 2718 4904 2742 4902 2742 4903 2742 4904 1513 4905 1513 4902 1513 4906 1317 4905 1317 4904 1317 4906 1218 4907 1218 4905 1218 4908 1095 4909 1095 4910 1095 4908 2978 4911 2978 4909 2978 4912 1291 4913 1291 4914 1291 4912 1596 4915 1596 4913 1596 4916 1472 4915 1472 4912 1472 4917 2633 4915 2633 4916 2633 4917 2610 4918 2610 4915 2610 4919 2754 4918 2754 4917 2754 4920 2819 4918 2819 4919 2819 4921 2883 4918 2883 4920 2883 4921 2898 4922 2898 4918 2898 4923 3064 4922 3064 4921 3064 4924 111 4925 111 4926 111 4925 3408 4927 3408 4926 3408 4927 1144 4928 1144 4926 1144 4928 1558 4929 1558 4926 1558 4929 2074 4930 2074 4926 2074 4931 2079 4924 2079 4926 2079 4929 2301 4932 2301 4930 2301 4929 2607 4933 2607 4932 2607 4929 1721 4934 1721 4933 1721 4929 2505 4935 2505 4934 2505 4929 1371 4936 1371 4935 1371 4937 1304 4938 1304 4935 1304 4939 1732 4937 1732 4935 1732 4936 2399 4939 2399 4935 2399 4940 1515 4941 1515 4938 1515 4937 1271 4940 1271 4938 1271 4940 1890 4942 1890 4941 1890 4936 3166 4943 3166 4939 3166 4943 3217 4944 3217 4939 3217 4944 979 4945 979 4939 979 4945 1612 4946 1612 4939 1612 4931 2210 4947 2210 4924 2210 4948 1283 4949 1283 4947 1283 4931 2240 4948 2240 4947 2240 4949 1703 4950 1703 4947 1703 4951 1607 4952 1607 4950 1607 4953 1980 4951 1980 4950 1980 4952 2913 4954 2913 4950 2913 4954 1280 4955 1280 4950 1280 4949 1483 4956 1483 4950 1483 4956 3021 4953 3021 4950 3021 4955 2030 4946 2030 4950 2030 4946 2806 4957 2806 4950 2806 4946 2685 4958 2685 4957 2685 4958 2956 4946 2956 4945 2956 4931 2853 4959 2853 4948 2853 4931 3181 4960 3181 4959 3181 4931 2836 4961 2836 4960 2836 4931 2558 4962 2558 4961 2558 4931 2914 4963 2914 4962 2914 4931 2286 4964 2286 4963 2286 4965 5550 4966 5550 4931 5550 4966 6377 4967 6377 4931 6377 4967 64 4968 64 4931 64 4968 35 4969 35 4931 35 4969 1092 4970 1092 4931 1092 4970 3157 4971 3157 4931 3157 4972 1351 4964 1351 4931 1351 4971 1709 4972 1709 4931 1709 4973 3314 4974 3314 4963 3314 4964 1024 4975 1024 4963 1024 4975 3358 4973 3358 4963 3358 4973 49 4976 49 4974 49 4976 824 4955 824 4974 824 4977 3414 4978 3414 4955 3414 4978 2421 4946 2421 4955 2421 4976 3049 4977 3049 4955 3049 4979 1178 4980 1178 4972 1178 4980 3184 4981 3184 4972 3184 4971 3204 4979 3204 4972 3204 4980 1335 4982 1335 4981 1335 4983 1088 4946 1088 4978 1088 4984 2599 4985 2599 4982 2599 4980 2946 4984 2946 4982 2946 4986 5524 4946 5524 4983 5524 4984 2771 4987 2771 4985 2771 4988 47 4946 47 4986 47 4984 2529 4989 2529 4987 2529 4990 1318 4946 1318 4988 1318 4989 1222 4990 1222 4987 1222 4991 1743 4946 1743 4990 1743 4992 2502 4991 2502 4990 2502 4993 1234 4992 1234 4990 1234 4989 66 4994 66 4990 66 4994 6503 4993 6503 4990 6503 4995 1569 4989 1569 4984 1569 4996 3307 4997 3307 4995 3307 4997 250 4998 250 4995 250 4998 1134 4999 1134 4995 1134 4999 5447 4989 5447 4995 5447 5000 1947 4996 1947 4995 1947 5001 3242 5000 3242 4995 3242 5002 1089 5003 1089 4965 1089 5004 953 5000 953 5001 953 5005 1720 5000 1720 5004 1720 5006 2713 5005 2713 5004 2713 5002 2540 5006 2540 5003 2540 5006 3323 5004 3323 5003 3323 5007 3197 4992 3197 4993 3197 5002 6468 5008 6468 5006 6468 5009 3115 5010 3115 5007 3115 5010 1688 4992 1688 5007 1688 5002 22 5011 22 5008 22 5012 1734 5010 1734 5009 1734 5013 1867 5014 1867 5009 1867 5014 2091 5012 2091 5009 2091 5002 2838 5009 2838 5011 2838 5015 1898 5013 1898 5009 1898 5002 3091 5016 3091 5009 3091 5016 2687 5015 2687 5009 2687 5017 2837 5018 2837 5019 2837 5020 1400 5017 1400 5019 1400 5021 2543 5017 2543 5020 2543 5022 1337 5021 1337 5020 1337 5023 2959 5024 2959 5018 2959 5025 1623 5023 1623 5018 1623 5017 2289 5025 2289 5018 2289 5026 2966 5021 2966 5022 2966 5027 1302 5021 1302 5026 1302 5028 1550 5029 1550 5027 1550 5029 1534 5021 1534 5027 1534 5030 3069 5024 3069 5023 3069 5031 1090 5032 1090 5033 1090 5031 1154 5034 1154 5032 1154 5035 1522 5034 1522 5031 1522 5036 1654 5034 1654 5035 1654 5036 2701 5037 2701 5034 2701 5036 1610 5038 1610 5037 1610 5036 2245 5039 2245 5038 2245 5040 2327 5039 2327 5036 2327 5040 2734 5041 2734 5039 2734 5040 1790 5042 1790 5041 1790 5043 1827 5044 1827 5042 1827 5040 1791 5043 1791 5042 1791 5045 2661 5046 2661 5047 2661 5045 1962 5048 1962 5046 1962 5045 2448 5049 2448 5048 2448 5045 1821 5050 1821 5049 1821 5045 1741 5051 1741 5050 1741 5045 1843 5052 1843 5051 1843 5045 2225 5053 2225 5052 2225 5053 2420 5054 2420 5052 2420 5054 2433 5055 2433 5052 2433 5054 2250 5056 2250 5055 2250 5056 1951 5057 1951 5055 1951 5056 2271 5058 2271 5057 2271 5058 2595 5059 2595 5057 2595 5059 1618 5060 1618 5057 1618 5060 2642 5061 2642 5057 2642 5062 1973 5063 1973 5057 1973 5061 1544 5064 1544 5057 1544 5064 2635 5065 2635 5057 2635 5065 2124 5062 2124 5057 2124 5066 2134 5063 2134 5062 2134 5067 2795 5068 2795 5063 2795 5066 2167 5069 2167 5063 2167 5069 1946 5070 1946 5063 1946 5070 1988 5071 1988 5063 1988 5071 1692 5067 1692 5063 1692 5072 1651 5073 1651 5068 1651 5067 2660 5074 2660 5068 2660 5074 1805 5072 1805 5068 1805 5075 1599 5076 1599 5073 1599 5072 1604 5077 1604 5073 1604 5077 2444 5075 2444 5073 2444 5078 3125 5079 3125 5080 3125 5075 2695 5079 2695 5076 2695 5079 1521 5081 1521 5076 1521 5082 1308 5079 1308 5078 1308 5079 2512 5083 2512 5081 2512 5084 2831 5079 2831 5082 2831 5079 2765 5085 2765 5083 2765 5085 1389 5079 1389 5084 1389 5086 2220 5087 2220 5088 2220 5089 2013 5090 2013 5088 2013 5090 1377 5086 1377 5088 1377 5086 2747 5091 2747 5087 2747 5091 2643 5092 2643 5087 2643 5091 1500 5093 1500 5092 1500 5093 2564 5094 2564 5092 2564 5093 1577 5095 1577 5094 1577 5093 1363 5096 1363 5095 1363 5096 2854 5097 2854 5095 2854 5097 2178 5098 2178 5095 2178 5099 2584 5100 2584 5089 2584 5100 3168 5101 3168 5089 3168 5101 1068 5090 1068 5089 1068 5102 1694 5100 1694 5099 1694 5103 2342 5104 2342 5102 2342 5104 1494 5100 1494 5102 1494 5105 2100 5104 2100 5103 2100 5106 2341 5107 2341 5105 2341 5107 2865 5104 2865 5105 2865 5108 2020 5109 2020 5106 2020 5109 1609 5110 1609 5106 1609 5110 2969 5111 2969 5106 2969 5111 1232 5107 1232 5106 1232 5112 1138 5098 1138 5097 1138 5108 2300 5113 2300 5109 2300 5114 2760 5098 2760 5112 2760 5115 6375 5114 6375 5112 6375 5116 3047 5115 3047 5112 3047 5108 2829 5117 2829 5113 2829 5118 3046 5115 3046 5116 3046 5119 2458 5120 2458 5117 2458 5120 1597 5121 1597 5117 1597 5121 2503 5122 2503 5117 2503 5108 2691 5123 2691 5117 2691 5123 1705 5119 1705 5117 1705 5122 2443 5124 2443 5117 2443 5124 1381 5115 1381 5118 1381 5122 2224 5125 2224 5124 2224 5125 7 5115 7 5124 7 5126 2173 5125 2173 5122 2173 5127 2230 5126 2230 5122 2230 5128 1885 5129 1885 5126 1885 5130 2252 5128 2252 5126 2252 5131 2770 5132 2770 5126 2770 5132 3214 5133 3214 5126 3214 5133 5 5130 5 5126 5 5127 1200 5134 1200 5126 1200 5134 1682 5135 1682 5126 1682 5135 2972 5136 2972 5126 2972 5136 1262 5131 1262 5126 1262 5137 1328 5128 1328 5130 1328 5138 3032 5128 3032 5137 3032 5139 2812 5128 2812 5138 2812 5140 2163 5128 2163 5139 2163 5141 3071 5140 3071 5139 3071 5142 71 5140 71 5141 71 5143 3443 5140 3443 5142 3443 5144 3093 5140 3093 5143 3093 5145 3076 5140 3076 5144 3076 5146 1126 5140 1126 5145 1126 5147 2257 5148 2257 5146 2257 5148 1189 5140 1189 5146 1189 5128 1079 5149 1079 5129 1079 5128 2945 5150 2945 5149 2945 5128 2784 5151 2784 5150 2784 5128 1442 5152 1442 5151 1442 5153 1203 5154 1203 5152 1203 5154 2203 5155 2203 5152 2203 5128 2872 5153 2872 5152 2872 5156 2962 5157 2962 5155 2962 5157 2500 5158 2500 5155 2500 5154 1425 5156 1425 5155 1425 5157 3060 5159 3060 5158 3060 5159 1792 5160 1792 5158 1792 5159 2398 5161 2398 5160 2398 5159 1783 5162 1783 5161 1783 5159 2053 5163 2053 5162 2053 5164 2557 5163 2557 5159 2557 5147 3331 5165 3331 5148 3331 5147 1132 5166 1132 5165 1132 5167 2202 5163 2202 5164 2202 5168 1373 5167 1373 5164 1373 5169 1812 5167 1812 5168 1812 5147 2004 5170 2004 5166 2004 5171 1727 5169 1727 5168 1727 5172 2548 5171 2548 5168 2548 5173 2911 5174 2911 5168 2911 5174 1616 5175 1616 5168 1616 5175 2406 5172 2406 5168 2406 5176 2952 5177 2952 5166 2952 5178 2563 5176 2563 5166 2563 5170 2106 5178 2106 5166 2106 5176 1624 5179 1624 5177 1624 5180 1382 5174 1382 5173 1382 5179 1870 5181 1870 5177 1870 5181 3148 5182 3148 5177 3148 5181 2263 5174 2263 5180 2263 5182 961 5181 961 5180 961 5183 2689 5184 2689 5185 2689 5183 2565 5186 2565 5184 2565 5183 1844 5187 1844 5186 1844 5183 1868 5188 1868 5187 1868 5183 1798 5189 1798 5188 1798 5183 1902 5190 1902 5189 1902 5183 2331 5191 2331 5190 2331 5191 2484 5192 2484 5190 2484 5192 2320 5193 2320 5190 2320 5192 2052 5194 2052 5193 2052 5194 2366 5195 2366 5193 2366 5194 2333 5196 2333 5195 2333 5196 2182 5197 2182 5195 2182 5197 2506 5198 2506 5195 2506 5198 2070 5199 2070 5195 2070 5199 2419 5200 2419 5195 2419 5200 1782 5201 1782 5195 1782 5201 2526 5202 2526 5195 2526 5202 2277 5203 2277 5195 2277 5204 2055 5203 2055 5202 2055 5205 1559 5206 1559 5203 1559 5207 2237 5208 2237 5203 2237 5208 2534 5209 2534 5203 2534 5209 1816 5205 1816 5203 1816 5204 2006 5207 2006 5203 2006 5210 1632 5211 1632 5206 1632 5205 1788 5212 1788 5206 1788 5212 1811 5210 1811 5206 1811 5213 2796 5214 2796 5211 2796 5210 2690 5215 2690 5211 2690 5215 2216 5213 2216 5211 2216 5216 1644 5217 1644 5214 1644 5213 1518 5216 1518 5214 1518 5218 1074 5216 1074 5219 1074 5220 1385 5216 1385 5218 1385 5216 2044 5221 2044 5217 2044 5222 2882 5216 2882 5220 2882 5216 1512 5223 1512 5221 1512 5223 2732 5216 2732 5222 2732 5224 1664 5225 1664 5226 1664 5227 2671 5224 2671 5226 2671 5228 1406 5224 1406 5227 1406 5229 1849 5228 1849 5227 1849 5230 2489 5231 2489 5225 2489 5224 1647 5230 1647 5225 1647 5232 1769 5228 1769 5229 1769 5230 1503 5233 1503 5231 1503 5234 2008 5228 2008 5232 2008 5235 1297 5236 1297 5233 1297 5237 1519 5238 1519 5233 1519 5238 2780 5239 2780 5233 2780 5239 1342 5240 1342 5233 1342 5240 2987 5235 2987 5233 2987 5230 2885 5241 2885 5233 2885 5241 1622 5242 1622 5233 1622 5242 2295 5237 2295 5233 2295 5243 2455 5228 2455 5234 2455 5244 2183 5228 2183 5243 2183 5245 2195 5228 2195 5244 2195 5246 2409 5245 2409 5244 2409 5247 1517 5245 1517 5246 1517 5248 2620 5245 2620 5247 2620 5249 2569 5245 2569 5248 2569 5250 1817 5245 1817 5249 1817 5251 2572 5245 2572 5250 2572 5252 2218 5245 2218 5251 2218 5253 2377 5254 2377 5252 2377 5254 2368 5245 2368 5252 2368 5255 2302 5256 2302 5253 2302 5256 2428 5254 2428 5253 2428 5257 2468 5256 2468 5255 2468 5258 1916 5259 1916 5257 1916 5259 2495 5256 2495 5257 2495 5260 1238 5261 1238 5258 1238 5261 1810 5262 1810 5258 1810 5262 1724 5263 1724 5258 1724 5263 2653 5264 2653 5258 2653 5264 1895 5259 1895 5258 1895 5265 5344 5266 5344 5267 5344 5268 5315 5266 5315 5265 5315 5268 3846 5269 3846 5266 3846 5269 3795 5270 3795 5266 3795 5271 3848 5270 3848 5269 3848 5272 4562 5273 4562 5270 4562 5274 5330 5272 5330 5270 5330 5271 3799 5274 3799 5270 3799 5275 5362 5273 5362 5272 5362 5276 5465 5277 5465 5278 5465 5279 3429 5277 3429 5276 3429 5280 3893 5281 3893 5282 3893 5283 4104 5281 4104 5280 4104 5284 3778 5281 3778 5283 3778 5285 4040 5286 4040 5283 4040 5286 3659 5287 3659 5283 3659 5287 5125 5284 5125 5283 5125 5288 4673 5289 4673 5285 4673 5289 5082 5290 5082 5285 5082 5290 5260 5286 5260 5285 5260 5289 5222 5288 5222 5291 5222 5292 6297 5293 6297 5294 6297 5292 3370 5295 3370 5293 3370 5296 5213 5295 5213 5292 5213 5297 3780 5295 3780 5296 3780 5297 3838 5298 3838 5295 3838 5299 4812 5300 4812 5297 4812 5300 3842 5301 3842 5297 3842 5301 3874 5298 3874 5297 3874 5299 4882 5302 4882 5300 4882 5303 5073 5304 5073 5299 5073 5304 5182 5302 5182 5299 5182 5303 5337 5305 5337 5304 5337 5306 3455 5307 3455 5308 3455 5309 3639 5307 3639 5306 3639 5309 5221 5310 5221 5307 5221 5309 5256 5311 5256 5310 5256 5312 4961 5313 4961 5309 4961 5313 5261 5311 5261 5309 5261 5312 5273 5314 5273 5313 5273 5312 5255 5315 5255 5314 5255 5316 3841 5315 3841 5312 3841 5317 3475 5318 3475 5315 3475 5316 3557 5317 3557 5315 3557 5319 3439 5318 3439 5317 3439 5320 5402 5321 5402 5322 5402 5323 4953 5321 4953 5320 4953 5323 4045 5324 4045 5321 4045 5323 4437 5325 4437 5324 4437 5323 4544 5326 4544 5325 4544 5327 4436 5326 4436 5323 4436 5327 5075 5328 5075 5326 5075 5327 5014 5329 5014 5328 5014 5330 4952 5329 4952 5327 4952 5330 5096 5331 5096 5329 5096 5332 5264 5333 5264 5334 5264 5335 3845 5333 3845 5332 3845 5335 3696 5336 3696 5333 3696 5335 3700 5337 3700 5336 3700 5338 4078 5339 4078 5335 4078 5339 3554 5337 3554 5335 3554 5338 3629 5340 3629 5339 3629 5338 3645 5341 3645 5340 3645 5342 3754 5341 3754 5338 3754 5343 3587 5344 3587 5341 3587 5342 3544 5343 3544 5341 3544 5345 5497 5344 5497 5343 5497 5346 2382 5347 2382 5348 2382 5349 2879 5346 2879 5348 2879 5350 1745 5349 1745 5348 1745 5346 2510 5351 2510 5347 2510 5352 1797 5349 1797 5350 1797 5353 1601 5354 1601 5351 1601 5346 1670 5353 1670 5351 1670 5355 2438 5349 2438 5352 2438 5353 1715 5356 1715 5354 1715 5357 1768 5349 1768 5355 1768 5358 1275 5359 1275 5356 1275 5360 2794 5361 2794 5356 2794 5361 1383 5362 1383 5356 1383 5362 2866 5363 2866 5356 2866 5363 1423 5358 1423 5356 1423 5353 1441 5364 1441 5356 1441 5364 2887 5365 2887 5356 2887 5365 1300 5360 1300 5356 1300 5366 1881 5349 1881 5357 1881 5367 1886 5349 1886 5366 1886 5368 1883 5349 1883 5367 1883 5369 2243 5368 2243 5367 2243 5370 2498 5368 2498 5369 2498 5371 1635 5368 1635 5370 1635 5372 2270 5368 2270 5371 2270 5373 1800 5368 1800 5372 1800 5374 2478 5368 2478 5373 2478 5375 1823 5368 1823 5374 1823 5376 1758 5377 1758 5375 1758 5377 2259 5368 2259 5375 2259 5378 1659 5379 1659 5376 1659 5379 2372 5377 2372 5376 2372 5380 1879 5379 1879 5378 1879 5381 2515 5382 2515 5380 2515 5382 1696 5379 1696 5380 1696 5383 2656 5384 2656 5381 2656 5384 2596 5385 2596 5381 2596 5385 1910 5386 1910 5381 1910 5386 1836 5387 1836 5381 1836 5387 2530 5382 2530 5381 2530 5388 5274 5389 5274 5390 5274 5391 3722 5389 3722 5388 3722 5392 5259 5389 5259 5391 5259 5392 5300 5393 5300 5389 5300 5394 3668 5393 3668 5392 3668 5395 3606 5393 3606 5394 3606 5396 3590 5393 3590 5395 3590 5396 3550 5397 3550 5393 3550 5398 5051 5399 5051 5400 5051 5401 5199 5398 5199 5400 5199 5402 3667 5398 3667 5401 3667 5398 3882 5403 3882 5399 3882 5404 4793 5398 4793 5402 4793 5398 5265 5405 5265 5403 5265 5406 4584 5398 4584 5404 4584 5398 3593 5407 3593 5405 3593 5408 4411 5398 4411 5406 4411 5409 4714 5408 4714 5406 4714 5410 5043 5411 5043 5407 5043 5398 3595 5410 3595 5407 3595 5412 4768 5413 4768 5398 4768 5408 4432 5412 4432 5398 4432 5414 4666 5415 4666 5413 4666 5416 3552 5414 3552 5413 3552 5417 4079 5418 4079 5413 4079 5418 5132 5419 5132 5413 5132 5419 4970 5420 4970 5413 4970 5420 3688 5421 3688 5413 3688 5421 4696 5422 4696 5413 4696 5422 5270 5416 5270 5413 5270 5412 4073 5417 4073 5413 4073 5414 4840 5423 4840 5415 4840 5414 3905 5424 3905 5423 3905 5414 4973 5425 4973 5424 4973 5426 3622 5414 3622 5427 3622 5414 3859 5428 3859 5425 3859 5428 5293 5414 5293 5426 5293 5429 3771 5408 3771 5409 3771 5430 3582 5429 3582 5409 3582 5431 3718 5429 3718 5430 3718 5432 5345 5431 5345 5430 5345 5433 3616 5432 3616 5430 3616 5434 5394 5433 5394 5430 5394 5435 3643 5433 3643 5434 3643 5436 5296 5433 5296 5435 5296 5437 5026 5433 5026 5436 5026 5438 5109 5439 5109 5440 5109 5441 3648 5438 3648 5440 3648 5442 3415 5438 3415 5441 3415 5443 5142 5442 5142 5441 5142 5438 3948 5444 3948 5439 3948 5445 3598 5442 3598 5443 3598 5438 5263 5446 5263 5444 5263 5447 5306 5442 5306 5445 5306 5438 3553 5448 3553 5446 3553 5449 4579 5442 4579 5447 4579 5450 6486 5451 6486 5448 6486 5438 5442 5450 5442 5448 5442 5452 4325 5453 4325 5442 4325 5454 5106 5452 5106 5442 5106 5455 4296 5456 4296 5442 4296 5456 3706 5457 3706 5442 3706 5457 4993 5458 4993 5442 4993 5458 5015 5459 5015 5442 5015 5459 3897 5460 3897 5442 3897 5460 3981 5454 3981 5442 3981 5449 3571 5461 3571 5442 3571 5461 5141 5462 5141 5442 5141 5462 5085 5455 5085 5442 5085 5463 4177 5464 4177 5453 4177 5465 4080 5463 4080 5453 4080 5452 4451 5465 4451 5453 4451 5463 4052 5466 4052 5464 4052 5463 4954 5467 4954 5466 4954 5468 4054 5469 4054 5470 4054 5471 4941 5472 4941 5470 4941 5473 3936 5471 3936 5470 3936 5469 4897 5474 4897 5470 4897 5474 4929 5475 4929 5470 4929 5475 4687 5473 4687 5470 4687 5463 4048 5468 4048 5470 4048 5476 5320 5463 5320 5470 5320 5463 3759 5477 3759 5467 3759 5477 3915 5463 3915 5476 3915 5478 5000 5479 5000 5480 5000 5481 5240 5478 5240 5480 5240 5482 3373 5478 3373 5481 3373 5483 3692 5482 3692 5481 3692 5478 4230 5484 4230 5479 4230 5485 5028 5482 5028 5483 5028 5478 3576 5486 3576 5484 3576 5487 4027 5482 4027 5485 4027 5478 5384 5488 5384 5486 5384 5489 4423 5482 4423 5487 4423 5490 3664 5491 3664 5488 3664 5478 3566 5490 3566 5488 3566 5489 4648 5492 4648 5482 4648 5489 4164 5493 4164 5492 4164 5489 5129 5494 5129 5493 5129 5489 3726 5495 3726 5494 3726 5496 3545 5497 3545 5498 3545 5499 3800 5496 3800 5498 3800 5500 4977 5501 4977 5498 4977 5502 4004 5500 4004 5498 4004 5501 3940 5503 3940 5498 3940 5503 5033 5504 5033 5498 5033 5504 4198 5499 4198 5498 4198 5505 4845 5502 4845 5498 4845 5506 3912 5505 3912 5498 3912 5489 5137 5507 5137 5495 5137 5508 4447 5505 4447 5506 4447 5489 4228 5508 4228 5506 4228 5507 3877 5489 3877 5506 3877 5509 3977 5508 3977 5489 3977 5510 5365 5511 5365 5509 5365 5511 4196 5508 4196 5509 4196 5512 3812 5511 3812 5510 3812 5513 3773 5511 3773 5512 3773 5514 4336 5511 4336 5513 4336 5515 3583 5511 3583 5514 3583 5516 5480 5511 5480 5515 5480 5517 3463 5511 3463 5516 3463 5518 4960 5519 4960 5520 4960 5521 5188 5518 5188 5520 5188 5522 4297 5518 4297 5521 4297 5523 3627 5522 3627 5521 3627 5524 5002 5525 5002 5519 5002 5518 4226 5524 4226 5519 4226 5526 5159 5522 5159 5523 5159 5527 5027 5522 5027 5526 5027 5528 5122 5522 5122 5527 5122 5529 3387 5530 3387 5531 3387 5529 3441 5532 3441 5530 3441 5533 5354 5534 5354 5535 5354 5536 5202 5534 5202 5533 5202 5536 5086 5537 5086 5534 5086 5536 4949 5538 4949 5537 4949 5536 4935 5539 4935 5538 4935 5540 5171 5539 5171 5536 5171 5540 4851 5541 4851 5539 4851 5540 5013 5542 5013 5541 5013 5543 5035 5542 5035 5540 5035 5543 5241 5544 5241 5542 5241 5545 1185 5546 1185 5547 1185 5545 1387 5548 1387 5546 1387 5549 1572 5548 1572 5545 1572 5550 1968 5548 1968 5549 1968 5551 2140 5548 2140 5550 2140 5552 1210 5551 1210 5550 1210 5553 2629 5551 2629 5552 2629 5554 2180 5551 2180 5553 2180 5554 2170 5555 2170 5551 2170 5556 1462 5555 1462 5554 1462 5557 1033 5558 1033 5559 1033 5560 3130 5558 3130 5557 3130 5561 1627 5562 1627 5563 1627 5562 2877 5564 2877 5563 2877 5562 1542 5565 1542 5564 1542 5566 1502 5567 1502 5561 1502 5567 2312 5562 2312 5561 2312 5568 1332 5569 1332 5565 1332 5562 2494 5568 2494 5565 2494 5568 2367 5570 2367 5569 2367 5568 1504 5571 1504 5570 1504 5572 3257 5573 3257 5574 3257 5575 2298 5573 2298 5572 2298 5576 2673 5575 2673 5572 2673 5575 2193 5577 2193 5573 2193 5577 2371 5578 2371 5573 2371 5578 2769 5579 2769 5573 2769 5579 1578 5580 1578 5573 1578 5575 1303 5576 1303 5581 1303 5582 2114 5583 2114 5573 2114 5584 2037 5582 2037 5573 2037 5585 2090 5586 2090 5575 2090 5586 2486 5577 2486 5575 2486 5587 2783 5579 2783 5578 2783 5579 1443 5588 1443 5580 1443 5588 1398 5573 1398 5580 1398 5585 2105 5587 2105 5586 2105 5585 1795 5579 1795 5587 1795 5573 2273 5589 2273 5584 2273 5588 1941 5589 1941 5573 1941 5590 1770 5591 1770 5584 1770 5585 2706 5588 2706 5579 2706 5592 3176 5582 3176 5584 3176 5591 5446 5592 5446 5584 5446 5585 2176 5593 2176 5588 2176 5594 1478 5593 1478 5585 1478 5595 1165 5596 1165 5592 1165 5593 2576 5590 2576 5588 2576 5593 1713 5591 1713 5590 1713 5592 5574 5597 5574 5582 5574 5596 2154 5597 2154 5592 2154 5593 3139 5595 3139 5591 3139 5598 1903 5599 1903 5582 1903 5593 1292 5596 1292 5595 1292 5600 2335 5583 2335 5582 2335 5601 1660 5583 1660 5600 1660 5599 2411 5600 2411 5582 2411 5593 2115 5599 2115 5596 2115 5602 2463 5603 2463 5601 2463 5599 3448 5598 3448 5596 3448 5583 2149 5604 2149 5605 2149 5606 3062 5604 3062 5583 3062 5607 2466 5608 2466 5583 2466 5609 2346 5607 2346 5583 2346 5601 1829 5609 1829 5583 1829 5608 1056 5606 1056 5583 1056 5603 1756 5609 1756 5601 1756 5610 2126 5608 2126 5607 2126 5599 261 5603 261 5602 261 5611 3051 5612 3051 5606 3051 5612 510 5604 510 5606 510 5613 1263 5611 1263 5606 1263 5603 299 5608 299 5610 299 5614 3017 5605 3017 5604 3017 5593 2003 5615 2003 5599 2003 5616 2694 5617 2694 5604 2694 5608 5444 5611 5444 5613 5444 5605 1948 5618 1948 5619 1948 5620 5634 5621 5634 5614 5634 5604 5661 5620 5661 5614 5661 5617 1714 5620 1714 5604 1714 5615 1993 5611 1993 5608 1993 5603 2389 5615 2389 5608 2389 5599 2432 5615 2432 5603 2432 5617 1225 5615 1225 5621 1225 5615 3145 5614 3145 5621 3145 5615 2287 5616 2287 5611 2287 5615 2761 5617 2761 5616 2761 5622 1971 5619 1971 5618 1971 5614 1117 5623 1117 5605 1117 5623 2975 5618 2975 5605 2975 5615 6534 5624 6534 5614 6534 5624 58 5623 58 5614 58 5625 2324 5622 2324 5618 2324 5615 914 5623 914 5624 914 5622 1972 5626 1972 5619 1972 5625 2504 5627 2504 5622 2504 5628 2127 5629 2127 5622 2127 5615 1585 5625 1585 5623 1585 5630 3222 5631 3222 5626 3222 5622 3413 5630 3413 5626 3413 5629 1661 5630 1661 5622 1661 5628 4926 5627 4926 5625 4926 5615 2435 5628 2435 5625 2435 5632 2353 5626 2353 5631 2353 5633 2107 5619 2107 5626 2107 5634 255 5633 255 5626 255 5635 3092 5634 3092 5626 3092 5632 2416 5636 2416 5626 2416 5628 2306 5615 2306 5629 2306 5637 2413 5634 2413 5635 2413 5615 1874 5632 1874 5629 1874 5638 1969 5639 1969 5633 1969 5639 2269 5619 2269 5633 2269 5637 3089 5640 3089 5634 3089 5637 5342 5636 5342 5632 5342 5615 2354 5637 2354 5632 2354 5640 1159 5638 1159 5633 1159 5640 1176 5641 1176 5638 1176 5642 2113 5639 2113 5638 2113 5643 2135 5639 2135 5642 2135 5641 842 5644 842 5642 842 5644 2272 5645 2272 5642 2272 5645 2168 5643 2168 5642 2168 5643 2387 5646 2387 5639 2387 5615 2942 5641 2942 5640 2942 5637 2835 5615 2835 5640 2835 5645 2155 5647 2155 5643 2155 5647 2086 5648 2086 5643 2086 5649 3109 5646 3109 5643 3109 5650 2137 5648 2137 5647 2137 5615 3156 5644 3156 5641 3156 5650 2469 5644 2469 5615 2469 5615 2313 5648 2313 5650 2313 5651 2772 5648 2772 5615 2772 5651 3113 5652 3113 5648 3113 5653 3173 5654 3173 5655 3173 5656 2579 5657 2579 5653 2579 5657 2422 5654 2422 5653 2422 5658 2363 5659 2363 5654 2363 5657 2249 5658 2249 5654 2249 5660 2757 5661 2757 5654 2757 5659 1433 5660 1433 5654 1433 5661 1567 5662 1567 5654 1567 5663 3110 5657 3110 5656 3110 5662 2005 5664 2005 5654 2005 5664 2177 5665 2177 5654 2177 5666 1917 5658 1917 5657 1917 5667 1974 5666 1974 5657 1974 5668 1207 5667 1207 5657 1207 5669 2244 5659 2244 5658 2244 5670 1671 5671 1671 5662 1671 5667 1907 5669 1907 5666 1907 5667 1964 5659 1964 5669 1964 5671 2456 5664 2456 5662 2456 5672 2000 5659 2000 5667 2000 5671 2709 5673 2709 5664 2709 5659 1340 5670 1340 5660 1340 5659 1475 5671 1475 5670 1475 5674 2166 5665 2166 5664 2166 5675 2123 5674 2123 5664 2123 5676 213 5675 213 5664 213 5673 2152 5676 2152 5664 2152 5672 1936 5671 1936 5659 1936 5677 2622 5678 2622 5674 2622 5679 1861 5677 1861 5674 1861 5680 1953 5679 1953 5674 1953 5675 1959 5680 1959 5674 1959 5681 2473 5680 2473 5675 2473 5682 1678 5681 1678 5675 1678 5672 1793 5673 1793 5671 1793 5683 1789 5677 1789 5679 1789 5683 1832 5684 1832 5677 1832 5672 2322 5681 2322 5682 2322 5673 1862 5672 1862 5682 1862 5685 1863 5686 1863 5678 1863 5672 1673 5683 1673 5681 1673 5687 2205 5665 2205 5674 2205 5688 1630 5665 1630 5687 1630 5689 3333 5690 3333 5674 3333 5678 1269 5689 1269 5674 1269 5690 2238 5687 2238 5674 2238 5691 1235 5689 1235 5678 1235 5686 1127 5691 1127 5678 1127 5672 2292 5684 2292 5683 2292 5691 3001 5690 3001 5689 3001 5684 2782 5686 2782 5685 2782 5692 1187 5693 1187 5688 1187 5693 1277 5665 1277 5688 1277 5694 2234 5692 2234 5688 2234 5686 3009 5690 3009 5691 3009 5690 1102 5692 1102 5694 1102 5693 1188 5695 1188 5665 1188 5696 1100 5695 1100 5693 1100 5697 3102 5692 3102 5690 3102 5686 2317 5697 2317 5690 2317 5672 1994 5686 1994 5684 1994 5698 8 5699 8 5695 8 5699 3232 5665 3232 5695 3232 5665 2063 5700 2063 5701 2063 5702 3087 5700 3087 5665 3087 5703 2938 5704 2938 5665 2938 5704 182 5702 182 5665 182 5705 311 5703 311 5665 311 5699 2211 5705 2211 5665 2211 5697 1323 5696 1323 5693 1323 5706 1260 5704 1260 5703 1260 5696 1628 5699 1628 5698 1628 5704 2976 5700 2976 5702 2976 5699 1920 5706 1920 5705 1920 5699 1426 5704 1426 5706 1426 5707 2071 5701 2071 5700 2071 5704 2750 5708 2750 5700 2750 5686 2112 5699 2112 5696 2112 5697 1958 5686 1958 5696 1958 5700 3014 5709 3014 5707 3014 5710 1415 5709 1415 5700 1415 5708 2789 5710 2789 5700 2789 5711 2574 5708 2574 5704 2574 5712 1564 5713 1564 5709 1564 5713 2828 5707 2828 5709 2828 5707 2151 5714 2151 5701 2151 5715 2597 5714 2597 5707 2597 5716 1665 5715 1665 5707 1665 5713 2605 5716 2605 5707 2605 5699 1719 5711 1719 5704 1719 5717 2562 5714 2562 5715 2562 5708 5482 5712 5482 5710 5482 5714 1757 5718 1757 5701 1757 5708 5374 5713 5374 5712 5374 5717 3025 5719 3025 5714 3025 5708 5543 5717 5543 5713 5543 5711 2388 5717 2388 5708 2388 5719 78 5720 78 5714 78 5714 1819 5721 1819 5718 1819 5722 1675 5721 1675 5714 1675 5720 1828 5722 1828 5714 1828 5720 3155 5719 3155 5717 3155 5723 2001 5718 2001 5721 2001 5724 2174 5718 2174 5723 2174 5725 1837 5726 1837 5723 1837 5726 1484 5727 1484 5723 1484 5727 1912 5724 1912 5723 1912 5724 1723 5728 1723 5718 1723 5711 1991 5720 1991 5717 1991 5729 1273 5728 1273 5724 1273 5727 2355 5730 2355 5724 2355 5731 1531 5730 1531 5727 1531 5720 2407 5725 2407 5722 2407 5720 1921 5726 1921 5725 1921 5731 1807 5726 1807 5720 1807 5720 1893 5730 1893 5731 1893 5732 3312 5730 3312 5720 3312 5733 3144 5734 3144 5735 3144 5736 2960 5737 2960 5733 2960 5737 1602 5734 1602 5733 1602 5738 2636 5739 2636 5734 2636 5740 1985 5738 1985 5734 1985 5737 2029 5740 2029 5734 2029 5739 2657 5741 2657 5734 2657 5741 1730 5742 1730 5734 1730 5737 1376 5736 1376 5743 1376 5742 1987 5744 1987 5734 1987 5745 2614 5746 2614 5737 2614 5746 1982 5747 1982 5737 1982 5747 2461 5740 2461 5737 2461 5748 2386 5749 2386 5744 2386 5750 2667 5739 2667 5738 2667 5751 1091 5746 1091 5745 1091 5739 1914 5742 1914 5741 1914 5746 1852 5750 1852 5747 1852 5746 2361 5739 2361 5750 2361 5739 2905 5752 2905 5742 2905 5752 1147 5753 1147 5742 1147 5742 1477 5754 1477 5744 1477 5753 1353 5754 1353 5742 1353 5753 5618 5752 5618 5739 5618 5746 2247 5753 2247 5739 2247 5744 2276 5755 2276 5748 2276 5754 2801 5756 2801 5744 2801 5757 2832 5756 2832 5754 2832 5753 1963 5757 1963 5754 1963 5758 1889 5759 1889 5744 1889 5756 1603 5758 1603 5744 1603 5760 1645 5758 1645 5756 1645 5761 2686 5762 2686 5759 2686 5748 2345 5763 2345 5749 2345 5764 2232 5763 2232 5748 2232 5765 2550 5748 2550 5755 2550 5766 1143 5767 1143 5744 1143 5759 3058 5766 3058 5744 3058 5767 1539 5755 1539 5744 1539 5768 3053 5766 3053 5759 3053 5762 3072 5768 3072 5759 3072 5762 1565 5760 1565 5756 1565 5757 1581 5762 1581 5756 1581 5753 2716 5762 2716 5757 2716 5746 2104 5762 2104 5753 2104 5768 1192 5767 1192 5766 1192 5762 2213 5761 2213 5760 2213 5769 2441 5770 2441 5765 2441 5770 2188 5748 2188 5765 2188 5771 1775 5769 1775 5765 1775 5762 1256 5767 1256 5768 1256 5770 1908 5772 1908 5748 1908 5773 2890 5774 2890 5772 2890 5774 1802 5748 1802 5772 1802 5767 3376 5769 3376 5771 3376 5775 2311 5776 2311 5748 2311 5777 2401 5775 2401 5748 2401 5778 1452 5777 1452 5748 1452 5774 2305 5778 2305 5748 2305 5774 1859 5769 1859 5767 1859 5762 2410 5774 2410 5767 2410 5779 1901 5776 1901 5775 1901 5774 2375 5773 2375 5769 2375 5780 2023 5781 2023 5749 2023 5763 2315 5780 2315 5749 2315 5748 2646 5782 2646 5764 2646 5783 6 5784 6 5748 6 5776 5580 5783 5580 5748 5580 5784 1855 5782 1855 5748 1855 5776 2058 5778 2058 5774 2058 5785 3241 5784 3241 5783 3241 5776 3170 5779 3170 5778 3170 5786 2094 5787 2094 5764 2094 5776 251 5784 251 5785 251 5788 198 5780 198 5763 198 5787 2162 5763 2162 5764 2162 5774 2150 5784 2150 5776 2150 5789 1978 5780 1978 5788 1978 5784 165 5787 165 5786 165 5780 1952 5790 1952 5781 1952 5784 2222 5791 2222 5787 2222 5774 2026 5791 2026 5784 2026 5791 2626 5789 2626 5787 2626 5791 1842 5780 1842 5789 1842 5792 2109 5781 2109 5790 2109 5793 473 5792 473 5790 473 5794 3161 5793 3161 5790 3161 5795 1110 5794 1110 5790 1110 5796 2192 5795 2192 5790 2192 5797 2080 5796 2080 5790 2080 5791 2110 5798 2110 5780 2110 5799 1929 5800 1929 5794 1929 5800 2479 5793 2479 5794 2479 5791 2555 5797 2555 5798 2555 5792 2242 5801 2242 5781 2242 5797 3203 5799 3203 5796 3203 5797 3082 5800 3082 5799 3082 5802 1582 5803 1582 5801 1582 5792 2664 5802 2664 5801 2664 5804 3020 5802 3020 5792 3020 5805 2147 5804 2147 5792 2147 5797 219 5805 219 5800 219 5806 2880 5807 2880 5802 2880 5807 1255 5808 1255 5802 1255 5808 1530 5803 1530 5802 1530 5809 3321 5810 3321 5803 3321 5808 2405 5811 2405 5803 2405 5810 2073 5801 2073 5803 2073 5806 3489 5804 3489 5805 3489 5812 1258 5805 1258 5797 1258 5791 2788 5812 2788 5797 2788 5813 1510 5811 1510 5808 1510 5813 3322 5807 3322 5806 3322 5812 1266 5813 1266 5806 1266 5805 1246 5812 1246 5806 1246 5812 1084 5811 1084 5813 1084 5814 1320 5815 1320 5816 1320 5814 2781 5817 2781 5815 2781 5814 1326 5818 1326 5817 1326 5819 1473 5820 1473 5814 1473 5820 1249 5818 1249 5814 1249 5819 2900 5821 2900 5820 2900 5819 2933 5822 2933 5821 2933 5823 2974 5822 2974 5819 2974 5824 3772 5825 3772 5826 3772 5827 3787 5825 3787 5824 3787 5827 3856 5828 3856 5825 3856 5828 5135 5829 5135 5825 5135 5830 4878 5829 4878 5828 4878 5831 5105 5832 5105 5829 5105 5833 4962 5831 4962 5829 4962 5830 4035 5833 4035 5829 4035 5834 3505 5832 3505 5831 3505 5835 3018 5836 3018 5837 3018 5835 2985 5838 2985 5836 2985 5839 2993 5840 2993 5835 2993 5840 1279 5841 1279 5835 1279 5841 3003 5838 3003 5835 3003 5839 3015 5842 3015 5840 3015 5843 3008 5844 3008 5839 3008 5844 3005 5842 3005 5839 3005 5845 3498 5846 3498 5847 3498 5848 3513 5846 3513 5845 3513 5848 3504 5849 3504 5846 3504 5849 3701 5850 3701 5846 3701 5851 3490 5850 3490 5849 3490 5852 3531 5850 3531 5851 3531 5853 3521 5854 3521 5850 3521 5852 3540 5853 3540 5850 3540 5855 2061 5856 2061 5857 2061 5858 1561 5855 1561 5857 1561 5855 2916 5859 2916 5856 2916 5859 2568 5860 2568 5856 2568 5861 2015 5862 2015 5858 2015 5862 2759 5863 2759 5858 2759 5863 1136 5855 1136 5858 1136 5859 3118 5864 3118 5860 3118 5864 1762 5865 1762 5860 1762 5866 2337 5867 2337 5865 2337 5864 1507 5866 1507 5865 1507 5868 2002 5869 2002 5867 2002 5866 2999 5870 2999 5867 2999 5870 1693 5868 1693 5867 1693 5861 1731 5871 1731 5862 1731 5872 1643 5869 1643 5868 1643 5873 2452 5874 2452 5871 2452 5861 2283 5875 2283 5871 2283 5875 1747 5873 1747 5871 1747 5874 1931 5876 1931 5871 1931 5876 2012 5877 2012 5871 2012 5877 1826 5878 1826 5871 1826 5879 2357 5880 2357 5872 2357 5880 1437 5869 1437 5872 1437 5877 2025 5881 2025 5878 2025 5881 2939 5882 2939 5878 2939 5883 2995 5884 2995 5879 2995 5884 2031 5880 2031 5879 2031 5885 1378 5886 1378 5883 1378 5887 2804 5885 2804 5883 2804 5888 1181 5887 1181 5883 1181 5886 2604 5889 2604 5883 2604 5889 2214 5884 2214 5883 2214 5881 2889 5890 2889 5882 2889 5891 2637 5887 2637 5888 2637 5892 2763 5891 2763 5888 2763 5881 3063 5893 3063 5890 3063 5894 2925 5895 2925 5892 2925 5895 1486 5896 1486 5892 1486 5896 2016 5891 2016 5892 2016 5897 2679 5894 2679 5892 2679 5893 1115 5897 1115 5892 1115 5881 1135 5897 1135 5893 1135 5898 1506 5899 1506 5877 1506 5900 2294 5901 2294 5877 2294 5901 1212 5898 1212 5877 1212 5899 2875 5902 2875 5877 2875 5902 2089 5881 2089 5877 2089 5903 3169 5884 3169 5904 3169 5905 1206 5884 1206 5903 1206 5906 1556 5884 1556 5905 1556 5907 1421 5884 1421 5906 1421 5884 2666 5908 2666 5880 2666 5909 2442 5884 2442 5907 2442 5910 1557 5884 1557 5909 1557 5884 1716 5911 1716 5908 1716 5912 2470 5884 2470 5910 2470 5913 2833 5884 2833 5912 2833 5884 1589 5914 1589 5911 1589 5884 1449 5913 1449 5914 1449 5902 1911 5915 1911 5881 1911 5916 1259 5917 1259 5915 1259 5917 2308 5918 2308 5915 2308 5902 2947 5916 2947 5915 2947 5917 1588 5919 1588 5918 1588 5917 1481 5920 1481 5919 1481 5917 2816 5921 2816 5920 2816 5917 2559 5922 2559 5921 2559 5922 1492 5923 1492 5921 1492 5923 1997 5924 1997 5921 1997 5900 1076 5925 1076 5901 1076 5900 3248 5926 3248 5925 3248 5900 1866 5927 1866 5926 1866 5900 2672 5928 2672 5927 2672 5900 2024 5929 2024 5928 2024 5929 2390 5930 2390 5928 2390 5930 1853 5931 1853 5928 1853 5932 1536 5924 1536 5923 1536 5931 2464 5933 2464 5928 2464 5933 1710 5934 1710 5928 1710 5934 2711 5935 2711 5928 2711 5936 2965 5924 2965 5932 2965 5937 1254 5938 1254 5935 1254 5934 2157 5937 2157 5935 2157 5939 1466 5940 1466 5936 1466 5940 2009 5941 2009 5936 2009 5941 2678 5942 2678 5936 2678 5943 1229 5924 1229 5936 1229 5942 2748 5944 2748 5936 2748 5944 2907 5945 2907 5936 2907 5945 1250 5943 1250 5936 1250 5937 2968 5946 2968 5938 2968 5947 2066 5940 2066 5939 2066 5948 2669 5949 2669 5946 2669 5950 2541 5948 2541 5946 2541 5937 1435 5951 1435 5946 1435 5951 2280 5950 2280 5946 2280 5946 1329 5947 1329 5939 1329 5949 1648 5947 1648 5946 1648 5952 5371 5953 5371 5954 5371 5955 5184 5953 5184 5952 5184 5955 4910 5956 4910 5953 4910 5956 5322 5957 5322 5953 5322 5958 3663 5957 3663 5956 3663 5959 5172 5957 5172 5958 5172 5960 5366 5961 5366 5957 5366 5959 5168 5960 5168 5957 5168 5962 1209 5963 1209 5964 1209 5962 1228 5965 1228 5963 1228 5966 2800 5965 2800 5962 2800 5967 2676 5965 2676 5966 2676 5968 2766 5967 2766 5966 2766 5969 2554 5968 2554 5966 2554 5970 2095 5968 2095 5969 2095 5971 2775 5970 2775 5969 2775 5972 2864 5970 2864 5971 2864 5973 1830 5972 1830 5971 1830 5973 1208 5974 1208 5972 1208 5975 1114 5976 1114 5977 1114 5975 3126 5978 3126 5976 3126 5979 2869 5980 2869 5981 2869 5979 2395 5982 2395 5980 2395 5979 2703 5983 2703 5982 2703 5983 1587 5984 1587 5982 1587 5984 2577 5985 2577 5982 2577 5986 1813 5987 1813 5985 1813 5988 1364 5986 1364 5985 1364 5984 2846 5989 2846 5985 2846 5989 1412 5988 1412 5985 1412 5987 1370 5986 1370 5990 1370 5991 3449 5992 3449 5993 3449 5991 3468 5994 3468 5992 3468 5994 3095 5995 3095 5992 3095 5996 1854 5995 1854 5994 1854 5997 2339 5998 2339 5994 2339 5998 1476 5999 1476 5994 1476 5999 1851 5996 1851 5994 1851 6000 1591 5998 1591 5997 1591 5999 3143 6001 3143 5996 3143 6001 1157 6002 1157 5996 1157 6002 1171 6003 1171 5996 1171 6003 1712 6004 1712 5996 1712 6005 2241 5998 2241 6000 2241 6006 2054 5998 2054 6005 2054 6007 1996 6008 1996 6006 1996 6008 2808 5998 2808 6006 2808 6009 1032 6004 1032 6003 1032 6010 2906 6004 2906 6009 2906 6007 3111 6011 3111 6008 3111 6012 3054 6004 3054 6010 3054 6013 1344 6004 1344 6012 1344 6007 1125 6014 1125 6011 1125 6015 1925 6004 1925 6013 1925 6016 2733 6017 2733 6013 2733 6017 2821 6018 2821 6013 2821 6018 1884 6015 1884 6013 1884 6019 1498 6016 1498 6013 1498 6007 3131 6020 3131 6014 3131 6021 3040 6016 3040 6019 3040 6007 1251 6022 1251 6020 1251 6022 1226 6016 1226 6021 1226 6007 2125 6023 2125 6022 2125 6024 1062 6025 1062 6022 1062 6025 2762 6026 2762 6022 2762 6027 3013 6028 3013 6022 3013 6023 1820 6029 1820 6022 1820 6029 3615 6024 3615 6022 3615 6026 1420 6030 1420 6022 1420 6028 1571 6016 1571 6022 1571 6031 1190 6032 1190 6022 1190 6030 1417 6031 1417 6022 1417 6032 2618 6027 2618 6022 2618 6015 1685 6033 1685 6004 1685 6015 2954 6034 2954 6033 2954 6034 1570 6035 1570 6033 1570 6035 2930 6036 2930 6033 2930 6035 2613 6037 2613 6036 2613 6018 1030 6038 1030 6015 1030 6038 3195 6039 3195 6015 3195 6039 1594 6040 1594 6015 1594 6039 1776 6041 1776 6040 1776 6039 2318 6042 2318 6041 2318 6043 1535 6044 1535 6032 1535 6045 3164 6043 3164 6032 3164 6044 2700 6027 2700 6032 2700 6046 1312 6043 1312 6045 1312 6047 3254 6043 3254 6046 3254 6048 2122 6049 2122 6042 2122 6039 1366 6048 1366 6042 1366 6050 3159 6043 3159 6047 3159 6051 3038 6043 3038 6050 3038 6052 3175 6016 3175 6028 3175 6053 2254 6016 2254 6052 2254 6054 2624 6055 2624 6051 2624 6055 2474 6056 2474 6051 2474 6056 3124 6043 3124 6051 3124 6057 1315 6053 1315 6052 1315 6048 1656 6058 1656 6049 1656 6059 5455 6060 5455 6049 5455 6058 1338 6061 1338 6049 1338 6061 2616 6059 2616 6049 2616 6062 2967 6053 2967 6057 2967 6063 2594 6055 2594 6054 2594 6023 3096 6064 3096 6029 3096 6065 3146 6055 3146 6063 3146 6023 1900 6065 1900 6063 1900 6066 3129 6023 3129 6063 3129 6023 1053 6066 1053 6064 1053 6067 2707 6068 2707 6062 2707 6068 3210 6069 3210 6062 3210 6069 2893 6070 2893 6062 2893 6070 3080 6053 3080 6062 3080 6071 2641 6068 2641 6067 2641 6072 2644 6068 2644 6071 2644 6073 1169 6072 1169 6071 1169 6074 3422 6073 3422 6071 3422 6065 2920 6074 2920 6071 2920 6023 1511 6074 1511 6065 1511 6075 6540 6076 6540 6061 6540 6076 30 6059 30 6061 30 6077 1039 6078 1039 6061 1039 6078 46 6075 46 6061 46 6068 3083 6079 3083 6077 3083 6079 1194 6078 1194 6077 1194 6072 6466 6080 6466 6068 6466 6080 17 6079 17 6068 17 6081 50 6023 50 6060 50 6023 3219 6082 3219 6074 3219 6083 3137 6023 3137 6081 3137 6023 3056 6083 3056 6082 3056 6084 194 6085 194 6086 194 6087 2736 6085 2736 6084 2736 6087 1104 6088 1104 6085 1104 6087 1281 6089 1281 6088 1281 6090 1368 6089 1368 6087 1368 6090 2471 6091 2471 6089 2471 6091 2340 6092 2340 6089 2340 6093 1799 6092 1799 6091 1799 6094 1725 6092 1725 6093 1725 6095 1593 6096 1593 6092 1593 6094 1361 6095 1361 6092 1361 6097 1295 6096 1295 6095 1295 6098 3088 6099 3088 6100 3088 6098 2814 6101 2814 6099 2814 6102 1350 6101 1350 6098 1350 6103 1331 6101 1331 6102 1331 6103 1454 6104 1454 6101 1454 6105 2714 6104 2714 6103 2714 6106 1348 6104 1348 6105 1348 6107 1347 6104 1347 6106 1347 6107 1239 6108 1239 6104 1239 6109 1038 6110 1038 6107 1038 6110 1253 6108 1253 6107 1253 6109 37 6111 37 6110 37 6112 168 6113 168 6114 168 6115 3043 6113 3043 6112 3043 6116 1590 6113 1590 6115 1590 6117 1547 6113 1547 6116 1547 6118 2567 6113 2567 6117 2567 6119 1934 6113 1934 6118 1934 6120 1815 6113 1815 6119 1815 6121 1808 6113 1808 6120 1808 6122 1937 6121 1937 6120 1937 6123 2602 6124 2602 6122 2602 6124 1729 6125 1729 6122 1729 6125 1981 6121 1981 6122 1981 6126 2325 6127 2325 6123 2325 6127 2076 6128 2076 6123 2076 6128 2246 6124 2246 6123 2246 6129 2048 6130 2048 6126 2048 6130 2348 6131 2348 6126 2348 6131 1553 6132 1553 6126 1553 6132 2583 6133 2583 6126 2583 6133 2424 6134 2424 6126 2424 6134 1915 6135 1915 6126 1915 6135 2522 6127 2522 6126 2522 6136 2032 6130 2032 6129 2032 6137 1708 6138 1708 6129 1708 6138 1794 6139 1794 6129 1794 6139 1942 6140 1942 6129 1942 6140 1761 6141 1761 6129 1761 6141 1864 6142 1864 6129 1864 6142 2453 6136 2453 6129 2453 6143 1695 6144 1695 6137 1695 6144 2449 6145 2449 6137 2449 6145 2645 6138 2645 6137 2645 6146 1493 6144 1493 6143 1493 6147 2542 6146 2542 6143 2542 6148 2702 6146 2702 6147 2702 6149 1595 6146 1595 6148 1595 6146 2749 6150 2749 6151 2749 6152 2776 6146 2776 6149 2776 6146 1294 6152 1294 6150 1294 6153 1984 6154 1984 6155 1984 6156 2117 6153 2117 6155 2117 6157 2970 6153 2970 6156 2970 6158 1314 6153 1314 6157 1314 6159 2943 6153 2943 6158 2943 6160 2792 6153 2792 6159 2792 6161 2099 6162 2099 6159 2099 6162 3075 6163 3075 6159 3075 6163 1299 6160 1299 6159 1299 6153 1111 6164 1111 6154 1111 6164 3100 6165 3100 6154 3100 6165 2638 6166 2638 6154 2638 6165 1560 6167 1560 6166 1560 6165 2418 6168 2418 6167 2418 6165 2590 6169 2590 6168 2590 6165 2578 6170 2578 6169 2578 6171 2281 6172 2281 6170 2281 6173 1316 6171 1316 6170 1316 6165 2860 6173 2860 6170 2860 6174 1999 6172 1999 6171 1999 6175 2148 6172 2148 6174 2148 6176 2199 6172 2199 6175 2199 6177 2201 6176 2201 6175 2201 6161 1201 6178 1201 6162 1201 6179 2130 6176 2130 6177 2130 6180 2285 6179 2285 6177 2285 6181 1967 6180 1967 6177 1967 6161 3065 6182 3065 6178 3065 6183 2465 6184 2465 6177 2465 6184 2262 6181 2262 6177 2262 6185 3361 6184 3361 6183 3361 6161 3094 6186 3094 6182 3094 6187 1075 6184 1075 6185 1075 6161 1141 6188 1141 6186 1141 6189 2256 6184 2256 6187 2256 6188 1781 6189 1781 6187 1781 6190 1343 6191 1343 6188 1343 6161 2417 6192 2417 6188 2417 6192 2850 6190 2850 6188 2850 6193 2858 6194 2858 6188 2858 6194 2926 6189 2926 6188 2926 6191 1540 6195 1540 6188 1540 6195 2056 6193 2056 6188 2056 6196 2189 6197 2189 6195 2189 6197 16 6198 16 6195 16 6198 3152 6199 3152 6195 3152 6199 1270 6200 1270 6195 1270 6200 2296 6201 2296 6195 2296 6201 1891 6193 1891 6195 1891 6196 3122 6202 3122 6197 3122 6196 1153 6203 1153 6202 1153 6196 1026 6204 1026 6203 1026 6196 1264 6205 1264 6204 1264 6196 5373 6206 5373 6205 5373 6196 984 6207 984 6206 984 6196 3487 6208 3487 6207 3487 6209 2937 6210 2937 6208 2937 6196 2980 6209 2980 6208 2980 6209 1257 6211 1257 6210 1257 6209 2208 6212 2208 6211 2208 6213 2805 6214 2805 6209 2805 6215 3393 6213 3393 6209 3393 6214 2190 6212 2190 6209 2190 6216 44 6213 44 6215 44 6217 2919 6213 2919 6216 2919 6218 4217 6217 4217 6216 4217 6219 3099 6217 3099 6218 3099 6220 2028 6221 2028 6218 2028 6221 1067 6219 1067 6218 1067 6222 1706 6223 1706 6220 1706 6224 2532 6222 2532 6220 2532 6223 1448 6221 1448 6220 1448 6225 1554 6222 1554 6224 1554 6226 2699 6222 2699 6225 2699 6227 2376 6222 2376 6226 2376 6228 2499 6229 2499 6227 2499 6229 2683 6222 2683 6227 2683 6230 2116 6229 2116 6228 2116 6231 2078 6232 2078 6230 2078 6232 1950 6233 1950 6230 1950 6233 2304 6229 2304 6230 2304 6234 2047 6212 2047 6214 2047 6235 2231 6236 2231 6234 2231 6236 2196 6237 2196 6234 2196 6237 2215 6212 2215 6234 2215 6238 2128 6239 2128 6234 2128 6239 1927 6235 1927 6234 1927 6240 2813 6238 2813 6234 2813 6241 1626 6238 1626 6240 1626 6242 2323 6238 2323 6241 2323 6231 2392 6243 2392 6232 2392 6231 1809 6244 1809 6243 1809 6245 1150 6242 1150 6241 1150 6246 2867 6247 2867 6243 2867 6244 1752 6246 1752 6243 1752 6246 2358 6248 2358 6247 2358 6249 1690 6242 1690 6245 1690 6247 2809 6249 2809 6245 2809 6248 2391 6249 2391 6247 2391 6250 645 6251 645 6252 645 6253 1718 6251 1718 6250 1718 6254 1641 6251 1641 6253 1641 6255 1580 6251 1580 6254 1580 6256 2496 6251 2496 6255 2496 6257 2207 6251 2207 6256 2207 6258 2426 6251 2426 6257 2426 6259 2423 6251 2423 6258 2423 6260 1909 6259 1909 6258 1909 6261 1681 6262 1681 6260 1681 6262 1806 6263 1806 6260 1806 6263 1919 6259 1919 6260 1919 6264 2329 6265 2329 6261 2329 6265 1833 6266 1833 6261 1833 6266 2068 6262 2068 6261 2068 6267 2033 6268 2033 6264 2033 6268 1876 6269 1876 6264 1876 6269 2491 6270 2491 6264 2491 6270 1742 6271 1742 6264 1742 6271 1918 6272 1918 6264 1918 6272 2571 6265 2571 6264 2571 6273 1737 6274 1737 6267 1737 6275 1850 6276 1850 6267 1850 6276 1857 6277 1857 6267 1857 6277 2575 6273 2575 6267 2575 6274 1949 6278 1949 6267 1949 6278 1888 6279 1888 6267 1888 6279 2057 6268 2057 6267 2057 6280 2899 6281 2899 6275 2899 6281 2172 6282 2172 6275 2172 6282 1662 6276 1662 6275 1662 6283 2704 6281 2704 6280 2704 6284 2019 6283 2019 6280 2019 6285 1375 6283 1375 6284 1375 6286 1637 6283 1637 6285 1637 6283 2692 6287 2692 6288 2692 6289 2682 6283 2682 6286 2682 6283 2632 6289 2632 6287 2632</p>
        </triangles>
      </mesh>
    </geometry>
  </library_geometries>
  <library_visual_scenes>
    <visual_scene id="Scene" name="Scene">
      <node id="Object" name="Object" type="NODE">
        <instance_geometry url="#geometry">
          <bind_material>
            <technique_common>
              <instance_material symbol="MATERIAL" target="#mat" />
            </technique_common>
          </bind_material>
        </instance_geometry>
      </node>
    </visual_scene>
  </library_visual_scenes>
  <scene>
    <instance_visual_scene url="#Scene" />
  </scene>
</COLLADA>