<?xml version='1.0' encoding='utf-8'?>
<COLLADA xmlns="http://www.collada.org/2005/11/COLLADASchema" version="1.4.1">
  <asset>
    <contributor>
      <authoring_tool>RM27 reviewed Blender visual export</authoring_tool>
    </contributor>
    <created>2026-10-07T00:00:00Z</created>
    <modified>2026-10-07T00:00:00Z</modified>
    <unit name="meter" meter="1" />
    <up_axis>Z_UP</up_axis>
  </asset>
  <library_effects>
    <effect id="fx">
      <profile_COMMON>
        <technique sid="common">
          <phong>
            <emission>
              <color>0 0 0 1</color>
            </emission>
            <ambient>
              <color>0 0 1 1</color>
            </ambient>
            <diffuse>
              <color>0 0 1 1</color>
            </diffuse>
            <specular>
              <color>0.08 0.08 0.08 1</color>
            </specular>
            <shininess>
              <float>12</float>
            </shininess>
          </phong>
        </technique>
      </profile_COMMON>
    </effect>
  </library_effects>
  <library_materials>
    <material id="mat" name="source_color">
      <instance_effect url="#fx" />
    </material>
  </library_materials>
  <library_geometries>
    <geometry id="geometry" name="geometry">
      <mesh>
        <source id="positions">
          <float_array id="positions-array" count="18087">-3.20396900177 -2.06804990768 -1.00225305557 -3.20669388771 -2.0766749382 -1.00238895416 -3.20542263985 -2.07667803764 -1.00248861313 -3.20747303963 -2.07650208473 -1.00232195854 -3.20434308052 -2.07636094093 -1.00255894661 -3.20820999146 -2.07619810104 -1.00225198269 -3.20363497734 -2.07598996162 -1.00259900093 -3.20888209343 -2.0757689476 -1.00218296051 -3.20300102234 -2.07550191879 -1.00262904167 -3.20947003365 -2.07522892952 -1.00211596489 -3.20246100426 -2.07491207123 -1.00264704227 -3.21013450623 -2.07431960106 -1.00202679634 -3.20203089714 -2.07423591614 -1.00265300274 -3.20172405243 -2.07349705696 -1.00264704227 -3.21056103706 -2.07312393188 -1.00194597244 -3.20155000687 -2.0727159977 -1.00262904167 -3.21066403389 -2.07233095169 -1.00190603733 -3.20151400566 -2.07191610336 -1.00259900093 -3.21062803268 -2.07153201103 -1.00187599659 -3.20270800591 -2.06901788712 -1.00239002705 -3.20329594612 -2.06847906113 -1.00232195854 -3.20161700249 -2.07112407684 -1.00255894661 -3.2018558979 -2.07036089897 -1.00250995159 -3.20222401619 -2.06965208054 -1.00245296955 -3.21045398712 -2.07075095177 -1.00185799599 -3.20917701721 -2.06874489784 -1.00187599659 -3.20971798897 -2.0693359375 -1.00185799599 -3.21014690399 -2.0700109005 -1.00185203552 -3.20675563812 -2.06756997108 -1.00201630592 -3.20783495903 -2.06788706779 -1.00194597244 -3.20854306221 -2.06825709343 -1.00190603733 -3.2047059536 -2.06774497032 -1.00218296051 -3.20548391342 -2.06757307053 -1.00211596489 -3.206127882 -2.07658696175 -1.00544095039 -3.20533704758 -2.07648205757 -1.00549805164 -3.20692610741 -2.07655405998 -1.00537800789 -3.2045750618 -2.07624006271 -1.00554800034 -3.2077050209 -2.07638192177 -1.00531101227 -3.20844101906 -2.07607698441 -1.00524103642 -3.20386695862 -2.07587003708 -1.00558805466 -3.20911407471 -2.07564806938 -1.00517201424 -3.20323300362 -2.07538199425 -1.00561702251 -3.20970201492 -2.07510900497 -1.00510394573 -3.20269298553 -2.07479095459 -1.00563502312 -3.21018695831 -2.07447504997 -1.00504100323 -3.20226311684 -2.07411599159 -1.00564098358 -3.21055388451 -2.07376599312 -1.00498402119 -3.20195603371 -2.07337594032 -1.00563502312 -3.21079301834 -2.07300305367 -1.00493395329 -3.20178198814 -2.07259488106 -1.00561702251 -3.21089601517 -2.07221007347 -1.00489401817 -3.20174598694 -2.0717959404 -1.00558805466 -3.21086001396 -2.07141089439 -1.00486505032 -3.20184898376 -2.07100296021 -1.00554800034 -3.2106859684 -2.07063007355 -1.00484704971 -3.2020881176 -2.07024002075 -1.00549805164 -3.21037888527 -2.06989002228 -1.00484097004 -3.20245504379 -2.0695309639 -1.00544095039 -3.20994901657 -2.06921505928 -1.00484704971 -3.20293998718 -2.0688970089 -1.00537800789 -3.20940899849 -2.0686249733 -1.00486505032 -3.2035279274 -2.06835794449 -1.00531101227 -3.20877504349 -2.06813693047 -1.00489401817 -3.20420002937 -2.06792902946 -1.00524103642 -3.20806694031 -2.06776595116 -1.00493502617 -3.2049369812 -2.0676240921 -1.00517201424 -3.20730495453 -2.0675239563 -1.00498402119 -3.2057158947 -2.06745195389 -1.00510394573 -3.20651388168 -2.06741905212 -1.00504100323 -3.22189211845 -2.07770395279 -1.1862552166 -3.22483611107 -2.08040904999 -1.18613600731 -3.22593975067 -2.08051085472 -1.18605422974 -3.22689795494 -2.08032202721 -1.18597304821 -3.224173069 -2.08019804955 -1.18617904186 -3.22754001617 -2.08005595207 -1.18591201305 -3.22355604172 -2.07987499237 -1.18621397018 -3.22812604904 -2.07968211174 -1.1858509779 -3.22300291061 -2.07944989204 -1.18623995781 -3.22863793373 -2.07921290398 -1.18579304218 -3.22253298759 -2.07893610001 -1.18625497818 -3.22927451134 -2.07830786705 -1.18570697308 -3.22215890884 -2.07834792137 -1.18626105785 -3.22958803177 -2.07737898827 -1.18564498425 -3.22967791557 -2.07668805122 -1.18561005592 -3.22170805931 -2.07632708549 -1.18621397018 -3.2217400074 -2.07702302933 -1.18623995781 -3.22958397865 -2.07558202744 -1.18557262421 -3.22200608253 -2.07497310638 -1.18613600731 -3.22179794312 -2.07563710213 -1.18617904186 -3.22325992584 -2.07333302498 -1.18597304821 -3.22274899483 -2.073802948 -1.18603098392 -3.22232604027 -2.07435488701 -1.18608605862 -3.22516703606 -2.0725440979 -1.18579304218 -3.22448801994 -2.07269406319 -1.18585205078 -3.22384595871 -2.0729598999 -1.18591201305 -3.22721409798 -2.07281804085 -1.18564498425 -3.22655010223 -2.07260704041 -1.1856880188 -3.22586107254 -2.07251501083 -1.18573796749 -3.22885298729 -2.07407999039 -1.18556904793 -3.22838306427 -2.07356500626 -1.18558502197 -3.22783088684 -2.07313990593 -1.18561005592 -3.22922801971 -2.0746679306 -1.18556296825 -3.22460389137 -2.08052897453 -1.18314802647 -3.22529292107 -2.0806210041 -1.18309795856 -3.22598791122 -2.08059191704 -1.18304300308 -3.22666692734 -2.08044195175 -1.18298399448 -3.22394108772 -2.08031892776 -1.18318998814 -3.2273080349 -2.08017706871 -1.18292295933 -3.22332310677 -2.07999610901 -1.18322503567 -3.22789406776 -2.07980298996 -1.18286299706 -3.22277092934 -2.07957100868 -1.18325102329 -3.22840595245 -2.07933306694 -1.18280398846 -3.22230100632 -2.07905602455 -1.18326699734 -3.22882795334 -2.07878088951 -1.18274903297 -3.22192692757 -2.07846808434 -1.18327200413 -3.22914791107 -2.07816410065 -1.18269896507 -3.22165989876 -2.07782411575 -1.18326699734 -3.22935605049 -2.0775001049 -1.18265604973 -3.22150802612 -2.07714390755 -1.18325102329 -3.2294459343 -2.07680892944 -1.1826210022 -3.22147703171 -2.07644796371 -1.18322503567 -3.22941398621 -2.07611298561 -1.18259596825 -3.22156596184 -2.07575702667 -1.18319094181 -3.22926306725 -2.07543301582 -1.1825799942 -3.22177410126 -2.07509303093 -1.18314802647 -3.22899603844 -2.07478904724 -1.18257498741 -3.22209405899 -2.07447600365 -1.18309795856 -3.22862100601 -2.07419991493 -1.1825799942 -3.22251701355 -2.07392406464 -1.18304300308 -3.22815108299 -2.07368588448 -1.18259596825 -3.22302794456 -2.0734539032 -1.18298399448 -3.22759890556 -2.07326102257 -1.18262195587 -3.22361397743 -2.07308101654 -1.18292403221 -3.2269821167 -2.07293796539 -1.18265604973 -3.22425603867 -2.07281494141 -1.18286299706 -3.22631788254 -2.07272791862 -1.18269896507 -3.22493505478 -2.07266497612 -1.18280398846 -3.22562909126 -2.07263588905 -1.18274903297 -3.21673202515 -2.05079603195 -1.18556880951 -3.21271491051 -2.05712389946 -1.18613600731 -3.21340489388 -2.05721592903 -1.18608701229 -3.21409893036 -2.05718708038 -1.18603205681 -3.21477794647 -2.0570371151 -1.18597304821 -3.21205210686 -2.05691409111 -1.18617999554 -3.21541905403 -2.05677199364 -1.18591201305 -3.21143507957 -2.05659103394 -1.18621397018 -3.2160050869 -2.05639791489 -1.18585205078 -3.21088290215 -2.05616593361 -1.18623995781 -3.21651697159 -2.05592799187 -1.18579304218 -3.21041202545 -2.05565190315 -1.18625605106 -3.21693897247 -2.05537605286 -1.18573796749 -3.2100379467 -2.05506300926 -1.18626105785 -3.21725893021 -2.05475902557 -1.1856880188 -3.20977091789 -2.05441904068 -1.18625605106 -3.21746706963 -2.05409502983 -1.18564605713 -3.20961904526 -2.05373907089 -1.18623995781 -3.21755695343 -2.05340409279 -1.18561005592 -3.20959663391 -2.0527586937 -1.18620216846 -3.21746301651 -2.052298069 -1.18557322025 -3.20988488197 -2.05168795586 -1.18613696098 -3.21113991737 -2.05004906654 -1.18597304821 -3.21062803268 -2.05051898956 -1.18603205681 -3.2102060318 -2.05107092857 -1.18608701229 -3.21304607391 -2.04925990105 -1.18579304218 -3.21197891235 -2.04954004288 -1.18588769436 -3.21509289742 -2.04953408241 -1.18564605713 -3.21443009377 -2.04932308197 -1.1856880188 -3.2137401104 -2.0492310524 -1.18573796749 -3.21626210213 -2.05028104782 -1.18558502197 -3.2157099247 -2.04985594749 -1.1856110096 -3.21710705757 -2.05138397217 -1.18556404114 -3.21248292923 -2.0572450161 -1.18314802647 -3.2131729126 -2.05733704567 -1.18309795856 -3.21386694908 -2.0573079586 -1.18304300308 -3.21454596519 -2.05715799332 -1.18298399448 -3.21181988716 -2.05703401566 -1.18319094181 -3.21518802643 -2.05689191818 -1.18292403221 -3.2112030983 -2.05671191216 -1.18322598934 -3.21577310562 -2.05651903152 -1.18286299706 -3.21065092087 -2.05628705025 -1.18325102329 -3.21628499031 -2.05604910851 -1.18280494213 -3.21018004417 -2.05577206612 -1.18326699734 -3.2167069912 -2.05549693108 -1.18274998665 -3.20980596542 -2.05518388748 -1.18327200413 -3.21702694893 -2.05487990379 -1.18270003796 -3.20953893661 -2.0545399189 -1.18326699734 -3.21723508835 -2.05421495438 -1.1826570034 -3.20938706398 -2.05385994911 -1.18325102329 -3.21732497215 -2.05352497101 -1.18262195587 -3.20935606956 -2.05316400528 -1.18322598934 -3.21729302406 -2.05282902718 -1.18259596825 -3.20944595337 -2.05247306824 -1.18319094181 -3.2171421051 -2.05214905739 -1.18258094788 -3.20965409279 -2.05180907249 -1.18314802647 -3.21687507629 -2.05150389671 -1.18257498741 -3.20997405052 -2.05119204521 -1.18309795856 -3.21650099754 -2.0509159565 -1.18258094788 -3.21039605141 -2.0506401062 -1.18304300308 -3.21602988243 -2.05040192604 -1.18259596825 -3.2109079361 -2.05016994476 -1.18298494816 -3.21547794342 -2.04997706413 -1.18262195587 -3.21149301529 -2.04979610443 -1.18292403221 -3.21486091614 -2.04965400696 -1.1826570034 -3.21213507652 -2.04953098297 -1.18286395073 -3.21419811249 -2.04944396019 -1.18270003796 -3.21281409264 -2.04938101768 -1.18280494213 -3.2135078907 -2.04935193062 -1.18274998665 3.21277809143 5.36632680893 -1.00225305557 3.21353292465 5.36606884003 -1.00218296051 3.21432089806 5.36594676971 -1.00211596489 3.21511888504 5.36596298218 -1.0020519495 3.21635389328 5.36625909805 -1.00196397305 3.21733093262 5.3668217659 -1.00190603733 3.21793293953 5.3673491478 -1.00187599659 3.21093606949 5.36781597137 -1.00245296955 3.21180891991 5.36689090729 -1.00235021114 3.21843504906 5.36797189713 -1.00185799599 3.21052503586 5.36850118637 -1.00250995159 3.21882200241 5.36867284775 -1.00185203552 3.21023893356 5.36924695969 -1.00255894661 3.21908092499 5.36943101883 -1.00185799599 3.21008610725 5.37003183365 -1.00259900093 3.21920609474 5.37022209167 -1.00187599659 3.21007108688 5.3708319664 -1.00262904167 3.21919107437 5.37102079391 -1.00190603733 3.21019601822 5.37162208557 -1.00264704227 3.21134400368 5.3737039566 -1.00262904167 3.21084189415 5.37308120728 -1.00264704227 3.2104549408 5.37237977982 -1.00265300274 3.21292114258 5.37479305267 -1.00254106522 3.21194601059 5.37423086166 -1.00259900093 3.21574401855 5.37498378754 -1.00232195854 3.21495604515 5.37510585785 -1.00238895416 3.21415805817 5.37509012222 -1.00245296955 3.2178170681 5.37383890152 -1.00211596489 3.21719694138 5.37434005737 -1.00218296051 3.21649909019 5.37472581863 -1.00225198269 3.21903896332 5.37180614471 -1.00194597244 3.21875190735 5.37255191803 -1.00199496746 3.21834111214 5.37323713303 -1.0020519495 3.21377205849 5.36596298218 -1.00517201424 3.21456003189 5.36584091187 -1.00510394573 3.21535801888 5.36585712433 -1.00504100323 3.21614098549 5.36601305008 -1.00498402119 3.21301794052 5.36622095108 -1.00524103642 3.21688604355 5.3663020134 -1.00493502617 3.21231889725 5.36660718918 -1.00531101227 3.21757006645 5.36671590805 -1.00489401817 3.21169900894 5.36710882187 -1.00537800789 3.21817207336 5.36724281311 -1.00486505032 3.2111749649 5.36771011353 -1.00544095039 3.21867394447 5.36786699295 -1.00484704971 3.21076393127 5.36839580536 -1.00549805164 3.21906089783 5.3685669899 -1.00484097004 3.21047711372 5.36914110184 -1.00554800034 3.21932005882 5.36932516098 -1.00484704971 3.21032500267 5.3699259758 -1.00558805466 3.21944499016 5.37011623383 -1.00486505032 3.21031093597 5.37072610855 -1.00561702251 3.21942996979 5.37091588974 -1.00489401817 3.21043491364 5.3715171814 -1.00563502312 3.21927809715 5.37169981003 -1.00493395329 3.21069407463 5.37227392197 -1.00564098358 3.21899104118 5.37244701385 -1.00498402119 3.21108102798 5.37297487259 -1.00563502312 3.21858000755 5.37313079834 -1.00504100323 3.21158289909 5.37359809875 -1.00561702251 3.21805596352 5.37373304367 -1.00510394573 3.21218490601 5.37412500381 -1.00558805466 3.21743607521 5.37423419952 -1.00517201424 3.21286892891 5.37453985214 -1.00554800034 3.21673798561 5.37461996078 -1.00524103642 3.21361398697 5.37482786179 -1.00549805164 3.21598291397 5.37487792969 -1.00531101227 3.21439695358 5.37498378754 -1.00544095039 3.21519494057 5.375 -1.00537800789 3.23296499252 5.37225294113 -1.18585205078 3.23779702187 5.37518119812 -1.18556880951 3.23365211487 5.37214612961 -1.18579304218 3.23434710503 5.37216091156 -1.18573796749 3.23502898216 5.37229585648 -1.1856880188 3.23193383217 5.37265205383 -1.18594837189 3.23567700386 5.37254810333 -1.18564498425 3.23627305031 5.37290906906 -1.18561005592 3.23115897179 5.37325000763 -1.18603098392 3.23679709435 5.37336778641 -1.18558502197 3.23070311546 5.37377500534 -1.18608605862 3.23723506927 5.37391090393 -1.18556904793 3.23034501076 5.37437105179 -1.18613600731 3.23757100105 5.37452077866 -1.18556296825 3.23009610176 5.37502098083 -1.18617904186 3.22996306419 5.37570381165 -1.18621397018 3.22994995117 5.37640094757 -1.18623995781 3.23789310455 5.37656593323 -1.18561005592 3.23790597916 5.37587022781 -1.18558394909 3.23420405388 5.3801240921 -1.18603098392 3.23489093781 5.38001680374 -1.18597304821 3.23554801941 5.37979221344 -1.18591201305 3.23615598679 5.37945699692 -1.1858509779 3.23217797279 5.37972307205 -1.18617904186 3.23321819305 5.38008069992 -1.18610835075 3.23062109947 5.37835979462 -1.18625497818 3.23105788231 5.37890291214 -1.18623995781 3.23158311844 5.37936210632 -1.18621397018 3.23016571999 5.37748765945 -1.18626093864 3.23751091957 5.37789916992 -1.1856880188 3.23776006699 5.37725019455 -1.18564498425 3.23669695854 5.37902021408 -1.18579304218 3.23715305328 5.37849617004 -1.18573796749 3.23341298103 5.37225198746 -1.18280398846 3.23272609711 5.37235879898 -1.18286299706 3.23410701752 5.37226676941 -1.18274903297 3.2320690155 5.37258386612 -1.18292403221 3.23479008675 5.37240219116 -1.18269896507 3.23543810844 5.37265396118 -1.18265604973 3.23146104813 5.37291908264 -1.18298399448 3.23603391647 5.37301492691 -1.18262195587 3.23092007637 5.37335586548 -1.18304300308 3.23655796051 5.37347412109 -1.18259596825 3.23046398163 5.37388086319 -1.18309795856 3.23699498177 5.37401676178 -1.1825799942 3.23010611534 5.37447690964 -1.18314802647 3.23733210564 5.37462711334 -1.18257498741 3.22985601425 5.37512683868 -1.18319094181 3.23755788803 5.37528705597 -1.1825799942 3.22972393036 5.37581014633 -1.18322503567 3.23766708374 5.37597608566 -1.18259596825 3.22971105576 5.37650680542 -1.18325102329 3.23765397072 5.37667179108 -1.1826210022 3.22982001305 5.37719488144 -1.18326699734 3.23752093315 5.37735509872 -1.18265604973 3.23004603386 5.37785482407 -1.18327200413 3.23727202415 5.37800502777 -1.18269896507 3.23038196564 5.3784661293 -1.18326699734 3.23691296577 5.37860202789 -1.18274903297 3.23101401329 5.37921571732 -1.18324267864 3.23645710945 5.37912511826 -1.18280398846 3.23591709137 5.37956285477 -1.18286299706 3.23193907738 5.3798289299 -1.18318998814 3.23530888557 5.37989807129 -1.18292295933 3.23258805275 5.38008022308 -1.18314802647 3.23465204239 5.38012313843 -1.18298399448 3.23326992989 5.380215168 -1.18309795856 3.23396492004 5.38022994995 -1.18304300308 3.22233295441 5.34825277328 -1.18585205078 3.22660303116 5.34990978241 -1.1855686903 3.22302007675 5.34814596176 -1.18579304218 3.22371506691 5.34815979004 -1.18573796749 3.22439694405 5.34829616547 -1.1856880188 3.22167611122 5.34847784042 -1.18591296673 3.22504591942 5.34854698181 -1.18564605713 3.22106790543 5.34881305695 -1.18597304821 3.22564101219 5.34890794754 -1.1856110096 3.22052788734 5.34924983978 -1.18603205681 3.2261660099 5.34936714172 -1.18558502197 3.22007107735 5.34977388382 -1.18608701229 3.21971297264 5.35037088394 -1.18613696098 3.21935796738 5.35141849518 -1.18620204926 3.22727394104 5.35186910629 -1.18558502197 3.22706079483 5.35078763962 -1.1855635643 3.21931791306 5.35239982605 -1.18623995781 3.22723436356 5.35285139084 -1.18562293053 3.22357296944 5.35612392426 -1.18603205681 3.22425889969 5.35601711273 -1.18597304821 3.22491598129 5.35579204559 -1.18591201305 3.22552394867 5.35545682907 -1.18585205078 3.22154593468 5.35572195053 -1.18617999554 3.22219491005 5.35597419739 -1.18613600731 3.2228770256 5.3561091423 -1.18608701229 3.21999001503 5.35435914993 -1.18625605106 3.22042703629 5.35490179062 -1.18623995781 3.22095108032 5.3553609848 -1.18621397018 3.21942710876 5.35308885574 -1.18625605106 3.21965289116 5.35374879837 -1.18626105785 3.22687888145 5.35389900208 -1.1856880188 3.22606492043 5.35502004623 -1.18579304218 3.22652101517 5.35449504852 -1.18573796749 3.22278094292 5.34825181961 -1.18280494213 3.22209405899 5.3483581543 -1.18286395073 3.22347593307 5.34826612473 -1.18274998665 3.22143697739 5.34858322144 -1.18292403221 3.22415804863 5.34840106964 -1.18270003796 3.224807024 5.34865283966 -1.1826570034 3.22082901001 5.34891891479 -1.18298494816 3.22540211678 5.34901380539 -1.18262195587 3.22028899193 5.34935522079 -1.18304300308 3.22592711449 5.34947299957 -1.18259596825 3.21983289719 5.34988021851 -1.18309795856 3.22636389732 5.3500161171 -1.18258094788 3.21947407722 5.35047578812 -1.18314802647 3.22670006752 5.35062599182 -1.18257498741 3.21922492981 5.351126194 -1.18319094181 3.22692608833 5.35128688812 -1.18258094788 3.21909189224 5.35180997849 -1.18322598934 3.22703504562 5.35197496414 -1.18259596825 3.21907901764 5.35250616074 -1.18325102329 3.22697114944 5.35307979584 -1.18264067173 3.21918797493 5.35319519043 -1.18326699734 3.21941399574 5.35385417938 -1.18327200413 3.22663998604 5.35400485992 -1.18270003796 3.21974992752 5.35446500778 -1.18326699734 3.22628188133 5.35460090637 -1.18274998665 3.22018790245 5.35500812531 -1.18325102329 3.22582507133 5.35512495041 -1.18280494213 3.22071194649 5.35546684265 -1.18322598934 3.22528505325 5.35556221008 -1.18286299706 3.22130799294 5.35582780838 -1.18319094181 3.22467708588 5.35589790344 -1.18292403221 3.22195601463 5.35608005524 -1.18314802647 3.22402000427 5.35612297058 -1.18298399448 3.22263789177 5.35621500015 -1.18309795856 3.22333288193 5.35622882843 -1.18304300308 -0.128088980913 1.97870290279 1.05318307877 -0.130964428186 1.98148441315 1.05324459076 -0.128105014563 1.97868716717 1.05448687077 -0.130883336067 1.98156511784 1.05454397202 -0.127400234342 1.97939169407 1.05230653286 -0.130100205541 1.98234856129 1.05226790905 -0.130060061812 1.98238873482 1.05539393425 -0.127459362149 1.97933232784 1.05524504185 -0.12662923336 1.98016250134 1.05522716045 -0.126249849796 1.98054206371 1.05278611183 -0.12906908989 1.98337948322 1.05283939838 -0.128927946091 1.98352062702 1.05452179909 -0.126059949398 1.98073196411 1.05419695377 0.0601584240794 2.17260718346 1.28443169594 0.0599251016974 2.17237377167 1.28606665134 0.0627237185836 2.16951537132 1.28540945053 0.0629858970642 2.16977787018 1.28660392761 0.0631885752082 2.16998052597 1.28417479992 0.0606201738119 2.17306828499 1.2870503664 0.063983745873 2.17077541351 1.28719747066 0.0610747598112 2.17352318764 1.28390681744 0.0641603693366 2.1709523201 1.28395795822 0.061507679522 2.17395615578 1.28704667091 0.0620421543717 2.17449069023 1.28459811211 0.0648762881756 2.17166829109 1.28470015526 0.0649456307292 2.17173743248 1.28623068333 0.0621155537665 2.17456459999 1.2861341238 0.0618789829314 2.17432808876 1.27530384064 0.0649100318551 2.17170214653 1.2758718729 0.0648310631514 2.17162275314 1.27406644821 0.062460154295 2.174908638 1.27339184284 0.0626213923097 2.17506980896 1.27642130852 0.0657611787319 2.17255282402 1.27328324318 0.0657811686397 2.17257356644 1.27652955055 0.0635093003511 2.17595791817 1.27641522884 0.0666146427393 2.17340660095 1.27363586426 0.0639116689563 2.17636013031 1.27373683453 0.0667120665312 2.17350411415 1.27607750893 0.0641609877348 2.17660975456 1.27537107468 0.0670188739896 2.17381095886 1.27474737167 -0.0356869623065 2.07676196098 1.24895060062 -0.0326956957579 2.07409596443 1.25044763088 -0.0328409411013 2.07395076752 1.24916124344 -0.0354146137834 2.077034235 1.25060367584 -0.0322707779706 2.07452106476 1.24812781811 -0.0345946662128 2.07785367966 1.24797558784 -0.0316882655025 2.07510375977 1.25109744072 -0.0344566740096 2.07799196243 1.25108706951 -0.0310788024217 2.07571268082 1.2483150959 -0.033712849021 2.0787358284 1.24868667126 -0.0307359900326 2.07605576515 1.25007164478 -0.0335927903652 2.07885575294 1.25011014938 -0.0336275584996 2.07882070541 1.2383480072 -0.033594366163 2.07885408401 1.23965859413 -0.0308993589133 2.07589221001 1.23919534683 -0.0305665209889 2.07622551918 1.2378411293 -0.032696057111 2.07975244522 1.23726689816 -0.0303197670728 2.07647180557 1.24022960663 -0.0297064613551 2.077085495 1.2373496294 -0.0328383296728 2.07961058617 1.240406394 -0.0294039342552 2.07738804817 1.24039924145 -0.031932849437 2.08051562309 1.24013257027 -0.0288533717394 2.07793784142 1.23812687397 -0.0315311923623 2.08091759682 1.2385365963 -0.0287488531321 2.07804322243 1.23929154873 -0.0614234916866 2.04536819458 1.2047290802 -0.0644195601344 2.04802918434 1.20499157906 -0.0618744567037 2.04491710663 1.20601665974 -0.0647029653192 2.04774546623 1.20637834072 -0.0614776648581 2.04531407356 1.20719587803 -0.0639206394553 2.04852867126 1.2074855566 -0.0634862482548 2.04896235466 1.20442569256 -0.0603919103742 2.04639983177 1.20749413967 -0.0601335465908 2.04665803909 1.20467483997 -0.0629208236933 2.04952788353 1.20722734928 -0.0625195726752 2.04992938042 1.20563030243 -0.0597058683634 2.04708623886 1.20626115799 -0.126174718142 1.98061704636 1.09832084179 -0.129197642207 1.98325109482 1.09916865826 -0.126194760203 1.98059689999 1.10014355183 -0.128542289138 1.98390626907 1.09775280952 -0.128808513284 1.98364031315 1.10035073757 -0.125173911452 1.98161780834 1.09764838219 -0.127826586366 1.98462164402 1.10075199604 -0.125064328313 1.98172748089 1.10072660446 -0.127360418439 1.98508822918 1.09803307056 -0.124321855605 1.98246967793 1.09842467308 -0.12425660342 1.9825347662 1.09985804558 -0.127006784081 1.98544156551 1.09951782227 -0.122890651226 1.98955762386 1.09311580658 -0.11954561621 1.98724591732 1.0941734314 -0.12002915889 1.98676300049 1.09221088886 -0.122345648706 1.99010288715 1.09132361412 -0.119168654084 1.9876229763 1.09122359753 -0.122194446623 1.99025440216 1.09416401386 -0.12136271596 1.99108612537 1.09415757656 -0.118193544447 1.98859763145 1.09162795544 -0.120985455811 1.99146330357 1.0916467905 -0.118343055248 1.98844850063 1.09398567677 -0.120751835406 1.99169659615 1.0931814909 -0.117893472314 1.98889827728 1.0929980278 -0.135368674994 1.97142326832 1.0494030714 -0.138460949063 1.97398746014 1.05065882206 -0.135472178459 1.97131943703 1.05121970177 -0.137697279453 1.97475147247 1.04888522625 -0.137456506491 1.97499191761 1.05199468136 -0.134588673711 1.9722032547 1.05193865299 -0.134417787194 1.97237384319 1.04889333248 -0.133637905121 1.97315371037 1.0514292717 -0.133534133434 1.97325766087 1.04961204529 -0.136328220367 1.97612011433 1.04964292049 -0.136453330517 1.9759953022 1.05133390427 -0.14547483623 1.96697366238 1.0712980032 -0.138239294291 1.96855199337 1.05211603642 -0.142677739263 1.96411430836 1.07144165039 -0.131158679724 1.9812899828 1.00899004936 -0.128317221999 1.97847425938 1.00893640518 -0.130276963115 1.98217141628 1.0078151226 -0.127373382449 1.97941851616 1.00776088238 -0.129057943821 1.98339080811 1.00743222237 -0.126195460558 1.98059642315 1.00744903088 -0.118791617453 1.99365711212 1.01215338707 -0.116188071668 1.99060320854 1.01204311848 -0.115241572261 1.99155008793 1.01306402683 -0.117971330881 1.9944767952 1.01338577271 -0.11769836396 1.99475002289 1.01511824131 -0.11488199234 1.99190938473 1.01517033577 -0.12500141561 1.98179030418 1.05921888351 -0.129797890782 1.98265063763 1.06778621674 -0.127076625824 1.97971498966 1.06829226017 -0.129760175943 1.98268806934 1.06958460808 -0.126721948385 1.98006975651 1.06999731064 -0.0976334437728 2.00915837288 1.12661862373 -0.115267276764 1.99718129635 1.09779989719 -0.0667574480176 2.04569101334 1.19222402573 -0.0466675572097 2.06012415886 1.22581708431 -0.0494855679572 2.06296300888 1.22583556175 -0.0297339204699 2.07705807686 1.23220598698 0.00252794171683 2.10932016373 1.24434554577 0.0546442419291 2.16709375381 1.2650192976 0.0645304843783 2.17132234573 1.26767480373 0.0796234607697 2.18641495705 1.27335214615 0.0766938477755 2.18914270401 1.2733143568 0.078000985086 2.19044995308 1.2731372118 0.0808966010809 2.18768835068 1.27305281162 0.0912744551897 2.19806623459 1.26029527187 0.0885528698564 2.20100140572 1.26017272472 0.0923159569502 2.19910764694 1.26070058346 0.0894812643528 2.20192980766 1.26090991497 0.0866452082992 2.19909381866 1.29877758026 0.0894861444831 2.19627785683 1.29861354828 0.0888842493296 2.19567632675 1.30027031898 0.0845132172108 2.19696187973 1.30109071732 0.0872998982668 2.19409203529 1.30107486248 0.0859827548265 2.19843101501 1.30031907558 -0.0324711725116 2.07997727394 1.25707554817 -0.0553445406258 2.05710411072 1.24846017361 -0.0525132864714 2.05427861214 1.24846410751 -0.0295628812164 2.07722949982 1.25710582733 0.0287756118923 2.14122438431 1.28012025356 0.0290575660765 2.13584899902 1.27916193008 -0.130804404616 1.97598695755 1.05211603642 -0.142554432154 1.96423733234 1.07320356369 -0.12362024188 1.98317146301 1.09597504139 -0.0890825986862 2.01770925522 1.17728853226 -0.0681338682771 2.03865814209 1.21193873882 -0.0677241683006 2.03906750679 1.2138004303 -0.067277148366 2.03951501846 1.21095085144 -0.0662982240319 2.04049372673 1.21135592461 -0.0665224194527 2.04026937485 1.21380198002 -0.0659982562065 2.04079341888 1.21272492409 -0.126505672932 1.98594260216 1.10995066166 -0.145436927676 1.96701192856 1.07309699059 -0.0759505331516 2.03649806976 1.20835578442 -0.126448705792 1.9859995842 1.09597504139 -0.0709283426404 2.04151964188 1.21295320988 -0.0708810314536 2.04156756401 1.21178150177 -0.0699764490128 2.04247236252 1.21088445187 -0.0700330063701 2.04241585732 1.21410620213 -0.0667574480176 2.04569101334 1.20923697948 -0.0689935386181 2.04345488548 1.21161472797 -0.0688738971949 2.04357481003 1.21304261684 -0.129365995526 1.98251760006 1.00519919395 -0.128825575113 1.98362183571 1.00647640228 -0.129895716906 1.98255252838 1.0034930706 -0.116366349161 1.99608242512 1.00932323933 -0.118678696454 1.99376857281 1.01114308834 -0.111307449639 2.00114178658 0.96774238348 -0.118431694806 1.994161129 0.966071844101 -0.118746593595 1.99370002747 0.964605212212 -0.11553697288 1.99691200256 0.9409943223 -0.117166548967 1.995475173 0.966167926788 -0.118162751198 1.99427497387 0.963426113129 -0.117242835462 1.99520516396 0.963414549828 -0.104272514582 2.00817656517 0.956691801548 -0.116804495454 1.99539649487 1.01046800613 -0.118446670473 1.99527406693 1.0110783577 -0.116566255689 1.99588167667 0.964491724968 -0.103348240256 2.00910043716 0.955501139164 -0.114693291485 1.9977555275 0.939685702324 -0.111228980124 2.00121951103 0.968922674656 -0.110627189279 2.00172042847 0.966787934303 -0.110691316426 2.00175786018 0.969626486301 -0.109198719263 2.0032479763 0.968711733818 -0.109953142703 2.00249695778 0.969681501389 -0.109528526664 2.00282478333 0.966968178749 -0.0910174027085 2.02143263817 0.932945013046 -0.0905621424317 2.02188897133 0.931807279587 -0.0887095034122 2.0237390995 0.92774438858 -0.0887095034122 2.0237390995 0.936217010021 -0.0899688825011 2.02248239517 0.934554219246 -0.0906567424536 2.02179884911 0.934141635895 -0.0896686166525 2.02279186249 0.931502938271 -0.0888688340783 2.0232656002 0.93400657177 -0.0888308212161 2.02348089218 0.932446718216 -0.0315042957664 2.0809442997 0.901458323002 -0.0885413363576 2.02393770218 0.942877292633 -0.0878222882748 2.02462458611 0.942028343678 -0.0595318675041 2.05291676521 0.935366392136 -0.0869951844215 2.0254535675 0.942125439644 -0.087563611567 2.02488064766 0.945053100586 -0.0884930938482 2.02407360077 0.94431078434 -0.0867180377245 2.02573108673 0.944532692432 -0.0864088982344 2.02603912354 0.943299651146 0.00544028915465 2.11788892746 0.905511319637 0.00544028915465 2.11788892746 0.892750203609 0.00356657058001 2.11601448059 0.890983641148 0.00312089710496 2.11557912827 0.889543473721 0.00399971427396 2.11645936966 0.888211369514 0.0305893253535 2.14303827286 0.872926592827 0.00437528034672 2.11681342125 0.89128267765 0.00527212722227 2.11755895615 0.888923346996 0.00521603273228 2.11756634712 0.890618383884 0.0476587340236 2.16010522842 0.890504956245 0.00574130238965 2.11806297302 0.899501562119 0.00641853176057 2.11886000633 0.898716390133 0.00747627438977 2.11992573738 0.899163365364 0.0266933534294 2.13914108276 0.896131753922 0.025783220306 2.13823127747 0.896164059639 0.00647243857384 2.11894774437 0.901801168919 0.00597025733441 2.1177406311 0.90081602335 0.00763299362734 2.12008476257 0.900973141193 0.0442993305624 2.15674853325 0.899209499359 0.0449279546738 2.15737318993 0.897914290428 0.0314992517233 2.14394807816 0.873028576374 0.0447744578123 2.15713334084 0.900656402111 0.0816787034273 2.19412708282 0.926137924194 0.045774884522 2.15816426277 0.900810062885 0.0458567254245 2.15830039978 0.897999465466 0.0463030934334 2.15877962112 0.900150120258 0.0464303269982 2.15888810158 0.898850142956 0.0471231229603 2.15951871872 0.889155864716 0.0474696457386 2.15989470482 0.887954592705 0.0485352538526 2.16098499298 0.887591898441 0.101572029293 2.21402072906 0.911269426346 0.0487094260752 2.1610994339 0.890463709831 0.0492270663381 2.16167521477 0.889582633972 0.0491815023124 2.16163182259 0.888538718224 0.136890441179 2.24933838844 0.950843632221 0.136601343751 2.24904894829 0.949964404106 0.136879101396 2.24933338165 0.948629081249 0.148369640112 2.26081824303 0.962535083294 0.139145195484 2.25159406662 0.946578979492 0.137493908405 2.24992704391 0.95135641098 0.137778043747 2.25028085709 0.948140382767 0.138360604644 2.25081276894 0.951165676117 0.138446211815 2.25089788437 0.94849383831 0.166701614857 2.27915024757 0.950219154358 0.138853996992 2.251288414 0.949289798737 0.138831987977 2.25128006935 0.950268745422 0.139381483197 2.25187563896 0.939626157284 0.139591977 2.25205349922 0.938541412354 0.14036911726 2.25279903412 0.937894821167 0.15078304708 2.26323151588 0.938125610352 0.139650240541 2.25210118294 0.940538287163 0.14102460444 2.25347423553 0.941009938717 0.140236288309 2.25268173218 0.941062867641 0.141243100166 2.25365972519 0.938166499138 0.141624256968 2.25407338142 0.940083920956 0.141654297709 2.25410294533 0.939107239246 0.149168878794 2.26161718369 0.963969945908 0.153345406055 2.26579761505 0.982995331287 0.152210757136 2.26465988159 0.982628524303 0.152658432722 2.26506018639 0.9831584692 0.165852040052 2.27830266953 0.946352899075 0.166915655136 2.2793648243 0.948723018169 0.166521519423 2.27897071838 0.947274744511 -0.105209447443 2.0072388649 0.988461196423 -0.105038903654 2.00741004944 0.989780187607 -0.102403111756 2.00438857079 0.988502085209 -0.102178521454 2.00461339951 0.989804685116 -0.101838395 2.00495362282 0.987582623959 -0.104638166726 2.00781035423 0.987546980381 -0.101305402815 2.00548648834 0.990322649479 -0.103985697031 2.0084631443 0.990310072899 -0.100973770022 2.00581789017 0.987540721893 -0.103609457612 2.00883936882 0.9876755476 -0.100571937859 2.00622034073 0.989675104618 -0.100401006639 2.00639081001 0.988607287407 -0.103219494224 2.00922870636 0.989158391953 -0.0618841275573 2.04490733147 1.00660216808 -0.0646563917398 2.04779267311 1.00644397736 -0.0620360895991 2.04475569725 1.00792694092 -0.0648797303438 2.04756832123 1.00749146938 -0.0645047873259 2.04794383049 1.00860261917 -0.0611496828496 2.04564189911 1.00595545769 -0.0612219721079 2.0455698967 1.00883114338 -0.0638537332416 2.04859519005 1.00598442554 -0.0634754896164 2.04897260666 1.00873172283 -0.060391869396 2.04640030861 1.00850617886 -0.0602776259184 2.04651403427 1.00647509098 -0.0630079656839 2.04944062233 1.0065908432 -0.0629446730018 2.04950380325 1.00793552399 -0.060048289597 2.04674386978 1.00751852989 -0.0215122550726 2.08527970314 1.02500724792 -0.0245290026069 2.08791947365 1.02616047859 -0.0216856580228 2.08510613441 1.02621424198 -0.0243064705282 2.0881421566 1.02498495579 -0.0213529095054 2.08543944359 1.02706217766 -0.0242014955729 2.08824682236 1.02701687813 -0.0206242464483 2.08616733551 1.02452921867 -0.0235040318221 2.08894467354 1.02452540398 -0.0234688483179 2.08898019791 1.02738928795 -0.0206060055643 2.08618593216 1.02736973763 -0.0198617987335 2.08693003654 1.02510476112 -0.0226581525058 2.08979010582 1.02513158321 -0.0197916142642 2.08700013161 1.02668249607 -0.0226505268365 2.08979797363 1.02671194077 0.0159993954003 2.12844800949 1.04363286495 0.0158202778548 2.12826824188 1.04457223415 0.0186412893236 2.12543320656 1.04438102245 0.0189778972417 2.12576937675 1.0456340313 0.0191141311079 2.1259059906 1.04321467876 0.0160791259259 2.12852811813 1.04548513889 0.0167571362108 2.12920594215 1.04305303097 0.0170640237629 2.12951278687 1.04593300819 0.0200896579772 2.12688159943 1.04581069946 0.0200612265617 2.12685322762 1.04319238663 0.0174885261804 2.12993693352 1.04342758656 0.0205552261323 2.12734699249 1.04387521744 0.0178597327322 2.13030838966 1.04465830326 0.0206228122115 2.12741422653 1.04484665394 0.0591455996037 2.16593766212 1.06220519543 0.0561558231711 2.16860437393 1.06274271011 0.0590919964015 2.16588401794 1.06378376484 0.0564289987087 2.1688773632 1.06402564049 0.0566893741488 2.16913819313 1.06177830696 0.0598952583969 2.16668653488 1.06161439419 0.0601861290634 2.1669781208 1.06449115276 0.0571413487196 2.16958928108 1.06445801258 0.0575459860265 2.16999435425 1.06167423725 0.0607947222888 2.16758656502 1.06207191944 0.0577939674258 2.17024278641 1.06415009499 0.0609572902322 2.16774964333 1.06351280212 0.058214366436 2.17066287994 1.06294047832 0.0967431738973 2.20919156075 1.0806081295 0.0965569764376 2.20900583267 1.08216762543 0.0993410795927 2.20613336563 1.08133530617 0.0996777713299 2.20646977425 1.08271658421 0.0997581258416 2.20655012131 1.08041596413 0.0975837260485 2.21003198624 1.08305358887 0.100515395403 2.20730733871 1.08015263081 0.0978134721518 2.21026206017 1.08015155792 0.100702382624 2.20749473572 1.08292424679 0.101278617978 2.20807051659 1.08094584942 0.0984301269054 2.21087884903 1.08221709728 0.101264104247 2.20805597305 1.08216404915 0.098474368453 2.21092319489 1.08112359047 -0.117465615273 1.99498307705 1.04233515263 -0.114517629147 1.99227380753 1.04286038876 -0.114600338042 1.99219155312 1.04164540768 -0.117288462818 1.99515998363 1.04127264023 -0.117007538676 1.99544131756 1.04337334633 -0.113995879889 1.99279558659 1.04077768326 -0.113970264792 1.992821455 1.04346168041 -0.116698406637 1.99575042725 1.04075276852 -0.113283567131 1.99350857735 1.0434782505 -0.113223224878 1.99356877804 1.04083013535 -0.115928314626 1.99652016163 1.04088306427 -0.116148479283 1.99629986286 1.04348003864 -0.112685225904 1.99410629272 1.04162275791 -0.115608759224 1.9968392849 1.04287350178 -0.112721867859 1.99407041073 1.04271709919 -0.115470737219 1.99697780609 1.04191994667 -0.0771155431867 2.03533315659 1.0608767271 -0.0740389898419 2.03275251389 1.06174218655 -0.074266590178 2.03252530098 1.06031441689 -0.0769381672144 2.03551054001 1.05981278419 -0.0737331733108 2.03305840492 1.05935025215 -0.0767878741026 2.03566098213 1.06173491478 -0.076001599431 2.03644657135 1.05919575691 -0.0759639814496 2.0364844799 1.06211280823 -0.0728465765715 2.0339448452 1.06198787689 -0.0728732347488 2.03391885757 1.05937123299 -0.0723810866475 2.03441095352 1.06005215645 -0.0751390531659 2.03730893135 1.06020379066 -0.0752594023943 2.03718876839 1.06141555309 -0.0723134428263 2.03447794914 1.06102371216 0.00655922479928 2.11335086823 1.0969234705 0.00370001769625 2.11614894867 1.09699034691 0.00650537200272 2.11329722404 1.09850084782 0.00364718749188 2.11609578133 1.09832715988 0.00446454063058 2.11691308022 1.09922432899 0.0074919052422 2.11428427696 1.09629559517 0.0045181568712 2.1169667244 1.0963126421 0.00733033241704 2.11412215233 1.09917199612 0.00807163398713 2.11486363411 1.09884750843 0.00538836512715 2.11783719063 1.09683942795 0.00823062378913 2.11502218246 1.09692263603 0.00552062178031 2.11796927452 1.09841036797 0.00841511785984 2.11520695686 1.0978603363 0.0470247007906 2.15381622314 1.11526691914 0.0439439974725 2.15639233589 1.11600542068 0.0467576645315 2.15354943275 1.11655473709 0.0440449789166 2.15649366379 1.11697125435 0.0443690158427 2.15681743622 1.11509025097 0.0473305024207 2.15412259102 1.11762034893 0.0448145754635 2.15726327896 1.11776542664 0.047928083688 2.15471982956 1.11487066746 0.0453088469803 2.15775799751 1.11493289471 0.0481957867742 2.15498733521 1.11757731438 0.0485793724656 2.1553709507 1.11546158791 0.0456848815084 2.15813302994 1.11723971367 0.0487595610321 2.15555143356 1.11665856838 0.0459528937936 2.15840125084 1.11607658863 0.0842639878392 2.19671320915 1.13492178917 0.087333522737 2.19412541389 1.13576722145 0.0871104001999 2.19390177727 1.13446581364 0.0844802558422 2.19692873955 1.13398766518 0.0846116766334 2.19705986977 1.13589847088 0.0877537503839 2.19454550743 1.13348269463 0.0851270407438 2.19757556915 1.13338923454 0.0881191417575 2.19491052628 1.13627457619 0.0853454768658 2.19779419899 1.13627159595 0.0888589471579 2.19565033913 1.13375985622 0.0859511718154 2.19839978218 1.13376736641 0.0890216901898 2.19581341743 1.13556444645 0.0861013829708 2.19854998589 1.13568866253 0.0862784311175 2.19872689247 1.13462376595 0.101522020996 2.20831370354 1.14135587215 0.111079372466 2.22352862358 1.08744621277 0.0986701101065 2.21111822128 1.14145219326 0.11390004307 2.22069144249 1.0874761343 0.100873142481 2.20766472816 1.14225041866 0.0978793650866 2.21032786369 1.14234471321 0.100021094084 2.20681333542 1.1424087286 0.0971211120486 2.20956945419 1.14237642288 -0.0826423242688 2.02414917946 1.0584744215 -0.105206385255 2.00724291801 1.0494055748 -0.119447037578 1.98734474182 1.04155945778 -0.122158259153 1.99029064178 1.04161393642 -0.0579003617167 2.04889130592 1.06984341145 -0.0697813406587 2.0426671505 1.06568360329 -0.0259209647775 2.0865278244 1.08583748341 -0.016012949869 2.09077858925 1.08909070492 0.0283218957484 2.13511371613 1.10946345329 0.0271501578391 2.13959884644 1.11022484303 0.0653393566608 2.17213129997 1.1264731884 0.0596492439508 2.17209792137 1.12515795231 -0.122846908867 1.98960125446 1.04063284397 -0.122900143266 1.98954880238 1.03938019276 -0.12018417567 1.98660755157 1.03987550735 -0.110552988946 2.00189590454 0.985641241074 -0.107747651637 1.9990439415 0.985741615295 -0.10728495568 1.99950647354 0.984894633293 -0.109856173396 2.00259232521 0.984662950039 -0.106309205294 2.00048232079 0.984513819218 -0.108973398805 2.00347495079 0.98458725214 -0.0822952017188 2.03015375137 0.996846199036 -0.0807071104646 2.02608466148 0.996275901794 -0.0453440770507 2.06144762039 1.01252532005 -0.0421591997147 2.07028985023 1.01528859138 0.0165070910007 2.12329912186 1.04094612598 -0.00753579381853 2.10491228104 1.03119790554 0.0370326898992 2.14948129654 1.05167770386 0.05276536569 2.15955734253 1.05760753155 0.0817886963487 2.188580513 1.07094359398 0.0749368965626 2.18738508224 1.06909513474 0.110214032233 2.22266340256 1.08530497551 0.113060928881 2.21985268593 1.08531355858 -0.0892380326986 2.01755356789 1.03275191784 -0.0255608074367 2.08123087883 1.05712795258 -0.0333052687347 2.07348632812 1.07782042027 -0.033916734159 2.07287454605 1.07885694504 -0.0337380357087 2.07305383682 1.08017146587 -0.0325730629265 2.07421851158 1.08059883118 -0.0322077088058 2.07458400726 1.07817685604 -0.0319416448474 2.07484984398 1.07948052883 0.11374296993 2.22053456306 1.0861082077 0.110873632133 2.22332262993 1.0860158205 -0.0365883894265 2.07586050034 1.07835400105 -0.0195626933128 2.09288597107 1.0538431406 -0.0358314029872 2.07661676407 1.07777166367 -0.0363737940788 2.07607531548 1.08036971092 -0.0367655605078 2.07568311691 1.07941877842 -0.0356193706393 2.07682919502 1.0806196928 -0.0350989438593 2.0773499012 1.07814395428 -0.0349511019886 2.07749724388 1.08007323742 -0.0347707644105 2.07767796516 1.07899975777 0.0962865501642 2.20873498917 1.21324050426 0.0992692559958 2.2060611248 1.21400868893 0.09917101264 2.20596289635 1.21292173862 0.0997061207891 2.20649814606 1.21195542812 0.0968996137381 2.20934796333 1.21191775799 0.0966496616602 2.20909833908 1.2143433094 0.0999786704779 2.20677089691 1.21469819546 0.0973820239305 2.20983052254 1.2147153616 0.100816324353 2.20760822296 1.21213471889 0.0980039387941 2.21045255661 1.21218276024 0.100657276809 2.20744943619 1.21449255943 0.0980049148202 2.21045351028 1.21430468559 0.101146809757 2.20793795586 1.21364545822 0.0983315259218 2.21078014374 1.21344101429 0.138921141624 2.25136947632 1.02745723724 0.138973325491 2.25142216682 1.02879750729 0.141683027148 2.24847459793 1.02801036835 0.142019897699 2.2488117218 1.02926027775 0.142157956958 2.24894976616 1.02683794498 0.139570727944 2.25201964378 1.02949988842 0.139884591103 2.25233340263 1.02665710449 0.143044069409 2.24983620644 1.02946841717 0.143356889486 2.25014901161 1.02697575092 0.140422791243 2.25287127495 1.02931928635 0.140710070729 2.25315856934 1.02732098103 0.143687427044 2.25047922134 1.02848625183 0.140847474337 2.25329637527 1.02840280533 0.0936673954129 2.20611572266 1.29535114765 0.0939127877355 2.20636153221 1.29677379131 0.0964737832546 2.20326566696 1.29594385624 0.0967132970691 2.20350456238 1.29477262497 0.0971844866872 2.20397639275 1.29717242718 0.0942208468914 2.20666909218 1.29441416264 0.0976860299706 2.20447826385 1.29426419735 0.095010496676 2.20745921135 1.29709422588 0.0953392088413 2.20778799057 1.29456233978 0.0983170717955 2.205108881 1.29658532143 0.0984476208687 2.2052397728 1.29525208473 0.0956403315067 2.20808911324 1.29609203339 0.173880010843 2.28067207336 0.958613991737 0.170972585678 2.28342103958 0.959413051605 0.173843711615 2.28063511848 0.959708631039 0.171110853553 2.28355908394 0.958457052708 0.171364039183 2.28381299973 0.96036273241 0.174442082644 2.28123354912 0.957851886749 0.174308910966 2.28110051155 0.960436105728 0.171903640032 2.28435230255 0.957723498344 0.174983352423 2.28177571297 0.960620880127 0.172117188573 2.28456568718 0.960613846779 0.175384774804 2.28217673302 0.958001255989 0.172930657864 2.28537940979 0.958608269691 0.172788828611 2.28523755074 0.960060954094 0.175684943795 2.28247666359 0.959913790226 0.175780162215 2.28257155418 0.958938717842 0.101995259523 2.21444392204 1.13179755211 0.105078019202 2.21186947823 1.13297343254 0.104850068688 2.21164226532 1.13143968582 0.102413542569 2.21486186981 1.13324975967 0.102552160621 2.21500062943 1.13059616089 0.105708621442 2.21250009537 1.13045179844 0.105918109417 2.21271014214 1.13351607323 0.103544659913 2.21599364281 1.1305783987 0.103421449661 2.21587061882 1.13342094421 0.10668553412 2.2134771347 1.13085639477 0.106605969369 2.21339726448 1.13312101364 0.104109980166 2.21655893326 1.13254392147 0.104060351849 2.21650862694 1.13135778904 0.106985360384 2.2137773037 1.13222801685 0.112664692104 2.21945619583 1.09782290459 0.109849579632 2.22229838371 1.09776699543 0.112482577562 2.21927452087 1.09896469116 0.10967939347 2.22212767601 1.09918320179 0.113096356392 2.21988797188 1.10010755062 0.113356053829 2.22014784813 1.09716486931 0.110332593322 2.22278141975 1.10010612011 0.110483124852 2.22293138504 1.09720945358 0.111192420125 2.22364091873 1.09729123116 0.111256197095 2.22370505333 1.10005939007 0.11419698596 2.22098898888 1.09996044636 0.114333420992 2.22112512589 1.09756982327 0.111850582063 2.22429943085 1.09857153893 0.114633530378 2.22142505646 1.09880363941 0.111778654158 2.22422719002 1.08602249622 0.167719721794 2.28016805649 0.948724389076 0.114607997239 2.22139930725 1.08601999283 0.153269127011 2.26006102562 0.991132378578 0.170492812991 2.27728486061 0.948859930038 0.103045895696 2.21549487114 1.12403094769 0.109527416527 2.21631884575 1.10813164711 0.101496390998 2.20828747749 1.14308595657 0.0986678600311 2.21111679077 1.14308619499 0.0868787541986 2.19932794571 1.30041968822 0.0876439660788 2.20009231567 1.29019987583 0.0896827876568 2.19647455215 1.30075383186 0.0931475684047 2.19993901253 1.25449895859 0.0944164022803 2.20686507225 1.19982159138 0.0988071784377 2.20559930801 1.17897069454 0.171874091029 2.28432273865 1.31307804585 0.164180234075 2.2766289711 1.32991051674 0.167046889663 2.27383875847 1.32982873917 0.174687460065 2.28147935867 1.31310999393 0.166419386864 2.27321124077 1.33051872253 0.163438349962 2.27588677406 1.33058357239 0.165563210845 2.27235460281 1.33053588867 0.162736520171 2.27518463135 1.33052444458 0.129205450416 2.23599720001 1.12397408485 0.126273229718 2.23872232437 1.12502086163 0.128960251808 2.23575687408 1.12472355366 0.126541733742 2.23899054527 1.12360858917 0.129748255014 2.23654413223 1.12620770931 0.12666682899 2.23911571503 1.12581717968 0.129992410541 2.23678421974 1.12322890759 0.130335956812 2.23712873459 1.12624537945 0.127327531576 2.23977613449 1.12612235546 0.12755382061 2.2400021553 1.12330114841 0.130828589201 2.23762059212 1.12570858002 0.130616307259 2.23740816116 1.1232663393 0.128203555942 2.24065208435 1.12534284592 0.128149956465 2.24059867859 1.12399983406 0.131139174104 2.23792767525 1.12407302856 0.128972396255 2.23576402664 1.1244610548 0.129016697407 2.23580908775 1.1241890192 0.129043698311 2.23583507538 1.12528300285 0.128986105323 2.23577809334 1.12501597404 0.129093796015 2.23588609695 1.12393200397 0.129208281636 2.23595190048 1.1256518364 0.129201203585 2.23599290848 1.12369799614 0.129335701466 2.23612689972 1.12349498272 0.12939620018 2.23618793488 1.12594401836 0.129493206739 2.23628497124 1.12332701683 0.129561603069 2.23635411263 1.12609601021 0.129668906331 2.23646092415 1.12320005894 0.129857495427 2.23664903641 1.12311899662 0.12993529439 2.23672699928 1.12626802921 0.130053207278 2.23684501648 1.12308502197 0.130132198334 2.23692393303 1.12628304958 0.130250200629 2.23704195023 1.12309896946 0.130442306399 2.2372341156 1.12316203117 0.130516499281 2.23730802536 1.12616705894 0.130692303181 2.23748397827 1.12603998184 0.130849793553 2.23764204979 1.12587296963 0.130984306335 2.23777604103 1.12566900253 0.130933493376 2.23772501945 1.12361299992 0.130789294839 2.23758101463 1.12342298031 0.131091699004 2.23788309097 1.1254349947 0.131052196026 2.23784399033 1.1238360405 0.131168693304 2.23796105385 1.12517797947 0.131213098764 2.23800492287 1.12490594387 0.131223395467 2.23801493645 1.12462794781 0.131199404597 2.23799109459 1.12435102463 0.238886445761 2.35133504868 1.00077855587 0.239049628377 2.35149812698 1.00234770775 0.241639450192 2.34843111038 1.00124645233 0.242122486234 2.34891438484 1.00267231464 0.242176622152 2.34896826744 1.00013780594 0.2397467345 2.35219526291 0.999965548515 0.240021765232 2.35247015953 1.00284254551 0.243212506175 2.35000443459 1.0001335144 0.243159025908 2.34995055199 1.00266766548 0.240485802293 2.35293459892 1.00030648708 0.240891739726 2.35334014893 1.00166189671 0.243695572019 2.35048723221 1.00156080723 0.169024065137 2.27581572533 1.31736540794 0.166081681848 2.27853035927 1.31774640083 0.169006764889 2.27579855919 1.31870698929 0.166568621993 2.27901697159 1.31930804253 0.166595771909 2.27904415131 1.31676185131 0.16951610148 2.27630805969 1.31669521332 0.16999976337 2.27679157257 1.31945681572 0.167451679707 2.27990031242 1.31662225723 0.170209318399 2.27700138092 1.31662666798 0.167845055461 2.28029370308 1.31904530525 0.170744821429 2.27753663063 1.31883859634 0.170921802521 2.27771401405 1.31751453876 0.168085828424 2.28053474426 1.31762158871 0.208105266094 2.31489753723 1.00742065907 0.205258175731 2.31770682335 1.00748288631 0.208069130778 2.31486058235 1.00851166248 0.20528870821 2.31773734093 1.00870645046 0.208666816354 2.31545829773 1.00665652752 0.205788433552 2.31823730469 1.0066857338 0.208683595061 2.31547522545 1.00936627388 0.205994457006 2.31844329834 1.00940465927 0.209610819817 2.31640291214 1.00680541992 0.206628620625 2.31907749176 1.00670683384 0.209703534842 2.31649541855 1.009136796 0.206758573651 2.31920742989 1.00920927525 0.207243233919 2.31969237328 1.0079010725 0.210027456284 2.31681895256 1.00786888599 0.150665849447 2.26311373711 1.05180680752 0.150487601757 2.26293611526 1.05287361145 0.153285488486 2.26007771492 1.05280566216 0.153595998883 2.26038765907 1.05166292191 0.150877937675 2.26332616806 1.05382287502 0.153741672635 2.26053285599 1.0538392067 0.151509806514 2.26395869255 1.05120408535 0.154299169779 2.2610912323 1.05122208595 0.15440967679 2.2612016201 1.05408394337 0.151632264256 2.26408076286 1.05407512188 0.155020102859 2.26181197166 1.05164802074 0.155032381415 2.26182389259 1.05366396904 0.152335122228 2.26478338242 1.05186796188 0.152424275875 2.26487255096 1.05332374573 0.155332505703 2.26212382317 1.05265629292 0.116014324129 2.22846269608 1.20243787766 0.1159529984 2.22840118408 1.2034034729 0.118843115866 2.22563457489 1.20234882832 0.118844747543 2.22563695908 1.20369517803 0.116320624948 2.22876906395 1.20424115658 0.119412995875 2.22620487213 1.20443987846 0.116771176457 2.22921991348 1.20163691044 0.119925364852 2.22671723366 1.20161783695 0.11698486656 2.22943329811 1.20449233055 0.120192058384 2.22698402405 1.2043659687 0.117667257786 2.23011565208 1.20208990574 0.117628410459 2.23007678986 1.20412635803 0.120663665235 2.22745537758 1.20246350765 0.120714053512 2.22750616074 1.20356750488 0.117933921516 2.23038244247 1.20311915874 0.141610145569 2.25405907631 1.28477776051 0.144680812955 2.25147247314 1.28562450409 0.144450753927 2.2512421608 1.28457868099 0.144803166389 2.25159502029 1.28357875347 0.142047584057 2.25449609756 1.28345263004 0.142021238804 2.25446987152 1.28584706783 0.145553186536 2.25234508514 1.28614246845 0.145735517144 2.25252699852 1.28328692913 0.142684698105 2.25513339043 1.28610002995 0.143060773611 2.25550985336 1.28338801861 0.14332935214 2.25577807426 1.2857336998 0.146394938231 2.25318694115 1.28529560566 0.146365255117 2.25315713882 1.28407180309 0.143648713827 2.25609707832 1.28445565701 0.241514891386 2.35396289825 0.987640857697 0.244801729918 2.35159373283 0.98800766468 0.244343206286 2.35113501549 0.987640976906 0.242018952966 2.3544678688 0.988069236279 0.245261803269 2.35205364227 0.989182114601 0.24243144691 2.35487961769 0.989214718342 0.241657793522 2.35410666466 1.00931215286 0.244495898485 2.35128712654 1.00908184052 0.244152992964 2.35094475746 1.01018071175 0.241094589233 2.35354280472 1.01043772697 0.243306577206 2.35009813309 1.01077640057 0.240405246615 2.35285425186 1.0107768774 0.171481341124 2.28393006325 1.01124191284 0.174042582512 2.28083467484 1.01124513149 0.170609757304 2.28305864334 1.01174163818 0.173300370574 2.28009223938 1.01207256317 0.159714594483 2.27216267586 1.03847467899 0.138665258884 2.24545669556 1.09707927704 0.135837391019 2.24828624725 1.09707772732 0.122726783156 2.23517537117 1.15414273739 0.125554740429 2.23234653473 1.1541441679 0.1154159531 2.22786450386 1.25170505047 0.118236228824 2.22502827644 1.25181460381 0.115672402084 2.22812128067 1.25299191475 0.118555925786 2.22534751892 1.25304937363 0.174285486341 2.28107762337 1.31088769436 0.146816968918 2.2592651844 1.28531515598 0.171740502119 2.28418946266 1.31119120121 0.174700170755 2.28149199486 1.31173348427 0.0871124565601 2.19956088066 1.30166089535 0.0879346355796 2.20038294792 1.30237996578 0.100113533437 2.21256232262 1.30696201324 0.105273753405 2.21772241592 1.20817899704 0.137735158205 2.25018382072 1.32111763954 0.169535204768 2.28198409081 0.992504119873 0.169301137328 2.28174996376 0.948231577873 0.168563336134 2.28101181984 0.948093593121 0.189082697034 2.30153107643 1.00470495224 0.0902287736535 2.19702005386 1.30202996731 0.0907630696893 2.19755506516 1.30237996578 0.103694573045 2.21048569679 1.30724537373 0.121383093297 2.22817468643 1.15288376808 0.134768873453 2.24156022072 1.09462440014 0.113816298544 2.22060799599 1.254997015 0.113895699382 2.22068810463 1.25532603264 0.114014096558 2.22080588341 1.25563001633 0.113782897592 2.22057509422 1.25430703163 0.113778300583 2.22057008743 1.25465404987 0.114167898893 2.22095990181 1.25590097904 0.114352598786 2.22114491463 1.25612998009 0.168438971043 2.27523088455 1.31226146221 0.170772597194 2.27756404877 1.00625896454 0.171746701002 2.27853894234 1.00528895855 0.171509698033 2.27830195427 1.00538003445 0.171287402511 2.2780790329 1.00552797318 0.171086594462 2.27787804604 1.00572800636 0.170913204551 2.27770495415 1.00597405434 0.239079281688 2.34587097168 1.00480496883 0.171991199255 2.27878308296 1.00525701046 0.163900196552 2.27069211006 1.32986795902 0.164127901196 2.27092003822 1.32998394966 0.163303807378 2.27009606361 1.3269649744 0.16319039464 2.26998209953 1.32726800442 0.163693577051 2.27048540115 1.32970309258 0.168791100383 2.27558302879 1.31496095657 0.163114905357 2.26990699768 1.32759296894 0.163079559803 2.26987171173 1.32793283463 0.163221865892 2.27001309395 1.32893252373 0.16334824264 2.27014040947 1.32922959328 0.163508161902 2.27030038834 1.32948970795 0.163086012006 2.26987814903 1.32827591896 0.163134396076 2.26992607117 1.32861506939 0.168619006872 2.27541089058 1.31248402596 0.168902695179 2.27569508553 1.31466495991 0.168977797031 2.27576994896 1.31434702873 0.168769195676 2.27556109428 1.31274294853 0.169010907412 2.27580308914 1.31368005276 0.169014200568 2.27580595016 1.31401598454 0.168886601925 2.27567791939 1.31303501129 0.195074304938 2.30186605453 0.960753202438 0.171321511269 2.27811312675 0.948069989681 0.17212960124 2.2789208889 0.948231577873 0.168968006968 2.27575993538 1.31334996223 0.241251975298 2.34804391861 0.987679064274 0.241138800979 2.34793043137 0.987988054752 0.241066485643 2.34785795212 0.988311767578 0.242481961846 2.34927368164 0.986750304699 0.242239490151 2.34903120995 0.986771285534 0.24200296402 2.34879469872 0.986850559711 0.241780072451 2.34857201576 0.986985683441 0.241576075554 2.34836792946 0.987173438072 0.24139842391 2.34818983078 0.98740696907 0.242956101894 2.34974789619 0.986883997917 0.242722347379 2.34951400757 0.986788094044 0.241034805775 2.3478269577 0.988641083241 0.24048499763 2.34727692604 1.00291395187 0.239761501551 2.34655308723 1.00455200672 0.239545404911 2.34633708 1.00469005108 0.240452200174 2.34724402428 1.00324594975 0.240380704403 2.34717297554 1.00356602669 0.240272298455 2.34706401825 1.00386404991 0.239315897226 2.34610795975 1.0047750473 0.240130200982 2.34692192078 1.00413298607 0.239958301187 2.34675002098 1.00436401367 0.338622540236 2.45107150078 1.05268526077 0.338803201914 2.45125174522 1.05388343334 0.341404974461 2.44819664955 1.05272400379 0.341680586338 2.44847226143 1.0538932085 0.339115679264 2.45156407356 1.05169034004 0.342081129551 2.44887328148 1.05162262917 0.34235650301 2.44914865494 1.05442738533 0.339856892824 2.45230507851 1.05441296101 0.340146690607 2.45259547234 1.05172407627 0.342939674854 2.44973158836 1.0517166853 0.34328904748 2.45008063316 1.05380010605 0.343409895897 2.45020151138 1.05258893967 0.340652257204 2.4531006813 1.05313694477 0.268311262131 2.38075995445 1.35855364799 0.271329790354 2.37812161446 1.36028623581 0.271139651537 2.37793111801 1.35860598087 0.268363922834 2.38081264496 1.35989177227 0.271809220314 2.37860107422 1.35783946514 0.268961936235 2.38141012192 1.36059498787 0.269367486238 2.38181638718 1.35773956776 0.27243500948 2.37922644615 1.3605632782 0.272746860981 2.37953901291 1.35807025433 0.269813477993 2.38226246834 1.36041426659 0.270304948092 2.38275337219 1.35898661613 0.273078292608 2.3798699379 1.35958135128 0.324518829584 2.43696737289 1.319891572 0.327637910843 2.43442940712 1.32086408138 0.327408224344 2.43420028687 1.31981730461 0.327883958817 2.43467521667 1.31864750385 0.325178802013 2.43762779236 1.3186057806 0.32505607605 2.43750476837 1.32114207745 0.328420579433 2.43521237373 1.32137024403 0.326003670692 2.43845248222 1.32128763199 0.329000294209 2.43579220772 1.31872630119 0.326018095016 2.43846654892 1.31862783432 0.329199194908 2.43599057198 1.32084667683 0.326632559299 2.43908143044 1.3198223114 0.32941660285 2.43620800972 1.31978905201 0.348953276873 2.45574474335 1.27346611023 0.346034377813 2.45848250389 1.27401721478 0.348965913057 2.45575761795 1.27480649948 0.346399128437 2.45884776115 1.2729139328 0.346302598715 2.45875096321 1.27504849434 0.349514991045 2.45630693436 1.27270519733 0.350153774023 2.45694541931 1.27551150322 0.347194999456 2.45964384079 1.27550160885 0.347397714853 2.45984625816 1.27269077301 0.350620090961 2.45741176605 1.27298402786 0.347954332829 2.46040296555 1.27469980717 0.347996920347 2.46044540405 1.27359414101 0.350847393274 2.45763897896 1.27441060543 0.307396292686 2.41418790817 1.36226117611 0.304231852293 2.416680336 1.36326134205 0.307162821293 2.4139547348 1.36394393444 0.304890781641 2.41733956337 1.36197531223 0.304920017719 2.41736888885 1.36465704441 0.308316677809 2.41510868073 1.36475586891 0.30840626359 2.41519856453 1.36189591885 0.306004554033 2.41845321655 1.36216688156 0.305778890848 2.41822719574 1.36455094814 0.309035331011 2.41582727432 1.36267983913 0.309087127447 2.41587877274 1.36377847195 0.306275159121 2.41872406006 1.36370706558 0.371070176363 2.47786188126 1.13034975529 0.367804229259 2.48025226593 1.13180720806 0.370704174042 2.47749590874 1.13209879398 0.368517905474 2.48096632957 1.13015174866 0.36874204874 2.48119044304 1.13305413723 0.371604204178 2.47839617729 1.13303637505 0.372274547815 2.4790661335 1.13038003445 0.369794487953 2.48224282265 1.13085734844 0.372473210096 2.47926545143 1.13249719143 0.369678139687 2.4821267128 1.13243710995 0.372690021992 2.47948217392 1.13144397736 0.366430044174 2.47887849808 1.18545293808 0.366191834211 2.47864079475 1.18712317944 0.368946909904 2.47573876381 1.18628013134 0.369221866131 2.47601413727 1.18744874001 0.369625329971 2.47641682625 1.18517613411 0.369897842407 2.47668981552 1.1879837513 0.367126226425 2.47957491875 1.18798792362 0.367507517338 2.47995638847 1.18516182899 0.370568454266 2.47736024857 1.18532705307 0.370766937733 2.47755861282 1.18744468689 0.36803367734 2.48048210144 1.18728864193 0.368106752634 2.48055529594 1.18606448174 0.370984107256 2.47777605057 1.1863912344 0.369671314955 2.48212003708 1.07863330841 0.369514614344 2.48196291924 1.08008122444 0.372300177813 2.47909188271 1.07926297188 0.372523337603 2.4793150425 1.08056521416 0.372944235802 2.47973608971 1.0782790184 0.370094299316 2.48254299164 1.08099079132 0.373306721449 2.48009872437 1.08107209206 0.370826452971 2.48327541351 1.0782648325 0.374049127102 2.48084068298 1.07855796814 0.371033877134 2.48348259926 1.08083260059 0.374211400747 2.48100328445 1.08036220074 0.371518880129 2.48396754265 1.07952558994 0.343016088009 2.45546460152 1.22469842434 0.345926463604 2.45271205902 1.22504985332 0.345814108849 2.45261073112 1.22410273552 0.343417704105 2.45586633682 1.2231014967 0.345799297094 2.45277500153 1.22369503975 0.346336960793 2.45312619209 1.22296965122 0.3440797925 2.45652866364 1.22593986988 0.346559286118 2.45322084427 1.22580337524 0.344323217869 2.45677161217 1.22282767296 0.34676617384 2.45324325562 1.22278559208 0.347531318665 2.45433449745 1.22567951679 0.347301959991 2.45424985886 1.22284662724 0.345017910004 2.45746707916 1.22347140312 0.347899734974 2.45485424995 1.2249546051 0.345137476921 2.45758605003 1.22489750385 0.34789159894 2.45468902588 1.22347545624 0.34807485342 2.45485711098 1.22440814972 0.345667421818 2.45274138451 1.22451519966 0.346223950386 2.45278120041 1.22322642803 0.34588009119 2.45324540138 1.22550606728 0.347160637379 2.45417141914 1.22585868835 0.347138404846 2.4534099102 1.22592973709 0.346915721893 2.4538667202 1.22272062302 0.347495138645 2.45483636856 1.22541463375 0.347863018513 2.45435023308 1.22314882278 0.347735285759 2.45510149002 1.22385597229 0.26473325491 2.37718200684 1.33750092983 0.264580994844 2.37702941895 1.3390545845 0.267315924168 2.37410783768 1.33843302727 0.268046379089 2.37483787537 1.33693170547 0.267828702927 2.37462043762 1.33968055248 0.265735358 2.37818408012 1.33684146404 0.265582054853 2.3780310154 1.33998441696 0.268638134003 2.3754298687 1.33993840218 0.26929679513 2.37608861923 1.33739411831 0.266555041075 2.37900352478 1.33923602104 0.269445538521 2.37623739243 1.33907055855 0.266611814499 2.3790602684 1.33780217171 0.239863708615 2.34665560722 1.34456157684 0.23684707284 2.34929585457 1.34481966496 0.239577278495 2.34636878967 1.34594154358 0.237009093165 2.34945774078 1.34675621986 0.24004034698 2.34683251381 1.34692049026 0.237947955728 2.35039663315 1.34412658215 0.240833133459 2.34762501717 1.34413778782 0.240850433707 2.34764194489 1.34717953205 0.238078519702 2.35052728653 1.34716248512 0.238794609904 2.3512430191 1.34491300583 0.241703957319 2.34849572182 1.34510695934 0.24154406786 2.34833598137 1.34651970863 0.238800480962 2.35124921799 1.34634792805 0.307521492243 2.41997027397 1.03724110126 0.310439705849 2.41723132133 1.03859555721 0.310351490974 2.41714310646 1.03729403019 0.307602703571 2.42005109787 1.03854012489 0.311085939407 2.41787791252 1.03630244732 0.308385521173 2.42083406448 1.03626394272 0.308427065611 2.42087554932 1.03939032555 0.311198532581 2.41799020767 1.03933417797 0.311992734671 2.41878414154 1.03655266762 0.31216943264 2.41896128654 1.03890812397 0.309268474579 2.42171740532 1.03666782379 0.309360742569 2.42180895805 1.03882408142 0.312454283237 2.41924643517 1.03753101826 0.309641927481 2.4220905304 1.03771591187 0.329961270094 2.43675279617 1.0659044981 0.326931744814 2.43938040733 1.06714165211 0.32977822423 2.43656992912 1.0670491457 0.327215820551 2.43966460228 1.06575393677 0.330474853516 2.43726682663 1.06826484203 0.330748260021 2.43754005432 1.06521034241 0.327627778053 2.44007611275 1.06818985939 0.328148454428 2.44059729576 1.06518936157 0.328553944826 2.44100260735 1.06814146042 0.331792533398 2.43858480453 1.06768548489 0.331754118204 2.43854570389 1.06586158276 0.329153478146 2.44160199165 1.06652593613 0.354881048203 2.46167254448 1.14424180984 0.351855129004 2.46430325508 1.14519751072 0.354720264673 2.46151232719 1.14565503597 0.35225597024 2.46470475197 1.14387786388 0.352368324995 2.46481704712 1.1464381218 0.355574041605 2.46236610413 1.14358353615 0.355504661798 2.46229577065 1.14658212662 0.353255331516 2.46570372581 1.14362168312 0.353475123644 2.46592378616 1.14647555351 0.356326431036 2.46311783791 1.14643371105 0.356629014015 2.46342110634 1.14407265186 0.354074656963 2.46652340889 1.14486002922 0.356819450855 2.46361088753 1.14548242092 0.317409902811 2.42985844612 1.29496324062 0.317300885916 2.42974948883 1.29639816284 0.320055902004 2.4268476963 1.2956379652 0.320463359356 2.42725539207 1.29695296288 0.32085609436 2.42764759064 1.29420423508 0.318075299263 2.43052387238 1.29426050186 0.318206787109 2.43065524101 1.29729688168 0.321550428867 2.42834234238 1.29725122452 0.319223076105 2.43167161942 1.29475414753 0.321912556887 2.4287045002 1.29466843605 0.319234281778 2.43168330193 1.2967056036 0.322261750698 2.42905378342 1.29588580132 0.371514499187 2.47830581665 1.2025052309 0.3515419662 2.46399068832 1.27712452412 0.354370743036 2.46116280556 1.27712285519 0.368540555239 2.48098921776 1.20313763618 0.374895840883 2.48168730736 1.18778693676 0.372067719698 2.4845161438 1.18778514862 0.31802842021 2.43047714233 1.34877038002 0.306078493595 2.41852688789 1.37428677082 0.309007078409 2.41579914093 1.3740940094 0.316429108381 2.42322134972 1.35823595524 0.344338178635 2.45113039017 1.29857182503 0.326838344336 2.43928718567 1.32993626595 0.345223218203 2.4576716423 1.29063344002 0.304989010096 2.41743803024 1.37446594238 0.307817161083 2.4146091938 1.3744661808 0.235361859202 2.34781050682 1.33451485634 0.296884745359 2.4093337059 1.33635520935 0.238215744495 2.34500718117 1.33451509476 0.299978584051 2.40676999092 1.33636200428 0.29775851965 2.41020679474 1.33590173721 0.300727188587 2.40751934052 1.33559048176 0.338363617659 2.44515562057 1.25192844868 0.335534155369 2.44798278809 1.25193142891 0.348645299673 2.46109390259 1.19486618042 0.351474046707 2.4582657814 1.19486403465 0.352969408035 2.46541786194 1.09589660168 0.35580226779 2.46259403229 1.09578943253 0.352683931589 2.46513271332 1.09465038776 0.355458825827 2.46225047112 1.09459722042 0.325646430254 2.43809580803 1.06808531284 0.304682284594 2.41147351265 1.04470956326 0.301948428154 2.41439676285 1.0448025465 0.301528602839 2.41397714615 1.04381108284 0.301687538624 2.41413593292 1.04219794273 0.304318517447 2.41111016273 1.04346513748 0.304606974125 2.41139888763 1.04208612442 0.315871417522 2.42266345024 1.02840805054 0.313188552856 2.42563700676 1.02826249599 0.317101538181 2.42389273643 1.02847087383 0.314260751009 2.42671012878 1.02851462364 0.378501176834 2.48529314995 1.07153356075 0.375669062138 2.48811841011 1.07176506519 0.374863117933 2.48731184006 1.07033920288 0.377691358328 2.4844827652 1.07033932209 0.242378100753 2.34916996956 1.3424860239 0.242762699723 2.34955406189 1.34130203724 0.242379546165 2.34917116165 1.34296548367 0.242938101292 2.3497300148 1.34108197689 0.243136703968 2.34992790222 1.34090602398 0.243353098631 2.35014510155 1.34077894688 0.243684366345 2.35047602654 1.34068024158 0.242779120803 2.34891438484 1.34199941158 0.244573697448 2.35136580467 1.35605323315 0.242615506053 2.34940695763 1.34156000614 0.243386700749 2.35017800331 1.35831201077 0.254767090082 2.36155891418 1.36125504971 0.243080884218 2.34980392456 1.35833740234 0.243613004684 2.3504049778 1.35823404789 0.243827193975 2.35061907768 1.35810494423 0.302012443542 2.40880417824 1.34242498875 0.244023606181 2.35081505775 1.35792803764 0.244196802378 2.35098910332 1.35770797729 0.244341999292 2.35113406181 1.35745096207 0.244455501437 2.35124707222 1.35716295242 0.244534000754 2.35132598877 1.35685300827 0.244575500488 2.35136699677 1.35652899742 0.290102601051 2.39689493179 1.36125504971 0.302352011204 2.40914392471 1.34231996536 0.30257371068 2.40936493874 1.34218502045 0.302776008844 2.40956807137 1.34199905396 0.303027957678 2.40981960297 1.3416544199 0.342134594917 2.44892644882 1.25472414494 0.311264932156 2.41805720329 1.04276204109 0.31132760644 2.4181189537 1.04341697693 0.311277210712 2.4180688858 1.04309475422 0.311356812716 2.41814804077 1.04211401939 0.311291903257 2.41808390617 1.04243302345 0.311415195465 2.41820693016 1.04372394085 0.311457902193 2.41825008392 1.0418150425 0.311537414789 2.41832900047 1.0440069437 0.311659425497 2.41845178604 1.04142713547 0.311766058207 2.41855835915 1.04436409473 0.318872570992 2.4256644249 1.03266477585 0.334955990314 2.44174814224 1.04084551334 0.334106951952 2.44089889526 1.06631338596 0.318851709366 2.4256439209 1.0298500061 0.31859010458 2.42537999153 1.0295497179 0.319002509117 2.42579388618 1.03010094166 0.319072514772 2.42586398125 1.03228104115 0.319122195244 2.42591404915 1.03038394451 0.31917360425 2.42596507072 1.0319839716 0.319207489491 2.42600011826 1.03068995476 0.319238901138 2.42603111267 1.03166794777 0.319256097078 2.42604804039 1.03101205826 0.319266706705 2.42605900764 1.03134095669 0.359456032515 2.46624851227 1.05775392056 0.359563350677 2.46635532379 1.09132277966 0.342257142067 2.44904851913 1.25439834595 0.355649799109 2.46244192123 1.1961067915 0.355686277151 2.4624786377 1.19573795795 0.359752088785 2.46654391289 1.0915440321 0.359909296036 2.46670103073 1.09180355072 0.36003229022 2.46682405472 1.09209704399 0.360170841217 2.46696305275 1.09309005737 0.360165566206 2.46695685387 1.09275007248 0.360118597746 2.46690988541 1.09241497517 0.23754927516 2.34999752045 1.35700249672 0.234098955989 2.34654784203 1.33644390106 0.234584137797 2.34703278542 1.33503139019 0.259697437286 2.37214612961 1.36318731308 0.238577485085 2.3510260582 1.35792803764 0.286355137825 2.39880418777 1.36982595921 0.340965151787 2.45341396332 1.0469442606 0.345610409975 2.45805907249 1.24924099445 0.360069036484 2.47251749039 1.06012940407 0.240367606282 2.3471596241 1.35695874691 0.236922383308 2.34371376038 1.3363969326 0.241395026445 2.34818673134 1.35798680782 0.237463086843 2.34425497055 1.33496797085 -0.36895096302 1.74349784851 1.31587934494 -0.368044018745 1.74440431595 1.31523144245 -0.373725444078 1.73872327805 1.28858053684 -0.369982600212 1.7424659729 1.38632702827 -0.369016647339 1.74343121052 1.31757211685 -0.367241501808 1.7452069521 1.45787394047 -0.367947727442 1.74450099468 1.31833600998 -0.367008090019 1.74544012547 1.31609404087 -0.363424658775 1.74902391434 1.31797897816 -0.367158532143 1.74528968334 1.31765282154 -0.365916550159 1.74653685093 1.49251687527 -0.365513086319 1.74693024158 1.49393773079 -0.363904327154 1.7485473156 1.45672309399 -0.363187938929 1.74926054478 1.45505857468 -0.362896442413 1.74955248833 1.45824098587 -0.363988041878 1.74846053123 1.49518561363 -0.362202882767 1.75024628639 1.455093503 -0.361872941256 1.75057649612 1.45772278309 -0.361508727074 1.75094044209 1.45627605915 -0.360822737217 1.75162446499 1.31484305859 -0.359808117151 1.75264036655 1.31476342678 -0.361323624849 1.75113022327 1.31578660011 -0.356696069241 1.75575208664 1.28946423531 -0.360207676888 1.75210106373 1.31777048111 -0.361223310232 1.75122570992 1.31695437431 -0.357634902 1.75481402874 1.31797897816 -0.359335035086 1.75312077999 1.31695449352 -0.359233558178 1.75321531296 1.31578671932 -0.354674756527 1.75777745247 1.25919246674 -0.355093926191 1.75735521317 1.25773572922 -0.354652613401 1.75779771805 1.25658643246 -0.321371734142 1.79107689857 1.18666815758 -0.34867054224 1.7637783289 1.26356065273 -0.353180348873 1.75926852226 1.38128399849 -0.355959385633 1.75648868084 1.45512890816 -0.354921728373 1.75752651691 1.45432853699 -0.349626868963 1.76282155514 1.47402393818 -0.355894654989 1.75656497478 1.45693349838 -0.354815244675 1.75741970539 1.45762467384 -0.35388469696 1.75856590271 1.45512890816 -0.353949606419 1.75848960876 1.4569337368 -0.353643208742 1.75880491734 1.25641715527 -0.35329541564 1.75915896893 1.25908458233 -0.352949261665 1.75950157642 1.25746369362 -0.322495371103 1.78995347023 1.22288155556 -0.348768562078 1.76367986202 1.26472938061 -0.347909837961 1.76453280449 1.26281237602 -0.348271548748 1.76417779922 1.26567232609 -0.347250759602 1.76518678665 1.26575279236 -0.337252050638 1.77519500256 1.48562216759 -0.349013835192 1.76343393326 1.47563147545 -0.337129086256 1.77519857883 1.48715531826 -0.346860170364 1.76558101177 1.2633125782 -0.346668034792 1.76575517654 1.26473045349 -0.294883340597 1.81756591797 1.14537835121 -0.29694133997 1.81552278996 1.1450240612 -0.296532422304 1.81591892242 1.14342188835 -0.283770263195 1.82867836952 1.11347830296 -0.295828163624 1.81661760807 1.14619576931 -0.295445352793 1.81700253487 1.14311265945 -0.294785320759 1.81766247749 1.1442104578 -0.276564747095 1.83588373661 1.13347876072 -0.290375590324 1.82207679749 1.15007853508 -0.289629518986 1.82281923294 1.14954972267 -0.290613502264 1.82183527946 1.15120518208 -0.289054483175 1.82339632511 1.15253663063 -0.290238976479 1.82221078873 1.1522564888 -0.288750529289 1.82369065285 1.14996516705 -0.288461178541 1.82398867607 1.15120506287 -0.266948759556 1.84550035 1.11723721027 -0.266712367535 1.8457429409 1.11610746384 -0.282682538033 1.82976615429 1.11260259151 -0.265577733517 1.84687316418 1.11553990841 -0.235820621252 1.87662923336 1.11260485649 -0.265216261148 1.84723198414 1.12677752972 -0.234410136938 1.87803828716 1.13030815125 -0.266588836908 1.84584665298 1.12688481808 -0.275470495224 1.83696305752 1.1326032877 -0.266948789358 1.84550035 1.12823712826 -0.266353756189 1.84609150887 1.1185656786 -0.266354858875 1.84609246254 1.12956571579 -0.236322388053 1.87612712383 1.1326007843 -0.265087366104 1.84735524654 1.11820876598 -0.265167981386 1.84727489948 1.12928545475 -0.264796614647 1.84765219688 1.11683297157 -0.2647960186 1.84765291214 1.12823462486 -0.234421864152 1.878028512 1.1147531271 -0.234911769629 1.87679219246 1.13210070133 -0.233693659306 1.87875521183 1.13042378426 -0.203268676996 1.90917944908 1.11778342724 -0.233694344759 1.87876069546 1.1149481535 -0.232020869851 1.88042783737 1.11260247231 -0.203235834837 1.90921294689 1.12743616104 -0.202421203256 1.91002774239 1.12657940388 -0.190400600433 1.92204797268 1.12260103226 -0.202233061194 1.91021633148 1.11864578724 -0.232706442475 1.87975120544 1.13219869137 -0.231760159135 1.8806886673 1.1326007843 -0.233025074005 1.87929582596 1.11346137524 -0.203018531203 1.90943169594 1.11599600315 -0.202045232058 1.91040492058 1.11557936668 -0.185423463583 1.92702507973 1.11260223389 -0.202429279685 1.91002202034 1.1296659708 -0.203212410212 1.90923643112 1.12874674797 -0.192628830671 1.91981983185 1.13260257244 -0.201447963715 1.9109967947 1.12699460983 -0.201469525695 1.91097962856 1.11818194389 -0.201197683811 1.91125178337 1.1287842989 -0.201411962509 1.91103339195 1.11612522602 -0.201140224934 1.91130781174 1.11710143089 -0.191540881991 1.92090773582 1.13347828388 -0.184334591031 1.92811441422 1.11347901821 -0.17963629961 1.93281030655 1.15147733688 -0.179408818483 1.93304407597 1.15007960796 -0.15687918663 1.95556950569 1.20094573498 -0.178570508957 1.93388223648 1.14952731133 -0.177731692791 1.93471717834 1.15007865429 -0.179023519158 1.93342244625 1.15245723724 -0.178194925189 1.93425476551 1.15252387524 -0.17749927938 1.93494951725 1.15147745609 -0.173278734088 1.93916988373 1.14394152164 -0.172464638948 1.93998467922 1.14308452606 -0.172271952033 1.94016933441 1.14619576931 -0.173224240541 1.93922841549 1.14537835121 -0.148138895631 1.96430969238 1.1839325428 -0.171653911471 1.94078969955 1.14335393906 -0.171327441931 1.94111847878 1.14537715912 -0.171220600605 1.94120538235 1.1442091465 -0.13086655736 1.9815915823 1.48717522621 -0.119091168046 1.99335801601 1.47563147545 -0.130903080106 1.98156356812 1.48565864563 -0.104259617627 2.0081884861 1.49514496326 -0.119434535503 1.99301362038 1.26356065273 -0.121327452362 1.99112451077 1.26355755329 -0.12037782371 1.99206519127 1.26274514198 -0.120925024152 1.99151849747 1.26567196846 -0.121412806213 1.9910119772 1.26472759247 -0.111648760736 2.0007994175 1.28898870945 -0.119912147522 1.99253690243 1.26575255394 -0.119336411357 1.99311196804 1.26472938061 -0.118477769196 1.99397039413 1.47402250767 -0.115162990987 1.99728405476 1.25813686848 -0.114868357778 1.99757730961 1.25676107407 -0.113702632487 1.99874508381 1.25637590885 -0.110470302403 2.00197792053 1.25725495815 -0.113998971879 1.99846553802 1.2594281435 -0.114778578281 1.99767553806 1.25903046131 -0.106403879821 2.00604462624 1.26517009735 -0.11417029798 1.99827754498 1.45515811443 -0.113670803607 1.99877750874 1.45449960232 -0.115521550179 1.99692702293 1.39685797691 -0.106572672725 2.0058760643 1.4563485384 -0.113285496831 1.99936795235 1.45762479305 -0.113922022283 1.99853312969 1.45721364021 -0.114329002798 1.99811565876 1.45626246929 -0.11268491298 1.99976360798 1.45446312428 -0.0974153205752 2.01503372192 1.36786353588 -0.113204732537 1.9992480278 1.25874495506 -0.113012753427 1.99943709373 1.25760102272 -0.112213112414 2.00022959709 1.45693349838 -0.112070120871 2.00037813187 1.45555460453 -0.111437223852 2.00101137161 1.29023706913 -0.10892084986 2.00352883339 1.31618046761 -0.108393877745 2.0040564537 1.31480681896 -0.108653441072 2.00380373001 1.31715488434 -0.107783451676 2.00457620621 1.3177703619 -0.10109693557 2.01135158539 1.31609225273 -0.107279352844 2.00516629219 1.31484365463 -0.107073113322 2.00575375557 1.3169580698 -0.106781952083 2.00566315651 1.31578886509 -0.105957485735 2.00649118423 1.45508432388 -0.106278337538 2.00616550446 1.457680583 -0.105569638312 2.00687885284 1.45817506313 -0.104969650507 2.00747895241 1.45506668091 -0.102993384004 2.00945258141 1.4944729805 -0.104701608419 2.00774788857 1.45790278912 -0.100863702595 2.01158499718 1.45787394047 -0.104244060814 2.00820541382 1.45621061325 -0.102205514908 2.01023697853 1.49292159081 -0.100061252713 2.01238775253 1.31523144245 -0.0943805798888 2.0180683136 1.28858971596 -0.100897423923 2.01155042648 1.3177703619 -0.100061282516 2.01238775253 1.31832170486 -0.0991543605924 2.01329445839 1.31587958336 -0.099088139832 2.01336050034 1.31757211685 -0.255265802145 1.85718297958 1.17260098457 -0.254812926054 1.85764193535 1.14309322834 -0.255262285471 1.85718142986 1.13463389874 -0.254606425762 1.85784268379 1.14153540134 -0.254120290279 1.85832881927 1.14401209354 -0.252910763025 1.85953807831 1.14336931705 -0.255265802145 1.85718297958 1.23260104656 -0.254791975021 1.85766470432 1.2019841671 -0.253851473331 1.8585973978 1.20111763477 -0.253153800964 1.85929501057 1.20377898216 -0.254606038332 1.85784435272 1.20366883278 -0.214777678251 1.89767074585 1.20388615131 -0.254149258137 1.85829997063 1.26123642921 -0.253209084272 1.85923957825 1.2614262104 -0.254892170429 1.85755312443 1.26226747036 -0.255265802145 1.85718297958 1.29260098934 -0.25418356061 1.85826468468 1.26406753063 -0.234052598476 1.87839603424 1.32260107994 -0.255265802145 1.85718297958 1.35260105133 -0.254791975021 1.85766470432 1.32198417187 -0.25402712822 1.8584215641 1.32118046284 -0.25460600853 1.85784435272 1.32366895676 -0.253153800964 1.85929501057 1.32377898693 -0.255265802145 1.85718297958 1.41260099411 -0.254812628031 1.85764157772 1.38309323788 -0.254737943411 1.85771739483 1.38188028336 -0.25402700901 1.85842168331 1.38118052483 -0.254120290279 1.85832881927 1.38401210308 -0.234052598476 1.87839603424 1.43296504021 -0.25297832489 1.85947060585 1.38346683979 -0.254792362452 1.85766506195 1.44198417664 -0.25402712822 1.8584215641 1.44118046761 -0.255263209343 1.85718584061 1.46145272255 -0.253153651953 1.85929489136 1.4437789917 -0.254606097937 1.85784447193 1.44366896152 -0.254146397114 1.8583022356 1.46265554428 -0.254380464554 1.85806727409 1.13310730457 -0.253239989281 1.85920846462 1.14136564732 -0.234052598476 1.87839603424 1.13310098648 -0.252977520227 1.8594712019 1.32173705101 -0.253047883511 1.85940086842 1.38164889812 -0.252977341413 1.85947096348 1.44173705578 -0.2528668046 1.85958254337 1.26318585873 -0.252915322781 1.85953330994 1.20198404789 -0.215190038085 1.89725875854 1.14321780205 -0.215100228786 1.89734911919 1.14176356792 -0.213724806905 1.89872467518 1.13310730457 -0.214515656233 1.89793276787 1.14397859573 -0.213051497936 1.89939701557 1.17260098457 -0.21528428793 1.89716470242 1.20221114159 -0.215282782912 1.8971657753 1.26247417927 -0.214441239834 1.89800691605 1.26108753681 -0.213051497936 1.89939701557 1.23260104656 -0.214777812362 1.89767074585 1.26388609409 -0.213051497936 1.89939701557 1.29260098934 -0.214951485395 1.89749705791 1.32377898693 -0.215190172195 1.89725887775 1.32198405266 -0.214253351092 1.89819467068 1.32111752033 -0.213051497936 1.89939701557 1.35260105133 -0.215282782912 1.8971657753 1.38247418404 -0.214441239834 1.89800691605 1.38108754158 -0.213051497936 1.89939701557 1.41260099411 -0.214777812362 1.89767074585 1.38388609886 -0.215189933777 1.89725863934 1.44198405743 -0.214253336191 1.89819478989 1.4411175251 -0.212842822075 1.89960563183 1.46108400822 -0.215007051826 1.89744150639 1.44366908073 -0.213686957955 1.89876055717 1.46264863014 -0.214254006743 1.89819538593 1.20111751556 -0.214072421193 1.89837729931 1.14114069939 -0.213559925556 1.89889717102 1.4437789917 -0.213584572077 1.8988724947 1.14373862743 -0.213500827551 1.89894926548 1.20366895199 -0.213911771774 1.89853715897 1.26393032074 -0.213500857353 1.89894926548 1.32366895676 -0.213911771774 1.89853715897 1.38393032551 -0.212840288877 1.89960980415 1.13463687897 -0.21331115067 1.89912509918 1.20198392868 -0.213367044926 1.89907443523 1.2618803978 -0.213311165571 1.89912509918 1.26321792603 -0.21331115067 1.89912509918 1.32198393345 -0.213367044926 1.89907443523 1.38188040257 -0.213311165571 1.89912509918 1.38321793079 -0.213310703635 1.89912462234 1.44198393822 -0.213256523013 1.89919376373 1.14222311974 -0.36487647891 1.74757170677 1.49596726894 -0.365813523531 1.74715149403 1.4968675375 -0.365712583065 1.74673521519 1.49777472019 -0.359745264053 1.7527012825 1.503729105 -0.333200097084 1.77924823761 1.48648428917 -0.361502468586 1.75094628334 1.60766732693 -0.360157221556 1.75229120255 1.50480079651 -0.359242469072 1.75320994854 1.50634491444 -0.359939724207 1.75252258778 1.50585210323 -0.360840469599 1.75160264969 1.60892808437 -0.349888205528 1.76256000996 1.58764398098 -0.352502554655 1.75994610786 1.61021888256 -0.35275760293 1.75969111919 1.60905301571 -0.347152024508 1.76529741287 1.61407911777 -0.352418959141 1.76002991199 1.60820031166 -0.358982622623 1.753469944 1.50353145599 -0.358417004347 1.7540242672 1.50595700741 -0.358509212732 1.75394189358 1.5038434267 -0.358151912689 1.7543040514 1.5046762228 -0.351873040199 1.76057577133 1.60783195496 -0.351791352034 1.76065278053 1.61067581177 -0.351136893034 1.76131558418 1.61038565636 -0.345673710108 1.76677429676 1.61314868927 -0.351278722286 1.76116931438 1.60799622536 -0.350847661495 1.76160109043 1.60859692097 -0.350761204958 1.76168692112 1.60956549644 -0.346570432186 1.76611304283 1.61402416229 -0.323225557804 1.78922307491 1.51927471161 -0.305228352547 1.80722010136 1.5028334856 -0.323946744204 1.78850209713 1.52009689808 -0.337892651558 1.77455568314 1.56572258472 -0.337806373835 1.77464282513 1.5666924715 -0.337375313044 1.77507376671 1.56729185581 -0.336055487394 1.77638697624 1.56681132317 -0.336692452431 1.77575838566 1.56745040417 -0.337517410517 1.77492809296 1.56490206718 -0.336858361959 1.77559041977 1.56461310387 -0.33629399538 1.77615463734 1.56492125988 -0.335907548666 1.77653563023 1.56573307514 -0.303869903088 1.80857849121 1.48327612877 -0.303769350052 1.80868244171 1.48230969906 -0.303145617247 1.80930423737 1.48165416718 -0.294618546963 1.81782972813 1.47493553162 -0.303146779537 1.8093020916 1.4844096899 -0.303650349379 1.80879831314 1.4839425087 -0.302374750376 1.81007254124 1.48178386688 -0.302543759346 1.80990481377 1.48436152935 -0.302002042532 1.81044638157 1.48375582695 -0.301912695169 1.81053876877 1.48266160488 -0.255267471075 1.85718119144 1.49893212318 -0.290980815887 1.82146668434 1.50605905056 -0.29058021307 1.82186698914 1.50511646271 -0.289735496044 1.82270157337 1.50482642651 -0.290816813707 1.82163178921 1.50700724125 -0.290283977985 1.82216894627 1.50762796402 -0.289505302906 1.82293832302 1.50752317905 -0.289024591446 1.8234244585 1.50570714474 -0.289036870003 1.82340800762 1.50680696964 -0.247433975339 1.86501455307 1.46617257595 -0.255264252424 1.8571844101 1.4631562233 -0.247470706701 1.86497795582 1.46526038647 -0.247118115425 1.86533153057 1.46681427956 -0.234052598476 1.87839603424 1.47439396381 -0.246427193284 1.86602175236 1.46720170975 -0.247116863728 1.86533606052 1.46449434757 -0.24641084671 1.86600553989 1.46411120892 -0.234052598476 1.87839603424 1.46315598488 -0.245587363839 1.8668551445 1.46466255188 -0.245655953884 1.8667910099 1.4667301178 -0.245350420475 1.86709785461 1.46578907967 -0.234833434224 1.87761569023 1.49500441551 -0.23414106667 1.87830746174 1.49451112747 -0.234637662768 1.87782251835 1.49709892273 -0.235058113933 1.87739312649 1.49618172646 -0.212838456035 1.89961016178 1.49893212318 -0.233881041408 1.87857580185 1.49735248089 -0.23355256021 1.87889611721 1.49470698833 -0.233282983303 1.87916791439 1.49683523178 -0.23318657279 1.87926161289 1.49522531033 -0.233046814799 1.87939977646 1.49605607986 -0.222685262561 1.88976359367 1.46617257595 -0.222721889615 1.88972687721 1.46526038647 -0.222369447351 1.89008653164 1.46449422836 -0.221859678626 1.890583992 1.46416378021 -0.212840512395 1.89960753918 1.4631562233 -0.221677839756 1.89077007771 1.46720170975 -0.222369298339 1.89008069038 1.46681439877 -0.221288844943 1.89111626148 1.46423339844 -0.220907762647 1.89154028893 1.46673023701 -0.220794245601 1.89165759087 1.46478044987 -0.220601812005 1.89184677601 1.46578967571 -0.165310502052 1.94713807106 1.48448741436 -0.179075181484 1.93337345123 1.50576972961 -0.178652122617 1.93380892277 1.50500524044 -0.177966609597 1.93448758125 1.50486040115 -0.178647264838 1.93382441998 1.50747799873 -0.179093346 1.93335437775 1.50674533844 -0.144879519939 1.96756911278 1.51927483082 -0.177961662412 1.93449509144 1.50767302513 -0.177291378379 1.93516135216 1.50541555882 -0.177199944854 1.93524944782 1.50687301159 -0.166102975607 1.94634521008 1.48375320435 -0.166192740202 1.94625341892 1.48266148567 -0.165730252862 1.94671952724 1.48178374767 -0.165047198534 1.94740104675 1.48163926601 -0.121856980026 1.99059200287 1.49038994312 -0.16437086463 1.9480714798 1.48219358921 -0.164502799511 1.94794511795 1.4840375185 -0.164235025644 1.94821321964 1.48327589035 -0.144158422947 1.96828985214 1.52009689808 -0.13209477067 1.98035275936 1.56669211388 -0.132181689143 1.98026680946 1.56572234631 -0.122489415109 1.98995947838 1.61290132999 -0.131806924939 1.98064029217 1.56490159035 -0.131589755416 1.98086082935 1.5673558712 -0.130968511105 1.98147988319 1.56461250782 -0.130723491311 1.9817250967 1.56734025478 -0.105307243764 2.00714182854 1.57386064529 -0.130298644304 1.98214936256 1.56538569927 -0.13021235168 1.98223602772 1.56635582447 -0.117316998541 1.99513149261 1.60875546932 -0.116785697639 1.99566328526 1.60795605183 -0.117242895067 1.99520719051 1.6099704504 -0.121156014502 1.99132370949 1.61414301395 -0.1164136976 1.99603497982 1.61237299442 -0.116700455546 1.9957511425 1.61057841778 -0.122452504933 1.99075055122 1.61369967461 -0.116008557379 1.99643921852 1.60789430141 -0.116076476872 1.99632763863 1.61062669754 -0.115421310067 1.99702394009 1.60986936092 -0.107518240809 2.00493001938 1.60903060436 -0.115444839001 1.99700379372 1.60864663124 -0.102392368019 2.01005649567 1.49777472019 -0.103224545717 2.00922226906 1.49596965313 -0.109498940408 2.0029528141 1.50370299816 -0.108818739653 2.0036315918 1.5035213232 -0.109851196408 2.00259804726 1.50557649136 -0.109933435917 2.00250649452 1.50461065769 -0.108829580247 2.00362539291 1.50634109974 -0.109427198768 2.00303721428 1.50617730618 -0.102745302022 2.00970292091 1.50698900223 -0.106598570943 2.00585007668 1.60754990578 -0.108196631074 2.00425219536 1.50395429134 -0.108213879168 2.00423979759 1.50589346886 -0.107945017517 2.00450563431 1.50499260426 -0.107398755848 2.00590872765 1.6085562706 -0.102647706866 2.00999999046 1.49687075615 -0.348951250315 1.76349723339 1.7143034935 -0.349564641714 1.76288509369 1.71332347393 -0.356542289257 1.75590658188 1.71741199493 -0.356195658445 1.75625741482 1.71604073048 -0.349326938391 1.76311206818 1.71192467213 -0.343348354101 1.76909840107 1.70498216152 -0.352923691273 1.75952494144 1.75376594067 -0.348845779896 1.76360285282 1.79473257065 -0.348916202784 1.76353192329 1.75937700272 -0.348422646523 1.76402699947 1.75809252262 -0.34137147665 1.77107751369 1.75376594067 -0.348489224911 1.7639592886 1.76057362556 -0.347372531891 1.76507627964 1.76066076756 -0.34848985076 1.76394832134 1.71137332916 -0.348121404648 1.76432704926 1.71437001228 -0.347657769918 1.76478946209 1.71192455292 -0.347303926945 1.76514649391 1.75818109512 -0.347426325083 1.76502287388 1.71332335472 -0.346211671829 1.76623809338 1.81375825405 -0.34702321887 1.7654299736 1.8128849268 -0.346877545118 1.76557064056 1.75937700272 -0.341837108135 1.77060985565 1.70580244064 -0.32395902276 1.78848993778 1.78960645199 -0.340525329113 1.77192389965 1.80917811394 -0.340201109648 1.77226829529 1.80805289745 -0.339489459991 1.77302443981 1.80769526958 -0.323335051537 1.7891138792 1.79054355621 -0.34013324976 1.77232217789 1.81026363373 -0.330630719662 1.78181827068 1.81986308098 -0.339378267527 1.77307033539 1.8105391264 -0.338581234217 1.77379763126 1.80832982063 -0.338634938002 1.77381408215 1.80991375446 -0.336083382368 1.77636647224 1.74766087532 -0.335585594177 1.77686369419 1.74671733379 -0.335984408855 1.77646422386 1.74882948399 -0.33466348052 1.77778482437 1.74950671196 -0.335402578115 1.77704441547 1.7494802475 -0.334758758545 1.7776914835 1.74657988548 -0.33402094245 1.77839899063 1.7473950386 -0.334064036608 1.77839338779 1.74870157242 -0.305028259754 1.80742073059 1.82349944115 -0.304954349995 1.80749666691 1.82228457928 -0.304061383009 1.80837035179 1.82152271271 -0.255266219378 1.85718202591 1.81537592411 -0.300484955311 1.8119635582 1.83167505264 -0.304253935814 1.80819666386 1.82446670532 -0.303162097931 1.80928742886 1.82374930382 -0.303188920021 1.80926382542 1.82228529453 -0.291136115789 1.82131278515 1.80551326275 -0.290748655796 1.82170188427 1.80461919308 -0.290054231882 1.82238233089 1.80423629284 -0.290758103132 1.82164335251 1.80699908733 -0.289674013853 1.82274961472 1.80723309517 -0.289367824793 1.82307124138 1.80461919308 -0.289132624865 1.82331562042 1.8065392971 -0.288984209299 1.82346403599 1.80551302433 -0.234052315354 1.87839567661 1.81996583939 -0.267595589161 1.84485340118 1.83781707287 -0.267372012138 1.84507465363 1.83676540852 -0.266500651836 1.84594762325 1.83623611927 -0.267262101173 1.84518623352 1.8446918726 -0.265995681286 1.8464525938 1.83888673782 -0.267115414143 1.84533298016 1.83897590637 -0.20084041357 1.91160786152 1.84469091892 -0.265765100718 1.84668445587 1.83687353134 -0.265586286783 1.84686279297 1.83781528473 -0.235056266189 1.8773932457 1.81903791428 -0.235031738877 1.87741744518 1.81772840023 -0.234338328242 1.87811040878 1.81686389446 -0.212838903069 1.89960980415 1.81537592411 -0.233349055052 1.87909817696 1.81719326973 -0.23310534656 1.87934100628 1.81914877892 -0.232997655869 1.87945151329 1.81811320782 -0.202511444688 1.90993690491 1.83806800842 -0.20229421556 1.91015350819 1.83676481247 -0.201423376799 1.91102492809 1.83623611927 -0.16762009263 1.94482851028 1.83167505264 -0.177323594689 1.93512511253 1.80699920654 -0.201942011714 1.91051065922 1.83898425102 -0.201251789927 1.91119730473 1.8390686512 -0.200686886907 1.91175985336 1.83687245846 -0.200527817011 1.91192042828 1.83820033073 -0.179120734334 1.93332779408 1.80551278591 -0.178736776114 1.93371987343 1.80461931229 -0.178972885013 1.93347656727 1.80653917789 -0.178050339222 1.93440902233 1.80423629284 -0.144770801067 1.96767807007 1.79054391384 -0.178435310721 1.93404638767 1.80723297596 -0.177356213331 1.93508970737 1.80461907387 -0.176969006658 1.93547916412 1.80551314354 -0.164992660284 1.94745564461 1.82349824905 -0.164916262031 1.94752979279 1.82228541374 -0.164209738374 1.94823873043 1.821585536 -0.141921311617 1.97052741051 1.82160544395 -0.164461135864 1.94798719883 1.82429885864 -0.163097888231 1.94934952259 1.8236259222 -0.163769766688 1.94867348671 1.82438361645 -0.16322927177 1.94921636581 1.8220539093 -0.133921474218 1.97851634026 1.74907779694 -0.134118527174 1.97832405567 1.74779176712 -0.144146084785 1.9683021307 1.78960621357 -0.131166160107 1.98128247261 1.72876048088 -0.127600908279 1.98484802246 1.75376594067 -0.132877320051 1.97957229614 1.74957680702 -0.133683383465 1.97873198986 1.74677169323 -0.13259729743 1.97985112667 1.74663746357 -0.13212145865 1.98032867908 1.74882936478 -0.132021442056 1.98042500019 1.7476606369 -0.119497418404 1.99295115471 1.79712295532 -0.12947575748 1.98290729523 1.80838084221 -0.128702417016 1.9837782383 1.80770075321 -0.129514664412 1.98293530941 1.80972528458 -0.121894262731 1.9905538559 1.81375861168 -0.128173455596 1.98427593708 1.81041491032 -0.128945797682 1.98349606991 1.81047713757 -0.12803645432 1.9844442606 1.80795526505 -0.127686992288 1.98476147652 1.80973160267 -0.127625480294 1.98482298851 1.80875301361 -0.124511562288 1.98793840408 1.70518505573 -0.126320779324 1.98612809181 1.70605289936 -0.125871509314 1.98740684986 1.7050743103 -0.119805581868 1.9926431179 1.71448302269 -0.1206792593 1.99176955223 1.71332335472 -0.111562930048 2.00088524818 1.71741306782 -0.121227234602 1.99122095108 1.75937700272 -0.120801374316 1.9916459322 1.75818109512 -0.120863251388 1.99158585072 1.7604817152 -0.120030865073 1.99241840839 1.76079595089 -0.121083892882 1.99136018753 1.81288778782 -0.120446637273 1.99200177193 1.71192443371 -0.11961364001 1.992841959 1.71137332916 -0.11968049407 1.99276292324 1.75809252262 -0.119443461299 1.9930062294 1.76028645039 -0.119190596044 1.99326169491 1.75937700272 -0.118922792375 1.99352622032 1.7117562294 -0.118772931397 1.99367570877 1.71391022205 -0.111908502877 2.00053882599 1.71604681015 -0.118535324931 1.99391520023 1.71264982224 -0.355763673782 1.75102818012 0.967007517815 -0.358895242214 1.7535533905 0.968752801418 -0.356038540602 1.75075340271 0.968791127205 -0.358715415001 1.75373280048 0.967331409454 -0.355350255966 1.75144147873 0.969669103622 -0.357828885317 1.7546197176 0.966631472111 -0.357844650745 1.75460410118 0.969808697701 -0.354667276144 1.75212442875 0.966770768166 -0.354341596365 1.75245022774 0.969498634338 -0.353930860758 1.75286078453 0.967771053314 -0.356946617365 1.75550210476 0.967355012894 -0.35678383708 1.75566458702 0.968773543835 -0.606456637383 1.50033509731 0.938034176826 -0.609865307808 1.5025831461 0.93964445591 -0.60697966814 1.49981224537 0.939690351486 -0.606211066246 1.50058054924 0.941139042377 -0.609052240849 1.50339615345 0.937909305096 -0.608964800835 1.50348341465 0.941114544868 -0.605178833008 1.50161278248 0.938132345676 -0.607727527618 1.50472140312 0.938425242901 -0.607656896114 1.50479209423 0.94050359726 -0.604899168015 1.50189268589 0.940545856953 -0.604693591595 1.50209820271 0.939177215099 -0.606978833675 1.50546979904 0.950337409973 -0.603782832623 1.50300884247 0.951114475727 -0.604119896889 1.5026717186 0.949089586735 -0.60673648119 1.50571227074 0.948698878288 -0.60325306654 1.50353884697 0.948171913624 -0.606159210205 1.50628960133 0.951337754726 -0.605939090252 1.50650894642 0.948143661022 -0.602310776711 1.50448071957 0.951132178307 -0.602379143238 1.50441277027 0.948394179344 -0.605180621147 1.50726795197 0.951142609119 -0.605009913445 1.50743854046 0.948596179485 -0.60186445713 1.50492751598 0.949582397938 -0.60470354557 1.50774514675 0.949925005436 -0.517234563828 1.59521412849 0.888319611549 -0.517299950123 1.59514868259 0.889753997326 -0.514466404915 1.59232568741 0.888485968113 -0.514322638512 1.5924693346 0.890171408653 -0.513774633408 1.59301745892 0.887622237206 -0.51638174057 1.59606683254 0.887543439865 -0.516583502293 1.59586548805 0.890574872494 -0.51296544075 1.59382688999 0.890525996685 -0.512775242329 1.59401643276 0.887880086899 -0.515491366386 1.59695696831 0.890253901482 -0.515317320824 1.59713160992 0.888317763805 -0.512375175953 1.59441661835 0.889198541641 -0.514516413212 1.59793221951 0.898825705051 -0.514404535294 1.59804475307 0.900253713131 -0.511807262897 1.59498465061 0.899404287338 -0.510890185833 1.59590137005 0.897781670094 -0.511100828648 1.59569096565 0.900781691074 -0.51358550787 1.59886300564 0.897755205631 -0.513502418995 1.59894633293 0.900910019875 -0.510088086128 1.59670388699 0.900700926781 -0.509787201881 1.59700465202 0.898446798325 -0.512524425983 1.59992432594 0.900169491768 -0.512542963028 1.59990596771 0.898605167866 -0.509596526623 1.59719514847 0.899590134621 -0.475852221251 1.63659656048 0.899940311909 -0.472862660885 1.633928895 0.901044130325 -0.472943425179 1.63384771347 0.899744153023 -0.475518584251 1.63692975044 0.901296854019 -0.472405284643 1.63438653946 0.898844838142 -0.47483932972 1.63760912418 0.898616969585 -0.472076743841 1.63471496105 0.901738584042 -0.474756300449 1.63769233227 0.901771843433 -0.471483081579 1.63530886173 0.898811459541 -0.471269786358 1.63552200794 0.901469349861 -0.473778367043 1.63867044449 0.901031255722 -0.473796933889 1.63865184784 0.899466812611 -0.47080257535 1.63598918915 0.900050520897 -0.37924683094 1.73320186138 0.932474553585 -0.376194983721 1.73059666157 0.934063613415 -0.376368194818 1.73042345047 0.932254016399 -0.378982156515 1.73346674442 0.93412643671 -0.378185987473 1.73426270485 0.931439578533 -0.375200241804 1.73159134388 0.931481003761 -0.375048428774 1.73174333572 0.934552192688 -0.377915263176 1.73453307152 0.93454259634 -0.374388217926 1.73240375519 0.932339370251 -0.377187460661 1.73526108265 0.932378470898 -0.377219617367 1.73522877693 0.933687865734 -0.374341130257 1.73245084286 0.933512449265 -0.381689399481 1.73075902462 0.943477630615 -0.37871325016 1.72807812691 0.944305360317 -0.378770053387 1.72802150249 0.94287276268 -0.381353288889 1.73109519482 0.942398607731 -0.381087243557 1.73136138916 0.944949805737 -0.378166019917 1.72862613201 0.942069172859 -0.377543359995 1.72924828529 0.945074021816 -0.38058835268 1.73186016083 0.941945552826 -0.377055823803 1.7297359705 0.9422275424 -0.379987061024 1.73246133327 0.944750189781 -0.379825890064 1.73262298107 0.942420899868 -0.376707136631 1.73008465767 0.94385021925 -0.379496127367 1.73295259476 0.943639934063 -0.351531475782 1.76091742516 0.964808821678 -0.348588496447 1.75820302963 0.965509235859 -0.34863525629 1.75815606117 0.964336454868 -0.351195305586 1.76125323772 0.963729858398 -0.351147919893 1.76130032539 0.965996026993 -0.348097473383 1.75869417191 0.963438391685 -0.347865879536 1.75892579556 0.966322600842 -0.350334763527 1.76211357117 0.96326315403 -0.350355833769 1.76209270954 0.966343939304 -0.347269564867 1.75952196121 0.963371694088 -0.346797734499 1.75999391079 0.96591681242 -0.349608421326 1.76284015179 0.9658228755 -0.346581190825 1.76021099091 0.964248895645 -0.349381178617 1.76306760311 0.964287817478 -0.352529644966 1.75991928577 0.941162109375 -0.335459649563 1.7713316679 1.00314700603 -0.349774122238 1.75701749325 0.940849602222 -0.338176518679 1.77427256107 1.00363922119 -0.338694661856 1.77375364304 1.00575208664 -0.339523226023 1.77292585373 1.00659382343 -0.336467921734 1.77032363415 1.00648248196 -0.335484594107 1.77130723 1.00484442711 -0.349440932274 1.76300799847 1.0111477375 -0.346645087004 1.76014661789 1.0111644268 -0.350709855556 1.76173877716 1.01090836525 -0.351681530476 1.76076757908 1.0095719099 -0.348819881678 1.7579716444 1.00971126556 -0.347796082497 1.75899589062 1.01093459129 -0.36157310009 1.75087594986 0.966520607471 -0.363757014275 1.74869227409 0.957023024559 -0.361037820578 1.74575412273 0.956548035145 -0.364529520273 1.74791908264 0.955609738827 -0.362045735121 1.74474620819 0.955446839333 -0.444918513298 1.66753017902 0.918665587902 -0.493697196245 1.6187517643 0.896251559258 -0.491174727678 1.61561739445 0.896111965179 -0.4706787467 1.6361130476 0.905528903008 -0.386597335339 1.72019445896 0.944164812565 -0.494262814522 1.61818563938 0.89609670639 -0.494955658913 1.61749303341 0.896216332912 -0.492094993591 1.61469721794 0.896199166775 -0.616491258144 1.49595737457 0.962544620037 -0.613750338554 1.49304163456 0.96259278059 -0.545240342617 1.56155204773 0.925201773643 -0.617280006409 1.49516880512 0.964002549648 -0.614475607872 1.4923157692 0.964148819447 -0.617500126362 1.48929190636 0.982703089714 -0.620379269123 1.49206924438 0.982966005802 -0.618177473545 1.48861432076 0.983237147331 -0.621448874474 1.49099934101 0.98300409317 -0.618699908257 1.48809182644 0.982810437679 -0.634938001633 1.4775108099 0.949883282185 -0.631982147694 1.47480940819 0.950210750103 -0.634901762009 1.47754716873 0.948022902012 -0.63218152523 1.47461020947 0.948377370834 -0.634102702141 1.47834599018 0.946429610252 -0.631235539913 1.47555613518 0.946409702301 -0.612427890301 1.49436402321 0.93614345789 -0.53155618906 1.57523560524 0.892009139061 -0.591660320759 1.52078866959 0.923266291618 -0.532442212105 1.58000636101 0.890949010849 -0.514893472195 1.59755504131 0.881372094154 -0.496767789125 1.61002421379 0.873024046421 -0.499486833811 1.61296153069 0.872967064381 -0.604421973228 1.50236999989 0.944063305855 -0.495846539736 1.61094546318 0.872936308384 -0.470717102289 1.63607501984 0.896431207657 -0.469912141562 1.63687968254 0.888345181942 -0.470516353846 1.63627552986 0.889148533344 -0.399406671524 1.70738518238 0.917249679565 -0.468802243471 1.63798940182 0.888503193855 -0.470493108034 1.63629901409 0.890453636646 -0.469586491585 1.6372051239 0.891351640224 -0.468485891819 1.63830637932 0.890403687954 -0.376567304134 1.73022401333 0.938882350922 -0.350692480803 1.75609970093 0.939634859562 -0.498563319445 1.61388480663 0.872986376286 -0.3913166821 1.72113180161 0.922266662121 -0.353308349848 1.75914013386 0.939734697342 -0.607250392437 1.50519800186 0.946578979492 -0.473466962576 1.63898158073 0.889754951 -0.472881317139 1.63956737518 0.888421654701 -0.472054243088 1.64039433002 0.888294279575 -0.472965121269 1.63948404789 0.891017794609 -0.472139209509 1.64030957222 0.891278624535 -0.471344649792 1.64110386372 0.890438854694 -0.471393615007 1.64105510712 0.889004707336 -0.379395693541 1.73305296898 0.936217010021 -0.354138106108 1.75831103325 0.966520607471 -0.556597352028 1.55587804317 1.26025676727 -0.557348370552 1.55510354042 1.26047718525 -0.557567000389 1.55488181114 1.26119327545 -0.55473190546 1.55771660805 1.29901146889 -0.546190202236 1.56625926495 1.27303516865 -0.530274927616 1.58217358589 1.28582441807 -0.530162036419 1.58228635788 1.28471648693 -0.529453337193 1.58299541473 1.28396105766 -0.544922530651 1.56752705574 1.27335977554 -0.531542897224 1.58090472221 1.27645814419 -0.532244086266 1.58020484447 1.27547550201 -0.529897153378 1.58255171776 1.28680217266 -0.531489729881 1.58095908165 1.29314208031 -0.552605509758 1.55984175205 1.30108273029 -0.554021298885 1.55869185925 1.30050599575 -0.532119810581 1.58032894135 1.27395057678 -0.522101461887 1.59034752846 1.26477503777 -0.531250715256 1.58119344711 1.27327978611 -0.530752420425 1.58169305325 1.27642405033 -0.530578076839 1.58187031746 1.27350258827 -0.530137717724 1.58231437206 1.2757242918 -0.530055224895 1.5823956728 1.27433562279 -0.528942584991 1.58350563049 1.28715991974 -0.528765797615 1.5836827755 1.28401100636 -0.469447076321 1.6430015564 1.26979827881 -0.52820110321 1.58424699306 1.28646659851 -0.528207063675 1.58424067497 1.2845915556 -0.528005182743 1.58444356918 1.28552818298 -0.434520930052 1.67792725563 1.25001728535 -0.474882423878 1.63756597042 1.24700856209 -0.434408336878 1.67804002762 1.24872088432 -0.433421611786 1.67902696133 1.24422502518 -0.436500638723 1.67594659328 1.2395195961 -0.43640768528 1.67603993416 1.23809027672 -0.433421611786 1.67902696133 1.23140799999 -0.435885518789 1.6765627861 1.24031305313 -0.433805704117 1.678642869 1.25103712082 -0.433421611786 1.67902696133 1.25624299049 -0.4355224967 1.67689990997 1.23734509945 -0.43524518609 1.67721176147 1.24039888382 -0.434687405825 1.67775428295 1.2378692627 -0.43469029665 1.67776203156 1.23992717266 -0.434405207634 1.67807292938 1.23896420002 -0.433728307486 1.67872452736 1.2480506897 -0.432907730341 1.67954182625 1.24822473526 -0.419011175632 1.69343709946 1.22598338127 -0.412437170744 1.70001149178 1.24783599377 -0.413159310818 1.69928872585 1.24861776829 -0.432519555092 1.67993044853 1.25023257732 -0.432983011007 1.67947518826 1.2508764267 -0.432429522276 1.68001925945 1.24919569492 -0.418289989233 1.69415831566 1.22520184517 -0.405574858189 1.7068721056 1.20622038841 -0.405401200056 1.70704603195 1.2052000761 -0.382804989815 1.72964370251 1.1561306715 -0.404991924763 1.70744848251 1.20739972591 -0.401347786188 1.71110105515 1.20923697948 -0.404824286699 1.70760917664 1.20453548431 -0.404072403908 1.70838177204 1.2074098587 -0.403831452131 1.70861768723 1.20475006104 -0.403392255306 1.70905137062 1.20633471012 -0.374064683914 1.73838400841 1.17314362526 -0.399253934622 1.7131934166 1.21281099319 -0.399124503136 1.71331775188 1.21165144444 -0.398536652327 1.71392095089 1.21102952957 -0.397886514664 1.71456587315 1.21100878716 -0.397956073284 1.71449172497 1.21395885944 -0.398782849312 1.71366941929 1.21378004551 -0.397339612246 1.71511268616 1.21338844299 -0.397294402122 1.71515333652 1.21163892746 -0.397130936384 1.71531808376 1.21252202988 -0.341020703316 1.77142870426 1.09855151176 -0.347347170115 1.76510512829 1.09321951866 -0.347270190716 1.76518011093 1.09204936028 -0.338407635689 1.77404081821 1.06970870495 -0.346631407738 1.76581966877 1.09423863888 -0.349236547947 1.76320517063 1.01211535931 -0.349646538496 1.76197052002 1.01319873333 -0.350416690111 1.76203215122 1.01507377625 -0.339061021805 1.77338767052 1.00743949413 -0.346736103296 1.76572358608 1.09133696556 -0.345807760954 1.76664423943 1.09134507179 -0.345720261335 1.76673138142 1.09402453899 -0.345281153917 1.76718318462 1.09319067001 -0.345288217068 1.767162323 1.09227466583 -0.322806924582 1.78964138031 1.07336986065 -0.340030401945 1.77243947983 1.09761631489 -0.340957075357 1.77148842812 1.09998738766 -0.340009957552 1.77243828773 1.10079944134 -0.338031798601 1.77441704273 1.10300600529 -0.339073747396 1.7733694315 1.0547195673 -0.33922830224 1.77322053909 1.0535569191 -0.338269233704 1.77417874336 1.06795752048 -0.338755875826 1.77358198166 1.05253553391 -0.339030355215 1.77345716953 1.09853982925 -0.339079529047 1.77339863777 1.09997725487 -0.338259667158 1.77418935299 1.05533993244 -0.337864339352 1.77458322048 1.00778687 -0.337789028883 1.77463281155 1.05235850811 -0.336954206228 1.77549481392 1.00895917416 -0.334472388029 1.77797603607 1.05211603642 -0.337545007467 1.77490198612 1.05506396294 -0.337243884802 1.77520310879 1.05305099487 -0.337092459202 1.77535510063 1.05407619476 -0.331587046385 1.78086352348 1.04938316345 -0.330924749374 1.78152370453 1.04891622066 -0.330197483301 1.78225243092 1.04910242558 -0.326593458652 1.78585505486 1.05404853821 -0.331860154867 1.78060412407 1.05076634884 -0.330677837133 1.78188145161 1.05191600323 -0.331306576729 1.78122520447 1.0517771244 -0.329891353846 1.78256070614 1.05135750771 -0.329730331898 1.78273785114 1.05007433891 -0.322553992271 1.78989470005 1.07164621353 -0.352385997772 1.76006245613 1.04105484486 -0.352549016476 1.75989973545 1.04285919666 -0.349681705236 1.75711011887 1.04130721092 -0.349690109491 1.75710177422 1.04288852215 -0.348871797323 1.75791978836 1.04356634617 -0.348654448986 1.75813746452 1.04068422318 -0.351734668016 1.76071405411 1.04354667664 -0.351280808449 1.76116716862 1.04077768326 -0.350988030434 1.7614607811 1.04323935509 -0.348069489002 1.75872242451 1.04312062263 -0.347802489996 1.75898945332 1.04171037674 -0.350603252649 1.76184558868 1.04188072681 -0.393035173416 1.71941280365 1.06065917015 -0.390039980412 1.71675169468 1.06142950058 -0.390114933252 1.71667706966 1.06021809578 -0.389682739973 1.71710896492 1.05945122242 -0.392489761114 1.71995890141 1.05941545963 -0.392430186272 1.72001814842 1.06198775768 -0.389221727848 1.71756994724 1.0621073246 -0.388920128345 1.71787154675 1.05926775932 -0.391630798578 1.72081768513 1.05931866169 -0.391400516033 1.72104811668 1.06187105179 -0.388489216566 1.71830272675 1.06173527241 -0.3882997334 1.71849215031 1.05992257595 -0.390953034163 1.72149562836 1.06042206287 -0.388161152601 1.71863090992 1.06087696552 -0.433320015669 1.67912900448 1.0786935091 -0.430328041315 1.67646372318 1.08006680012 -0.430506289005 1.67628550529 1.07912874222 -0.430247545242 1.67654395103 1.07821762562 -0.433122903109 1.67932569981 1.08012723923 -0.432418823242 1.68002974987 1.07775449753 -0.429390966892 1.67740082741 1.08068323135 -0.429624140263 1.67716801167 1.07780635357 -0.43234449625 1.68010425568 1.08065116405 -0.428945571184 1.67784631252 1.07800853252 -0.431367456913 1.68108129501 1.07858204842 -0.431561470032 1.68088746071 1.08014523983 -0.4286223948 1.67816925049 1.07989037037 -0.428520649672 1.67827129364 1.0789244175 -0.470665246248 1.63612639904 1.09683966637 -0.473705887794 1.63874220848 1.0977410078 -0.470846235752 1.63594555855 1.09803617001 -0.473274171352 1.63917469978 1.09654974937 -0.473217457533 1.63923108578 1.09902977943 -0.470422416925 1.63636958599 1.09895169735 -0.469794988632 1.63699650764 1.0963126421 -0.469481408596 1.63731002808 1.09911060333 -0.472331225872 1.64011788368 1.09640061855 -0.472185462713 1.64026343822 1.09900605679 -0.468977183104 1.63781476021 1.09698951244 -0.471769094467 1.64067912102 1.09716033936 -0.468901723623 1.63789010048 1.09820115566 -0.471715509892 1.64073300362 1.098133564 -0.514007866383 1.59844112396 1.11591017246 -0.513923585415 1.5985250473 1.11700248718 -0.51124060154 1.59555101395 1.11632919312 -0.510936737061 1.59585499763 1.11532402039 -0.51077234745 1.59601950645 1.11749267578 -0.513388872147 1.59906005859 1.1148955822 -0.51014149189 1.59664988518 1.11481261253 -0.51313328743 1.59931528568 1.1177457571 -0.509831607342 1.59696042538 1.11765182018 -0.512375593185 1.60007286072 1.11519515514 -0.512260377407 1.60018861294 1.11722588539 -0.509295880795 1.59749591351 1.1156488657 -0.509251713753 1.59753990173 1.11674296856 -0.51203161478 1.60041677952 1.11617982388 -0.551227629185 1.55556404591 1.13376700878 -0.553973257542 1.55847513676 1.1336312294 -0.551590502262 1.55520093441 1.13486897945 -0.554420411587 1.55802845955 1.13508033752 -0.551186203957 1.55560517311 1.13594770432 -0.553575634956 1.55887293816 1.13629150391 -0.550312280655 1.55647993088 1.13339209557 -0.550354003906 1.55643808842 1.13626456261 -0.553030669689 1.55941832066 1.13348269463 -0.552610635757 1.55983865261 1.13576745987 -0.549579262733 1.55721271038 1.13529849052 -0.549666047096 1.5571256876 1.13419532776 -0.552387475967 1.56006109715 1.1344640255 -0.364875733852 1.74757289886 0.988607287407 -0.364609032869 1.74783957005 0.989893734455 -0.362087011337 1.74470448494 0.989033162594 -0.361651569605 1.74514019489 0.987710297108 -0.364375710487 1.74807262421 0.987614631653 -0.361525386572 1.74526643753 0.990122377872 -0.360896885395 1.74589514732 0.987458527088 -0.363521963358 1.74892699718 0.990265727043 -0.360755950212 1.74603641033 0.990251004696 -0.363602817059 1.74884581566 0.987495422363 -0.360106021166 1.74668586254 0.988209486008 -0.362986862659 1.74946165085 0.988157868385 -0.360158413649 1.74663376808 0.989546835423 -0.362902164459 1.74954688549 0.989250659943 -0.405222654343 1.70722579956 1.00777757168 -0.40219476819 1.70459699631 1.00840735435 -0.402268737555 1.70452296734 1.00659060478 -0.405083298683 1.70736539364 1.00668919086 -0.404562860727 1.70788538456 1.0060505867 -0.404579550028 1.70786941051 1.00876033306 -0.401242792606 1.7055491209 1.00596535206 -0.401106446981 1.70568561554 1.00879204273 -0.403544455767 1.70890402794 1.00627994537 -0.403636485338 1.70881223679 1.00861155987 -0.400389134884 1.706402421 1.0069912672 -0.400559931993 1.70623195171 1.00818693638 -0.403219938278 1.70922911167 1.00754714012 -0.485658884048 1.62678956985 1.04551672935 -0.48273897171 1.62405264378 1.04563331604 -0.483116090298 1.62367618084 1.04427504539 -0.485926568508 1.62652182579 1.04435539246 -0.485629975796 1.62681877613 1.04347538948 -0.482305198908 1.62448644638 1.04301333427 -0.484828025103 1.62762069702 1.04303777218 -0.484755277634 1.6276935339 1.04591333866 -0.481979131699 1.624812603 1.04589569569 -0.481287777424 1.62550425529 1.04540348053 -0.481155842543 1.62563562393 1.04383182526 -0.484092414379 1.62835645676 1.04368388653 -0.483940541744 1.62850832939 1.04500877857 -0.526048898697 1.58639979362 1.06209814548 -0.526272416115 1.58617579937 1.06340074539 -0.523461997509 1.58333015442 1.06294333935 -0.523200452328 1.58359158039 1.06397640705 -0.523049533367 1.58374214172 1.06187272072 -0.525629222393 1.58681952953 1.06438326836 -0.522507786751 1.58428370953 1.06447136402 -0.525263845921 1.58718490601 1.061591506 -0.522295176983 1.58449673653 1.06162285805 -0.524685919285 1.58776247501 1.06423437595 -0.521847069263 1.58494508266 1.06416583061 -0.521624624729 1.58516705036 1.06217730045 -0.524552583694 1.58789622784 1.06203603745 -0.521453917027 1.58533751965 1.06337094307 -0.52425378561 1.58819460869 1.0630440712 -0.566651105881 1.54579722881 1.0814357996 -0.563676118851 1.54311597347 1.08233475685 -0.563728928566 1.54306280613 1.08099782467 -0.56628382206 1.54616498947 1.08267116547 -0.566053271294 1.54639565945 1.08024632931 -0.563240706921 1.54355072975 1.0803091526 -0.562857568264 1.54393386841 1.08301234245 -0.562465310097 1.54432678223 1.0801897049 -0.565454423428 1.54699409008 1.08299529552 -0.56494396925 1.54750466347 1.08044409752 -0.56192189455 1.54486989975 1.08239579201 -0.564640522003 1.54780805111 1.08209133148 -0.561856091022 1.54493570328 1.08105313778 -0.566750526428 1.5456982851 1.14156198502 -0.579170107841 1.53327834606 1.08750891685 -0.576375842094 1.53041577339 1.08735895157 -0.563957929611 1.54283428192 1.1414077282 -0.579070985317 1.53337812424 1.0862673521 -0.576144039631 1.53064775467 1.08605563641 -0.578410863876 1.53403842449 1.08534729481 -0.575560808182 1.53123092651 1.08533811569 -0.560212016106 1.54657936096 1.07828462124 -0.536865115166 1.57558381557 1.06625640392 -0.533391475677 1.57340013981 1.06595981121 -0.515407323837 1.59138393402 1.05769658089 -0.511067092419 1.60138165951 1.05440211296 -0.479812651873 1.62697899342 1.04134058952 -0.466861069202 1.64558768272 1.03408920765 -0.460441350937 1.64635062218 1.03243875504 -0.410865217447 1.69592642784 1.00965833664 -0.412095069885 1.70035386086 1.00892388821 -0.377660393715 1.72913122177 0.994400918484 -0.385065406561 1.72738313675 0.996503770351 -0.35601785779 1.75077438354 0.984458744526 -0.358967602253 1.75348103046 0.984513819218 -0.357992231846 1.75445604324 0.984894275665 -0.354784727097 1.75200712681 0.985382020473 -0.357529163361 1.75491917133 0.985740184784 -0.346814632416 1.75997710228 1.02006363869 -0.351581811905 1.76086652279 1.01162481308 -0.345161855221 1.76728630066 1.03957509995 -0.342276960611 1.7645149231 1.03986978531 -0.345402777195 1.76704597473 1.04097652435 -0.346036732197 1.76641201973 1.04165732861 -0.342976987362 1.76381456852 1.0415481329 -0.526839971542 1.57995128632 1.12603759766 -0.531368374825 1.58108067513 1.12681889534 -0.562386631966 1.54440510273 1.14237093925 -0.565526545048 1.54692220688 1.14251124859 -0.486576348543 1.62021529675 1.1075360775 -0.489726305008 1.6227222681 1.10768401623 -0.451445519924 1.65534639359 1.09139287472 -0.436286598444 1.67616200447 1.08312773705 -0.400336921215 1.70645463467 1.06790828705 -0.433379292488 1.67906904221 1.08179199696 -0.402829170227 1.70961940289 1.06775391102 -0.372559905052 1.73423194885 1.05514478683 -0.374603450298 1.73784446716 1.05478394032 -0.563180267811 1.54361104965 1.14234483242 -0.510021746159 1.59676969051 1.08787035942 -0.461948662996 1.64484298229 1.0559142828 -0.442553818226 1.66423785686 1.0250428915 -0.442732512951 1.66405951977 1.02623772621 -0.441772729158 1.66501915455 1.02452540398 -0.442308872938 1.66448283195 1.02715277672 -0.441456466913 1.665335536 1.02733302116 -0.440900713205 1.66589069366 1.0250711441 -0.440810590982 1.6659809351 1.02652728558 -0.528927147388 1.58352172375 1.08843946457 -0.445381164551 1.66706752777 1.02689659595 -0.445479273796 1.66696965694 1.02520287037 -0.444477021694 1.6679713726 1.02449655533 -0.413236349821 1.69921255112 1.04847002029 -0.444404661655 1.66804385185 1.02737212181 -0.443815797567 1.66863298416 1.02687335014 -0.443800538778 1.66864860058 1.02505469322 -0.443554192781 1.66889476776 1.02596247196 -0.608740866184 1.50370764732 1.02718341351 -0.608970165253 1.50347816944 1.02822673321 -0.606153905392 1.50063800812 1.02802848816 -0.605716586113 1.50107514858 1.02935326099 -0.605805516243 1.50098645687 1.02705180645 -0.608620941639 1.50382781029 1.0292236805 -0.60489064455 1.50190091133 1.0266764164 -0.607868850231 1.50457942486 1.02666354179 -0.607502698898 1.50494611263 1.0294713974 -0.604430437088 1.50236129761 1.02924883366 -0.606933295727 1.50551557541 1.02773666382 -0.60415905714 1.50263237953 1.02771019936 -0.566328704357 1.54612004757 1.21252715588 -0.563477277756 1.54331481457 1.21403777599 -0.56342881918 1.54336321354 1.21233522892 -0.566367983818 1.5460807085 1.213742733 -0.565866351128 1.54658257961 1.21459770203 -0.562406599522 1.54438483715 1.21475601196 -0.565414965153 1.54703390598 1.21183550358 -0.562176585197 1.54461562634 1.21191799641 -0.564836084843 1.54761230946 1.21447777748 -0.564703762531 1.54774534702 1.21228003502 -0.561547994614 1.54524362087 1.21338284016 -0.564405024052 1.54804384708 1.21328783035 -0.641103029251 1.47134530544 0.959065616131 -0.63791179657 1.46888029575 0.960382640362 -0.638244509697 1.46854746342 0.959001541138 -0.637635469437 1.46915650368 0.957799136639 -0.640604376793 1.47184443474 0.960484266281 -0.640577435493 1.47187101841 0.957949399948 -0.639631211758 1.47281730175 0.957884788513 -0.636813759804 1.46997833252 0.960504114628 -0.639405727386 1.4730424881 0.960345387459 -0.63654500246 1.47024691105 0.958158016205 -0.636225044727 1.4705671072 0.959433138371 -0.639069736004 1.47337889671 0.958965301514 -0.563788473606 1.5486600399 1.29583787918 -0.56062734127 1.54616475105 1.29677677155 -0.560949623585 1.54584217072 1.29537248611 -0.563203573227 1.54924499989 1.29435050488 -0.56333988905 1.54910874367 1.29688870907 -0.560220062733 1.54657196999 1.29433906078 -0.559801518917 1.54699027538 1.29714822769 -0.562477231026 1.54997086525 1.29712212086 -0.559368014336 1.54742372036 1.29451930523 -0.562097072601 1.55035173893 1.29462504387 -0.559080898762 1.54771101475 1.29651916027 -0.561727881432 1.55072081089 1.29598963261 -0.558942914009 1.54784834385 1.29543495178 -0.57993799448 1.53251039982 1.09839820862 -0.57953608036 1.53291261196 1.09986913204 -0.57713419199 1.52965712547 1.09844315052 -0.576605975628 1.5301861763 1.09997439384 -0.57622307539 1.53056848049 1.09715020657 -0.579282283783 1.53316652775 1.09729504585 -0.578337728977 1.53411078453 1.10013449192 -0.575786113739 1.53100609779 1.10018026829 -0.578265249729 1.53418326378 1.09731388092 -0.575100302696 1.53169167042 1.09774208069 -0.575032949448 1.53175842762 1.09943425655 -0.577741265297 1.53470718861 1.09869801998 -0.572290062904 1.54015815258 1.13168561459 -0.569213926792 1.53757762909 1.13304054737 -0.569292128086 1.5374994278 1.13109135628 -0.571888744831 1.5405600071 1.13315594196 -0.571277558804 1.54117071629 1.13036072254 -0.568290770054 1.53850090504 1.13042974472 -0.571076571941 1.54137229919 1.13348770142 -0.567976415157 1.53881549835 1.13343572617 -0.567351222038 1.53944051266 1.13126397133 -0.570353806019 1.5420948267 1.13297247887 -0.570127367973 1.54232120514 1.13143825531 -0.567377328873 1.53941428661 1.13258647919 -0.566772997379 1.54567527771 1.14308655262 -0.561290383339 1.54550158978 1.17850625515 -0.563944756985 1.54284727573 1.14308595657 -0.562635719776 1.54981279373 1.19829809666 -0.557132422924 1.549659729 1.23399567604 -0.556444764137 1.55600357056 1.28091692924 -0.552110493183 1.55468118191 1.30104851723 -0.554942965508 1.55750608444 1.30100870132 -0.579883575439 1.53256487846 1.08602321148 -0.571706652641 1.53508532047 1.10930204391 -0.577055633068 1.52973628044 1.08602154255 -0.57191324234 1.54053509235 1.12071347237 -0.635823905468 1.47662472725 0.94872635603 -0.617063581944 1.48972809315 0.987828731537 -0.633123517036 1.47366774082 0.94842684269 -0.706917703152 1.39987432957 1.00963938236 -0.710533320904 1.40191578865 0.989337861538 -0.70771420002 1.39907741547 0.988919615746 -0.709761857986 1.40268671513 1.00931668282 -0.710211277008 1.4022372961 0.988175451756 -0.706804275513 1.39998710155 0.98760330677 -0.709619939327 1.4028288126 0.987640857697 -0.593649446964 1.51314353943 1.12436330318 -0.596279621124 1.5161690712 1.12407052517 -0.593537092209 1.51325833797 1.12544512749 -0.596329987049 1.51611888409 1.12516605854 -0.593426525593 1.51336455345 1.12567782402 -0.592693626881 1.51409637928 1.12309992313 -0.595630228519 1.5168184042 1.12327003479 -0.595725119114 1.51672315598 1.12603580952 -0.591861188412 1.51492774487 1.12596237659 -0.592483222485 1.5143122673 1.12308633327 -0.594782829285 1.51766610146 1.12588572502 -0.594633936882 1.51781499386 1.12365841866 -0.591410160065 1.51537942886 1.1247215271 -0.594366133213 1.51808178425 1.12482261658 -0.593671798706 1.5131200552 1.12462794781 -0.593690514565 1.51318609715 1.12504196167 -0.593345284462 1.51350557804 1.12350928783 -0.593572616577 1.5132586956 1.12395429611 -0.593019247055 1.51384210587 1.12320530415 -0.59285402298 1.51390039921 1.12621986866 -0.593120753765 1.51346230507 1.12596559525 -0.592461824417 1.51428866386 1.12628769875 -0.592199385166 1.51479816437 1.12616109848 -0.591802358627 1.51487898827 1.12340152264 -0.592176914215 1.51455771923 1.12314617634 -0.591660559177 1.51518249512 1.12565076351 -0.591597437859 1.51521253586 1.12380897999 -0.591461181641 1.51534163952 1.12515616417 -0.591440618038 1.51536297798 1.12432122231 -0.633263707161 1.47352838516 1.31731843948 -0.635955095291 1.47649359703 1.31692481041 -0.633316516876 1.4734749794 1.31865715981 -0.636192023754 1.47625684738 1.31822800636 -0.635734915733 1.47671341896 1.31927871704 -0.632495045662 1.47429668903 1.31652510166 -0.63218832016 1.47460365295 1.31947672367 -0.634849965572 1.47759902477 1.31664764881 -0.634456455708 1.4779920578 1.31907129288 -0.631438434124 1.47535324097 1.31733834743 -0.634245216846 1.47820329666 1.3175162077 -0.631464004517 1.47532773018 1.3185749054 -0.705855250359 1.40093612671 1.00041079521 -0.70894664526 1.40350198746 1.00114107132 -0.706128239632 1.40066325665 1.00169122219 -0.708730995655 1.40371775627 1.00231921673 -0.708295941353 1.40415275097 1.00000655651 -0.705275475979 1.4015160799 1.0028938055 -0.704775333405 1.40201640129 0.999974250793 -0.707772672176 1.40467631817 1.00286602974 -0.707283675671 1.40516519547 1.00030601025 -0.704266428947 1.40252518654 1.00220119953 -0.706913411617 1.40553545952 1.00167393684 -0.70412838459 1.40266311169 1.001116395 -0.608822405338 1.49796950817 1.28412926197 -0.611530959606 1.50091707706 1.28372704983 -0.608842730522 1.49794888496 1.28534913063 -0.611671805382 1.50077700615 1.28529524803 -0.608281552792 1.49851047993 1.28332877159 -0.610830366611 1.5016181469 1.28614342213 -0.607878684998 1.49891293049 1.28614878654 -0.610458731651 1.50198984146 1.2832801342 -0.607425034046 1.49936640263 1.28343391418 -0.609956562519 1.50249218941 1.28562355042 -0.607054412365 1.49973714352 1.28548657894 -0.606927216053 1.49986481667 1.28427803516 -0.609733402729 1.50271511078 1.28431928158 -0.585900902748 1.52654790878 1.20220804214 -0.5859182477 1.52653026581 1.20379149914 -0.583224177361 1.5235670805 1.20286381245 -0.582782685757 1.52400898933 1.2043170929 -0.58273088932 1.52406072617 1.20186662674 -0.585218429565 1.52723014355 1.20449912548 -0.58196413517 1.52482783794 1.20167994499 -0.584666371346 1.52778255939 1.20169126987 -0.581833422184 1.52495837212 1.204408288 -0.584306240082 1.52814269066 1.20412182808 -0.581344723701 1.52544724941 1.20233345032 -0.58122497797 1.52556693554 1.20355188847 -0.584025859833 1.52842247486 1.20284330845 -0.620592296124 1.49185621738 1.05240261555 -0.617673516273 1.48911845684 1.05330896378 -0.617635428905 1.48915672302 1.05184555054 -0.620320558548 1.49212765694 1.05370044708 -0.620018661022 1.4924300909 1.05133605003 -0.616916954517 1.48987460136 1.05410897732 -0.616699934006 1.49009180069 1.05122578144 -0.619127571583 1.49332094193 1.05401837826 -0.618990957737 1.49345755577 1.05147516727 -0.6160197258 1.49077224731 1.05365502834 -0.615768432617 1.49102330208 1.05211567879 -0.618570744991 1.49387788773 1.0526766777 -0.675099015236 1.43734955788 1.00704598427 -0.675277233124 1.43717098236 1.00836181641 -0.672491431236 1.43430030346 1.00765919685 -0.672052800655 1.43473923206 1.00924301147 -0.674743115902 1.4377052784 1.00932848454 -0.671843469143 1.43494832516 1.00668168068 -0.67420399189 1.43824470043 1.0065882206 -0.67106449604 1.43572723866 1.00668668747 -0.67076587677 1.43602561951 1.0091381073 -0.673882782459 1.4385664463 1.00930500031 -0.673450946808 1.43899774551 1.00717782974 -0.670495033264 1.43629670143 1.00759863853 -0.673346340656 1.43910229206 1.00851428509 -0.631428420544 1.48102045059 1.33059716225 -0.632240474224 1.48020815849 1.3300088644 -0.629379749298 1.47741174698 1.33007466793 -0.628598332405 1.47819375992 1.33058297634 -0.628011584282 1.47878050804 1.33053576946 -0.630841672421 1.48160719872 1.33052444458 -0.637253344059 1.46953809261 1.31284356117 -0.639964640141 1.47248387337 1.31310796738 -0.639868974686 1.47257971764 1.31120932102 -0.636862874031 1.46992838383 1.31102216244 -0.583832085133 1.52861607075 1.253049016 -0.581104040146 1.52568781376 1.25315332413 -0.580672025681 1.52612030506 1.2519865036 -0.583513259888 1.52893555164 1.25181663036 -0.586782693863 1.52566599846 1.20817899704 -0.59083199501 1.52161633968 1.1541415453 -0.588003575802 1.51878833771 1.15414094925 -0.60394269228 1.50850558281 1.09707725048 -0.601113915443 1.50567793846 1.09707832336 -0.627483546734 1.48496544361 1.0392998457 -0.635787367821 1.47100436687 1.01197814941 -0.638578295708 1.4738701582 1.01207065582 -0.612431704998 1.50001704693 1.07624328136 -0.639319717884 1.47312903404 1.01124513149 -0.636561095715 1.47023117542 1.01124370098 -0.708893477917 1.40355467796 1.01077306271 -0.705855727196 1.40093612671 1.01077508926 -0.657187879086 1.45526099205 1.00470495224 -0.637406408787 1.47504198551 0.948231577873 -0.637640416622 1.47480797768 0.992504119873 -0.636668622494 1.47578036785 0.948093473911 -0.610407352448 1.50204110146 1.32283604145 -0.581967711449 1.53048098087 1.12000608444 -0.568280696869 1.54416775703 1.30698537827 -0.576803565025 1.53564500809 1.20817899704 -0.556039631367 1.55640876293 1.30237984657 -0.634577929974 1.47221398354 0.948231577873 -0.705404520035 1.40138697624 0.986883997917 -0.704934239388 1.40178704262 0.98675173521 -0.704689979553 1.40210199356 0.98677110672 -0.704454421997 1.40233695507 0.986849486828 -0.704231798649 1.40255999565 0.986983716488 -0.704028606415 1.40276300907 0.987169623375 -0.703850805759 1.40294098854 0.987401723862 -0.703703582287 1.40308797359 0.987673282623 -0.703591227531 1.403200984 0.987976372242 -0.703491032124 1.40330028534 0.988448679447 -0.702925920486 1.40386533737 1.00309741497 -0.634305417538 1.47248625755 1.00525796413 -0.701659083366 1.40513312817 1.00480401516 -0.70199650526 1.40479516983 1.0046889782 -0.702367067337 1.40451931953 1.00448060036 -0.702830374241 1.40395915508 1.00355887413 -0.702777206898 1.40424311161 1.00399720669 -0.633958101273 1.47283399105 1.00538003445 -0.633735775948 1.47305595875 1.00552797318 -0.633535027504 1.47325694561 1.00572800636 -0.633287966251 1.47350382805 1.00609457493 -0.597217142582 1.50957477093 1.09462463856 -0.631216704845 1.47557544708 1.31274008751 -0.631426095963 1.47536599636 1.31434702873 -0.631462574005 1.47532904148 1.31401598454 -0.631335020065 1.47545695305 1.31303501129 -0.63062274456 1.47448134422 1.31358540058 -0.631308555603 1.47548055649 1.31480646133 -0.630989730358 1.47580182552 1.3123677969 -0.625681221485 1.48111081123 1.32712090015 -0.605898797512 1.50089299679 1.3222039938 -0.626138210297 1.48065400124 1.32969903946 -0.62636333704 1.48025131226 1.32993853092 -0.62595140934 1.48083996773 1.32948100567 -0.625793397427 1.48099803925 1.32922196388 -0.625669002533 1.48112297058 1.32892799377 -0.625581800938 1.48120999336 1.32860898972 -0.625563323498 1.48122894764 1.32759296894 -0.62553447485 1.48125696182 1.32827401161 -0.625528216362 1.48126399517 1.32793104649 -0.576693296432 1.53009867668 1.25601804256 -0.583831369877 1.52296042442 1.1528840065 -0.567342877388 1.53944897652 1.30769658089 -0.576462507248 1.53032898903 1.25563001633 -0.576344072819 1.5304479599 1.25532603264 -0.576264679432 1.53052699566 1.254997015 -0.576217293739 1.53057491779 1.25449430943 -0.553211629391 1.55358028412 1.30237996578 -0.73826032877 1.37418854237 1.35846304893 -0.735439479351 1.37135195732 1.3598562479 -0.735401034355 1.37139070034 1.35839354992 -0.738273561001 1.3741748333 1.35980284214 -0.737545132637 1.37490320206 1.3606710434 -0.734681606293 1.37211036682 1.36065685749 -0.737072706223 1.3753759861 1.35775923729 -0.734465122223 1.3723269701 1.35777461529 -0.73359143734 1.37320053577 1.35993587971 -0.733708262444 1.37308394909 1.35835516453 -0.73658066988 1.37586784363 1.36014914513 -0.736350595951 1.37609779835 1.35897433758 -0.808714807034 1.30373394489 1.05333983898 -0.805799245834 1.30099225044 1.05361437798 -0.805843710899 1.3009480238 1.05252158642 -0.808491587639 1.30395722389 1.05203747749 -0.805339455605 1.30145251751 1.05168008804 -0.80807185173 1.30437648296 1.05432224274 -0.805041670799 1.30174994469 1.05441570282 -0.807709217072 1.30473947525 1.05153048038 -0.804392516613 1.30239903927 1.05169022083 -0.807128608227 1.30531978607 1.05417382717 -0.804079711437 1.30271184444 1.05388271809 -0.806995809078 1.30545282364 1.05197393894 -0.803899466991 1.30289232731 1.05268585682 -0.806696116924 1.30575227737 1.05298376083 -0.837867677212 1.27458095551 1.13083207607 -0.837906718254 1.27454185486 1.13204824924 -0.835113763809 1.27167832851 1.13111662865 -0.834799706936 1.27199184895 1.13276088238 -0.837405323982 1.27504324913 1.13290262222 -0.834505200386 1.2722864151 1.13025581837 -0.836774289608 1.27567446232 1.13012385368 -0.833640575409 1.27315104008 1.13029980659 -0.833510220051 1.27328169346 1.13277375698 -0.836213707924 1.27623462677 1.13265514374 -0.836002647877 1.27644610405 1.13110029697 -0.833121955395 1.27366936207 1.13141942024 -0.836228430271 1.27622008324 1.18614661694 -0.836107909679 1.27634048462 1.18735682964 -0.833364784718 1.273427248 1.185806036 -0.833249032497 1.27354300022 1.18738460541 -0.835526227951 1.27692270279 1.18507003784 -0.832240045071 1.27455186844 1.18800795078 -0.83218228817 1.27460956573 1.18508815765 -0.835005640984 1.27744281292 1.18799030781 -0.834345519543 1.27810335159 1.18579721451 -0.831360280514 1.27543127537 1.18650627136 -0.83432418108 1.27812433243 1.18703866005 -0.839609801769 1.27283871174 1.079880476 -0.836629152298 1.27016282082 1.08039283752 -0.836581349373 1.27021062374 1.07869172096 -0.83933365345 1.27311491966 1.07870972157 -0.838931620121 1.27351713181 1.08098387718 -0.838476598263 1.27397227287 1.07813060284 -0.835558533669 1.27123308182 1.08111095428 -0.835419416428 1.27137219906 1.07824754715 -0.837826669216 1.27462160587 1.08070516586 -0.83467912674 1.27211236954 1.07960903645 -0.837615549564 1.27483320236 1.07914960384 -0.794558823109 1.31788957119 1.31905531883 -0.794608473778 1.31784045696 1.32051730156 -0.791882455349 1.31490921974 1.31971025467 -0.791372537613 1.31541907787 1.32125306129 -0.791459918022 1.31533157825 1.31879734993 -0.794047951698 1.31840062141 1.32128000259 -0.790707290173 1.31608450413 1.3184851408 -0.793416023254 1.31903290749 1.31852114201 -0.793104231358 1.31934475899 1.32113206387 -0.790176331997 1.31661522388 1.32102286816 -0.789855718613 1.3169362545 1.31951057911 -0.792656064034 1.31979250908 1.3196823597 -0.816129565239 1.29631900787 1.2735401392 -0.813138782978 1.29365265369 1.27491354942 -0.813254415989 1.2935372591 1.27333474159 -0.815763711929 1.29668521881 1.27528917789 -0.815315723419 1.29713320732 1.2726367712 -0.812293112278 1.29449880123 1.27551829815 -0.812255620956 1.29453611374 1.27261960506 -0.814478397369 1.29796993732 1.27520060539 -0.814485371113 1.29796350002 1.27296197414 -0.811379373074 1.29541230202 1.27339935303 -0.811468541622 1.29532301426 1.27485537529 -0.814141988754 1.29830682278 1.27394759655 -0.774366438389 1.3380818367 1.36265230179 -0.774133741856 1.33831501007 1.36433362961 -0.771640598774 1.33515095711 1.36333417892 -0.77095156908 1.33584010601 1.36193859577 -0.770981490612 1.33581030369 1.36462044716 -0.773213207722 1.33923506737 1.36184000969 -0.773213267326 1.33923494816 1.36471104622 -0.770141065121 1.33665072918 1.36459898949 -0.76993060112 1.33686113358 1.36215627193 -0.772470355034 1.33997821808 1.36392605305 -0.772485554218 1.33996319771 1.36270737648 -0.769552946091 1.33723926544 1.36352825165 -0.810597121716 1.29635071754 1.22440290451 -0.813212275505 1.29923629761 1.22365248203 -0.810322523117 1.29625344276 1.22495102882 -0.81316357851 1.29928505421 1.22508502007 -0.810275197029 1.29651653767 1.22530913353 -0.810341358185 1.29644417763 1.22347915173 -0.812481284142 1.2999676466 1.2228448391 -0.810018539429 1.2964938879 1.22314858437 -0.812220335007 1.30022799969 1.22591328621 -0.809423029423 1.29736959934 1.22592258453 -0.809546113014 1.29725122452 1.22274076939 -0.808860957623 1.29811930656 1.22567164898 -0.811571478844 1.30087697506 1.22304975986 -0.809490978718 1.29779195786 1.22272980213 -0.808546364307 1.29825210571 1.22539305687 -0.808629333973 1.29816305637 1.22313392162 -0.811111271381 1.30133724213 1.22475254536 -0.808245658875 1.29852211475 1.22452116013 -0.808492481709 1.29842114449 1.22345042229 -0.810645639896 1.29649817944 1.2238496542 -0.809972286224 1.29733145237 1.22586107254 -0.810468137264 1.29712378979 1.22560703754 -0.809807896614 1.29694235325 1.22284638882 -0.809205651283 1.29773807526 1.22588944435 -0.808729529381 1.2977771759 1.22289097309 -0.808322072029 1.29836642742 1.22505640984 -0.808626830578 1.29886138439 1.22395431995 -0.797030925751 1.31541764736 1.06586182117 -0.797068893909 1.31538009644 1.0676869154 -0.794421494007 1.31237018108 1.06666827202 -0.793971955776 1.31281995773 1.06796467304 -0.793704211712 1.31308746338 1.06531131268 -0.796024560928 1.31642401218 1.0652102232 -0.793175876141 1.31361579895 1.06830251217 -0.795946598053 1.31650221348 1.06829118729 -0.792786419392 1.31400549412 1.06542432308 -0.792390227318 1.31440198421 1.06762123108 -0.795070588589 1.31737816334 1.06623530388 -0.795250296593 1.31719815731 1.06765699387 -0.792252779007 1.3145390749 1.06633269787 -0.777588605881 1.33485972881 1.03687524796 -0.777607619762 1.33484148979 1.03857266903 -0.774892628193 1.33189868927 1.03840065002 -0.774561345577 1.33223056793 1.0366383791 -0.776664495468 1.33578383923 1.03940010071 -0.773704767227 1.33308720589 1.03939044476 -0.776457309723 1.33599126339 1.03629255295 -0.773380041122 1.33341145515 1.03635454178 -0.77559876442 1.33684980869 1.03727936745 -0.775778353214 1.33667051792 1.03869926929 -0.772699475288 1.33409202099 1.03805565834 -0.706806957722 1.405641675 1.34477329254 -0.706986188889 1.40546214581 1.34619271755 -0.704179167747 1.40261244774 1.34570229053 -0.70369297266 1.40309870243 1.34427988529 -0.703788638115 1.403003335 1.34688484669 -0.705821931362 1.40662658215 1.34405207634 -0.706127107143 1.40632104874 1.34717953205 -0.702503979206 1.40428769588 1.34703958035 -0.702496886253 1.40429496765 1.34437274933 -0.705072462559 1.40737617016 1.34669065475 -0.704898655415 1.40755021572 1.34514522552 -0.702014327049 1.40477740765 1.34548664093 -0.734685063362 1.37776339054 1.33761620522 -0.734581232071 1.3778668642 1.33943295479 -0.732008695602 1.37478339672 1.33832061291 -0.731492936611 1.37529909611 1.33970558643 -0.731374263763 1.37541759014 1.33703756332 -0.733412444592 1.37903606892 1.33686208725 -0.733533382416 1.37891483307 1.33994305134 -0.730578124523 1.37621366978 1.33990168571 -0.73026663065 1.37652528286 1.33709609509 -0.732837200165 1.37961137295 1.33930850029 -0.729795634747 1.37699639797 1.33879327774 -0.732639014721 1.379809618 1.33816504478 -0.784339427948 1.32245242596 1.2945895195 -0.787543118 1.32490551472 1.29602742195 -0.784692049026 1.32209968567 1.29593801498 -0.787129402161 1.32531917095 1.29456996918 -0.783971786499 1.32282018661 1.29729366302 -0.786542594433 1.32590615749 1.29737126827 -0.786331951618 1.32611691952 1.29424166679 -0.783451080322 1.32334089279 1.2942507267 -0.782743573189 1.32404828072 1.29674005508 -0.785459518433 1.3269892931 1.29497635365 -0.78260165453 1.32419002056 1.29505455494 -0.785494446754 1.32695376873 1.29654538631 -0.82190567255 1.29054319859 1.14407229424 -0.822096705437 1.2903522253 1.1454808712 -0.819268882275 1.28752315044 1.14554023743 -0.819035589695 1.28775656223 1.14400708675 -0.821526706219 1.29092216492 1.14651417732 -0.818657040596 1.28813457489 1.14651811123 -0.820850670338 1.29159772396 1.14358353615 -0.817965805531 1.28882598877 1.14360046387 -0.817645967007 1.28914582729 1.14643859863 -0.820334792137 1.29211378098 1.14632713795 -0.819991886616 1.29245638847 1.14456951618 -0.817101597786 1.28969049454 1.14478504658 -0.836800694466 1.27564752102 1.20246362686 -0.840173006058 1.27227568626 1.18778395653 -0.837344408035 1.26944744587 1.18778538704 -0.833764433861 1.27302718163 1.20336854458 -0.819647371769 1.29280102253 1.27712321281 -0.823528945446 1.28326284885 1.24791812897 -0.816818296909 1.2899736166 1.27712523937 -0.839895904064 1.26689600945 1.10560703278 -0.843773126602 1.26867580414 1.07180535793 -0.840948045254 1.26584339142 1.07163155079 -0.842724382877 1.26972401142 1.10560703278 -0.842968225479 1.2694798708 1.07033896446 -0.840139806271 1.26665198803 1.07033896446 -0.767077207565 1.33971476555 1.04465663433 -0.790170788765 1.32227778435 1.06456744671 -0.817961215973 1.28883075714 1.09465074539 -0.820572733879 1.29187595844 1.09443616867 -0.770033717155 1.34241485596 1.04478287697 -0.821090340614 1.29135847092 1.09552836418 -0.818245887756 1.28854548931 1.09589803219 -0.813922405243 1.29286921024 1.19486439228 -0.816750407219 1.29569804668 1.19486653805 -0.809928894043 1.3025200367 1.2245579958 -0.800812125206 1.30597949028 1.25192832947 -0.803639709949 1.30880916119 1.25193023682 -0.766005396843 1.34644293785 1.33558738232 -0.76303422451 1.34375786781 1.33590316772 -0.765254080296 1.347194314 1.33636260033 -0.762164592743 1.34462738037 1.33635509014 -0.700357019901 1.40643489361 1.33450758457 -0.70340102911 1.40904760361 1.33451330662 -0.702463150024 1.40998530388 1.33536171913 -0.699356496334 1.40743553638 1.33630895615 -0.702244400978 1.41020429134 1.33669340611 -0.702823698521 1.40396773815 1.35699939728 -0.705702602863 1.40674602985 1.35723245144 -0.706682682037 1.40576601028 1.35792803764 -0.703845858574 1.40294635296 1.35797274113 -0.806867241859 1.29992449284 1.29839992523 -0.813299655914 1.29914927483 1.29069530964 -0.795083701611 1.31736493111 1.32963752747 -0.777514100075 1.32927775383 1.36115026474 -0.787147343159 1.32530128956 1.34660291672 -0.771355271339 1.33543634415 1.3742865324 -0.774284780025 1.33816385269 1.37409317493 -0.773094177246 1.33935403824 1.37446594238 -0.770265758038 1.33652615547 1.37446630001 -0.833089888096 1.27370202541 1.06547379494 -0.822357296944 1.28443396091 1.09180295467 -0.822480678558 1.28431105614 1.09209704399 -0.822566986084 1.28422498703 1.09241497517 -0.822627544403 1.28416419029 1.09290468693 -0.818134844303 1.28865683079 1.1957410574 -0.822123169899 1.28466892242 1.09143233299 -0.808602929115 1.298189044 1.04857397079 -0.81809926033 1.2886929512 1.19610178471 -0.804705202579 1.30208647251 1.25439941883 -0.797694921494 1.30909645557 1.04104566574 -0.774323046207 1.3324688673 1.04447138309 -0.804578840733 1.30221259594 1.25473344326 -0.773863911629 1.3329282999 1.04372394085 -0.781687319279 1.32510399818 1.03166794777 -0.781621992588 1.32517004013 1.0319839716 -0.781450927258 1.32534098625 1.03010094166 -0.781622827053 1.32517075539 1.03053128719 -0.781520903111 1.3252710104 1.03228104115 -0.781322419643 1.32546961308 1.03266274929 -0.781041562557 1.32575929165 1.0295497179 -0.781300008297 1.32549202442 1.0298500061 -0.781719684601 1.32507324219 1.03117144108 -0.77410620451 1.33268606663 1.04142987728 -0.774053692818 1.33273887634 1.04413831234 -0.77390640974 1.33288502693 1.0418150425 -0.773805201054 1.33298695087 1.04211401939 -0.773725509644 1.33306598663 1.04309296608 -0.773775994778 1.33301603794 1.04341697693 -0.773740291595 1.33305096626 1.04243302345 -0.773713409901 1.33307802677 1.04276204109 -0.76547563076 1.34131598473 1.34165549278 -0.765020132065 1.34177207947 1.34218680859 -0.764796733856 1.34199488163 1.34232223034 -0.764459788799 1.34233188629 1.34242498875 -0.752550899982 1.35424101353 1.36125600338 -0.765225827694 1.34156596661 1.34199738503 -0.706133842468 1.40065765381 1.34067988396 -0.71819794178 1.38859403133 1.3615000248 -0.704825341702 1.40196704865 1.34249830246 -0.704829037189 1.4019626379 1.34297215939 -0.70702123642 1.39977025986 1.35604786873 -0.707023918629 1.39976799488 1.35652899742 -0.706982374191 1.39980900288 1.35685300827 -0.70679038763 1.40000104904 1.35745096207 -0.706564188004 1.40022778511 1.35782873631 -0.706275582314 1.40051603317 1.35810494423 -0.706061422825 1.40073001385 1.35823404789 -0.705835103989 1.40095698833 1.35831201077 -0.705486118793 1.4012850523 1.35833692551 -0.706903815269 1.39988803864 1.35716295242 -0.705801486969 1.40099000931 1.34077894688 -0.705585122108 1.40120697021 1.34090602398 -0.706135094166 1.40228676796 1.34112918377 -0.705063819885 1.40172803402 1.34156000614 -0.704948723316 1.40184295177 1.34184801579 -0.704868793488 1.40192294121 1.3421599865 -0.821942806244 1.29050564766 1.05582857132 -0.836018443108 1.2764300108 1.15207898617 -0.813715517521 1.29873299599 1.24924099445 -0.798719108105 1.31372988224 1.0398004055 -0.79487401247 1.31757497787 1.30789601803 -0.782366394997 1.33008205891 1.0285140276 -0.781148076057 1.33130085468 1.02840828896 -0.774994671345 1.33745396137 1.03587603569 -0.769880592823 1.34256827831 1.04209518433 -0.755379319191 1.3570690155 1.36125600338 -0.754461169243 1.35798752308 1.36982595921 -0.769586980343 1.34286189079 1.04355108738 -0.727787673473 1.38466072083 1.3631837368 -0.719821870327 1.39262700081 1.34726345539 -0.76717787981 1.33961367607 1.04193496704 -0.778452217579 1.32833909988 1.02826285362 -0.779537975788 1.32725405693 1.0285140276 -0.766771495342 1.34002041817 1.0429751873 -0.276467889547 1.83032393456 0.793714284897 -0.279832959175 1.83261585236 0.794781982899 -0.27699893713 1.82979297638 0.795378565788 -0.279337495565 1.83311116695 0.796463668346 -0.276117801666 1.83067393303 0.796710431576 -0.279148370028 1.8333003521 0.793710589409 -0.278134018183 1.83431470394 0.793780744076 -0.275104641914 1.83168745041 0.7940107584 -0.278050303459 1.83439815044 0.796380877495 -0.274894118309 1.83189809322 0.795808315277 -0.277656584978 1.83479225636 0.795056343079 -0.334852218628 1.77193903923 0.447616398335 -0.337844371796 1.77460443974 0.447912156582 -0.335262864828 1.77152872086 0.449327766895 -0.338083028793 1.77436554432 0.449268311262 -0.337376087904 1.77507245541 0.450427561998 -0.334413826466 1.77237761021 0.450492590666 -0.336880773306 1.77556765079 0.447212249041 -0.333894014359 1.77289772034 0.447302818298 -0.336491405964 1.77595734596 0.450411587954 -0.33344322443 1.77334833145 0.450263410807 -0.333074569702 1.77371680737 0.448084950447 -0.335841298103 1.77660775185 0.448264658451 -0.335910141468 1.77653849125 0.449660807848 -0.333000451326 1.77379155159 0.449329674244 -0.344109266996 1.76833927631 0.455628931522 -0.341127336025 1.76566457748 0.456800550222 -0.341189712286 1.76560211182 0.455132901669 -0.343836128712 1.76861274242 0.456972420216 -0.343744695187 1.76870441437 0.454640567303 -0.340230762959 1.76656115055 0.454153388739 -0.342709809542 1.76973867416 0.45418792963 -0.340146929026 1.76664471626 0.457472324371 -0.342918276787 1.76953053474 0.45747089386 -0.339164197445 1.76762771606 0.456829100847 -0.339110672474 1.76768112183 0.455023020506 -0.342108517885 1.77034020424 0.456956058741 -0.341815114021 1.77063333988 0.455479770899 -0.275453269482 1.83699536324 0.556843340397 -0.275491327047 1.83695733547 0.558285653591 -0.272680193186 1.83411169052 0.556863307953 -0.272567421198 1.8342243433 0.558423936367 -0.274547845125 1.83790075779 0.55593585968 -0.271846681833 1.83494544029 0.556043624878 -0.271862983704 1.83492910862 0.559052228928 -0.274542957544 1.83790552616 0.559092819691 -0.270864367485 1.83592748642 0.556438744068 -0.27104857564 1.83574318886 0.558822631836 -0.273547053337 1.83890140057 0.558401346207 -0.273526787758 1.83892178535 0.556837141514 -0.270604848862 1.83618676662 0.55782777071 -0.281622767448 1.83082580566 0.564420700073 -0.278557986021 1.82823348045 0.565481126308 -0.278755545616 1.82803606987 0.564074575901 -0.281259804964 1.83118855953 0.563359320164 -0.281133413315 1.83131504059 0.56582903862 -0.27823638916 1.82855582237 0.563158929348 -0.280484557152 1.83196365833 0.562944710255 -0.277711242437 1.82908093929 0.566015064716 -0.277314543724 1.82947731018 0.563022553921 -0.279758214951 1.83269047737 0.565676689148 -0.277014613152 1.82977747917 0.565664410591 -0.279535830021 1.83291220665 0.563751578331 -0.276583373547 1.83020877838 0.564365446568 -0.270167946815 1.84228050709 0.616406619549 -0.270070254803 1.84237861633 0.617710053921 -0.267389684916 1.83940184116 0.616854846478 -0.267132073641 1.83965981007 0.615876793861 -0.267142146826 1.83964931965 0.617840230465 -0.269717156887 1.84273171425 0.615577638149 -0.266199946404 1.84059178829 0.615286052227 -0.266505330801 1.84028697014 0.618369460106 -0.268888562918 1.84356033802 0.618444025517 -0.268806785345 1.84364211559 0.615374207497 -0.265523701906 1.84126842022 0.61800211668 -0.265266180038 1.84152543545 0.616346478462 -0.268140226603 1.84430849552 0.616282820702 -0.268108338118 1.84434068203 0.617328286171 -0.262465268373 1.84998381138 0.756938636303 -0.259251236916 1.84754061699 0.758055567741 -0.259618192911 1.84717345238 0.756717562675 -0.259075164795 1.8477165699 0.755504310131 -0.261955410242 1.85049295425 0.755548477173 -0.261869043112 1.85057961941 0.758256316185 -0.258163332939 1.84862816334 0.758342862129 -0.257877618074 1.84891402721 0.755575299263 -0.260666280985 1.85178220272 0.755583107471 -0.260947883129 1.85150098801 0.758279263973 -0.260304421186 1.85214471817 0.757336139679 -0.257443845272 1.84934782982 0.757154047489 -0.270243227482 1.8422049284 0.756937325001 -0.26714220643 1.83964931965 0.757840156555 -0.267391711473 1.83939993382 0.756440281868 -0.269658476114 1.8427901268 0.755459368229 -0.26964750886 1.84280097485 0.758256137371 -0.266671270132 1.84012055397 0.755427777767 -0.26650506258 1.8402864933 0.758369386196 -0.265656173229 1.8411359787 0.755575180054 -0.268297404051 1.84415113926 0.755772829056 -0.268634259701 1.84381484985 0.758237242699 -0.265776962042 1.84101510048 0.758196115494 -0.265221983194 1.8415697813 0.757154285908 -0.268108427525 1.84434080124 0.757328212261 -0.27524292469 1.83720576763 0.804087400436 -0.272190004587 1.8346016407 0.805015206337 -0.272397428751 1.83439397812 0.803743481636 -0.274968802929 1.83747982979 0.802978038788 -0.271799534559 1.83499193192 0.802574753761 -0.274765312672 1.83768320084 0.805363059044 -0.274209499359 1.83823919296 0.80249530077 -0.271250098944 1.83554136753 0.805561065674 -0.270452469587 1.83633947372 0.802995741367 -0.273751586676 1.83869719505 0.80543333292 -0.273349165916 1.83909952641 0.802962481976 -0.270382493734 1.83640956879 0.804816424847 -0.273108094931 1.8393406868 0.804489970207 -0.275276184082 1.8371720314 0.810726761818 -0.29616728425 1.8162817955 0.832191824913 -0.293576300144 1.81321537495 0.832434952259 -0.255777329206 1.85101473331 0.793592274189 -0.258899539709 1.85354924202 0.793899536133 -0.294828206301 1.81196308136 0.832604408264 -0.298638373613 1.81381070614 0.832074165344 -0.295909553766 1.81088209152 0.831882894039 -0.297064214945 1.8153847456 0.832657337189 -0.305178433657 1.80727028847 0.819325566292 -0.302113175392 1.80467820168 0.819818675518 -0.30507466197 1.80737400055 0.817130029202 -0.302431404591 1.80436003208 0.81827878952 -0.301900178194 1.80489194393 0.816274046898 -0.304519355297 1.80792927742 0.816052913666 -0.277928322554 1.82886314392 0.791636586189 -0.280456423759 1.83199214935 0.791327834129 -0.270128190517 1.83666348457 0.783620536327 -0.273038685322 1.8394100666 0.783705234528 -0.272320777178 1.84012806416 0.782215774059 -0.269492506981 1.8372989893 0.782089293003 -0.269491612911 1.83729994297 0.686867177486 -0.272320091724 1.84012901783 0.686867177486 -0.269491702318 1.83729982376 0.58989328146 -0.272320270538 1.84012877941 0.589854836464 -0.272594958544 1.83985376358 0.588605999947 -0.269742280245 1.83704948425 0.588648378849 -0.319320470095 1.79312860966 0.507296860218 -0.354849338531 1.75759887695 0.445477515459 -0.351908862591 1.75488293171 0.445668846369 -0.300963103771 1.8058283329 0.534319043159 -0.356072485447 1.75637602806 0.44486874342 -0.353063076735 1.75372874737 0.444852620363 -0.366698533297 1.7400932312 0.44653993845 -0.3697450459 1.74270415306 0.446558535099 -0.370162308216 1.74228668213 0.44517147541 -0.367245256901 1.73954641819 0.445031315088 -0.367267876863 1.73952400684 0.446024119854 -0.349384874105 1.75740754604 0.417027026415 -0.352039724588 1.76040899754 0.41676029563 -0.348578810692 1.75821328163 0.416362553835 -0.350771516562 1.7616776228 0.416229456663 -0.347294211388 1.7594974041 0.416348606348 -0.349453449249 1.76299512386 0.416811078787 -0.346419930458 1.76037192345 0.417166084051 -0.280958563089 1.82583320141 0.531075835228 -0.29327660799 1.81917202473 0.51456284523 -0.268328100443 1.83846366405 0.553054153919 -0.258539378643 1.85390949249 0.575010180473 -0.255693614483 1.85109853745 0.575041174889 -0.276162743568 1.83062911034 0.561018705368 -0.262420594692 1.84437096119 0.590677380562 -0.262420594692 1.84437096119 0.775994718075 -0.259415388107 1.8473764658 0.686867177486 -0.258910417557 1.84788095951 0.615342855453 -0.259659141302 1.84713304043 0.617130339146 -0.258824825287 1.84796655178 0.618355989456 -0.255349695683 1.85144209862 0.791900038719 -0.257828593254 1.84896326065 0.618075549603 -0.257752746344 1.84903919697 0.615784585476 -0.257451295853 1.84934008121 0.616877496243 -0.255349814892 1.85144162178 0.576253414154 -0.258177995682 1.85427093506 0.576202630997 -0.258186995983 1.85426151752 0.792432010174 -0.339949011803 1.77250003815 0.452374100685 -0.265249013901 1.84720003605 0.590677380562 -0.265249013901 1.84720003605 0.775994718075 -0.262243807316 1.85020494461 0.686867177486 -0.262383788824 1.8500649929 0.617463052273 -0.262280791998 1.85016775131 0.61603718996 -0.261313080788 1.85113561153 0.615279972553 -0.261596888304 1.85085201263 0.618375182152 -0.260611236095 1.85183739662 0.618019342422 -0.26028907299 1.85215961933 0.616387307644 -0.562695205212 1.54975378513 0.636194586754 -0.541927814484 1.57052123547 0.635979533195 -0.562819898129 1.5496288538 0.634096384048 -0.541802823544 1.57064604759 0.659776091576 -0.541755139828 1.57069396973 0.637784719467 -0.561906397343 1.55054199696 0.632436275482 -0.537347853184 1.57509756088 0.616938173771 -0.546222925186 1.56621730328 0.662935376167 -0.545917987823 1.56655490398 0.661617994308 -0.530872344971 1.58157658577 0.705765008926 -0.545640349388 1.56680679321 0.664223611355 -0.544785737991 1.56767761707 0.661118745804 -0.544655323029 1.56779336929 0.664285242558 -0.544059932232 1.56838786602 0.663554012775 -0.543942630291 1.5684992075 0.662315666676 -0.539656102657 1.57279717922 0.656245350838 -0.538858294487 1.57358980179 0.65520465374 -0.498934447765 1.61351418495 0.731399476528 -0.531696796417 1.58075201511 0.659776091576 -0.539525985718 1.57292425632 0.657629072666 -0.538629710674 1.57383608818 0.658479750156 -0.536455631256 1.5759267807 0.617845654488 -0.537794947624 1.57465517521 0.655491471291 -0.537715911865 1.57473278046 0.657912015915 -0.537373125553 1.57507359982 0.656902253628 -0.498139113188 1.61431002617 0.777324616909 -0.488033086061 1.62441599369 0.777324616909 -0.484478324652 1.62797045708 0.80718845129 -0.49227976799 1.62016713619 0.780988752842 -0.492296874523 1.62015295029 0.779682993889 -0.491685181856 1.62076282501 0.778885185719 -0.491649866104 1.62079823017 0.781756818295 -0.490657180548 1.62176454067 0.778994083405 -0.490820586681 1.62162947655 0.781700789928 -0.490206092596 1.62224626541 0.780553758144 -0.485698848963 1.62674975395 0.773447811604 -0.484691768885 1.6277576685 0.772796154022 -0.483756422997 1.62869310379 0.77364397049 -0.470988512039 1.64146018028 0.79249227047 -0.48575553298 1.62670457363 0.77501386404 -0.484738111496 1.62769150734 0.775953292847 -0.470237821341 1.64221072197 0.793224096298 -0.483784258366 1.62866413593 0.808028280735 -0.483821600676 1.62862491608 0.775077998638 -0.456528037786 1.65592157841 0.816602349281 -0.456275373697 1.65617346764 0.815205454826 -0.454912483692 1.65753626823 0.814895987511 -0.45600566268 1.65644836426 0.817678868771 -0.411461114883 1.70098781586 0.841261923313 -0.454900503159 1.65755546093 0.817651152611 -0.454397022724 1.65809166431 0.816417515278 -0.453314989805 1.65912938118 0.804321885109 -0.452105998993 1.66034388542 0.80496108532 -0.408436775208 1.70401203632 0.821622490883 -0.45396026969 1.65800571442 0.805657565594 -0.452721148729 1.65972793102 0.807317078114 -0.45364382863 1.65881276131 0.80716252327 -0.45209762454 1.66035175323 0.806536436081 -0.360115289688 1.75233304501 0.851541280746 -0.360115289688 1.75233304501 0.843826413155 -0.362435311079 1.75001442432 0.859738051891 -0.36188736558 1.75056171417 0.858230113983 -0.361761569977 1.75068771839 0.860983371735 -0.338501781225 1.77394664288 0.874786198139 -0.36087590456 1.75157856941 0.858160376549 -0.360674858093 1.75180995464 0.860857665539 -0.360270321369 1.75226008892 0.85927593708 -0.35841473937 1.7540345192 0.847710430622 -0.340855926275 1.77159297466 0.852671504021 -0.359910190105 1.75236582756 0.849330246449 -0.359619051218 1.75284719467 0.847860217094 -0.359558552504 1.7528834343 0.850335240364 -0.358757704496 1.75369250774 0.850641310215 -0.357983469963 1.75446498394 0.84992480278 -0.357859700918 1.75458776951 0.848759055138 -0.327935308218 1.78451299667 0.851541280746 -0.33727568388 1.77517318726 0.874428987503 -0.339652478695 1.77279639244 0.852150380611 -0.331273645163 1.78118038177 0.848450243473 -0.33102402091 1.78141331673 0.846918880939 -0.3080689013 1.80437922478 0.819700241089 -0.330657243729 1.78177499771 0.849434316158 -0.329769194126 1.78268909454 0.846570968628 -0.329707801342 1.78267097473 0.849411725998 -0.32910567522 1.78335547447 0.848132789135 -0.299640208483 1.81280827522 0.835758149624 -0.326776891947 1.78569149971 0.857088088989 -0.326217442751 1.78622746468 0.85558027029 -0.325298070908 1.78715145588 0.855477154255 -0.326007992029 1.78643786907 0.858402252197 -0.322985112667 1.78946399689 0.859746992588 -0.325087279081 1.78734946251 0.85823225975 -0.32472255826 1.78772580624 0.85613578558 -0.324587315321 1.78786051273 0.857290327549 -0.299148231745 1.81330108643 0.833956480026 -0.299361467361 1.81308722496 0.832390010357 -0.305598765612 1.80684971809 0.820248246193 -0.306704044342 1.80562019348 0.819397568703 -0.327483654022 1.78496444225 0.825868725777 -0.324644476175 1.78214764595 0.826776623726 -0.324614018202 1.78217768669 0.82567858696 -0.32735350728 1.78509509563 0.827204287052 -0.326993495226 1.78545510769 0.825021326542 -0.324133306742 1.78265857697 0.827600717545 -0.324031710625 1.78276014328 0.82495623827 -0.326389193535 1.78605937958 0.827728807926 -0.323084264994 1.78370738029 0.825094044209 -0.326218545437 1.78623008728 0.824940621853 -0.323101580143 1.78368997574 0.827522993088 -0.325569331646 1.78687977791 0.82573890686 -0.325663268566 1.78678548336 0.827074468136 -0.322686284781 1.78410553932 0.826310276985 -0.349399596453 1.75739216805 0.776834607124 -0.35215857625 1.76028978825 0.776682913303 -0.349637985229 1.75715374947 0.778259217739 -0.352470904589 1.75997805595 0.777946949005 -0.351936250925 1.76051235199 0.779054820538 -0.348711460829 1.75808000565 0.776321828365 -0.34873008728 1.75806152821 0.779193520546 -0.351060837507 1.76138794422 0.776387929916 -0.350989669561 1.76145887375 0.779037296772 -0.347904592752 1.75888752937 0.776749074459 -0.347990185022 1.7588019371 0.77885812521 -0.350412875414 1.76203608513 0.777821600437 -0.347617506981 1.75917387009 0.777898490429 -0.374303042889 1.73248827457 0.728158414364 -0.377358943224 1.73508930206 0.72878742218 -0.374563783407 1.73222839832 0.729453742504 -0.377329915762 1.73511886597 0.729761838913 -0.374094665051 1.73269712925 0.730475306511 -0.376868516207 1.73558008671 0.72793930769 -0.376864850521 1.73558366299 0.730481505394 -0.373296827078 1.73349523544 0.727828919888 -0.376008450985 1.7364398241 0.727885782719 -0.376091063023 1.73635721207 0.730592310429 -0.37323153019 1.73356020451 0.730560958385 -0.372692793608 1.73409891129 0.72851395607 -0.372602641582 1.73418939114 0.729730904102 -0.37546646595 1.73698210716 0.728672802448 -0.37545645237 1.73699212074 0.729769647121 -0.401745766401 1.71070277691 0.679284691811 -0.402367264032 1.71008121967 0.680742502213 -0.399550557137 1.70724093914 0.680531799793 -0.399216681719 1.70757544041 0.681672394276 -0.398850649595 1.70794153214 0.679299414158 -0.401950001717 1.71049833298 0.681807219982 -0.398426741362 1.70836520195 0.682155132294 -0.401202112436 1.71124637127 0.682105779648 -0.397996127605 1.70879530907 0.679447770119 -0.400721222162 1.71172785759 0.679546356201 -0.400536686182 1.71191179752 0.681546449661 -0.397587656975 1.70920419693 0.681298196316 -0.397557139397 1.70923447609 0.680199921131 -0.400325089693 1.71212410927 0.680488705635 -0.427283704281 1.68516516685 0.632324635983 -0.424321770668 1.68246996403 0.632839083672 -0.424390554428 1.68240118027 0.631495714188 -0.426912903786 1.68553602695 0.630960762501 -0.42688781023 1.68556129932 0.633266031742 -0.423717707396 1.68307411671 0.633524477482 -0.423612415791 1.68317985535 0.630729854107 -0.426140040159 1.68630838394 0.633564770222 -0.42579755187 1.68665099144 0.630839467049 -0.422933876514 1.6838581562 0.630906641483 -0.42271104455 1.68408083916 0.633194804192 -0.4254129529 1.6870354414 0.632908940315 -0.422458201647 1.68433403969 0.631774485111 -0.425288617611 1.68716013432 0.63182914257 -0.449251413345 1.65754020214 0.582872271538 -0.45209634304 1.66035223007 0.582800745964 -0.449356406927 1.6574357748 0.584080159664 -0.452142864466 1.66030573845 0.584138214588 -0.44846278429 1.65832901001 0.582116246223 -0.451677411795 1.6607708931 0.58485853672 -0.448484629393 1.6583070755 0.585070371628 -0.450986176729 1.66146254539 0.582146465778 -0.450725227594 1.66172349453 0.584908902645 -0.447482973337 1.65930891037 0.582877278328 -0.447493106127 1.65929841995 0.584337413311 -0.450171560049 1.66227674484 0.583397865295 -0.295497775078 1.81695115566 0.793572664261 -0.292456358671 1.81433522701 0.794311642647 -0.29260456562 1.81418704987 0.792743861675 -0.295185446739 1.81726300716 0.792307913303 -0.29496306181 1.81748580933 0.794680118561 -0.291738539934 1.81505298615 0.791946828365 -0.291579425335 1.81521248817 0.794820904732 -0.294087797403 1.81836080551 0.792012989521 -0.29401704669 1.81843173504 0.794662475586 -0.290931761265 1.81586039066 0.792373716831 -0.290661007166 1.81613087654 0.793915271759 -0.293439954519 1.81900918484 0.793446421623 -0.317173093557 1.78961825371 0.743654370308 -0.320442765951 1.79200577736 0.744392693043 -0.317629098892 1.78916299343 0.744827449322 -0.320052564144 1.79239594936 0.746002554893 -0.317049235106 1.78974211216 0.746179997921 -0.319471150637 1.79297745228 0.743383824825 -0.316143423319 1.79064834118 0.743505597115 -0.318850398064 1.79359865189 0.74611312151 -0.315940529108 1.79085087776 0.745970904827 -0.318440765142 1.79400789738 0.744262635708 -0.315580427647 1.79121148586 0.744729816914 -0.367238759995 1.7395529747 0.646835625172 -0.369939625263 1.74250912666 0.646585702896 -0.367490589619 1.73930156231 0.648000657558 -0.370299398899 1.74214935303 0.648209393024 -0.366754055023 1.74003827572 0.649188876152 -0.36655113101 1.7402408123 0.646323800087 -0.369604021311 1.7428445816 0.649120092392 -0.368824452162 1.74362397194 0.646464407444 -0.368660658598 1.74378764629 0.64893591404 -0.365606606007 1.74118542671 0.646923184395 -0.365619182587 1.74117255211 0.64862382412 -0.368289679289 1.74415886402 0.647572100163 -0.392193585634 1.71459794044 0.598269879818 -0.395248323679 1.71720004082 0.599407732487 -0.392403453588 1.71438848972 0.599456787109 -0.394989430904 1.71745932102 0.598246335983 -0.392063051462 1.71472895145 0.600305140018 -0.394785046577 1.71766328812 0.600435733795 -0.391311079264 1.71548104286 0.597785115242 -0.394103974104 1.71834433079 0.597771584988 -0.391329795122 1.71546208858 0.600656747818 -0.394110739231 1.7183381319 0.600621819496 -0.390509992838 1.71628153324 0.598501861095 -0.393352717161 1.71909606457 0.600014567375 -0.390519976616 1.71627163887 0.599962234497 -0.393334448338 1.7191144228 0.598552584648 -0.420069396496 1.69237971306 0.55001950264 -0.420147240162 1.69230163097 0.551112949848 -0.417356878519 1.68943464756 0.550280511379 -0.417074084282 1.68971765041 0.551688849926 -0.416684746742 1.69010698795 0.549335479736 -0.419400125742 1.69304823875 0.549253225327 -0.419641703367 1.6928075552 0.551942825317 -0.416085898876 1.69070565701 0.552114903927 -0.415736496449 1.69105553627 0.54947322607 -0.418868362904 1.69358026981 0.55205321312 -0.418344587088 1.69410395622 0.549774050713 -0.41823336482 1.69421517849 0.551229536533 -0.41533190012 1.69145941734 0.550947964191 -0.459661364555 1.65278708935 0.567488133907 -0.424486100674 1.68230557442 0.534252405167 -0.456971168518 1.64982092381 0.567632257938 -0.427258014679 1.68519091606 0.534194946289 -0.423461794853 1.68333005905 0.534087717533 -0.426364928484 1.68608367443 0.534102201462 -0.425678998232 1.68676936626 0.534618079662 -0.422780811787 1.68401110172 0.534753322601 -0.400291979313 1.7121566534 0.584032952785 -0.407320350409 1.6994715929 0.564846754074 -0.375956863165 1.73083484173 0.625895082951 -0.386232316494 1.72621655464 0.611400067806 -0.3513238132 1.76112484932 0.679348886013 -0.345012068748 1.76177990437 0.686129331589 -0.334049493074 1.7727419138 0.707467913628 -0.326552331448 1.78589642048 0.72756677866 -0.302497118711 1.80429434776 0.768884718418 -0.309451192617 1.80299782753 0.760854303837 -0.287166118622 1.81962585449 0.798731982708 -0.290061414242 1.82238745689 0.798600196838 -0.289957910776 1.8224902153 0.799724459648 -0.29029121995 1.82215750217 0.800814568996 -0.287339478731 1.81945252419 0.800677418709 -0.322803378105 1.78964531422 0.834218740463 -0.319848656654 1.78694295883 0.834091126919 -0.323820203543 1.78862857819 0.834329724312 -0.324474155903 1.78797471523 0.833689689636 -0.321553975344 1.78523814678 0.833865642548 -0.320611685514 1.7861802578 0.834414899349 -0.449292361736 1.66315674782 0.590732038021 -0.459986507893 1.6524617672 0.569913804531 -0.457113802433 1.64967787266 0.57000130415 -0.4345061481 1.67228555679 0.614007174969 -0.417503476143 1.69494497776 0.652608513832 -0.417827010155 1.68896496296 0.646473228931 -0.395865619183 1.71658313274 0.694726467133 -0.390657752752 1.71613371372 0.699358403683 -0.372060418129 1.74038851261 0.741063952446 -0.357037603855 1.74975454807 0.764799892902 -0.335735827684 1.77671289444 0.811769247055 -0.339968651533 1.76682293415 0.798024535179 -0.457326859236 1.64946520329 0.56897097826 -0.394958287477 1.71183300018 0.627812981606 -0.37002068758 1.73677098751 0.700624585152 -0.341876536608 1.76491558552 0.694923639297 -0.342549592257 1.76424205303 0.696031093597 -0.34207701683 1.76471471786 0.697599768639 -0.340785115957 1.76600682735 0.695264399052 -0.341036230326 1.76575613022 0.697541475296 -0.340552031994 1.76623952389 0.696687161922 -0.460136771202 1.65231204033 0.568542957306 -0.422724306583 1.68972396851 0.597474813461 -0.397786706686 1.71466195583 0.615677773952 -0.372849106789 1.73959994316 0.676354050636 -0.347911506891 1.76453697681 0.749165534973 -0.345386654139 1.76706206799 0.696111261845 -0.344852507114 1.76759600639 0.695042431355 -0.34485322237 1.76759564877 0.697641015053 -0.34382173419 1.76862704754 0.697504878044 -0.343807339668 1.76864147186 0.695040643215 -0.343338489532 1.769110322 0.69649040699 -0.397232651711 1.71521615982 0.476546883583 -0.397201150656 1.71524703503 0.477902799845 -0.394530683756 1.71226108074 0.476932793856 -0.394005924463 1.71278584003 0.47846981883 -0.393470704556 1.71332120895 0.475702017546 -0.396443992853 1.71600461006 0.475781023502 -0.396355211735 1.71609342098 0.478691697121 -0.392889857292 1.71390223503 0.478433400393 -0.39555066824 1.71689832211 0.476221442223 -0.3924664855 1.71432483196 0.476841896772 -0.39534124732 1.71710729599 0.477775096893 -0.505589067936 1.60120224953 0.590585291386 -0.508703231812 1.60374581814 0.591582655907 -0.50585013628 1.60094189644 0.591880381107 -0.508240461349 1.60420835018 0.590414226055 -0.508245229721 1.60420370102 0.592897415161 -0.5053794384 1.60141301155 0.592904448509 -0.504582822323 1.6022092104 0.590255916119 -0.507294476032 1.60515379906 0.59031277895 -0.504517793655 1.60227406025 0.592988014221 -0.507299304008 1.60514903069 0.592962563038 -0.503978967667 1.60281300545 0.590940713882 -0.503888726234 1.60290336609 0.592157781124 -0.506752490997 1.60569608212 0.591099798679 -0.506742417812 1.6057062149 0.592196404934 -0.357827067375 1.74896502495 0.411801367998 -0.360913187265 1.75153517723 0.412410527468 -0.358075916767 1.74871551991 0.413093954325 -0.360450208187 1.75199890137 0.413978874683 -0.360113233328 1.75233519077 0.41130104661 -0.357163578272 1.74962794781 0.414202839136 -0.357139766216 1.74965190887 0.411289542913 -0.359248697758 1.75319993496 0.413901239634 -0.356332629919 1.75045955181 0.41171681881 -0.359274089336 1.75317466259 0.411596059799 -0.356062084436 1.75072932243 0.413258135319 -0.358878046274 1.75357091427 0.41253760457 -0.563322722912 1.54912590981 0.620256721973 -0.560216784477 1.54657483101 0.621689915657 -0.560474097729 1.54631733894 0.620175480843 -0.56293118 1.54951775074 0.621866822243 -0.559555768967 1.54723608494 0.619269073009 -0.562437534332 1.5500112772 0.619277000427 -0.559223711491 1.54756820202 0.622148096561 -0.561729073524 1.55071926117 0.621976077557 -0.558749079704 1.54804301262 0.61969524622 -0.561689853668 1.55075871944 0.619575500488 -0.558460593224 1.5483314991 0.620972454548 -0.561293661594 1.55115497112 0.620517611504 -0.432824611664 1.67396736145 0.537300884724 -0.43579813838 1.67665040493 0.53774958849 -0.432939231396 1.67385232449 0.538960576057 -0.435587346554 1.67686152458 0.539312005043 -0.435269236565 1.67717909813 0.53682911396 -0.432021081448 1.67477071285 0.53665882349 -0.431665450335 1.67512631416 0.539743542671 -0.434438973665 1.67800986767 0.53674197197 -0.434531539679 1.67791700363 0.539690136909 -0.431234896183 1.67555677891 0.537036180496 -0.433742821217 1.67870545387 0.537597358227 -0.433843195438 1.67860579491 0.539027631283 -0.430817872286 1.675973773 0.53835362196 -0.452744156122 1.65404760838 0.557635903358 -0.455800235271 1.65664827824 0.558191001415 -0.45302388072 1.6537681818 0.559023737907 -0.45574015379 1.65670871735 0.55951488018 -0.452519387007 1.65427279472 0.560120642185 -0.455198645592 1.65725016594 0.55735886097 -0.455022960901 1.65742588043 0.560279071331 -0.451569288969 1.65522277355 0.557306051254 -0.454460591078 1.65798807144 0.557314574718 -0.451596826315 1.65519499779 0.56021040678 -0.454206675291 1.65824210644 0.560059666634 -0.453818053007 1.65863060951 0.55805760622 -0.450972676277 1.65581929684 0.559436321259 -0.450940072536 1.65585172176 0.558260321617 -0.453756839037 1.65869164467 0.55923217535 -0.539900124073 1.57254898548 0.617999076843 -0.563204824924 1.54924404621 0.63270264864 -0.560558915138 1.54623246193 0.632817983627 -0.52886557579 1.5779260397 0.612820267677 -0.475502640009 1.63128840923 0.579142868519 -0.506295323372 1.60615301132 0.596791028976 -0.460903406143 1.65154516697 0.568144083023 -0.458068966866 1.64872300625 0.568139851093 -0.439286887646 1.66750526428 0.548841416836 -0.453545749187 1.65890312195 0.560586154461 -0.448201239109 1.66424703598 0.555094957352 -0.426574647427 1.68587350845 0.532873630524 -0.423745840788 1.68304586411 0.532873213291 -0.399332851171 1.71311593056 0.490160495043 -0.371233254671 1.73555886745 0.450536847115 -0.384168058634 1.72828042507 0.46638289094 -0.351468503475 1.76098036766 0.415110707283 -0.348599404097 1.75819265842 0.415043562651 -0.415239721537 1.69720876217 0.334551513195 -0.401926964521 1.71052205563 0.327272564173 -0.412380486727 1.69441151619 0.334530293941 -0.398991346359 1.70780050755 0.327216655016 -0.401045501232 1.71140313148 0.327346086502 -0.398061662912 1.70873010159 0.32747399807 -0.400503367186 1.71194553375 0.327976077795 -0.397674798965 1.70911705494 0.327976286411 -0.45531475544 1.65147709846 0.523041665554 -0.45832374692 1.654124856 0.523572981358 -0.455543726683 1.65124857426 0.52470177412 -0.458249419928 1.65419900417 0.524683952332 -0.455271452665 1.65152060986 0.524975061417 -0.457829654217 1.65461921692 0.522713005543 -0.457403093576 1.65504515171 0.525473117828 -0.454849660397 1.65194118023 0.522457838058 -0.454212933779 1.65258085728 0.525525569916 -0.457054823637 1.65539383888 0.522632002831 -0.454266101122 1.65252971649 0.522436976433 -0.453586280346 1.65320062637 0.524876832962 -0.456405252218 1.65604364872 0.523430526257 -0.456499278545 1.65594947338 0.524766087532 -0.453620135784 1.65317106247 0.523041963577 -0.453430742025 1.65335953236 0.524365246296 -0.455624103546 1.65111207962 0.523740649223 -0.455655485392 1.65113604069 0.524158596992 -0.455617904663 1.65117394924 0.524432420731 -0.455563902855 1.65122795105 0.523340582848 -0.455299377441 1.65126419067 0.522982001305 -0.455445587635 1.65134596825 0.524931788445 -0.455181360245 1.65148532391 0.5252404809 -0.455195307732 1.65159595013 0.522696971893 -0.455026298761 1.65176594257 0.522553324699 -0.454990506172 1.6518009901 0.525453090668 -0.454804003239 1.65198802948 0.525543928146 -0.454441219568 1.65221261978 0.525597333908 -0.454451411963 1.65234005451 0.522395312786 -0.45464861393 1.65214300156 0.522400081158 -0.454034388065 1.65275704861 0.525429487228 -0.453865289688 1.65292596817 0.52528578043 -0.453881025314 1.6530393362 0.522742271423 -0.454070210457 1.65272200108 0.52252972126 -0.453716486692 1.65307497978 0.52510279417 -0.453496813774 1.65329504013 0.52464222908 -0.453387528658 1.65339410305 0.523963332176 -0.453468471766 1.65332043171 0.523417294025 -0.597674071789 1.50911772251 0.529312431812 -0.600697100163 1.51175141335 0.529831707478 -0.597838819027 1.50895285606 0.530383467674 -0.600234031677 1.51221466064 0.531401634216 -0.597367107868 1.50942456722 0.53140938282 -0.59997934103 1.51246917248 0.528774619102 -0.597010672092 1.50978112221 0.528743088245 -0.596506953239 1.51028513908 0.531492769718 -0.596249878407 1.51054155827 0.528978168964 -0.599205970764 1.51324295998 0.528885304928 -0.599032759666 1.51341581345 0.53132390976 -0.595795929432 1.51099526882 0.530426800251 -0.598664581776 1.51378428936 0.529831111431 -0.407242000103 1.69955003262 0.333646416664 -0.41025942564 1.70218920708 0.334420949221 -0.407406568527 1.69938480854 0.334717363119 -0.409920394421 1.70252811909 0.333430230618 -0.409984409809 1.70246386528 0.335444301367 -0.406933635473 1.69985806942 0.335743993521 -0.406214177608 1.70057761669 0.333000928164 -0.409106403589 1.70334196091 0.333034485579 -0.409285992384 1.70316267014 0.335923016071 -0.40599039197 1.70080149174 0.335795015097 -0.408354967833 1.7040938139 0.335276931524 -0.408336251974 1.70411229134 0.333816766739 -0.405345588923 1.70144605637 0.334499061108 -0.570601224899 1.54184746742 0.551987349987 -0.570600092411 1.54184877872 0.553464353085 -0.567924380302 1.53886723518 0.552628576756 -0.56750780344 1.5392832756 0.553897082806 -0.567054212093 1.53973770142 0.551284253597 -0.569843292236 1.54260516167 0.554220616817 -0.569390594959 1.54305815697 0.551333010197 -0.566571235657 1.54022073746 0.554174542427 -0.566103696823 1.54068827629 0.551863908768 -0.569028615952 1.54342007637 0.55382412672 -0.565865814686 1.54092621803 0.55304145813 -0.568677484989 1.54377126694 0.552707254887 -0.507724523544 1.60472416878 0.56126511097 -0.507830202579 1.60461843014 0.562720656395 -0.505066752434 1.60172498226 0.56206882 -0.504805326462 1.60198664665 0.563105642796 -0.504754960537 1.60203707218 0.561068117619 -0.506902098656 1.60554623604 0.563607335091 -0.506870865822 1.6055778265 0.560679018497 -0.503822386265 1.60296940804 0.563569426537 -0.504020690918 1.6027712822 0.560695707798 -0.503244280815 1.60354816914 0.561220526695 -0.506162047386 1.60628628731 0.561127841473 -0.505858898163 1.60658979416 0.56253516674 -0.503082990646 1.60370850563 0.562549114227 -0.414516627789 1.6922750473 0.4686191082 -0.41744235158 1.69500589371 0.469265788794 -0.414521515369 1.69227039814 0.469724863768 -0.41699129343 1.69545757771 0.467949211597 -0.41700309515 1.69544553757 0.470316112041 -0.413975030184 1.69281721115 0.46782758832 -0.413882791996 1.6929090023 0.470539212227 -0.416249036789 1.69619965553 0.470585137606 -0.415872007608 1.69657683372 0.467885106802 -0.413030534983 1.69376122952 0.467922985554 -0.412867516279 1.69392418861 0.470247417688 -0.415383011103 1.69706535339 0.469572335482 -0.412582397461 1.69420921803 0.468963474035 -0.404059499502 1.70838880539 0.380773991346 -0.404240608215 1.70820772648 0.3823312819 -0.401473402977 1.70531821251 0.38188624382 -0.401224642992 1.70556724072 0.380849808455 -0.400831580162 1.70595991611 0.383186817169 -0.400536417961 1.70625543594 0.380337178707 -0.403506308794 1.70894241333 0.383181661367 -0.402795046568 1.70965385437 0.380435019732 -0.399659156799 1.70713245869 0.380847096443 -0.402745038271 1.70970356464 0.382977634668 -0.39953956008 1.70725238323 0.382542669773 -0.40226149559 1.71018755436 0.381963193417 -0.606907486916 1.50554120541 0.537985563278 -0.604006171227 1.50278604031 0.537851393223 -0.604152619839 1.50263905525 0.538967609406 -0.606747925282 1.50570094585 0.539889931679 -0.603931725025 1.50286006927 0.539899230003 -0.597856581211 1.51459181309 0.522238910198 -0.595006942749 1.51178503036 0.522205471992 -0.596554875374 1.5158932209 0.521779537201 -0.59369289875 1.51309919357 0.521805226803 -0.584441661835 1.52800726891 0.534090578556 -0.537235379219 1.56955659389 0.579231798649 -0.540279448032 1.57216930389 0.579013228416 -0.53936624527 1.57308268547 0.579332411289 -0.536292731762 1.57049906254 0.57918047905 -0.509438037872 1.60301053524 0.560447514057 -0.472939312458 1.63385295868 0.539198040962 -0.475768238306 1.63668072224 0.539198338985 -0.441443413496 1.67100524902 0.503930389881 -0.438614904881 1.66817724705 0.503930151463 -0.39209869504 1.71469259262 0.430995315313 -0.410822212696 1.70162689686 0.455917805433 -0.394975870848 1.71747279167 0.431070327759 -0.394652873278 1.71779596806 0.429824382067 -0.391844183207 1.71494722366 0.429733902216 -0.407119095325 1.70532989502 0.374666601419 -0.412977337837 1.69381427765 0.336231768131 -0.41579657793 1.69665193558 0.336269170046 -0.584527492523 1.5279211998 0.588467121124 -0.564705610275 1.54774332047 0.631800591946 -0.564108133316 1.54834032059 0.63256496191 -0.450441747904 1.66200697422 0.532360434532 -0.351685106754 1.76076376438 0.412925302982 -0.35141658783 1.76103210449 0.413563609123 -0.348856717348 1.75793528557 0.412925124168 -0.348613768816 1.75817799568 0.413501560688 -0.602962613106 1.50382900238 0.541927397251 -0.583731770515 1.52306032181 0.584023237228 -0.603111922741 1.50367999077 0.541655480862 -0.602782487869 1.50400900841 0.542159020901 -0.602576971054 1.50421500206 0.542343616486 -0.602352082729 1.50443994999 0.542475521564 -0.602114617825 1.50467705727 0.542550981045 -0.601871490479 1.5049200058 0.542567670345 -0.601629793644 1.50516200066 0.542525172234 -0.601396977901 1.50539505482 0.542424798012 -0.601179718971 1.50561201572 0.542269289494 -0.60090982914 1.50588154793 0.541973769665 -0.592526912689 1.51426434517 0.530379772186 -0.592730879784 1.51406097412 0.53020721674 -0.592947423458 1.513843894 0.530086576939 -0.594450414181 1.51234197617 0.530741274357 -0.538063704967 1.56872797012 0.585780978203 -0.594285726547 1.51250600815 0.530499577522 -0.593184292316 1.51360797882 0.530017495155 -0.593421280384 1.51337003708 0.530005395412 -0.59409481287 1.51269698143 0.530300319195 -0.593883216381 1.51290905476 0.530148923397 -0.593656599522 1.51313495636 0.530049681664 -0.537852585316 1.56893897057 0.585958600044 -0.561877071857 1.54491496086 0.63180077076 -0.537622988224 1.56916904449 0.586081683636 -0.537381827831 1.56940996647 0.586147010326 -0.53713619709 1.56965601444 0.58615219593 -0.536893725395 1.5698980093 0.586097180843 -0.536661088467 1.57013094425 0.585983395576 -0.470803976059 1.63598752022 0.544420659542 -0.435762643814 1.67102909088 0.508416175842 -0.387460798025 1.71933090687 0.43268212676 -0.407631397247 1.69915997982 0.339364409447 -0.406753391027 1.70003795624 0.337885200977 -0.407657593489 1.6991339922 0.339697897434 -0.407643914223 1.69914805889 0.340032786131 -0.407590895891 1.69920098782 0.340359896421 -0.407566189766 1.69922602177 0.339041799307 -0.397325009108 1.70946705341 0.332735091448 -0.387163698673 1.71962797642 0.430733293295 -0.407463699579 1.69932794571 0.338739186525 -0.407326996326 1.69946503639 0.338465005159 -0.407159805298 1.69963204861 0.338227003813 -0.406966686249 1.69982504845 0.338032007217 -0.397106021643 1.70968604088 0.332583755255 -0.396908789873 1.709882617 0.332381993532 -0.396741718054 1.71005010605 0.332139402628 -0.396603018045 1.71018898487 0.331853598356 -0.396603882313 1.71018755436 0.329881489277 -0.396737009287 1.71005499363 0.329608112574 -0.39650285244 1.71028888226 0.331544071436 -0.396502614021 1.71028995514 0.330196231604 -0.39644035697 1.71035158634 0.331208318472 -0.396440804005 1.71035051346 0.33052611351 -0.396419882774 1.71037137508 0.330867856741 -0.387312591076 1.71947896481 0.432404696941 -0.387200713158 1.71959102154 0.432095497847 -0.387128293514 1.71966302395 0.431763589382 -0.387109488249 1.71968197823 0.431072086096 -0.387097597122 1.71969401836 0.431418985128 -0.659953951836 1.45249509811 0.405424177647 -0.657026648521 1.44976532459 0.406211435795 -0.656980097294 1.44981181622 0.404631465673 -0.659654080868 1.45279490948 0.404418021441 -0.659715890884 1.45273220539 0.406482100487 -0.656046688557 1.45074534416 0.406972289085 -0.655845165253 1.45094656944 0.404065847397 -0.658822596073 1.45362639427 0.404080688953 -0.658638477325 1.45381033421 0.40690729022 -0.658085107803 1.45436358452 0.404708057642 -0.65525829792 1.45153343678 0.406216830015 -0.655140280724 1.45165133476 0.405133903027 -0.657994449139 1.454454422 0.405923753977 -0.472446024418 1.63434576988 0.214912369847 -0.475750654936 1.63669812679 0.216038256884 -0.472938477993 1.63385295868 0.21659463644 -0.475511729717 1.63693702221 0.217214733362 -0.475237101316 1.63721096516 0.214912563562 -0.472195804119 1.63459599018 0.217615246773 -0.474341034889 1.63810765743 0.217618584633 -0.474123805761 1.63832461834 0.215066507459 -0.471251487732 1.63554060459 0.215117007494 -0.471425622702 1.63536632061 0.217466682196 -0.470907479525 1.63588428497 0.216493070126 -0.473733007908 1.63871586323 0.216289252043 -0.537608146667 1.57484078407 0.200665652752 -0.537468612194 1.57498013973 0.202118486166 -0.534821033478 1.5719704628 0.201501518488 -0.534593462944 1.57219827175 0.20019967854 -0.534135639668 1.57265615463 0.202599480748 -0.536731660366 1.57571685314 0.19967341423 -0.533789098263 1.57300257683 0.199753567576 -0.536401867867 1.57604670525 0.202598705888 -0.533206045628 1.57358598709 0.202306970954 -0.53307813406 1.57371401787 0.200198173523 -0.535710632801 1.57673799992 0.200581997633 -0.535746216774 1.57670235634 0.20180362463 -0.532813131809 1.57397830486 0.201359853148 -0.57410377264 1.53834497929 0.220136731863 -0.573640227318 1.538808465 0.221707180142 -0.57129406929 1.53549778461 0.220310002565 -0.570774376392 1.53601789474 0.221714258194 -0.570747613907 1.53604400158 0.219214007258 -0.573303699493 1.53914535046 0.219028934836 -0.569887518883 1.53690433502 0.21908710897 -0.569912970066 1.53687870502 0.2217977494 -0.572608053684 1.53984045982 0.221732497215 -0.572318673134 1.54012954235 0.21946619451 -0.569330871105 1.53746128082 0.221075445414 -0.569300591946 1.53749144077 0.219977527857 -0.572083830833 1.54036462307 0.220765531063 -0.500102341175 1.60668921471 0.181929409504 -0.502914786339 1.60953354836 0.181881591678 -0.500404059887 1.60638773441 0.183325141668 -0.503217220306 1.60923182964 0.183403551579 -0.49966225028 1.60712993145 0.184347033501 -0.502602219582 1.60984623432 0.184262230992 -0.499012857676 1.60777878761 0.181545943022 -0.502083837986 1.61036527157 0.181544199586 -0.501820385456 1.61062824726 0.184306263924 -0.498732209206 1.6080596447 0.184085518122 -0.501346170902 1.61110258102 0.182171538472 -0.49837192893 1.60841965675 0.182845234871 -0.501255393028 1.61119353771 0.183387205005 -0.650431215763 1.46201717854 0.316271364689 -0.650986850262 1.46146225929 0.317914545536 -0.648160755634 1.45863091946 0.317440509796 -0.647706031799 1.45908558369 0.318763077259 -0.647614240646 1.45917773247 0.316345065832 -0.650079905987 1.46236884594 0.319033741951 -0.64666390419 1.46012759209 0.316248297691 -0.646684110165 1.46010816097 0.31893569231 -0.649478852749 1.46297025681 0.316321671009 -0.649125635624 1.46332287788 0.318473279476 -0.64897352457 1.46347522736 0.317151546478 -0.646084547043 1.46070706844 0.317600339651 -0.626583218575 1.48586547375 0.273644059896 -0.626495778561 1.48595273495 0.275589853525 -0.623932361603 1.48285973072 0.27453494072 -0.623253107071 1.48353827 0.273127645254 -0.623423755169 1.48336851597 0.275809824467 -0.625328302383 1.48712027073 0.2731795609 -0.625421047211 1.48702716827 0.275925010443 -0.622307181358 1.48448419571 0.275773853064 -0.622245311737 1.48454642296 0.273465394974 -0.624670386314 1.48777794838 0.274744957685 -0.621883392334 1.48490846157 0.27443754673 -0.67079770565 1.43599390984 0.357322484255 -0.673661768436 1.43878662586 0.357384800911 -0.670950174332 1.43584120274 0.358984351158 -0.67381644249 1.43863236904 0.358700335026 -0.672979712486 1.43946874142 0.359768748283 -0.670006275177 1.43678498268 0.356847345829 -0.67279791832 1.439650774 0.356833040714 -0.670115947723 1.43667531013 0.359680533409 -0.669204175472 1.43758797646 0.359254419804 -0.66914910078 1.43764317036 0.357434719801 -0.671913206577 1.44053542614 0.357586115599 -0.671982705593 1.44046616554 0.359047472477 -0.592124283314 1.52032446861 0.261976242065 -0.592446327209 1.52000248432 0.263608425856 -0.589671611786 1.51712024212 0.263294130564 -0.589486837387 1.51731097698 0.262232601643 -0.589327394962 1.51745653152 0.264280617237 -0.588824868202 1.51797378063 0.264679759741 -0.589046537876 1.51774990559 0.26169154048 -0.591701626778 1.52074742317 0.264584571123 -0.591139256954 1.52130901814 0.261620372534 -0.58827829361 1.51852571964 0.261576741934 -0.58807438612 1.51893973351 0.264505624771 -0.590601921082 1.52184712887 0.264317303896 -0.587736845016 1.51906073093 0.264240115881 -0.590353608131 1.52209484577 0.26252797246 -0.587922692299 1.51872479916 0.261724621058 -0.587533175945 1.51926314831 0.262425124645 -0.587419331074 1.51937365532 0.263237476349 -0.589819133282 1.51736676693 0.2626093328 -0.589675605297 1.51711595058 0.263016611338 -0.589569330215 1.51732289791 0.263959109783 -0.589634478092 1.51715695858 0.263569295406 -0.589440822601 1.51802861691 0.264529824257 -0.589040637016 1.51724851131 0.261915236712 -0.589063167572 1.51833248138 0.261550456285 -0.588468074799 1.51832401752 0.261532098055 -0.588591754436 1.51871669292 0.264706015587 -0.588625907898 1.51816594601 0.264724314213 -0.587799429893 1.51920771599 0.262071579695 -0.587805330753 1.51965367794 0.263646513224 -0.587609112263 1.51918303967 0.264022886753 -0.587538361549 1.51946699619 0.262826055288 -0.478495717049 1.62829637527 0.235201776028 -0.48153975606 1.63090884686 0.236007124186 -0.478709161282 1.62808263302 0.23619222641 -0.481177091599 1.6312713623 0.234945893288 -0.481050461531 1.63139808178 0.237415224314 -0.478106349707 1.62868523598 0.237505912781 -0.477893710136 1.62889826298 0.234578862786 -0.480401784182 1.63204729557 0.234530985355 -0.476985037327 1.62980699539 0.234817802906 -0.480036824942 1.63241171837 0.237486019731 -0.477086782455 1.62970483303 0.237401932478 -0.479583084583 1.63286566734 0.235132485628 -0.47939312458 1.63305568695 0.236542716622 -0.476502537727 1.63028919697 0.236231118441 -0.455988049507 1.65646028519 0.252853989601 -0.455798745155 1.65664970875 0.254409432411 -0.453249812126 1.65354204178 0.253436923027 -0.452594101429 1.65419781208 0.251868516207 -0.455382764339 1.65706586838 0.251870065928 -0.452675700188 1.65411615372 0.254633098841 -0.451665818691 1.65512597561 0.254761606455 -0.454342365265 1.65810596943 0.254675984383 -0.454372435808 1.65807652473 0.252011805773 -0.451584130526 1.65520751476 0.251996695995 -0.451009869576 1.65578198433 0.253192186356 -0.453875631094 1.65857303143 0.253112703562 -0.638141930103 1.4686498642 0.44255849719 -0.641159951687 1.47128903866 0.443115621805 -0.638359248638 1.46843266487 0.443961292505 -0.641098201275 1.47135055065 0.444290727377 -0.640634596348 1.47181415558 0.442206799984 -0.63792103529 1.46887052059 0.444811731577 -0.640177249908 1.47227168083 0.445163697004 -0.636999368668 1.46979236603 0.442046433687 -0.637215912342 1.46957576275 0.445115923882 -0.639436602592 1.47301197052 0.442292153835 -0.636478960514 1.4703130722 0.444566339254 -0.639091432095 1.47335767746 0.444181501865 -0.636210262775 1.47058141232 0.443319439888 -0.644843101501 1.4676053524 0.404700011015 -0.641982257366 1.46480941772 0.404734313488 -0.642004907131 1.46478676796 0.403299450874 -0.644804954529 1.467643857 0.403256416321 -0.643899917603 1.46854865551 0.402349948883 -0.641201078892 1.46559095383 0.402420610189 -0.641029596329 1.4657626152 0.405528694391 -0.643895030022 1.46855342388 0.405506908894 -0.640318095684 1.46647381783 0.402802020311 -0.642899036407 1.4695494175 0.404815018177 -0.640130579472 1.46666157246 0.404861539602 -0.642878949642 1.46956980228 0.40325114131 -0.639953911304 1.46683752537 0.403710991144 -0.632542788982 1.47990584373 0.319807350636 -0.629586100578 1.47720563412 0.320645153522 -0.629635691643 1.47715592384 0.319342166185 -0.632117033005 1.48033189774 0.318649828434 -0.632248401642 1.48020040989 0.320905923843 -0.628902792931 1.47788929939 0.318335860968 -0.628815531731 1.47797644138 0.321377575397 -0.631499111652 1.48094940186 0.321417331696 -0.631215929985 1.48123264313 0.318366467953 -0.628005087376 1.47878706455 0.321147441864 -0.627922058105 1.47886991501 0.318712621927 -0.630502820015 1.48194539547 0.320725262165 -0.630482852459 1.48196578026 0.319161593914 -0.627516806126 1.47927486897 0.319890618324 -0.538823187351 1.56796836853 0.2257707268 -0.541884958744 1.57056343555 0.226292267442 -0.539092421532 1.56769955158 0.227018207312 -0.541740357876 1.57070863247 0.227582409978 -0.538471460342 1.56832015514 0.228154882789 -0.541241586208 1.57120716572 0.225349292159 -0.538087368011 1.56870448589 0.225221797824 -0.540876507759 1.57157254219 0.228348568082 -0.540320217609 1.57212853432 0.225372180343 -0.537639498711 1.56915223598 0.228200733662 -0.537381529808 1.56941044331 0.225525990129 -0.539908528328 1.57254016399 0.227591320872 -0.537069857121 1.56972205639 0.227535486221 -0.536943435669 1.56984817982 0.226375743747 -0.5397747159 1.57267403603 0.226431533694 -0.629181981087 1.48326694965 0.269447028637 -0.600105345249 1.50668680668 0.242477029562 -0.626352548599 1.48043942451 0.26944604516 -0.58460021019 1.52784848213 0.223639175296 -0.572615742683 1.53417551517 0.214232161641 -0.575443148613 1.53700566292 0.214231267571 -0.534953594208 1.57183814049 0.194302678108 -0.53837877512 1.57406973839 0.194618552923 -0.50370234251 1.60308969021 0.17776620388 -0.51943552494 1.59301304817 0.184594705701 -0.498558759689 1.613889575 0.173549175262 -0.495603322983 1.61118853092 0.173492923379 -0.497721076012 1.61472797394 0.173751845956 -0.494496256113 1.61229610443 0.17417858541 -0.497324615717 1.61512410641 0.174178630114 -0.45472073555 1.65207135677 0.264432668686 -0.478847771883 1.63360095024 0.241560250521 -0.503914237022 1.60287725925 0.211603969336 -0.506766855717 1.60568213463 0.211578249931 -0.457449167967 1.65499937534 0.264536678791 -0.507679283619 1.60476922989 0.211485981941 -0.504733085632 1.60205876827 0.211420744658 -0.570138156414 1.53665328026 0.247921794653 -0.572966396809 1.53948259354 0.247921735048 -0.607289254665 1.50515961647 0.283187508583 -0.604461669922 1.5023304224 0.283188611269 -0.62776517868 1.48468351364 0.318270623684 -0.64914226532 1.45764958858 0.359745085239 -0.651923179626 1.46052587032 0.359663814306 -0.652209818363 1.46023893356 0.360909104347 -0.649360179901 1.45743131638 0.360995441675 -0.629054069519 1.47773814201 0.443405777216 -0.639238893986 1.47320973873 0.413551211357 -0.631843626499 1.48060500622 0.443575680256 -0.632160723209 1.48028814793 0.445089697838 -0.632961094379 1.47948741913 0.445759534836 -0.629915177822 1.47687661648 0.445729225874 -0.62912684679 1.47766494751 0.444564193487 -0.644841074944 1.46195065975 0.447451263666 -0.647548675537 1.4649002552 0.447438687086 -0.648313879967 1.46413493156 0.446918696165 -0.648612856865 1.46383595467 0.446351975203 -0.645812034607 1.46097910404 0.446377247572 -0.680198311806 1.43225061893 0.360103845596 -0.663091540337 1.44369995594 0.334730833769 -0.677414596081 1.42937684059 0.360184699297 -0.659071683884 1.45337700844 0.322561502457 -0.651622116566 1.45517003536 0.314349591732 -0.63712054491 1.46967184544 0.288580030203 -0.680460035801 1.43198823929 0.361234486103 -0.677615761757 1.42917609215 0.361303061247 -0.677428722382 1.42936265469 0.36213940382 -0.680257081985 1.43219161034 0.362139433622 -0.653935194016 1.45285701752 0.35857719183 -0.654036581516 1.45275497437 0.358886986971 -0.653798878193 1.45299363136 0.358297795057 -0.654099404812 1.45269203186 0.359216600657 -0.654121518135 1.45266997814 0.359556496143 -0.654102385044 1.45268905163 0.35989689827 -0.65404266119 1.45274925232 0.360228538513 -0.651622116566 1.45517003536 0.430816590786 -0.645502030849 1.46129012108 0.441512048244 -0.636023283005 1.47076869011 0.440418690443 -0.646371006966 1.46042096615 0.442255496979 -0.646499097347 1.46029305458 0.4425303936 -0.645823299885 1.46096897125 0.441656589508 -0.646028399467 1.4607629776 0.441812604666 -0.64621257782 1.46057903767 0.44201400876 -0.646593570709 1.46019804478 0.44283130765 -0.646651983261 1.46013998985 0.443150103092 -0.646672487259 1.46011900902 0.443478107452 -0.646654784679 1.46013700962 0.443806409836 -0.646578371525 1.46023631096 0.444268286228 -0.634934306145 1.47185826302 0.437775552273 -0.635024607182 1.47176730633 0.439394831657 -0.635153412819 1.47163844109 0.439672738314 -0.635311305523 1.47148036957 0.439914733171 -0.635497689247 1.47129404545 0.440118968487 -0.635705113411 1.47108674049 0.440276414156 -0.63487380743 1.47191798687 0.438103497028 -0.63492834568 1.47186136246 0.439088195562 -0.634871661663 1.47191929817 0.438765317202 -0.634853184223 1.47193777561 0.438435614109 -0.607505500317 1.49928605556 0.27897799015 -0.607326030731 1.49946594238 0.278715282679 -0.57226228714 1.53452980518 0.242687836289 -0.504382967949 1.60240900517 0.204774528742 -0.572029471397 1.53476202488 0.242526903749 -0.503670871258 1.60312104225 0.204653397202 -0.503911912441 1.60288000107 0.204635903239 -0.504151582718 1.60264003277 0.20467659831 -0.477494627237 1.62929725647 0.199065059423 -0.503435373306 1.60335600376 0.20472869277 -0.503212511539 1.60357904434 0.204859495163 -0.503007650375 1.60378396511 0.205042675138 -0.456758826971 1.65003275871 0.254710793495 -0.462074548006 1.64471697807 0.221637040377 -0.449999392033 1.65679204464 0.240623399615 -0.450224786997 1.6565669775 0.240713402629 -0.450436592102 1.65635502338 0.240854799747 -0.450628995895 1.65616297722 0.241043701768 -0.450796812773 1.65599501133 0.241274893284 -0.450985789299 1.65580630302 0.24165341258 -0.449304193258 1.65748798847 0.240678906441 -0.449532687664 1.65725898743 0.240605905652 -0.449766486883 1.65702497959 0.240587204695 -0.448822379112 1.65801131725 0.241065889597 -0.449087411165 1.6577039957 0.240804299712 -0.454648733139 1.65214347839 0.254058986902 -0.456560492516 1.65023100376 0.254889011383 -0.454846590757 1.65194499493 0.254447996616 -0.456344813108 1.65044701099 0.255018293858 -0.456116914749 1.65067505836 0.255095392466 -0.455883085728 1.65090894699 0.255118191242 -0.455649793148 1.65114200115 0.255086094141 -0.455423593521 1.65136802197 0.254999905825 -0.454213261604 1.65090537071 0.254747658968 -0.646931886673 1.46551704407 0.320179909468 -0.637958168983 1.47449064255 0.318186163902 -0.477536231279 1.63491249084 0.203144699335 -0.450470685959 1.66197824478 0.242763236165 -0.455739974976 1.65670824051 0.263746678829 -0.456417888403 1.65603113174 0.264471054077 -0.450022995472 1.66242551804 0.244365766644 -0.447274535894 1.65951740742 0.244652837515 -0.452963829041 1.65382790565 0.263910025358 -0.44729873538 1.65949296951 0.243494495749 -0.447641909122 1.65915000439 0.242763206363 -0.453873246908 1.65291821957 0.26457926631 -0.135966658592 1.97082483768 0.847202837467 -0.138972744346 1.97347605228 0.847901642323 -0.13611125946 1.97068047523 0.84849178791 -0.138518452644 1.9739304781 0.84933412075 -0.138286307454 1.97416234016 0.846510529518 -0.135467886925 1.97132396698 0.8494348526 -0.135291367769 1.97150075436 0.846514999866 -0.134454011917 1.9723379612 0.849364459515 -0.137413755059 1.97503495216 0.849416732788 -0.134391069412 1.97240102291 0.846797645092 -0.137196198106 1.97525238991 0.846844911575 -0.136763975024 1.975684762 0.84814453125 -0.13396461308 1.97282707691 0.847956240177 0.078922688961 2.18571400642 0.661633908749 0.0761070847511 2.18855547905 0.661577701569 0.0786508023739 2.18544197083 0.662842512131 0.0758408010006 2.18828940392 0.663204729557 0.0789935141802 2.18578505516 0.663993358612 0.076480075717 2.18892908096 0.664262592793 0.0800481587648 2.18683958054 0.661134362221 0.079943202436 2.18673491478 0.664378643036 0.0775611847639 2.1900100708 0.661261856556 0.0776603743434 2.19010901451 0.664141595364 0.0808531939983 2.1876449585 0.663548946381 0.0808126926422 2.18760442734 0.662009358406 0.0781150534749 2.19056367874 0.662752211094 0.0723922327161 2.17918348312 0.655658900738 0.0692294761539 2.18167853355 0.656508803368 0.0721785798669 2.17897081375 0.657581925392 0.0697727948427 2.18222141266 0.658146858215 0.0703154876828 2.18276405334 0.655102312565 0.0735181123018 2.18030977249 0.658443748951 0.0735174566507 2.18030929565 0.655159831047 0.0707434788346 2.18319249153 0.658376157284 0.0714486017823 2.18389701843 0.655939936638 0.0742821991444 2.18107366562 0.656035482883 0.0714920759201 2.18394064903 0.657472193241 0.074371509254 2.18116354942 0.657283961773 0.0221498478204 2.13459849358 0.779791235924 0.0250639747828 2.13185548782 0.781018316746 0.024980455637 2.13177227974 0.779846429825 0.0223528183997 2.13480138779 0.781329810619 0.0258749965578 2.13266658783 0.77870953083 0.0256924685091 2.13248443604 0.78178447485 0.0228162966669 2.13526463509 0.778880476952 0.0232017636299 2.13565039635 0.781839370728 0.023645831272 2.13609457016 0.778906464577 0.0268622040749 2.13365387917 0.781406700611 0.0240480322391 2.13649654388 0.781305611134 0.0270038321614 2.13379573822 0.779591441154 0.0242455266416 2.13669419289 0.779898643494 0.0186245590448 2.12541651726 0.773396849632 0.0155804846436 2.12802886963 0.774764120579 0.0184522960335 2.12524414062 0.774942815304 0.0158299468458 2.12827849388 0.773364007473 0.0164814908057 2.12892985344 0.775880932808 0.0192581899464 2.12605023384 0.775828957558 0.019443359226 2.12623548508 0.772794365883 0.016557591036 2.12900590897 0.772800087929 0.0203314442188 2.12712335587 0.775431394577 0.0204394496977 2.12723135948 0.773486077785 0.0173500422388 2.12979888916 0.773159205914 0.0174416508526 2.12988996506 0.775419235229 0.0177495032549 2.13019800186 0.774189174175 -0.0160853527486 2.09636330605 0.805326879025 -0.0160098839551 2.09643888474 0.80649548769 -0.0132934860885 2.09349822998 0.805507481098 -0.0128989750519 2.09389257431 0.807106375694 -0.0126308072358 2.09416103363 0.804420828819 -0.0153211150318 2.09712719917 0.807386636734 -0.0150543758646 2.09739422798 0.804232060909 -0.0117040220648 2.09508752823 0.807236850262 -0.0117090279236 2.09508275986 0.804478108883 -0.0142628671601 2.0981862545 0.806929886341 -0.0139598883688 2.0984890461 0.805420994759 -0.0110911084339 2.0957005024 0.80578148365 -0.107670895755 2.00477743149 0.858546316624 -0.107741288841 2.00470757484 0.860366642475 -0.105001017451 2.00179100037 0.859106600285 -0.104733325541 2.00205850601 0.860760867596 -0.104459755123 2.00233197212 0.858217775822 -0.106967538595 2.00548124313 0.86107814312 -0.103439688683 2.00335240364 0.858163714409 -0.10632391274 2.00612425804 0.858125090599 -0.103357926011 2.00343346596 0.860913336277 -0.105985581875 2.00646328926 0.860683321953 -0.102868683636 2.00392317772 0.85950511694 -0.105725958943 2.00672316551 0.859294354916 -0.107204094529 1.9995880127 0.848015844822 -0.110235109925 2.00221347809 0.848589599133 -0.107271566987 1.99952018261 0.850090444088 -0.110123060644 2.00232577324 0.849883854389 -0.10920444876 2.00324440002 0.847494482994 -0.109277680516 2.00317049026 0.85069423914 -0.10593560338 2.00085639954 0.85057914257 -0.10574746877 2.00104403496 0.847749114037 -0.108359098434 2.00408983231 0.850083172321 -0.108109660447 2.00433897972 0.848683357239 -0.105280458927 2.00151133537 0.849311172962 -0.143449813128 1.96899867058 0.85628247261 -0.143467873335 1.96898114681 0.857456505299 -0.140683010221 1.96610844135 0.857391178608 -0.140442222357 1.96634960175 0.855863213539 -0.142823725939 1.96962511539 0.858397901058 -0.140039682388 1.96675229073 0.858334124088 -0.142468139529 1.96998035908 0.855306386948 -0.139187902212 1.96760356426 0.855430543423 -0.139118358493 1.96767342091 0.858311295509 -0.141908824444 1.97053956985 0.858239233494 -0.141524672508 1.97092425823 0.856148183346 -0.141398862004 1.97104978561 0.85730946064 -0.138522326946 1.96826946735 0.856993556023 -0.127807855606 1.97898364067 0.874624311924 -0.168561816216 1.9438867569 0.835658729076 -0.165409937501 1.9413818121 0.835993170738 -0.130927413702 1.98152160645 0.874328911304 -0.168923467398 1.94352483749 0.832754254341 -0.165902301669 1.94088947773 0.832365691662 -0.166123911738 1.94066786766 0.834410011768 -0.159612044692 1.94717979431 0.820122301579 -0.162458702922 1.94998967648 0.820162475109 -0.161052629352 1.95139598846 0.819345116615 -0.158293008804 1.94849872589 0.819376289845 -0.1571623981 1.94962930679 0.819746792316 -0.159906983376 1.95254182816 0.8198325634 -0.125323563814 1.98146820068 0.852454602718 -0.128445848823 1.98400247097 0.85215729475 -0.127226501703 1.98522257805 0.852661967278 -0.124055333436 1.98273575306 0.852507591248 -0.111568368971 1.99522340298 0.846770346165 -0.0860756784678 2.02637314796 0.833756744862 -0.0342289246619 2.07256317139 0.811232566833 0.00507388357073 2.11186552048 0.793172001839 -0.013840129599 2.09860801697 0.80056399107 0.00266581121832 2.11511468887 0.792961597443 0.00578426476568 2.11257600784 0.792333841324 0.0541903823614 2.16098165512 0.686512053013 0.0489653199911 2.161413908 0.691751122475 0.0764659866691 2.18325805664 0.637812376022 0.0738055408001 2.18625426292 0.637426435947 0.0766578093171 2.18344974518 0.636009633541 0.0737125948071 2.18616080284 0.635602414608 0.0712851062417 2.17807722092 0.618108451366 0.0683700889349 2.18081879616 0.617779254913 0.0715660601854 2.17835760117 0.617178082466 0.0692830532789 2.18173146248 0.616961956024 0.0721682906151 2.17896056175 0.616997659206 0.0969116538763 2.20370316505 0.632618606091 0.0939122065902 2.20636129379 0.632510185242 0.0947820991278 2.20723032951 0.634537398815 0.097609333694 2.20440125465 0.634962558746 0.0945158824325 2.20696473122 0.636356711388 0.0973289087415 2.2041208744 0.636390626431 0.0329521782696 2.13974356651 0.77712816 0.0449104607105 2.15735888481 0.744801938534 0.0188979580998 2.12569022179 0.807842552662 0.0160665493459 2.12851500511 0.807846486568 0.0764682218432 2.18326020241 0.681995749474 -0.105161502957 2.00163006783 0.85488152504 -0.126536160707 1.98025548458 0.874677240849 -0.105161502957 2.00163006783 0.864855706692 -0.0601147897542 2.04667711258 0.844156384468 -0.00875423010439 2.09803748131 0.815840601921 -0.00939746014774 2.09739422798 0.814897656441 -0.0102269705385 2.09656500816 0.814881742001 -0.0109518691897 2.09583997726 0.816236317158 -0.0103142913431 2.09647750854 0.817679166794 -0.00911646522582 2.09767532349 0.817593634129 0.0765260308981 2.1833178997 0.659776091576 -0.129706382751 1.9827426672 0.874832391739 -0.0894339680672 2.02301478386 0.856329023838 -0.0138867227361 2.09856128693 0.821614742279 -0.107989899814 2.00445890427 0.851541280746 -0.013840129599 2.09860801697 0.811078727245 -0.0136825377122 2.09876608849 0.815790951252 -0.0129313729703 2.09951734543 0.814820468426 -0.0121055711061 2.10034322739 0.814980685711 -0.0133634451777 2.09908509254 0.81755822897 -0.0120758945122 2.10037255287 0.817656934261 -0.0115202618763 2.10092806816 0.816155195236 0.0199278406799 2.13237595558 0.777324616909 -0.2077434659 1.90470564365 0.617495894432 -0.207693859935 1.9047549963 0.616060078144 -0.209927216172 1.90252113342 0.576423704624 -0.209927305579 1.90252101421 0.686867177486 -0.20691396296 1.90553438663 0.615357816219 -0.2037781775 1.908670187 0.564938366413 -0.207132443786 1.90531587601 0.618293821812 -0.206393688917 1.90605473518 0.618312180042 -0.207853749394 1.90459811687 0.756840467453 -0.207282647491 1.90516650677 0.755498409271 -0.199655294418 1.91279304028 0.686867177486 -0.20992693305 1.90252161026 0.792253732681 -0.207453221083 1.90499377251 0.758020818233 -0.206570029259 1.90587842464 0.758413732052 -0.202856302261 1.90959203243 0.775994718075 -0.20966809988 1.90277969837 0.5751927495 -0.209308385849 1.90314090252 0.793793201447 -0.195785030723 1.91666340828 0.781881809235 -0.20626693964 1.90618240833 0.75547850132 -0.206189483404 1.90626001358 0.615557074547 -0.205817043781 1.90662825108 0.617653429508 -0.205815434456 1.90662670135 0.757653355598 -0.205685421824 1.90676248074 0.616492390633 -0.205686464906 1.90676355362 0.756492435932 -0.199934348464 1.91251194477 0.617625176907 -0.199963450432 1.91246151924 0.616317272186 -0.199411094189 1.91303694248 0.615455746651 -0.196049779654 1.91639852524 0.575848042965 -0.199173375964 1.91327571869 0.618367254734 -0.200033739209 1.91241550446 0.757034659386 -0.199915632606 1.91253376007 0.756129562855 -0.199358716607 1.91308951378 0.755440890789 -0.199659779668 1.91278672218 0.758089900017 -0.198756292462 1.91369223595 0.75836789608 -0.196169450879 1.91627883911 0.807294487953 -0.195645242929 1.91680300236 0.550786018372 -0.198395907879 1.91405045986 0.615525484085 -0.198711618781 1.91373693943 0.755394041538 -0.198448807001 1.9140008688 0.618209302425 -0.198152944446 1.91429507732 0.755858838558 -0.19805341959 1.91438663006 0.757726788521 -0.197956249118 1.91448664665 0.61741745472 -0.197887003422 1.91448009014 0.616500496864 -0.197900429368 1.91454744339 0.756701052189 -0.195785164833 1.91666305065 0.589868783951 -0.19552513957 1.91692376137 0.588631868362 -0.195270881057 1.91717660427 0.78349006176 -0.195050477982 1.91740274429 0.803994834423 -0.194649964571 1.91779851913 0.805175125599 -0.194628000259 1.91783332825 0.802833855152 -0.193820253015 1.91862821579 0.556049227715 -0.171022310853 1.94142639637 0.507939219475 -0.194522216916 1.91793262959 0.556690335274 -0.194669440389 1.91777658463 0.557848513126 -0.192714899778 1.91973400116 0.561018705368 -0.193678334355 1.91876709461 0.559063494205 -0.194285914302 1.91816115379 0.558743417263 -0.193828523159 1.91862273216 0.802484989166 -0.190294831991 1.92215430737 0.795915663242 -0.194053009152 1.91839504242 0.80552816391 -0.171923100948 1.94052517414 0.832207024097 -0.193342059851 1.91912174225 0.805307328701 -0.193000823259 1.91944622993 0.556263923645 -0.193040713668 1.91941738129 0.803157448769 -0.193042352796 1.91939425468 0.5588580966 -0.192926943302 1.91961431503 0.8043140769 -0.192627713084 1.91982090473 0.558160424232 -0.192548632622 1.91990017891 0.55725133419 -0.188660636544 1.92378747463 0.564656853676 -0.18842060864 1.92403542995 0.563528954983 -0.187874823809 1.92457687855 0.563031315804 -0.188250690699 1.92419791222 0.565680921078 -0.187454000115 1.92499339581 0.566025435925 -0.189020931721 1.92342758179 0.793673813343 -0.163360014558 1.94908833504 0.816285967827 -0.19042019546 1.92203080654 0.79461824894 -0.189760565758 1.92268621922 0.79369610548 -0.189718514681 1.92273187637 0.796571016312 -0.188794583082 1.92365384102 0.796462535858 -0.188446447253 1.92400610447 0.794329047203 -0.188306286931 1.92415416241 0.795356631279 -0.187225684524 1.92522418499 0.563039004803 -0.160352453589 1.9520958662 0.527425944805 -0.186543822289 1.92590546608 0.565128862858 -0.186649173498 1.92580115795 0.563694596291 -0.162845060229 1.94960391521 0.818355619907 -0.163169652224 1.94928324223 0.819825530052 -0.169217959046 1.94323325157 0.831601560116 -0.171271190047 1.94140195847 0.83261525631 -0.169827997684 1.94227266312 0.83244407177 -0.132218450308 1.98023235798 0.449565201998 -0.132275596261 1.98017132282 0.448307007551 -0.118753612041 1.99369478226 0.416987091303 -0.128156200051 1.98429203033 0.452374100685 -0.131683200598 1.98076200485 0.45038664341 -0.13135536015 1.98108673096 0.447256147861 -0.130600526929 1.98184263706 0.450367897749 -0.130419418216 1.98203122616 0.447675049305 -0.12999586761 1.98245704174 0.448934108019 -0.11335323751 1.99909555912 0.445643752813 -0.126244306564 1.98621869087 0.455400258303 -0.125869333744 1.98659074306 0.4545763731 -0.126228109002 1.98622143269 0.456374287605 -0.125014916062 1.98743116856 0.454204112291 -0.124569430947 1.98788368702 0.457305580378 -0.125648021698 1.9867991209 0.457324177027 -0.124316506088 1.98813199997 0.454720050097 -0.123961120844 1.98849439621 0.455871760845 -0.112193144858 2.00025558472 0.444852292538 -0.117567062378 1.99488174915 0.416221767664 -0.11608029902 1.9963684082 0.416735947132 -0.0979374423623 2.01451039314 0.445179820061 -0.0983656346798 2.01407384872 0.446560442448 -0.174289539456 1.93815910816 0.792274415493 -0.174627840519 1.93782067299 0.793782114983 -0.1718211025 1.93497085571 0.793318867683 -0.171409532428 1.93538188934 0.794527649879 -0.171468451619 1.93532311916 0.792346715927 -0.173955649137 1.93849277496 0.794727087021 -0.170833453536 1.93595838547 0.791943788528 -0.17065680027 1.93613505363 0.794797241688 -0.173185005784 1.93926393986 0.79203337431 -0.173092514277 1.93935573101 0.794641196728 -0.170037478209 1.93675398827 0.792410850525 -0.169805169106 1.9369866848 0.793963909149 -0.172585323453 1.93986308575 0.793368518353 -0.149688392878 1.96276032925 0.744853913784 -0.146603420377 1.96018850803 0.745816409588 -0.146859064698 1.95993208885 0.744783103466 -0.146479442716 1.96031224728 0.743682980537 -0.149457290769 1.96299183369 0.743934333324 -0.149336263537 1.96311235428 0.745970845222 -0.148778155446 1.96367049217 0.743408083916 -0.145894870162 1.96089684963 0.746267199516 -0.145634710789 1.96115708351 0.743450582027 -0.148497670889 1.96395111084 0.746244907379 -0.145091667771 1.96170079708 0.74583107233 -0.147827386856 1.96462106705 0.743980228901 -0.144882336259 1.96190917492 0.744277775288 -0.147780954838 1.96466779709 0.745560348034 -0.124353148043 1.98809552193 0.695096194744 -0.124757908285 1.98769080639 0.696569502354 -0.121961697936 1.98482978344 0.696363806725 -0.121232904494 1.98555886745 0.694862604141 -0.121454782784 1.98533737659 0.697505176067 -0.124003298581 1.98844540119 0.69773799181 -0.120514735579 1.98627698421 0.697672665119 -0.123320676386 1.98912799358 0.694989860058 -0.120233900845 1.9865578413 0.695249557495 -0.12308947742 1.98935973644 0.697387695312 -0.122699432075 1.98974955082 0.696157217026 -0.119882516563 1.98690915108 0.696366727352 -0.0968805626035 2.00991106033 0.64709508419 -0.09970459342 2.01274418831 0.647043406963 -0.0969185382128 2.00987386703 0.648311793804 -0.0997691228986 2.01267933846 0.64813375473 -0.0993818491697 2.01306724548 0.64894926548 -0.0961151793599 2.01067614555 0.649230599403 -0.0962815135717 2.0105099678 0.646401762962 -0.0987246707082 2.01372361183 0.646282434464 -0.0984422937036 2.01400637627 0.649128139019 -0.095592148602 2.01119971275 0.646442830563 -0.0951684489846 2.01162338257 0.648639023304 -0.0949913933873 2.01180076599 0.647323906422 -0.0978852659464 2.01456332207 0.647139966488 -0.0978550463915 2.01459336281 0.64823782444 -0.0745945125818 2.0378537178 0.598209738731 -0.0748653039336 2.03758358955 0.599751651287 -0.0720782801509 2.0347135067 0.599023461342 -0.0714493766427 2.03534245491 0.600611746311 -0.0712646096945 2.03552699089 0.597771704197 -0.0740354880691 2.03841328621 0.600625574589 -0.0738753154874 2.03857350349 0.597794115543 -0.0732757747173 2.03917312622 0.600393295288 -0.0703502893448 2.03644180298 0.600282013416 -0.0702878460288 2.03650403023 0.598245859146 -0.0730830430984 2.0393652916 0.598269820213 -0.0728733614087 2.03957557678 0.599456131458 -0.0700318291783 2.03675961494 0.599280178547 -0.0469095595181 2.05988287926 0.549800395966 -0.0497273653746 2.06272125244 0.54975092411 -0.0471007451415 2.05969119072 0.550867199898 -0.0499249920249 2.0625231266 0.550809383392 -0.0495218038559 2.06292676926 0.551902353764 -0.0466571301222 2.06013417244 0.551909565926 -0.0461456216872 2.06064629555 0.549238622189 -0.0485761016607 2.06387281418 0.549256026745 -0.0457971096039 2.06099486351 0.55203795433 -0.0485781095922 2.06386995316 0.552014887333 -0.0452161096036 2.06157565117 0.549884200096 -0.0451976396143 2.06159424782 0.551344871521 -0.048002563417 2.06444573402 0.551277279854 -0.04796577245 2.0644826889 0.550305843353 -0.142310082912 1.97013831139 0.825290560722 -0.142597481608 1.96985149384 0.826569020748 -0.139801561832 1.96698999405 0.826362252235 -0.139301076531 1.96749055386 0.82508379221 -0.138986706734 1.96780514717 0.827771544456 -0.142079502344 1.97036898136 0.827540278435 -0.141502887011 1.97094607353 0.824862837791 -0.138536825776 1.96825528145 0.82490760088 -0.141129270196 1.97131955624 0.827636957169 -0.137945964932 1.96884608269 0.827177762985 -0.137784823775 1.96900701523 0.825734376907 -0.140752434731 1.97169625759 0.825463175774 -0.140588372946 1.97186052799 0.826536715031 -0.114686578512 1.99210560322 0.776972293854 -0.117631793022 1.99481666088 0.777398884296 -0.114758051932 1.99203372002 0.778310477734 -0.117321677506 1.99512708187 0.778924226761 -0.11700771749 1.9954406023 0.776391506195 -0.113865152001 1.99292683601 0.779265344143 -0.113860353827 1.99293124676 0.776318728924 -0.11595094949 1.99649775028 0.778903722763 -0.116147808731 1.99630117416 0.776518583298 -0.112931318581 1.99386072159 0.776964187622 -0.112912394106 1.99387919903 0.778424620628 -0.115662813187 1.99678564072 0.77737313509 -0.0677845329046 2.04466366768 0.68094420433 -0.0647158250213 2.04207634926 0.681676149368 -0.064925827086 2.04186606407 0.680370211601 -0.0674408823252 2.04500722885 0.679566979408 -0.0643408745527 2.04245090485 0.679305970669 -0.0672670602798 2.04518151283 0.681916832924 -0.0636320859194 2.04315972328 0.68207025528 -0.0666024014354 2.04584670067 0.679270803928 -0.0664966627955 2.04595184326 0.682065546513 -0.0630941316485 2.04369783401 0.679761052132 -0.0659407377243 2.04650783539 0.679838240147 -0.0657955184579 2.04665350914 0.681161701679 -0.0630097836256 2.04378223419 0.681221604347 -0.0399352051318 2.06685686111 0.631590664387 -0.0427985750139 2.06964993477 0.631776213646 -0.0399198867381 2.06687188148 0.632808864117 -0.0427213907242 2.06972718239 0.632878065109 -0.042356915772 2.0700917244 0.630878090858 -0.0393125116825 2.06747961044 0.630742192268 -0.0390497855842 2.06774187088 0.633594751358 -0.0419993586838 2.07044959068 0.633541703224 -0.0414943397045 2.0709540844 0.630792379379 -0.0383049324155 2.06848692894 0.631060242653 -0.0410075038671 2.07144093513 0.633092343807 -0.0380191579461 2.0687725544 0.632715761662 -0.0409122183919 2.07153630257 0.631514847279 -0.0178680513054 2.09458088875 0.583108186722 -0.0177234020084 2.09472489357 0.584432959557 -0.0151052316651 2.09168624878 0.583399295807 -0.0146222207695 2.09216976166 0.584825336933 -0.0145324096084 2.09225893021 0.582330882549 -0.0172458142042 2.09520316124 0.582258462906 -0.0170620325953 2.09538650513 0.585000634193 -0.0136700086296 2.09312200546 0.58224594593 -0.0137619134039 2.09302926064 0.584953963757 -0.0164721347392 2.09597635269 0.582282841206 -0.0163019541651 2.09614658356 0.584767758846 -0.0131127499044 2.09367918968 0.584156036377 -0.013144643046 2.09364724159 0.583046674728 -0.0158510040492 2.09659814835 0.58344990015 -0.0407094173133 2.07173895836 0.53433573246 -0.00553378649056 2.10125803947 0.56757235527 -0.0380183756351 2.06877326965 0.534195303917 -0.0082282628864 2.10422086716 0.567713022232 -0.00516881095245 2.1016228199 0.568543672562 -0.00798839982599 2.10446071625 0.569657087326 -0.00523498514667 2.10155701637 0.56980496645 -0.127335608006 1.98511302471 0.801970899105 -0.143775075674 1.96867334843 0.833964586258 -0.140802755952 1.96598935127 0.833689987659 -0.130862429738 1.9759298563 0.814341306686 -0.101264119148 2.0111849308 0.751222848892 -0.0971391648054 2.00965237617 0.74869966507 -0.0700136572123 2.03677845001 0.695899069309 -0.0712726712227 2.04117584229 0.692844450474 -0.0481416657567 2.0586502552 0.653325617313 -0.0520193241537 2.06042957306 0.655367910862 -0.0218806024641 2.0849108696 0.602208375931 -0.0285426508635 2.08390593529 0.609670698643 -0.141456633806 1.96533560753 0.834329783916 -0.145139321685 1.96730959415 0.834386110306 -0.142475411296 1.96431612968 0.834217965603 -0.177796259522 1.93465220928 0.800829291344 -0.174985349178 1.93180608749 0.800814449787 -0.17818287015 1.93426597118 0.799500286579 -0.17521674931 1.93157505989 0.79860419035 -0.175318554044 1.93147313595 0.799727618694 -0.177954703569 1.93449354172 0.798423349857 -0.152052521706 1.9547393322 0.753509819508 -0.169313967228 1.94313502312 0.78160327673 -0.138782262802 1.96800982952 0.727678596973 -0.139780521393 1.97266793251 0.72411686182 -0.115379974246 1.99141204357 0.682126522064 -0.113196440041 1.99925231934 0.67237085104 -0.090636447072 2.01615524292 0.633963406086 -0.0940756127238 2.01837348938 0.635151982307 -0.0640206187963 2.04277181625 0.582155168056 -0.0658703073859 2.04657840729 0.580250680447 -0.0396573208272 2.06713438034 0.534733355045 -0.0423850566149 2.070063591 0.534539401531 -0.0898083671927 2.01698327065 0.728531658649 -0.0889221727848 2.01786971092 0.7277764678 -0.0896983370185 2.01709342003 0.730106294155 -0.0889213904738 2.01786994934 0.730642199516 -0.0881907045841 2.01860117912 0.730281114578 -0.0880582556129 2.01873350143 0.728330552578 -0.0878875553608 2.01890468597 0.729398310184 -0.0353229269385 2.07146883011 0.583064198494 -0.0390317365527 2.06776022911 0.534130036831 -0.0414361655712 2.07101249695 0.534035146236 -0.12019380182 1.99225497246 0.749165534973 -0.0812287405133 2.03122019768 0.660426497459 -0.0927399024367 2.01970887184 0.729231536388 -0.092299349606 2.02014970779 0.728044509888 -0.0912036895752 2.02124500275 0.727893829346 -0.0923486426473 2.02009963989 0.730317652225 -0.0909305512905 2.02151799202 0.730126857758 -0.0916089117527 2.02083969116 0.730652451515 -0.090698108077 2.02175045013 0.729194581509 -0.0453809201717 2.06706809998 0.585339546204 0.0385452695191 2.15099382401 0.591699302197 0.0416354499757 2.148427248 0.592589497566 0.0414153784513 2.14820671082 0.591157197952 0.0391759797931 2.15162491798 0.590245366096 0.039024785161 2.15147328377 0.592856884003 0.0421302691102 2.14892220497 0.590271770954 0.0426992960274 2.1494910717 0.593097984791 0.0401471480727 2.15259552002 0.592924058437 0.0429878383875 2.14978003502 0.590434193611 0.0402734689415 2.15272188187 0.590586960316 0.0434390492737 2.15023040771 0.591749370098 0.0405875146389 2.15303659439 0.591591775417 -0.0727312117815 2.03971743584 0.47649911046 -0.0724709033966 2.03997778893 0.478376090527 -0.069985255599 2.03680634499 0.47727149725 -0.0695928260684 2.03719878197 0.476049005985 -0.0696464627981 2.03714489937 0.478262007236 -0.0689219683409 2.03786993027 0.478650063276 -0.0715426206589 2.04090642929 0.475767850876 -0.0684802532196 2.03831171989 0.475896060467 -0.0711847320199 2.041264534 0.478415995836 -0.0681578889489 2.03863358498 0.478087961674 -0.0707793831825 2.04166960716 0.476943284273 -0.0679667890072 2.03882479668 0.477021992207 0.0962833762169 2.20307469368 0.619744002819 0.0934580415487 2.20590662956 0.6197219491 0.0960028097034 2.20279431343 0.62089329958 0.0931835398078 2.20563220978 0.620973527431 0.0966312661767 2.20342302322 0.622054755688 0.0937768667936 2.2062253952 0.622017860413 0.0968928337097 2.20368432999 0.619292616844 0.0943596735597 2.20680832863 0.619260907173 0.0944620892406 2.20691084862 0.622069478035 0.0974941626191 2.20428609848 0.62196958065 0.0978019237518 2.20459365845 0.619706392288 0.0950984433293 2.20754671097 0.62142342329 0.0951186493039 2.20756721497 0.620084524155 0.0979994758964 2.20479130745 0.621139287949 -0.106278821826 2.00051355362 0.412033170462 -0.109191559255 2.00325703621 0.412242799997 -0.106353498995 2.00043845177 0.413144469261 -0.109086282551 2.0033621788 0.41344833374 -0.105784893036 2.0010073185 0.414075106382 -0.105522803962 2.0012691021 0.411278128624 -0.108490869403 2.00395774841 0.411336958408 -0.108297683299 2.00415110588 0.414204835892 -0.104841157794 2.0019505024 0.41394251585 -0.107719674706 2.00472927094 0.411486208439 -0.104636318982 2.00215506554 0.411753565073 -0.107439272106 2.00500917435 0.413634598255 -0.107201956213 2.00524663925 0.412457466125 -0.104377947748 2.00241398811 0.412915199995 -0.0114446924999 2.09534740448 0.558028995991 -0.0144068235531 2.09804177284 0.559056222439 -0.0114784818143 2.09531331062 0.559480249882 -0.0141127416864 2.09833598137 0.557716906071 -0.013598266989 2.09885025024 0.560309588909 -0.0105382753536 2.0962536335 0.5571834445 -0.0107222236693 2.09606957436 0.560262799263 -0.0131463687867 2.09930181503 0.557222664356 -0.00981748383492 2.09697461128 0.560013175011 -0.0125400200486 2.09990882874 0.559853672981 -0.00963376741856 2.09715795517 0.557840049267 -0.0122366370633 2.10021209717 0.558343946934 -0.00941092614084 2.09738063812 0.55883538723 -0.0314973480999 2.07529425621 0.537580966949 -0.0344281494617 2.07802057266 0.5383451581 -0.0315265357494 2.07526493073 0.538776695728 -0.0341349728405 2.07831406593 0.537144482136 -0.0338845290244 2.07856416702 0.539561450481 -0.0310109537095 2.07578110695 0.536842763424 -0.0309246666729 2.07586717606 0.539610505104 -0.0331692546606 2.07927966118 0.536650061607 -0.0302799064666 2.07651185989 0.536706745625 -0.0300028957427 2.07678890228 0.539587438107 -0.0329636260867 2.07948470116 0.539629876614 -0.0295913815498 2.07719993591 0.537368178368 -0.0324095115066 2.08003926277 0.537424683571 -0.0322974547744 2.08015155792 0.538718760014 -0.0294579416513 2.07733416557 0.538528382778 -0.0931286588311 2.01366353035 0.447536677122 -0.0815556421876 2.03089284897 0.47011718154 -0.113630905747 1.99316132069 0.415390223265 -0.116504758596 1.99594402313 0.415318340063 -0.0387021414936 2.06808948517 0.532873749733 -0.04153200984 2.0709168911 0.532871961594 -0.023346202448 2.08344507217 0.548651635647 -0.0198371801525 2.09261155128 0.555163443089 -0.00437866197899 2.10241293907 0.568140685558 -0.0144274942577 2.09802055359 0.560721635818 -0.00720451353118 2.1052441597 0.568142294884 0.0489216521382 2.16136980057 0.603563666344 0.0621613152325 2.16895294189 0.610134363174 0.0978438481688 2.20463585854 0.632653295994 0.0951168462634 2.20756602287 0.632717072964 0.129733487964 2.24218273163 0.522208511829 0.141461327672 2.24825334549 0.537682056427 0.132517069578 2.23930931091 0.522134840488 0.13867598772 2.25112485886 0.537758350372 0.141731187701 2.2485229969 0.53874027729 0.138898849487 2.25134801865 0.538966536522 0.141478642821 2.24827027321 0.539895653725 0.138642638922 2.25109148026 0.539890170097 -0.008479651995 2.09831237793 0.522738754749 -0.0114879002795 2.10096096992 0.52300798893 -0.00894289091229 2.09784865379 0.524178206921 -0.0117620071396 2.10068678856 0.524258196354 -0.00838859472424 2.09840321541 0.525269985199 -0.0110070453957 2.10144114494 0.525427639484 -0.0107635082677 2.10168528557 0.522564172745 -0.00761435879394 2.09917712212 0.525350809097 -0.00744708674029 2.09934449196 0.522713065147 -0.0100323520601 2.10241603851 0.522962808609 -0.0100922221318 2.10235667229 0.525076150894 -0.00696464907378 2.09982681274 0.52455252409 -0.00678931968287 2.10000014305 0.523847103119 -0.00973038375378 2.10271859169 0.52410364151 -0.0090296883136 2.0978307724 0.523476958275 -0.00907322671264 2.09775590897 0.524028658867 -0.00897276494652 2.09780979156 0.524575471878 -0.00886620953679 2.09793806076 0.523101210594 -0.00879178848118 2.09803795815 0.525051414967 -0.00863949581981 2.09809827805 0.522781312466 -0.00845842622221 2.09832048416 0.525401115417 -0.00830889958888 2.09844040871 0.52249288559 -0.00810170639306 2.09871196747 0.525580525398 -0.00804535578936 2.09875297546 0.522399187088 -0.00775036308914 2.09905219078 0.522402226925 -0.00771855935454 2.09911561012 0.525568664074 -0.0074728471227 2.09934401512 0.522526204586 -0.00741162477061 2.09936714172 0.525428771973 -0.00722094066441 2.09960174561 0.522738516331 -0.00716365035623 2.09961986542 0.525199711323 -0.00700954953209 2.09979295731 0.523044705391 -0.00686742272228 2.09981846809 0.524762690067 -0.00685911439359 2.0999341011 0.523409545422 -0.00678794831038 2.09999155998 0.52423375845 -0.059839438647 2.05260920525 0.33399823308 -0.0597342699766 2.05271410942 0.335204452276 -0.0570555813611 2.04973649979 0.334543466568 -0.0566647313535 2.05012726784 0.333323180676 -0.0566565990448 2.05013537407 0.335626453161 -0.059138700366 2.05330991745 0.333093106747 -0.0589456371963 2.0535030365 0.335961073637 -0.055904597044 2.05088710785 0.335896104574 -0.0555503815413 2.05124139786 0.333169072866 -0.0583680383861 2.05408120155 0.333242297173 -0.055292442441 2.05149936676 0.335444658995 -0.0579654835165 2.05448269844 0.335200458765 -0.0579204298556 2.05452799797 0.333984225988 -0.0550182983279 2.05177378654 0.334419369698 0.130572572351 2.24302077293 0.529914021492 0.133503824472 2.24029541016 0.530813634396 0.133422479033 2.24021434784 0.529717683792 0.130783066154 2.2432320118 0.531099498272 0.130978345871 2.24342679977 0.52897143364 0.133929774165 2.24072194099 0.528884291649 0.134007811546 2.24079966545 0.531464993954 0.131575152278 2.24402332306 0.531574845314 0.134614378214 2.24140620232 0.528757512569 0.13209028542 2.24453926086 0.528834998608 0.134698733687 2.24149060249 0.531508922577 0.132220819592 2.24467015266 0.531234622002 0.135193929076 2.24198508263 0.529278337955 0.135394543409 2.24218654633 0.530599236488 0.132583275437 2.24503183365 0.530262112617 -0.0657952874899 2.0466530323 0.382198244333 -0.0628829821944 2.04390859604 0.382458239794 -0.0629336759448 2.04385828972 0.381172150373 -0.0656769201159 2.04677176476 0.380990415812 -0.0652161687613 2.04723238945 0.383104264736 -0.0622912086546 2.04450058937 0.38314512372 -0.0621815063059 2.04461050034 0.380356132984 -0.0650315135717 2.04741716385 0.380378216505 -0.0643549486995 2.04809403419 0.383059233427 -0.061382830143 2.04540872574 0.382956504822 -0.0642654523253 2.04818272591 0.380561858416 -0.061427347362 2.04536437988 0.38059014082 -0.0609628930688 2.04582905769 0.381620496511 -0.0637709572911 2.0486779213 0.381848365068 -0.049492944032 2.0572988987 0.467999011278 -0.0522370003164 2.06021165848 0.4678606987 -0.0498908348382 2.05690073967 0.469476103783 -0.0527100004256 2.05973911285 0.469426900148 -0.0521918311715 2.06025648117 0.470399975777 -0.0490900687873 2.0577018261 0.470585495234 -0.0486510023475 2.0581407547 0.467766940594 -0.0514220297337 2.06102633476 0.470548868179 -0.0511176735163 2.06133055687 0.46797144413 -0.0482483394444 2.0585436821 0.470286667347 -0.0480663739145 2.05872583389 0.468291610479 -0.0506423711777 2.06180644035 0.469405472279 -0.0478556007147 2.05893564224 0.469349473715 0.0378067865968 2.15025520325 0.561638057232 0.0407170765102 2.14750885963 0.562785208225 0.0406351871789 2.14742732048 0.561696588993 0.0379118435085 2.15036010742 0.562844216824 0.0411442369223 2.14793610573 0.560857176781 0.041303973645 2.14809584618 0.563497245312 0.0385074466467 2.15095591545 0.560732841492 0.0386117137969 2.15106034279 0.563562989235 0.0420961081982 2.14888763428 0.560808837414 0.0420750156045 2.14886689186 0.563387155533 0.0392784997821 2.15172743797 0.560882151127 0.0395088382065 2.15195727348 0.56313174963 0.0426489301026 2.14944076538 0.562318205833 0.0397962629795 2.15224456787 0.561853766441 0.103623785079 2.21041488647 0.551894903183 0.100588537753 2.21303701401 0.553039550781 0.103445120156 2.21023702621 0.553203344345 0.10086273402 2.21331143379 0.551788687706 0.101035125554 2.21348381042 0.553934454918 0.104293942451 2.21108579636 0.554242014885 0.10456969589 2.21136164665 0.551302075386 0.101586833596 2.2140352726 0.551345050335 0.101611711085 2.21406030655 0.554197907448 0.102245569229 2.21469473839 0.551672637463 0.102258250117 2.21470689774 0.55385684967 0.105240888894 2.21203255653 0.553650021553 0.105417519808 2.21220970154 0.552334547043 0.102636501193 2.21508526802 0.552756845951 -0.0676019489765 2.04484653473 0.327976047993 -0.0673015192151 2.04514694214 0.327566623688 -0.0648015961051 2.04199004173 0.327938586473 -0.0635955259204 2.04319620132 0.327142566442 -0.0663703754544 2.04607868195 0.327173322439 -0.0530699193478 2.05937886238 0.33443287015 -0.049945473671 2.0568459034 0.334607303143 -0.052429266274 2.06001973152 0.335414260626 -0.04950748384 2.05728435516 0.336394846439 -0.0523865297437 2.06006240845 0.336619317532 -0.0616896599531 2.05075860023 0.37777915597 -0.0705665796995 2.03622531891 0.429566025734 -0.0734322369099 2.03901600838 0.42973330617 -0.0704319626093 2.03636002541 0.430865824223 -0.0731756240129 2.03927254677 0.43099886179 -0.0266613010317 2.08578753471 0.503931105137 -0.0238335561007 2.08295869827 0.503930032253 0.0104918032885 2.11728334427 0.539198696613 0.00766342971474 2.12011194229 0.539198517799 0.040399029851 2.15284752846 0.559858202934 0.0739126950502 2.18070435524 0.579223513603 0.0710122510791 2.1834602356 0.579177975655 0.0719590038061 2.18440794945 0.579231441021 0.0748417899013 2.18163347244 0.57917624712 0.13119097054 2.2379822731 0.521858632565 0.116266742349 2.22871518135 0.534161388874 0.128423184156 2.24087238312 0.521804869175 -0.116420082748 1.99602901936 0.412925213575 -0.116756424308 1.99569261074 0.414283782244 0.113737612963 2.22618627548 0.594336032867 0.0966002121568 2.20904874802 0.631800591946 0.0959510579705 2.20839953423 0.632580935955 0.0988398715854 2.20563149452 0.632603943348 0.0994286984205 2.20621991158 0.631800711155 -0.113591700792 1.9931999445 0.412925213575 -0.1139581725 1.99283373356 0.414188593626 -0.0881846994162 2.01860761642 0.368714272976 -0.0660080909729 2.04078388214 0.330534100533 -0.0660281032324 2.0407640934 0.330875188112 -0.0660066902637 2.04078507423 0.331216096878 -0.0659445077181 2.04084706306 0.331546902657 -0.0658433586359 2.04094791412 0.331857800484 -0.0657113566995 2.04107999802 0.329608112574 -0.0658473670483 2.04094409943 0.329891204834 -0.0659472495317 2.04084396362 0.330202907324 -0.0657062008977 2.04108500481 0.332139790058 -0.065537057817 2.04125499725 0.332384586334 -0.0653408914804 2.04145097733 0.332585006952 -0.0752846822143 2.03150701523 0.430733293295 -0.0749872401357 2.03180456161 0.4326826334 -0.0751357972622 2.03165602684 0.432404696941 -0.0753507763147 2.03144097328 0.431418985128 -0.0753200799227 2.0314719677 0.431763589382 -0.0752476975322 2.03154397011 0.432095497847 -0.0753388628364 2.03145289421 0.431072086096 -0.0651234313846 2.04166793823 0.332735091448 -0.0556950084865 2.0510969162 0.337885200977 -0.0548574887216 2.05193400383 0.340359896421 -0.0266866721213 2.0801050663 0.508414745331 -0.0554816499352 2.05131006241 0.338032007217 -0.0548044592142 2.05198693275 0.340032786131 -0.0547908395529 2.05200099945 0.339697897434 -0.055288631469 2.05150294304 0.338227003813 -0.0551213882864 2.05167007446 0.338465005159 -0.0549846291542 2.05180692673 0.338739186525 -0.054882209748 2.05190992355 0.339041799307 -0.0548169985414 2.05197501183 0.339364409447 0.00835558027029 2.11514735222 0.544420659542 0.0742128789425 2.18100476265 0.585983514786 0.0746878087521 2.18147993088 0.58615219593 0.074933372438 2.18172502518 0.586147010326 0.0744452998042 2.18123698235 0.586097180843 0.0751745998859 2.18196606636 0.586081683636 0.123330868781 2.2301223278 0.579547166824 0.0754042193294 2.18219590187 0.585958600044 0.0756148993969 2.18240642548 0.585781335831 0.13007837534 2.23687005043 0.53038007021 0.13837890327 2.2451710701 0.541831016541 0.130282506347 2.23707389832 0.53020721674 0.131837397814 2.23862910271 0.530499577522 0.13200199604 2.23879408836 0.530741274357 0.130503594875 2.23729491234 0.530085325241 0.130735903978 2.23752808571 0.530017495155 0.130972996354 2.23776507378 0.530005395412 0.131208106875 2.23799991608 0.530049681664 0.131434798241 2.23822689056 0.530148923397 0.131646499038 2.23843789101 0.530300319195 0.138547092676 2.24533891678 0.542077124119 0.138742506504 2.24553394318 0.542279005051 0.138959392905 2.24575090408 0.542430877686 0.139191403985 2.24598288536 0.54252821207 0.13943170011 2.24622297287 0.542568206787 0.139673396945 2.24646496773 0.542549610138 0.139909297228 2.24670100212 0.542473018169 0.140132397413 2.24692392349 0.542340695858 0.14033639431 2.2471280098 0.542156517506 0.140515193343 2.24730706215 0.541925787926 0.140663504601 2.24745488167 0.541655480862 0.00571837648749 2.11816716194 0.215629190207 0.00575675442815 2.11820530891 0.216969072819 0.0085579007864 2.11535000801 0.216899514198 0.00854324735701 2.11533474922 0.215680792928 0.00933746621013 2.11612963676 0.214730978012 0.00637322710827 2.11882185936 0.214837744832 0.00961170438677 2.11640334129 0.217722147703 0.00656643649563 2.11901497841 0.217663496733 0.00714323623106 2.11959242821 0.214986369014 0.00730017432943 2.11974859238 0.217311367393 0.0103343641385 2.11712622643 0.215452373028 0.0104463584721 2.11723828316 0.216660439968 0.0076894396916 2.1201376915 0.216081514955 0.18986363709 2.30231189728 0.405132681131 0.192818492651 2.29961037636 0.406266987324 0.192780375481 2.29957222939 0.404681354761 0.190116614103 2.30256533623 0.406553149223 0.190339639783 2.30278801918 0.404264718294 0.193632468581 2.30042457581 0.406952887774 0.193995639682 2.3007876873 0.404080629349 0.191373616457 2.30382204056 0.404179811478 0.191303297877 2.30375242233 0.406831175089 0.194422468543 2.3012137413 0.406456381083 0.194702789187 2.30149435997 0.405305564404 0.19186629355 2.3043153286 0.405606091022 0.180822834373 2.29327178001 0.317121982574 0.183896362782 2.29068803787 0.318529486656 0.183675959706 2.29046773911 0.317098230124 0.181204602122 2.29365301132 0.318739205599 0.184391766787 2.29118347168 0.316211640835 0.181628212333 2.29407715797 0.316188782454 0.184774234891 2.29156565666 0.319039851427 0.182140350342 2.29458880424 0.318964332342 0.185164809227 2.29195666313 0.316323637962 0.182475090027 2.29492354393 0.316430419683 0.185560181737 2.29235172272 0.318287014961 0.182863727212 2.29531240463 0.317914605141 0.185638859868 2.29243087769 0.317192584276 0.159560278058 2.26635241508 0.273856461048 0.156606525183 2.26905488968 0.274815618992 0.159528523684 2.26632070541 0.275213003159 0.157079666853 2.26952815056 0.273250550032 0.157125025988 2.26957392693 0.275790095329 0.160316258669 2.26710820198 0.273101449013 0.16040456295 2.26719617844 0.276008784771 0.157895386219 2.27034378052 0.275938481092 0.158198922873 2.27064776421 0.273361444473 0.161056697369 2.26784849167 0.273425847292 0.161194369197 2.26798629761 0.275512129068 0.158674418926 2.2711224556 0.27479532361 0.161474660039 2.26826643944 0.274361282587 0.207074671984 2.31386637688 0.356932908297 0.203994959593 2.3164434433 0.357289403677 0.206539943814 2.31333184242 0.358459562063 0.203720718622 2.31616997719 0.358538925648 0.207094311714 2.31388640404 0.359551072121 0.204475626349 2.31692433357 0.359708726406 0.204897329211 2.31734609604 0.356827437878 0.208040550351 2.31483244896 0.359568595886 0.208263203502 2.31505513191 0.357196807861 0.205601453781 2.31805038452 0.359110176563 0.205656155944 2.31810522079 0.357651263475 0.208575367928 2.31536698341 0.358460605145 0.0708868131042 2.17767834663 0.199840173125 0.0678075477481 2.18025684357 0.200195893645 0.0703522339463 2.17714381218 0.201367765665 0.0675338059664 2.1799826622 0.201317697763 0.0681156218052 2.18056368828 0.202530026436 0.0709063857794 2.17769789696 0.202458098531 0.0688009187579 2.18124938011 0.199737608433 0.0716812759638 2.17847275734 0.202538996935 0.072151131928 2.1789431572 0.200179666281 0.0692198649049 2.18166851997 0.202289566398 0.0723304152489 2.17912268639 0.201740846038 0.0695637091994 2.18201255798 0.200911253691 0.104096420109 2.21654486656 0.21975018084 0.103990703821 2.21643972397 0.220838785172 0.106776878238 2.21356868744 0.22064101696 0.107240073383 2.21403193474 0.219201505184 0.107484959066 2.21427702904 0.221867293119 0.104712240398 2.21716141701 0.221889957786 0.10469930619 2.21714782715 0.219064310193 0.108441054821 2.21523284912 0.219278723001 0.105628930032 2.21807765961 0.219325453043 0.108490303159 2.21528196335 0.221516683698 0.105626903474 2.2180762291 0.22153930366 0.105989329517 2.21843791008 0.22056697309 0.10880883038 2.21560072899 0.220514982939 0.0332338809967 2.14568281174 0.18225389719 0.0331435576081 2.14559197426 0.183468952775 0.0358910150826 2.14268279076 0.183017775416 0.0363928936422 2.14318418503 0.181739747524 0.0364683456719 2.14326000214 0.184235304594 0.0340978763998 2.14654612541 0.181448370218 0.033773496747 2.14622163773 0.18430043757 0.037156354636 2.14394807816 0.181564733386 0.0372430346906 2.14403486252 0.184316366911 0.0345496125519 2.14699888229 0.184257745743 0.0377987250686 2.14458990097 0.18218177557 0.0378930605948 2.1446852684 0.183516830206 0.0350302830338 2.14747905731 0.182335317135 0.0350608043373 2.14750933647 0.183434054255 0.12507776916 2.23187851906 0.26242762804 0.122226774693 2.23467540741 0.262607514858 0.125062525272 2.23186135292 0.263780683279 0.122484073043 2.23493242264 0.264263063669 0.12543182075 2.23222970963 0.264423727989 0.125057667494 2.23221683502 0.262074500322 0.122893229127 2.23534154892 0.261696785688 0.125980779529 2.23276996613 0.264718681574 0.125428691506 2.23246741295 0.261720478535 0.123465508223 2.23591446877 0.264630615711 0.123722426593 2.23617148399 0.261722683907 0.126216068864 2.23300671577 0.26153716445 0.126732498407 2.23351931572 0.264454960823 0.126607760787 2.23319721222 0.261629790068 0.124234110117 2.23668265343 0.263896793127 0.127312675118 2.23390412331 0.263438910246 0.124282382429 2.23673129082 0.262595176697 0.127034962177 2.23382735252 0.262231975794 0.127227291465 2.23401808739 0.263014495373 0.125000804663 2.23179292679 0.263515293598 0.124627970159 2.23208880424 0.263094216585 0.125011101365 2.23180294037 0.262687206268 0.124813653529 2.23240733147 0.264135867357 0.125692665577 2.23248386383 0.264627814293 0.126131564379 2.23250842094 0.261540025473 0.126406058669 2.23294115067 0.264714062214 0.126558795571 2.2333509922 0.264589905739 0.127151057124 2.23378181458 0.263958215714 0.126884505153 2.23367595673 0.264279186726 0.127123445272 2.23335671425 0.26191753149 0.126803129911 2.23433208466 0.262601286173 0.174664795399 2.2871131897 0.403427392244 0.177713900805 2.28450584412 0.404893934727 0.177487969398 2.2842798233 0.403765946627 0.17486782372 2.28731656075 0.404837936163 0.17791236937 2.28470468521 0.402753084898 0.175656244159 2.28810501099 0.405548006296 0.178521201015 2.28531312943 0.405527204275 0.175828590989 2.2882771492 0.402380108833 0.178812026978 2.28560423851 0.402437031269 0.179436668754 2.28622841835 0.4049051404 0.17670558393 2.28915429115 0.404733687639 0.176727697253 2.28917622566 0.403298228979 0.17962667346 2.28641891479 0.403496384621 0.171011805534 2.28345990181 0.444263190031 0.173895508051 2.28068757057 0.444283038378 0.1737986058 2.28059029579 0.443246543407 0.171280905604 2.2837293148 0.442350000143 0.174267217517 2.28105902672 0.442273318768 0.174524635077 2.28131628036 0.445049166679 0.172235399485 2.28468441963 0.445164531469 0.175373822451 2.28216576576 0.442168772221 0.172659277916 2.28510785103 0.442265570164 0.175524607301 2.28231620789 0.444820076227 0.173115968704 2.28556489944 0.443833857775 0.175944134593 2.282736063 0.443510651588 -0.0142348241061 2.09821391106 0.253602266312 -0.0111234672368 2.09566831589 0.254358619452 -0.0114011857659 2.09539055824 0.253112584352 -0.0137286474928 2.09871959686 0.251924574375 -0.0110468231142 2.09574508667 0.252204716206 -0.0134261669591 2.09902262688 0.25485381484 -0.0102679878473 2.09652400017 0.251751959324 -0.010363955982 2.09642744064 0.25484123826 -0.0126147409901 2.0998339653 0.251985818148 -0.00966016016901 2.09713125229 0.254526019096 -0.012367958203 2.10008120537 0.25439709425 -0.00946276541799 2.09732913971 0.252383172512 -0.0120593393221 2.10038948059 0.253027290106 -0.00923614855856 2.09755563736 0.253518879414 0.0112615907565 2.12371015549 0.23650123179 0.0143163548782 2.12110805511 0.237006306648 0.0140894846991 2.12088131905 0.23587012291 0.0115643460304 2.12401247025 0.234991952777 0.0145136164501 2.12130570412 0.234862834215 0.0123559730127 2.12480473518 0.237689658999 0.0151211246848 2.12191295624 0.237636908889 0.0123351980001 2.12478375435 0.234546363354 0.0152176683769 2.1220099926 0.234547689557 0.0132565675303 2.12570524216 0.235148578882 0.0159769468009 2.12276887894 0.235030427575 0.0159002989531 2.12269186974 0.237184077501 0.013337444514 2.12578630447 0.236713737249 0.016254581511 2.12304639816 0.236276239157 0.0719799399376 2.18442893028 0.225534945726 0.0716720968485 2.18412089348 0.227175429463 0.0745144188404 2.18130588531 0.227367460728 0.0746866464615 2.18147826195 0.225820541382 0.0722717344761 2.1847205162 0.22816683352 0.0753205865622 2.18211269379 0.228253126144 0.0757009834051 2.18249297142 0.225186631083 0.0734491124749 2.18589782715 0.225512430072 0.0731015875936 2.18554997444 0.228192582726 0.0762261003256 2.18301796913 0.228002637625 0.0766495242715 2.18344140053 0.226419210434 0.0737677365541 2.18621635437 0.227281913161 0.16541698575 2.27220869064 0.318702071905 0.162264466286 2.27471280098 0.320301026106 0.16510400176 2.27189612389 0.320073872805 0.162567213178 2.27501606941 0.318792462349 0.165654286742 2.27244615555 0.321282058954 0.163358777761 2.27580761909 0.321490168571 0.163338005543 2.27578663826 0.318346887827 0.166406452656 2.27319812775 0.318382382393 0.166847243905 2.27363920212 0.321117043495 0.164187118411 2.27663564682 0.318856984377 0.167030885816 2.27382230759 0.318942517042 0.164389789104 2.27683877945 0.320394963026 0.167253986001 2.27404618263 0.319940507412 0.107336975634 2.21978592873 0.21423073113 0.161076009274 2.27352452278 0.269445747137 0.110166862607 2.2169585228 0.214231491089 0.136386811733 2.24317860603 0.241172000766 0.163904577494 2.27069616318 0.269446134567 0.18224696815 2.29469561577 0.30706679821 0.18917350471 2.29596495628 0.314349114895 0.200594723225 2.30738687515 0.334645062685 0.191379055381 2.3038277626 0.323294639587 0.215156152844 2.32194781303 0.360527038574 0.212139725685 2.32458782196 0.360187500715 0.212338641286 2.32478785515 0.361304342747 0.214980348945 2.32177233696 0.362139374018 0.212151899934 2.32460045815 0.362139433622 0.163738578558 2.27618718147 0.443574905396 0.170533418655 2.28298187256 0.41598752141 0.166575357318 2.27336740494 0.443529635668 0.184082910419 2.29653167725 0.360996812582 0.186873704195 2.29366540909 0.361151337624 0.183864369988 2.29631304741 0.359743624926 0.186773911119 2.2935655117 0.359883010387 0.159176588058 2.27162504196 0.317442268133 0.142013177276 2.24880456924 0.28318849206 0.139184102416 2.25163269043 0.283187687397 0.104860916734 2.21730947495 0.247921556234 0.107689850032 2.2144818306 0.247921854258 0.0394605137408 2.15190887451 0.21142283082 0.0422268286347 2.14901828766 0.211388751864 0.0385661572218 2.15101504326 0.211680531502 0.0413345322013 2.14812636375 0.211744263768 0.00482895085588 2.11727833748 0.24791058898 -0.0104902684689 2.10195851326 0.26435944438 -0.0078248437494 2.09896636009 0.264536142349 0.0246436651796 2.13709187508 0.226631402969 -0.00897609628737 2.09781622887 0.264416366816 -0.0123132662848 2.10013580322 0.263909310102 -0.00957263447344 2.09721899033 0.263627648354 -0.0112815042958 2.10116696358 0.264615476131 -0.0180372763425 2.09441161156 0.244532003999 -0.0152884256095 2.09150385857 0.244235664606 -0.0179230161011 2.09452581406 0.243338391185 -0.0148139437661 2.0919778347 0.242754757404 -0.0176351740956 2.09481406212 0.242763057351 0.0303397607058 2.14278864861 0.173489913344 0.0536451153457 2.16043663025 0.184322908521 0.0333623625338 2.14015388489 0.173592671752 0.057395465672 2.16984391212 0.187804102898 0.0706100165844 2.18305897713 0.194796532393 0.0292193684727 2.14166784286 0.174178570509 0.0325523763895 2.13934421539 0.173668682575 0.0320478230715 2.1388399601 0.174178674817 0.0018784099957 2.10866999626 0.218340203166 -0.0133634898812 2.0934278965 0.240806102753 -0.0136466640979 2.09314322472 0.24106682837 -0.0131481802091 2.09364390373 0.24068069458 -0.0129212504253 2.09387111664 0.240606993437 -0.0126888398081 2.09410309792 0.240586996078 -0.0124572599307 2.09433507919 0.240621104836 -0.0122327804565 2.09455895424 0.240708604455 -0.0120214903727 2.09476995468 0.240846902132 -0.0118291098624 2.09496307373 0.241032406688 -0.0116608599201 2.09513092041 0.241260007024 -0.0114648286253 2.09532737732 0.241646051407 -0.00569026917219 2.10110187531 0.254711300135 -0.00779995741323 2.09899163246 0.254058510065 -0.00588782597333 2.10090398788 0.254889011383 -0.00760179804638 2.09918999672 0.254447996616 -0.00743203889579 2.09935998917 0.254676491022 -0.00723793497309 2.09955406189 0.254862099886 -0.00702481484041 2.09976696968 0.254999905825 -0.00679853186011 2.09999299049 0.255086094141 -0.00656529702246 2.10022592545 0.255118191242 -0.0063315150328 2.10046005249 0.255095392466 -0.00610360596329 2.10068798065 0.255018293858 0.014989303425 2.12178111076 0.199148625135 0.0405605956912 2.14735269547 0.205041334033 0.0412224903703 2.1480140686 0.204653397202 0.0409870482981 2.14777898788 0.20472869277 0.0414635501802 2.14825510979 0.204635903239 0.0407640784979 2.14755606651 0.204859495163 0.041703209281 2.14849495888 0.20467659831 0.041935108602 2.14872670174 0.204774707556 0.109671168029 2.21646308899 0.242577284575 0.109893471003 2.2166852951 0.242769509554 0.144876420498 2.25166845322 0.278713911772 0.145058333874 2.25185036659 0.278980195522 0.176010906696 2.28280258179 0.332014739513 0.172484517097 2.27927613258 0.437780588865 0.172423794866 2.2792160511 0.438764005899 0.172405198216 2.27919697762 0.43843370676 0.172425493598 2.27921700478 0.438103497028 0.1724807024 2.27927207947 0.439085513353 0.172574400902 2.27936601639 0.439389288425 0.191594466567 2.29838609695 0.360227525234 0.172702297568 2.27949404716 0.439667105675 0.17286080122 2.27965307236 0.439911097288 0.173045605421 2.27983689308 0.440114796162 0.173251703382 2.28004407883 0.440272599459 0.173574745655 2.28036594391 0.440418630838 0.183052822948 2.28984498978 0.441511929035 0.191351175308 2.29814291 0.358299076557 0.183374896646 2.29016709328 0.441656589508 0.18917350471 2.29596495628 0.430817306042 0.183579996228 2.29037189484 0.441812604666 0.183764204383 2.29055595398 0.44201400876 0.183922499418 2.2907140255 0.442255496979 0.184050694108 2.29084300995 0.4425303936 0.184145197272 2.29093694687 0.44283130765 0.184203594923 2.29099488258 0.443150103092 0.184206396341 2.29099798203 0.443806409836 0.184120297432 2.29091024399 0.444267213345 0.184224203229 2.29101610184 0.443478107452 0.191486805677 2.29827904701 0.35857719183 0.191588297486 2.29837989807 0.358886986971 0.191651001573 2.29844307899 0.359216600657 0.191654101014 2.29844594002 0.35989689827 0.191673099995 2.2984650135 0.359556496143 0.012272182852 2.12472105026 0.198985725641 0.0888841077685 2.20133304596 0.222913891077 0.172250777483 2.28469920158 0.318276464939 0.164769500494 2.27721762657 0.445749104023 0.16399396956 2.27644228935 0.444940418005 0.17968185246 2.29213047028 0.447441935539 0.180507540703 2.29295635223 0.44635206461 0.182270780206 2.2890625 0.447439134121 0.167757719755 2.27454924583 0.445768326521 0.183405816555 2.29019784927 0.446415573359 0.166901037097 2.27369260788 0.445157259703 0.679705560207 2.04660463333 -0.594267606735 0.682202994823 2.04487729073 -0.593523323536 0.681813597679 2.04447054863 -0.59422647953 0.680031657219 2.04694437981 -0.593689739704 0.680209100246 2.04713916779 -0.5929941535 0.682328522205 2.04501962662 -0.592816770077 0.661907434464 2.02844405174 -0.60894626379 0.66404157877 2.0263364315 -0.608882963657 0.65987944603 2.0264570713 -0.607285022736 0.659989476204 2.02655172348 -0.607884943485 0.662000715733 2.02433562279 -0.607256293297 0.662127196789 2.02444624901 -0.60788577795 0.660233080387 2.02678251266 -0.608430624008 0.662380814552 2.02468729019 -0.608420014381 0.660586118698 2.02712583542 -0.608844101429 0.662742614746 2.02503943443 -0.608820319176 0.661012470722 2.02754545212 -0.609080910683 0.663176357746 2.02546691895 -0.609040677547 0.661467254162 2.02799987793 -0.609115898609 0.663624644279 2.02591538429 -0.609057426453 0.657915651798 2.02842116356 -0.448167830706 0.660038530827 2.02629804611 -0.448271095753 0.6802303195 2.04616737366 -0.461324006319 0.678130328655 2.04830908775 -0.461392730474 0.662025630474 2.02832651138 -0.446608901024 0.659918546677 2.03046131134 -0.446672737598 0.660132229328 2.02640604973 -0.447674751282 0.660363376141 2.02665066719 -0.447125256062 0.658196151257 2.02872395515 -0.447241812944 0.660706341267 2.02700448036 -0.446711212397 0.658620595932 2.02916121483 -0.446734547615 0.661125421524 2.02742886543 -0.446474760771 0.659045219421 2.02959108353 -0.446515202522 0.661581993103 2.0278866291 -0.446439296007 0.659499764442 2.03004622459 -0.44649836421 0.680719435215 2.04662895203 -0.462452411652 0.678598701954 2.04874920845 -0.462542176247 0.659557104111 2.02610898018 -0.60831040144 0.65953451395 2.02609491348 -0.607987701893 0.657555222511 2.02807402611 -0.447619795799 0.6596159935 2.02616095543 -0.608624577522 0.659709990025 2.02624702454 -0.608922123909 0.659836411476 2.02636694908 -0.609195113182 0.659991919994 2.02651596069 -0.609436511993 0.660172581673 2.0266919136 -0.609640002251 0.66037350893 2.02688908577 -0.609799981117 0.660589575768 2.02710199356 -0.609912693501 0.660815119743 2.02732610703 -0.60997480154 0.661044001579 2.02755498886 -0.609984874725 0.661270499229 2.02778196335 -0.609942615032 0.661488473415 2.02800297737 -0.609849095345 0.661677181721 2.02819490433 -0.609719514847 0.657567322254 2.02809405327 -0.447321891785 0.657615721226 2.02815008163 -0.44700679183 0.657699584961 2.02824091911 -0.446707606316 0.679876804352 2.04676508904 -0.594710588455 0.657816827297 2.02836489677 -0.446432411671 0.657964229584 2.0285179615 -0.446188390255 0.658137977123 2.02869701385 -0.445981800556 0.658333599567 2.02889704704 -0.445818096399 0.658545672894 2.0291121006 -0.445701807737 0.658769011497 2.02933692932 -0.445635586977 0.65899759531 2.02956604958 -0.445621490479 0.659225404263 2.02979302406 -0.445659697056 0.65944647789 2.03001189232 -0.445749402046 0.659655213356 2.0302169323 -0.445888012648 0.67822521925 2.04841589928 -0.460896790028 0.680050313473 2.0469429493 -0.594541072845 0.680203378201 2.04710102081 -0.594336271286 0.680332779884 2.04723596573 -0.594100892544 0.680435299873 2.04734492302 -0.593840003014 0.680508673191 2.04742503166 -0.593559682369 0.680551290512 2.04747509956 -0.593266189098 0.680562496185 2.04749298096 -0.592978775501 0.678953707218 2.04910206795 -0.462628602982 0.678395807743 2.0485830307 -0.461058497429 0.67855489254 2.0487370491 -0.461261898279 0.678691089153 2.04886698723 -0.461496204138 0.678801178932 2.04897093773 -0.461756110191 0.678882777691 2.04904603958 -0.462035804987 0.678933978081 2.0490899086 -0.462328791618 0.537038981915 1.90357422829 -0.608995497227 0.539542555809 1.90183281898 -0.609063565731 0.539097845554 1.90139234066 -0.608893632889 0.537609815598 1.90414166451 -0.609126567841 0.539995193481 1.90228593349 -0.609028935432 0.538054823875 1.90458953381 -0.609007120132 0.540421307087 1.90271854401 -0.608787834644 0.538448691368 1.90499091148 -0.608693301678 0.540839374065 1.90314936638 -0.608250021935 0.538808941841 1.90536618233 -0.608094394207 0.541086435318 1.90341937542 -0.60734885931 0.538964390755 1.90554177761 -0.607303142548 0.518900513649 1.88579726219 -0.594336330891 0.521035432816 1.88369083405 -0.594295024872 0.518281340599 1.88521289825 -0.592954218388 0.520508348942 1.88318526745 -0.593390405178 0.520401060581 1.88309288025 -0.592808961868 0.518513560295 1.88542449474 -0.593791902065 0.520733118057 1.88339745998 -0.593909859657 0.516673743725 1.88682055473 -0.462714135647 0.518795132637 1.88469910622 -0.462691813707 0.537078738213 1.90337920189 -0.446622401476 0.534975171089 1.90551793575 -0.446660339832 0.519360899925 1.88530051708 -0.461233973503 0.517175078392 1.88735532761 -0.461340725422 0.518906116486 1.88482534885 -0.462044924498 0.516803205013 1.88696587086 -0.462040424347 0.519112229347 1.88504302502 -0.461579501629 0.537604808807 1.90390980244 -0.446420282125 0.535541117191 1.90608823299 -0.446469604969 0.538180112839 1.9044816494 -0.446552366018 0.536213040352 1.90675473213 -0.446687668562 0.538582205772 1.90487658978 -0.446872204542 0.538892328739 1.90517437458 -0.447352349758 0.536656320095 1.90718615055 -0.447189450264 0.539121329784 1.90538465977 -0.448125094175 0.536898910999 1.90741443634 -0.447744905949 0.537002205849 1.90750396252 -0.448327869177 0.516319096088 1.88646697998 -0.462628602982 0.517927885056 1.88485896587 -0.592978775501 0.517947614193 1.88487100601 -0.593278586864 0.517998874187 1.88491499424 -0.593571722507 0.518080413342 1.88498997688 -0.593851327896 0.51819050312 1.88509297371 -0.594111323357 0.518326699734 1.88522398472 -0.594345629215 0.518485784531 1.88537800312 -0.594549000263 0.518656373024 1.88554394245 -0.594710588455 0.537226378918 1.90374398232 -0.609719514847 0.516330301762 1.88648605347 -0.462341189384 0.516372919083 1.88653600216 -0.462047785521 0.5164462924 1.88661599159 -0.461767494678 0.516548812389 1.88672494888 -0.461506605148 0.516678214073 1.88686001301 -0.461271107197 0.516831278801 1.88701796532 -0.461066305637 0.517004787922 1.88719594479 -0.460896790028 0.535204291344 1.90576601028 -0.445888012648 0.537433803082 1.90394794941 -0.60985738039 0.537653505802 1.90416502953 -0.609947025776 0.537879884243 1.90439105034 -0.6099858284 0.538107216358 1.90461802483 -0.609972774982 0.538329303265 1.90484201908 -0.609908401966 0.53854072094 1.90505599976 -0.609794318676 0.538735806942 1.90525496006 -0.609633386135 0.538909673691 1.90543401241 -0.609429776669 0.539057612419 1.90558803082 -0.609188973904 0.53917580843 1.90571296215 -0.60891699791 0.539261519909 1.9058059454 -0.608620882034 0.539312124252 1.90586400032 -0.608308374882 0.539326429367 1.90588605404 -0.607987701893 0.535393118858 1.90595805645 -0.445758402348 0.537347018719 1.90786600113 -0.447619795799 0.535611093044 1.90617799759 -0.445664912462 0.535837590694 1.90640604496 -0.445622593164 0.53606647253 1.90663397312 -0.445632696152 0.536292016506 1.90685796738 -0.445694804192 0.536709010601 1.90726900101 -0.445967495441 0.536508083344 1.90707194805 -0.445807397366 0.536889612675 1.90744400024 -0.446170896292 0.537171602249 1.90771400928 -0.446685314178 0.537045180798 1.90759396553 -0.446412295103 0.537265598774 1.90779995918 -0.446982890368 0.537324488163 1.90785098076 -0.447297096252 0.683137595654 2.05623197556 -0.457894593477 0.684864401817 2.05450487137 -0.597800970078 0.652636766434 2.02167892456 -0.622043430805 0.684269189835 2.05387234688 -0.599287211895 0.654669642448 2.02367115021 -0.623697280884 0.682516157627 2.05564689636 -0.456398755312 0.650311172009 2.02400422096 -0.433626204729 0.654370725155 2.02336907387 -0.623831808567 0.652716219425 2.02174711227 -0.622513771057 0.65281021595 2.02183294296 -0.622811317444 0.652936518192 2.02195310593 -0.623084425926 0.654144227505 2.02314090729 -0.623874127865 0.65391522646 2.02291202545 -0.623863995075 0.653092086315 2.02210211754 -0.623325705528 0.653272688389 2.02227807045 -0.623529076576 0.653473675251 2.0224750042 -0.623689174652 0.653689801693 2.02268791199 -0.623801887035 0.652312815189 2.02604651451 -0.431987464428 0.650373876095 2.0240778923 -0.433187395334 0.651091575623 2.02482509613 -0.43199878931 0.651303887367 2.02503991127 -0.431882411242 0.651527225971 2.02526497841 -0.431816190481 0.651755690575 2.02549409866 -0.431802093983 0.651983618736 2.02572107315 -0.431840389967 0.650457799435 2.0241689682 -0.432888299227 0.650574982166 2.02429294586 -0.432612985373 0.650722384453 2.02444696426 -0.432368993759 0.650896072388 2.02462506294 -0.43216240406 0.684808492661 2.05443906784 -0.598212718964 0.684503316879 2.05411410332 -0.59898942709 0.684679746628 2.05429935455 -0.598655223846 0.682740807533 2.05586504936 -0.456678688526 0.682948708534 2.0560631752 -0.457061707973 0.683068573475 2.05617403984 -0.457452595234 0.683916866779 2.05422019958 -0.456353008747 0.653712153435 2.0246181488 -0.431940823793 0.684219896793 2.05451345444 -0.45673891902 0.684441268444 2.05472278595 -0.457248389721 0.684551358223 2.05481815338 -0.457838505507 0.686278164387 2.05309104919 -0.597744643688 0.685764193535 2.05254197121 -0.599159181118 0.685590624809 2.05236506462 -0.599328696728 0.685999512672 2.05278539658 -0.598822236061 0.686199426651 2.05299854279 -0.598296761513 0.656095325947 2.02226901054 -0.623652935028 0.654071211815 2.02028107643 -0.622164726257 0.654048681259 2.02026700974 -0.621842026711 0.654130220413 2.02033305168 -0.622478783131 0.654224216938 2.02041888237 -0.622776389122 0.65435051918 2.02053904533 -0.623049378395 0.654506087303 2.02068805695 -0.623290777206 0.654686689377 2.02086400986 -0.623494327068 0.654887676239 2.0210609436 -0.623654425144 0.655103802681 2.02127408981 -0.623767018318 0.655329227448 2.02149796486 -0.623829126358 0.655558228493 2.02172708511 -0.623839080334 0.655784606934 2.02195501328 -0.623796880245 0.651727318764 2.0225880146 -0.433765500784 0.651757180691 2.02262973785 -0.433304965496 0.651871800423 2.02275490761 -0.4328533113 0.651988983154 2.02287888527 -0.432578206062 0.652136385441 2.02303290367 -0.43233409524 0.652310073376 2.02321100235 -0.432127505541 0.652505576611 2.02341103554 -0.431963890791 0.652717888355 2.0236260891 -0.431847393513 0.652941226959 2.02385091782 -0.431781291962 0.653169691563 2.02408003807 -0.431767195463 0.653397619724 2.02430701256 -0.43180540204 0.509177029133 1.88229596615 -0.456890910864 0.541376173496 1.91515100002 -0.430336803198 0.510928273201 1.8805450201 -0.59878641367 0.543783009052 1.91274404526 -0.625340521336 0.510590970516 1.88088202477 -0.456856012344 0.512342274189 1.87913000584 -0.598751485348 0.542790174484 1.91373598576 -0.430301904678 0.54519701004 1.91132998466 -0.625305473804 -0.682330548763 1.24366891384 -0.592943608761 -0.680025398731 1.24175071716 -0.593737542629 -0.680208325386 1.24154651165 -0.592889785767 -0.68193423748 1.24409496784 -0.594126284122 -0.679628014565 1.24216294289 -0.594332635403 -0.661908268929 1.26024365425 -0.608946084976 -0.663892626762 1.2625041008 -0.609004437923 -0.661226511002 1.26092970371 -0.609148740768 -0.663174271584 1.26322245598 -0.609040081501 -0.662648260593 1.26374173164 -0.608751893044 -0.660478889942 1.26166820526 -0.608757615089 -0.662176012993 1.2641967535 -0.608041703701 -0.660028040409 1.26210081577 -0.60802334547 -0.662001311779 1.26435124874 -0.607255399227 -0.659879922867 1.26223003864 -0.60728430748 -0.65791618824 1.26026701927 -0.448170661926 -0.660037577152 1.26238739491 -0.448149859905 -0.662026524544 1.2603610754 -0.446609258652 -0.680159330368 1.24258959293 -0.461265265942 -0.678131043911 1.24037778378 -0.461392909288 -0.65984326601 1.25830125809 -0.446611970663 -0.661458969116 1.26092386246 -0.446417599916 -0.658940374851 1.2592009306 -0.446503072977 -0.660795986652 1.2615916729 -0.446629554033 -0.658196806908 1.25996291637 -0.447241693735 -0.66028380394 1.26211953163 -0.44725471735 -0.680723130703 1.24206101894 -0.462697982788 -0.680571079254 1.24219489098 -0.46195730567 -0.678599298 1.23993754387 -0.462542414665 -0.680562973022 1.24119400978 -0.592978775501 -0.678954184055 1.239585042 -0.462628602982 -0.678934693336 1.23959696293 -0.46233060956 -0.678884088993 1.23964095116 -0.462039202452 -0.678803503513 1.23971498013 -0.461760997772 -0.678694486618 1.23981702328 -0.461502104998 -0.67855989933 1.23994600773 -0.461268514395 -0.678402423859 1.24009895325 -0.461065202951 -0.678225696087 1.24027097225 -0.460896790028 -0.659655690193 1.25847101212 -0.445888012648 -0.68055087328 1.24121403694 -0.593276917934 -0.680507481098 1.24126398563 -0.593568205833 -0.680433690548 1.24134504795 -0.59384649992 -0.680331170559 1.24145400524 -0.594105303288 -0.680202305317 1.24158895016 -0.5943390131 -0.68004989624 1.24174594879 -0.594542205334 -0.679877281189 1.24192297459 -0.594710588455 -0.661677777767 1.26049304008 -0.609719514847 -0.659448385239 1.25867497921 -0.4457500875 -0.659228622913 1.25889205933 -0.445660501719 -0.659002304077 1.25911700726 -0.445621699095 -0.658774971962 1.25934505463 -0.445634692907 -0.658552825451 1.25956904888 -0.445699006319 -0.658341407776 1.25978302956 -0.445813208818 -0.657972514629 1.26016104221 -0.446177601814 -0.658146202564 1.25998198986 -0.445974111557 -0.657824516296 1.26031494141 -0.446418493986 -0.657706201077 1.26043999195 -0.446690499783 -0.657620728016 1.2605329752 -0.446986496449 -0.657570123672 1.26059103012 -0.447299003601 -0.657555818558 1.26061296463 -0.447619795799 -0.661473274231 1.26070010662 -0.609859347343 -0.659535109997 1.26259303093 -0.607987701893 -0.66124689579 1.26092898846 -0.609951794147 -0.661012291908 1.26116597652 -0.609988987446 -0.66077452898 1.26140141487 -0.60996979475 -0.660543262959 1.26163196564 -0.609894990921 -0.660374104977 1.26179802418 -0.609799981117 -0.660215139389 1.26195454597 -0.609680891037 -0.660021305084 1.2621434927 -0.609476447105 -0.659722626209 1.26242852211 -0.608957827091 -0.65985673666 1.26230192184 -0.609234333038 -0.659621536732 1.26252293587 -0.608648240566 -0.659560918808 1.262575984 -0.608334898949 -0.54078233242 1.38559830189 -0.608381092548 -0.538685679436 1.38345122337 -0.608366131783 -0.538966596127 1.38314795494 -0.60743945837 -0.541087090969 1.38526856899 -0.60735309124 -0.538050055504 1.38410353661 -0.609037041664 -0.54021435976 1.38618016243 -0.608934223652 -0.53966575861 1.38673233986 -0.609085142612 -0.537116825581 1.38503682613 -0.609056890011 -0.539098501205 1.38729453087 -0.608893692493 -0.5187728405 1.40301549435 -0.594231843948 -0.520870625973 1.40515911579 -0.594159603119 -0.518283843994 1.40347671509 -0.593100011349 -0.520404279232 1.40559756756 -0.593012332916 -0.516674280167 1.40186750889 -0.46271815896 -0.518794059753 1.40398705006 -0.462559074163 -0.519360542297 1.40338754654 -0.461234748363 -0.537095487118 1.38529217243 -0.44660910964 -0.535034418106 1.3831101656 -0.446612238884 -0.517254412174 1.40125131607 -0.461275041103 -0.516857326031 1.40166318417 -0.46187004447 -0.51902282238 1.40373802185 -0.461740523577 -0.539123654366 1.38330495358 -0.448269277811 -0.538975358009 1.38343465328 -0.447530955076 -0.53852468729 1.38386690617 -0.446797639132 -0.537779033184 1.38460361958 -0.446406453848 -0.537002384663 1.38118374348 -0.448299020529 -0.536879897118 1.38129067421 -0.447679758072 -0.536542654037 1.38161110878 -0.447007745504 -0.535822868347 1.38231825829 -0.446487218142 -0.537347614765 1.38082098961 -0.447619795799 -0.537325322628 1.38083600998 -0.447299003601 -0.539327025414 1.38280105591 -0.607987701893 -0.537267029285 1.38088595867 -0.446986496449 -0.537174105644 1.38097202778 -0.446690499783 -0.537049114704 1.38109004498 -0.446418493986 -0.536895215511 1.3812379837 -0.446177601814 -0.536716401577 1.38141202927 -0.445974111557 -0.536517322063 1.38160705566 -0.445813208818 -0.53630310297 1.38181805611 -0.445699006319 -0.536079287529 1.38204097748 -0.445634692907 -0.5358517766 1.38226795197 -0.445621699095 -0.535626292229 1.38249397278 -0.445660501719 -0.53540879488 1.38271403313 -0.4457500875 -0.53520488739 1.38292098045 -0.445888012648 -0.539312601089 1.38282299042 -0.608308374882 -0.539261996746 1.38288104534 -0.608620882034 -0.539176404476 1.38297402859 -0.60891699791 -0.517005383968 1.40149104595 -0.460896790028 -0.539058208466 1.38309895992 -0.609188973904 -0.538910210133 1.38325297832 -0.609429776669 -0.538736402988 1.38343203068 -0.609633386135 -0.538541316986 1.38363099098 -0.609794318676 -0.538329899311 1.38384497166 -0.609908401966 -0.538107693195 1.38406896591 -0.609972774982 -0.537880420685 1.38429701328 -0.6099858284 -0.537654101849 1.38452196121 -0.609947025776 -0.537434279919 1.384739995 -0.60985738039 -0.537226974964 1.38494300842 -0.609719514847 -0.518657028675 1.40314304829 -0.594710588455 -0.516805887222 1.40169596672 -0.461096793413 -0.516657531261 1.40184986591 -0.461302220821 -0.516524553299 1.40198838711 -0.461558222771 -0.516446888447 1.40207099915 -0.461767494678 -0.516380369663 1.40214240551 -0.462004244328 -0.516331255436 1.40219962597 -0.462317407131 -0.516319572926 1.40222001076 -0.462628602982 -0.517928481102 1.40382897854 -0.592978775501 -0.518470585346 1.40332627296 -0.594533145428 -0.51830381155 1.40348803997 -0.594312131405 -0.518191099167 1.40359401703 -0.594111323357 -0.518099427223 1.40367972851 -0.593907237053 -0.51801097393 1.40376663208 -0.593616187572 -0.517954289913 1.40381205082 -0.593326091766 -0.652637243271 1.26700806618 -0.62203836441 -0.682516634464 1.23304009438 -0.456398665905 -0.683138132095 1.23245620728 -0.457896262407 -0.684864938259 1.23418211937 -0.597800195217 -0.682831048965 1.23273575306 -0.4568169415 -0.683044135571 1.23253583908 -0.457339882851 -0.650313913822 1.26468503475 -0.433800399303 -0.65033107996 1.26465904713 -0.433453202248 -0.650379836559 1.26460278034 -0.433156073093 -0.650469601154 1.26450574398 -0.432851970196 -0.65059453249 1.2643737793 -0.432572871447 -0.650786697865 1.26417481899 -0.432278454304 -0.651140034199 1.26381313801 -0.431957691908 -0.651491343975 1.26345849037 -0.431821078062 -0.651729285717 1.26322007179 -0.431798964739 -0.651967346668 1.26298332214 -0.431834042072 -0.652413785458 1.26254200935 -0.432068586349 -0.684268951416 1.23481547832 -0.599287867546 -0.684771418571 1.23429012299 -0.598387002945 -0.684561550617 1.23451316357 -0.598901450634 -0.65466606617 1.26502025127 -0.623700678349 -0.65218859911 1.26276397705 -0.431921303272 -0.652715921402 1.26694202423 -0.622510075569 -0.652808725834 1.26685595512 -0.622806191444 -0.654356598854 1.26533305645 -0.623836219311 -0.654130995274 1.26556003094 -0.623874902725 -0.653903484344 1.26578700542 -0.623861908913 -0.653679728508 1.26600897312 -0.623797595501 -0.653465509415 1.26622104645 -0.623683512211 -0.653266370296 1.26641595364 -0.62352257967 -0.653087615967 1.2665899992 -0.623318970203 -0.652933716774 1.26673805714 -0.623078227043 -0.683921396732 1.23446321487 -0.456356197596 -0.653827786446 1.26395595074 -0.43203368783 -0.684534490108 1.23388397694 -0.457712501287 -0.684553980827 1.23387098312 -0.458010494709 -0.684483885765 1.23392701149 -0.457421094179 -0.684403300285 1.23400104046 -0.4571428895 -0.684221744537 1.23417198658 -0.456741541624 -0.686276912689 1.23559403419 -0.597596883774 -0.686249494553 1.235632658 -0.598041117191 -0.686111629009 1.23578369617 -0.598576784134 -0.685916185379 1.23598897457 -0.598957002163 -0.685697317123 1.23621475697 -0.599241018295 -0.656192004681 1.26632094383 -0.62357378006 -0.655987977982 1.26652801037 -0.623711705208 -0.655770599842 1.26674795151 -0.62380117178 -0.655544996262 1.26697397232 -0.623839974403 -0.655317485332 1.26720094681 -0.6238270998 -0.655093789101 1.26742303371 -0.623762786388 -0.654879510403 1.26763498783 -0.623648583889 -0.654680371284 1.26783001423 -0.623487710953 -0.654501616955 1.26800394058 -0.623284220695 -0.654347717762 1.26815199852 -0.623043179512 -0.654222726822 1.26827001572 -0.622771203518 -0.65412992239 1.26835501194 -0.622475206852 -0.654051542282 1.26842224598 -0.622027516365 -0.65172791481 1.26609897614 -0.433765500784 -0.653602600098 1.26417803764 -0.431886404753 -0.653391063213 1.26438772678 -0.431801944971 -0.653149187565 1.26462805271 -0.43176433444 -0.652913153172 1.26486468315 -0.431784600019 -0.652683258057 1.26509642601 -0.431860566139 -0.652459204197 1.26532411575 -0.431995272636 -0.652209401131 1.2655800581 -0.432232558727 -0.65202498436 1.26577055454 -0.432508081198 -0.651887059212 1.26591598988 -0.432807564735 -0.651791453362 1.26602005959 -0.433130711317 -0.651741504669 1.26607751846 -0.433439642191 -0.510928928852 1.40814304352 -0.59878641367 -0.50917750597 1.40639102459 -0.456890910864 -0.541376709938 1.37353694439 -0.430336803198 -0.543783605099 1.37594401836 -0.625340521336 -0.510591506958 1.40780496597 -0.456856012344 -0.512342870235 1.4095569849 -0.598751485348 -0.542790710926 1.37495100498 -0.430301904678 -0.545197606087 1.37735795975 -0.625305473804 -1.18465697765 1.10639703274 -1.07000005245 -1.21783804893 1.13957905769 -1.25770294666 -1.19285297394 1.07923805714 -1.07000005245 -1.22725701332 1.11364197731 -1.26461994648 -1.24526703358 1.29721295834 -1.24034404755 -1.91010797024 1.82284498215 -1.24034404755 -1.2715280056 1.26704096794 -1.24034404755 -1.87010800838 1.8410589695 -1.24034404755 -1.91010797024 2.20018291473 -1.24034404755 -1.87010800838 2.18153810501 -1.24034404755 -0.81967830658 3.0634739399 -1.24034404755 -0.828928112984 3.10793709755 -1.24034404755 0.195597603917 2.80420708656 -1.24034404755 0.184228405356 2.76585698128 -1.24034404755 -1.23907804489 0.926059603691 -1.07000005245 -1.28037905693 0.967360019684 -1.30362999439 -1.24727404118 0.898900270462 -1.07000005245 -1.28979694843 0.941423416138 -1.31054699421 0.745443224907 2.89161801338 -1.07000005245 0.699468314648 2.93759298325 -1.330072999 0.718283772469 2.88342189789 -1.07000005245 0.673332393169 2.92837309837 -1.32428395748 0.565105199814 2.83719611168 -1.07000005245 0.525925815105 2.87637591362 -1.29163205624 0.537945926189 2.82899999619 -1.07000005245 0.499789893627 2.86715602875 -1.28584301472</float_array>
          <technique_common>
            <accessor source="#positions-array" count="6029" stride="3">
              <param name="X" type="float" />
              <param name="Y" type="float" />
              <param name="Z" type="float" />
            </accessor>
          </technique_common>
        </source>
        <source id="normals">
          <float_array id="normals-array" count="30435">-0.99664789 -0.02167125 -0.07888802 -0.99664736 -0.02168764 -0.07889055 -0.99664736 -0.02136467 -0.07897808 -0.9966439 -0.02039167 -0.07927946 -0.99604362 -0.02152038 -0.08622056 -0.99599248 -0.04366792 -0.07805277 -0.99599153 0.04190926 0.07902236 -0.9959892 0.04200351 0.07900099 -0.99595267 0.04276845 0.07905096 -0.99594963 0.04287739 0.0790299 -0.99407059 0.08201211 0.07139874 -0.99406791 0.08205062 0.07139117 -0.98867214 -0.1320111 0.07141818 -0.98867214 -0.13201109 0.07141818 -0.98865145 -0.13218831 0.07137607 -0.98864657 -0.13222127 0.07138207 -0.98863071 -0.13233095 0.07139918 -0.98861843 -0.13241433 0.07141432 -0.98473334 0.15241504 -0.08408262 -0.98452193 0.15373282 -0.08415872 -0.98449385 0.15374082 -0.08447331 -0.98449105 0.15394147 -0.08413912 -0.98446566 0.15404812 -0.08424062 -0.9791007 -0.19367538 -0.0620598 -0.97861737 -0.19275004 -0.07180137 -0.97854364 -0.19328672 -0.07136328 -0.97839564 -0.19413556 -0.07108726 -0.97834992 -0.19426464 -0.07136305 -0.97685438 0.19214143 -0.0940067 -0.97300315 0.21487595 0.08422182 -0.97299051 0.21493906 0.08420625 -0.972417 0.2136277 0.09363894 -0.97238934 0.21375287 0.09364093 -0.96441317 0.26408267 0.01294659 -0.9517895 -0.30187422 0.05448661 -0.95137978 -0.30178675 0.06165463 -0.95127916 -0.30209246 0.06170871 -0.95124984 -0.30220169 0.06162775 -0.94735754 0.12057502 0.29660636 -0.94454014 -0.32282585 0.0602275 -0.94339597 0.32251233 -0.07739431 -0.9431715 -0.32415777 -0.07313885 -0.9429214 0.32153732 -0.08667733 -0.94279689 0.32189596 -0.08670021 -0.94269228 0.32215974 -0.08685891 -0.94253546 0.32261184 -0.08688267 -0.93809092 -0.33934358 0.0695083 -0.934946 0.28211281 0.21514697 -0.9349367 0.28214222 0.21514961 -0.93493634 0.28214002 0.21515359 -0.93493599 0.28214362 0.21514998 -0.93068171 -0.36053693 -0.06200574 -0.93068159 -0.36058423 -0.06173062 -0.93051493 -0.36102599 -0.06166141 -0.93014592 -0.36199585 -0.0615424 -0.93013769 -0.36205918 -0.06129483 -0.92863947 0.36070597 0.08671892 -0.92863756 0.3607522 0.08654565 -0.92500573 -0.02548157 -0.37909761 -0.92129338 0.38058099 0.07985321 -0.92100835 0.38128617 0.07977799 -0.92040151 0.38120568 0.08685215 -0.92039675 0.38121772 0.08684881 -0.90507716 0.42524737 0 -0.89037526 0.30502656 -0.33792111 -0.88931721 0.39733312 0.226365 -0.88615525 -0.46172479 0.03923265 -0.88497561 -0.46294749 0.04997941 -0.88497561 -0.46294743 0.04997941 -0.88412827 -0.46345809 0.05936174 -0.88282633 0.46155697 -0.08707993 -0.88023502 0.469805 -0.06685383 -0.87263149 0.48062387 -0.08668841 -0.87219226 0.48006663 -0.09389727 -0.87197804 0.48177832 -0.08685447 -0.87183338 0.48202685 -0.08692861 -0.8717193 0.48220313 -0.08709576 -0.87154543 -0.48633569 -0.06233885 -0.86645639 0.49919215 0.00778069 -0.85477924 -0.51656586 -0.05012101 -0.85463172 -0.51681972 -0.05001979 -0.85461652 -0.51683074 -0.05016713 -0.85440576 -0.51718986 -0.05005479 -0.85426533 -0.51743007 -0.04996888 -0.85365248 -0.51847816 -0.04957786 -0.84046763 0.53485435 0.08686206 -0.84012961 0.5354138 0.08668415 -0.84004921 0.53550088 0.08692618 -0.83994389 0.53572124 0.08658501 -0.83960992 0.53626734 0.08644466 -0.83950436 0.53639519 0.086675 -0.81670916 0.57641745 0.02700123 -0.81615543 -0.57700348 0.03094219 -0.80498743 -0.59202605 0.03873638 -0.79222339 -0.60911971 0.03681485 -0.79220933 -0.60912699 0.03699607 -0.79208964 -0.60929173 0.03684758 -0.79164135 0.59413332 -0.14251189 -0.79128063 -0.60977888 0.04521713 -0.78511101 0.61110479 0.10075523 -0.78379828 0.61943418 -0.04429045 -0.7759316 0.62613654 -0.07670227 -0.77490783 0.62644768 -0.08414924 -0.77483463 0.62652057 -0.08428089 -0.77451593 0.62691236 -0.08429623 -0.77443653 0.62699533 -0.08440962 -0.7728352 -0.19787882 -0.6029675 -0.76737577 0.64015788 -0.03650002 -0.76696914 0.64090836 0.03154005 -0.76598072 0.63990867 -0.06156598 -0.76197439 0.51706022 -0.38992769 -0.7604723 0.64394319 -0.08377837 -0.75803345 -0.65152848 0.02993317 -0.75378627 0.65690809 0.01667335 -0.75349927 0.65637028 -0.03764017 -0.75264055 -0.65739447 -0.03694369 -0.75248098 -0.65758115 -0.03686574 -0.75247383 -0.65758449 -0.03695673 -0.75175959 -0.64729768 0.12594958 -0.75172257 -0.63641018 0.17290236 -0.75145417 -0.65876138 -0.03674183 -0.75141114 -0.65882748 -0.03643796 -0.75085431 0.63730025 0.1733962 -0.74768907 -0.65943736 -0.07812411 -0.74747992 0.65633154 -0.10248332 -0.74519467 0.66606539 -0.03227699 -0.74353075 -0.66861832 -0.01056031 -0.74226046 -0.65808082 0.1264089 -0.74225801 -0.66777956 0.05588819 -0.74194521 -0.67038649 -0.0099654 -0.74054456 0.67195344 -0.0085052 -0.73994029 -0.67137372 -0.04178143 -0.73980063 -0.66247708 0.11755508 -0.73931241 -0.66600758 0.09925266 -0.73835593 -0.67178077 0.05950758 -0.73743904 -0.6721217 -0.0666044 -0.73721474 -0.66764879 0.1037278 -0.7370944 -0.67204297 -0.07106428 -0.73667276 -0.66596198 -0.11750627 -0.73657054 0.67590857 -0.02472727 -0.73557061 -0.65824193 0.16016679 -0.73475695 0.67307884 0.08424419 -0.73473293 0.67309779 0.0843017 -0.73454452 -0.65227515 0.18703347 -0.73450881 -0.65868002 0.16320919 -0.73424172 -0.67671531 0.0542728 -0.7342357 -0.6603536 0.15757878 -0.73415232 0.67376763 0.08401015 -0.73414624 0.67871797 0.01926413 -0.73384577 -0.67829883 0.03716197 -0.73382598 0.6741243 0.08399913 -0.73377949 0.67417753 0.08397865 -0.7336604 -0.6739018 0.08717074 -0.73360461 -0.67836112 0.04062649 -0.73339808 0.67461646 0.08378509 -0.73238486 0.68082637 -0.00937517 -0.73187613 0.68114448 0.01998651 -0.73179018 -0.68066508 0.03432512 -0.73171782 -0.68105 -0.02756392 -0.73137248 -0.66949207 0.1299023 -0.73051995 -0.66846913 -0.13960554 -0.72994101 0.68212324 0.04352034 -0.72987735 -0.66722846 -0.14861085 -0.72947592 -0.68376684 0.01810368 -0.7293222 -0.68207008 -0.05356838 -0.72913867 -0.676817 -0.10136841 -0.72913402 -0.6726172 0.12629193 -0.72911775 0.68438685 -0.00140728 -0.7288115 -0.67925566 -0.08628734 -0.72873753 0.68402779 -0.03236802 -0.72866046 -0.68137968 -0.06910615 -0.72864652 -0.68188047 0.06413414 -0.72815222 0.68451399 0.03514211 -0.72799182 0.68505079 -0.02707878 -0.72766453 -0.67455375 0.12442477 -0.72740722 0.6862058 -0.000541 -0.72691011 -0.673527 -0.13402621 -0.72656858 0.68635941 -0.03176313 -0.72640544 0.68297774 0.07665774 -0.72639173 0.68489397 0.0572302 -0.72615933 -0.66965622 -0.15573356 -0.72585714 -0.68745649 -0.02312808 -0.72581202 -0.67909008 -0.10969807 -0.72553116 -0.67436421 -0.13724956 -0.7246241 -0.64997447 0.22902635 -0.72452891 -0.65746218 0.20688458 -0.72440726 0.68816024 -0.04086022 -0.72403908 -0.68755078 -0.05514774 -0.7239691 -0.6759795 0.13755113 -0.72375625 -0.65590519 -0.21439508 -0.72375458 -0.68112564 0.11066743 -0.72355133 -0.66721642 -0.17690571 -0.72354519 -0.68916845 -0.03910513 -0.72349912 -0.6879791 0.05686651 -0.72349679 -0.66735476 -0.17660695 -0.72339708 -0.68910462 -0.04279568 -0.7232455 0.69029224 0.02030965 -0.72322774 0.69060963 0 -0.72320795 0.69063032 0 -0.72302532 -0.68972617 -0.0388869 -0.72300714 -0.68390638 0.0976359 -0.72253489 -0.68830591 0.06463922 -0.72207916 0.69174433 0.00955893 -0.72071195 -0.65153056 0.23681682 -0.72066724 0.69327867 0.0018243 -0.72061545 -0.6927709 -0.02796326 -0.72017509 0.69377142 -0.00540836 -0.7199809 0.69391602 -0.01039844 -0.71986324 0.69317001 0.03622461 -0.71976006 0.69421941 0.00221241 -0.71974665 -0.66866529 -0.18668564 -0.71953589 0.69430822 0.01428826 -0.71940386 -0.69301289 -0.04681085 -0.71936661 -0.66906923 -0.18670306 -0.71926683 -0.65183717 0.24034056 -0.71925956 0.68928039 0.08693857 -0.71905029 -0.61802292 -0.3178277 -0.7189123 -0.65188503 -0.24126959 -0.71885973 0.69515514 0.00010288 -0.71854019 0.69540256 0.01073453 -0.71846825 0.6955483 -0.00398715 -0.71842378 0.69560313 0.00190149 -0.71838385 -0.68877852 0.09751326 -0.71827102 -0.62990069 0.29548582 -0.7180922 -0.68214953 -0.13789681 -0.71793884 0.69552553 -0.02842371 -0.7177875 -0.66439497 0.20823145 -0.71775597 0.69626677 0.00624766 -0.71772516 0.69632435 -0.0017051 -0.71771741 0.69633406 -0.00072123 -0.71766895 0.69540417 -0.03693949 -0.7176019 0.69560313 -0.03440598 -0.71757424 0.69641072 0.00997252 -0.71755993 -0.65358001 0.2407092 -0.71728915 -0.66711092 0.20114478 -0.71726805 -0.6916858 0.08424535 -0.71711457 -0.68686914 -0.11814218 -0.71707642 -0.65979254 -0.22466663 -0.71703887 0.6969189 0.01262227 -0.71663773 0.69743967 0.00287179 -0.71647781 -0.67086315 0.1913169 -0.71629137 0.69779027 0.00393029 -0.71621019 0.69714266 0.03217528 -0.71618277 -0.69314796 0.08141469 -0.71617568 0.6979149 0.00271025 -0.71610594 -0.69689727 -0.03906848 -0.71581411 0.69821846 -0.01006262 -0.71579623 -0.67277396 -0.18711241 -0.71575564 -0.69116163 0.09994756 -0.71567059 -0.66300738 0.21962866 -0.71542585 -0.69547021 -0.06698574 -0.71538198 0.69823426 0.02641085 -0.71533322 0.69877303 0.00381214 -0.71527708 -0.69819993 0.02992382 -0.71505362 -0.69026071 0.11062801 -0.71484476 0.6992833 -9.475e-05 -0.714809 -0.65006971 -0.25779337 -0.71476525 0.69936401 -0.00077966 -0.71473616 -0.68247926 0.15288654 -0.71462375 0.69950789 -0.00122709 -0.71458155 0.69944048 -0.01249312 -0.71446776 0.69966495 -0.00215449 -0.71432155 0.69976771 0.00835395 -0.71426493 0.69889224 0.03708702 -0.7141847 -0.68190742 -0.15793233 -0.71398765 -0.6910547 -0.11253898 -0.71386129 0.7002871 -5.002e-05 -0.71384984 -0.69248188 0.10434242 -0.71384734 -0.6924805 0.10436797 -0.71381873 0.70026141 -0.00983424 -0.71378696 0.69702333 0.06831381 -0.71374613 -0.69806612 -0.05718626 -0.71370929 -0.69579417 -0.08055736 -0.71365041 -0.68376446 -0.15221477 -0.71356559 0.70058256 -0.00285805 -0.71345323 0.70060796 0.01152781 -0.71337646 0.70078093 -3.18e-06 -0.71336758 0.700701 0.01116618 -0.71334124 0.70080286 -0.00442085 -0.71332347 -0.6980207 0.06274319 -0.7132166 0.70086896 0.01023637 -0.71314591 -0.66546917 -0.22039443 -0.71314228 0.70098513 -0.00693415 -0.71300125 -0.70093322 0.01793979 -0.71293312 0.70109653 0.01378122 -0.71292669 0.70123863 0 -0.71283102 0.70120478 0.01355628 -0.71282297 0.70133841 -0.00282109 -0.71279418 -0.69907975 0.05667293 -0.71254724 -0.67609882 -0.18752843 -0.71242166 -0.6348055 -0.29912767 -0.71232396 0.70161968 0.01801086 -0.71224314 0.70190299 0.00646453 -0.7121926 0.70198405 2.685e-05 -0.71215022 0.70201331 -0.00438991 -0.71205825 0.70205516 0.00957138 -0.71197397 0.70220369 -0.0017454 -0.71195865 0.70199853 0.01768962 -0.71181005 -0.67395455 -0.19776678 -0.7116186 0.70242494 -0.01407886 -0.71160817 -0.69825137 0.07783899 -0.71156549 0.70259827 -0.00548563 -0.71153259 0.70263875 -0.00448974 -0.71144485 0.7026881 -0.0086935 -0.71134686 0.70283163 -0.0036579 -0.71134275 0.70284337 -0.00161372 -0.71130747 -0.67440432 0.19804154 -0.71130067 0.70288783 0 -0.71127051 0.7029072 0.00395046 -0.71119696 0.70115393 -0.05081433 -0.71119696 0.70292813 0.00953159 -0.71114963 0.70304042 0.0005983 -0.71111274 0.70291156 0.01529803 -0.71107316 0.70311773 0.00067735 -0.71105987 0.70311534 0.00475701 -0.71103692 0.70315152 0.00209348 -0.71102607 0.70316541 -0.00056747 -0.71095014 0.7026751 -0.02824519 -0.71093798 0.70324022 -0.00451484 -0.71091521 0.70325577 0.00555659 -0.71086651 0.70326543 -0.00929589 -0.71074504 0.70343608 0.00439987 -0.71070445 -0.69570792 -0.10435299 -0.71069533 0.70349997 1.08e-05 -0.71065897 0.70351356 -0.00570186 -0.71065849 0.70352536 -0.00406193 -0.71060652 0.70358682 -0.00195153 -0.71052563 0.70367122 -0.0002228 -0.7105242 -0.70053905 0.06633639 -0.71050566 0.7034083 -0.01996244 -0.71042514 0.7022332 0.04652539 -0.71041065 0.70378691 0.00083556 -0.71039653 0.70377624 0.00599892 -0.71039343 0.70376766 0.0072259 -0.71039045 0.70328283 -0.02717979 -0.71038872 -0.65164059 0.26591781 -0.71032393 0.70387477 0.0003277 -0.71032089 0.7038548 -0.00571952 -0.71023965 -0.68344653 0.1687025 -0.71023703 0.70393503 -0.00623354 -0.71015537 0.70403916 -0.00286265 -0.7101475 0.70405054 0.00184505 -0.71004379 -0.67262453 -0.20836054 -0.71003318 0.70413387 0.00694425 -0.71003288 0.70416731 -0.00125466 -0.71002579 0.70412725 0.00824983 -0.71001178 0.7041887 0.00118966 -0.71000844 0.70414644 0.00811201 -0.7100057 0.70418608 -0.00372264 -0.70988774 0.70419204 0.01315268 -0.70984036 0.70435941 -0.0021351 -0.70983595 0.70436305 0.00236365 -0.7098034 0.70439154 -0.00340781 -0.70979029 0.70440352 -0.00366973 -0.70973611 0.70446771 0 -0.70973605 0.70446759 0 -0.70973599 0.70446771 0 -0.70965767 0.7042408 0.02076032 -0.70965058 0.70455378 5.438e-05 -0.7095632 0.70461631 -0.00599229 -0.70947558 0.70472991 0.00017555 -0.70945054 0.70475084 0.0024953 -0.70940673 0.70461613 -0.01606972 -0.70932931 0.70486772 -0.00365799 -0.70930386 0.70489717 -0.00285248 -0.70927852 0.70491493 0.00433759 -0.70925987 0.70494694 0.00050099 -0.70923692 0.70496476 0.00273968 -0.70920336 0.70500374 0.00052613 -0.70920062 0.70479262 0.01737468 -0.70918906 0.70500439 0.00444957 -0.70918018 0.70502061 0.00305036 -0.70916152 0.70504421 -0.00157614 -0.70916021 0.70503932 0.00337294 -0.70915794 0.70504767 -0.00169481 -0.70915246 0.70504826 -0.00311825 -0.70915014 0.70505667 0.00107108 -0.7091409 0.70501721 -0.00835571 -0.70913303 0.70507061 -0.0024123 -0.70911247 0.7050944 -0.00116439 -0.70910442 0.70509666 0.00310234 -0.70908463 0.70512187 0.00143575 -0.70907277 0.70513254 -0.0019625 -0.70905244 0.70515573 -0.00018871 -0.70904207 -0.69969577 0.0876653 -0.70902193 0.70518571 -0.0010949 -0.70901668 0.70519084 -0.00119492 -0.70897901 0.70522499 0.00256179 -0.70893055 0.70527577 0.00186694 -0.70892453 0.70528305 0.0013644 -0.70890814 0.70528847 0.0041868 -0.70889592 0.70531303 -0.00021078 -0.70889324 0.70531577 -0.00015888 -0.70888335 0.70532572 0.00012771 -0.70885378 0.70535499 -0.00081065 -0.70881844 0.70485562 -0.02747573 -0.70878589 0.70541626 -0.00322477 -0.70876318 0.70544362 0.00200528 -0.7087515 0.7052663 0.01645489 -0.70874876 0.70545948 0.00146255 -0.70874554 0.70546323 -0.00115766 -0.70872891 0.70548004 -0.00105102 -0.70867318 0.70553684 -0.00014741 -0.70865697 0.70555019 -0.00203982 -0.70863187 0.70557332 -0.00270193 -0.70860881 -0.64757907 -0.28020525 -0.70852494 0.70567751 -0.00341713 -0.7085076 0.70562595 -0.01043684 -0.70850539 0.70570391 -0.00143164 -0.70844126 0.70557529 -0.0165659 -0.70843041 0.70578074 -0.00011377 -0.7084229 0.70561999 0.01541242 -0.70842057 0.70578945 0.00122831 -0.70839977 0.70581156 -1.038e-05 -0.70839882 0.70533246 -0.02602153 -0.70838434 0.70582432 -0.00188663 -0.70835537 0.70585465 -0.00136898 -0.70834869 0.70586216 -0.00082956 -0.70833391 0.70587045 -0.00314112 -0.7082938 0.70591778 -6.337e-05 -0.70827925 0.70572293 0.01719705 -0.70827329 0.70593786 -0.00088083 -0.70827097 0.70593846 0.00176696 -0.70825756 0.70595282 0.00133731 -0.70825273 0.70577711 0.01602728 -0.70820761 -0.70578194 -0.01771227 -0.70818144 0.70583159 -0.01676082 -0.70817602 0.70603591 -2.9e-07 -0.70816374 0.70604104 -0.00320734 -0.70814639 0.70569253 -0.02294952 -0.70814639 0.70606208 -0.00225897 -0.70812654 0.70586365 0.01769799 -0.70812577 0.7060864 8.621e-05 -0.70811391 0.70609814 0.00029761 -0.70811242 0.70602459 0.01030802 -0.7081089 0.70610183 0.00139089 -0.70810646 0.70610535 0.00054529 -0.7081055 0.70610523 -0.00139687 -0.70809597 0.70609266 -0.00575618 -0.70809102 0.70609999 0.00547502 -0.70809001 0.70605141 0.01000136 -0.70807588 0.70590574 -0.01804485 -0.70804238 0.70616984 0.00032518 -0.70802212 0.7061767 0.00436188 -0.70800424 0.7060194 -0.01632675 -0.70799971 0.70621258 -0.00037349 -0.70799851 0.70592999 -0.02002693 -0.70799446 0.70602089 0.01668301 -0.70799279 0.70599043 -0.01799219 -0.7079916 0.70592278 -0.02051658 -0.70798397 0.70622832 0.00047237 -0.70798063 0.70623171 -0.00029996 -0.70797753 0.70597988 0.01898053 -0.70797646 0.70621955 -0.00481069 -0.70795655 0.70625567 -0.00069825 -0.70795065 0.70626193 3.637e-05 -0.7079457 0.70626611 -0.00100496 -0.70793498 0.70627743 0.00046315 -0.70792878 0.70628363 0.00044489 -0.70792055 0.70629162 -0.00074843 -0.70791739 0.7062946 0.00092459 -0.70791107 0.70630163 5.576e-05 -0.70790946 0.70630246 -0.00108048 -0.70790827 0.70625603 -0.00827262 -0.70789587 0.70631677 -3.16e-05 -0.70787919 0.70632958 -0.00231874 -0.70786661 0.70614672 0.01678626 -0.70784676 0.70636594 -0.00033668 -0.70784533 0.70636737 0.00023304 -0.70784312 -0.70216954 0.07691523 -0.70784003 0.7063728 -0.00015663 -0.70783401 0.70637864 3.616e-05 -0.70783335 0.70637918 -0.00068891 -0.70783269 0.70638019 -0.00020086 -0.7078284 0.70638448 4.53e-06 -0.70781761 0.70639515 2.348e-05 -0.70781696 0.7063958 0.00027741 -0.70781088 0.70618635 0.01745524 -0.70780778 0.70640486 -0.00061507 -0.70780379 0.70639932 -0.00371214 -0.707802 0.70641088 -0.00014759 -0.70780075 0.70640469 0.00324114 -0.70779699 0.70641565 0.00071388 -0.70778549 0.7064274 -1.239e-05 -0.70778537 0.7064268 0.00095176 -0.70778489 0.70642698 -0.00127033 -0.70778203 0.70637494 -0.00888929 -0.70777708 -0.67439091 0.21035343 -0.70777142 0.70644146 9.03e-06 -0.70776814 0.70644438 -0.00078078 -0.707766 0.70644671 -0.00044234 -0.70776534 0.70644438 0.00209624 -0.70776039 0.7064485 0.00240989 -0.70775717 0.7064541 -0.00155121 -0.70775449 0.70645839 0.00045771 -0.70775127 0.70624596 0.01745576 -0.70774478 0.70646232 0.00291209 -0.70774144 0.70647073 0.00115396 -0.70772243 0.70649064 -2.314e-05 -0.70771986 0.7064929 -0.00054415 -0.70770806 0.70650494 -0.00042203 -0.70770717 0.70650548 -0.00079466 -0.70770109 0.70632923 -0.01606466 -0.70769972 0.70629668 0.01749752 -0.7076965 0.70651376 -0.0019765 -0.70769453 0.7062344 -0.02003677 -0.70769393 0.70651519 0.00237909 -0.70768559 0.70652759 -1.5e-06 -0.707681 0.70652765 -0.00250113 -0.70767397 0.70653903 0.00037305 -0.7076661 0.70652044 0.00612374 -0.70766562 0.70654756 -0.00011278 -0.70766544 0.70654577 -0.00167439 -0.70766306 0.70655 -0.00018958 -0.70765674 0.70655638 -6.822e-05 -0.70765579 0.70655739 0.0001407 -0.70764852 0.70655519 0.00364808 -0.70764583 0.70656741 -6.747e-05 -0.70764267 0.70656961 -0.00111506 -0.7076419 0.70657104 0.00051756 -0.70763385 0.70657873 -0.0009863 -0.70762968 0.70658356 -6.793e-05 -0.70762539 0.70658779 5.531e-05 -0.70762318 0.70659 -0.00012129 -0.70762247 0.70658875 0.00167329 -0.70760852 0.70659649 0.00338037 -0.7076081 0.70660508 -1.456e-05 -0.70760769 0.70638776 0.01754174 -0.70760447 0.70660865 -0.00054108 -0.70760125 0.70661193 0.00046239 -0.70759499 0.70661813 -0.00052216 -0.70759219 0.70661682 0.00240114 -0.70758951 0.70662129 0.00187076 -0.70758468 0.70540798 0.04151482 -0.70757556 0.70660836 -0.00644453 -0.70757419 0.70663047 0.00349533 -0.70757347 0.70663983 -0.00011703 -0.70757216 0.70664108 1.828e-05 -0.70757139 0.70663971 -0.00172886 -0.70756686 0.70664638 -4.52e-06 -0.70756489 -0.64392608 -0.29105178 -0.707564 0.7066493 5.278e-05 -0.70755589 0.7064538 -0.0169667 -0.70755553 -0.61328185 -0.35107058 -0.70755124 0.706662 3.052e-05 -0.70755041 0.70666271 0.00030025 -0.70755005 0.70665693 -0.00300874 -0.70754647 0.70666677 0.00043984 -0.70754451 0.70666885 -0.00011803 -0.70753998 0.70667338 1.708e-05 -0.70753753 0.70666975 -0.0029001 -0.7075364 0.70667696 3.819e-05 -0.70753479 0.70667845 0.00046161 -0.70753425 0.70667875 -0.00057236 -0.70753223 0.70644981 0.01807892 -0.70752698 0.70668626 -0.00033083 -0.70752496 0.70668828 -0.00043743 -0.70752305 0.7066896 -0.00094046 -0.70751959 0.70669365 -0.00025704 -0.70751888 0.7066943 -0.00036735 -0.70751828 0.70666659 -0.00634236 -0.70751828 0.70669442 0.00091478 -0.70751595 0.7066974 -0.00013528 -0.70751584 0.70669699 0.00086024 -0.70751524 0.70669818 1.865e-05 -0.70751506 0.70668989 -0.00344453 -0.70751494 0.7066983 -0.00044735 -0.70751059 0.70670277 -0.00014996 -0.70751023 0.70670307 -4.429e-05 -0.70750749 0.70670581 -5.587e-05 -0.70750743 0.70670599 8.23e-05 -0.70750302 0.70651102 -0.01678276 -0.7075001 0.70671302 -0.0003642 -0.70749962 0.70671362 0.00010496 -0.70749784 0.70671552 -0.000219 -0.70749599 0.70671624 -0.00125442 -0.70749527 0.70671755 -0.0008602 -0.70749444 0.70670462 -0.00450003 -0.70749235 0.70672101 0.0002799 -0.70749015 0.70672327 -0.00010247 -0.70749015 0.70672333 -4.855e-05 -0.70748949 0.70672387 5.12e-05 -0.70748919 0.70672405 0.00012319 -0.70748758 0.70672494 -0.00107771 -0.70748663 0.70672601 0.00098151 -0.70748657 0.70672572 -0.00127184 -0.7074846 0.70672882 -0.00016958 -0.70748281 0.7067306 -6.16e-05 -0.70748204 0.70673126 5.755e-05 -0.70748013 0.70673317 -0.00047204 -0.7074787 0.7067346 1.363e-05 -0.70747566 0.70673764 0.00030869 -0.70747221 0.70674103 -0.00037565 -0.70747137 0.70674199 3.611e-05 -0.70747012 0.70656025 0.01607965 -0.70746827 0.70674336 0.00159029 -0.7074638 0.7067495 -0.00033063 -0.70746315 0.70633137 0.0243264 -0.70746052 0.70675278 -5.131e-05 -0.7074582 0.70675498 0.00056607 -0.70745653 0.70675528 -0.00147503 -0.70745456 0.7067588 -5.175e-05 -0.70745391 0.70675945 0.00019634 -0.70745355 0.70675981 -0.000102 -0.70744956 0.7067638 -5.557e-05 -0.70744818 0.70676523 -7.626e-05 -0.70744777 0.70676553 0.00036623 -0.70744771 0.70676535 -0.00062282 -0.70744753 0.70676601 0.00015631 -0.70744717 0.70676613 -0.00035612 -0.70744586 0.70676732 -0.00051416 -0.70744413 0.70676869 -0.0009146 -0.70744348 0.70676976 4.77e-06 -0.70743889 0.70654422 0.01804188 -0.70743519 0.70677805 0.000504 -0.70743459 0.70677823 -0.00088748 -0.70743436 0.70677841 0.00087086 -0.70743322 0.70678008 0.00018795 -0.70743263 0.70678049 0.00056656 -0.70743114 0.70678222 -0.00014121 -0.70743102 0.70678234 -0.00024473 -0.70743048 0.7067818 0.0012571 -0.70743036 0.70678312 -9.309e-05 -0.70742571 0.70678443 -0.00214147 -0.70742333 0.70679015 2.353e-05 -0.70742255 0.70679092 -0.00012927 -0.70742023 0.70679152 0.00149671 -0.70741755 0.70679599 3.54e-06 -0.70741618 0.70679682 0.00078381 -0.7074154 0.70679611 0.00165919 -0.70741493 0.70679855 -8.9e-06 -0.70740956 0.70680368 0.00056063 -0.70740843 0.7065891 0.01747038 -0.7074042 0.70679867 0.00385486 -0.70740354 0.70680982 1.95e-05 -0.7074033 0.70681012 0.00025495 -0.707398 0.70681542 0.00034054 -0.70739645 0.70681709 -9.7e-05 -0.70739615 0.70681733 -9.74e-06 -0.70739478 0.70681864 0.0003034 -0.70739442 0.706819 0.00017112 -0.70739174 0.70682061 0.00123159 -0.70739174 0.70682144 0.00064865 -0.70738977 0.70682371 3.86e-06 -0.70738858 0.70682371 -0.00127429 -0.70738852 0.70682478 -0.00024823 -0.70738834 0.70682484 -0.00050739 -0.70738715 0.70682555 0.00099019 -0.70738703 0.70682639 -1.523e-05 -0.70738548 0.70682788 -0.00029206 -0.70738524 0.70682704 -0.00132889 -0.70738429 0.70682913 -0.00019225 -0.7073828 0.70683074 -0.00021266 -0.70738149 0.70683175 -0.00046938 -0.70737869 0.70683473 5.996e-05 -0.70737362 0.70683759 -0.00179323 -0.7073735 0.70683986 -0.00050795 -0.70737195 0.70665658 0.01616818 -0.70737141 0.70684206 -0.00011945 -0.70737022 0.7068432 -0.00024668 -0.70736998 0.7068398 0.00228299 -0.7073698 0.70663124 0.01732657 -0.70736921 0.70684421 -0.00029957 -0.70736891 0.70682728 0.00492979 -0.70736814 0.70683825 -0.00317645 -0.70736754 0.70684594 0.00013257 -0.70736706 0.7068463 -0.00039703 -0.70736629 0.70684719 0.00025696 -0.70736623 0.70684725 -0.00022706 -0.70736569 0.70684785 -8.653e-05 -0.70736492 0.70663941 0.01719614 -0.70736182 0.70685172 -1.927e-05 -0.70736164 0.7068519 2.704e-05 -0.70735997 -0.70685351 -2.69e-06 -0.70735949 0.70685387 0.00038166 -0.70735776 0.7068556 -0.00026253 -0.7073577 0.70685565 -0.00029322 -0.70735759 0.70685589 -0.00018308 -0.70735669 0.70685583 0.00107883 -0.70735538 0.70685804 0.00033782 -0.70735472 0.70685881 -0.00021518 -0.70735312 0.7068603 1.838e-05 -0.70735282 0.70686066 0.00014382 -0.70735222 0.70686114 -0.00032014 -0.70735174 0.70686179 -8.286e-05 -0.70735162 0.70686185 3.793e-05 -0.70735145 0.70686203 -4.25e-06 -0.70735121 0.70686227 -7.062e-05 -0.70735073 0.70686275 -3.65e-05 -0.70735037 0.70665359 0.01720632 -0.7073499 0.70686352 0.00015359 -0.7073493 0.70686412 8.022e-05 -0.70734906 0.7068643 -0.0002396 -0.70734876 0.70686466 2.074e-05 -0.70734864 0.70686489 0.00016167 -0.70734829 0.70665842 0.01709546 -0.70734811 0.70686519 -0.00025002 -0.70734751 0.70686597 -0.00016855 -0.70734727 0.70686626 6.016e-05 -0.7073468 0.70686674 2.385e-05 -0.7073462 0.70686734 8.187e-05 -0.70734477 0.70686793 0.00102465 -0.70734447 0.70664006 0.01799398 -0.70734441 0.70686913 8.843e-05 -0.70734429 0.70685941 0.0037169 -0.70734429 0.70686924 0.00010367 -0.70734406 0.70686954 -1.324e-05 -0.70734328 0.70687026 -0.00032059 -0.7073431 0.70687032 -9.346e-05 -0.70733976 0.70687336 -0.0006582 -0.70733953 0.70687395 0.00017927 -0.7073369 0.70687652 -0.00015511 -0.7073369 0.70687658 -0.00019991 -0.70733678 0.70687115 0.00279337 -0.70733535 0.70687813 0.00018146 -0.70733446 0.7068789 -1.075e-05 -0.70733368 0.70687872 0.0011547 -0.70733297 0.70665425 0.01788647 -0.70733279 0.70688069 6.711e-05 -0.70733207 0.70688128 -0.00017001 -0.7073319 0.70688105 -0.00091041 -0.7073307 0.70688277 0.00021178 -0.70733041 0.70688301 1.44e-06 -0.70733011 0.70688277 -0.00090482 -0.70732999 0.70688301 0.00079042 -0.70732987 0.70688301 -0.00097401 -0.70732844 0.70666027 0.01782578 -0.70732743 0.70688605 9.412e-05 -0.70732653 0.70688695 -8.1e-06 -0.70732629 0.70688719 -0.00022598 -0.70732611 0.70688474 -0.00192969 -0.70732611 0.7068873 -0.00023164 -0.70732558 0.70688796 -5.939e-05 -0.7073254 0.70688814 -1.325e-05 -0.70732421 0.70688933 -4.192e-05 -0.70732373 0.70688528 -0.00250615 -0.70732331 0.70689017 0.0001662 -0.70732301 0.7068904 0.00012334 -0.70732242 0.706891 0.00025267 -0.70732224 0.7068913 5.1e-05 -0.70732176 0.70689142 0.00068908 -0.70732176 0.70689172 0.00020998 -0.70732069 0.70689273 -0.00016068 -0.70732039 0.70689237 0.00098454 -0.70732015 0.70689344 4.426e-05 -0.70731974 0.70689374 -3.86e-06 -0.70731938 0.7068935 -0.00080141 -0.70731831 0.70689505 -0.000355 -0.70731735 0.70689291 -0.00212173 -0.70731699 0.70689648 -3.918e-05 -0.70731676 0.70689666 -0.00033025 -0.70731485 0.70689863 7.338e-05 -0.70731437 0.70689905 5.88e-06 -0.70731342 0.70668089 0.01760134 -0.70731336 0.70668453 0.01745939 -0.70731246 0.70690101 0.00022568 -0.70731121 0.70685315 0.00833436 -0.70731038 0.70690322 -0.00012841 -0.70730954 0.70690393 0.0001454 -0.7073074 0.70690602 -0.00015729 -0.70730692 0.70690668 8.901e-05 -0.70730662 0.70690596 -0.00116028 -0.70730579 0.70690775 -9.952e-05 -0.70730573 0.70690763 -0.00018224 -0.70730519 0.7069084 -2.1e-05 -0.70730495 0.70690787 0.00092947 -0.70730478 0.7069087 -0.00036873 -0.70730466 0.70690876 -5.186e-05 -0.70730442 0.70690894 0.00020574 -0.70730424 0.70690924 -3.421e-05 -0.70730376 0.70690966 5.819e-05 -0.70730311 0.70690995 -0.00074862 -0.7073015 0.70691186 0.00016189 -0.70730102 0.70691234 -0.0002867 -0.70730036 0.7069121 -0.00112159 -0.70730025 0.70691317 2.765e-05 -0.70729816 0.70691532 -4.05e-06 -0.7072981 0.70691407 0.00140847 -0.70729679 0.70691669 6.275e-05 -0.70729578 0.7069177 -5.217e-05 -0.70729554 0.70691794 -5.562e-05 -0.7072953 0.70691818 -4.92e-06 -0.70729411 0.70691937 9.443e-05 -0.70729369 0.70691985 0.00033218 -0.70729262 0.70692086 -0.000106 -0.70729256 0.70692092 -0.0002022 -0.70729232 0.70692128 -1.213e-05 -0.70729148 0.70692194 3.368e-05 -0.70729136 0.70692211 9.078e-05 -0.70728964 0.7069239 2.705e-05 -0.70728862 0.70692492 -0.00017735 -0.70728856 0.70692492 -2.789e-05 -0.70728856 0.70692503 -4.39e-05 -0.7072885 0.70692503 -0.0002093 -0.70728809 0.70692539 -0.0001307 -0.70728779 0.70692581 1.526e-05 -0.70728761 0.70692569 0.00047415 -0.70728743 0.70692551 0.00087305 -0.70728713 0.70692629 0.0002399 -0.70728695 0.70692605 -0.00081526 -0.70728612 0.70692712 0.00056489 -0.70728612 0.70692718 -0.00055711 -0.7072857 0.70692778 2.62e-06 -0.7072857 0.70692784 -0.00018093 -0.70728481 0.70692867 -0.0001205 -0.70728391 0.70692956 0.00040424 -0.70728326 0.7069301 -0.00038102 -0.70728302 0.7069304 -0.00043501 -0.70728266 0.70693088 -3.55e-06 -0.70728254 0.70693094 -5.721e-05 -0.7072823 0.70693123 -7.658e-05 -0.70728219 0.70693129 -0.00010494 -0.70728147 0.70693213 1.346e-05 -0.70728117 0.70693219 0.0002766 -0.7072807 0.70693278 0.00020401 -0.70728058 0.70693284 -9.557e-05 -0.70727962 0.70693392 -1.565e-05 -0.70727944 0.70693403 7.869e-05 -0.70727944 0.70693415 0.00013024 -0.70727754 0.70693588 0.00044018 -0.70727736 0.70693618 0.00016679 -0.70727724 0.70693618 0.0001692 -0.70727664 0.70693696 0.00016096 -0.70727533 0.70693791 0.0006119 -0.70727491 0.70693862 0.00022816 -0.70727402 0.70693946 -0.00017579 -0.70727295 -0.67573923 -0.20770547 -0.70727164 0.70694178 0.00016899 -0.70727122 0.70694244 -1.965e-05 -0.70727026 0.70694339 -0.00013121 -0.70726955 0.70694375 0.00048565 -0.70726871 0.70672792 0.01751177 -0.70726836 0.70694512 0.00016902 -0.70726788 0.70694512 -0.00089904 -0.70726717 0.70694631 0.00017947 -0.70726711 0.70694375 -0.00193872 -0.70726645 0.70694697 -4.464e-05 -0.70726603 0.70694745 0.00035227 -0.70726597 0.70694745 -0.00021395 -0.70726401 0.70694792 0.00149994 -0.70726395 0.70667392 0.01973927 -0.70726395 0.70694953 0.00014041 -0.70726365 0.70694983 -1.713e-05 -0.70726335 0.70695019 -3.501e-05 -0.70726287 0.7069506 0.00027238 -0.70726269 0.70695078 8.565e-05 -0.70726246 0.70695108 2.958e-05 -0.70726186 0.70695168 -5.541e-05 -0.7072618 0.70695174 4.652e-05 -0.7072615 0.70694792 0.00238519 -0.7072615 0.70695192 -0.00026577 -0.70726138 0.70695215 1.37e-06 -0.70726115 0.70695239 4.592e-05 -0.70726109 0.70695257 -7.581e-05 -0.70726043 0.70695305 3.485e-05 -0.70726031 0.70695317 -0.00018066 -0.70726019 0.70695329 -0.00012432 -0.70726001 0.70695329 -0.00063906 -0.70725954 0.706954 -0.00010817 -0.70725936 0.70695424 1.944e-05 -0.70725888 0.70695454 3.152e-05 -0.70725852 0.7069549 -4.483e-05 -0.70725828 0.70695525 6.113e-05 -0.70725799 0.70695525 -0.00064568 -0.70725781 0.70695573 -2.67e-06 -0.70725739 0.70695615 -2.235e-05 -0.70725685 0.70695662 0.00020377 -0.70725679 0.70695668 -3.841e-05 -0.70725673 0.70695674 -1.078e-05 -0.70725667 0.7069568 0.00029443 -0.70725632 0.70695722 0.00019652 -0.70725626 0.70695728 -4.372e-05 -0.70725602 0.7069577 -0.00013938 -0.7072559 0.70695752 9.402e-05 -0.70725554 0.70695806 2.513e-05 -0.70725405 0.70695919 -0.00058687 -0.70725369 0.70695984 -8.548e-05 -0.70725334 0.70696014 -4.327e-05 -0.70725244 0.70696098 0.00032791 -0.70725155 0.70696187 0.00022238 -0.70725113 0.70696223 0.00046379 -0.70725054 0.70696288 -0.00021771 -0.7072503 0.70696306 0.00064725 -0.70724988 0.70696366 0.0002293 -0.70724964 0.70696378 -0.00024594 -0.70724887 0.7069608 0.00234009 -0.70724785 0.70696568 -6.342e-05 -0.70724708 0.7069664 -0.00019202 -0.70724666 0.70696676 6.54e-06 -0.70724654 0.70696706 -4.008e-05 -0.70724607 0.70696753 -1.546e-05 -0.70724583 0.70696783 7.291e-05 -0.70724541 0.70696807 -1.304e-05 -0.70724487 0.70696867 -3.293e-05 -0.70724475 0.70696843 -0.00070662 -0.70724475 0.70696884 -0.00014511 -0.70724428 0.70696926 -0.00010269 -0.70724428 0.70696926 0.00021716 -0.70724356 0.70696998 -0.00013563 -0.7072432 0.70697021 0.00028734 -0.70724237 0.70697105 -2.189e-05 -0.70724225 0.70674747 0.01778908 -0.70724213 0.70697087 -0.00096621 -0.70724159 0.70697188 -0.00016359 -0.70724148 0.70697069 0.00140255 -0.70724124 0.70697111 -0.00132217 -0.70724124 0.70697224 -0.00015827 -0.70723915 0.70697427 -0.00039729 -0.70723891 0.70697457 -4.085e-05 -0.70723784 0.7069757 0.00011829 -0.70723742 0.70697606 -0.00050052 -0.70723701 0.70697653 -0.00020049 -0.70723689 0.70697671 -0.00011776 -0.70723659 0.70697689 5.572e-05 -0.70723492 0.7069785 0.00014985 -0.7072348 0.7069785 -0.00049123 -0.70723403 0.70697951 -9.71e-06 -0.70723361 0.70697987 2.792e-05 -0.70723355 0.70698011 -0.00010958 -0.70723224 0.7069813 -0.00015484 -0.70723218 0.70698124 -7.56e-06 -0.70723212 0.70698136 0.00032637 -0.70723158 0.70698196 1.9e-07 -0.70723152 0.70698196 0.00044165 -0.70723128 0.70698225 -5.916e-05 -0.70723104 0.70698249 -0.00027 -0.70723093 0.70698249 6.563e-05 -0.70723027 0.70698327 -2.316e-05 -0.70723021 0.70698333 4.538e-05 -0.70723015 0.70698333 -0.00013122 -0.70722997 0.70698339 -0.00054934 -0.70722961 0.70698386 -2.389e-05 -0.70722944 0.70698422 -2.992e-05 -0.70722866 0.70698494 1.319e-05 -0.7072286 0.70698506 6.722e-05 -0.70722854 0.706985 6.975e-05 -0.70722848 0.70698512 8.39e-06 -0.70722818 0.70698541 4.082e-05 -0.70722812 0.70698553 0.00019636 -0.70722753 0.70698601 0.00035889 -0.70722747 0.70698601 5.648e-05 -0.70722747 0.70698601 0.00047442 -0.70722717 0.70698643 -0.00015238 -0.70722711 0.70698589 -0.00092097 -0.70722687 0.70698673 5.671e-05 -0.70722634 0.7069872 0.0002144 -0.70722622 0.70698726 8.611e-05 -0.70722586 0.70698768 3.849e-05 -0.70722514 0.70675337 0.01822879 -0.70722502 0.70698845 -9.97e-06 -0.70722502 0.70698863 -2.746e-05 -0.70722485 0.70698875 8.273e-05 -0.70722467 0.70698899 0.00019164 -0.70722395 0.70698959 6.138e-05 -0.70722377 0.70698977 -3.648e-05 -0.70722324 0.70677692 -0.01736477 -0.70722318 0.70699036 0.00030942 -0.70722294 0.70699072 -0.00010256 -0.70722288 0.70699078 -0.00014067 -0.7072227 0.70699072 -0.00036983 -0.7072221 0.70699131 -2.349e-05 -0.70722181 0.70698953 0.00176729 -0.70722181 0.70699167 -0.00010971 -0.70722145 0.70699209 0.00025117 -0.70722079 0.70699269 -9.522e-05 -0.70722044 0.70699114 -0.00169568 -0.70722038 0.70699322 -0.00016578 -0.70721996 0.70699352 -5.629e-05 -0.70721984 0.70699364 9.25e-05 -0.70721871 0.70699495 -8.542e-05 -0.70721781 0.70699573 -8.746e-05 -0.70721704 0.7069965 4.343e-05 -0.70721668 0.70699692 2.1e-07 -0.70721602 0.7069971 -0.00068714 -0.70721602 0.70699745 0.00022751 -0.70721555 0.70699811 -3.888e-05 -0.70721489 0.70699871 -9.356e-05 -0.70721477 0.70699877 -6.186e-05 -0.70721459 0.70699888 -0.00022814 -0.707214 0.70699948 0.00010285 -0.70721376 0.70678717 0.01734236 -0.70721316 0.70700032 -0.00010808 -0.70721298 0.70700055 -0.00020557 -0.70721287 0.70698237 -0.00509217 -0.70721281 0.7069999 -0.00112646 -0.70721275 0.70700067 -2.24e-05 -0.70721179 0.70700175 7.475e-05 -0.70721114 0.70676017 -0.01850671 -0.70721096 0.70700246 -0.00035869 -0.70721024 0.7070033 -7.373e-05 -0.70720929 0.70700425 -0.00020993 -0.70720923 0.70700437 -8.782e-05 -0.70720828 0.7070052 -0.00021323 -0.70720774 -0.70700592 -1.372e-05 -0.70720768 0.7070058 0.00034912 -0.70720762 0.7070058 -0.00041806 -0.70720756 0.70677638 0.01801633 -0.7072075 0.7070061 8.979e-05 -0.70720744 0.70700604 0.00013895 -0.70720732 0.70700616 0.00013926 -0.70720714 0.70700639 -0.00025357 -0.70720667 0.70700699 1.753e-05 -0.70720661 0.70700699 -5.97e-05 -0.70720577 0.70700788 -5.455e-05 -0.70720565 0.70700783 -2.121e-05 -0.70720512 0.70700842 4.979e-05 -0.70720476 0.70700872 -8.491e-05 -0.70720464 0.70700878 0.00041642 -0.70720452 0.7070089 0.00031123 -0.70720369 0.70700848 0.00139284 -0.70720315 0.70701033 5.089e-05 -0.70720285 0.70701075 8.433e-05 -0.70720267 0.70701051 -0.00072345 -0.7072022 0.70701128 3.35e-06 -0.70720172 0.70701188 4.963e-05 -0.70720106 0.70701253 2.132e-05 -0.70720094 0.70701265 -4.43e-06 -0.70720029 0.70701319 -0.00010876 -0.70720017 0.70701349 -0.00013673 -0.70720011 0.70701337 -7.358e-05 -0.70719993 0.70701367 8.517e-05 -0.70719987 0.70701361 -8.963e-05 -0.70719981 0.70701379 -6.287e-05 -0.70719957 0.70676476 0.01877478 -0.70719898 0.70701462 7.309e-05 -0.7071988 0.70701468 -8.708e-05 -0.70719868 0.70701492 -0.00024897 -0.70719856 0.70701486 -0.00033281 -0.70719826 0.70701528 6.843e-05 -0.70719802 0.7070148 0.00102282 -0.70719802 0.70701557 -0.00011422 -0.7071979 0.70701557 -0.00019784 -0.70719773 0.70701581 1.087e-05 -0.70719767 0.70701587 -6.191e-05 -0.70719719 0.70701593 -0.00074493 -0.70719695 0.70701635 -0.00064211 -0.70719671 0.70701677 2.87e-06 -0.70719612 0.70701748 -6.608e-05 -0.7071954 0.7070182 -5.179e-05 -0.70719534 0.70701826 0.00022297 -0.70719457 0.70701897 -7.67e-06 -0.70719445 0.70701766 -0.00142196 -0.70719445 0.70701903 -9.071e-05 -0.70719439 0.70701927 0.00013951 -0.70719415 0.70701915 -0.00061119 -0.70719409 0.70701945 -0.00040798 -0.70719385 0.70701963 -0.00041429 -0.70719385 0.70701975 4.992e-05 -0.70719343 0.70701987 -0.00044082 -0.70719343 0.7070201 1.741e-05 -0.70719337 0.70702028 5.657e-05 -0.70719326 0.70702028 -0.0001178 -0.70719314 0.70702052 -0.00012727 -0.70719296 0.70702064 -6.62e-05 -0.70719272 0.70702094 -7.23e-06 -0.70719266 0.70702088 9.058e-05 -0.70719266 0.70702088 9.84e-05 -0.70719254 0.70702106 0.00011946 -0.70719212 0.70702142 -9.2e-05 -0.70719153 0.70702016 -0.00163674 -0.70719099 0.70702261 -3.369e-05 -0.70719099 0.70702261 0.00012337 -0.70719069 0.70702285 0.00021075 -0.70719051 0.70702291 -0.00041667 -0.70719033 0.7070232 -0.00028849 -0.70719028 0.70702326 0.00017666 -0.70718992 0.70702362 0.00032515 -0.70718926 0.70702326 0.00116931 -0.70718908 0.70702428 -0.00045291 -0.70718896 0.70702469 6.271e-05 -0.70718873 0.70702487 2.895e-05 -0.70718849 0.70702499 0.00037694 -0.70718843 0.70702493 0.00061016 -0.70718837 0.70702511 9.355e-05 -0.70718813 0.70702541 0.00011143 -0.70718795 0.70702517 -0.00078196 -0.70718789 0.70702565 5.36e-05 -0.70718706 0.70702654 -0.00032766 -0.70718694 0.70702654 0.00031935 -0.70718664 0.70702684 1.597e-05 -0.70718628 0.70702726 -4.574e-05 -0.7071858 0.70681816 -0.0172099 -0.70718521 0.70702833 3.603e-05 -0.70718509 0.70702851 8.099e-05 -0.70718455 0.70702887 -4.92e-06 -0.70718449 0.70702904 0.00022786 -0.70718378 0.7070297 0.00013575 -0.70718372 0.70702988 -0.00013606 -0.7071836 0.70702994 3.383e-05 -0.70718318 0.7070303 -2.029e-05 -0.70718271 0.70703077 6.516e-05 -0.70718253 0.70703101 1.586e-05 -0.70718247 0.70703107 0.00013605 -0.70718247 0.70703113 3.777e-05 -0.70718223 0.70703119 -0.00011298 -0.70718175 0.70703191 1.194e-05 -0.70718145 0.70703202 -0.00029023 -0.70718145 0.70703202 0.0003377 -0.70718139 0.70703208 7.99e-06 -0.70718127 -0.70703226 -1.216e-05 -0.70718127 -0.70703226 1.52e-06 -0.70718127 0.70703232 -0.00027783 -0.70718092 0.70703262 -2.843e-05 -0.7071808 0.70703268 0.00012629 -0.7071808 0.7070328 -5.979e-05 -0.7071808 0.7070328 0.00020554 -0.7071808 0.7070328 0.00023104 -0.70718074 0.70703286 3.676e-05 -0.70718056 0.70703292 -0.00012787 -0.70718044 0.70703298 -0.00042265 -0.70718032 0.70703334 -4.986e-05 -0.70717931 0.70703417 0.0002591 -0.70717913 0.70703435 -0.00030141 -0.70717895 0.70703459 6.165e-05 -0.70717818 0.70703483 -0.00084485 -0.707178 0.70703548 0.00032572 -0.70717782 0.70703572 7.926e-05 -0.70717764 0.70703596 -2.412e-05 -0.70717758 0.7070359 -0.00031382 -0.70717728 0.70703632 -1.32e-05 -0.70717645 0.70703709 5.197e-05 -0.70717561 0.70703793 -3.164e-05 -0.70717508 0.70703852 -6.861e-05 -0.70717502 0.70703852 6.199e-05 -0.70717466 0.70681292 0.01787559 -0.70717454 0.707039 -2.348e-05 -0.70717436 0.70703924 0.00016944 -0.7071743 0.70703936 -2.708e-05 -0.70717412 0.70703936 0.00032668 -0.70717406 0.70703942 -0.00021357 -0.70717406 0.70703948 0.00025419 -0.70717353 0.70703995 0.00015077 -0.70717347 0.70704013 0.00015683 -0.70717341 0.70704001 0.00024574 -0.70717329 0.70704037 -7.938e-05 -0.70717323 0.70704001 0.00065627 -0.70717287 0.70704073 -0.00027418 -0.70717263 0.70704097 -0.00018264 -0.70717263 0.70704097 -4.749e-05 -0.70717257 0.70704043 0.00081261 -0.70717227 0.70704132 2.528e-05 -0.70717221 0.70680594 0.01824444 -0.7071721 0.70704138 0.00013111 -0.70717198 0.7070415 7.637e-05 -0.70717186 0.70704174 7.52e-06 -0.70717174 0.70704126 0.00085275 -0.70717174 0.70704174 1.732e-05 -0.70717168 0.70704174 7.029e-05 -0.70717132 0.70704228 0.00016629 -0.70717072 0.70704281 -0.00010659 -0.70717061 0.70704305 -6.135e-05 -0.70717055 0.70704269 -0.00055118 -0.70717037 0.70704317 1.806e-05 -0.70716929 0.70704436 -0.00015322 -0.70716894 0.70704454 9.114e-05 -0.70716888 0.70680594 0.01837249 -0.70716882 0.70704478 3.285e-05 -0.70716834 0.70704532 -1.673e-05 -0.7071681 0.70704544 0.00028016 -0.70716786 0.70704579 0.00015416 -0.7071678 0.70704573 -3.181e-05 -0.70716763 0.70704579 -0.00031716 -0.70716757 0.70704597 -3.611e-05 -0.70716745 0.70704615 -8.722e-05 -0.70716739 0.70704621 0.00013975 -0.70716733 0.70704621 -0.00021152 -0.70716721 0.70704633 -2.444e-05 -0.70716679 0.70704681 7.156e-05 -0.70716661 0.70704693 3.5e-07 -0.70716637 0.70704699 -0.00036532 -0.70716637 0.70704722 0.00015607 -0.70716631 0.70704716 -1.558e-05 -0.70716602 0.70704705 -0.00078741 -0.70716602 0.70704752 3.613e-05 -0.70716566 0.70704794 -1.992e-05 -0.70716548 0.70704806 -0.00021601 -0.70716542 0.707048 2.477e-05 -0.7071653 0.70704812 -0.00027273 -0.70716494 0.70704854 -0.00023107 -0.70716488 0.70704871 3.79e-05 -0.70716482 0.70704859 -0.00034558 -0.70716447 0.70704907 -0.00021401 -0.70716417 0.70704943 -7.173e-05 -0.70716381 0.70704961 -0.00042411 -0.70716375 0.70704973 -0.00034649 -0.70716333 0.70705014 -5.118e-05 -0.70716321 0.70705038 2.13e-06 -0.70716304 0.7070505 4.564e-05 -0.70716298 0.70705056 0.00026251 -0.7071628 0.70705068 -8.716e-05 -0.70716274 0.70684153 0.01720281 -0.70716268 0.70705062 0.00053528 -0.70716262 0.70705092 1.318e-05 -0.7071625 0.7070511 -0.00018506 -0.70716166 0.70705187 -0.00024026 -0.70716143 0.70705211 1.01e-06 -0.70716113 0.70705241 -5.475e-05 -0.70716101 0.70705259 -0.00012128 -0.70716065 0.70705289 5.2e-07 -0.70716065 0.70705301 6.641e-05 -0.70716047 0.70705307 -2.8e-06 -0.70716041 0.70705307 -0.00026633 -0.70716017 0.70705342 8.203e-05 -0.70716012 0.7070533 0.00044556 -0.70716 0.70705366 -5.6e-07 -0.70715988 0.70705372 -0.000205 -0.70715976 0.70705366 -0.0004843 -0.7071597 0.70705384 0.00016061 -0.70715958 0.7070539 -7.399e-05 -0.70715928 0.70705426 -9.107e-05 -0.7071588 0.70705473 -5.003e-05 -0.70715809 0.70705539 -0.00015462 -0.70715809 0.70705551 8.36e-06 -0.70715797 0.70705557 -0.00019677 -0.70715797 0.70705557 -0.00018113 -0.70715791 0.70705563 0.00010536 -0.70715773 0.70705593 -4.98e-06 -0.70715767 0.70705587 2.95e-06 -0.70715767 0.70705587 3.91e-06 -0.70715749 0.70705605 9.241e-05 -0.70715731 0.70705616 -3.699e-05 -0.70715708 0.70705646 0.00045657 -0.70715696 0.70705652 2.087e-05 -0.70715666 0.70705688 -4.06e-06 -0.70715642 -0.707057 -9e-07 -0.7071563 0.70705742 -2.04e-05 -0.70715594 0.70705765 2.203e-05 -0.70715535 0.70705819 -0.00031703 -0.70715535 0.70705819 -0.00022639 -0.70715529 0.70705831 1.194e-05 -0.70715523 -0.70705837 3.04e-06 -0.70715523 0.70705843 0.00010085 -0.70715517 0.70675164 0.02082236 -0.70715505 0.70705843 -0.00014042 -0.70715487 0.70705879 -1.318e-05 -0.70715475 0.70705873 1.711e-05 -0.70715451 0.70705897 -0.00011713 -0.70715404 0.7070595 -0.00012533 -0.7071538 0.70705765 -0.00173139 -0.70715362 0.70679957 0.01918799 -0.70715356 0.7070601 5.381e-05 -0.7071532 0.70706028 1.056e-05 -0.70715296 0.70706058 -3e-05 -0.7071529 0.70706064 -0.00015764 -0.70715284 0.70706064 8.024e-05 -0.70715255 0.70706046 -0.00089291 -0.70715249 0.70706117 -6.362e-05 -0.70715243 0.70706117 3.257e-05 -0.70715231 0.70706123 -8.8e-07 -0.70715231 0.70706129 -0.00021229 -0.70715225 0.70706117 2.214e-05 -0.70715219 0.70706135 1.453e-05 -0.70715207 0.70706147 6.207e-05 -0.70715189 0.70706177 -2.242e-05 -0.70715159 0.70706195 2.462e-05 -0.70715153 0.70706207 4.243e-05 -0.70715129 0.7070623 0.00020522 -0.70715123 0.70706224 3.466e-05 -0.70715117 0.70706236 9.31e-06 -0.70715088 0.70706272 -6.84e-05 -0.70715064 0.70706296 7.271e-05 -0.70715052 0.70706308 7.2e-06 -0.7071504 0.70706314 0.00010671 -0.70715034 0.70706302 0.00044529 -0.70715028 0.70706326 3.12e-06 -0.70715016 0.70706338 0.00025002 -0.70715016 0.7070635 -0.00011684 -0.70715004 0.70706362 0.00010464 -0.70714998 0.70706367 -0.00011669 -0.70714968 0.70706373 0.00046237 -0.70714951 0.70706397 -2.252e-05 -0.70714909 0.70706451 0.00014982 -0.70714903 0.70706457 1.65e-06 -0.70714885 0.70706475 -3.576e-05 -0.70714873 0.70706463 0.00024254 -0.70714873 0.70706487 3.58e-06 -0.70714873 0.70706487 0.00011472 -0.70714849 0.70706505 -5.45e-06 -0.70714843 0.70706511 -5.17e-06 -0.70714837 0.70706517 9.409e-05 -0.70714831 0.70706522 0.00014535 -0.70714825 0.70706517 0.00043269 -0.70714825 0.70706522 -0.00019612 -0.70714819 0.70706528 -4.675e-05 -0.70714813 0.70706546 0.00012589 -0.70714808 0.7070654 -0.0002086 -0.70714808 0.70706546 2.31e-06 -0.70714796 0.70706546 5.014e-05 -0.70714772 0.7070657 -0.00033183 -0.70714772 0.70706588 -2.908e-05 -0.70714766 0.70687425 0.01645519 -0.70714736 0.70706606 5.556e-05 -0.70714736 0.70706612 -0.00053564 -0.70714694 0.70683891 0.01794602 -0.70714694 0.70706654 -6.946e-05 -0.70714682 0.70706666 1.381e-05 -0.70714653 0.70706707 3.573e-05 -0.70714647 -0.70706713 8e-08 -0.70714635 0.70706719 0.00012138 -0.70714635 0.70706725 -6.164e-05 -0.70714629 0.70706731 1.087e-05 -0.70714623 0.70706743 4.71e-06 -0.70714617 0.70706737 -2.93e-06 -0.70714611 0.70706743 5.315e-05 -0.70714599 0.70706749 -0.00026578 -0.70714563 0.70706803 -3.707e-05 -0.70714527 0.7070682 0.00015318 -0.70714521 0.70706832 7.1e-07 -0.70714504 0.7070685 4.24e-05 -0.70714504 0.70706856 0.00010068 -0.70714504 0.70706856 0.00013243 -0.70714474 0.70706874 3.205e-05 -0.70714456 0.70706904 -3.24e-06 -0.70714438 0.7070691 4.041e-05 -0.70714402 0.70706952 -6.26e-06 -0.70714378 0.70706964 -2.695e-05 -0.70714301 0.70707059 6.2e-05 -0.70714295 0.70707059 7.25e-06 -0.70714289 0.70707065 -0.00023982 -0.70714289 0.70707065 -9.44e-06 -0.70714289 0.70707065 0.0001982 -0.70714277 0.70707077 0.00016991 -0.70714247 0.70707113 -0.00015787 -0.70714223 0.70707124 2.84e-05 -0.70714217 0.70707136 -3.601e-05 -0.70714176 0.70707172 -4.38e-06 -0.70714152 0.70707202 0.00017558 -0.70714152 0.70707208 0.00022777 -0.70714146 0.70707208 -3.802e-05 -0.70714134 0.70685029 0.01771042 -0.70714104 0.70707256 0.00015972 -0.7071408 0.70707273 0.0001037 -0.70714062 0.70707285 0.00010193 -0.70714051 0.70707303 3.78e-06 -0.70714033 0.70707321 -6.48e-06 -0.70714009 0.70707345 1.364e-05 -0.70713973 0.70707387 0.00021728 -0.70713955 0.70707411 4.26e-06 -0.70713949 0.70707417 0.00011658 -0.70713931 0.70707417 -2.805e-05 -0.70713931 0.70707422 -9.72e-06 -0.70713925 0.70707422 -2.57e-06 -0.70713925 0.70707434 9.999e-05 -0.70713907 0.70707446 0.00014055 -0.7071383 0.70707524 2.13e-06 -0.7071383 0.7070753 -3.623e-05 -0.7071383 0.7070753 3.684e-05 -0.70713806 0.70707548 9.13e-06 -0.7071377 0.70707583 -3.96e-06 -0.70713758 0.70707589 -3.652e-05 -0.70713758 0.70707595 -3.466e-05 -0.70713753 0.70707601 -6.238e-05 -0.70713747 0.70707613 -2.763e-05 -0.70713741 0.70707613 -0.00012647 -0.70713723 0.70707637 2.453e-05 -0.70713717 0.70707637 -0.00019619 -0.70713711 0.70707643 6.303e-05 -0.70713705 0.70707643 3.026e-05 -0.70713705 0.70707649 -7.95e-06 -0.70713705 0.70707649 -3.64e-06 -0.70713687 0.70707661 -8.995e-05 -0.70713669 0.70707679 0.0002833 -0.70713657 -0.70707697 5.9e-07 -0.70713651 -0.70707703 -1.85e-06 -0.70713651 0.70707697 0.0003198 -0.70713645 0.70707709 -2.447e-05 -0.70713645 0.70707709 3.29e-06 -0.70713627 0.70707726 0.00015532 -0.70713627 0.70707738 -7.525e-05 -0.70713615 0.70707458 0.00195679 -0.70713615 0.70707744 -2.244e-05 -0.70713609 0.7070775 0.00013126 -0.70713556 0.7070775 0.00068731 -0.7071355 0.7070781 -0.00019747 -0.7071355 0.7070781 4.162e-05 -0.7071352 0.7070784 -0.00011361 -0.70713514 0.70707834 -0.00013666 -0.70713484 0.7070787 9.662e-05 -0.70713472 0.70707875 6.518e-05 -0.70713466 0.70707881 -0.00037805 -0.7071346 0.70707893 -0.00023251 -0.70713449 0.70707911 1.211e-05 -0.70713431 0.70707929 6.16e-05 -0.70713413 0.70707941 5.14e-05 -0.70713401 0.70707965 -2.201e-05 -0.70713383 0.70707983 -2.104e-05 -0.70713377 0.70707989 3.312e-05 -0.70713353 0.70708001 -0.00019032 -0.70713341 0.70708019 4.756e-05 -0.70713329 0.70708025 -0.00024405 -0.70713311 0.70684791 0.01812886 -0.70713311 0.70708042 -4.105e-05 -0.70713311 0.70708042 -9.43e-06 -0.70713311 0.70708048 -8.71e-05 -0.70713305 0.70708048 -0.00010407 -0.707133 0.70708048 9.224e-05 -0.70713294 0.7068851 0.01662846 -0.70713282 0.70708066 5.2e-06 -0.70713276 0.70708084 2.28e-06 -0.7071327 0.70708096 -0.00012613 -0.70713222 0.70708132 1.255e-05 -0.70713204 0.7070815 9.35e-06 -0.7071318 0.70708185 -9.594e-05 -0.7071318 0.70708185 5.712e-05 -0.70713168 0.70708185 2.769e-05 -0.70713162 0.70708185 1.79e-06 -0.70713162 0.70708185 3.039e-05 -0.70713145 0.70708215 -3.6e-07 -0.70713139 0.70708221 0.00016655 -0.70713127 0.70708239 -6.64e-06 -0.70713103 0.70708263 1.867e-05 -0.70713097 0.70708257 -3.711e-05 -0.70713097 0.70708269 1.56e-06 -0.70713091 0.70708269 6.7e-07 -0.70713085 0.70708275 -2.127e-05 -0.70713073 0.70708287 -1.846e-05 -0.70713067 0.70708281 -0.00035473 -0.70713061 0.70708287 -8.3e-06 -0.70713055 0.70708299 2.271e-05 -0.70713037 0.70708317 1.198e-05 -0.70713013 0.70708334 -2.757e-05 -0.7071299 0.7070837 7.484e-05 -0.70712984 0.7070837 -2.269e-05 -0.70712984 0.7070837 0.00015743 -0.70712978 0.70708376 2.211e-05 -0.70712978 0.70708382 2.57e-06 -0.70712978 0.70708382 1.842e-05 -0.70712966 0.70708382 -0.00034142 -0.7071296 0.707084 -1.931e-05 -0.7071296 0.70708406 0.00012883 -0.70712948 0.707084 6.77e-06 -0.70712942 0.70708424 0.00015872 -0.70712918 0.70708436 -2.543e-05 -0.70712912 0.70708436 -7.621e-05 -0.70712912 0.70708442 2.737e-05 -0.70712888 0.70708418 -0.00088729 -0.70712888 0.70708472 -3.276e-05 -0.70712864 0.70708483 0.00018167 -0.70712852 0.70708507 9.775e-05 -0.70712847 0.70708507 -8.051e-05 -0.70712841 0.70708507 0.00024366 -0.70712841 0.70708513 -3.238e-05 -0.70712841 0.70708519 6.692e-05 -0.70712841 0.70708525 -4.5e-07 -0.70712835 0.70708466 -0.00084869 -0.70712835 0.70708507 -0.00050915 -0.70712835 0.70708519 4.398e-05 -0.70712817 0.70708537 3.277e-05 -0.70712793 0.70708573 2.45e-05 -0.70712793 0.70708573 0.0001047 -0.70712787 0.70708573 -0.00017555 -0.70712775 0.70708567 0.00013077 -0.70712775 0.70708579 6.45e-06 -0.70712739 0.70708615 2.554e-05 -0.70712733 0.70708615 -8.013e-05 -0.70712733 0.70708627 0.00017094 -0.70712733 0.70708632 6.07e-05 -0.70712721 0.70708627 2.398e-05 -0.70712721 0.70708638 -1.585e-05 -0.70712715 0.70707363 0.00426085 -0.70712709 0.70708656 -5.54e-05 -0.70712703 0.7070865 4.341e-05 -0.70712703 0.70708662 6.839e-05 -0.70712692 0.70708674 1.26e-06 -0.70712686 0.7068612 0.01785813 -0.7071268 0.70708662 1.059e-05 -0.70712662 -0.70708692 -3e-07 -0.70712662 0.70708686 -2.93e-06 -0.70712656 0.7070871 -4.5e-07 -0.70712608 0.70708746 2.47e-06 -0.70712602 0.70708746 -0.000115 -0.70712602 0.70708746 7.871e-05 -0.70712596 0.70708758 -4.161e-05 -0.70712596 0.70708758 6.22e-06 -0.7071259 0.7070877 2.06e-06 -0.70712578 0.70708781 -5.55e-06 -0.70712572 0.70708776 9.76e-06 -0.70712531 0.70708817 -0.00022861 -0.70712531 0.70708817 -2.09e-05 -0.70712531 0.70708829 -3e-06 -0.70712525 0.70708829 -0.00026784 -0.70712513 0.70708835 -2.47e-05 -0.70712513 0.70708841 -7.8e-07 -0.70712501 0.70708865 0.00011288 -0.70712489 0.70708877 -9.307e-05 -0.70712471 0.70708889 -1.326e-05 -0.70712465 0.70708114 -0.00330781 -0.70712459 0.70708907 4.059e-05 -0.70712447 0.70708901 5.843e-05 -0.70712441 0.70708907 -8.537e-05 -0.70712441 0.70708925 -4.38e-06 -0.70712435 0.70708925 1.738e-05 -0.70712423 0.70708925 3.079e-05 -0.70712423 0.70708936 -5.347e-05 -0.70712405 0.7070896 1.783e-05 -0.70712364 0.7070899 -9.964e-05 -0.70712364 0.70708996 -0.00010928 -0.70712346 0.70708996 2.178e-05 -0.70712328 0.7070902 6.55e-06 -0.70712304 0.7070905 -8.205e-05 -0.70712298 0.70709056 -9.177e-05 -0.70712298 0.70709062 3.39e-06 -0.70712298 0.70709068 -1.271e-05 -0.70712292 0.70709056 -3.94e-05 -0.70712292 0.70709062 -2.82e-06 -0.70712286 0.70709074 5.665e-05 -0.7071228 0.70709068 -0.00032795 -0.7071228 0.70709074 1.02e-06 -0.70712274 0.70709085 -1.89e-06 -0.70712268 0.70709091 5.61e-06 -0.70712268 0.70709097 -1.911e-05 -0.70712262 0.70709091 2.235e-05 -0.70712245 0.70709109 0 -0.70712239 0.70709127 -5.688e-05 -0.70712227 0.70709121 1.093e-05 -0.70712227 0.70709133 -1.358e-05 -0.70712221 0.70709127 -3.41e-06 -0.70712221 0.70709139 1.58e-05 -0.70712203 0.70709157 -2.02e-06 -0.70712197 0.70709163 -0.0002447 -0.70712191 0.70709157 -4.009e-05 -0.70712191 0.70709157 3.512e-05 -0.70712179 0.70709175 5.34e-06 -0.70712173 -0.70709175 -1.49e-06 -0.70712173 0.70709181 -0.00010482 -0.70712167 0.70686507 -0.01790847 -0.70712167 0.70709193 -3.433e-05 -0.70712161 -0.70709193 1.5e-07 -0.70712161 0.70709187 1.063e-05 -0.70712161 0.70709193 -2.82e-06 -0.70712161 0.70709193 2.04e-06 -0.70712161 0.70709211 6.26e-06 -0.70712155 0.70709199 -0.00021232 -0.70712155 0.70709205 4.27e-06 -0.70712149 0.70709199 8.517e-05 -0.70712143 0.70709223 0.00019631 -0.70712137 0.70709229 -8.26e-06 -0.70712131 0.70709223 -2.507e-05 -0.70712131 0.70709229 -4.231e-05 -0.70712131 0.70709229 5.09e-06 -0.70712125 0.70709223 -4.45e-06 -0.70712125 0.70709246 -7.7e-07 -0.70712113 0.70687526 0.01752077 -0.70712107 0.70709246 1.441e-05 -0.70712101 0.70709264 0.0001051 -0.70712095 0.70709258 3.91e-06 -0.7071209 0.70709276 0.00018619 -0.70712084 0.7070927 0.00017173 -0.70712078 0.70709276 1.772e-05 -0.70712078 0.70709288 0.00015661 -0.7071206 0.70709306 -3.691e-05 -0.70712054 0.707093 -8.43e-05 -0.70712042 0.70709312 -2.98e-06 -0.70712042 0.70709312 3.94e-05 -0.70712042 0.70709318 -1.569e-05 -0.70712042 0.70709318 9.5e-06 -0.70712042 0.70709318 1.28e-05 -0.70712042 0.70709318 6.112e-05 -0.7071203 0.70709324 2.922e-05 -0.70712012 0.70709336 7.713e-05 -0.70712006 0.70709342 -5.22e-06 -0.70712 0.70709348 -5.224e-05 -0.70712 0.7070936 -4.32e-06 -0.70711988 0.70709366 6.112e-05 -0.70711988 0.70709378 -1.926e-05 -0.70711982 0.70709372 -0.00012841 -0.70711982 0.70709372 3.383e-05 -0.70711976 0.70709383 -3.393e-05 -0.7071197 0.70709389 -3.39e-06 -0.70711958 0.70709389 1.901e-05 -0.70711958 0.70709407 -1.77e-06 -0.70711952 0.70709395 1.433e-05 -0.70711941 0.70709407 -0.00028592 -0.70711935 0.70709407 0.00018876 -0.70711935 0.70709413 -2.971e-05 -0.70711929 0.70709413 2.43e-06 -0.70711923 0.70709425 -0.0003163 -0.70711923 0.70709431 7.68e-05 -0.70711923 0.70709443 6.829e-05 -0.70711917 0.70709431 1.78e-05 -0.70711917 0.70709443 2.12e-06 -0.70711917 0.70709449 -6.49e-05 -0.70711911 0.70709443 -6.39e-06 -0.70711905 0.70709443 0.00021193 -0.70711899 0.70709455 4.98e-05 -0.70711899 0.70709461 -4.82e-06 -0.70711899 0.70709467 3.504e-05 -0.70711893 0.70709461 1.633e-05 -0.70711887 0.70709461 -2.12e-06 -0.70711887 0.70709467 1.859e-05 -0.70711881 0.70709485 -1.326e-05 -0.70711869 0.70709485 3.096e-05 -0.70711857 0.70709503 -9.316e-05 -0.70711845 0.70709521 -6.91e-06 -0.70711839 0.70709509 3.1e-06 -0.70711839 0.70709515 -6.89e-06 -0.70711839 0.70709521 1.447e-05 -0.70711833 0.70709509 -3.083e-05 -0.70711833 0.70709515 -0.00034594 -0.70711833 0.70709527 -4.691e-05 -0.70711833 0.70709527 -8.18e-06 -0.70711833 0.70709532 6.856e-05 -0.70711827 0.70709527 2.009e-05 -0.70711821 0.70709527 -1.545e-05 -0.70711821 0.70709532 7.991e-05 -0.70711815 0.70709544 -2.573e-05 -0.70711809 0.70709544 2.998e-05 -0.70711797 0.70709556 8.25e-06 -0.70711797 0.70709562 0 -0.70711797 0.70709568 5.025e-05 -0.70711792 0.70709556 -6.352e-05 -0.70711792 0.70709568 -1.88e-05 -0.70711786 0.70709568 -1.235e-05 -0.7071178 0.7070958 -0.00013264 -0.7071178 0.7070958 5.36e-05 -0.7071178 0.70709586 -3.151e-05 -0.70711774 0.7070958 -9.17e-06 -0.70711774 0.7070958 3.15e-06 -0.70711774 0.70709586 -0.00014277 -0.70711762 0.70709586 6.258e-05 -0.70711756 0.70691705 0.01590601 -0.70711756 0.70709598 7.1e-06 -0.70711744 0.70709616 1.751e-05 -0.70711732 0.70709628 2.333e-05 -0.70711726 0.70709634 2.566e-05 -0.7071172 0.70709634 -1.97e-05 -0.7071172 0.7070964 -1.368e-05 -0.7071172 0.70709646 3.34e-06 -0.70711714 0.70709646 2.796e-05 -0.70711708 0.7070964 -3.171e-05 -0.70711708 0.70709652 0.00010084 -0.70711702 0.70709646 6.3e-06 -0.70711678 0.70709676 1.8e-06 -0.70711678 0.70709676 4.242e-05 -0.70711672 0.7068783 0.01757458 -0.70711672 0.70709682 -3.6e-05 -0.70711672 0.70709693 5.41e-06 -0.70711666 -0.70709687 1.37e-06 -0.70711666 0.70709676 -0.0005473 -0.70711654 0.70709717 -1.761e-05 -0.70711643 0.70709717 3.05e-06 -0.70711643 0.70709723 4.077e-05 -0.70711643 0.70709729 -3.39e-06 -0.70711637 0.70709717 5.441e-05 -0.70711637 0.70709723 -2.403e-05 -0.70711631 0.70709717 1.168e-05 -0.70711631 0.70709723 -0.00010971 -0.70711631 0.70709729 1.444e-05 -0.70711625 0.70709729 -1.12e-06 -0.70711613 0.70709735 -6.448e-05 -0.70711613 0.70709741 -0.00012655 -0.70711595 0.70709759 0.00010473 -0.70711595 0.70709759 0.0001482 -0.70711589 0.70709765 3.092e-05 -0.70711583 0.70709777 7.2e-07 -0.70711577 0.70709783 1.592e-05 -0.70711571 0.70709789 3.63e-06 -0.70711553 0.70709801 0.00014749 -0.70711553 0.70709807 -0.00016735 -0.70711547 0.70709801 -0.0004289 -0.70711547 0.70709801 0.00013105 -0.70711547 0.70709813 5.418e-05 -0.70711541 0.70709819 -1.162e-05 -0.70711529 0.70709831 5.848e-05 -0.70711529 0.70709836 -5.03e-06 -0.70711517 0.70709831 -0.00016644 -0.70711517 0.70709842 4.206e-05 -0.70711511 0.70709842 -9.374e-05 -0.70711511 0.70709842 -3.78e-06 -0.70711511 0.70709842 1.164e-05 -0.70711505 0.70709848 7.227e-05 -0.70711505 0.70709854 2.215e-05 -0.70711493 0.70709848 4.98e-06 -0.70711493 0.70709854 -5.06e-06 -0.70711482 0.70709884 1.43e-06 -0.70711476 0.70709878 -9.52e-06 -0.70711476 0.70709878 -2.96e-06 -0.70711476 0.70709878 5.44e-06 -0.7071147 0.7070989 -2.215e-05 -0.70711464 0.7070989 -2.849e-05 -0.70711464 0.70709896 -0.00011316 -0.70711464 0.70709908 4.478e-05 -0.70711458 0.70709902 1.247e-05 -0.7071144 0.70709914 -1.366e-05 -0.70711434 0.7070992 9.65e-06 -0.70711434 0.70709926 -1.847e-05 -0.70711428 0.7070992 1.886e-05 -0.70711422 0.70709932 4.81e-06 -0.70711422 0.70709932 2.166e-05 -0.70711416 0.70709938 -4.26e-06 -0.70711416 0.70709944 -3.99e-06 -0.70711404 0.70709944 4.606e-05 -0.70711404 0.70709944 0.00025102 -0.70711404 0.7070995 -0.00037679 -0.70711398 0.70709968 1.53e-05 -0.70711392 0.70709962 1.67e-06 -0.7071138 0.70709974 4.48e-06 -0.7071138 0.7070998 -3.55e-06 -0.7071138 0.70709985 -1.415e-05 -0.70711374 0.70709968 7.4e-07 -0.70711374 0.70709985 0 -0.70711374 0.70709985 1e-08 -0.70711368 0.7070998 9.68e-06 -0.70711356 0.70709991 4.68e-06 -0.7071135 0.70710003 -6.11e-06 -0.70711333 0.70710009 8.94e-06 -0.70711333 0.70710021 3.49e-05 -0.70711333 0.70710027 -0.00019814 -0.70711333 0.70710033 4.995e-05 -0.70711321 0.70710021 -9.4e-06 -0.70711321 0.70710039 -2.42e-06 -0.70711315 0.70710045 -0.0001343 -0.70711309 0.70710039 8.22e-06 -0.70711303 0.7070933 -0.00322912 -0.70711303 0.70710051 3.909e-05 -0.70711303 0.70710057 -0.00015311 -0.70711303 0.70710057 -1.416e-05 -0.70711303 0.70710057 9.854e-05 -0.70711297 0.70710063 4.957e-05 -0.70711297 0.70710069 -1.26e-06 -0.70711291 0.70710063 -2.707e-05 -0.70711291 0.70710069 -4.255e-05 -0.70711291 0.70710075 -0.00017724 -0.70711285 0.70710063 3.562e-05 -0.70711285 0.70710069 3.019e-05 -0.70711285 0.70710075 2.223e-05 -0.70711285 0.70710081 -5.54e-06 -0.70711279 0.70710075 -1.339e-05 -0.70711279 0.70710075 3.632e-05 -0.70711279 0.70710081 -1.17e-06 -0.70711273 0.70710081 1.88e-06 -0.70711273 0.70710093 -2.109e-05 -0.70711261 0.70710087 1.319e-05 -0.70711255 0.70710111 -0.00013334 -0.70711243 0.70710105 3.91e-06 -0.70711243 0.70710117 2.528e-05 -0.70711243 0.70710123 7.57e-06 -0.70711231 0.70710111 0.00026048 -0.70711231 0.70710117 1e-07 -0.70711225 0.70710117 0.00023716 -0.70711225 0.70710123 3.565e-05 -0.70711225 0.70710129 2.174e-05 -0.70711219 0.7071014 1.5e-07 -0.70711219 0.7071014 8.3e-07 -0.70711207 0.70710146 4.85e-06 -0.70711207 0.70710152 3.362e-05 -0.70711201 0.7071014 -0.0003576 -0.70711201 0.70710152 -2.65e-06 -0.70711195 0.70710164 -0.00012514 -0.70711195 0.70710164 9.67e-06 -0.70711195 0.7071017 -1.037e-05 -0.70711195 0.7071017 3.42e-05 -0.7071119 0.7071017 -3.518e-05 -0.7071119 0.7071017 -1.07e-06 -0.70711184 0.70710176 -1.5e-06 -0.70711184 0.70710176 7.35e-06 -0.70711184 0.70710176 1.714e-05 -0.70711184 0.70710176 0.00014928 -0.70711178 0.70687777 0.01779802 -0.70711178 0.7071017 3.062e-05 -0.70711178 0.70710176 -2.598e-05 -0.70711172 0.70710176 -6.3e-07 -0.7071116 0.707102 -3.8e-06 -0.7071116 0.707102 4.246e-05 -0.70711154 0.70710206 1e-07 -0.70711148 0.70710206 -9e-08 -0.70711148 0.70710206 2.64e-06 -0.70711148 0.70710212 2.087e-05 -0.70711142 0.70710212 -1.109e-05 -0.70711142 0.70710212 1.048e-05 -0.70711142 0.70710218 0.00010375 -0.70711136 0.70710212 -2.13e-05 -0.70711136 0.70710224 -3.249e-05 -0.7071113 0.70710218 3.76e-06 -0.7071113 0.70710224 8.03e-06 -0.7071113 0.7071023 0.0002008 -0.70711124 0.70710236 -5.59e-06 -0.70711124 0.70710242 1.39e-06 -0.70711118 0.70710236 1.372e-05 -0.70711118 0.70710248 -1.65e-06 -0.70711112 0.70710248 6.7e-07 -0.70711106 0.70710254 -7.3e-07 -0.707111 0.70710254 -8.41e-06 -0.707111 0.70710254 -3.5e-06 -0.707111 0.70710254 1.971e-05 -0.707111 0.7071026 2.2e-07 -0.707111 0.70710266 4.65e-06 -0.70711094 0.70710254 1.155e-05 -0.70711094 0.7071026 4.86e-06 -0.70711094 0.7071026 2.852e-05 -0.70711094 0.70710266 -1.542e-05 -0.70711088 0.70710266 1.264e-05 -0.70711082 0.70710272 5.63e-06 -0.70711082 0.70710278 -1.832e-05 -0.70711082 0.70710278 1.875e-05 -0.70711076 0.70710266 8.48e-06 -0.70711076 0.70710278 -3.032e-05 -0.70711076 0.70710278 -4.7e-07 -0.70711076 0.70710289 -1.061e-05 -0.70711076 0.70710289 4.68e-06 -0.7071107 0.70710278 0.00016592 -0.7071107 0.70710289 3.133e-05 -0.70711064 0.70710284 -1.121e-05 -0.70711064 0.70710289 -5.44e-06 -0.70711064 0.70710289 4.83e-06 -0.70711058 0.70710284 -0.00012518 -0.70711058 0.70710295 -1.401e-05 -0.70711058 0.70710301 -6e-08 -0.70711058 0.70710307 2.578e-05 -0.70711052 0.70710301 -6.035e-05 -0.70711052 0.70710301 -4.767e-05 -0.7071104 0.70710307 -1.358e-05 -0.70711035 0.70710319 -0.00011543 -0.70711035 0.70710325 1.8e-06 -0.70711035 0.70710325 3.66e-06 -0.70711035 0.70710325 0.0001396 -0.70711035 0.70710331 2.96e-06 -0.70711023 0.70710331 4.48e-06 -0.70711017 0.70710343 -5.02e-06 -0.70711017 0.70710343 8.99e-06 -0.70711017 0.70710355 1.68e-06 -0.70711011 0.70710355 -1.495e-05 -0.70711011 0.70710355 -6.7e-06 -0.70711005 0.70710343 4.29e-06 -0.70711005 0.70710343 2.444e-05 -0.70711005 0.70710355 -6.86e-06 -0.70710999 0.70710349 7.03e-06 -0.70710999 0.70710367 1.2e-07 -0.70710999 0.70710367 9.436e-05 -0.70710993 0.70710367 6.54e-06 -0.70710987 0.70710367 3.801e-05 -0.70710987 0.70710373 -0.00011014 -0.70710987 0.70710373 -2.09e-06 -0.70710987 0.70710379 1.985e-05 -0.70710981 0.70710367 -0.00021164 -0.70710981 0.70710379 -4.468e-05 -0.70710981 0.70710379 -2.71e-06 -0.70710975 0.70710385 -2.329e-05 -0.70710969 0.70710385 -3.325e-05 -0.70710969 0.70710385 -2.177e-05 -0.70710969 0.70710391 -4.25e-06 -0.70710969 0.70710391 -3.67e-06 -0.70710969 0.70710391 1.307e-05 -0.70710963 0.70710391 -8.08e-06 -0.70710957 0.70710409 -1.19e-06 -0.70710951 0.70710403 1.39e-06 -0.70710945 0.70710415 -2.35e-06 -0.70710939 0.70710421 -4.375e-05 -0.70710939 0.70710421 -8.81e-06 -0.70710939 0.70710427 2.91e-05 -0.70710933 0.70710438 3.797e-05 -0.70710927 0.70710433 -8.07e-06 -0.70710921 0.70710427 3.097e-05 -0.70710921 0.70710433 1.005e-05 -0.70710921 0.70710444 1.895e-05 -0.70710915 0.70710433 3.525e-05 -0.70710915 0.70710438 3.963e-05 -0.70710915 0.7071045 -1.89e-06 -0.70710909 0.70710444 1.364e-05 -0.70710909 0.70710444 2.425e-05 -0.70710909 0.7071045 -3.207e-05 -0.70710909 0.7071045 7.66e-06 -0.70710903 0.70710456 7.53e-06 -0.70710903 0.70710462 -4.57e-06 -0.70710897 0.7071045 -6.94e-06 -0.70710897 0.70710456 -3.33e-06 -0.70710891 0.70710462 -4.52e-06 -0.70710891 0.70710468 -7.77e-06 -0.70710891 0.70710468 1.113e-05 -0.70710886 0.70710474 1.587e-05 -0.70710886 0.70710474 2.406e-05 -0.70710886 0.70710474 2.522e-05 -0.7071088 0.7071048 -3.536e-05 -0.7071088 0.7071048 1.02e-06 -0.7071088 0.70710486 9.8e-07 -0.70710874 0.70710492 -1.194e-05 -0.70710868 0.7071048 9.96e-06 -0.70710868 0.70710486 -6.05e-06 -0.70710868 0.70710486 3.732e-05 -0.70710868 0.70710498 1.1e-07 -0.70710862 0.70710498 -4.63e-06 -0.70710862 0.70710498 9.2e-07 -0.70710862 0.70710504 9.722e-05 -0.70710856 0.70710498 3.949e-05 -0.70710856 0.7071051 7.3e-06 -0.7071085 0.7071051 -5.83e-06 -0.7071085 0.7071051 5.01e-05 -0.70710844 0.7071051 -1.756e-05 -0.70710838 0.70710528 2.92e-06 -0.70710832 0.70710528 2.14e-06 -0.70710826 0.70710534 -9.68e-06 -0.7071082 0.7071054 -8.024e-05 -0.7071082 0.7071054 -5.69e-06 -0.7071082 0.70710546 1.65e-06 -0.70710814 0.70710534 -2.6e-06 -0.70710814 0.7071054 -1.119e-05 -0.70710814 0.7071054 4.336e-05 -0.70710814 0.70710552 -6.85e-06 -0.70710814 0.70710552 2.063e-05 -0.70710802 0.70710546 9.2e-07 -0.70710802 0.70710552 -1.64e-06 -0.70710802 0.70710552 3.725e-05 -0.70710802 0.70710558 1.763e-05 -0.70710796 0.70710558 -1.17e-06 -0.70710796 0.70710564 -2.313e-05 -0.70710796 0.70710564 2.92e-06 -0.70710796 0.7071057 1.558e-05 -0.7071079 0.70710564 -1.353e-05 -0.7071079 0.70710564 -8.32e-06 -0.7071079 0.70710564 -3.21e-06 -0.7071079 0.70710564 4.5e-07 -0.7071079 0.7071057 2.009e-05 -0.7071079 0.70710582 -1.33e-06 -0.70710784 0.70710564 -1.694e-05 -0.70710784 0.70710564 -5.86e-06 -0.70710784 0.70710564 0.00019934 -0.70710778 0.7071057 4.415e-05 -0.70710778 0.70710582 -2.85e-06 -0.70710778 0.70710588 3.11e-06 -0.70710772 0.70710576 2.79e-06 -0.70710772 0.70710582 -2.619e-05 -0.70710772 0.70710582 -1.579e-05 -0.70710766 0.70710588 3.55e-06 -0.70710766 0.70710593 -2.79e-06 -0.70710766 0.70710593 1.824e-05 -0.70710766 0.70710605 1.185e-05 -0.7071076 0.70710588 -9.6e-07 -0.7071076 0.70710593 -2.27e-06 -0.7071076 0.70710599 7.48e-06 -0.70710754 0.70709908 0.00313953 -0.70710754 0.70710605 -2.815e-05 -0.70710748 0.70710599 1.1e-07 -0.70710748 0.70710611 -3.53e-06 -0.70710748 0.70710611 -3.28e-06 -0.70710748 0.70710611 -3.21e-06 -0.70710742 0.70710605 -9.98e-06 -0.70710742 0.70710611 -1.87e-06 -0.70710742 0.70710617 -1.752e-05 -0.70710742 0.70710617 -4.2e-06 -0.70710737 0.70710611 2.17e-06 -0.70710737 0.70710623 -4.014e-05 -0.70710731 0.70710617 1.93e-06 -0.70710731 0.70710623 -3.49e-06 -0.70710731 0.70710623 4.69e-06 -0.70710731 0.70710629 -8.56e-06 -0.70710731 0.70710629 1.02e-06 -0.70710731 0.70710629 3.1e-06 -0.70710731 0.70710629 4.06e-06 -0.70710731 0.70710635 -7.898e-05 -0.70710725 0.70710629 -1.579e-05 -0.70710725 0.70710629 -2.11e-06 -0.70710725 0.70710635 -1.226e-05 -0.70710719 0.70710635 3.262e-05 -0.70710719 0.70710641 -1.36e-06 -0.70710719 0.70710641 6.34e-06 -0.70710713 0.70710641 -1.33e-06 -0.70710713 0.70710647 1.145e-05 -0.70710707 0.70710641 4.37e-06 -0.70710707 0.70710647 -1.922e-05 -0.70710707 0.70710659 -2.595e-05 -0.70710707 0.70710659 -1.64e-06 -0.70710701 0.70710647 -1.72e-06 -0.70710701 0.70710653 -1.487e-05 -0.70710701 0.70710653 -1.325e-05 -0.70710701 0.70710653 4.19e-06 -0.70710701 0.70710659 2.69e-06 -0.70710695 0.70710647 2.936e-05 -0.70710695 0.70710653 -1.679e-05 -0.70710695 0.70710653 6.36e-06 -0.70710695 0.70710653 1.158e-05 -0.70710689 0.7068972 0.01720683 -0.70710689 0.70710665 -4.33e-06 -0.70710689 0.70710665 7.3e-07 -0.70710689 0.70710671 5.26e-06 -0.70710683 0.70710665 3.81e-06 -0.70710683 0.70710677 -8.19e-06 -0.70710683 0.70710677 -6.1e-06 -0.70710683 0.70710683 -5.682e-05 -0.70710683 0.70710683 0 -0.70710677 0.70710677 -1.959e-05 -0.70710677 0.70710677 0 -0.70710677 0.70710683 -4.182e-05 -0.70710677 0.70710683 -1.921e-05 -0.70710677 0.70710683 -9.1e-07 -0.70710671 -0.70710677 -1.48e-06 -0.70710671 0.70710671 3e-06 -0.70710671 0.70710689 0 -0.70710665 0.70710689 -2.422e-05 -0.70710665 0.70710701 -3.28e-06 -0.70710659 -0.70710683 -1.34e-06 -0.70710659 0.70710713 4.695e-05 -0.70710653 0.70710695 -2.78e-06 -0.70710653 0.70710695 4.18e-06 -0.70710653 0.70710701 1.142e-05 -0.70710653 0.70710707 -8.6e-07 -0.70710647 0.70710707 -3.1e-05 -0.70710647 0.70710707 -2.964e-05 -0.70710647 0.70710707 3.2e-07 -0.70710647 0.70710713 -0.00041808 -0.70710647 0.70710713 -7.13e-06 -0.70710647 0.70710713 2.75e-06 -0.70710647 0.70710719 -0.00013485 -0.70710647 0.70710719 9.09e-06 -0.70710641 0.70710713 -1.397e-05 -0.70710641 0.70710713 3.618e-05 -0.70710635 0.70710713 -3.11e-06 -0.70710635 0.70710731 -2.034e-05 -0.70710629 0.70710719 -6.71e-06 -0.70710629 0.70710725 -4.317e-05 -0.70710629 0.70710725 1.9e-07 -0.70710629 0.70710725 5.6e-07 -0.70710629 0.70710725 1.335e-05 -0.70710623 0.70709431 0.00429762 -0.70710623 0.70710737 -8.2e-07 -0.70710623 0.70710737 -8e-08 -0.70710623 0.70710737 7.39e-06 -0.70710623 0.70710737 2.998e-05 -0.70710623 0.70710742 -1.17e-06 -0.70710623 0.70710742 1.36e-06 -0.70710617 0.70710731 9.9e-07 -0.70710611 0.70710689 0.00090657 -0.70710611 0.70710742 0.00014488 -0.70710611 0.70710748 -3.89e-06 -0.70710611 0.70710748 -4.8e-07 -0.70710611 0.70710748 3.73e-06 -0.70710611 0.70710748 2.78e-05 -0.70710605 0.70710742 2.53e-06 -0.70710605 0.7071076 -3.581e-05 -0.70710599 0.70710748 -5.2e-07 -0.70710599 0.70710748 1.465e-05 -0.70710599 0.70710754 -1.216e-05 -0.70710599 0.70710754 -5.4e-06 -0.70710599 0.7071076 4.725e-05 -0.70710593 0.7071076 -1.06e-06 -0.70710593 0.70710766 -3.5e-06 -0.70710593 0.70710766 4e-07 -0.70710593 0.70710772 -1.056e-05 -0.70710593 0.70710772 1.151e-05 -0.70710588 0.7071076 1.186e-05 -0.70710588 0.70710766 1.66e-06 -0.70710588 0.70710772 -1.43e-06 -0.70710588 0.70710778 1.542e-05 -0.70710582 0.70710772 -3.16e-06 -0.70710582 0.70710772 2.1e-06 -0.70710582 0.70710772 5.11e-06 -0.70710582 0.70710772 7.77e-06 -0.70710576 0.70710766 1.333e-05 -0.70710576 0.70710778 -1.168e-05 -0.70710576 0.70710778 8.53e-06 -0.70710576 0.70710784 -7.8e-07 -0.70710576 0.70710784 2.565e-05 -0.7071057 0.70710784 -2.82e-06 -0.70710564 0.70710784 -3.167e-05 -0.70710564 0.7071079 1.746e-05 -0.70710558 0.7071079 -1.17e-06 -0.70710558 0.70710796 -1.41e-06 -0.70710552 0.70710802 -1.669e-05 -0.70710552 0.70710808 -0.0003685 -0.7071054 0.7071082 5.618e-05 -0.70710534 0.7071082 0 -0.70710534 0.70710832 2.05e-06 -0.70710528 0.70710766 -0.00083307 -0.70710528 0.7071082 -4.71e-06 -0.70710528 0.70710826 -4.37e-06 -0.70710528 0.70710826 1.575e-05 -0.70710528 0.70710838 2.1e-06 -0.70710522 0.70710832 -2.24e-06 -0.70710522 0.70710832 1.38e-06 -0.70710522 0.70710838 -4.591e-05 -0.70710516 0.70710802 0.00062529 -0.70710516 0.70710844 5.2e-07 -0.70710516 0.70710844 1.199e-05 -0.70710516 0.7071085 -2.813e-05 -0.7071051 0.70710844 -3.01e-06 -0.7071051 0.7071085 -2.29e-06 -0.7071051 0.7071085 2.01e-06 -0.7071051 0.70710856 3.45e-06 -0.70710504 0.70710844 -6e-07 -0.70710504 0.7071085 -0.00015041 -0.70710504 0.7071085 3.88e-06 -0.70710504 0.7071085 4.5e-06 -0.70710504 0.70710856 -1.215e-05 -0.70710498 0.70710844 -7.54e-06 -0.70710498 0.70710856 -1.396e-05 -0.70710498 0.70710856 7.7e-07 -0.70710498 0.70710862 -3.118e-05 -0.70710492 0.70710862 3.29e-06 -0.70710486 0.70710862 1.024e-05 -0.70710486 0.70710874 -0.00018494 -0.7071048 0.70710874 -3.116e-05 -0.70710474 0.70710874 6.95e-06 -0.70710474 0.70710891 -1.4e-07 -0.70710468 0.70710886 -3.96e-06 -0.70710468 0.70710891 -2.51e-06 -0.70710468 0.70710891 -2.11e-06 -0.70710456 0.70710874 0.00049586 -0.70710456 0.70710891 -3.91e-06 -0.70710456 0.70710891 0 -0.70710456 0.70710903 -1.105e-05 -0.70710456 0.70710903 -2.44e-06 -0.70710456 0.70710909 -6.949e-05 -0.7071045 0.70710903 -1.169e-05 -0.7071045 0.70710903 2.55e-05 -0.7071045 0.70710915 -5.09e-06 -0.70710444 0.70710909 -8.5e-07 -0.70710444 0.70710915 -3.055e-05 -0.70710438 0.70710915 8.1e-07 -0.70710433 0.70710927 -7.9e-07 -0.70710433 0.70710939 -1.032e-05 -0.70710421 0.70710933 -3.007e-05 -0.70710421 0.70710933 -2.38e-06 -0.70710421 0.70710933 -1.68e-06 -0.70710421 0.70710939 7.9e-07 -0.70710421 0.70710951 -1.88e-06 -0.70710415 0.70710945 -4.01e-06 -0.70710415 0.70710945 2.442e-05 -0.70710409 0.70710945 1.09e-06 -0.70710409 0.70710945 1.96e-06 -0.70710409 0.70710951 -6.36e-06 -0.70710409 0.70710951 -2.88e-06 -0.70710403 0.70710945 -2.267e-05 -0.70710403 0.70710957 -5.6e-07 -0.70710397 0.70710951 8.81e-06 -0.70710397 0.70710957 -4.703e-05 -0.70710397 0.70710969 1.51e-06 -0.70710379 0.70710981 -4.75e-05 -0.70710379 0.70710981 1.53e-06 -0.70710379 0.70710987 -6.34e-06 -0.70710373 0.70710981 1.36e-06 -0.70710373 0.70710981 1.97e-06 -0.70710367 0.70710993 -9.98e-06 -0.70710361 0.70710999 -2.49e-06 -0.70710355 0.70710987 2.02e-06 -0.70710355 0.70711005 -3.68e-06 -0.70710355 0.70711011 -2.114e-05 -0.70710355 0.70711011 -5.1e-07 -0.70710349 0.70711005 -4.357e-05 -0.70710343 0.70711029 7.29e-06 -0.70710337 0.70711017 1.23e-06 -0.70710331 0.70711035 -1.51e-06 -0.70710325 0.70711035 -1.223e-05 -0.70710325 0.70711035 1.011e-05 -0.70710325 0.7071104 1.26e-06 -0.70710313 0.70711046 -5.4e-07 -0.70710313 0.70711052 -6.946e-05 -0.70710301 0.70711046 7.99e-06 -0.70710301 0.70711064 1.86e-06 -0.70710295 0.70711058 -1.56e-06 -0.70710284 0.7071107 2.35e-06 -0.70710284 0.70711076 -1.71e-05 -0.70710284 0.70711082 -2.52e-06 -0.70710284 0.70711088 2.8e-07 -0.70710278 0.70711076 -2.566e-05 -0.70710278 0.70711082 -3.78e-06 -0.70710272 0.70711082 -7.93e-06 -0.70710272 0.70711082 2.81e-06 -0.70710266 0.70711082 3.11e-06 -0.70710266 0.70711082 0.00023732 -0.70710266 0.70711088 0 -0.7071026 0.70711088 3.21e-06 -0.7071026 0.70711094 -8.31e-06 -0.7071026 0.70711094 -3e-06 -0.7071026 0.707111 -1.932e-05 -0.70710254 0.70711094 -0.00010157 -0.70710254 0.707111 -2.56e-06 -0.70710248 0.70711112 3.62e-06 -0.70710248 0.70711118 -6.69e-06 -0.70710242 0.70711118 2.407e-05 -0.7071023 0.70711112 -8.8e-07 -0.7071023 0.70711124 -0.00035851 -0.70710224 0.70711124 9.32e-06 -0.70710224 0.7071113 2.19e-06 -0.70710224 0.7071113 3.969e-05 -0.70710224 0.70711136 -9.6e-07 -0.70710218 0.7071113 -3.05e-06 -0.70710218 0.7071113 1.17e-06 -0.70710218 0.70711136 -4.431e-05 -0.70710218 0.70711142 -8.4e-07 -0.70710212 0.70711148 -1.266e-05 -0.70710212 0.70711148 4.7e-07 -0.70710212 0.70711148 1.096e-05 -0.70710206 0.70711142 -1.564e-05 -0.70710206 0.70711154 1.451e-05 -0.707102 0.70711148 1.525e-05 -0.707102 0.70711154 9.53e-06 -0.707102 0.7071116 -4.1e-07 -0.707102 0.70711166 1.404e-05 -0.70710194 0.70711148 9.9e-06 -0.70710188 0.70711172 -1.6e-07 -0.70710176 0.70711184 -5.54e-06 -0.7071017 0.70711184 -4.75e-06 -0.7071017 0.70711184 1.87e-06 -0.7071017 0.7071119 -2.55e-05 -0.7071017 0.7071119 1.291e-05 -0.70710164 0.70710236 0.00367233 -0.70710164 0.70711184 0 -0.70710164 0.70711201 -6.9e-07 -0.70710158 0.70711201 2.13e-06 -0.70710146 0.70711207 -9.93e-06 -0.70710146 0.70711207 8.7e-07 -0.70710146 0.70711207 1.005e-05 -0.70710146 0.70711219 1.507e-05 -0.70710146 0.70711225 -3.5e-06 -0.7071014 0.70711207 -1.271e-05 -0.7071014 0.70711219 -0.00018488 -0.7071014 0.70711225 4.775e-05 -0.70710135 0.70711213 -2.01e-06 -0.70710135 0.70711219 0 -0.70710135 0.70711225 2.54e-06 -0.70710129 0.70711225 5.77e-06 -0.70710129 0.70711237 5.81e-06 -0.70710123 0.70711225 -1.286e-05 -0.70710123 0.70711231 -2.06e-06 -0.70710123 0.70711237 -2.737e-05 -0.70710123 0.70711243 -8.71e-06 -0.70710123 0.70711243 5.621e-05 -0.70710117 0.70711231 4.941e-05 -0.70710111 0.70711243 7.82e-06 -0.70710111 0.70711249 -6.86e-06 -0.70710105 0.70711243 1.31e-06 -0.70710105 0.70711249 4.83e-06 -0.70710105 0.70711249 2.866e-05 -0.70710105 0.70711255 1.06e-06 -0.70710105 0.70711255 2.57e-06 -0.70710099 0.70711255 2.1e-05 -0.70710087 0.70711261 5.02e-06 -0.70710087 0.70711267 9.6e-07 -0.70710087 0.70711267 3.52e-06 -0.70710075 0.70711279 -2.23e-05 -0.70710057 0.70711291 7.01e-06 -0.70710057 0.70711303 -5.105e-05 -0.70710051 0.70711309 -3.97e-06 -0.70710045 0.70711303 1.14e-06 -0.70710045 0.70711315 -1.492e-05 -0.70710045 0.70711315 1.19e-06 -0.70710033 0.70711321 0.00017552 -0.70710027 0.70711339 -2.1e-07 -0.70710021 0.70711333 -1.059e-05 -0.70710021 0.70711333 1.07e-06 -0.70710021 0.70711339 -2.339e-05 -0.70710021 0.70711339 -1.227e-05 -0.70710009 0.70711339 8.42e-06 -0.70710009 0.70711344 2.61e-06 -0.70710009 0.70711356 -1.119e-05 -0.70709997 0.70711356 -1.34e-06 -0.70709997 0.70711356 0.00027099 -0.70709991 0.70711356 -5.53e-06 -0.70709985 0.70711368 6e-07 -0.7070998 0.70711386 -1.55e-06 -0.7070998 0.70711386 2.01e-06 -0.70709974 0.70711374 1.019e-05 -0.70709974 0.7071138 -1.1e-07 -0.70709974 0.70711386 3.092e-05 -0.70709974 0.70711392 -1.4e-06 -0.70709962 0.70689923 0.01742516 -0.70709956 0.70711392 4.68e-06 -0.70709956 0.70711398 -9.87e-06 -0.70709956 0.70711404 -0.00013825 -0.70709944 0.7071141 4.76e-06 -0.70709938 0.7071141 0 -0.70709938 0.70711422 1.971e-05 -0.70709938 0.70711428 -1.043e-05 -0.70709932 0.7071141 2.615e-05 -0.70709932 0.70711422 -0.00020812 -0.70709926 0.70711434 -1.691e-05 -0.70709926 0.70711434 7.2e-06 -0.7070992 0.70711434 -4.92e-06 -0.70709914 0.70711446 -4.79e-06 -0.70709914 0.70711446 5.71e-06 -0.70709914 0.70711452 1.206e-05 -0.70709908 0.70711452 4.57e-06 -0.70709902 0.70711458 -3.37e-06 -0.70709896 0.70711434 -0.0004373 -0.7070989 0.70711464 5.42e-06 -0.7070989 0.7071147 -2.93e-06 -0.70709884 0.70711464 -1.3e-07 -0.70709878 0.70711476 3.54e-06 -0.70709872 0.70711482 6.84e-06 -0.70709872 0.70711482 3.308e-05 -0.70709872 0.70711482 4.562e-05 -0.70709872 0.70711488 -0.00012343 -0.70709872 0.70711499 1.65e-06 -0.70709866 0.70711482 -6.382e-05 -0.70709866 0.70711493 -3.2e-05 -0.7070986 0.70711493 -6.9e-06 -0.70709854 0.70711505 7.8e-07 -0.70709848 0.70711505 2.732e-05 -0.70709848 0.70711517 1.603e-05 -0.70709842 0.70711511 3.8e-06 -0.70709842 0.70711511 4.68e-06 -0.70709842 0.70711517 8.808e-05 -0.70709831 0.70711523 0.00015139 -0.70709825 0.70711523 -2.17e-06 -0.70709819 0.70711535 -1.048e-05 -0.70709819 0.70711547 -4.45e-06 -0.70709813 0.70711535 -1.7e-06 -0.70709813 0.70711547 -7.614e-05 -0.70709807 0.70711553 0.00011616 -0.70709795 0.70711571 1.02e-06 -0.70709789 0.70711559 -0.00016401 -0.70709789 0.70711571 -9.51e-06 -0.70709783 0.70711571 -1.89e-06 -0.70709777 0.70711577 7.7e-07 -0.70709771 0.70711577 2.21e-06 -0.70709771 0.70711589 4.686e-05 -0.70709765 0.70711601 7.8e-06 -0.70709759 0.70711589 -4.1e-06 -0.70709753 0.70711607 -2.1e-07 -0.70709753 0.70711607 2.48e-06 -0.70709747 0.70711601 -1.404e-05 -0.70709741 0.70711613 -5.8e-06 -0.70709735 0.70711619 1.228e-05 -0.70709729 0.70711625 0.00025185 -0.70709705 0.70711648 -0.00011854 -0.70709699 0.70711643 0.0005143 -0.70709693 0.70711654 -8.4e-07 -0.70709687 0.70711672 -1.012e-05 -0.70709682 -0.70711666 -2.5e-07 -0.70709682 0.70711648 0.00043486 -0.70709676 0.7071169 -1.281e-05 -0.7070967 0.70711696 2.44e-05 -0.70709664 0.7071169 8.566e-05 -0.70709658 0.70711696 2.06e-06 -0.70709652 0.70711696 8.066e-05 -0.70709646 0.70711708 -0.00015936 -0.7070964 0.70711714 5.84e-06 -0.70709628 0.70711732 -0.00011987 -0.70709622 0.70711738 1.79e-06 -0.7070961 0.70711744 -0.00010865 -0.7070961 0.70711756 2.6e-07 -0.70709604 0.7071175 -4.6e-06 -0.70709598 0.70711756 -4.693e-05 -0.70709598 0.70711768 -5.52e-05 -0.70709592 0.70711768 7.2e-06 -0.70709586 0.70711774 -4.603e-05 -0.70709586 0.70711774 3.66e-06 -0.7070958 0.70711774 2.03e-06 -0.7070958 0.7071178 -3.55e-06 -0.70709574 0.7071178 -0.00013841 -0.70709574 0.7071178 2.64e-05 -0.70709574 0.70711786 -0.00019073 -0.70709574 0.70711786 2.782e-05 -0.7070955 0.70711803 6.29e-06 -0.70709544 0.70711809 -1.244e-05 -0.70709538 0.70711815 -7.272e-05 -0.70709532 0.70711821 1.315e-05 -0.70709509 0.70711851 3.904e-05 -0.70709503 0.70711851 9.832e-05 -0.70709491 0.70711869 -6.23e-06 -0.70709491 0.70711869 -5.83e-06 -0.70709485 0.70711869 4.99e-06 -0.70709461 0.70711893 -2.9e-07 -0.70709461 0.70711899 -1.797e-05 -0.70709437 0.70711911 2.923e-05 -0.70709437 0.70711923 9.14e-06 -0.70709437 0.70711929 -1.527e-05 -0.70709431 0.70711923 -1.072e-05 -0.70709431 0.70711929 8.115e-05 -0.70709425 0.70711929 -9e-07 -0.70709419 0.70711929 4.25e-06 -0.70709407 0.70711941 6.32e-06 -0.70709407 0.70711946 -0.00032953 -0.70709407 0.70711946 3.16e-06 -0.70709401 0.70711958 -5.5e-06 -0.70709395 0.70711946 -1.2e-07 -0.70709395 0.70711964 1.246e-05 -0.70709378 0.70711976 0.00010355 -0.70709366 0.70711994 -1.1e-06 -0.7070936 0.70711994 4.13e-06 -0.70709354 0.70711988 -3.148e-05 -0.70709354 0.70712006 -4.235e-05 -0.70709354 0.70712006 -4.53e-06 -0.70709348 0.70712006 -4.957e-05 -0.70709348 0.70712006 2.316e-05 -0.70709342 0.70711273 0.00324757 -0.70709342 0.70712012 2.69e-06 -0.7070933 0.7071203 7.7e-07 -0.70709324 0.7071203 -4.46e-06 -0.70709324 0.70712036 5.56e-06 -0.70709318 0.70712042 -4.44e-06 -0.70709318 0.70712042 7.3e-05 -0.70709306 0.7071206 -0.00017753 -0.707093 0.70712066 0.0001594 -0.70709246 0.70712107 -2.97e-06 -0.70709229 0.70712125 1.3e-07 -0.70709217 0.70712131 -1.005e-05 -0.70709217 0.70712143 -1.414e-05 -0.70709211 0.70712143 2.388e-05 -0.70709211 0.70712155 4.76e-06 -0.70709205 0.70712149 1.15e-06 -0.70709205 0.70712155 9.79e-06 -0.70709205 0.70712155 0.00014108 -0.70709205 0.70712161 0.00011892 -0.70709199 0.70712149 -4.617e-05 -0.70709199 0.70712161 8.679e-05 -0.70709193 -0.70712161 -1.02e-06 -0.70709187 0.70712155 4.095e-05 -0.70709175 0.70712179 1.43e-06 -0.70709169 0.70712185 -1.562e-05 -0.70709157 -0.70712197 4.14e-06 -0.70709157 0.70712203 1.08e-06 -0.70709151 0.70712209 6.495e-05 -0.70709145 0.70712203 2.424e-05 -0.70709121 0.70712227 1.736e-05 -0.70709121 0.70712245 5.29e-06 -0.70709115 0.70712239 -0.00023551 -0.70709103 0.70712256 1.826e-05 -0.70709091 0.70712268 -5.72e-06 -0.70709091 0.70712274 5.36e-06 -0.70709085 0.7071228 0.00012016 -0.70709074 0.7071228 4.289e-05 -0.70709074 0.70712286 -6.545e-05 -0.70709068 0.70712286 -8.95e-06 -0.70709068 0.70712286 9.296e-05 -0.70709068 0.70712292 0.00010459 -0.70709062 0.70712298 1.836e-05 -0.70709044 0.7071231 -1.375e-05 -0.70709044 0.7071231 1.635e-05 -0.70709038 0.70712322 7.945e-05 -0.70709032 0.70712316 -0.00030812 -0.70709032 0.70712328 -8.392e-05 -0.70709026 0.7071234 1.07e-06 -0.7070902 0.7071234 5.51e-06 -0.70709014 0.70712334 -6.95e-05 -0.70709014 0.70712346 9.426e-05 -0.70709008 0.70712346 -2.117e-05 -0.70709008 0.70712352 -2.879e-05 -0.70709002 0.70712358 2.676e-05 -0.70708996 0.70712352 1.167e-05 -0.70708984 0.70712364 -2.811e-05 -0.70708984 0.70712376 -7.44e-06 -0.70708978 0.7071237 -0.00029598 -0.70708978 0.70712376 3.033e-05 -0.70708978 0.70712382 -1.46e-05 -0.70708954 0.70712405 5.08e-06 -0.70708954 0.70712411 -2.658e-05 -0.70708948 0.70712399 9.753e-05 -0.70708942 0.70712417 4.364e-05 -0.70708942 0.70712423 0 -0.70708942 0.70712429 7.782e-05 -0.70708925 0.70712429 -3.73e-06 -0.70708913 0.70712435 -0.00034329 -0.70708913 0.70712447 -8.052e-05 -0.70708877 0.70712471 1.417e-05 -0.70708865 0.70712489 4.94e-06 -0.70708865 0.70712495 -1.16e-06 -0.70708859 0.70712501 7.91e-06 -0.70708853 0.70712495 4.369e-05 -0.70708853 0.70712507 -2.6e-06 -0.70708853 0.70712507 1e-06 -0.70708847 0.70712513 -3.509e-05 -0.70708847 0.70712519 1.052e-05 -0.70708841 0.70712525 -2.525e-05 -0.70708835 0.70712531 -4.007e-05 -0.70708817 0.70705664 -0.00986997 -0.70708811 0.70712531 -8.03e-06 -0.70708811 0.70712543 2.904e-05 -0.70708805 0.70712554 -0.00010281 -0.70708799 0.70712548 9.548e-05 -0.70708787 0.70712572 -6.522e-05 -0.70708781 0.70712572 4.66e-06 -0.70708776 0.70712566 -5.945e-05 -0.70708776 0.7071259 -2.176e-05 -0.7070877 0.70712584 -2.445e-05 -0.70708764 0.70712578 -0.00050711 -0.70708764 0.70712602 -0.0001999 -0.70708752 0.70712608 9.238e-05 -0.70708728 0.70712638 6.07e-05 -0.70708716 0.70712644 8.464e-05 -0.70708704 0.70712656 0.00011023 -0.70708686 0.70712668 5.868e-05 -0.70708674 0.70712686 -6.74e-06 -0.70708674 0.70712686 -2.72e-06 -0.70708668 0.70712674 3.369e-05 -0.70708668 0.70712692 -0.0001047 -0.70708668 0.70712692 -1.283e-05 -0.70708632 0.70712733 0.00013663 -0.70708621 0.70712733 2.33e-06 -0.70708609 0.70712727 0.00054369 -0.70708603 0.70712751 -9.469e-05 -0.70708603 0.70712763 2.742e-05 -0.70708597 0.70712757 -8.041e-05 -0.70708591 0.70712769 5.02e-06 -0.70708585 0.70712769 -7.909e-05 -0.70708585 0.70712769 3.663e-05 -0.70708585 0.70712787 0.00011966 -0.70708579 0.70712775 8.567e-05 -0.70708579 0.70712793 9.748e-05 -0.70708567 0.70712793 3.97e-06 -0.70708561 0.70712799 0.00015382 -0.70708561 0.70712805 -1.605e-05 -0.70708549 0.70712823 2.194e-05 -0.70708537 0.70712811 -0.00022795 -0.70708531 0.70712829 4.915e-05 -0.70708525 0.70712841 4.32e-06 -0.70708525 0.70712841 6.538e-05 -0.70708513 0.70712835 -3.27e-05 -0.70708513 0.70712847 5.36e-06 -0.70708513 0.70712847 1.477e-05 -0.70708507 0.70712841 6.82e-06 -0.70708501 0.70712864 0.00019407 -0.70708495 0.7071287 1.685e-05 -0.70708483 0.7071287 -1.849e-05 -0.70708483 0.70712882 -2.441e-05 -0.70708466 0.70712888 -4.254e-05 -0.70708454 0.707129 -6.5e-06 -0.70708454 0.70712906 -6.7e-06 -0.70708454 0.70712906 9.652e-05 -0.70708448 0.70712912 1.479e-05 -0.70708442 0.70712906 -2.876e-05 -0.70708442 0.70712912 7.295e-05 -0.70708442 0.70712918 1.214e-05 -0.7070843 0.7071293 3.77e-06 -0.70708412 0.70712936 2.871e-05 -0.70708412 0.70712942 2.53e-06 -0.70708406 0.70712912 -0.00074925 -0.70708406 0.70712948 3.54e-05 -0.707084 0.7071296 -9.354e-05 -0.70708394 0.70712966 1.553e-05 -0.70708388 0.7071296 1.918e-05 -0.70708382 0.70712942 0.0006082 -0.70708382 0.70712978 6.61e-06 -0.70708364 0.70713001 -5e-06 -0.70708358 0.7071299 -1.729e-05 -0.70708352 0.70712996 0.00023591 -0.70708352 0.70713001 0.00018929 -0.70708334 0.70713031 -2.788e-05 -0.70708328 0.70713025 -1.533e-05 -0.70708323 0.70713031 1.086e-05 -0.70708317 0.70713031 2.652e-05 -0.70708311 0.70713049 -0.00012552 -0.70708305 0.70713055 2.278e-05 -0.70708299 0.70713049 0.00011857 -0.70708293 0.70713067 8.71e-06 -0.70708281 0.70713067 7.935e-05 -0.70708281 0.70713073 9.69e-06 -0.70708275 0.70713085 -2.245e-05 -0.70708269 0.70713097 7.78e-06 -0.70708263 0.70713097 4.972e-05 -0.70708257 0.70713103 -6.055e-05 -0.70708251 0.70713091 -4.725e-05 -0.70708251 0.70713103 0.00014121 -0.70708245 0.70713121 4.88e-06 -0.70708239 0.70713115 -9.08e-06 -0.70708239 0.70713121 0.00017417 -0.70708233 0.70713127 -2.64e-06 -0.70708215 0.70713145 -5.456e-05 -0.70708215 0.70713145 7.436e-05 -0.70708197 0.70713151 6.72e-06 -0.70708197 0.70713162 -4.074e-05 -0.70708197 0.70713162 -3.591e-05 -0.70708197 0.70713162 2.149e-05 -0.70708191 0.70713168 -7.886e-05 -0.70708185 0.70713168 -5.133e-05 -0.70708185 0.70713168 0.00015266 -0.70708185 0.70713174 -1.794e-05 -0.70708162 0.70713204 -1.46e-05 -0.70708156 0.70713198 -0.00012082 -0.70708126 0.70713228 -0.00018852 -0.70708126 0.7071324 -0.00012343 -0.7070812 0.70713228 -7.941e-05 -0.70708114 0.7071324 7.969e-05 -0.70708108 0.70713246 0.00040201 -0.7070809 0.70713264 -7.64e-06 -0.7070809 0.70713264 0.00011987 -0.7070809 0.70713276 -8.76e-05 -0.70708084 0.70713252 0.00024806 -0.70708084 0.70713276 2.466e-05 -0.70708072 0.70713288 -0.00013464 -0.70708072 0.70713288 -0.0001086 -0.70708072 0.70713288 9.6e-06 -0.70708072 0.70713294 -4.8e-06 -0.70708066 0.70713294 -7.8e-06 -0.70708054 0.70713305 -3.845e-05 -0.70708042 0.70713311 0.00010422 -0.7070803 0.70713323 -0.00019991 -0.70707983 0.70713377 0.00015513 -0.70707977 0.70713377 -2.375e-05 -0.70707971 0.70713389 4.83e-05 -0.70707959 0.70713395 -8.9e-06 -0.70707953 0.70713413 1.771e-05 -0.70707935 0.70713425 -0.00010977 -0.70707935 0.70713425 4.476e-05 -0.70707923 0.70713437 -4.35e-06 -0.70707917 0.70713437 3.492e-05 -0.70707905 0.70713454 -2.638e-05 -0.70707899 0.70713454 5.33e-06 -0.70707887 0.7071346 0.00015906 -0.70707887 0.70713466 -0.0001282 -0.70707846 0.70713526 2.467e-05 -0.7070784 0.7071352 -3.298e-05 -0.70707828 0.70713514 4.555e-05 -0.70707816 0.7071355 -2.976e-05 -0.7070781 0.70713544 1.2e-07 -0.70707786 0.70713574 3.83e-06 -0.70707774 0.70713586 -3.134e-05 -0.70707756 0.70713598 -0.00011569 -0.70707756 0.70713603 -6.88e-05 -0.70707738 0.70713609 7.503e-05 -0.70707738 0.70713627 7.129e-05 -0.70707721 0.70713633 4.136e-05 -0.70707709 0.70713639 4.445e-05 -0.70707697 0.70713651 0.00019555 -0.70707679 0.70713693 -1.093e-05 -0.70707661 0.70713699 1.354e-05 -0.70707655 0.70713705 3.197e-05 -0.70707637 0.70713711 -0.00021794 -0.70707637 0.70713717 -0.00016177 -0.70707607 0.70713747 -4.544e-05 -0.70707595 0.70713758 -4.3e-07 -0.70707595 0.70713764 -1.357e-05 -0.70707583 0.7071377 -3.384e-05 -0.70707572 0.70713794 1.448e-05 -0.70707554 0.707138 9.03e-06 -0.70707542 0.70713824 -0.00013195 -0.7070753 0.70713824 7.71e-06 -0.70707524 0.70713836 -1.21e-06 -0.70707506 0.70713854 2.297e-05 -0.70707494 0.7071386 0.00017433 -0.70707482 0.70713866 2.293e-05 -0.7070747 0.7071389 7.604e-05 -0.70707452 0.70713907 1.7e-07 -0.70707446 0.70713907 8.663e-05 -0.70707446 0.70713913 -3.438e-05 -0.7070744 0.70707864 0.00924321 -0.70707422 0.70713931 -0.00012235 -0.70707405 0.70713949 -0.00016393 -0.70707399 0.70713967 3.167e-05 -0.70707393 0.70713967 6.154e-05 -0.70707369 0.70713985 5.02e-06 -0.70707363 0.70713985 -3.327e-05 -0.70707351 0.70714009 -0.00015735 -0.70707345 0.70714009 0.00012064 -0.70707345 0.70714015 -4.155e-05 -0.70707345 0.70714015 -1.14e-06 -0.70707327 0.70714027 -8.286e-05 -0.70707327 0.70714033 -0.000109 -0.70707303 0.70714056 3.243e-05 -0.70707297 0.70714056 -1.423e-05 -0.70707279 0.70714068 1.63e-06 -0.70707256 0.70714104 4.087e-05 -0.70707226 0.70714122 1.012e-05 -0.7070719 0.70714164 6.479e-05 -0.7070716 0.70714176 0.00048035 -0.70707154 0.70714206 -0.00012671 -0.70707148 0.707142 9.14e-06 -0.70707142 0.70714217 -0.00019905 -0.70707136 0.70714217 1.2e-05 -0.70707124 0.70714241 0.00010761 -0.70707113 0.70714235 0.00024743 -0.70707113 0.70714247 -4.485e-05 -0.70707107 0.70714253 -2.617e-05 -0.70707077 0.70714283 -4.188e-05 -0.70707077 0.70714283 6.976e-05 -0.70707047 0.70714301 -0.00019418 -0.70707029 0.70714331 -2.888e-05 -0.70707023 0.70714337 0.00013217 -0.70707017 0.70714331 3.679e-05 -0.70707005 0.7071436 7.257e-05 -0.70706987 0.70714366 -3.014e-05 -0.70706987 0.70714372 -9.865e-05 -0.70706987 0.70714378 -2.07e-06 -0.70706975 0.70714384 4.253e-05 -0.70706975 0.7071439 7.788e-05 -0.70706969 0.7071439 0.00012225 -0.70706934 0.7071442 -0.00021401 -0.70706928 0.70714426 0.00012425 -0.70706922 0.70714432 7.606e-05 -0.70706922 0.70714432 0.0002084 -0.70706916 0.70714444 2.619e-05 -0.7070691 0.70714438 0.00025138 -0.70706898 0.70714408 -0.00077685 -0.7070688 0.70714486 9.32e-06 -0.70706874 0.70714486 4.158e-05 -0.70706868 0.70714462 -0.00058852 -0.70706868 0.70714498 6.572e-05 -0.70706856 0.70714504 0.00016471 -0.7070682 0.70714533 3.903e-05 -0.7070682 0.70714539 2.149e-05 -0.70706809 0.70714563 -2.088e-05 -0.70706779 0.70714563 -0.00015568 -0.70706755 0.70714599 0.00034696 -0.70706749 0.70714593 -5.154e-05 -0.70706749 0.70714605 0.00024235 -0.70706737 0.70714617 -2.624e-05 -0.70706731 0.70714623 2.169e-05 -0.70706725 0.70714629 6.797e-05 -0.70706707 0.70714653 -3.665e-05 -0.70706701 0.70714653 3.101e-05 -0.70706701 0.70714653 7.808e-05 -0.70706695 0.70714664 0.00015831 -0.70706683 0.7071467 0.00017412 -0.70706677 0.70714676 -0.00016003 -0.70706677 0.70714676 4.59e-06 -0.70706677 0.70714688 6.262e-05 -0.70706666 0.70692962 0.0175294 -0.70706666 0.70714682 4.197e-05 -0.70706666 0.707147 -7.182e-05 -0.7070666 0.70714694 -0.00015961 -0.70706654 0.70714694 -0.00034059 -0.70706648 0.70714706 9.58e-06 -0.70706636 0.70714718 -2.034e-05 -0.7070663 0.7071473 -1.685e-05 -0.70706618 0.70714742 -3.403e-05 -0.70706612 0.70714736 -3.732e-05 -0.70706612 0.70714748 -0.00015031 -0.70706606 0.70714754 -0.00017753 -0.70706594 0.70714772 7.254e-05 -0.7070657 0.70714772 0.0001504 -0.70706558 0.70714796 0.00015331 -0.70706552 0.70714754 0.00081016 -0.70706552 0.70714802 -0.00018358 -0.70706546 0.70714796 1.09e-06 -0.70706534 0.70714825 6.93e-06 -0.70706528 0.70714819 8.1e-05 -0.70706528 0.70714825 -5.36e-05 -0.70706522 0.70714831 -6.69e-06 -0.70706487 0.70714873 3.96e-05 -0.70706457 0.70714903 2.11e-05 -0.70706451 0.70714909 -2.792e-05 -0.70706433 0.70714927 0.0001487 -0.70706421 0.70714927 -0.00027175 -0.70706421 0.70714933 0.00019013 -0.70706415 0.70714945 -4.986e-05 -0.70706385 0.70714974 0.00010602 -0.70706373 0.7071498 5.986e-05 -0.70706332 0.7071501 -0.00037657 -0.70706332 0.70715034 0.00018136 -0.7070632 0.7071504 -0.00014963 -0.70706308 0.70715046 0.00013888 -0.70706278 0.70715076 -3.178e-05 -0.70706242 0.70715111 -0.00011055 -0.70706236 0.70715117 -8.61e-06 -0.7070623 0.70715123 4.24e-05 -0.70706213 0.70715147 -0.0001856 -0.70706207 0.70715153 2.604e-05 -0.70706183 0.70715171 1.1e-06 -0.70706135 0.70715219 -2.335e-05 -0.70706117 0.70715249 -8.965e-05 -0.70706105 0.70715249 6.609e-05 -0.70706105 0.70715255 2.78e-06 -0.70706099 0.70715266 5.68e-06 -0.70706093 0.70715261 -0.00027415 -0.70706069 0.7071529 -7.948e-05 -0.70706052 0.70715308 -0.00016637 -0.70706052 0.70715308 3.537e-05 -0.7070604 0.7071532 0.00013986 -0.70706034 0.70715314 -1.151e-05 -0.70706022 0.70715338 8.21e-06 -0.70705992 0.70715368 -0.00014485 -0.70705974 0.7071538 -7.488e-05 -0.7070592 0.70715445 0.00014246 -0.70705914 0.70715445 -6.1e-06 -0.70705909 0.70715451 -2.954e-05 -0.70705909 0.70715451 4.812e-05 -0.70705891 0.70715463 -0.00032976 -0.70705885 0.70715463 -0.00026353 -0.70705885 0.70715469 4.378e-05 -0.70705885 0.70715481 -6.83e-06 -0.70705879 0.70715481 -8.769e-05 -0.70705855 0.70715493 0.000114 -0.70705748 0.70715612 5.757e-05 -0.70705712 0.7071563 0.00039104 -0.70705706 0.70715654 -1.7e-06 -0.707057 0.70715654 -0.00020096 -0.70705694 0.70715636 0.00047367 -0.70705676 0.70715672 1.513e-05 -0.70705658 0.7071569 -1.81e-06 -0.70705628 0.70694178 0.01745529 -0.70705628 0.70715731 -9.26e-06 -0.70705611 0.70715749 -0.0001132 -0.70705593 0.70715761 0.00021599 -0.70705545 0.70715821 1.241e-05 -0.70705527 0.70715833 0.00010247 -0.70705491 0.70715868 -0.00024522 -0.70705479 0.70715874 -1.034e-05 -0.70705462 0.70715892 1.324e-05 -0.70705444 0.70715904 -1.203e-05 -0.70705444 0.7071591 -4.567e-05 -0.70705438 0.70715922 -2.173e-05 -0.70705438 0.70715922 1.778e-05 -0.70705426 0.70715922 5.5e-07 -0.70705414 0.70715946 -0.00018828 -0.70705408 0.70715946 2.19e-06 -0.70705384 0.7071597 -0.00026473 -0.70705372 0.70694798 0.01730788 -0.70705372 0.70715988 -0.00012029 -0.70705312 0.70716041 -0.00018955 -0.70705301 0.70694494 0.01746011 -0.70705301 0.70716017 -0.00083822 -0.70705295 0.70716047 0.00061014 -0.70705283 0.70716071 -0.00017016 -0.70705259 0.70716089 0.00027692 -0.70705223 0.70716119 0.0004353 -0.70705223 0.70716131 -0.00023566 -0.70705217 0.70716137 2.8e-07 -0.70705217 0.70716143 -4.586e-05 -0.70705187 0.70716178 0.00010647 -0.70705181 0.70716172 -0.00018248 -0.70705163 0.7071619 -1.827e-05 -0.70705146 0.7071622 -0.00010078 -0.70705098 0.7071625 -5.597e-05 -0.70705026 0.7071631 -0.0005632 -0.7070502 0.70694786 0.01745428 -0.70705014 0.70716339 -1.292e-05 -0.70705009 0.70716345 8.822e-05 -0.70704979 0.70716393 -3.998e-05 -0.70704943 0.70716393 0.00035727 -0.70704901 0.70716465 4.688e-05 -0.70704895 0.70716459 3.128e-05 -0.70704889 0.70716459 0.00027418 -0.70704859 0.707165 -0.00023893 -0.70704836 0.70694894 0.01749167 -0.7070483 0.70716512 1.279e-05 -0.7070483 0.70716518 -0.00041741 -0.70704806 0.7071656 -8.185e-05 -0.707048 0.7071656 4.716e-05 -0.70704788 0.70716554 0.00026563 -0.70704788 0.7071656 -0.0002621 -0.70704782 0.70716572 -0.00016809 -0.70704776 0.70716572 0.00013153 -0.70704746 0.70716614 -6.352e-05 -0.70704746 0.70716614 2.18e-05 -0.70704722 -0.70716643 -1.15e-06 -0.70704722 0.70716631 7.956e-05 -0.70704681 0.70716667 -0.00018423 -0.70704681 0.70716685 -7.174e-05 -0.70704675 0.70716685 -4.612e-05 -0.70704669 0.70716685 -6.89e-05 -0.70704657 0.70716679 0.00041277 -0.70704627 0.70716739 -2.62e-05 -0.70704615 0.70716739 0.00014258 -0.70704532 0.7071681 -0.00021725 -0.70704514 0.70716834 0.00028002 -0.70704508 0.70716852 7.519e-05 -0.7070446 0.7071681 0.00113116 -0.70704424 0.70716929 -0.00015145 -0.70704401 0.70716953 0.00020306 -0.70704377 0.70716977 3.938e-05 -0.70704365 0.70716989 1.284e-05 -0.70704353 0.70717001 -0.00022376 -0.70704353 0.70717001 2.759e-05 -0.70704353 0.70717007 0.00013342 -0.70704317 0.70696974 0.01684319 -0.70704311 0.70717007 -0.00062074 -0.70704311 0.70717049 5.143e-05 -0.70704287 0.70716989 0.00106653 -0.70704287 0.70717072 2.43e-05 -0.70704246 0.7071712 -5.358e-05 -0.70704234 0.7071712 -7.2e-06 -0.70704204 0.7071715 -4.282e-05 -0.70704156 0.70717114 0.00106212 -0.70704144 0.7071721 0.00010363 -0.70704132 0.70717216 0.00039792 -0.70704114 0.70717245 -0.00023528 -0.70704108 0.70717239 -0.00011667 -0.70704079 0.70717287 -0.0001621 -0.70704037 0.70717323 4.533e-05 -0.70704025 0.70717317 0.00048789 -0.70703977 0.70717382 -0.00014603 -0.70703954 0.70717394 0.00028185 -0.70703936 0.7071743 -0.00029953 -0.7070393 0.7071743 -3.269e-05 -0.70703888 0.70717472 -0.00010745 -0.70703816 0.70717549 -3.253e-05 -0.70703745 0.70717603 0.00037077 -0.70703745 0.70717609 4.657e-05 -0.70703739 0.70717609 -8.76e-06 -0.70703727 0.70717633 -7.406e-05 -0.70703721 0.70717639 -0.00010553 -0.70703715 0.70717633 -0.0004017 -0.70703715 0.70717639 0.00028806 -0.70703655 0.70717698 -6.11e-06 -0.7070362 0.70717722 0.00022065 -0.70703566 0.70717776 0.00052376 -0.7070356 0.707178 -0.00015118 -0.70703554 0.70717776 0.00059475 -0.70703542 0.70717818 5.66e-06 -0.70703536 0.70717824 -9.44e-06 -0.70703506 0.70717841 -0.00018976 -0.70703501 0.70717853 1.715e-05 -0.70703489 0.70717871 -5.02e-06 -0.70703477 0.707178 0.00102905 -0.70703459 0.70717883 5.58e-06 -0.70703453 0.70717895 0.00033605 -0.70703447 0.70717901 0.00025022 -0.70703429 0.70717931 -8.942e-05 -0.70703423 0.70717919 0.0003206 -0.70703411 0.70697349 0.01707158 -0.70703411 0.70717943 -2.456e-05 -0.70703405 0.70717955 -6.72e-05 -0.70703351 0.70717996 -5.098e-05 -0.70703351 0.70718008 4.3e-07 -0.70703328 0.70718026 4.05e-06 -0.70703322 0.70718032 3.044e-05 -0.70703316 0.70718032 -0.00016157 -0.70703316 0.70718038 -1.131e-05 -0.7070331 0.70718038 6.141e-05 -0.70703304 0.70717984 0.0009371 -0.70703298 0.70718056 0.0003088 -0.70703232 0.70718127 1.215e-05 -0.70703214 0.70718139 -8.201e-05 -0.70703191 0.70718151 0.00012257 -0.70703191 0.70718157 -5.085e-05 -0.70703161 0.70718193 0.0001176 -0.70703155 0.70718205 3.97e-06 -0.70703119 0.70718229 -0.00032537 -0.70703089 0.70718241 -0.00057817 -0.70703089 0.70718271 -0.00020191 -0.70703071 0.70718282 0.00030706 -0.70703065 0.70718288 0.00014086 -0.70703048 0.70718235 0.00100758 -0.70703048 0.70718318 -2.608e-05 -0.70703024 0.70718318 0.0001034 -0.70703018 0.70718336 0.00040923 -0.70702994 0.70718366 0.00021002 -0.70702994 0.70718372 3.77e-05 -0.70702982 0.70718372 2.639e-05 -0.70702934 0.70718408 -0.00037991 -0.70702922 0.70718426 -8.145e-05 -0.7070291 0.70718443 -0.00011549 -0.70702851 0.70718503 -0.00038586 -0.70702839 0.70718515 -0.00011723 -0.70702791 0.70718557 -2.857e-05 -0.70702791 0.70718569 8.74e-06 -0.70702773 0.70718586 -8.73e-05 -0.70702738 0.70718604 -5.873e-05 -0.7070272 0.70718628 0.00016123 -0.7070272 0.70718634 0.00016079 -0.7070269 0.7071867 4.738e-05 -0.70702624 0.70718735 -5.09e-06 -0.70702595 0.70718759 -5.439e-05 -0.70702571 0.70718735 0.00088337 -0.70702517 0.70718849 0.00015721 -0.70702457 0.70718896 -9.108e-05 -0.7070244 0.70718908 1.471e-05 -0.70702416 0.70718944 -3.758e-05 -0.70702404 0.70718944 -0.00016765 -0.70702356 0.70718998 -4.844e-05 -0.7070232 0.70719028 0.00036413 -0.70702314 0.70719045 -8.634e-05 -0.70702302 0.70719045 -2.671e-05 -0.70702285 0.70719063 0.00033193 -0.70702195 0.70719147 -0.00040338 -0.70702183 0.70719177 -1.85e-06 -0.70702153 0.70719206 -0.00015812 -0.70702124 0.70719224 -0.0001268 -0.70702094 0.70719266 1.89e-06 -0.70702034 0.70719308 0.00018206 -0.70702004 0.70719314 0.00073616 -0.70701993 0.70697933 0.01740597 -0.70701981 0.70719373 9.776e-05 -0.70701975 0.70719373 -0.00010954 -0.70701951 0.70719391 0.00053757 -0.70701945 0.70719397 -0.00024332 -0.70701945 0.70719409 -3.548e-05 -0.70701927 0.70719427 0.00021611 -0.70701921 0.70719433 -0.00020818 -0.70701921 0.70719433 -1.119e-05 -0.70701879 0.70719463 0.00010484 -0.70701849 0.7071951 -5.82e-06 -0.70701772 0.70719582 0.00015118 -0.70701718 0.70719618 0.00057463 -0.70701689 0.70719647 -0.00048746 -0.70701647 0.70719701 9.488e-05 -0.70701599 0.70698309 0.01741432 -0.70701593 0.70719755 0.00036077 -0.7070154 0.70719808 -0.00011862 -0.70701504 0.70719844 0.00027363 -0.70701504 0.7071985 0.00017491 -0.70701492 0.70719856 0.00036385 -0.70701462 0.70719886 0.00010355 -0.70701456 0.70719886 -0.00041104 -0.7070145 0.70719898 -3.495e-05 -0.70701385 0.70719963 0.00017877 -0.70701373 0.70719993 -0.00018089 -0.70701355 0.70698345 -0.01750033 -0.70701247 0.707201 -0.00051476 -0.70701236 0.707201 0.00048156 -0.70701218 0.70698595 0.01745724 -0.707012 0.70720154 -0.00028814 -0.70701194 0.70720047 -0.00132756 -0.70701194 0.70720154 -9.082e-05 -0.70701182 0.70720184 0.00011571 -0.70701134 0.70719719 0.00267342 -0.70701134 0.70720226 -1.169e-05 -0.70701081 0.70720279 0.00013093 -0.70701075 0.70720273 -0.00018496 -0.70701057 0.70720303 -1.288e-05 -0.70701027 0.70720327 -6.35e-06 -0.70701027 0.70720333 -0.00011708 -0.70701015 0.70720208 -0.00137381 -0.70701015 0.70720345 -0.00015888 -0.70700991 0.70720357 3.37e-06 -0.70700967 0.70698982 -0.01740159 -0.70700914 0.70720434 2.84e-06 -0.70700878 0.70720476 -1.691e-05 -0.70700878 0.70720476 -5.63e-06 -0.70700878 0.70720482 -3.894e-05 -0.70700848 0.70720488 0.00049182 -0.70700824 0.70720524 3.571e-05 -0.70700794 0.70720512 0.00082371 -0.70700765 0.70698911 0.01750509 -0.70700765 0.70720589 -8.939e-05 -0.70700753 0.70720601 3.092e-05 -0.70700741 0.70720595 0.00044039 -0.70700735 0.70720172 0.00252782 -0.70700729 0.70720607 -0.000451 -0.70700729 0.70720631 0.00012381 -0.70700711 0.70720488 0.00150957 -0.70700502 0.70720857 0.00010358 -0.70700467 0.70699352 0.01745387 -0.70700467 0.70720881 8.479e-05 -0.70700449 0.7069937 -0.01744979 -0.70700443 0.70720899 -0.00040804 -0.70700407 0.70720935 0.00032042 -0.70700324 0.70699489 0.01745497 -0.70700282 0.70721072 -3.353e-05 -0.70700252 0.70721108 0.00029852 -0.70700246 0.70721102 0.0001743 -0.70700228 0.70699573 0.01745245 -0.70700228 0.70721102 0.00047127 -0.70700151 0.70721185 0.00046012 -0.70700139 0.70721215 7.109e-05 -0.70700121 0.70721227 0.00010282 -0.70699984 0.70721364 0.00020847 -0.70699966 0.70721382 -8.837e-05 -0.70699942 0.70721322 -0.00115373 -0.70699936 0.70699936 0.01742632 -0.70699912 0.70721447 -7.778e-05 -0.70699877 0.70721483 8.43e-06 -0.70699871 0.70721483 -9.963e-05 -0.70699859 0.70721489 -7.385e-05 -0.70699847 0.70699972 0.01745336 -0.70699775 0.70721561 7.519e-05 -0.70699728 0.70700097 -0.0174539 -0.70699692 0.70700115 -0.01745156 -0.70699686 0.70700133 -0.01745272 -0.70699686 0.70721668 -0.00017194 -0.7069965 0.70721704 5.055e-05 -0.70699638 0.70721704 -8.777e-05 -0.70699626 0.70721728 -6.8e-07 -0.7069962 0.70700246 0.01743072 -0.7069962 0.70721734 0.00013393 -0.70699555 0.70699936 -0.01758357 -0.70699531 0.70721835 -8.703e-05 -0.70699477 0.70700336 0.01745257 -0.70699477 0.70721871 -6.931e-05 -0.70699424 0.70721942 -0.00013724 -0.70699388 0.70721954 0.00023021 -0.70699358 0.70722002 1.537e-05 -0.70699286 0.70722044 0.0005071 -0.70699263 0.70722097 8.854e-05 -0.70699251 0.70722097 9.466e-05 -0.70699197 0.70722163 4.461e-05 -0.70699185 0.7069906 0.01807828 -0.70699084 0.70722252 0.00036082 -0.70698959 0.7070151 0.01718386 -0.70698959 0.70722389 -9.723e-05 -0.70698953 0.70722401 0.00012941 -0.70698863 0.70722491 -2.189e-05 -0.7069881 0.70722544 -0.00013564 -0.70698804 0.70721579 0.0037071 -0.70698792 0.70701164 0.01739847 -0.70698762 0.70722598 3.921e-05 -0.70698673 0.70722681 0.00029984 -0.70698631 0.70722717 3.819e-05 -0.70698577 0.70722777 -0.00010661 -0.706985 0.70722806 -0.00086449 -0.70698392 0.70722896 -0.00097979 -0.70698386 0.70722967 0.00010843 -0.70698386 0.70722979 -8.014e-05 -0.70698315 0.70700431 0.01787941 -0.70698303 0.70723051 1.711e-05 -0.70698291 0.70723045 0.00039066 -0.70698279 0.70722938 0.00139727 -0.70698273 0.70723075 -0.00012802 -0.70698237 0.70723128 2.191e-05 -0.70698231 0.70723099 0.00064978 -0.70698178 0.7072317 0.00014133 -0.70698148 0.707232 5.991e-05 -0.70698094 0.70723248 -0.0001272 -0.70698076 0.70723277 0.00017178 -0.70698059 0.70723301 0.00011819 -0.70697999 0.70723194 -0.00150239 -0.70697922 0.70723438 2.982e-05 -0.70697898 0.70723462 3.525e-05 -0.70697868 0.70723486 -0.00017519 -0.70697868 0.70723486 -0.00015227 -0.7069785 0.7072351 -1.105e-05 -0.70697796 0.70723557 1.99e-06 -0.70697784 0.70723575 -1.61e-05 -0.70697761 0.70723605 5.792e-05 -0.70697749 0.70723599 0.00012496 -0.70697743 0.70723599 -0.00013122 -0.70697731 0.70723629 -7.528e-05 -0.70697683 0.70723659 -0.00038383 -0.70697677 0.70723665 -0.00053943 -0.7069751 0.70723838 0.00017776 -0.70697439 0.70723897 -0.00031908 -0.70697427 0.70723921 0.00030499 -0.70697403 0.70723814 -0.0013789 -0.70697385 0.70723963 0.00010987 -0.70697349 0.70723945 -0.00087054 -0.70697314 0.70724034 0.0001942 -0.70697278 0.70702779 0.0173545 -0.70697224 0.70724124 1.357e-05 -0.70697111 0.70724243 2.726e-05 -0.70697075 0.70724279 1.089e-05 -0.70697051 0.707026 0.01752001 -0.70697051 0.70724148 -0.00150568 -0.7069701 0.70724338 -0.00014839 -0.70697004 0.7072435 1.088e-05 -0.70697004 0.70724356 3.399e-05 -0.7069698 0.70724374 -7.6e-07 -0.70696944 0.7072441 6.628e-05 -0.70696902 0.70724452 -1.482e-05 -0.70696878 0.70724458 -0.0002658 -0.70696861 0.70724499 0.00011359 -0.70696855 0.70704377 0.01686903 -0.70696843 0.70724517 0.00018288 -0.70696813 0.70724529 -0.00037941 -0.70696795 0.70724571 -9.71e-06 -0.70696771 0.70724136 0.00251477 -0.70696765 0.70724595 -6.207e-05 -0.70696688 0.70724666 8.039e-05 -0.7069664 0.70724714 4.65e-05 -0.70696628 0.70703459 0.01734168 -0.70696598 0.70724756 4.66e-05 -0.70696557 0.70724797 0.00013282 -0.70696521 0.7070353 0.01735627 -0.70696485 0.70724875 6.694e-05 -0.70696473 0.70724607 0.00195267 -0.7069639 0.70724964 0.00017862 -0.70696384 0.70724964 4.25e-05 -0.70696282 0.70725065 -0.00017285 -0.70696259 0.70725089 0.00013768 -0.70696163 0.70705628 0.01663595 -0.70696163 0.70725185 0.0002279 -0.70696115 0.70705026 0.01690785 -0.70696104 0.7072525 9.11e-05 -0.70696092 0.70725089 0.00154968 -0.7069608 0.70725274 6.005e-05 -0.70696074 0.70725286 -0.00010359 -0.70696038 0.70725322 -0.00017474 -0.7069599 0.70725334 -0.00064208 -0.70695966 0.70704067 0.01736933 -0.70695931 0.70725423 -0.00011595 -0.70695907 0.70725423 -0.00051434 -0.70695901 0.70725459 0.00012493 -0.70695865 0.70725495 -0.00012158 -0.70695812 0.70725524 -0.00063671 -0.70695806 0.70725262 -0.00202348 -0.70695782 0.70725572 0.00010351 -0.70695752 0.70725578 -0.00049436 -0.7069571 0.70725644 -6.145e-05 -0.70695686 0.70725644 -0.00059779 -0.70695615 0.7070511 0.01708314 -0.70695591 0.70725757 -2.408e-05 -0.70695591 0.70725763 8.987e-05 -0.70695585 0.70725769 -1.325e-05 -0.70695567 0.70725787 -0.0002502 -0.70695508 0.70725858 -0.00011532 -0.70695484 0.70725858 -0.00027502 -0.70695454 0.70725906 -0.00013872 -0.70695347 0.70726001 5.51e-06 -0.70695329 0.70726025 6.094e-05 -0.70695311 0.70726025 -0.00028139 -0.70695269 0.70726067 3.419e-05 -0.70695227 0.70726126 7.428e-05 -0.70695174 0.7072615 -0.00070758 -0.70695126 0.70726228 0.00016616 -0.70695114 0.7072624 0.00011892 -0.70695019 0.70726341 -8.208e-05 -0.70694995 0.70726353 0.00013846 -0.70694959 0.70726371 0.00063967 -0.70694834 0.70726514 -0.00010088 -0.70694804 0.7072655 9.262e-05 -0.70694804 0.70726556 0.00010801 -0.70694751 0.70726597 0.00012099 -0.70694751 0.70726603 -6.864e-05 -0.70694721 0.70726639 -0.00019241 -0.70694715 0.70726639 0.00014382 -0.70694697 0.70726448 -0.00168294 -0.70694691 0.70726651 0.0001315 -0.70694679 0.70726669 0.00024497 -0.70694637 0.70726711 0.0001688 -0.7069459 0.7072674 -0.00055199 -0.7069459 0.70726764 4.54e-06 -0.70694578 0.7070564 0.01729465 -0.70694536 0.70726782 0.00072787 -0.7069453 0.70705676 0.01729567 -0.70694524 0.70726806 0.00060009 -0.706945 0.70726824 0.00070106 -0.70694494 0.70726866 0.00013097 -0.70694464 0.70706624 0.01692886 -0.70694458 0.70726895 -1.29e-06 -0.70694458 0.70726901 -5.189e-05 -0.70694429 0.70726919 -9.349e-05 -0.70694405 0.70726943 0.00016386 -0.70694369 0.70726991 -0.0001063 -0.70694327 0.70727026 0.00012412 -0.70694321 0.70704925 0.01767915 -0.70694226 0.70727128 -5.988e-05 -0.70694202 0.7072711 0.0006945 -0.70694178 0.70727175 6.093e-05 -0.7069416 0.70727187 -0.00021185 -0.70694137 0.70727211 -0.00013192 -0.70694041 0.70727307 0.00030318 -0.70693976 0.70727378 9.922e-05 -0.70693976 0.70727378 0.00013679 -0.70693809 0.70727539 1.211e-05 -0.70693707 0.7072764 6.142e-05 -0.7069366 0.70727688 1.31e-06 -0.70693618 0.70727736 0.00015156 -0.70693529 0.70727813 0.00013025 -0.70693433 0.70727926 1.386e-05 -0.70693421 0.70727932 6.163e-05 -0.70693296 0.70728064 8.525e-05 -0.70693225 0.70728129 -2.309e-05 -0.70693177 0.70728165 0.00010758 -0.70693165 0.70728183 -0.00018481 -0.70693117 0.70728225 0.00013264 -0.70693052 0.70728296 4.896e-05 -0.70692974 0.70728385 5.602e-05 -0.70692939 0.70728385 -0.00057675 -0.70692891 0.70728457 -9.848e-05 -0.70692879 0.70728469 -0.00021687 -0.70692718 0.7072863 0.00031497 -0.70692623 0.70728719 -0.00025563 -0.70692569 0.70728773 -0.00040704 -0.70692313 0.70729035 -9.09e-06 -0.70692158 0.70706999 -0.01772068 -0.70692158 0.70729178 0.00040306 -0.70692152 0.70729202 -0.00016101 -0.70692074 0.70729285 -1.481e-05 -0.70692056 0.70729291 5.549e-05 -0.70692056 0.70729297 -0.00014707 -0.70692033 0.70708108 0.01732181 -0.70692027 0.70729315 0.000366 -0.70691991 0.70729369 -2.7e-05 -0.70691955 0.70729291 -0.00125101 -0.70691925 0.70729369 -0.00097543 -0.70691872 0.7072947 0.00022259 -0.70691818 0.7072953 0.00019823 -0.70691812 0.70729536 8.547e-05 -0.706918 0.70729536 0.00022408 -0.70691609 0.70729738 0.00018917 -0.7069152 0.70729828 2.6e-06 -0.70691401 0.70729941 0.00020114 -0.70691401 0.70729953 -8.065e-05 -0.70691341 0.70730013 -7.105e-05 -0.70691234 0.7073012 4.935e-05 -0.70691204 0.70730025 0.00135756 -0.70691204 0.70730138 -5.768e-05 -0.70691156 0.70725328 0.00829037 -0.7069115 0.70730203 -0.00011607 -0.70691139 0.70730215 4.689e-05 -0.70691085 0.70730275 -8.665e-05 -0.70691079 0.70730281 4.354e-05 -0.70691037 0.70730299 -0.00038374 -0.70690888 0.70730442 0.00060344 -0.70690727 0.70730621 -0.00016817 -0.70690721 0.70730627 0.00020748 -0.70690584 0.7073077 7.48e-06 -0.70690453 0.70690578 0.0238793 -0.70690376 0.70730984 1.492e-05 -0.70690203 0.70731145 4.66e-06 -0.70690161 0.70731193 -2.491e-05 -0.70690137 0.70731223 0.00013899 -0.70690095 0.70731241 -0.00037346 -0.70690066 0.7073127 -0.00039472 -0.70689905 0.70731419 0.00069034 -0.70689827 0.70731515 -0.00021927 -0.70689815 0.70731533 -1.258e-05 -0.70689714 0.70731628 -0.00024064 -0.70689601 0.70731747 2.77e-05 -0.70689577 0.70731765 0.00022128 -0.7068944 0.70731908 8.05e-06 -0.70689416 0.70731932 2.584e-05 -0.70689297 0.70732039 -0.00028576 -0.70689291 0.70732063 0.00025507 -0.70689279 0.70732069 -0.00022782 -0.70689255 0.70710558 0.01745326 -0.70689195 0.70732152 -3.324e-05 -0.706891 0.70711571 -0.01710412 -0.70689088 0.7073226 -2.787e-05 -0.70689052 0.70732284 -0.00047676 -0.70688963 0.70732385 8.725e-05 -0.70688945 0.7073229 -0.00127937 -0.70688909 0.70732439 8.641e-05 -0.70688826 0.70732474 0.00074435 -0.70688826 0.70732516 0.000279 -0.70688814 0.70732528 0.00047169 -0.70688796 0.70732552 0.00023373 -0.7068876 0.70732594 -6.34e-06 -0.70688671 0.70732677 0.00016171 -0.70688617 0.70732743 9.338e-05 -0.70688587 0.7073276 0.0001176 -0.70688504 0.70732826 0.00042745 -0.7068845 0.70732898 3.56e-05 -0.70688415 0.70712805 0.01687043 -0.70688403 0.70732892 -0.00084913 -0.70688182 0.70733172 6.613e-05 -0.70688146 0.70733196 -0.00039568 -0.70688134 0.70712554 0.01709398 -0.70688051 0.70733297 -3.167e-05 -0.70687973 0.70733362 -0.00011903 -0.70687902 0.70712245 0.01731839 -0.70687848 0.70733488 -0.00034473 -0.70687801 0.70733553 -6.916e-05 -0.70687693 0.7073366 6.449e-05 -0.70687658 0.70733696 -8.491e-05 -0.70687646 0.70733696 0.00021308 -0.70687574 0.70733756 -0.00040722 -0.70687485 0.70733863 -2.077e-05 -0.70687461 0.70733672 -0.00174319 -0.7068727 0.70734084 -1.547e-05 -0.70687175 0.70734173 0.00021061 -0.70687139 0.70734173 0.00068579 -0.70687091 0.70734268 -0.00023371 -0.70687062 0.70734274 0.0002663 -0.70687002 0.70734221 -0.00134443 -0.70686996 0.70734328 -0.00061938 -0.70686901 0.7073344 -0.00376842 -0.70686829 0.70734513 -0.00012415 -0.70686793 0.70734549 -8.73e-06 -0.70686531 0.70734811 -6.08e-05 -0.70686507 0.70712674 -0.01771073 -0.70686203 0.70712382 0.01794561 -0.70685536 0.7073583 -1.773e-05 -0.70685244 0.70736092 -0.00042526 -0.70685017 0.70716286 0.01683338 -0.70684725 0.70713586 0.01805101 -0.70684606 0.70714259 0.01783476 -0.70684272 0.70737076 -0.00022655 -0.70684057 0.70737284 0.00028027 -0.7068398 0.70737356 -0.00016326 -0.70683938 0.70737398 0.00045652 -0.70683843 -0.70737505 -7.23e-06 -0.70683622 0.70737702 -0.00027856 -0.70683289 0.70716447 -0.01748668 -0.70683259 0.70716184 0.01760579 -0.70683187 0.70715541 -0.0178829 -0.7068302 0.70737821 0.00268965 -0.70682758 0.70738572 0.00054575 -0.70682663 0.70738685 -0.00023201 -0.70682633 0.70738715 -0.00017613 -0.70682448 0.70738882 -0.00024566 -0.7068243 0.70738918 -0.0001265 -0.70682424 0.70738912 5.352e-05 -0.70682245 0.70739013 -0.00116326 -0.70682204 0.70738947 -0.00165091 -0.70682061 0.7067253 0.03072547 -0.70681578 0.70719415 0.01696332 -0.70681351 0.70717329 0.01790502 -0.70681202 0.70740134 0.00029993 -0.70681161 0.70718646 0.01745258 -0.70681137 0.70740175 0.00073176 -0.70681 0.70740336 0.00029999 -0.70680684 0.70740515 -0.00136236 -0.70680559 0.70720625 0.01688694 -0.70680374 0.70740974 -0.00018617 -0.70680231 0.70741093 -0.00052608 -0.70680028 0.70719248 0.01766563 -0.70679992 0.70741349 6.37e-06 -0.70679945 0.70741391 -0.00032823 -0.70679909 0.70741439 9.352e-05 -0.70679885 0.70741451 0.00017837 -0.70679861 0.70741481 -6.108e-05 -0.7067979 0.70741546 -0.00011813 -0.70679575 0.70719016 0.01793863 -0.7067942 0.70741916 1.858e-05 -0.70679373 0.70741969 -9.306e-05 -0.70679146 0.70742196 -0.00015195 -0.70679033 0.70742291 -0.00021627 -0.70678765 0.70742559 0.00040013 -0.70678544 0.70742798 -7.248e-05 -0.70678353 0.70721847 0.01729701 -0.70678294 0.70741785 -0.0042284 -0.7067768 0.70742565 -0.00393806 -0.70677495 0.70743829 5.244e-05 -0.70677471 0.70743871 0.00016079 -0.70677304 0.70744044 -0.00015383 -0.7067728 0.70744067 -0.00012462 -0.70677102 -0.67055482 0.22545762 -0.70677024 0.70744282 0.00068273 -0.70676529 0.7072472 -0.01685813 -0.7067638 0.70722258 0.01792117 -0.70676261 0.70745057 0.00039942 -0.70676214 0.70745128 -1.18e-05 -0.7067616 0.70745182 1.829e-05 -0.70676011 0.70745331 9.772e-05 -0.70675957 0.70745355 0.00046297 -0.70675784 0.70745528 0.00063431 -0.70675677 0.70745653 -6.775e-05 -0.70675355 0.70745975 -2.37e-05 -0.70675135 0.70722908 0.01815495 -0.70674926 0.70746392 0.00056463 -0.70674533 0.7072677 0.01684011 -0.70674258 0.70725536 0.01745261 -0.70674253 0.70747048 -0.00061957 -0.7067315 0.70748192 -0.00010719 -0.70673126 0.70748204 -0.00027396 -0.70673126 0.70748204 5.574e-05 -0.7067312 0.70748216 -0.0002536 -0.70672905 0.7074843 5.896e-05 -0.70672727 0.70748591 0.00022885 -0.70672405 0.70748925 5.68e-05 -0.70672148 0.70749182 0.00035133 -0.70671928 0.70749086 0.00213013 -0.70671713 0.70749611 -0.0004127 -0.70671535 0.70749801 2.1e-05 -0.70671266 0.70750058 -0.00054972 -0.70671034 0.70750296 -0.00036055 -0.70670623 0.70750695 7.62e-05 -0.70670551 0.70746261 -0.00800267 -0.70670152 0.70751178 2.817e-05 -0.70670038 0.7075088 -0.00238946 -0.70668942 0.70752341 -0.0008336 -0.70668703 0.70752639 8.076e-05 -0.70668578 0.70732158 0.01706882 -0.70668215 0.70753127 1.595e-05 -0.70668036 0.70749652 -0.00718866 -0.70667672 0.7075364 0.00043693 -0.70667249 0.70754081 3.539e-05 -0.7066713 0.70754194 0.0001427 -0.70666885 0.70754385 -0.00084554 -0.70666826 0.7075451 3.898e-05 -0.70666659 0.70754373 0.00204097 -0.70666438 0.70733213 0.01750955 -0.70666087 0.70755243 -0.00024698 -0.70665824 0.70755345 -0.00150947 -0.70665479 0.70755845 6.796e-05 -0.70664996 0.70756251 0.00099698 -0.7066493 0.70740145 0.01515986 -0.70664865 0.70756459 -0.00010196 -0.70664459 0.70756805 0.00095653 -0.70664144 0.7075718 -3.826e-05 -0.70664048 0.7075724 -0.00072942 -0.70664006 0.70757306 -0.00016392 -0.70663786 0.7075755 -0.0001033 -0.70663553 0.70757246 -0.00273864 -0.70663339 0.70757973 0.00029074 -0.70663303 0.7073732 0.01711639 -0.70662826 0.70758337 0.00146465 -0.70662779 0.70758545 -4.724e-05 -0.70662481 0.70758843 3.48e-05 -0.70662308 0.70737356 0.01750461 -0.70662183 0.70743591 0.01483342 -0.70661664 0.7075966 9.669e-05 -0.70661622 0.7075969 0.00051682 -0.70661366 0.7075994 0.00050677 -0.70661348 0.70759952 0.00067418 -0.70661294 0.7076003 -2.586e-05 -0.7066105 0.70760268 -1.7e-07 -0.70660836 0.70760328 -0.0014936 -0.70660806 0.70758688 0.0050852 -0.70660561 0.70760703 -0.00085478 -0.70659733 0.70761591 4.776e-05 -0.70659077 0.70761758 -0.00266259 -0.70658964 0.707623 0.00097467 -0.70658308 0.70762199 -0.00340339 -0.70658094 0.70739257 0.0184146 -0.70657289 0.70763105 -0.00362242 -0.70656276 0.70765018 0.0005177 -0.70655704 0.70765597 -0.00047364 -0.70655555 0.70765507 0.00182149 -0.70655459 0.70748937 -0.01547151 -0.70655125 0.70763981 0.00558397 -0.70655072 0.70766228 0.0003639 -0.7065497 0.70766318 0.00058939 -0.7065475 0.70766264 -0.0020434 -0.70654708 0.70766592 0.00049996 -0.7065469 0.70742476 0.01848829 -0.70654207 0.70747006 0.01686347 -0.70654142 0.70767152 0.00038216 -0.70654106 0.70767188 0.00048601 -0.70654094 0.7076717 0.00074976 -0.70653641 0.70767635 0.00054034 -0.70652986 0.70768154 0.00156705 -0.7065286 0.70768344 -0.00121936 -0.70652837 0.70768476 0.00010292 -0.70652503 0.70768774 0.00061967 -0.70651805 0.7076894 0.00282522 -0.70651805 0.70769495 -3.429e-05 -0.70650738 0.70770562 0.0003217 -0.70649821 0.70771492 2.218e-05 -0.70649135 0.70771956 -0.00173081 -0.7064901 0.70772272 0.0005618 -0.70648599 0.70772696 2.292e-05 -0.70647871 0.70773405 -0.00064066 -0.70646936 0.70774359 -8.084e-05 -0.70646423 0.7077409 -0.00334267 -0.70643359 0.70777845 0.00108517 -0.70643198 0.70760167 0.01592939 -0.70642936 0.7077722 0.00399058 -0.70642686 0.70778155 -0.00254829 -0.70642459 0.70778823 0.00035014 -0.70640963 0.70779872 0.00252009 -0.70640928 0.70755744 0.01866108 -0.70639908 0.70779854 0.00463945 -0.70639253 -0.70645964 0.04386611 -0.70639217 0.7078203 -0.0006711 -0.70639157 0.70759243 0.01799563 -0.70638597 0.70782614 0.0009943 -0.70638502 0.70782739 -0.00076696 -0.70638293 0.70782989 4.763e-05 -0.70637995 0.70783287 2.177e-05 -0.70637763 0.70783466 0.0008287 -0.70637441 0.70764297 0.01663011 -0.70637321 0.70761716 0.01774552 -0.70637101 0.70784169 -5.28e-06 -0.70637077 0.70784211 0.00017253 -0.70636791 -0.706487 0.04382456 -0.70636654 -0.70648569 0.0438679 -0.70636517 0.707847 -0.00093438 -0.70635903 0.70783907 -0.00454458 -0.70634764 0.70786399 -0.00127147 -0.70634741 0.70761943 0.01865782 -0.70634729 0.70786506 -0.00071694 -0.7063303 0.70766515 0.01754006 -0.7063126 0.70789993 -0.00035306 -0.70630282 0.70768613 0.01779489 -0.70629424 0.70791805 -0.00075638 -0.70629317 0.70791948 -0.00029868 -0.70629221 0.70791996 0.00079392 -0.70629197 0.70792061 -0.00028458 -0.70628846 0.70769382 0.01805907 -0.70628476 0.70792675 -0.00120993 -0.70627832 0.70774919 -0.0161885 -0.70627803 -0.70469403 0.06765843 -0.70626599 0.70794624 0.00078174 -0.70626193 0.70795012 -0.00088922 -0.70620281 0.7078132 0.01667433 -0.70618761 0.70802486 0.00013826 -0.70617908 0.70803171 -0.00149218 -0.7061767 0.70803201 -0.00225066 -0.70617658 0.70801973 -0.00475984 -0.70617396 0.70802492 0.00437409 -0.70616829 0.70782894 0.01744797 -0.7061587 0.70805335 -0.00063453 -0.70615065 0.70806146 0.00049037 -0.70613563 0.70807606 0.00078416 -0.70613462 0.70807666 -0.0011345 -0.7061246 0.70787609 0.01730275 -0.70612317 -0.70802361 -0.00962443 -0.70612258 0.70808578 0.00232552 -0.70611525 -0.70701653 0.03909891 -0.70610213 0.70786953 -0.01845128 -0.70609891 0.70811009 -0.00210154 -0.70609677 0.7081098 -0.00283457 -0.70609325 0.70811611 -0.00198993 -0.70608139 0.70798236 -0.01449666 -0.70608056 0.70806694 -0.00955911 -0.70608038 0.70813167 -0.0002995 -0.70606858 0.70814008 -0.00220803 -0.70606321 0.70814866 8.348e-05 -0.70604557 0.70816642 0.00017805 -0.70604509 0.70792204 0.01861896 -0.70602936 0.70818245 0.0002711 -0.70600998 0.70797998 0.01772766 -0.70600784 0.70816571 0.00736411 -0.70600015 -0.70685822 0.04376284 -0.70596135 0.70824707 0.0022081 -0.70594966 0.708233 0.00640369 -0.70593858 0.70827305 0.00029189 -0.70589942 0.70830905 -0.00203344 -0.70589781 0.70806396 0.01880807 -0.70587403 0.70833403 -0.00217586 -0.7058726 -0.69281518 -0.14748187 -0.70587152 0.708152 0.01631493 -0.70586461 0.70829797 -0.00831619 -0.70585352 0.70835757 0.00058261 -0.70584226 0.70836836 0.00102161 -0.70583421 0.70837629 0.0010195 -0.70582449 0.70801336 -0.02299519 -0.70580912 0.70821452 0.01629932 -0.70580274 -0.70571947 -0.06166466 -0.70579505 0.70841467 -0.00136574 -0.70579338 0.70841438 0.00218205 -0.70578855 0.70841986 0.00195125 -0.70578694 0.7082212 0.01695216 -0.70577586 -0.70823449 -0.01686396 -0.70575678 0.70845038 0.00232818 -0.70572215 0.7084865 0.00172079 -0.70570612 -0.70581549 -0.06167014 -0.70568389 0.70851946 0.00323217 -0.70567352 0.70852989 -0.00319175 -0.70566368 0.70854497 0.0016524 -0.70565861 0.708552 -9.949e-05 -0.7056573 0.70835173 -0.01689986 -0.70563966 0.70853901 -0.00670628 -0.70563102 0.70857918 -0.000553 -0.70561701 0.70859343 9.327e-05 -0.70561278 0.70859629 -0.00140239 -0.70560807 0.70853364 -0.00987073 -0.70557487 0.70863485 0.0008899 -0.70557153 0.70863873 -0.00012681 -0.7055642 -0.68307972 -0.18862991 -0.70548987 0.70859736 0.0131875 -0.70545489 0.70875198 0.00200118 -0.70544606 -0.66121501 0.25522655 -0.70543253 0.70869386 0.01086288 -0.70543104 0.70852709 -0.0188779 -0.70541471 0.70879185 0.00205561 -0.7053889 0.70881689 0.00224624 -0.70537746 0.70861959 0.01734446 -0.70537502 0.70883423 -0.00033909 -0.70536608 0.70884305 0.00048135 -0.7053628 0.70884484 0.00150029 -0.70535183 -0.70597601 0.06384926 -0.70534784 0.7088598 0.00148316 -0.70531869 0.70889014 -0.00053662 -0.70530814 0.70890063 0.0005688 -0.70528644 0.70872104 0.01689687 -0.70528132 0.70892745 0.00026513 -0.70527524 0.7089293 0.0024545 -0.70525253 0.70891625 0.00752131 -0.70520926 0.70899868 0.00081327 -0.70519924 -0.70691091 0.05450829 -0.70518839 0.70901966 -0.00059586 -0.70513177 0.70907414 0.00175325 -0.70510751 0.70908797 0.00421924 -0.70506394 0.70914328 0.00068368 -0.7050004 0.70920658 0.00062539 -0.70499444 0.70919871 0.00446531 -0.70498461 0.70922273 0.0001708 -0.70498288 -0.65526116 0.27135178 -0.70497954 0.70922756 0.00021615 -0.70497125 0.70922297 -0.00426962 -0.70492911 0.70926708 0.00387441 -0.70490742 0.70928335 0.00476755 -0.70489889 0.70929879 -0.00357044 -0.70489031 0.70930743 0.00357891 -0.70486224 0.70933962 -0.00257932 -0.70482767 0.70923489 -0.01427637 -0.70477581 -0.7017743 -0.10394219 -0.70476919 0.7094366 0 -0.70467758 0.70941973 -0.01237368 -0.70466393 0.70953906 -0.00172056 -0.70465261 0.70954776 -0.00257204 -0.70465094 0.7095533 -0.00103074 -0.70463556 0.70956534 -0.0023809 -0.70462781 0.70957696 0.00020644 -0.70462185 0.70957989 0.00209752 -0.70455164 0.70962888 -0.00581115 -0.70453846 0.70951313 0.014716 -0.70452976 0.70967388 -0.00089845 -0.70452356 0.7096706 -0.00377266 -0.70450079 0.70959288 0.0125195 -0.70445037 -0.70767325 0.05429826 -0.70439422 0.70971084 -0.01180673 -0.70434743 0.70985353 0.00162271 -0.70430821 0.709867 -0.00621408 -0.70430762 0.70989496 0.00023202 -0.70429814 0.70962304 0.01998284 -0.70428395 0.70991832 -0.00028167 -0.70424676 0.70959938 -0.02247526 -0.70423555 0.70994455 -0.00557274 -0.70421451 0.70998353 -0.00232056 -0.7041921 -0.66193658 0.25681412 -0.7041676 0.71003133 0.00188917 -0.70412976 0.71005499 0.0048253 -0.70410234 0.71009815 0.00074477 -0.70405561 0.7101447 -0.00044017 -0.70402896 0.7100324 0.01404338 -0.70400751 0.70970005 0.02644744 -0.70395029 0.71024907 -0.00023553 -0.70392519 0.71027195 0.00175111 -0.70392424 -0.7030614 0.10097203 -0.70391446 0.71028471 -0.0002739 -0.70389521 0.71015435 -0.01457171 -0.70382327 0.71027642 -0.01184043 -0.70379198 -0.67810762 -0.21177088 -0.70378411 0.71041393 0 -0.70373225 -0.66717333 -0.24421437 -0.70370108 0.70998138 -0.02704314 -0.70362395 0.71057087 0.00157023 -0.70362383 0.7104882 -0.01094992 -0.70361185 -0.68720144 -0.18078867 -0.70358372 0.71056896 0.00785361 -0.70355433 0.71062773 0.00441401 -0.70354784 0.71064788 -0.0003055 -0.70349431 0.71070069 0.00048857 -0.70345527 0.71071374 -0.00604893 -0.7033776 0.71080899 0.00324212 -0.70332783 0.71086049 -0.00270848 -0.70332778 -0.70103419 0.11781794 -0.70328695 0.71084249 -0.00951493 -0.70327085 -0.70306742 -0.10538696 -0.70327055 0.71078318 -0.01406222 -0.70326555 -0.70043689 0.12167852 -0.70325005 0.71094203 -0.00096927 -0.70321512 0.71097702 -0.00033419 -0.70320356 -0.70313483 -0.10538552 -0.70319319 -0.7031461 0.10537976 -0.70317465 -0.70316321 -0.10538843 -0.70316935 0.71071887 0.02077395 -0.70311141 -0.70322925 -0.10537113 -0.70310599 -0.70323199 0.10538872 -0.70310599 0.71104658 -0.00738605 -0.70310432 -0.7032367 0.10536829 -0.70309895 -0.70326066 -0.10524371 -0.70309502 0.71109021 0.00286665 -0.70300603 0.71116424 -0.00528281 -0.7029115 -0.70343375 -0.10533921 -0.70290142 0.71127439 0.00428863 -0.70282114 0.71136647 0.00037242 -0.70278525 0.71140164 -0.00079547 -0.70254225 -0.61632639 0.35577539 -0.70254081 0.71164197 -0.00142112 -0.70244861 -0.65559959 0.2770471 -0.70244354 0.71173936 0.00040144 -0.70233315 0.71183538 -0.0043297 -0.70230901 0.71185595 -0.004816 -0.70230436 0.71187675 0.00038171 -0.70228601 0.71186429 0.00660038 -0.70227051 0.71179539 0.01278466 -0.70222634 0.7119537 0.00024273 -0.70221198 0.71192646 -0.00769206 -0.70212448 0.71205419 0.00024724 -0.7020334 0.71214402 0.00019158 -0.70202708 0.71214855 -0.00154328 -0.70199156 0.71024609 -0.05252115 -0.70179373 -0.67730445 0.22078091 -0.70172685 0.71238333 -0.00944986 -0.70164192 -0.61887306 -0.35312155 -0.70138121 0.71278626 -0.00053268 -0.70121509 0.712946 0.00234969 -0.70102996 0.7130934 0.00740306 -0.70097941 0.71316838 -0.0043198 -0.70065832 0.71341604 -0.01074718 -0.70057356 -0.71346128 0.01302779 -0.70054519 -0.71349144 0.01290937 -0.70053661 -0.64677781 0.30154067 -0.70036572 -0.64982754 0.29531693 -0.70030832 -0.67162347 -0.24184732 -0.70029616 0.7136026 -0.01888598 -0.70029581 0.71360296 -0.01888699 -0.69985443 -0.65938455 0.27461943 -0.69981766 0.71432143 -5.619e-05 -0.69979835 0.71417153 -0.01553932 -0.69978982 0.71434867 -0.00042645 -0.69971842 0.71402913 -0.02358909 -0.69969356 0.71442074 -0.00566283 -0.69962037 0.71343172 0.03932714 -0.69945997 0.71466851 0.00213868 -0.69945842 -0.6363675 -0.32526052 -0.6994369 -0.67687035 0.22942229 -0.69937879 -0.71471763 0.00693292 -0.69935155 0.71393853 0.03462772 -0.69934696 -0.64871234 0.30014375 -0.69928122 -0.69915074 -0.14897721 -0.69913912 -0.71052015 -0.07978524 -0.69905156 0.71499753 0.01026304 -0.69895166 0.71516818 -0.00095516 -0.69894993 -0.71446615 -0.03173555 -0.69891864 0.71519637 0.00261322 -0.69890928 -0.6968652 -0.16094981 -0.6989091 0.71512747 -0.01089761 -0.69889838 -0.64459258 -0.30990568 -0.69888639 0.71521533 0.00499692 -0.69879258 -0.69695377 -0.16107243 -0.69842494 0.67224103 -0.2455495 -0.69837171 0.7154721 -0.0194095 -0.69834399 -0.64683509 0.3064639 -0.69829303 -0.71419281 0.04812175 -0.69823134 0.71579349 -0.010612 -0.69814008 0.6001575 0.39039907 -0.69783121 -0.69990802 -0.1521852 -0.69758219 0.71648085 0.00585039 -0.697532 -0.68370706 0.21446151 -0.6975131 -0.65287471 0.29534766 -0.69750601 0.66500849 0.26692513 -0.69747823 -0.70820802 0.10938738 -0.69737309 -0.66842914 -0.25859872 -0.69736385 0.71671683 0.00077635 -0.6971398 0.71693498 0.00049128 -0.69708967 0.71698385 0.00049283 -0.69665408 0.7173264 0.01076825 -0.69652253 -0.64989811 0.30411974 -0.69652122 -0.65603715 0.29064313 -0.6964668 0.71758842 -0.00091029 -0.69629192 0.71571124 0.05417571 -0.69623685 0.71781212 0 -0.69574356 -0.69612992 0.17704217 -0.69558203 0.7183547 0.01149862 -0.69548649 -0.71723372 0.04329484 -0.69541085 -0.71485502 0.07338874 -0.69510347 -0.71806753 -0.03478701 -0.694942 0.71887106 0.01673048 -0.6946739 0.71930301 0.00561154 -0.69463819 0.71887207 0.02647337 -0.69440645 0.71942294 -0.01517435 -0.69433379 -0.62029582 0.36487469 -0.69430864 0.71947724 0.01697679 -0.69423503 -0.70994896 0.11836447 -0.69375747 -0.66355973 -0.27998027 -0.69362837 -0.65469664 0.30041969 -0.69357526 -0.69355023 -0.19478542 -0.69355142 0.72018713 -0.01780186 -0.69342655 -0.65702295 0.29577097 -0.69320202 0.72073227 -0.00398867 -0.69317728 -0.60562259 0.39080262 -0.69303411 -0.6911428 -0.20500094 -0.69302458 -0.6070804 0.38880619 -0.69292587 -0.64135695 0.32941592 -0.69260639 -0.71927005 -0.05428505 -0.69253939 -0.66170526 -0.28728971 -0.69241691 -0.64414912 0.3250086 -0.69231206 -0.65763533 0.29701814 -0.69227946 -0.72051132 0.04015815 -0.69207048 -0.70530427 0.15357172 -0.69201601 -0.71514904 0.09836527 -0.6919809 -0.71974957 -0.05588266 -0.69189113 -0.69609958 0.19165628 -0.69163972 -0.67245007 0.26352516 -0.69151098 -0.66553622 -0.28084558 -0.69127399 -0.72155172 0.03877181 -0.69125569 -0.66652346 -0.27912718 -0.69071352 -0.71482211 0.10928872 -0.69068778 -0.62655371 0.36108297 -0.69067997 -0.72071159 0.05946522 -0.69066566 -0.68994457 -0.21669674 -0.69031835 -0.71391153 0.11743485 -0.69024855 0.72341847 0.01492578 -0.69023752 -0.68513554 -0.23272638 -0.69023657 -0.69599026 0.19791667 -0.68977499 -0.66486883 -0.28663537 -0.68976831 -0.64220995 0.33434424 -0.68968713 -0.70598155 0.16100214 -0.68962038 -0.72385204 -0.02149252 -0.68933362 -0.66157472 0.29519165 -0.68932414 -0.62756211 0.36193636 -0.6892733 -0.70277172 -0.17610808 -0.68910009 -0.67069501 -0.27442548 -0.68899196 -0.72140384 -0.06976143 -0.68859088 -0.68740326 0.23090966 -0.68837786 0.7253235 -0.00647152 -0.68830472 0.72522193 0.01702309 -0.68824011 -0.72515887 -0.02168316 -0.68811053 -0.67324865 0.27062899 -0.68758863 -0.62896055 0.36280936 -0.68743151 -0.68866879 0.23059316 -0.68731183 -0.7214697 -0.08416638 -0.6872564 -0.71519738 -0.12716582 -0.68722934 -0.71349245 -0.13654435 -0.68715489 -0.71352166 -0.13676624 -0.68705171 -0.62871891 -0.36424214 -0.68676567 -0.72685462 0.00594996 -0.68669951 -0.63001585 0.36266181 -0.6864301 0.72718835 -0.00328757 -0.68640554 0.72293675 0.0788021 -0.68632293 0.72152221 -0.09146867 -0.68607742 0.72746235 0.00981527 -0.68594521 0.72545117 -0.05656761 -0.68589199 -0.68492579 -0.24582294 -0.68583179 -0.68894947 -0.23448555 -0.68580312 -0.68314302 0.25097775 -0.68576193 -0.71271831 -0.14752372 -0.68514752 -0.67369127 0.27697071 -0.6851418 -0.72770482 -0.03203724 -0.68436855 0.72829658 -0.03498054 -0.68425018 -0.61371148 0.39390361 -0.68416178 -0.69682223 0.21531709 -0.68405235 -0.69501245 0.22142756 -0.68396479 -0.70542395 -0.18592794 -0.68393898 0.72628766 -0.0688016 -0.68392819 0.72708118 -0.05995901 -0.68389136 -0.67393875 -0.27946216 -0.68382508 -0.65288365 -0.32577005 -0.68373811 -0.70153409 -0.20087799 -0.68363798 -0.72025585 0.11777372 -0.68350041 0.72701192 0.06542867 -0.68334323 0.69488096 -0.22401436 -0.68331903 0.72910714 -0.03844459 -0.68330789 -0.72711152 0.06632649 -0.68328494 -0.72826654 -0.05243619 -0.68327487 -0.72899938 -0.04117278 -0.6832059 -0.69547576 -0.2225831 -0.68316978 -0.66753155 0.29610911 -0.68313956 0.73028749 -0.00069236 -0.68308634 0.73033726 -0.00069325 -0.68308157 -0.73013204 0.01751829 -0.6830619 0.71548933 -0.14663363 -0.68303972 -0.69117856 -0.23606956 -0.68303424 -0.68900222 -0.2423636 -0.68296432 -0.68509519 0.25338599 -0.68295693 0.73027891 0.01620563 -0.68279082 0.72985524 -0.03328872 -0.68206304 -0.64007407 -0.35368803 -0.68204701 -0.69328976 0.2327255 -0.68201756 -0.67820513 0.27365997 -0.68189085 -0.72388703 0.10494018 -0.68185407 -0.68052542 0.26825392 -0.68149614 -0.68512213 0.25723648 -0.68144327 -0.70869273 -0.18272775 -0.68122143 -0.62833071 0.37568331 -0.68116027 0.73213392 0.00072522 -0.68099385 0.73228693 -0.00175981 -0.68096626 -0.73208636 -0.01828906 -0.68086809 -0.72885448 0.07204015 -0.68075973 0.70329636 0.20479321 -0.68050557 -0.71945173 -0.13892968 -0.67998636 -0.73303545 0.01666034 -0.67997992 -0.65455854 -0.3304247 -0.67992872 -0.7330482 -0.01836216 -0.67974591 -0.60024905 -0.42148128 -0.67969483 -0.72676712 -0.09911834 -0.6795218 0.73205215 -0.0484743 -0.67931038 -0.65387988 0.3331345 -0.67928201 -0.61225641 0.40462092 -0.67924988 -0.61084682 -0.40679953 -0.67918599 -0.7260682 0.10738377 -0.67912579 -0.65432918 0.3326284 -0.67911577 -0.7264728 0.10506684 -0.67909783 -0.69515604 -0.23576298 -0.67907286 -0.73288953 0.04162894 -0.67895931 -0.72589952 0.10992781 -0.67880791 0.72913855 0.0870453 -0.67859268 -0.62380707 -0.38778424 -0.67841518 -0.69217116 -0.24627636 -0.67835218 -0.71900851 0.15121204 -0.67825991 0.73478037 -0.00783564 -0.67824268 0.73196846 -0.06487715 -0.67815173 -0.66566163 -0.31145588 -0.67814857 -0.68843275 -0.25724483 -0.67770666 0.73419124 -0.04094952 -0.6774416 -0.63002503 -0.37965959 -0.67739058 -0.65255892 -0.33957168 -0.67724943 -0.61217189 0.40814057 -0.67716837 -0.71601945 0.16958559 -0.67699689 -0.70530921 0.21027146 -0.67696387 -0.73239571 0.07291307 -0.67680901 -0.71560603 -0.17273562 -0.6761921 -0.68463761 0.27209496 -0.67611164 -0.61285847 -0.40899578 -0.67609531 -0.63405883 -0.37531924 -0.67591077 -0.72116786 0.15186007 -0.67532527 -0.73561531 -0.05297104 -0.67529434 -0.73026311 -0.10340805 -0.67522216 -0.72006506 0.15994206 -0.67521197 -0.69651484 0.2428084 -0.67504764 -0.67316973 0.30191585 -0.67501312 -0.69937032 -0.23502854 -0.67491901 -0.63419294 -0.3772049 -0.6748876 -0.73757589 0.02255042 -0.67471325 -0.73773777 0.0224715 -0.6746999 -0.72117937 -0.15709922 -0.67469019 -0.73775882 0.02247603 -0.67468554 -0.7377612 0.02253534 -0.6745708 -0.70534241 0.21782172 -0.67434311 -0.69278824 0.25555009 -0.67420137 -0.7381981 0.02271568 -0.67415971 -0.70448339 0.22183745 -0.67414206 -0.73825461 0.02264178 -0.67409086 -0.674447 0.30120203 -0.67402357 -0.67388475 0.30260795 -0.67387038 -0.71481484 0.18691808 -0.67384022 -0.66694635 0.31799683 -0.67382878 -0.6610353 0.33013216 -0.67381674 -0.73385143 0.08621451 -0.67378956 -0.73630416 -0.06215994 -0.67373562 -0.72948146 0.11805591 -0.67372209 -0.67336196 0.30443755 -0.67353988 -0.67353356 0.30446118 -0.67343837 -0.67363942 0.3044515 -0.67295796 -0.67203307 0.30902928 -0.6726414 -0.70015556 0.23944876 -0.67260355 -0.67239165 -0.30902079 -0.67259568 -0.67239404 -0.30903268 -0.67259121 -0.73814774 -0.05252632 -0.67258549 -0.67240381 -0.30903369 -0.67257798 -0.64875519 -0.35602745 -0.67257154 -0.67241997 -0.30902889 -0.67256373 -0.67244321 -0.30899537 -0.67255884 -0.67243457 0.30902478 -0.67254609 -0.6724748 0.3089653 -0.67254341 -0.67245781 -0.30900803 -0.67251122 -0.67238581 0.30923438 -0.67248756 -0.67252451 0.3089841 -0.67248577 -0.67251015 0.30901951 -0.67246175 -0.67253542 -0.30901656 -0.67245024 -0.67254454 0.30902198 -0.67242229 -0.67257434 0.30901781 -0.67242157 -0.67256612 0.30903751 -0.67241603 -0.67258036 0.30901834 -0.67240798 -0.6725834 0.30902901 -0.67238742 -0.67260742 -0.30902174 -0.67238533 -0.68502134 0.28043488 -0.67236024 -0.67261708 -0.30905989 -0.67228353 -0.67267859 0.30909303 -0.67221981 -0.67277259 -0.30902711 -0.67208588 -0.67297024 -0.30888778 -0.67160052 -0.67870057 0.29718381 -0.67128694 0.73870772 0.06070176 -0.67120594 -0.71824688 0.18331409 -0.67117506 -0.61106586 0.41966945 -0.67089117 -0.7002753 -0.24396628 -0.67081499 -0.70547271 -0.22872579 -0.67063051 -0.71741271 -0.18861011 -0.67037416 -0.66698462 0.32516152 -0.66991669 -0.74204642 0.02405562 -0.66973752 -0.72501361 -0.1606451 -0.66959029 -0.71411026 -0.20419444 -0.66957408 -0.73785961 -0.08505151 -0.66934812 -0.74272519 -0.01822992 -0.66915011 0.7430352 0.01169816 -0.66910064 0.68640584 0.28487054 -0.66899681 -0.67673504 -0.30736449 -0.66862905 -0.71968859 0.18703865 -0.66838276 -0.66713196 -0.32893693 -0.66787106 -0.70742595 -0.2312938 -0.66780883 -0.65028155 0.36216748 -0.66770929 -0.6677478 -0.32905516 -0.66764784 -0.66780746 -0.32905883 -0.66752315 0.74435097 -0.01882529 -0.66738361 -0.74414337 -0.02915265 -0.66732508 -0.6200245 -0.41260991 -0.66706854 -0.65717083 -0.35092184 -0.66697466 -0.69986159 -0.25561392 -0.66687304 -0.71459752 0.21125972 -0.66682935 -0.62479168 -0.4061698 -0.66665083 0.74533862 0.00686102 -0.66623425 -0.74555397 0.01676934 -0.66601425 -0.74382198 0.05615915 -0.66580087 -0.56172407 0.49109605 -0.66578341 -0.67960215 0.30801544 -0.6655581 -0.73984969 -0.09825923 -0.66507953 -0.67132491 0.32709634 -0.66506606 -0.66593611 -0.3379589 -0.66475862 -0.63035572 0.40093338 -0.66437107 -0.66274452 0.34551525 -0.6639756 -0.60866988 0.43434709 -0.66395658 -0.6173588 -0.42193571 -0.66366041 -0.64590275 0.37731206 -0.66360801 -0.62815547 0.40625751 -0.66306555 -0.74834573 -0.01796876 -0.66305184 -0.697182 -0.27257955 -0.66277778 -0.73155558 0.15984987 -0.66257012 -0.63957423 0.38980195 -0.6625663 -0.66142893 0.3514505 -0.66246796 -0.62925142 0.40642193 -0.66205674 -0.60590768 -0.4410859 -0.66197687 -0.60750854 -0.43899888 -0.66188884 -0.65900362 0.35723597 -0.66187507 -0.69520116 0.28038681 -0.66160703 -0.69410408 -0.28371748 -0.66141695 -0.61048663 -0.43569914 -0.66127259 -0.60696274 -0.44081154 -0.66106713 -0.70828742 0.24762732 -0.66089982 -0.61006033 0.4370788 -0.66076207 -0.7351833 -0.15132442 -0.66008151 -0.72100091 0.21083196 -0.66006553 -0.74967736 0.04793068 -0.65988761 -0.61972308 -0.42484298 -0.65950108 -0.5948723 0.45954916 -0.65949225 -0.69289464 0.29149112 -0.65902132 -0.60965824 -0.44046316 -0.65899634 -0.67464799 -0.33252659 -0.65876293 0.75230718 0.00807892 -0.65861017 -0.70224744 -0.27033517 -0.65854216 -0.70083261 -0.27414563 -0.65849918 -0.71292806 0.24106546 -0.65815037 -0.64866614 0.38219163 -0.65791112 -0.71245778 -0.24404299 -0.65761155 -0.69319212 -0.29501155 -0.65731609 -0.65891844 0.36573499 -0.65704256 -0.65089697 0.38030025 -0.65702873 -0.67065763 -0.34428421 -0.65695059 -0.71645647 -0.23474659 -0.65678239 -0.70286179 -0.27317035 -0.65653384 -0.64096987 0.39764428 -0.65624303 -0.63992316 -0.39980432 -0.65613431 -0.67873746 -0.32985318 -0.65612334 -0.7063359 -0.26569098 -0.65607041 -0.71622747 -0.2378861 -0.65556335 -0.61314034 -0.44078964 -0.65538198 -0.58256131 -0.48072517 -0.65513957 -0.70609796 -0.26873362 -0.65480673 -0.63515687 -0.40963864 -0.65479225 -0.65350622 0.37970611 -0.65475601 0.75169694 -0.07903241 -0.65444326 0.75196099 -0.07911149 -0.65444154 -0.75606722 0.00828418 -0.65440172 0.75201583 -0.0789348 -0.65431988 0.75208443 -0.07895903 -0.65431404 -0.65415376 -0.37941536 -0.65382439 -0.71168309 -0.25694528 -0.65377778 -0.64827579 0.39027342 -0.65372467 -0.66584969 0.3595669 -0.65358633 -0.6513319 0.38547584 -0.65348083 -0.58275968 0.4830673 -0.65339899 -0.73636055 -0.17562185 -0.65316093 0.75208253 -0.08804946 -0.6529308 -0.63009298 -0.42031428 -0.65270323 -0.70676118 -0.27288681 -0.6527003 -0.6405251 0.40461075 -0.6523881 -0.63957232 -0.40661657 -0.65220612 -0.70960456 -0.26662454 -0.65211469 -0.74756759 -0.12605202 -0.65210456 -0.65221947 0.38648349 -0.6520986 -0.63961959 -0.40700617 -0.65209657 0.75810975 0.00630556 -0.65208453 -0.64971918 0.39070541 -0.6515395 0.75820851 0.02482422 -0.65152687 -0.61706263 -0.44130078 -0.65147668 -0.73490775 -0.18838428 -0.65128076 -0.73550671 0.18671687 -0.65117788 -0.6816383 -0.33367151 -0.65085649 -0.65449798 0.38473126 -0.65062237 -0.63905025 -0.41025043 -0.65061998 -0.6932646 0.30996409 -0.65048033 -0.67723286 -0.34384733 -0.65023035 -0.65328526 0.3878386 -0.64997452 -0.62236249 0.43611693 -0.64985067 0.75939435 -0.03184812 -0.64934719 -0.75403571 -0.09888525 -0.64826304 -0.69842887 -0.30323642 -0.64822906 -0.60886973 0.45724916 -0.64817989 -0.74435711 -0.16060957 -0.64781964 -0.71898925 0.25176236 -0.64760578 -0.63790959 -0.41674706 -0.6470179 -0.68045813 0.3440125 -0.64684647 -0.62401277 -0.43840355 -0.64572752 -0.71029633 0.28020528 -0.64566314 -0.71509838 0.2678681 -0.64542186 -0.65509665 -0.39278382 -0.64539266 -0.65508568 -0.3928501 -0.64506167 -0.69854552 -0.30972505 -0.64486116 -0.66324419 -0.37981731 -0.64457703 -0.56491965 0.51515663 -0.64451748 -0.67554754 0.35809597 -0.64439535 0.75669533 -0.11030357 -0.64429384 -0.70532298 -0.29564306 -0.64393592 -0.6279797 -0.43702185 -0.64319628 -0.66939986 -0.37175569 -0.6431725 -0.70877916 -0.28976074 -0.6426717 -0.64956474 -0.40624955 -0.64254969 -0.7038976 -0.30275089 -0.64200741 -0.7423048 -0.19185947 -0.64198548 -0.69727635 0.31884202 -0.64188379 -0.70639497 -0.29831392 -0.64151764 -0.6381709 0.42566764 -0.64087456 -0.63122553 -0.43684572 -0.63999224 -0.68143821 -0.35503781 -0.6398499 -0.61262935 -0.4639799 -0.63930571 -0.68387294 -0.35157663 -0.63894379 -0.66783434 0.38176987 -0.63886935 -0.6815275 0.35688412 -0.63886082 -0.6650117 0.38680267 -0.63881451 -0.66534805 0.38630024 -0.63875967 0.63872021 -0.42897838 -0.63787615 -0.65063411 0.4120549 -0.63718832 -0.66532373 -0.38901839 -0.63713944 -0.57677811 -0.51125365 -0.63710743 -0.698708 -0.32542464 -0.63702619 -0.67275178 -0.37630114 -0.63681203 -0.60085487 -0.48316038 -0.63607806 -0.70731127 0.30840793 -0.6360721 -0.55949408 -0.53139311 -0.63603604 -0.69624394 -0.33271983 -0.63594311 -0.60155582 0.48343241 -0.6356625 -0.64002031 0.43163329 -0.63522226 -0.6848256 0.35708076 -0.63515955 -0.57281268 0.51812935 -0.63494062 -0.68498701 0.35727191 -0.63469303 -0.72909456 0.25609741 -0.63416332 -0.59600395 0.49256098 -0.6339221 -0.5584206 -0.53507859 -0.63367856 -0.68946153 -0.35084781 -0.63349289 -0.68363345 -0.36239761 -0.63327283 -0.5833993 -0.50853801 -0.63305616 -0.73394132 0.24610986 -0.63281095 -0.66278398 -0.40033463 -0.63270634 -0.65763587 -0.408898 -0.63241935 -0.58158296 0.51167089 -0.6324172 -0.576056 0.51788795 -0.63211638 -0.73353738 0.24970353 -0.63201243 -0.56556183 -0.5298115 -0.63181067 -0.67516309 0.38074926 -0.6317721 -0.70026761 -0.3323991 -0.63166666 -0.69935215 -0.33452028 -0.63148439 -0.69926459 -0.33504692 -0.63057053 -0.69423759 0.34700847 -0.6305269 -0.69379061 0.34798062 -0.63015485 -0.55360115 0.54445451 -0.63008183 -0.69794005 0.34040666 -0.62943733 -0.68924236 -0.35882255 -0.62935054 -0.66975075 -0.39414704 -0.62927979 -0.58163679 0.51546639 -0.62820482 0.631859 -0.4539966 -0.6281122 -0.63865972 -0.44450963 -0.62755919 -0.56755883 -0.53296012 -0.62721109 -0.77851897 -0.02268167 -0.62695575 -0.59269881 -0.50560325 -0.62683141 -0.77882928 -0.02252333 -0.62653452 -0.77868199 -0.03329918 -0.62626171 -0.67375129 0.39224422 -0.62606448 -0.57918972 0.52209437 -0.62596649 -0.77928662 -0.02963691 -0.62566614 -0.66603315 -0.40613014 -0.62558722 -0.61159283 0.48435006 -0.62551713 -0.61166674 0.48434719 -0.62449968 -0.58704263 -0.51515162 -0.62379903 -0.67145991 -0.40002027 -0.62353915 0.70048171 0.34716624 -0.6233657 -0.65723032 -0.42363137 -0.62252313 -0.66515869 -0.41234541 -0.6224153 -0.59426159 -0.50936472 -0.62236321 -0.58309978 0.52216721 -0.62233353 -0.71033412 -0.32882568 -0.62171471 -0.59304017 -0.5116387 -0.62147188 -0.59035236 0.5150308 -0.62142026 -0.6745826 -0.39846593 -0.62112755 -0.59832102 -0.50617456 -0.62071365 -0.61913908 -0.48102114 -0.62051237 -0.56042838 0.54852939 -0.62028408 -0.64260244 0.44978851 -0.62002152 -0.56135833 0.54813337 -0.61985868 -0.63142318 -0.46591839 -0.6194706 -0.67053521 -0.40821409 -0.61937618 -0.53522587 -0.57437479 -0.61921817 -0.6878975 0.3786369 -0.61910737 -0.70286155 0.35027373 -0.61880696 -0.59265786 0.5155915 -0.61847109 -0.59473771 0.51359588 -0.61835241 -0.68306571 -0.38866627 -0.61833668 -0.63612634 0.46152249 -0.61804301 -0.54866403 -0.56301922 -0.61751348 -0.62922025 -0.47197351 -0.61730695 -0.54087955 0.57129806 -0.61700493 -0.65431845 -0.43723252 -0.61613399 -0.70142865 -0.35829708 -0.61537921 -0.57547337 -0.53864539 -0.61535752 0.77867979 -0.12244586 -0.61519575 -0.57667977 -0.53756368 -0.61516303 -0.62881851 -0.47556475 -0.61515528 -0.64310783 -0.45606607 -0.61496931 -0.67014033 0.41560137 -0.61462635 -0.63307554 -0.47058451 -0.61462516 -0.68725735 -0.38718623 -0.61407119 -0.61141151 0.49909183 -0.61404014 -0.55977684 0.55642122 -0.61389565 -0.52225751 -0.59192842 -0.613635 -0.66608876 0.42400205 -0.61324662 -0.66622746 0.42434603 -0.61288315 -0.65451252 0.44270495 -0.61276114 -0.61258715 0.49926016 -0.61275703 -0.61259598 0.49925447 -0.61273766 -0.61261207 -0.49925849 -0.6126557 -0.61269188 -0.49926102 -0.61264426 -0.61270016 0.49926502 -0.61263549 -0.6127106 -0.49926296 -0.61260837 -0.61272174 0.49928254 -0.61255091 -0.61281043 0.4992443 -0.61160499 -0.58080488 -0.53721964 -0.61133057 -0.57127678 0.54764748 -0.61053532 -0.63253331 0.47660071 -0.61030465 -0.62657994 -0.4846915 -0.6098147 -0.65992725 0.43888727 -0.60942358 -0.79257584 -0.02064542 -0.60933262 -0.63748199 -0.47151935 -0.60930586 -0.64169192 0.4658089 -0.60876924 -0.64881063 -0.45655754 -0.60873735 -0.65972465 -0.44068393 -0.60764861 -0.59467536 0.52642608 -0.60761952 -0.66222626 0.43846884 -0.60756475 -0.59450668 0.52671343 -0.60706192 -0.5592137 -0.56458473 -0.60656255 -0.62818301 0.48730689 -0.60650969 -0.69190991 -0.39167169 -0.60630476 -0.65301806 0.45383042 -0.60629356 -0.6090166 -0.51137751 -0.60625094 -0.63578159 0.47774655 -0.60622275 -0.64589351 -0.46402124 -0.60585767 0.79162878 0.07912287 -0.60584736 0.79166156 0.07887388 -0.60579318 -0.66182679 0.4415879 -0.60577393 0.79169577 0.07909384 -0.60572463 0.79173505 0.07907677 -0.60569364 -0.58320111 -0.54130548 -0.60558397 0.79187328 0.07877047 -0.60556436 0.7918632 0.0790212 -0.60515696 -0.58331418 0.54178363 -0.60464889 -0.60320663 0.52013606 -0.60443455 -0.48066399 -0.63531166 -0.60433924 -0.56009734 -0.56662613 -0.60406077 -0.60207671 0.52212477 -0.60387206 -0.63994515 0.47519338 -0.60301501 -0.65398222 -0.45681521 -0.60275918 -0.57132488 -0.55701816 -0.60255688 -0.65839773 0.4510406 -0.60242319 -0.64841574 -0.46544954 -0.60234004 -0.65002072 -0.46331364 -0.60214764 -0.679371 -0.41937256 -0.60180295 -0.6548788 -0.45712909 -0.60176897 -0.67904985 -0.42043504 -0.60165817 -0.58058554 0.54856902 -0.60163653 -0.66970706 -0.43534574 -0.6015358 -0.66870809 -0.43701747 -0.60133678 -0.64931387 -0.46560228 -0.60074353 -0.51776928 0.60911602 -0.60051554 -0.63632798 -0.48421887 -0.60044366 -0.54044557 -0.58939469 -0.5997408 -0.57234663 -0.55922306 -0.59964347 -0.63134283 -0.4917663 -0.59933698 -0.63747323 -0.48417261 -0.59925354 -0.58986217 0.54125571 -0.59915209 -0.64992207 0.46756616 -0.59842443 -0.57758284 0.55523521 -0.59822553 -0.56790084 -0.56534493 -0.59793514 -0.60688514 -0.52360678 -0.59767061 -0.59787166 0.53417182 -0.59681922 -0.59560817 0.53764075 -0.59663999 -0.59655845 -0.53678548 -0.59659821 -0.66972762 0.44219398 -0.59658414 -0.55842197 -0.57641333 -0.59647954 -0.59672612 -0.53677756 -0.59632248 -0.60510743 0.52748889 -0.59631467 -0.5616349 0.57356352 -0.59579933 -0.59643143 0.53785932 -0.5948208 -0.6709401 0.44275007 -0.59467238 -0.62069696 0.51097953 -0.59462714 -0.49651137 0.63237262 -0.59435666 -0.62107778 -0.51088423 -0.59427005 -0.62098455 0.51109821 -0.59416324 -0.62095749 0.5112552 -0.59378856 -0.61485344 -0.51900905 -0.59374815 -0.59364718 -0.54318142 -0.59372091 -0.52238464 -0.61205375 -0.59371936 -0.59370685 -0.5431478 -0.59345579 -0.59433275 0.54275101 -0.59321177 -0.65741158 0.46466103 -0.59313428 -0.59428233 -0.54315764 -0.59310466 -0.59461612 0.54282457 -0.59291071 -0.65797377 -0.46424916 -0.5919683 -0.59557647 -0.54301202 -0.5916903 -0.57800585 0.56197137 -0.59131896 -0.64275563 0.48703918 -0.59072739 -0.5006898 0.63273287 -0.5903613 -0.55196047 -0.58890843 -0.59010535 -0.6489017 0.48031476 -0.59006709 -0.589324 0.55183148 -0.5898068 -0.58965987 0.55175096 -0.58978528 -0.58973801 0.5516904 -0.58977336 -0.58971792 0.55172467 -0.58973974 -0.58977282 0.55170208 -0.58968657 -0.58979505 0.55173492 -0.58947486 -0.60273409 -0.53780204 -0.58937478 -0.60268348 -0.53796834 -0.58907855 -0.5539493 -0.58832526 -0.58846736 -0.52743918 0.61279207 -0.58823389 -0.53199875 0.60906345 -0.58805311 -0.61074626 -0.53026634 -0.58769512 -0.53795314 -0.60433513 -0.58717716 -0.5914892 0.55259705 -0.58712393 -0.52841443 -0.61324024 -0.58681214 -0.65126306 0.48115283 -0.58673954 -0.53879774 0.60451114 -0.58661711 -0.66378796 -0.46396765 -0.58607596 0.77405399 0.23948985 -0.58480781 -0.52549922 -0.61794037 -0.58432978 -0.57484406 -0.57281142 -0.58423042 -0.52917045 -0.61534828 -0.58405238 -0.66090196 0.4712657 -0.58368295 -0.66974014 -0.45908877 -0.58351099 -0.53247249 -0.61317843 -0.58291972 -0.60030198 -0.54757833 -0.58206189 -0.52209729 -0.62339252 -0.58160102 -0.63708419 -0.50582993 -0.58095753 -0.61833692 0.52929002 -0.58080244 -0.60174227 -0.54824686 -0.5795514 -0.55444682 -0.597251 -0.57947218 -0.57471704 -0.57785147 -0.57872397 -0.59074855 -0.56222302 -0.57849133 -0.63623911 0.51043862 -0.57800734 -0.53890961 -0.61276734 -0.57734782 -0.52573812 0.62471515 -0.57682401 -0.63236064 0.51710153 -0.5763194 -0.53730386 -0.61576009 -0.57618064 -0.51853544 0.63177282 -0.57573032 -0.59272081 -0.56321979 -0.57568747 -0.59706306 -0.55865878 -0.57566053 -0.54519403 0.60940832 -0.57565051 -0.56901914 0.58723402 -0.57556677 -0.54378015 0.61075854 -0.57547635 -0.48584253 0.65786326 -0.57512903 -0.49411008 -0.65198302 -0.57499522 -0.55842894 0.59794444 -0.57455415 -0.61241126 -0.54299164 -0.5738039 -0.65607512 -0.49021879 -0.57370502 -0.50631177 0.64382505 -0.57341099 -0.57068902 -0.58780432 -0.57264042 -0.57173502 -0.5875389 -0.57248324 -0.46212772 0.67727458 -0.57227027 -0.57182968 -0.58780754 -0.57224673 -0.57192528 0.58773738 -0.57218635 -0.57156348 0.58814788 -0.57218373 -0.57196355 0.58776146 -0.57213944 -0.57198793 0.58778083 -0.57213855 -0.57198989 0.5877797 -0.57211494 -0.57201403 0.58777928 -0.5720945 -0.57202727 -0.58778632 -0.57209414 -0.57202739 -0.58778644 -0.57208413 -0.57203966 -0.58778429 -0.57207829 -0.57204157 -0.58778822 -0.57206899 -0.57205451 -0.58778447 -0.57206577 -0.57205892 -0.58778346 -0.57206368 -0.57205427 -0.58778989 -0.57205707 -0.57206452 -0.58778626 -0.57205093 -0.57206237 0.58779442 -0.57204336 -0.57208008 0.58778453 -0.57204294 -0.57208061 0.58778447 -0.5720365 -0.57208186 0.58778954 -0.57202238 -0.57210428 -0.58778149 -0.57202083 -0.57210058 0.58778661 -0.57201892 -0.57210237 0.58778656 -0.57201612 -0.57210308 0.58778876 -0.57200813 -0.57211196 0.58778787 -0.57200152 -0.57212824 -0.58777839 -0.57186991 -0.57221639 0.58782065 -0.57182658 -0.57230413 0.5877775 -0.57175815 -0.57232547 0.58782327 -0.57158881 -0.57248265 0.58783489 -0.57155192 -0.57261616 -0.58774072 -0.5711087 -0.67760384 -0.46334422 -0.57081389 -0.48668978 -0.66129011 -0.57011598 -0.57051659 -0.59116715 -0.56913078 -0.51485497 -0.64110428 -0.56902498 -0.60481578 -0.55714315 -0.56886739 -0.64870352 -0.50554287 -0.56862438 -0.55611151 0.60614043 -0.56815463 -0.59476972 0.56872606 -0.5678249 -0.6172657 -0.5445714 -0.56614113 -0.56355935 0.60156894 -0.56589806 -0.5278061 0.6333878 -0.56571448 -0.64148581 -0.51813424 -0.56568581 -0.57792717 0.58821744 -0.56539977 -0.58015114 0.58630008 -0.56522524 -0.57793176 0.58865541 -0.5652163 -0.63572437 0.52572346 -0.56515425 -0.57769388 0.58895719 -0.5648821 -0.62784374 0.53546274 -0.56458461 -0.60333955 -0.56322783 -0.5637663 -0.56624788 -0.60127431 -0.56345868 -0.56620312 -0.60160482 -0.56253564 -0.59082669 -0.57834017 -0.56089503 0.82765889 -0.01942954 -0.56069535 -0.53459519 -0.63232005 -0.56041503 -0.62970495 0.53796548 -0.56036049 -0.62966412 0.53806996 -0.55925757 0.67211461 0.48527619 -0.55923164 -0.57039177 0.60159218 -0.55910021 -0.55854416 0.61272776 -0.55904889 -0.63173312 0.53700793 -0.5589292 -0.48126006 -0.67526805 -0.55892307 -0.50162286 -0.66028738 -0.55855829 -0.59714562 0.57569939 -0.55834019 -0.55900908 -0.61299682 -0.55823195 -0.56691754 -0.60579014 -0.5568555 -0.53076446 0.63890612 -0.55620235 -0.54762322 -0.62509829 -0.55554247 -0.53894091 -0.63317877 -0.55502301 -0.50433487 0.66151017 -0.55472726 -0.51680517 -0.65206605 -0.55456591 -0.53441316 -0.63785523 -0.55454826 -0.51296419 -0.65524346 -0.55415004 -0.53634918 0.63659048 -0.55366409 -0.60664719 -0.57046932 -0.5533483 -0.56581551 -0.61127609 -0.55334097 -0.55322063 -0.62270439 -0.55328 -0.55326474 -0.62271929 -0.55326158 -0.5532949 -0.62270886 -0.55325192 -0.55330563 -0.62270802 -0.55320126 -0.55338353 -0.62268382 -0.55319524 -0.55335182 -0.62271732 -0.5519383 -0.52217823 -0.65014929 -0.55174494 -0.5941543 -0.58528477 -0.55099857 -0.60419226 0.57563215 -0.55061769 -0.59234631 0.58817178 -0.55059892 -0.59224188 0.58829445 -0.55048436 -0.62215841 -0.55667388 -0.55038136 -0.62065029 -0.55845636 -0.55013168 -0.54118747 0.63598055 -0.54964542 -0.5057413 -0.66491771 -0.54948479 -0.54791635 -0.63075691 -0.54946148 -0.56465358 -0.61583966 -0.54885024 -0.54862171 0.63069618 -0.54884475 0.83346611 -0.06405972 -0.54877317 -0.54871345 0.63068348 -0.54876179 -0.548724 0.6306842 -0.54857755 -0.61792588 0.56323206 -0.5485155 -0.50100774 -0.66941923 -0.54839575 -0.47939736 -0.68515724 -0.54827136 -0.54916465 0.63072705 -0.5481233 -0.54897481 -0.63102102 -0.54731315 -0.57381123 -0.60925287 -0.5465641 -0.48640397 0.68167347 -0.54612297 -0.59280014 0.59189326 -0.54545617 -0.545232 0.63655287 -0.54541278 -0.54527962 0.63654929 -0.54533619 -0.54533893 0.63656408 -0.54370356 -0.48993689 0.68143106 -0.54257011 -0.57939017 -0.60821432 -0.54245645 -0.54333401 0.64072549 -0.54206425 -0.58680493 0.60152 -0.54197568 -0.5865224 0.60187536 -0.54194218 -0.50170553 -0.67423308 -0.54108977 0.79851872 -0.26379877 -0.54102039 -0.53574383 0.64828658 -0.54078901 -0.52459401 0.65753204 -0.54070652 -0.52445161 0.65771347 -0.54062945 -0.58856422 0.60109234 -0.53900218 -0.45280251 -0.710244 -0.53876895 -0.49917251 -0.67864192 -0.53863961 -0.54838473 -0.63964182 -0.53861588 -0.49855679 -0.67921567 -0.53854513 -0.49836698 -0.67941105 -0.5381639 -0.57743257 0.61396354 -0.53761727 -0.84315664 0.00738833 -0.53748697 -0.84323823 0.00754644 -0.53748691 -0.84323829 0.00754644 -0.53737432 -0.47868195 -0.69432878 -0.53722984 -0.84340167 0.00758986 -0.53701127 -0.60541344 0.58744663 -0.53687012 -0.84363025 0.0076506 -0.53685063 -0.84364343 0.00754794 -0.53584772 -0.51430875 -0.66959232 -0.53508484 -0.56390911 0.62903947 -0.53246135 -0.60613805 0.59083122 -0.53245234 -0.50170648 0.68175149 -0.53193587 -0.4220511 0.7341097 -0.53181922 -0.54439819 0.64869016 -0.53023529 -0.47005439 0.70561993 -0.53004271 -0.54171365 0.652381 -0.52960414 -0.52970457 -0.66251987 -0.52916551 -0.58854371 0.61122847 -0.52879196 -0.58233666 0.61746508 -0.52790731 -0.50933707 0.67962456 -0.52662009 -0.47341174 -0.70608252 -0.52583557 -0.49436751 0.69216889 -0.52563322 -0.52445894 -0.6698153 -0.52526003 -0.52488923 -0.6697709 -0.52525258 -0.47160944 -0.70830387 -0.52515846 -0.52499622 -0.66976672 -0.5251314 -0.52503133 0.66976064 -0.52506137 -0.52509868 -0.66976267 -0.52506036 -0.52509409 0.66976702 -0.52505451 -0.52510297 0.6697647 -0.52502817 -0.52512479 0.66976815 -0.5249728 -0.5252142 -0.66974151 -0.52483106 -0.5775491 0.62529147 -0.52464825 -0.58101428 0.62222707 -0.52350676 -0.60771406 0.59718025 -0.52332658 -0.44322032 -0.72779471 -0.52239394 -0.47842544 -0.70584244 -0.52190703 -0.49702293 -0.69323963 -0.52114135 -0.54197693 -0.65929723 -0.52091992 -0.5263322 0.67202449 -0.52030653 -0.49735084 0.69420695 -0.51965028 -0.49813363 0.69413716 -0.51956177 -0.43466863 0.73560762 -0.51946962 -0.53588772 -0.66556418 -0.51932389 -0.53580254 -0.66574645 -0.51902437 -0.54808271 0.65591091 -0.51680082 -0.55318326 -0.6533798 -0.51563209 -0.48758459 0.7045458 -0.51529968 -0.55921417 0.64941955 -0.51483208 0.85496908 -0.06305335 -0.5144791 0.85454029 -0.07121848 -0.51438284 0.85458511 -0.07137652 -0.51437312 -0.48185077 -0.70939428 -0.51382518 -0.54507285 -0.6624797 -0.51362711 -0.57781899 0.6342811 -0.5136165 0.85504413 -0.07139812 -0.51204813 -0.54016131 0.66785663 -0.51140743 -0.60322541 0.61203074 -0.51023126 -0.46901211 0.72089636 -0.50988984 -0.5566662 -0.65584695 -0.50912106 -0.4792808 0.71490258 -0.50893962 -0.50867438 -0.69442844 -0.50860709 -0.55831063 0.65544492 -0.5084908 -0.47541615 0.71792519 -0.50719923 -0.55248785 -0.6614424 -0.50676817 -0.57508302 0.64223474 -0.50611448 -0.49348071 0.70733649 -0.50588965 -0.57553107 0.64252597 -0.50567877 -0.48685944 -0.7122196 -0.50528646 -0.42789614 -0.7493934 -0.5049156 -0.48106155 0.71668679 -0.50491548 -0.4746556 -0.72094542 -0.5047127 -0.43995869 -0.74276602 -0.50372994 -0.52659798 0.68479973 -0.50361401 -0.45579535 -0.73390973 -0.50339097 -0.53437388 0.67900085 -0.50253153 -0.52647084 -0.68577725 -0.50228888 -0.86464566 -0.00968681 -0.50152129 -0.43247023 0.74929696 -0.50128543 -0.48641542 -0.71562076 -0.50120646 -0.5424431 0.67420143 -0.50038952 -0.53687763 -0.67924428 -0.50025892 -0.48098469 -0.71999639 -0.50004196 -0.50666541 -0.70231628 -0.49991459 -0.41428921 0.7605589 -0.49967057 -0.44384131 -0.7438643 -0.49896157 -0.56025934 -0.6611709 -0.49889627 -0.47937712 -0.72201115 -0.49850413 -0.55760378 -0.66375566 -0.49820456 -0.52064496 -0.69334042 -0.49714988 -0.52023739 -0.69440258 -0.49666098 -0.51623517 0.69773144 -0.49663353 -0.51626205 0.69773108 -0.49592465 -0.43865144 -0.74942893 -0.49509677 0.86599404 -0.07023916 -0.49507415 -0.53334504 -0.68588978 -0.49478936 -0.48316133 -0.72231483 -0.49440899 -0.53931981 -0.68168473 -0.49408087 -0.48820812 0.71940047 -0.49351507 -0.45050004 -0.74397093 -0.49348992 -0.42826611 0.7570045 -0.49346304 -0.49253571 -0.71687025 -0.4929643 -0.53768945 0.6840148 -0.49277878 -0.53963327 0.68261641 -0.49273044 -0.54814345 0.67583692 -0.49231607 -0.464719 0.7359764 -0.49209404 -0.52691644 0.6929664 -0.49196994 -0.54407287 0.67966932 -0.49101779 -0.41356084 -0.76672608 -0.49096471 -0.49054843 0.71994162 -0.49058762 -0.49099115 -0.71989685 -0.49036196 -0.43655533 -0.75429744 -0.48988399 -0.56015474 -0.66801232 -0.4896442 -0.48025471 -0.72773898 -0.48809007 -0.54187411 -0.68420798 -0.4879646 -0.57100683 -0.66018307 -0.4875631 -0.50140613 0.71475464 -0.48722848 -0.3963027 0.77817255 -0.48710391 -0.53024006 -0.69395626 -0.48706433 -0.47770336 -0.73114145 -0.48593822 -0.44102138 -0.75456232 -0.48569322 -0.52048063 0.70228344 -0.48566845 -0.47111103 -0.73632908 -0.48558706 -0.52197617 0.7012462 -0.48494652 -0.54434937 -0.68447828 -0.48487854 -0.54655206 -0.682769 -0.48442259 -0.4426972 -0.75455546 -0.4843879 -0.45107612 -0.74959904 -0.48382446 -0.52839869 -0.69764501 -0.48365718 -0.87525731 0.00056478 -0.48300326 -0.55618447 0.67628884 -0.48298013 -0.87562948 0.00184625 -0.48275816 -0.87571943 -0.00774845 -0.48211351 -0.87607658 -0.00750816 -0.48207209 -0.45008072 -0.75168723 -0.48111874 -0.48367828 -0.73114979 -0.48036373 -0.40802401 0.77638078 -0.47975442 -0.46829188 -0.74198276 -0.47964665 -0.45512742 0.75019866 -0.47947967 -0.45286873 -0.75167102 -0.47942218 -0.45532587 0.75022185 -0.47873449 -0.55136812 0.68323231 -0.47849968 -0.53843129 -0.69363523 -0.47847664 -0.47700605 -0.73724169 -0.47839993 -0.43818593 0.76100367 -0.47835687 -0.54139853 -0.6914205 -0.4782424 -0.44950333 -0.75447392 -0.4777315 -0.47823223 -0.73693049 -0.47726095 -0.50006425 0.72260493 -0.47647071 -0.56267017 0.67555743 -0.47624448 -0.54108989 -0.69311821 -0.47447979 -0.47446293 0.74145401 -0.4736647 -0.50889879 -0.71879327 -0.47306633 -0.50418967 0.72249633 -0.47299835 -0.55774295 -0.68205237 -0.47286561 -0.44372246 0.76125461 -0.47284046 -0.47359201 0.74305618 -0.47245353 -0.53779584 -0.69825739 -0.47119164 -0.48705763 0.73535937 -0.47029278 -0.62178576 0.62626433 -0.47024181 -0.53890407 0.69889563 -0.47021031 -0.56023735 0.68193573 -0.46981275 -0.479707 -0.74105138 -0.46965918 -0.41994172 0.77657533 -0.46951431 -0.48294494 -0.73913497 -0.46681267 -0.48759443 -0.73779225 -0.46592423 -0.44400731 0.76535749 -0.46508041 -0.41998428 0.77930313 -0.46491122 -0.46259838 -0.75489092 -0.46460721 -0.44067234 -0.76808077 -0.46425366 -0.44065988 0.76830161 -0.46416265 -0.46362147 -0.75472403 -0.46416071 -0.45595625 -0.75938046 -0.46373281 -0.51834816 -0.7185173 -0.46201533 -0.47251654 -0.75051308 -0.4618398 -0.46637395 -0.75445294 -0.46175689 -0.4020648 0.79064822 -0.46157226 -0.54229039 -0.7020486 -0.46130183 -0.44230041 0.76913649 -0.46130183 -0.44230035 0.76913649 -0.46119362 -0.50386351 0.73035741 -0.46077916 -0.46048832 -0.75870484 -0.45991728 -0.52929264 -0.71296948 -0.45968452 0.885194 0.07156719 -0.45963076 0.88522393 0.0715414 -0.45946062 0.88531303 0.0715318 -0.45906258 -0.49441424 -0.73811662 -0.45892835 -0.45955026 -0.76039356 -0.45880151 0.88567847 0.07123844 -0.45829663 0.88594955 0.07111676 -0.45814717 0.88602775 0.07110547 -0.45799559 -0.52023703 -0.72082835 -0.45742443 -0.41018435 0.78899407 -0.45726869 -0.43263295 0.77700329 -0.45660096 -0.41490725 -0.78699905 -0.45616207 -0.44421303 -0.7710973 -0.45612019 -0.47132239 -0.7548573 -0.45570555 -0.47029078 0.7557506 -0.45518818 0.63095742 -0.62824887 -0.45298684 -0.49317279 -0.74268675 -0.45278627 -0.43202531 0.77996075 -0.45270097 -0.43195307 0.78005022 -0.45185113 -0.44327509 -0.77416915 -0.45163533 -0.42280939 0.78565753 -0.45111695 -0.44238317 -0.77510679 -0.45040849 -0.41744044 0.78922474 -0.44874805 -0.48475772 0.75075638 -0.44720832 -0.4622938 -0.76569521 -0.4460105 -0.4664942 0.76384401 -0.44381416 -0.4835057 0.75448734 -0.44370517 -0.47361946 0.76079583 -0.44348031 -0.49881324 0.74465466 -0.44325498 -0.89624619 -0.01636446 -0.4424963 -0.44073468 -0.78099293 -0.44217774 -0.49006367 0.75120997 -0.44164971 -0.41389081 -0.79601508 -0.44153339 -0.41442809 -0.79580003 -0.4413332 -0.48596966 0.75435972 -0.43995771 -0.40543383 0.80128694 -0.43985879 -0.39232305 -0.80784082 -0.43943077 -0.48074266 -0.75880629 -0.43908674 -0.45226711 0.77631009 -0.43868405 -0.40034714 0.8045361 -0.4385345 -0.37999186 -0.81442833 -0.43836156 -0.37233302 -0.8180508 -0.43824837 -0.38083616 -0.814188 -0.43781078 -0.61036772 -0.6601311 -0.43745515 -0.39973512 0.80550897 -0.43698254 -0.52983385 0.72685784 -0.43687323 -0.37112638 -0.81939429 -0.43668875 -0.39645302 -0.80754441 -0.43641692 -0.45868868 0.77404451 -0.43609273 -0.42086115 -0.79542375 -0.43509781 -0.4593778 0.77437842 -0.43500745 -0.36878437 -0.82144177 -0.43467155 -0.45376998 -0.77791619 -0.43449938 -0.3751004 0.81884664 -0.43449885 -0.44545832 -0.78280121 -0.43438271 -0.45358607 -0.77818459 -0.43400326 -0.49416018 0.75329065 -0.43383974 -0.35661587 0.82741058 -0.43379739 -0.49309981 0.75410366 -0.43323532 -0.41245502 0.80136645 -0.43280983 -0.47442293 0.76654983 -0.43176231 -0.39595464 -0.81043273 -0.43164834 -0.40428895 0.80636853 -0.43156987 -0.53493166 0.7263577 -0.43042892 -0.45145166 -0.78161526 -0.43039137 -0.44450721 0.78560585 -0.42855668 0.58996075 0.68431389 -0.4280324 -0.42714766 0.79645032 -0.42772505 -0.45102412 -0.78334451 -0.42764103 -0.42761743 0.79640847 -0.42762059 -0.4276354 0.79640979 -0.42736873 -0.42874181 0.79595011 -0.42629972 -0.47411951 0.77037597 -0.42549735 0.87055594 -0.2471523 -0.42479488 -0.48560843 0.76402473 -0.42373911 -0.4229514 -0.80097276 -0.42330983 -0.46694112 0.77638566 -0.42208716 -0.42446852 0.80104232 -0.42180869 -0.39907286 -0.81413656 -0.42156023 -0.4172695 -0.80509204 -0.42120987 -0.34393904 -0.83921874 -0.42012501 -0.37280777 -0.82735085 -0.41880384 -0.41793406 -0.80618519 -0.41829374 -0.41841191 -0.80620217 -0.41820902 -0.33702618 -0.84351319 -0.41760892 -0.32967356 -0.84671015 -0.41707706 -0.48945588 0.76581955 -0.41639939 -0.31507915 -0.8528403 -0.41610798 -0.41517866 0.80899984 -0.41589966 -0.41529289 0.80904847 -0.4157925 -0.41546044 0.80901742 -0.41574806 -0.41541955 0.80906123 -0.41573441 -0.41550216 -0.80902582 -0.41572705 -0.41558993 -0.80898458 -0.41570696 -0.41555732 0.80901164 -0.41568351 -0.41558656 0.8090086 -0.4156768 -0.41567305 -0.80896777 -0.41567421 -0.41552714 -0.809044 -0.41567343 -0.41558343 0.80901545 -0.41565153 -0.41560423 0.80901611 -0.41563097 -0.41564009 -0.80900818 -0.41563022 -0.41562927 -0.80901408 -0.41562453 -0.41563079 -0.80901623 -0.41562328 -0.41563043 0.80901706 -0.41560382 -0.41565976 -0.80901194 -0.4155826 -0.41566798 -0.80901861 -0.41557112 -0.41567528 0.80902088 -0.41556537 -0.41569114 -0.80901557 -0.41530991 -0.41597828 -0.80899924 -0.41514906 -0.41612041 0.80900866 -0.41487375 -0.47624424 0.77528775 -0.41486189 -0.38983616 0.82214195 -0.41481119 -0.41659784 -0.80893636 -0.41388795 -0.41147593 -0.81202483 -0.41365132 -0.66754967 -0.61908811 -0.4129023 -0.41287088 -0.81181848 -0.41273731 -0.41304725 -0.8118127 -0.41266412 -0.51951486 0.7482062 -0.41264179 -0.38018733 -0.82775861 -0.41236988 -0.35290921 0.83988464 -0.41119018 -0.41130331 -0.81348145 -0.4110848 -0.46181452 -0.7859621 -0.41025028 -0.46030861 0.78728056 -0.40959641 -0.38596368 -0.82659715 -0.40887201 -0.88316995 -0.22985747 -0.40855059 -0.46404091 -0.78597236 -0.40831769 -0.34980658 0.84315592 -0.40828365 -0.49233773 0.76870543 -0.40784138 -0.49191982 -0.76920754 -0.40783787 -0.45236951 0.79311424 -0.40702367 -0.44806653 0.79596996 -0.40698269 -0.42008612 0.81110591 -0.40577492 -0.38249826 0.8300854 -0.40548575 -0.41882664 0.81250578 -0.40477002 -0.34780845 0.84568942 -0.40454 -0.89187753 -0.20224191 -0.40378898 -0.56041801 -0.72310865 -0.40362504 -0.38464147 0.83014321 -0.40356502 -0.40331659 0.82126188 -0.40354931 -0.41335091 0.81626523 -0.40343904 -0.40342385 0.821271 -0.40339157 -0.40351659 0.82124889 -0.40235853 -0.44361147 -0.80082244 -0.40204126 -0.44376829 -0.80089486 -0.40098634 -0.32837519 -0.85520738 -0.40073645 -0.36271131 0.84133857 -0.40068105 -0.3858524 0.831007 -0.40028337 -0.90495861 0.14430232 -0.40015525 -0.46012127 0.79256821 -0.39997631 -0.38915515 -0.82980549 -0.39986199 -0.47691742 0.78272611 -0.39929697 -0.42842343 0.81056476 -0.39915532 -0.46097705 0.79257518 -0.39824528 -0.4265267 0.81208104 -0.39767995 -0.46770883 0.78936619 -0.39765075 -0.6808098 -0.61511946 -0.3971642 -0.39766634 0.82711679 -0.39702439 -0.42773059 -0.81204557 -0.39683175 -0.46540624 0.791152 -0.39654049 -0.36076486 0.84415901 -0.39552072 -0.45914268 0.79545677 -0.39481127 -0.45739928 0.79681236 -0.39462253 -0.42820263 0.81296718 -0.39350352 -0.41503721 -0.82030421 -0.39281303 -0.4621025 0.79508448 -0.39233094 -0.34268147 -0.85360754 -0.39226913 -0.43536741 0.81029636 -0.39198947 -0.35654533 -0.84806824 -0.38983062 -0.36937907 0.84355855 -0.38968521 -0.34347266 -0.85450101 -0.38948673 -0.36803019 0.84430671 -0.38946533 -0.35417801 0.85022038 -0.38858995 -0.46904111 0.79309416 -0.38813823 -0.37344694 -0.8425473 -0.38738486 -0.35521173 -0.85073942 -0.3867119 -0.40448809 0.82876015 -0.38625067 -0.47564849 -0.79029679 -0.38572165 -0.47399044 0.79155022 -0.38486078 -0.37140632 0.84494936 -0.38457391 -0.41078424 -0.82665545 -0.38410947 -0.41238722 -0.82607305 -0.38392699 -0.38194817 -0.84066379 -0.38373902 -0.4467386 -0.8081888 -0.38344681 -0.92353112 -0.00766213 -0.38343039 -0.92353863 -0.00759004 -0.38338628 -0.9235552 -0.00779012 -0.38319516 -0.29938501 0.87380207 -0.38306066 -0.40740529 -0.82902676 -0.38274711 -0.92382276 -0.00748461 -0.38245571 -0.92394328 -0.00750928 -0.38207838 -0.39435434 0.83576357 -0.38199943 -0.4126617 0.82691401 -0.38193783 -0.42854914 -0.81882173 -0.38192004 -0.92416483 -0.00751144 -0.38188267 -0.42762306 -0.81933147 -0.38100821 -0.36503151 0.84946144 -0.38039523 -0.33339924 0.86263806 -0.38039497 -0.40859336 0.82966918 -0.38013303 -0.33517444 -0.86206549 -0.37978378 -0.31858379 -0.8684864 -0.37765977 -0.27422872 -0.8844046 -0.37748873 -0.46999699 -0.79787529 -0.37655869 -0.43610093 -0.81732464 -0.37646356 -0.30322602 0.87540227 -0.37577066 -0.40708408 0.83251375 -0.37538069 -0.41582838 -0.82835752 -0.37537271 -0.36367211 -0.85254788 -0.37507814 -0.30001947 0.87710011 -0.37485057 -0.35314178 0.85719186 -0.37456068 -0.41307193 -0.83010602 -0.37405008 -0.35930964 -0.85497552 -0.37348494 -0.3925969 0.84046221 -0.37310931 -0.31243435 -0.87359834 -0.37203491 -0.30803892 0.8756153 -0.37189326 -0.39400518 -0.84050894 -0.37187171 -0.40879843 0.83342385 -0.37182403 -0.30749539 0.8758958 -0.37013575 -0.63512385 0.6779508 -0.36969891 -0.28426898 -0.88459808 -0.36938986 -0.4888939 0.7902745 -0.36775351 -0.3464399 0.86298138 -0.36775348 -0.34643987 0.86298138 -0.3672069 -0.47171873 -0.80164862 -0.36592776 -0.34790251 0.86316907 -0.36550644 -0.30815905 0.87831831 -0.36520344 -0.3866699 0.84682518 -0.36485732 -0.32044601 0.87418169 -0.36463559 -0.34245214 -0.8658911 -0.36449924 -0.34261471 -0.86588424 -0.36444381 -0.34269595 0.86587536 -0.3643606 -0.34274417 0.86589128 -0.3642647 -0.34284571 -0.86589146 -0.36425439 -0.34285551 -0.86589187 -0.36424223 -0.34287053 0.86589104 -0.36422649 -0.34287775 0.86589479 -0.36119649 -0.33726063 -0.86936325 -0.36093798 -0.36378813 -0.85870945 -0.36055425 -0.93272525 -0.0049133 -0.36053872 -0.36202434 -0.85962212 -0.36006129 -0.43042201 -0.8277033 -0.35851559 0.93149388 -0.06152842 -0.3579607 0.93170071 -0.06162791 -0.35790524 -0.35663554 -0.86296868 -0.35776806 -0.41631961 0.83587074 -0.35694316 0.93209678 -0.06153849 -0.35674509 -0.47889835 -0.8021155 -0.35644475 -0.36710286 0.85917562 -0.35539436 0.931916 -0.07230125 -0.35468948 -0.29754582 -0.88637573 -0.35439289 -0.40560186 -0.84255129 -0.35382256 -0.28979045 0.88928688 -0.35375473 -0.37270185 -0.85787582 -0.35264996 -0.38072437 0.85480231 -0.35249996 -0.4088673 -0.84176677 -0.3522329 -0.27016449 0.8960709 -0.35203153 -0.35297403 0.86688131 -0.35005626 -0.45115313 -0.8209272 -0.34993997 -0.33749339 -0.87386513 -0.34991145 -0.37924567 0.85658312 -0.34980029 -0.3615315 -0.86425394 -0.34973714 -0.3625814 0.86383939 -0.34924242 0.01354038 -0.93693459 -0.34902051 -0.34804657 -0.87008524 -0.34896672 -0.41317734 0.84113413 -0.3486861 -0.4106293 -0.84249723 -0.3486537 -0.40394059 -0.84573799 -0.34823057 -0.2872557 0.89231145 -0.34680423 -0.33024153 -0.8778767 -0.34485942 -0.40753913 0.84556711 -0.3430697 -0.4471038 -0.82607597 -0.34299147 -0.3640784 -0.86591208 -0.34299031 -0.36411846 -0.86589575 -0.34295708 -0.38578725 0.85647464 -0.34286246 -0.36424863 0.86589164 -0.34284756 -0.36426446 0.86589074 -0.34282544 -0.3642723 -0.86589634 -0.34279659 -0.36432359 0.86588621 -0.34275085 -0.36436617 -0.86588639 -0.34271422 -0.36439249 0.86588973 -0.34233901 -0.31854603 -0.88393021 -0.34208733 -0.40589896 0.84748006 -0.34176582 -0.30386496 0.8893044 -0.34017095 -0.2766996 -0.89873308 -0.33950424 -0.44151074 0.83054513 -0.33940777 -0.28357425 0.89687681 -0.3390649 -0.36040539 -0.86898965 -0.33810285 -0.35821342 0.87026978 -0.33785439 -0.36818635 0.86619467 -0.33711427 -0.37492964 -0.86358654 -0.33643475 -0.43161723 -0.83696961 -0.33639756 -0.27051947 -0.90202874 -0.33614847 -0.41160005 0.84710664 -0.33497056 -0.4181903 0.84434098 -0.33462429 -0.28842717 0.89712673 -0.3343845 -0.27243212 -0.90220159 -0.33408225 -0.37502062 0.86472452 -0.33384916 -0.29845995 0.89412886 -0.33376139 -0.37321654 0.86562854 -0.33353153 -0.36569732 0.86892015 -0.33320686 -0.39504561 0.85610282 -0.33314627 -0.28266588 0.89950728 -0.33278921 -0.42720568 -0.84068227 -0.33249065 -0.33335716 0.88222623 -0.33184317 -0.39628744 0.85605866 -0.33043703 -0.62993556 0.70284611 -0.33042336 -0.35953602 -0.87267071 -0.32973793 -0.37784532 -0.86516237 -0.32929492 -0.31025171 0.89180082 -0.32918066 -0.25413001 0.9094274 -0.32902622 -0.31565031 0.89000368 -0.3282201 -0.3289156 -0.88548636 -0.32655635 -0.30920905 -0.89316893 -0.32641977 -0.35298762 -0.87684083 -0.32547572 -0.35115778 -0.87792581 -0.32524481 -0.35495281 -0.87648404 -0.32475096 -0.94577086 0.00736294 -0.32466161 -0.94580007 0.0075476 -0.32464021 -0.94580865 0.0074011 -0.32428998 -0.41006294 0.85245776 -0.32427055 -0.94593477 0.00748286 -0.32401296 -0.94602227 0.00758147 -0.32343906 -0.36472759 -0.87313282 -0.32321721 -0.25506112 0.91130364 -0.32174179 -0.33774352 -0.88454026 -0.32130438 -0.26699451 0.90855789 -0.3212634 -0.29106352 0.90115029 -0.32093024 -0.35928121 -0.87631088 -0.32024705 -0.23879765 0.91674292 -0.32023281 0.94489431 -0.06801316 -0.3201741 -0.27674165 -0.90603673 -0.31990275 -0.36474484 0.87442756 -0.31952542 -0.28674564 -0.90315032 -0.31944615 -0.25133461 -0.91366571 -0.31867063 -0.37987834 0.86841315 -0.31846434 -0.4103305 0.85452294 -0.31802619 -0.25597498 -0.91287249 -0.31776068 -0.35780287 -0.87806916 -0.31688103 -0.38275796 0.86780339 -0.31656733 -0.38873592 0.86525702 -0.31554794 -0.3686175 -0.87438583 -0.31491649 -0.36895284 -0.87447208 -0.31449169 -0.32486722 0.89193958 -0.31449142 -0.301862 0.89998585 -0.31387308 -0.24917489 -0.91618532 -0.31247887 -0.34124196 -0.88651615 -0.3087399 0.64407355 0.69989204 -0.30852497 -0.30038902 -0.90254021 -0.30817699 -0.26607028 -0.91336381 -0.30656031 -0.23033307 0.92356229 -0.30607834 -0.22205332 -0.92574745 -0.30561906 -0.30690265 -0.90133661 -0.3053509 -0.29580331 -0.90513045 -0.30517009 -0.30454874 0.90228665 -0.30422854 -0.38243687 0.87246025 -0.30416855 -0.31930801 -0.89750975 -0.30368528 -0.35374099 0.88467097 -0.30367509 -0.26797137 -0.91431552 -0.3034032 -0.33333933 0.89265418 -0.30333126 -0.26892474 0.91414958 -0.30331814 -0.37259647 -0.87702334 -0.30306822 -0.3486726 0.88689178 -0.30297586 -0.36395711 -0.88076144 -0.30273321 -0.29117465 -0.90750748 -0.30182663 -0.2397252 0.92273104 -0.30108806 -0.34726766 0.88811666 -0.29966843 -0.32552263 -0.89679086 -0.29921442 0.95218569 0.06175095 -0.29863805 0.95236897 0.06171528 -0.29851854 -0.28134671 -0.91199279 -0.29843757 -0.29538986 0.90756804 -0.29806551 -0.30100888 -0.90584242 -0.29790911 0.95262134 0.06134116 -0.29786113 0.95204693 0.06989493 -0.29780334 -0.33968288 0.89214838 -0.29733786 0.95280206 0.06130652 -0.29700518 -0.29706308 0.9074918 -0.29681152 -0.36983046 -0.88041377 -0.29580286 -0.34052229 -0.8924939 -0.29486084 -0.34862047 -0.8896746 -0.29478335 -0.28323188 0.91262394 -0.29459193 -0.25988451 0.91960621 -0.29396269 -0.25867996 0.92014706 -0.29297686 -0.36141592 0.8851797 -0.29293659 -0.29784831 0.90855622 -0.29255524 -0.30481946 -0.90636444 -0.29151598 -0.3836081 -0.87627804 -0.29114068 -0.30211699 0.90772367 -0.29107532 -0.38498211 0.87582189 -0.29041612 -0.27766818 -0.91572857 -0.28820786 -0.28810143 0.91319978 -0.2881889 -0.28811797 0.9132005 -0.28817508 -0.28814769 0.91319549 -0.28816345 -0.28815836 0.91319579 -0.28815949 -0.2881586 -0.91319686 -0.28814867 -0.28817087 -0.91319662 -0.28798428 -0.20505217 0.93542427 -0.28770027 -0.28854984 -0.91321826 -0.28741312 -0.30979484 0.90632266 -0.28735784 -0.30971453 0.90636766 -0.28730923 -0.28446451 0.91462195 -0.28719431 -0.3102459 -0.90623778 -0.28698823 -0.35897195 0.88813108 -0.28615364 -0.19966057 -0.93715084 -0.28553462 -0.22996166 -0.93036956 -0.28456509 -0.31236264 -0.90634 -0.28352046 -0.28458768 -0.91576523 -0.28339159 -0.25411394 -0.9247244 -0.28215721 0.93493152 0.21515185 -0.28215688 0.9349314 0.21515301 -0.28214437 0.93493521 0.21515311 -0.28214273 0.93493587 0.21515168 -0.28200948 -0.2979615 0.91197014 -0.28176314 -0.25046119 -0.92621738 -0.28173527 -0.32155654 0.90400583 -0.28094554 -0.34204653 -0.89670157 -0.28086236 -0.34182101 -0.89681363 -0.28006795 -0.34228238 -0.89688611 -0.27929276 -0.26589403 0.92265695 -0.27865526 -0.21660432 0.93564618 -0.27846596 -0.21648619 0.93572992 -0.27773923 0.95875555 0.06040424 -0.27669063 -0.29489529 0.91459239 -0.2757763 -0.19356468 -0.9415307 -0.2757307 -0.32527187 -0.90452796 -0.27557608 -0.31185606 -0.90928739 -0.27471432 -0.20093144 -0.94029707 -0.27439108 -0.27941817 -0.92012775 -0.27400658 -0.32368839 -0.9056192 -0.27362409 -0.26398179 -0.92490184 -0.27339253 -0.23174521 -0.93356884 -0.273103 -0.30283591 -0.91307467 -0.27227983 -0.22907129 0.93455338 -0.27017641 -0.22704315 -0.9356581 -0.27010256 -0.2511552 0.92949754 -0.26982373 -0.23675242 -0.93335062 -0.26976639 -0.24716441 -0.93066418 -0.26959899 -0.20848235 0.94013381 -0.268888 -0.20029555 -0.94211519 -0.26695296 -0.29041821 -0.91890877 -0.26589668 -0.24286163 0.93290788 -0.26580757 -0.24273336 0.93296671 -0.26519313 -0.2838558 0.9214654 -0.26425132 -0.33668804 -0.90377671 -0.26384887 -0.2613042 -0.92849547 -0.26232618 -0.65820277 0.70565873 -0.26130414 -0.28693843 -0.92162162 -0.26114619 -0.30762911 0.91496831 -0.26104462 -0.29523352 0.91907173 -0.25965494 -0.25945851 0.9301939 -0.25962248 -0.31035334 0.91448182 -0.2595506 -0.25957087 0.93019158 -0.25895429 -0.56977695 0.77993393 -0.25871435 -0.29406586 0.9201045 -0.25787473 -0.23772143 0.93647707 -0.25750318 -0.31365207 0.91395539 -0.25737801 -0.23740616 0.93669355 -0.25628778 -0.24477635 -0.93509412 -0.25587693 -0.16304003 -0.95286137 -0.25568855 -0.25427943 -0.93271935 -0.25555611 -0.20347759 -0.94513911 -0.25494194 -0.22769441 0.93976581 -0.25491658 -0.25407305 -0.9329868 -0.25474086 -0.254399 -0.93294603 -0.25455227 -0.25458884 -0.93294573 -0.25454783 -0.25458831 -0.93294698 -0.2545256 -0.25461423 -0.93294603 -0.2544933 -0.22333692 -0.94093239 -0.25442132 -0.25481406 -0.93291992 -0.25435364 -0.25519711 -0.93283373 -0.25435102 -0.25480875 -0.9329406 -0.25398654 -0.30136773 -0.91905838 -0.25326791 -0.18679875 0.94918996 -0.25290903 -0.27430305 -0.92779034 -0.25283459 -0.25410232 0.93354523 -0.25281805 -0.30064255 0.91961783 -0.2525709 -0.24164605 -0.93691796 -0.25080428 -0.26982737 -0.92967218 -0.2500793 -0.26596081 0.93098074 -0.24955148 -0.4278926 0.86869562 -0.2491442 -0.27838489 -0.92759317 -0.24857698 -0.24587989 0.93688452 -0.24788661 -0.2476548 -0.93659985 -0.24781241 -0.24778602 -0.93658477 -0.2478089 -0.24778038 -0.93658721 -0.24777432 -0.2478205 -0.93658578 -0.24777399 -0.24782977 -0.93658346 -0.24710073 -0.18191582 -0.95176047 -0.24706432 -0.29162946 0.92407328 -0.24648233 -0.21980016 -0.94389313 -0.24626052 -0.20812197 0.94659442 -0.24624629 -0.22795588 -0.94201857 -0.24537481 -0.24897286 -0.93691176 -0.24437885 -0.18850489 0.95118076 -0.24352716 -0.30471152 -0.92078519 -0.23923896 -0.2388854 0.94111562 -0.2350156 -0.2736432 0.93267739 -0.23479687 -0.2578187 -0.93722993 -0.23437877 -0.25752762 -0.93741465 -0.23379481 -0.20969975 -0.94940293 -0.23327924 -0.33007035 0.91467714 -0.23280063 -0.19861431 -0.95202732 -0.23247063 -0.30920133 -0.92214525 -0.23178224 -0.26146707 -0.93696952 -0.23045099 0.97215313 -0.0425524 -0.23032878 -0.20896006 -0.95041269 -0.22841631 -0.48632416 0.84339482 -0.2282142 -0.23086569 0.9458431 -0.22786519 -0.18508406 0.95594001 -0.22750479 -0.16799805 0.95917577 -0.22688435 -0.25439844 -0.94010901 -0.22651133 -0.13040683 0.96523911 -0.22498341 -0.30699274 -0.92473662 -0.22400963 -0.18807727 0.956267 -0.22396158 -0.17341693 0.95904523 -0.22380626 -0.17338502 0.95908725 -0.22344846 -0.21998256 -0.94956744 -0.22341366 -0.25808212 0.93993604 -0.22319502 -0.19580416 -0.95490557 -0.22308536 -0.17801991 -0.95840591 -0.22237916 -0.28391704 -0.93270499 -0.22230193 -0.14548209 0.96406257 -0.22172873 -0.13944933 -0.96508569 -0.22063094 -0.23461549 -0.94671941 -0.22032183 -0.16632651 0.96114182 -0.22009651 -0.19628869 -0.9555251 -0.21960922 -0.26750651 -0.93819618 -0.21882434 -0.17819092 0.95935601 -0.21867478 -0.21834122 0.95105642 -0.21858232 -0.21843681 -0.95105577 -0.21856308 -0.21845785 0.95105535 -0.21855168 -0.21848232 -0.95105237 -0.21854961 -0.21846563 0.95105672 -0.21854958 -0.21846658 0.95105654 -0.21854511 -0.21846703 0.95105737 -0.2185443 -0.21847087 -0.95105672 -0.21854225 -0.21847351 -0.95105666 -0.21853954 -0.21850017 -0.95105106 -0.21853581 -0.21845582 -0.95106214 -0.21853581 -0.21836728 -0.95108253 -0.21853444 -0.21847166 -0.95105886 -0.21853204 -0.21847826 0.95105779 -0.21853039 -0.21848129 0.95105755 -0.21852899 -0.21850155 0.9510532 -0.21852054 -0.21849295 -0.9510572 -0.21850559 -0.21851048 0.95105654 -0.21850413 -0.21852143 -0.95105433 -0.21849547 -0.21853149 0.95105398 -0.21849236 -0.21852106 -0.95105702 -0.21847758 -0.21852766 0.95105898 -0.21846844 -0.21865216 0.95103246 -0.2184602 -0.21855544 -0.9510566 -0.21845825 -0.21855639 -0.95105684 -0.21845323 -0.21856236 -0.95105654 -0.21842736 -0.2186289 -0.95104724 -0.21837042 -0.21862105 0.95106214 -0.21837036 -0.97560692 -0.02248863 -0.21836518 -0.21866409 0.95105338 -0.21834329 -0.21860144 -0.95107293 -0.21834044 -0.21874674 0.95104015 -0.2183392 -0.21869431 -0.95105249 -0.21824698 -0.21872632 0.95106632 -0.21806079 -0.21887651 -0.95107448 -0.21802846 -0.97548902 -0.02974727 -0.21800606 -0.21895854 -0.95106816 -0.21795946 -0.20053989 0.95513225 -0.21778141 -0.13502753 0.96661204 -0.21776845 -0.21930088 0.95104367 -0.21763334 -0.29701442 0.92974085 -0.21756901 -0.97578919 -0.02234212 -0.21747559 -0.97580457 -0.02258349 -0.21698314 -0.25240791 0.94297856 -0.21615738 -0.22177459 -0.95083755 -0.21551438 -0.18426394 0.95895797 -0.21511813 -0.20297629 -0.95526153 -0.21437286 -0.25432605 0.94306016 -0.21385218 -0.15945619 0.96376395 -0.21373844 -0.15670504 0.96424037 -0.21359912 -0.21704459 -0.95250565 -0.21242769 -0.24780008 0.94523519 -0.21134356 -0.19322892 -0.95812136 -0.21082367 -0.22556247 0.95114398 -0.2103437 -0.22106808 0.95230478 -0.21005996 -0.30363384 0.92934459 -0.20989956 -0.16715705 -0.96332794 -0.20890796 -0.1577488 -0.96512836 -0.20752625 -0.15056714 0.96657252 -0.20747137 -0.25766921 0.94369602 -0.20727392 -0.26840198 0.94074327 -0.20722285 0.82950103 0.51863933 -0.20684204 -0.28989777 -0.93443865 -0.20620893 -0.22886536 0.95136666 -0.20582807 -0.24912579 -0.94634616 -0.2057192 -0.18738668 -0.96050286 -0.20558304 -0.21393262 0.95497036 -0.2015015 -0.25825605 -0.94482851 -0.20082574 -0.24620977 -0.94818234 -0.20063078 -0.26472974 0.94322079 -0.199862 -0.25429714 -0.94624954 -0.19969243 -0.21177831 0.95669895 -0.1984054 -0.19960554 0.95957953 -0.19796984 -0.24032086 0.95029145 -0.19793698 -0.22893848 -0.95310444 -0.19756052 -0.23385744 -0.95198768 -0.19729052 -0.12838449 0.97190213 -0.19597168 -0.14814305 -0.96935481 -0.19526556 -0.98045075 -0.02424459 -0.19482681 -0.1745021 0.96518993 -0.19337071 -0.21929173 -0.95630485 -0.19250169 -0.12770955 0.97295076 -0.19185205 -0.20332099 -0.96013194 -0.19154336 0.98019964 -0.05019712 -0.19130015 -0.16700521 -0.96721947 -0.19111328 0.98073113 -0.04052277 -0.19037522 0.98043966 -0.04995306 -0.19036347 0.98044187 -0.04995495 -0.18989256 -0.20659626 0.9598223 -0.18986744 -0.48732314 0.85233003 -0.18918893 -0.12956858 -0.97335482 -0.18860532 -0.11611399 0.97516435 -0.18716517 -0.1971017 0.96235126 -0.18669635 -0.22520907 -0.95625585 -0.18659154 -0.18339489 -0.9651683 -0.18554832 -0.12908275 -0.9741199 -0.18511891 -0.18430226 -0.96527916 -0.18459994 -0.35190725 0.91765141 -0.18382083 -0.07923251 0.9797613 -0.18377931 -0.12306011 -0.97523391 -0.18344013 -0.13285847 0.97401148 -0.18247131 -0.1814976 0.96631402 -0.18193951 -0.18191934 0.966335 -0.18181874 -0.18179099 0.96638191 -0.18178518 -0.18182178 0.96638244 -0.18176752 -0.18182144 0.96638584 -0.18175814 -0.18183 0.9663859 -0.18155013 -0.25818515 -0.94888353 -0.18069033 -0.20515895 0.96190482 -0.18063828 -0.12485509 0.97559261 -0.18048374 -0.12416921 0.97570884 -0.18047377 -0.12741779 0.97529179 -0.17906937 -0.14761437 0.9726994 -0.17885645 -0.20261015 0.96278739 -0.17745459 -0.24577254 0.95294583 -0.17658928 -0.14805567 -0.9730857 -0.17655535 -0.16209131 -0.97085249 -0.1756535 -0.16677688 -0.97022229 -0.17471339 -0.22197136 -0.95927256 -0.17435084 -0.16664188 -0.9704805 -0.17393523 -0.2382835 -0.95549339 -0.17163253 -0.109754 -0.97902828 -0.17029822 -0.20702675 0.96339947 -0.16811806 -0.18171377 -0.96887374 -0.16789575 -0.21858604 -0.96126544 -0.16748977 -0.20308568 -0.96472973 -0.16564749 -0.21036002 -0.96348822 -0.16456383 -0.13418761 -0.97719616 -0.16341262 -0.11223313 -0.98015302 -0.16321427 -0.13303211 -0.97758043 -0.16135325 -0.20906068 -0.96449924 -0.16089813 -0.13248786 -0.97803831 -0.16019392 -0.14171641 0.97685945 -0.15981543 -0.18125889 0.97036296 -0.15948188 -0.17031963 0.97239751 -0.15856794 -0.14801335 -0.97619069 -0.15783378 0.98746568 0 -0.15780053 -0.09047999 0.98331708 -0.15776151 -0.09036776 0.98333359 -0.15666537 -0.13250422 0.97872287 -0.15651418 -0.13229153 0.97877586 -0.15648106 -0.1350854 0.97839946 -0.15621364 -0.21882792 0.96317798 -0.15591763 -0.14720906 0.97673911 -0.15560894 -0.11359453 -0.98126554 -0.15550579 -0.98757792 0.02253428 -0.15545444 -0.98758554 0.02255106 -0.15544248 -0.98759091 0.02240181 -0.15502965 -0.0871568 0.98405761 -0.1549563 -0.98766327 0.02258127 -0.15492712 -0.98766762 0.02259186 -0.15484162 -0.98768079 0.02259827 -0.15450145 -0.07125819 -0.98541951 -0.15443628 -0.11697918 -0.98105311 -0.15316971 -0.12515213 -0.98024279 -0.1530447 -0.06587737 0.98602098 -0.15276599 -0.2167228 -0.96420634 -0.15251614 -0.12395445 -0.98049688 -0.1521443 -0.10623685 0.98263216 -0.15047406 -0.10324343 0.98320818 -0.14845903 -0.09834537 0.9840163 -0.14823334 -0.12262788 0.9813202 -0.14645088 -0.17249401 0.9740625 -0.14497556 -0.16149366 0.9761669 -0.14409986 -0.13191341 -0.98073137 -0.14355177 -0.06695829 0.98737508 -0.14294191 -0.15682323 0.97722775 -0.14264025 -0.15509722 -0.97754729 -0.14121164 -0.12953983 -0.98146766 -0.14097387 -0.14902124 -0.97873336 -0.13986999 -0.07483745 0.98733771 -0.13819484 -0.11804833 0.98334467 -0.13793252 -0.12539744 -0.98247147 -0.13730603 -0.15557633 -0.97823465 -0.13634267 -0.11394119 0.98408753 -0.13487433 -0.23983556 0.96139896 -0.13322848 -0.11837481 -0.98399061 -0.13320088 -0.09961901 -0.9860698 -0.13279043 -0.16656099 -0.9770487 -0.13171019 -0.17221937 0.97621357 -0.13043556 -0.14504775 0.9807893 -0.12869217 0.99042076 0.05005101 -0.12865774 0.99042571 0.05004026 -0.12858541 0.99092478 0.03916524 -0.12848191 0.99044788 0.05005374 -0.12843931 0.99045408 0.05004042 -0.12822054 -0.1515175 0.98010308 -0.12790765 -0.10397071 -0.98632133 -0.12562463 -0.13459834 -0.98290473 -0.12462202 -0.14401434 0.98169702 -0.12358954 -0.147781 -0.98126775 -0.12350133 -0.14771821 -0.98128837 -0.12327246 -0.11132076 -0.98610932 -0.12324656 -0.09889375 -0.98743629 -0.11915582 -0.07184945 -0.9902724 -0.11855939 -0.0373488 0.9922443 -0.11817677 -0.04943224 -0.99176139 -0.11812691 -0.0192022 -0.99281281 -0.11734587 -0.17818558 -0.97697484 -0.11603177 -0.14796868 -0.98216188 -0.11564815 -0.07119284 -0.99073559 -0.11547077 -0.08996015 -0.98922879 -0.11417862 -0.11419547 -0.98687518 -0.11408362 -0.1069688 0.98769557 -0.1134569 -0.12296637 0.9859041 -0.11307091 -0.1381499 0.98393577 -0.11208344 -0.1754736 -0.97808301 -0.11109584 -0.07953948 -0.99062157 -0.11056638 -0.12597573 0.98585254 -0.10924601 -0.0480461 0.99285287 -0.10908145 -0.11824421 -0.9869749 -0.1088241 -0.18027852 0.97757715 -0.10804196 -0.13626292 0.98476356 -0.1035758 -0.18546505 0.97717696 -0.10279555 -0.03900227 0.99393761 -0.10249098 -0.05259757 -0.99334234 -0.10193243 -0.056975 0.9931584 -0.10086401 -0.05056427 0.99361444 -0.10047612 -0.09726843 0.9901734 -0.10044184 -0.03925722 -0.9941681 -0.100198 -0.01414883 0.99486691 -0.09912647 -0.09835883 -0.99020171 -0.0976126 -0.07296515 -0.9925462 -0.09748816 -0.08947404 0.99120659 -0.0971378 -0.07262144 -0.99261796 -0.0969015 -0.04465912 0.99429148 -0.09687711 -0.11236363 0.98893344 -0.09617456 -0.08293794 -0.99190313 -0.09430026 -0.09339466 0.9911533 -0.09403653 -0.15983526 -0.98265445 -0.09392057 -0.14544444 -0.98489833 -0.09353282 -0.02904499 -0.99519241 -0.0927396 -0.09275523 -0.9913606 -0.09255517 -0.0774842 0.99268806 -0.0921296 -0.0758911 0.99285084 -0.09147251 -0.05317276 0.99438697 -0.09139942 -0.06528468 0.99367201 -0.09007549 -0.03248315 0.99540508 -0.08956604 -0.05487678 0.99446785 -0.08871462 -0.13367373 0.9870466 -0.08834033 0.01100704 0.99602944 -0.0874561 -0.07299459 0.99349046 -0.0873511 -0.83120608 0.54905945 -0.08711401 0.04511751 -0.99517608 -0.08682995 -0.06893438 -0.99383527 -0.08673968 -0.08565302 0.99254209 -0.08662037 -0.14053036 0.98628002 -0.0865127 -0.11893579 -0.98912579 -0.08648983 -0.12320379 -0.98860526 -0.08640562 -0.12320177 -0.98861283 -0.0859915 -0.05603472 -0.99471885 -0.08564387 -0.10653885 0.99061328 -0.08518623 -0.14886449 0.98518157 -0.08391121 -0.1094928 -0.99043941 -0.08376843 0.04102425 -0.9956404 -0.08376433 -0.03849547 0.99574172 -0.08341853 -0.10834055 0.9906078 -0.08339529 -0.10828792 0.99061549 -0.08198719 -0.08187713 0.99326444 -0.08127484 -0.05173983 -0.99534792 -0.08095995 0.04135707 -0.99585891 -0.08079197 -0.11086228 0.99054641 -0.08060795 0.03541741 0.99611646 -0.08057395 0.03226855 0.99622619 -0.08052754 0.03583812 0.99610794 -0.08045521 0.03512937 0.99613899 -0.08022155 0.03595768 0.99612832 -0.08021902 0.03541205 0.99614811 -0.08006996 0.03472886 0.99618405 -0.07993767 0.03565809 0.99616176 -0.07993761 0.03565793 0.99616188 -0.07992204 0.03514785 0.99618119 -0.07988191 0.03492468 0.99619228 -0.07984985 0.03608452 0.99615353 -0.07983 0.03699718 0.9961217 -0.07982531 0.03529838 0.99618363 -0.07970499 0.03505176 0.99620205 -0.07968713 0.03522243 0.99619734 -0.07964865 -0.11658494 -0.98998183 -0.07964819 0.0341708 0.99623716 -0.07963801 0.03528767 0.99619901 -0.07962429 0.03510811 0.99620646 -0.07951485 0.03531569 0.99620795 -0.07950097 0.03523302 0.99621189 -0.07941459 0.03534484 0.99621487 -0.07941436 0.0352318 0.99621892 -0.07939681 0.03488874 0.99623239 -0.07932149 0.03502683 0.99623346 -0.07930471 0.03539822 0.99622178 -0.07926714 0.03508662 0.99623579 -0.07920776 0.03496401 0.99624479 -0.07865249 0.03645122 0.99623549 -0.07858239 0.0394015 -0.99612868 -0.07857889 0.03592918 0.99626029 -0.07856473 -0.15548053 0.98470986 -0.07848112 0.04122566 -0.99606287 -0.07842968 0.03976242 -0.99612641 -0.07828949 0.04000741 -0.99612767 -0.07821371 0.04179033 0.99606037 -0.07800801 -0.1698585 -0.98237616 -0.07799044 0.04026683 -0.99614066 -0.07789434 -0.13706937 -0.98749411 -0.07787182 0.04026196 -0.99615002 -0.07778063 0.04030639 -0.99615538 -0.07776462 0.03987195 -0.9961741 -0.07775908 0.04024018 -0.99615985 -0.07774512 0.03929035 -0.99619877 -0.07773019 -0.06637657 0.99476236 -0.07769224 0.04019695 -0.99616671 -0.0776543 0.04111715 -0.99613214 -0.07764187 0.03993528 -0.99618119 -0.07763478 0.03994301 -0.99618143 -0.07763316 0.040574 -0.99615604 -0.07762762 0.0408581 -0.99614483 -0.07760102 0.04098781 -0.99614167 -0.07757614 0.03991307 -0.99618715 -0.07756762 0.0402488 -0.99617428 -0.07755502 0.03998195 -0.99618608 -0.07754977 0.04049901 -0.99616563 -0.07754084 0.04048924 -0.99616665 -0.07751882 0.04052455 -0.996167 -0.07747993 0.03979981 -0.99619913 -0.07747512 0.03981141 -0.99619913 -0.07744972 0.04072353 -0.9961642 -0.07741913 0.03999626 -0.99619609 -0.07740298 0.04035491 -0.99618286 -0.07737853 0.04025399 -0.99618888 -0.07737651 0.04016778 -0.9961924 -0.07737061 0.04012386 -0.99619472 -0.07736578 0.04015027 -0.99619401 -0.07733448 0.04018452 -0.99619508 -0.07731979 0.04028692 -0.99619198 -0.07730719 0.03962651 -0.99621958 -0.07729275 0.04027932 -0.99619448 -0.07728932 0.04030516 -0.99619365 -0.07728525 0.04039514 -0.99619037 -0.07728396 0.04037852 -0.99619108 -0.07720698 0.04058833 -0.99618852 -0.07720193 0.0404011 -0.99619663 -0.07717031 0.04055068 -0.99619299 -0.07711402 0.04080093 -0.99618703 -0.07709274 0.04032895 -0.99620795 -0.07698664 0.03902585 -0.99626809 -0.07687846 -0.14523943 0.98640519 -0.0768403 0.03882108 -0.99628735 -0.07672185 0.04099036 -0.99620956 -0.07667664 0.03923145 -0.99628389 -0.07644957 0.03839416 -0.99633408 -0.07637375 0.04110128 -0.99623179 -0.07627484 -0.15719885 0.98461699 -0.07621816 -0.00473856 -0.99707997 -0.0762013 0.04092417 -0.9962523 -0.07619258 0.04069361 -0.99626237 -0.07608593 0.04050021 -0.99627846 -0.07556868 0.04066963 -0.99631083 -0.07531829 0.03958076 -0.99637371 -0.07458902 -0.09757155 -0.99242944 -0.07449047 0.71008068 -0.70016897 -0.0744627 0.03571467 -0.99658412 -0.07391712 0.03980218 -0.99646986 -0.07336394 0.0379655 -0.99658227 -0.072809 0.03836026 -0.99660784 -0.07224163 -0.118813 0.9902851 -0.07137225 -0.08835167 -0.99352902 -0.07094976 -0.01560543 -0.99735785 -0.07064878 -0.10108425 0.99236619 -0.0704986 -0.06908476 0.99511671 -0.06966728 -0.06793237 0.99525464 -0.06872299 0.00673095 0.99761307 -0.0684111 -0.01114323 -0.99759489 -0.06777841 -0.00738299 -0.99767298 -0.0657452 -0.08936278 0.99382681 -0.06468466 0.01195447 0.99783409 -0.06351569 -0.01314996 0.99789423 -0.06348941 -0.03821381 -0.99725056 -0.06329009 -0.0351519 -0.99737591 -0.06325868 -0.03137104 -0.99750394 -0.06306969 -0.09510006 -0.99346775 -0.06259634 -0.08181479 0.99467999 -0.06224421 -0.09370663 -0.99365216 -0.06209385 -0.08024561 0.99483913 -0.06145314 -0.06496993 0.9959932 -0.0610116 -0.0859868 0.99442631 -0.06087284 -0.05227814 0.99677557 -0.06025651 -0.07115585 -0.99564356 -0.05956361 -0.0046174 0.99821389 -0.05838773 -0.07649808 -0.99535865 -0.05822721 -0.02734977 -0.99792868 -0.05818869 0.02561614 -0.9979769 -0.05792893 -0.10914104 -0.99233687 -0.05774795 -0.02361853 -0.99805182 -0.05751512 -0.05722896 0.99670291 -0.05683047 -0.0439342 0.99741673 -0.0561604 -0.10013875 -0.99338722 -0.05575044 -0.54561752 0.83617783 -0.05493324 -0.10178869 -0.9932881 -0.05485357 -0.00462663 0.9984836 -0.05482521 -0.10199321 -0.99327314 -0.05470949 -0.1220041 0.99102068 -0.05400238 -0.05523851 0.99701184 -0.05397291 -0.14922127 -0.98732972 -0.05371844 0.00291662 0.99855191 -0.05318433 0.00352265 -0.99857843 -0.05313573 0.05441616 -0.99710351 -0.05297811 -0.05060893 -0.99731243 -0.05237941 0.0028294 -0.99862331 -0.05234971 -0.09449238 0.99414814 -0.05165149 -0.00271814 -0.99866152 -0.05069892 -0.0197706 0.99851829 -0.05063736 -0.11991257 0.99149227 -0.04900482 -0.02847223 0.99839258 -0.04872849 0.02362666 0.99853265 -0.04867785 -0.06620408 0.99661797 -0.04536486 -0.13427168 -0.98990566 -0.04476724 -0.99831289 -0.0369773 -0.04442089 -0.99833024 -0.03692525 -0.04408475 -0.03999611 0.99822688 -0.04406405 -0.9983452 -0.03695004 -0.04397747 -0.99865162 -0.02758709 -0.04311721 -0.01846291 0.9988994 -0.04272259 -0.08170002 0.99574089 -0.04188932 0.01750595 0.99896884 -0.04172242 0.01443837 -0.99902487 -0.04116367 0.00898359 -0.99911201 -0.04091195 0.99841511 -0.038646 -0.03971097 -0.0394028 0.99843401 -0.03929098 -0.05572547 -0.9976728 -0.03799275 -0.04052042 -0.99845612 -0.03792544 0.01640245 -0.99914598 -0.03699895 -0.03208014 0.99880028 -0.03680504 -0.06400908 0.99727041 -0.03626921 -0.09837463 0.99448836 -0.03577753 -0.02017201 -0.99915618 -0.03468054 -0.01615551 -0.99926782 -0.03459205 -0.08086193 -0.99612492 -0.03287678 0.02840595 -0.99905568 -0.03276444 -0.00425408 0.99945402 -0.03263468 0.02195205 0.99922621 -0.03244205 0.04445498 -0.99848449 -0.03176142 -0.09125039 -0.99532133 -0.03145903 0.0059402 -0.99948746 -0.02899642 -0.07024011 -0.99710858 -0.02884039 -0.09153915 0.9953838 -0.02865167 -0.03057735 0.99912173 -0.02821998 -0.08107645 0.99630833 -0.02818324 -0.04866644 -0.99841744 -0.02806702 0.0321973 0.99908745 -0.02779477 -0.08506878 -0.9959873 -0.02683863 0.06877773 0.99727088 -0.02638741 -0.077379 0.99665242 -0.02613578 0.0616475 0.99775583 -0.02601678 -0.04175755 0.99878901 -0.02560792 -0.02495425 -0.99936056 -0.0254855 -0.06813464 -0.99735057 -0.0252596 -0.13541999 -0.9904663 -0.02463701 -0.1070053 0.99395317 -0.023851 -0.00092015 -0.99971503 -0.02133785 -0.03859767 0.99902707 -0.02108414 -0.00518953 0.99976432 -0.02096334 -0.0102519 0.99972767 -0.02084022 0.00165965 0.99978149 -0.02026009 0.01383566 0.999699 -0.01966204 0.02963179 -0.99936754 -0.0196332 0.05575711 0.99825132 -0.01959185 -0.07904907 0.99667817 -0.01918652 -0.0829809 -0.99636638 -0.018414 -0.03649397 -0.9991641 -0.01833703 0.99916393 -0.03653964 -0.0180065 -0.03422531 -0.99925196 -0.01790603 0.03641762 -0.9991762 -0.01774112 0.99886012 -0.04431214 -0.01739908 0.99917215 -0.03677645 -0.01716891 -0.09869841 -0.99496925 -0.01697527 0.99918044 -0.03674422 -0.01674305 0.99917877 -0.03689689 -0.01600181 0.04087509 0.99903613 -0.01595992 -0.08273996 0.99644333 -0.01488934 -0.01499527 -0.99977672 -0.01483548 0.03834722 0.99915433 -0.0148175 -0.01507394 -0.99977654 -0.01415757 -0.05515304 -0.9983775 -0.01354528 -0.03920245 0.99913943 -0.01267986 -0.03951842 -0.99913836 -0.0115157 -0.05975907 -0.99814641 -0.01080732 -0.09940388 -0.99498844 -0.0097975 -0.03443984 -0.99935871 -0.0093819 -0.02213252 0.99971098 -0.00932357 -0.03409846 -0.99937499 -0.00889692 0.05065018 -0.99867678 -0.00717235 -0.01793647 0.99981338 -0.00622537 0.90859967 0.41762176 -0.00595068 -0.05864443 -0.99826121 -0.00537474 -0.02148001 0.99975485 -0.00476505 -0.99954766 -0.02969653 -0.00456659 -0.03276195 -0.99945271 -0.00358854 -0.02910793 0.99956983 -0.00348894 -0.00327356 0.99998862 -0.00325888 -0.02176077 -0.99975789 -0.00322314 -0.00356191 0.9999885 -0.00255298 0.05756493 -0.99833852 -0.00245116 -0.0052884 -0.99998295 -0.00183881 -0.01942434 -0.99980956 -5.388e-05 0.05405616 -0.99853784 -0 0 1 0.00201727 0.01889515 -0.9998194 0.00287292 -0.07393599 0.9972589 0.00289538 -0.02094267 -0.99977648 0.00313414 0.00363312 0.9999885 0.00337119 0.0033758 0.99998862 0.00513387 0.04561254 0.99894601 0.00637905 0.99871171 0.05034114 0.00648161 -0.02944813 -0.9995454 0.00911703 -0.05067666 0.99867356 0.00916657 -0.06400605 0.99790746 0.01016602 -0.04300651 0.99902314 0.01095046 0.09937994 -0.99498934 0.01153927 -0.03636269 0.99927205 0.01173283 -0.03035182 -0.99947047 0.01245742 -0.07690609 -0.99696046 0.01283053 0.09584572 -0.99531353 0.01380463 -0.08251247 -0.99649447 0.01465649 0.0271374 0.9995243 0.01474837 0.0151482 -0.99977654 0.01486176 0.01504478 -0.99977642 0.01582236 -0.04708891 0.99876541 0.01585166 -0.07996948 -0.99667132 0.01585376 0.04767809 0.99873698 0.01597544 0.04065535 -0.99904555 0.0161115 -0.02295079 -0.99960679 0.01627932 0.04087466 -0.99903166 0.01648465 -0.03498569 -0.9992519 0.01679315 0.04670718 -0.99876755 0.01686344 -0.02772548 -0.99947333 0.01696808 -0.99918026 0.03675536 0.0170793 -0.0355949 0.99922031 0.01734985 -0.99917293 0.03677392 0.01737733 -0.03601559 -0.99920017 0.01739793 -0.9991715 0.03679092 0.01764259 -0.99916065 0.03696957 0.01768744 0.06271196 0.99787498 0.018169 0.030276 0.99937648 0.01833095 -0.9991526 0.0368517 0.01836167 -0.99915159 0.03686144 0.01846542 0.10136434 -0.99467802 0.0191234 0.03382241 0.99924487 0.0209436 -0.00089775 0.99978018 0.02180524 -0.0200894 0.9995603 0.02245341 0.07332382 -0.99705541 0.02388497 0.00101952 -0.9997142 0.02430634 -0.02845562 -0.99929947 0.02436997 0.00015069 -0.99970305 0.02532383 0.05121583 -0.99836653 0.02591124 0.15499339 0.98757559 0.02616857 0.07088016 -0.99714148 0.02637818 0.04830075 -0.99848443 0.02652832 -0.23976003 0.97046965 0.02678053 -0.00265751 -0.99963784 0.02787704 0.0463361 -0.99853688 0.02811954 0.07596156 -0.99671412 0.02954712 0.00146863 -0.99956232 0.03019846 0.0530786 -0.99813354 0.03081565 0.02914028 0.99910021 0.03207428 0.076702 0.99653798 0.03341081 -0.0155185 0.99932116 0.0355248 0.02087842 -0.99915075 0.03691265 0.01260422 0.99923897 0.03693389 0.10058369 0.99424285 0.03770534 0.10582343 0.99366981 0.03799658 0.06358075 0.99725306 0.03833143 0.05986118 0.9974705 0.03946609 0.02934115 -0.99879009 0.03987309 0.07039288 -0.9967221 0.04006289 0.06404111 -0.99714273 0.04015343 0.09653162 0.99451959 0.04023672 0.05430882 0.99771321 0.04049054 -0.00669959 -0.99915749 0.0419962 0.01426516 -0.99901599 0.04240903 0.01976397 0.99890488 0.04264195 0.03768278 0.99837953 0.0431436 0.0611877 -0.9971934 0.04341921 0.05557104 -0.99751019 0.04377181 0.03143786 -0.99854678 0.0440845 0.99834073 0.03704472 0.0442955 0.13580988 -0.98974413 0.04443424 0.99832636 0.03701551 0.04476123 0.99831599 0.03689973 0.0447674 0.99831581 0.03689777 0.04477712 0.99831504 0.03690667 0.0455563 -0.98616737 0.15936916 0.04786078 0.0987605 0.99395961 0.04817666 0.00902769 0.99879795 0.04890792 0.0122661 0.99872804 0.04896987 0.04776045 -0.99765772 0.04899275 0.04779683 -0.99765486 0.04905693 0.04763712 -0.99765927 0.04945435 0.02028879 -0.99857032 0.04973232 0.11771942 -0.99180073 0.04976995 0.04886198 0.99756473 0.05097827 0.09611823 0.99406362 0.05141396 0.01226039 0.99860221 0.05190735 0.10584895 -0.99302644 0.05250722 -0.0015079 -0.99861944 0.05260567 -0.01676825 0.99847454 0.05337998 0.11441394 -0.99199802 0.05372609 0.01058718 -0.99849957 0.05376217 0.09494702 -0.99402952 0.0542721 -0.06917565 -0.99612719 0.05484681 0.03076415 0.99802077 0.0562663 0.12038086 -0.99113196 0.05638671 0.01996304 -0.99820942 0.05760337 0.05712717 0.99670374 0.05801626 0.03623312 0.9976579 0.05841286 0.05657729 0.99668801 0.0589402 0.03371363 0.99769217 0.05922687 0.00893343 0.99820453 0.05969841 0.06376126 0.99617797 0.05986582 -0.02889513 -0.99778813 0.06009652 0.06302709 0.9962008 0.06037779 -0.00757734 -0.99814683 0.0605303 0.06274315 0.9961924 0.06075847 0.06299928 -0.99616235 0.06095032 0.04290019 0.99721843 0.06097556 0.00340437 0.99813348 0.06113079 0.00805754 -0.9980973 0.06145613 0.02048727 0.99789953 0.06346597 -0.00373656 -0.99797702 0.06447849 0.05437391 -0.99643672 0.06569476 0.04124513 0.99698699 0.06592549 0.08712583 0.99401349 0.06657723 -0.0513157 0.99646074 0.06727032 0.13309242 -0.98881811 0.06747202 0.04485852 0.99671227 0.06961207 0.13407695 -0.98852283 0.06971464 0.02937482 0.99713433 0.06972998 0.14345896 0.98719668 0.07085201 0.11267422 -0.9911027 0.0711344 0.09657239 -0.99278075 0.0711647 0.09566529 0.99286646 0.07132615 0.0958887 0.99283326 0.07146368 -0.04788154 0.99629325 0.07162081 0.07087056 -0.99491096 0.07206511 0.12889446 -0.98903632 0.07378197 0.04841664 0.9960984 0.07429063 0.0174063 -0.99708468 0.07452416 0.07387929 -0.99447882 0.07454285 0.03005634 0.99676466 0.07532008 0.08686309 0.99336892 0.07550746 -0.04648043 0.99606133 0.07607336 -0.0408395 0.99626547 0.07623974 -0.03053148 -0.99662197 0.0766898 -0.0401191 0.99624747 0.07676221 -0.040399 0.99623066 0.07679752 -0.03995961 0.99624562 0.07685281 -0.03986935 0.99624491 0.07688373 -0.03988905 0.99624181 0.076941 -0.03351702 -0.99647212 0.07707859 -0.03984604 0.99622852 0.07709024 -0.04025581 0.99621117 0.07716014 -0.04024018 0.9962064 0.0772957 -0.04012982 0.9962002 0.07731934 -0.04018801 0.99619609 0.0773412 -0.04230991 0.99610656 0.0773555 -0.03918029 0.9962334 0.07736887 -0.04016736 0.99619305 0.07738423 -0.04014834 0.99619269 0.0774071 -0.0401434 0.99619102 0.07741672 -0.04063732 0.99617028 0.07743611 -0.0402138 0.99618596 0.07750451 -0.04045437 0.99617094 0.07754458 -0.04063677 0.99616045 0.07760233 -0.03978187 0.99619043 0.07769058 -0.03593241 -0.99632972 0.07780023 -0.0396 0.99618214 0.07782384 -0.04096185 0.99612528 0.0779133 -0.04042132 0.9961403 0.07795745 -0.04071404 0.99612498 0.07797348 -0.03868705 0.99620461 0.07799346 -0.04033574 0.9961375 0.07801437 -0.03933132 0.99617612 0.07808649 -0.04011647 0.99613905 0.0781256 -0.03293096 -0.99639958 0.07837969 -0.03617988 -0.99626684 0.07857941 -0.0352353 -0.99628502 0.07863281 -0.03559582 -0.99626791 0.07868166 -0.03600527 -0.99624932 0.07876448 -0.03527473 -0.99626899 0.0788498 -0.03617403 -0.99623001 0.07887519 -0.03531255 -0.99625885 0.07923531 -0.03617143 -0.99619943 0.0793874 -0.03414856 -0.9962588 0.0794211 -0.03555728 -0.99620676 0.07945212 -0.03467948 -0.99623525 0.07949914 -0.03573895 -0.99619412 0.07953025 -0.0358711 -0.99618685 0.07954779 -0.03490359 -0.99621981 0.07955739 -0.0342122 -0.99624306 0.07959938 -0.03535356 -0.99619985 0.07964242 -0.0350684 -0.99620646 0.07964452 -0.03535017 -0.99619627 0.07966276 -0.03563707 -0.99618465 0.07966751 -0.03535802 -0.99619418 0.07967684 -0.03543379 -0.99619085 0.07967708 -0.03544735 -0.99619025 0.07969322 -0.03560057 -0.99618357 0.0796933 -0.03523529 -0.99619651 0.07972689 -0.03519393 -0.99619532 0.07975072 -0.03522751 -0.99619228 0.07975228 -0.03506828 -0.99619764 0.07977694 -0.03492799 -0.99620056 0.07978122 -0.03514287 -0.99619275 0.07978695 -0.03548712 -0.99618006 0.07980276 -0.0351161 -0.99619192 0.07981369 -0.03486582 -0.99619991 0.07983176 -0.03484133 -0.99619925 0.07986446 -0.03548327 -0.99617392 0.07987189 -0.0358297 -0.99616092 0.07988413 -0.03499483 -0.99618971 0.07995501 -0.03491233 -0.99618691 0.07997246 -0.03519124 -0.99617565 0.07998656 -0.03577416 -0.99615383 0.0800041 -0.03566269 -0.99615633 0.08001272 -0.0356031 -0.99615782 0.08001702 -0.03560724 -0.99615729 0.0800254 -0.03494922 -0.99618 0.08004685 -0.03492257 -0.9961791 0.08005946 -0.03596423 -0.99614102 0.08015186 -0.03591598 -0.99613535 0.08016464 -0.03529214 -0.99615663 0.0801734 -0.03534161 -0.99615419 0.08022089 -0.03516357 -0.99615663 0.080241 -0.03524446 -0.99615222 0.08026484 -0.03524187 -0.99615031 0.08027281 -0.03524171 -0.99614966 0.0803274 0.10415681 0.99131167 0.08052544 -0.03504533 -0.99613625 0.08062878 -0.03481729 -0.99613595 0.08063952 0.06730053 0.99446857 0.08077601 0.00981402 -0.99668396 0.08087122 -0.03469789 -0.99612039 0.08088623 -0.03439163 -0.99612987 0.08129358 0.03971896 0.99589843 0.08166856 0.08173248 0.99330258 0.08222105 0.08373563 -0.99309015 0.08302862 0.05901812 -0.994798 0.0835171 0.14249176 0.98626614 0.08391269 0.17245664 -0.98143637 0.08578251 0.02254753 0.99605864 0.08617739 0.06691971 0.99402976 0.08644366 0.06684462 0.9940117 0.08665903 0.01468414 -0.99612969 0.08713262 0.01545375 0.99607682 0.08757793 -0.99457008 -0.05621923 0.08765726 -0.03573503 -0.99550956 0.08773731 0.08367777 0.99262285 0.08931933 -0.95971531 -0.26639965 0.08953865 0.01877901 0.99580634 0.08955915 -0.2320081 -0.96858221 0.08967956 0.15691486 -0.98353207 0.08976194 -0.03952209 -0.99517876 0.09005765 0.07192892 0.99333572 0.09074479 0.04391046 0.99490565 0.09084751 0.09451607 -0.99136949 0.09121234 0.12911727 0.98742545 0.09259506 0.03224579 -0.99518162 0.09326283 0.11580001 -0.98888445 0.09397977 0.11795913 -0.98856127 0.09415634 0.00991921 0.99550807 0.09523456 0.096035 -0.99081159 0.09604457 0.03055944 -0.9949078 0.09720007 0.1396212 0.98542279 0.09721512 0.05930419 0.99349487 0.09763338 -0.03405924 -0.99463946 0.09902724 0.09900586 -0.99014723 0.10015734 0.06601276 0.99277931 0.10036807 0.1270519 0.98680502 0.10191139 0.05068823 -0.99350131 0.10210455 0.05496884 0.99325377 0.1021101 0.16697392 -0.9806596 0.10221184 0.0345219 0.99416345 0.10285433 0.16653581 -0.98065639 0.10326727 0.08098733 0.99135107 0.10363694 0.05361005 0.99316925 0.10399643 0.13431443 -0.98546654 0.10437483 0.07987518 -0.99132526 0.1045365 0.15494132 -0.98237741 0.10459249 0.08003243 -0.99128962 0.10526001 0.12206134 0.98692513 0.10774438 0.16735274 0.97999203 0.10781679 0.12402941 -0.9864037 0.10838225 0.02505258 -0.99379361 0.11059448 0.07084946 -0.99133712 0.11079959 0.05766373 -0.99216855 0.11254837 0.15735 0.98110849 0.11324892 0.12391413 0.98580921 0.11408056 0.17544369 -0.97785747 0.11461227 0.09135969 -0.98920035 0.11494106 0.18659444 0.97569013 0.11522827 0.06832276 0.99098653 0.1152705 0.15518354 0.98113751 0.11847565 0.07232593 -0.99031937 0.11897787 0.07254668 -0.99024308 0.11922699 0.21517797 0.96926945 0.12381303 0.09492699 -0.98775464 0.12426353 0.19956066 0.97197437 0.12483819 0.22831874 -0.96554959 0.12693451 -0.99004209 -0.06086315 0.12726423 0.11261224 0.98545545 0.12846813 -0.99044621 -0.05012138 0.12854569 -0.99043685 -0.05010903 0.12867175 -0.99043852 -0.049752 0.12887685 0.05960215 -0.98986787 0.12907092 0.08969427 -0.98757058 0.12931803 0.15344121 -0.9796595 0.12934464 0.1534602 -0.97965294 0.13046193 0.102448 -0.98614615 0.13172612 0.17953758 -0.97489202 0.13432473 0.08626557 0.98717529 0.13476649 0.18378787 0.97368366 0.1348983 0.17574219 -0.97514975 0.13495274 0.17061813 0.97605187 0.13551423 0.08508956 0.98711479 0.13628133 0.17894064 0.97437555 0.13647555 0.18224788 0.97373515 0.13764364 0.20483685 -0.96906966 0.13766162 0.12525982 -0.98252702 0.13796034 0.17690246 0.97451144 0.13815887 0.19150782 -0.97171855 0.1391571 0.1784035 0.97406751 0.13984329 0.09722165 -0.98538911 0.13987125 0.17878753 0.97389483 0.14014508 0.16081215 -0.9769845 0.14150114 0.07390908 0.98717517 0.14161842 0.12719552 -0.98171562 0.14239979 0.07200269 0.98718691 0.14361492 0.10351985 -0.98420441 0.14370583 0.12703496 -0.98143303 0.1445902 0.12119875 -0.982041 0.14531524 0.17734087 -0.97336203 0.14584905 0.16481042 0.97548217 0.14604561 0.20390722 0.9680354 0.14780605 0.17458275 0.97348559 0.148468 0.09834763 0.98401469 0.14943404 0.13974789 0.97884631 0.14949712 0.21914542 0.96417111 0.14954044 0.19790184 -0.96874785 0.15020022 0.1321916 0.97977817 0.1505267 0.12107803 -0.98116356 0.15130048 0.18953806 0.97014612 0.15181947 0.17278443 0.97318876 0.15197721 0.2359374 0.95981061 0.15208121 0.19997621 -0.96792603 0.15344615 0.21370479 -0.96477175 0.15409514 0.98780447 -0.02229084 0.15492743 0.98766738 -0.02259608 0.15492746 0.98766738 -0.02259608 0.15535896 0.09669446 0.9831143 0.1554541 0.98758572 -0.02254678 0.15568385 0.19928853 -0.96749502 0.15571634 0.98754478 -0.02252868 0.15614955 0.98747367 -0.02264907 0.15664852 0.19034061 -0.9691397 0.15691118 0.0738027 -0.98485124 0.15771581 0.00394715 0.98747671 0.16133219 0.16328427 -0.97329855 0.16337205 0.10171571 0.98130697 0.16352007 0.17799991 0.97034907 0.16517445 0.08131222 0.9829067 0.1656315 0.09802633 0.98130369 0.1656387 0.09801131 0.98130399 0.16591932 0.12972783 0.97756916 0.16712666 0.15823983 -0.97315401 0.16779143 0.16763784 -0.97146463 0.16886103 0.15035795 -0.97410393 0.17052652 0.20545161 -0.96369624 0.17085318 0.21885246 -0.96068352 0.17197344 0.14862128 0.97382581 0.17307863 0.13883352 -0.97507387 0.17365122 0.24883612 0.95285147 0.17401174 0.07957339 0.98152333 0.17486537 0.0879844 0.98065323 0.17493166 0.08642477 -0.98078012 0.17522283 0.19533853 0.96495593 0.17569292 0.14261378 -0.97406018 0.17575687 -0.94888848 0.26214513 0.17600955 0.21653366 -0.96027797 0.17619829 0.16147582 0.97101992 0.17699637 0.19011819 0.96567452 0.17701945 0.12736198 -0.97593188 0.17782518 0.1766483 -0.96807724 0.17799097 0.2119797 0.96092868 0.17913538 0.18905194 0.96548951 0.17929313 0.21389101 0.96026284 0.17951199 0.24724101 0.95218033 0.17978327 0.18475233 -0.96620107 0.18040736 0.12474422 0.97564954 0.18044616 0.16677107 -0.96934348 0.18127646 0.11544864 0.97663218 0.18162714 0.12641129 -0.97520864 0.18174966 0.18181193 -0.96639097 0.18181646 0.181798 -0.96638107 0.18189307 0.18162964 -0.9663983 0.18212436 0.18151826 -0.96637559 0.18221687 0.22999386 -0.95598102 0.18224069 0.18138875 -0.96637797 0.18232659 0.23867173 -0.9538306 0.18430151 0.21267107 -0.95958537 0.18442191 0.20967184 0.96022195 0.18501231 0.19854191 0.9624716 0.18653749 0.12013203 0.97507542 0.18707079 -0.48775569 -0.85270089 0.18713143 0.18898709 -0.96398425 0.18723801 0.20270836 0.96117181 0.18726189 0.20512018 -0.96065545 0.18742946 0.21366563 0.95875812 0.1884772 0.11648193 0.97514522 0.18848304 0.22398388 -0.95619315 0.1886896 0.17942055 -0.96550739 0.18914557 0.0961232 -0.97723293 0.19001269 0.17683735 -0.96572441 0.19033301 -0.98046368 0.04964035 0.19036706 -0.98043805 0.05001509 0.19044507 0.14191428 -0.97138613 0.19068961 -0.98037022 0.05011695 0.19156329 -0.98020387 0.05003976 0.19196332 0.11876743 0.97418916 0.19201146 0.20344105 -0.96007472 0.1923262 -0.9800427 0.05026948 0.19235399 0.2264161 0.95484847 0.19327204 0.15250491 -0.9692204 0.19409901 0.14498043 -0.97020936 0.19517027 0.21881743 0.95604783 0.19521639 0.21215883 -0.95753807 0.19527096 0.17503041 -0.96500444 0.19545619 0.27048093 0.94267547 0.1963395 0.21162483 -0.95742655 0.19697 0.19824317 0.96015751 0.19741957 0.24989262 -0.94793415 0.19832225 0.24004634 -0.9502874 0.19890273 0.25357178 -0.94664627 0.19941907 0.14284836 0.96944648 0.19947957 0.16572154 -0.96578687 0.20063092 0.22766708 0.95284569 0.20264174 0.17070775 0.96425885 0.20273726 0.21490656 0.95536 0.20320843 0.22023046 0.95404661 0.20403844 0.18006308 -0.96226066 0.20425032 0.22442245 -0.95284647 0.20663446 0.1699793 -0.96354002 0.20714825 0.12746608 -0.96997011 0.2080394 0.1416771 0.96780533 0.209014 0.21766147 0.95338172 0.20901479 0.29147908 0.93346274 0.21218567 0.25764695 0.94265342 0.21280581 0.18667851 -0.9590959 0.21295907 0.17148091 -0.96189541 0.21369945 0.24037577 -0.94686431 0.21448345 0.27509171 0.93718809 0.21541601 0.15951727 -0.96340543 0.21575531 0.19068104 0.9576484 0.21586514 0.14562927 -0.96550214 0.21681306 0.1629274 -0.96252102 0.21747559 0.97580457 0.02258349 0.21748216 0.97580105 0.0226679 0.21753524 0.21979299 -0.95098346 0.21756287 0.97578323 0.02266182 0.21762168 0.97577059 0.0226402 0.21800035 0.21892506 0.95107716 0.2180858 0.21863841 0.95112354 0.21815899 0.21892448 -0.9510408 0.2182049 0.21880193 0.95105863 0.21832827 0.21864572 0.95106614 0.21838222 0.21859771 0.95106483 0.21843606 0.21858734 -0.95105487 0.21843652 0.2185851 -0.95105511 0.21844029 0.21856742 0.95105845 0.21845917 0.21855465 -0.95105708 0.21846136 0.21855539 -0.95105642 0.2184718 0.21854804 -0.95105553 0.2184938 0.21851462 -0.95105827 0.21849637 0.21851686 -0.95105708 0.21850097 0.21851173 -0.95105726 0.21850254 0.21851419 0.9510563 0.21850361 0.21851274 0.95105636 0.2185065 0.21860252 0.9510352 0.21850973 0.21850425 -0.95105702 0.21851598 0.21851261 -0.95105362 0.2185242 0.21812835 -0.95113999 0.21853223 0.21848582 0.95105606 0.21853518 0.21848808 0.95105481 0.21854407 0.21847329 0.95105624 0.21854542 0.21848214 -0.9510538 0.21854581 0.21846969 0.9510566 0.21854644 0.2184763 0.95105505 0.2185477 0.21845663 -0.95105922 0.21855882 0.21844856 -0.95105845 0.21855913 0.21846482 0.95105469 0.21856742 0.21843782 0.95105904 0.21856996 0.21845047 0.95105553 0.21868189 0.21832302 -0.95105904 0.21880782 0.21813141 -0.95107406 0.21895114 0.21814023 0.95103902 0.21900724 0.21800405 0.95105731 0.2197855 0.2173578 0.95102572 0.21993758 0.21754363 0.950948 0.22000344 0.26753443 -0.93809587 0.22115472 0.26632774 -0.93816853 0.2224291 0.19662315 -0.95491606 0.22294749 0.17068149 -0.95977199 0.22314975 0.1850784 0.95705283 0.22359025 0.17415741 0.95899767 0.22363901 0.26336876 0.93841481 0.22449474 0.20644823 -0.95235562 0.22453016 0.33176491 0.91625226 0.22521809 0.20164452 -0.95321363 0.22555858 0.21080442 -0.95114917 0.22622673 0.2129067 -0.95052201 0.22656432 0.23833795 0.94438535 0.22786438 0.21245234 0.95023245 0.22816543 0.16861089 -0.95891136 0.22844693 -0.97151279 0.06304556 0.22951408 0.24820752 -0.94112509 0.23031555 0.22949038 0.94566852 0.23082209 0.17538556 -0.95705861 0.2310884 0.18812278 -0.95457214 0.23179872 0.26875675 -0.93490064 0.23218666 0.20602043 -0.95060235 0.23406591 0.16684964 0.95779663 0.23409076 0.24332729 0.94127226 0.23443225 0.28162557 0.93044537 0.23486318 0.12208907 0.96433061 0.23554254 0.30115265 -0.92402744 0.23597898 0.19868614 -0.95122957 0.2360699 0.29336709 0.92639452 0.23607892 0.19670211 -0.95161694 0.23668447 0.30041596 0.92397553 0.23724882 0.20637228 0.94927526 0.23726323 0.17357036 0.95581353 0.2372912 0.16187251 0.95785707 0.23865533 0.29797822 -0.92425793 0.23875402 0.26186386 -0.93510628 0.23906478 0.26208031 -0.93496627 0.23984356 0.2535159 -0.9371258 0.24037232 0.17715968 0.95437706 0.24172756 0.35225171 -0.90414959 0.24234197 -0.09713915 -0.96531564 0.24249338 0.32034022 -0.91573966 0.24369666 0.24083225 -0.93947417 0.24431221 0.2340195 -0.94103485 0.24440572 0.23088665 -0.94178396 0.24468881 0.31426299 0.91726011 0.24485832 0.23326726 -0.94107956 0.24511077 0.23280849 0.94112748 0.2451629 0.33928135 -0.90817589 0.2460673 0.30188167 -0.92104197 0.2464048 0.2567775 0.93453205 0.24747348 0.29005849 -0.92445809 0.24767184 0.24785514 -0.93660367 0.24777377 0.24780914 -0.93658894 0.24777694 0.24772112 -0.93661141 0.24781577 0.24778152 -0.93658507 0.24782987 0.24776576 -0.93658555 0.24784823 0.24446453 0.93744773 0.24968375 0.30720302 0.91830516 0.24974033 0.25171396 0.93502402 0.2500197 0.29695809 -0.92157805 0.25052303 -0.03693106 0.96740597 0.25147587 0.22245863 -0.94195122 0.2516216 0.31925032 0.91365522 0.25271958 0.303664 0.91865176 0.25307465 0.20715244 -0.94500864 0.25365806 0.29350686 -0.92168939 0.25390843 0.25985676 -0.9316678 0.25437605 0.25483206 -0.93292737 0.25438413 0.20561768 -0.94499213 0.25447857 0.25465304 0.93294835 0.25450212 0.25465262 0.93294197 0.25474608 0.96695358 0.01025937 0.25493255 0.25423914 0.93293726 0.25571784 0.22230154 -0.94084549 0.256789 0.1714192 -0.95114392 0.25689819 0.25498745 0.93219346 0.25712448 0.25293726 -0.93268949 0.25718969 0.3179754 -0.91254866 0.25861558 0.24458328 -0.93450361 0.25885963 0.2481288 -0.93350083 0.25929883 0.17872021 0.94911706 0.25946951 0.25964779 0.93019271 0.2596029 0.25952405 0.93019009 0.26016641 0.22050323 0.94004887 0.26032811 0.34485444 -0.90183413 0.26175404 0.34412846 0.90169859 0.26246172 -0.04829617 -0.96373296 0.26255095 0.32244405 0.90944862 0.26288804 0.29488492 -0.9186582 0.26373863 0.31561774 -0.91149729 0.26415113 0.21953608 0.93916345 0.26456112 0.21609813 0.93984526 0.26463637 0.34062028 -0.90218925 0.26494819 0.26585051 0.92689049 0.26536819 0.33398417 0.90445244 0.26554483 0.21557623 0.93968767 0.26559657 0.21515879 0.93976873 0.26567453 0.31239083 0.91204655 0.26593101 0.23421758 0.93510586 0.26607138 0.32085341 -0.90898794 0.26632985 0.22956127 0.93614638 0.26646262 0.20671287 -0.94141781 0.26674151 0.36180404 -0.89327872 0.26707309 0.32077995 -0.9087202 0.26718649 0.30661651 0.91356319 0.2679936 0.29294801 -0.91780216 0.26830414 0.23712526 -0.93369401 0.27049348 0.22965139 0.93492979 0.2712512 0.3268607 0.90530932 0.2714068 0.37297359 -0.88725924 0.27215356 0.31557265 -0.90903592 0.27236438 0.33639714 0.90147358 0.27246562 0.20596574 -0.93986207 0.27271876 0.28951433 0.91749984 0.27444214 0.27261868 -0.92215002 0.27487794 0.31294614 -0.90912426 0.27497163 0.25739571 -0.92635739 0.27497703 0.30517104 -0.91173369 0.27604389 0.29665509 0.91421849 0.2762939 0.3228476 0.90522444 0.27704531 0.22909087 0.93314689 0.2771143 0.25778791 0.92560953 0.27765733 0.27506799 0.92045867 0.27768889 -0.95877522 -0.06032467 0.27813587 0.20249595 0.93895465 0.2784802 0.30027497 0.91229588 0.2785438 0.24342147 -0.92906368 0.27960917 0.30704707 -0.9096927 0.28031862 0.25475338 0.92548484 0.28118178 0.26840356 0.92135572 0.28164533 0.26492327 0.92222095 0.28172803 0.24886253 0.92665893 0.28236139 0.35480517 -0.89128298 0.28371471 0.30383793 -0.90949899 0.28382429 0.22339387 -0.93249071 0.28450653 0.28165177 -0.91636688 0.28461006 0.37997627 -0.88012224 0.28534114 0.71581173 0.63733351 0.28571111 0.26363736 0.92133838 0.28581512 0.22279173 0.93202662 0.28754479 0.28545251 0.91424006 0.28809571 0.2880888 0.91323906 0.28814563 0.28817114 -0.91319734 0.28814596 0.28817114 -0.91319734 0.28815037 0.2881715 0.91319579 0.28816512 0.28815383 0.91319674 0.28817144 0.28815398 0.91319466 0.28818336 0.28830886 -0.91314203 0.28820229 0.28812221 -0.91319495 0.28822428 0.28810889 0.91319227 0.28829974 0.28792199 0.91322732 0.28834045 0.28811896 -0.9131524 0.28849027 0.24220729 0.92634171 0.29007909 0.24098547 0.92616421 0.29084539 0.31669229 0.90283716 0.2914882 0.24298438 0.92519897 0.29206356 0.3043617 -0.90667683 0.29207969 0.2540167 0.92204392 0.29399946 0.32258016 -0.89972568 0.29402864 0.30356184 0.90630972 0.29466331 0.27541107 -0.91505313 0.29551595 0.31214491 -0.90290415 0.2957938 0.34263399 0.89168835 0.29591346 0.32405502 -0.8985675 0.29696277 0.25544956 -0.92008621 0.297232 0.25906575 0.91898751 0.29736963 0.28463084 0.91134882 0.29748744 -0.95272893 -0.06171487 0.29797602 -0.95258051 -0.06164864 0.29902217 0.36248451 -0.88271779 0.29904836 -0.95225668 -0.06146086 0.29906002 -0.95225424 -0.06143961 0.29906294 -0.95273042 -0.05353779 0.29972807 0.22870229 -0.92620641 0.29976028 0.33799294 -0.89213485 0.30012348 0.25206348 -0.91999447 0.30358136 0.19993068 0.93159342 0.30458248 0.25233352 0.91845381 0.30487901 0.35332257 0.88442749 0.30589712 0.23744319 0.92198038 0.30618656 0.29618207 0.9047243 0.30669916 0.25513417 0.91697443 0.30836096 -0.64941531 0.69510669 0.30844814 0.2913934 0.90551066 0.30912527 0.32517618 0.89370131 0.30997422 0.2649073 0.91309375 0.31062722 0.35496077 -0.88176733 0.31170321 0.34780511 0.88423574 0.31196254 0.2749337 0.90944535 0.31269509 0.25404835 -0.91524923 0.31281185 0.37880719 -0.87100738 0.3139644 0.34524378 0.88443935 0.31436336 0.34456813 0.88456118 0.31484172 0.36529827 -0.87603188 0.31582564 0.29370552 0.90221465 0.31667864 0.25139767 -0.91461128 0.3167569 0.29796648 -0.90048933 0.31683934 0.34210256 0.88463473 0.31719813 0.40493339 0.85756302 0.31732437 0.37271452 0.87200302 0.31811979 0.27070582 0.90858036 0.31971943 0.33286488 0.88711911 0.31973431 0.25958809 0.91125417 0.3202523 0.27845353 0.90548438 0.32026333 0.22502011 0.9202159 0.32057798 0.33209273 0.88709873 0.32098275 0.3430551 -0.88277018 0.32222977 0.37306777 0.87005073 0.32353714 0.23955813 0.91538823 0.3236149 0.36480209 0.87303656 0.32362068 0.30120018 0.8969661 0.32392305 0.94605285 -0.00761558 0.32392308 0.94605279 -0.00761558 0.32404974 0.9460097 -0.00757808 0.32464033 0.29283315 0.89936495 0.3246507 0.94580394 -0.00754861 0.32466188 0.94580001 -0.00755029 0.32477838 0.94575888 -0.00768769 0.32494089 0.33108231 0.88588822 0.32543451 -0.69944131 0.63629729 0.32555932 0.31570163 -0.89125961 0.32730636 0.38684312 -0.8621037 0.32977325 0.30734569 0.89263004 0.32988176 0.30086616 0.89479476 0.32997352 0.29989499 0.89508682 0.33054096 0.25738022 0.90801871 0.33101574 0.25705659 0.90793747 0.3315779 0.28475672 -0.89942747 0.3326312 0.2639842 0.90535563 0.33323464 0.2197893 0.91686833 0.33368838 0.3805486 -0.86245865 0.33426145 0.34924713 -0.8753832 0.334391 0.3888858 -0.85845822 0.3344174 0.394739 0.85577226 0.33532164 0.35061371 -0.87443095 0.33542156 -0.92233825 -0.19179319 0.33544639 0.38040441 -0.86183995 0.33679327 0.38293687 0.86019164 0.33759606 -0.62850577 -0.70072055 0.33790973 0.25778514 0.90518719 0.33881381 0.34090191 0.8769213 0.33902839 0.36606535 -0.86663485 0.33986083 0.36522809 -0.86666197 0.3403829 0.34930184 -0.87299925 0.34060201 0.37691686 -0.86135018 0.34137303 0.37715611 -0.86094004 0.34209588 0.3104758 0.88689077 0.34219411 0.34316605 -0.8747229 0.3426564 0.36450946 -0.86586344 0.34279585 0.36431625 0.86588949 0.34281427 0.36429179 -0.86589253 0.34282088 0.36422589 -0.86591768 0.34285071 0.3642917 0.86587811 0.34285933 0.36424932 -0.86589253 0.34289935 0.36420512 0.86589527 0.3429012 0.37243193 -0.86238807 0.34303534 0.36413696 0.86587006 0.34303707 0.3643713 -0.86577076 0.34321332 0.36384469 -0.86592245 0.34645432 0.35158068 0.86968976 0.34729865 0.3857682 -0.85473186 0.3479971 0.34801358 -0.87050831 0.34950587 0.33972692 -0.87317306 0.35067001 0.2950345 0.88881105 0.35083109 0.41058859 -0.84162617 0.35190639 0.29463628 -0.88845438 0.35334831 0.38020995 0.85474277 0.35354888 0.41032195 -0.84061813 0.35453051 0.41614261 0.83733708 0.35497892 0.31204665 0.88125867 0.35637107 -0.93233639 0.06122576 0.356996 -0.61679524 -0.70151079 0.35736087 0.38988599 0.84869432 0.35744819 -0.93190116 0.06157193 0.35791311 -0.93172044 0.06160514 0.35804272 0.35679817 -0.86284441 0.35823193 -0.93225509 0.05069757 0.35848489 -0.93148851 0.06178876 0.35953417 0.38961548 -0.84790033 0.36017427 0.35796678 -0.86147213 0.36051998 0.36742666 -0.85733485 0.36074811 0.31868169 0.87652886 0.36103314 0.36385307 -0.85864192 0.36198679 0.26708132 0.89310312 0.36201364 0.38364989 -0.8495639 0.36229235 0.42376173 0.83016276 0.36235327 0.29876038 -0.88286042 0.36252654 0.38568434 0.84842324 0.36310011 0.36612093 -0.85680437 0.36376277 0.35108802 0.86279422 0.36408159 0.34302256 -0.86589849 0.36413375 0.34300238 -0.86588448 0.36419129 0.34292084 -0.86589259 0.36423454 0.34287816 0.86589122 0.36424857 0.34286329 0.86589134 0.36426622 0.34284452 -0.86589134 0.36427271 0.34284109 0.86589003 0.36429089 0.34282583 0.8658883 0.36517978 0.41313216 0.8342455 0.36531785 0.35080284 -0.86225313 0.36624074 0.30921063 0.87764251 0.36677837 -0.39181978 -0.84377187 0.36707777 0.30522814 0.87868631 0.36799732 0.31228882 0.87581605 0.36877283 0.30730453 0.87725168 0.36887202 0.41893232 0.82971627 0.36901957 0.27992082 0.88626689 0.36948997 0.43721944 0.81994897 0.37004736 0.28183222 -0.88523191 0.37005684 0.44468126 0.8156693 0.37073272 0.31958324 -0.87202269 0.37073311 0.39266503 0.84164786 0.37391642 0.38729572 -0.84272683 0.37449083 0.37291998 0.84893304 0.37484559 0.43586317 -0.81823838 0.37662435 0.39383739 -0.83847851 0.3775391 0.35161951 -0.85663766 0.37824234 0.30951881 0.87242806 0.37902486 0.47203827 -0.79593974 0.37911439 0.30931303 0.87212259 0.37922674 0.40938193 -0.82981533 0.37985393 0.45122343 -0.80753225 0.38039851 0.45235172 0.8066442 0.38109833 0.41946882 -0.82389933 0.38295197 0.92373568 0.00776011 0.3829613 0.9237318 0.00775644 0.3829689 0.92360461 0.01701145 0.38314566 0.92365593 0.00769332 0.38315591 0.44409248 0.80992192 0.38344109 0.9235341 0.00758903 0.38347262 0.29996526 0.87348121 0.38389346 0.40943667 0.82763958 0.38506663 0.36916831 -0.84583586 0.38578621 0.37383527 -0.84345496 0.38668582 0.36082277 0.84869373 0.3878946 0.43783924 0.81107002 0.3884258 0.40104535 0.82963127 0.39021197 0.3674894 0.84420735 0.39050263 0.34274733 -0.85441917 0.39127007 0.40927061 0.82426041 0.39410636 0.3936581 0.83048999 0.39436305 0.38006052 -0.8366791 0.39477444 0.41700345 0.81869489 0.39489225 0.45146289 -0.80015087 0.39549026 0.42961639 0.81179875 0.39627129 0.41958505 0.81665015 0.39774269 0.4744243 -0.78531671 0.39813912 0.41108596 0.82005709 0.39852607 0.34705678 -0.84895742 0.39993984 0.44699219 0.80015379 0.39997873 0.31473926 0.86078817 0.400758 0.36435595 0.84061754 0.40078726 0.4009994 -0.823753 0.4008204 0.3732709 0.83666712 0.40264291 0.34815711 -0.84656084 0.40264362 0.43230271 0.80684102 0.40321001 0.40365654 0.82126927 0.40343872 0.40345448 0.8212561 0.40348244 0.40340188 0.82126051 0.40372273 0.48594344 0.77515608 0.40375501 0.43117964 -0.80688655 0.40614879 0.40115967 0.82104456 0.40639034 0.44035667 -0.80058283 0.40642351 0.37554759 0.832937 0.4066259 0.41079891 0.81602681 0.40761021 0.36620191 0.83651066 0.4079017 0.44703221 0.79610199 0.41028538 0.27287543 -0.87017524 0.41116384 0.44151801 0.7974999 0.41137791 0.41391596 -0.81206018 0.41140714 0.36673114 -0.83441734 0.41170651 0.39225921 -0.82257557 0.41172242 0.45522887 -0.78946269 0.41174734 0.42686918 -0.80513775 0.41229907 0.32296264 -0.85188299 0.41231504 0.34716573 0.84230173 0.41277692 0.41301328 -0.8118099 0.41285467 0.46203321 0.78490531 0.41311744 0.41264221 -0.81182534 0.41335538 0.38509879 -0.82512802 0.41371879 -0.88180345 -0.2264054 0.41377553 0.36566925 -0.83371198 0.41387069 0.45319089 -0.78951192 0.4139733 0.40374559 0.8158527 0.41399953 0.47786903 0.77475518 0.41427156 0.47459266 -0.77662146 0.41457826 0.46548024 -0.78195459 0.41466892 0.47038189 -0.77896762 0.41493666 0.4163017 -0.80902439 0.41525191 0.41605017 -0.80899209 0.41525403 0.41584742 0.80909514 0.41532299 0.41590405 0.80903065 0.41548064 0.50444263 -0.7569105 0.41554937 0.41569558 -0.80902153 0.4155558 0.4157013 -0.80901527 0.41558912 0.41566804 0.80901527 0.41559047 0.4808206 0.77207261 0.41560495 0.41565642 0.80901307 0.41561085 0.4156521 0.80901229 0.41561124 0.41565147 0.80901253 0.41561911 0.41563085 -0.80901909 0.41563359 0.41562063 0.80901676 0.41564557 0.41550571 -0.80906975 0.41566432 0.41558018 -0.80902183 0.4156681 0.41558796 -0.80901581 0.41569296 0.41555235 0.80902141 0.41571823 0.41552705 -0.80902135 0.41575173 0.43034479 -0.80122024 0.41579044 0.41546813 0.8090145 0.41579232 0.41546643 0.8090145 0.41606063 0.4176836 -0.80773383 0.41641635 0.41490078 0.80898368 0.41645041 -0.16229056 0.89455634 0.41712949 0.41976631 -0.80610132 0.41719189 0.41423562 0.80892503 0.41777709 0.44285154 0.79331261 0.41812715 0.40275523 -0.81422222 0.41825315 0.41846308 -0.80619663 0.4184238 0.4182809 -0.80620259 0.41871706 0.36384124 -0.83204299 0.41895354 0.3510969 -0.8373822 0.41933268 0.35854104 0.83403152 0.41962188 0.39078191 -0.81927222 0.42120808 0.33226436 0.8439101 0.42133158 0.36539298 -0.83004081 0.4216041 0.38279331 0.82202148 0.42186415 0.36761957 0.82878619 0.42191324 0.37136024 -0.82709169 0.42192408 0.35562587 -0.83397263 0.42254704 0.36251473 0.83068472 0.42255527 0.35273314 -0.83488095 0.42303479 0.33466366 0.8420462 0.42326191 0.40996462 -0.80794692 0.42335579 0.36993223 -0.8269946 0.42345679 0.48298305 -0.76642793 0.42354214 0.36957124 -0.82706058 0.42384806 0.38623947 -0.81925076 0.42439729 0.36667722 -0.82790989 0.42456749 0.46011722 -0.77976578 0.42597151 0.40479761 -0.80912733 0.42624 0.37632003 0.82261944 0.42712745 0.43019694 -0.79529411 0.42740315 0.42776659 0.79645616 0.42740533 0.46250111 0.77679944 0.42756379 0.42771807 0.79639596 0.42771718 0.46327823 0.77616447 0.42773646 0.42749387 0.79642361 0.42780912 0.42744488 0.79641086 0.42833099 0.45384377 0.78138238 0.4283618 0.42842859 -0.79558468 0.42935947 0.37667966 0.82083052 0.42947829 0.38893017 -0.81503469 0.43232569 0.38343817 -0.816131 0.43302071 0.49155509 -0.75555718 0.43464011 0.43335536 -0.7894879 0.43607792 0.41097319 0.80058545 0.43752465 0.3810308 -0.81448609 0.43753842 0.45662129 -0.77463353 0.43761727 0.45667154 -0.77455944 0.43764153 0.45195246 0.77730876 0.43795297 0.37340561 -0.81778073 0.43810409 0.40788943 0.80105621 0.43878278 0.45824707 -0.77296793 0.43878999 0.48388752 -0.75717658 0.43956044 0.42846575 0.78943253 0.44052714 0.39251181 -0.80738485 0.44101277 0.37138635 0.81705564 0.4412691 0.48969045 0.75198722 0.44149864 0.45419562 0.77381217 0.44163743 0.45601517 -0.77266204 0.44175801 0.37997133 -0.81269407 0.44183168 0.39123163 -0.8072933 0.44229034 0.42248094 0.79113162 0.44396746 0.42752045 0.78747636 0.44499674 0.47074476 0.76182491 0.4472442 0.40999141 -0.79490852 0.45009795 0.46281281 0.763686 0.45061874 0.3875359 0.80421305 0.45165047 0.4671396 0.76012665 0.45168602 0.39874384 -0.79811227 0.4528265 0.479505 0.75168014 0.45307556 0.41372019 -0.78965694 0.45318112 0.41706294 0.7878359 0.45375374 0.49288383 -0.74241042 0.45456529 0.44184527 -0.77339709 0.45503896 0.4678947 -0.7576372 0.45530313 0.44093779 0.77348113 0.4557766 0.4434894 -0.77174139 0.455832 0.48001847 0.74953282 0.45604801 0.38766977 -0.80108196 0.45605591 0.4266353 0.78102201 0.45620531 0.46455076 -0.75899225 0.45621118 0.42691463 0.78077859 0.45766997 0.49587178 -0.73800361 0.4576745 0.41498026 0.78633666 0.45769382 0.37792903 0.80478942 0.45804515 0.435478 0.7749539 0.45805252 0.52623361 -0.71642596 0.45806515 0.4711512 0.75378567 0.45814738 0.39005536 0.79872262 0.45853072 -0.88580287 -0.07143446 0.45862588 -0.88573748 -0.0716334 0.45877776 -0.88567585 -0.07142286 0.45947686 -0.88531017 -0.07146233 0.45956758 0.45952213 0.76002437 0.45958194 -0.88527495 -0.07122327 0.45973337 -0.88519853 -0.0711953 0.45985591 0.53721476 -0.7070592 0.46007788 0.46197081 -0.75822914 0.46087387 0.46753359 0.75432599 0.46117312 0.45981514 -0.7588737 0.46141359 0.49964133 -0.733114 0.46199724 0.44936559 -0.76461041 0.46212876 0.50236976 0.73079515 0.46235722 0.4741568 0.74926698 0.46240005 0.45816383 -0.75912589 0.46318927 0.45283762 0.76183581 0.46335757 0.42862266 0.77561748 0.46459845 0.41629532 0.78156668 0.46477729 0.51943612 0.71705514 0.46500754 0.46677524 0.75225574 0.46503052 0.4802773 0.74369377 0.46512881 0.5032559 0.72827792 0.46570823 0.51179844 0.72192675 0.46595496 0.47669011 0.74542105 0.46637225 0.39374965 -0.79212248 0.46784139 0.43555027 -0.76903862 0.46902451 -0.87902606 0.08561179 0.46904117 0.41675165 0.77866459 0.46990785 0.4849973 0.73753929 0.47001287 0.49851221 0.72840482 0.47007182 0.51889265 -0.71399087 0.47022286 0.51059085 0.71985245 0.471843 0.56876284 0.67370093 0.47270817 0.42259192 -0.77328074 0.47297683 0.50954425 0.71878886 0.47322398 0.47276706 0.74333733 0.47392678 0.47336286 -0.74250984 0.47392884 0.55703157 -0.68198776 0.47400549 0.52603954 0.70611691 0.47410327 0.52212399 0.70895177 0.47414675 0.37311056 0.79747933 0.47527078 0.46202472 -0.74876618 0.47658244 0.40622297 0.7796486 0.47724596 0.50728899 -0.71756119 0.47750145 0.5223009 0.70653677 0.47781071 0.51139063 -0.71426648 0.4778243 0.52330416 0.70557547 0.47819856 0.47815934 -0.73667479 0.47829297 0.46100181 0.74747115 0.4784115 0.41069493 -0.77617794 0.47884721 0.44796655 0.75500417 0.47915745 0.55702525 0.67832953 0.47954267 0.51175135 -0.71284592 0.47963116 0.49927703 0.72157913 0.47971043 0.42364001 -0.76837951 0.4799135 0.55963159 0.67564452 0.48038176 0.41578296 0.77224207 0.4807381 -0.20417614 -0.85276192 0.48090857 0.53602386 -0.69383389 0.48117381 0.4951981 0.7233606 0.48145184 0.54909897 0.68315047 0.48147565 0.37775806 -0.79087299 0.48193479 0.4085376 -0.77513605 0.48198944 -0.87438977 -0.05593496 0.48211178 0.87607718 0.00754406 0.48224771 0.87600136 0.0076589 0.48224843 0.87600219 0.00752188 0.48232698 0.52485466 0.70134747 0.48252815 0.44937366 -0.7518177 0.48277104 0.87571383 0.00757388 0.48293182 0.49790698 0.7203232 0.48306918 0.8755489 0.00763936 0.48319766 0.87547821 0.0076136 0.48332068 0.53833258 0.69036174 0.48335668 0.42014322 -0.76801437 0.48421466 0.47704476 -0.73346061 0.48475328 0.41419402 -0.77036196 0.48554933 0.4953419 0.72033203 0.48556983 0.55229235 -0.67763948 0.48567897 0.47525296 -0.73365569 0.48581016 0.55949461 0.67153126 0.48606956 0.50053287 -0.71638209 0.48684701 0.47960141 0.73004282 0.48719397 0.53138882 -0.69301361 0.48789123 0.50585586 -0.7113874 0.48860645 0.4551214 -0.744398 0.48903647 0.52662861 0.69534558 0.48973638 0.46392938 0.73819226 0.49008247 0.46392965 0.73796242 0.49100935 0.49097896 0.71961755 0.49106285 0.56747049 -0.66093463 0.49285081 0.46073067 0.73812288 0.49370512 0.53578424 -0.68497467 0.49441612 0.5044235 0.70789099 0.4946844 -0.86622643 0.07027911 0.49597228 0.57013297 0.65495032 0.49676809 0.4680914 -0.7308296 0.49765423 0.53967708 0.67903525 0.49938422 0.5347138 0.68168658 0.50062376 0.56981987 0.6516757 0.50159216 0.48547599 0.71604359 0.50194514 0.48028538 0.7192893 0.50289547 0.4256222 -0.7522912 0.50380385 0.55864888 -0.65885729 0.50440472 0.4425306 -0.74144626 0.50495917 0.41718674 -0.75562656 0.50528377 0.58744788 -0.63213384 0.50613874 0.44676632 0.73771507 0.50618917 0.45947066 -0.72983503 0.50691497 0.53221714 -0.67807245 0.50804168 0.50831908 -0.6953454 0.50805342 0.48886949 0.7091462 0.50887722 0.4449082 -0.73695368 0.50891823 0.50860852 -0.69449246 0.50924712 0.4587456 -0.72816205 0.51036114 0.51018143 -0.6922763 0.51081485 0.55212265 -0.65896034 0.51098305 0.59199047 0.62325245 0.51121414 0.4865042 -0.7085011 0.51123333 0.48796996 -0.70747852 0.51124579 -0.63233793 -0.58204496 0.51127881 -0.85830241 0.0437143 0.51147771 0.53715402 -0.67071313 0.51256555 -0.85496384 0.07945696 0.5131734 0.46699041 -0.72012013 0.51343387 -0.79320216 -0.32743853 0.513632 -0.85504007 0.07133546 0.51385009 -0.8549028 0.07140896 0.51422215 -0.85468256 0.07136712 0.51422215 -0.85468251 0.07136712 0.51454061 0.50009328 -0.69653046 0.51561838 0.55175388 0.65551919 0.51573598 0.56929201 0.64025223 0.51623803 0.59232461 0.61858696 0.51645607 0.44194606 0.73345536 0.51727897 -0.83536655 0.18597068 0.51767445 0.50146753 0.69321251 0.51776892 0.55189407 -0.65370345 0.51813358 0.41810393 -0.7461412 0.5182777 0.85519379 -0.00564118 0.51828808 0.56003445 0.64632726 0.51863116 0.47006691 0.71418393 0.51906991 0.5108763 0.68525308 0.51986653 0.49931356 0.6931268 0.51998335 0.49958849 0.69284105 0.52071851 0.45200461 -0.72425407 0.52082109 0.53728628 -0.66337687 0.52112603 0.50986749 -0.68444341 0.52118462 0.53749871 -0.66291922 0.52128291 0.55743426 0.64616656 0.5214268 0.54926598 0.6530093 0.52174026 0.550381 0.65181893 0.52204239 -0.05744796 0.85098267 0.52227777 0.42751655 -0.73787242 0.52238786 0.5368337 -0.66251075 0.52242732 0.54903233 0.6524058 0.52284497 0.5212754 -0.67446667 0.5229705 0.47346511 -0.70875436 0.52394772 0.60680962 0.59771305 0.5242511 0.46358716 0.71431625 0.52461219 0.52907842 0.66697687 0.52495623 0.50586259 0.68448806 0.52498388 0.52517915 0.66976023 0.52498955 0.525172 0.66976148 0.5249998 0.52515507 -0.66976672 0.52501398 0.52513099 0.66977441 0.52505308 0.52510452 -0.66976452 0.52508503 0.52506632 0.66976953 0.52550316 0.52471501 0.66971678 0.52565503 0.57807094 -0.62411588 0.5259344 0.47395352 -0.70623034 0.52629733 0.4629029 0.71325451 0.52730834 0.43090561 0.73230213 0.52812243 0.4387759 -0.72702295 0.52851969 0.45289135 0.71802247 0.52913123 0.57854104 -0.62073374 0.5291428 0.53048259 0.66226602 0.52942705 0.42709771 -0.73300368 0.52999699 0.54356587 0.65087587 0.53018856 0.61268926 -0.58609903 0.53041536 0.56399238 -0.63290769 0.53044796 0.42195293 0.73524183 0.53052872 0.62630689 0.57120836 0.53057861 0.63451505 0.5620293 0.53058028 0.48650172 0.69411856 0.53075451 0.58339524 0.61477613 0.53151506 0.46757895 -0.70630139 0.53197813 0.51198393 -0.67444175 0.53261495 0.58327472 0.61327958 0.53284752 -0.38105461 0.75555998 0.53288984 0.53622615 0.65459132 0.53291959 0.58039331 0.6157437 0.533292 0.53448564 -0.65568656 0.53365153 0.56144369 -0.63245326 0.53404868 0.58449119 -0.61086988 0.5347898 0.54239166 -0.6479283 0.5350191 0.53253478 0.65586686 0.53536052 0.59138674 0.60303462 0.5354259 0.56300628 -0.62955773 0.53547579 0.56731623 0.62563413 0.53586835 0.50186414 -0.67895323 0.53602809 0.59236413 -0.60148036 0.5360651 0.60753763 -0.58611631 0.53627545 0.84401035 -0.0074238 0.53640342 0.56574863 0.62625867 0.53650331 0.84386474 -0.00751203 0.53665811 0.5810281 -0.61188596 0.5370754 0.84350169 -0.00740241 0.53724176 0.84329093 -0.01522096 0.53738558 0.84330291 -0.00753596 0.53761935 0.48338437 0.69087261 0.53807616 0.48116806 0.69206303 0.53826672 0.46737158 -0.70130783 0.5383954 0.61876404 0.57206768 0.53883886 0.62421036 0.56569791 0.53964335 0.50913161 -0.67049986 0.54031587 0.57885236 -0.61072803 0.54082465 0.54158449 0.64357972 0.54105371 0.52572161 0.65641272 0.54106647 0.58410829 -0.60503256 0.54202598 0.50215155 -0.67383361 0.54209465 0.50224608 -0.6737079 0.54288322 0.49407113 -0.6790961 0.54312247 0.59855437 -0.58885527 0.54324222 0.55504745 -0.62992883 0.54332578 0.6138804 0.5726673 0.54388267 0.52700192 -0.65303946 0.54459089 0.5813508 -0.60452628 0.54526776 0.59965378 0.58574605 0.54529059 0.54539335 0.63655668 0.54534763 0.58125013 0.60394067 0.54536837 0.54530621 0.63656461 0.54539531 0.54529798 0.63654858 0.54540545 0.61882454 0.5653221 0.54547876 0.62289155 -0.56076652 0.54570186 0.497951 -0.67398399 0.5467121 0.48311824 -0.68388784 0.54674989 0.53245169 0.64618862 0.54681194 0.61171347 -0.57166719 0.54843366 0.54873931 -0.63095605 0.54851502 0.54895997 -0.63069344 0.54857391 0.48085257 -0.68399376 0.54865348 0.50109631 -0.66923976 0.54869634 0.548783 -0.63068986 0.54874611 0.54872787 -0.63069439 0.54877639 0.54868942 -0.63070166 0.54882944 0.54867172 -0.63067096 0.54899681 0.54801273 -0.63109797 0.55026335 0.55223358 -0.6262973 0.55115241 0.57917863 -0.60065228 0.55125314 0.51740956 -0.65452832 0.55125892 0.49728051 0.66994452 0.55158037 0.61389899 0.56470096 0.55263782 0.6122297 0.5654788 0.55283755 0.66056514 0.50796092 0.55298162 0.45299098 -0.69929278 0.553011 0.55365628 -0.62261027 0.55308861 0.57854646 0.59948051 0.55327672 0.55328065 -0.62270814 0.55329043 0.55277842 0.62314171 0.5533008 0.55325627 -0.62270844 0.55330569 0.55325174 -0.62270796 0.55331361 0.55323792 -0.62271333 0.55335999 0.48479149 0.67732561 0.553846 0.55272865 -0.62269217 0.55387908 0.48982269 -0.67326933 0.55471766 0.56825823 -0.607759 0.55519885 0.58760846 -0.58861744 0.5555529 0.51528573 -0.6525653 0.55614263 0.59754556 0.57761979 0.55660754 0.51768345 -0.64976293 0.55683422 0.55652243 0.61661857 0.55690545 0.51335937 0.65293074 0.55706489 0.47912928 -0.67831689 0.55901212 0.57222104 -0.60005718 0.55907166 0.6090824 0.56254566 0.55913216 0.50381869 0.65843606 0.55917442 0.48331049 -0.67359853 0.55924577 0.614461 -0.5564906 0.55950809 0.62265342 0.54704058 0.55951869 0.53690374 -0.63140571 0.56037682 0.53383702 0.63324225 0.56118888 0.6131978 -0.55592763 0.56147057 0.54257697 -0.6247887 0.56149489 0.66885471 -0.48719287 0.5618242 0.5692538 -0.60025305 0.56346393 0.63433403 -0.52927202 0.56378734 0.50249165 -0.65547389 0.56400901 0.59163994 0.57606947 0.56408817 0.55093229 -0.61504328 0.56423914 0.55890071 -0.60767108 0.56507158 0.61743128 -0.54724091 0.56516868 0.52257764 -0.63835496 0.56598681 0.5080663 -0.64925164 0.56622612 0.518547 0.64070046 0.56681168 0.59221274 -0.57272047 0.56799114 0.58052123 -0.58342189 0.56799966 0.5806331 -0.58330238 0.56856203 0.61622536 -0.54498029 0.56955796 0.5074442 0.64660972 0.57002401 0.61828774 -0.54110324 0.57037359 0.52672178 0.63026816 0.57058555 0.51687193 -0.63818139 0.57140529 0.57264405 0.58785599 0.57160193 0.57258451 -0.5877229 0.57160455 0.5724923 -0.58781022 0.57190835 0.57224172 0.58775872 0.57195973 0.57215369 -0.58779436 0.57199311 0.57212317 0.58779156 0.57200414 0.57211506 0.58778876 0.57200986 0.57217944 -0.58772051 0.57202297 0.57209516 -0.58778977 0.5720343 0.57208598 -0.58778769 0.57203507 0.57208312 0.58778971 0.57203603 0.5720849 -0.58778715 0.57204056 0.57207906 -0.58778834 0.57204521 0.57211995 0.587744 0.5720467 0.57208043 0.58778113 0.57205123 0.57208103 -0.58777624 0.57205647 0.57206625 -0.58778554 0.57206291 0.57205993 -0.58778518 0.5720703 0.57205445 0.5877834 0.57207042 0.57205099 0.58778667 0.57207489 0.57205015 0.5877831 0.57207519 0.57204825 0.58778465 0.57210064 0.57202667 0.58778101 0.57210207 0.57202154 -0.58778453 0.57210565 0.5720185 -0.58778393 0.57211804 0.57200402 -0.58778596 0.572124 0.55782968 -0.60124874 0.57219982 0.5718258 -0.58787972 0.5722537 0.57190961 -0.58774579 0.57248026 0.57164562 -0.58778185 0.57248801 0.58292359 0.57659137 0.57259476 0.52422708 0.63033426 0.57278103 0.52149874 0.63242471 0.5733 0.52054381 0.63274091 0.5737111 0.5493474 0.60751367 0.57400542 0.61591685 0.53959626 0.57438499 0.57399559 -0.58361876 0.57455146 0.60988933 -0.5458256 0.57481307 0.53911638 -0.6155839 0.57495868 0.64105022 0.50840652 0.57527143 0.57441109 0.58233553 0.57560635 0.64560366 -0.50186968 0.57626456 0.54430914 0.6096282 0.5763194 0.60955006 -0.54433882 0.57638633 0.33859649 0.74372792 0.57752347 0.60856539 -0.54416424 0.57764554 0.63068044 -0.51823521 0.57830429 0.63711077 0.50956261 0.57865 0.64695364 0.49660379 0.57892978 0.51837319 0.62938821 0.57954592 0.59742498 0.5542652 0.58110291 0.5994181 0.55047011 0.58115518 0.6490714 -0.49088177 0.5831973 0.52971452 0.61585993 0.58339274 0.62558854 -0.51796907 0.58389765 0.57102245 0.57705879 0.58464378 0.5735817 0.57375568 0.585289 0.6528362 0.48087582 0.58546603 0.60007411 -0.54510599 0.58556104 0.59994549 -0.54514551 0.5858078 0.55162352 0.59375149 0.58609462 0.61107022 -0.53205854 0.58679366 0.64129239 -0.49438572 0.58729571 0.5645026 0.58001763 0.58741182 0.59164041 0.5521856 0.58772981 0.63837773 0.49703872 0.58808535 0.54111469 -0.60112429 0.58852702 0.56669116 -0.57662547 0.58908635 0.59019756 0.55194581 0.58916312 0.58928072 -0.5528428 0.58955908 0.52679527 0.6122964 0.58970368 0.58978415 0.55172837 0.58970451 0.58978325 0.55172843 0.58971655 0.58977288 0.55172664 0.58972371 0.64579946 0.48494226 0.58972901 0.58976799 0.55171859 0.58980811 0.65996003 -0.46538061 0.58982569 0.58968657 0.55170226 0.59063911 0.60422581 0.53484273 0.59094709 0.59217083 -0.54782766 0.59119064 0.6044513 -0.53397775 0.59135258 0.60453308 -0.53370571 0.59193319 0.56890279 0.57093322 0.5920738 0.47657865 0.64986265 0.59225202 0.57809222 -0.56129026 0.59260988 0.55124998 0.58731335 0.59271312 0.59459937 0.54327041 0.59293902 0.61534566 0.5193969 0.59301388 0.62173671 0.51164258 0.59335715 0.59399229 0.54323149 0.59347141 0.58199221 0.55594665 0.59363079 0.59378809 0.54315585 0.59366429 0.59401804 0.54286772 0.59367532 0.59374082 0.54315871 0.59369111 0.5937323 0.54315078 0.59395468 0.59378463 0.54280525 0.59407103 0.60595506 -0.52905399 0.59417385 0.53475046 -0.60083222 0.59418589 0.61880767 0.51382875 0.59533823 0.67245722 -0.43974268 0.59609836 0.5281319 0.60476726 0.59638965 0.59680617 -0.5367884 0.59653276 0.64011276 0.48415321 0.59664237 0.59656429 -0.53677624 0.59681201 0.67478752 -0.43413979 0.59869605 0.68780774 0.41046745 0.59886259 0.61298823 -0.51537269 0.59910071 0.67110354 -0.43669012 0.59964454 0.57389212 -0.55774051 0.59971768 0.58561319 0.54534012 0.60049409 -0.76524115 0.23197612 0.60060829 0.64691675 0.46986002 0.60146314 -0.78973055 0.12069672 0.60160118 0.5501461 0.5791505 0.60206389 0.58645272 0.54184163 0.60235041 0.63925016 0.47805157 0.60259312 0.67682338 -0.4228377 0.60323769 0.01674774 0.79738563 0.60333306 0.50616038 -0.61627185 0.60395133 -0.79635882 -0.03248667 0.60483342 0.66145957 0.44344983 0.60506034 0.66142827 0.44318676 0.60506785 0.72563624 -0.32763523 0.60510319 -0.79219204 -0.07925811 0.60517466 0.60980666 0.51176113 0.60536122 0.68054533 0.41279051 0.60547531 0.66856611 -0.43176278 0.60564494 -0.79179472 -0.07909099 0.60576844 -0.79172838 -0.07880726 0.60577369 -0.79169565 -0.07909697 0.60577655 -0.7916972 -0.07905933 0.60585427 -0.79166526 -0.07878311 0.60592824 0.6101737 -0.51043022 0.60595113 0.66720825 -0.43319336 0.60600531 0.64768279 -0.46180573 0.6062206 0.58626854 -0.53738791 0.60634816 0.61977768 0.49821445 0.60677177 0.66739315 -0.43175745 0.60683149 0.64233702 -0.46814394 0.60686952 0.62764984 0.48761162 0.60736889 0.6075809 -0.51180905 0.60751116 0.53612101 0.58609259 0.6075778 0.62758374 -0.48681393 0.60774225 0.60775536 -0.51115823 0.60813409 0.60570991 0.51311648 0.60813761 0.67180961 -0.4228954 0.60835993 0.55305934 -0.5692305 0.60936755 -0.78987932 0.06900629 0.60963446 0.68382639 -0.40090802 0.60974926 0.57185489 0.54880571 0.60989964 0.66246021 0.43493551 0.6103217 0.57205075 0.54796475 0.61051589 0.66546464 -0.42944992 0.61059511 0.64724517 0.4563413 0.61095786 0.58873641 0.5292635 0.61097246 0.56316525 0.55637884 0.61140132 0.67450881 0.41379485 0.61181933 -0.78573018 0.09113292 0.61182368 0.61081803 -0.50256646 0.61206293 0.59653652 -0.51915622 0.61259913 0.61275172 -0.49925709 0.61260265 0.61274654 0.49925914 0.61271363 0.61263454 -0.49926031 0.61272365 0.61263245 0.49925059 0.61316091 0.55374104 -0.56338662 0.61328095 0.61197257 0.49937561 0.6134091 0.66840833 -0.42066565 0.6134792 0.54494375 0.57155901 0.61376625 0.55338103 -0.5630812 0.61393178 0.67318022 0.41220883 0.61396158 0.61126834 -0.49940166 0.61416852 -0.7871893 -0.05594619 0.61428684 0.5869742 -0.52736396 0.61507756 0.68270719 -0.39444962 0.61563528 0.6143195 -0.49356329 0.61651111 0.65036654 0.44377643 0.61723161 0.59041303 0.52003616 0.61748862 -0.7754786 -0.13168459 0.6177808 0.64462006 0.45034638 0.61794704 0.66342115 0.42191678 0.61863983 0.63415235 -0.4638271 0.61876982 0.68633336 0.38219166 0.61948913 0.61681706 -0.48556146 0.61973381 0.59066153 -0.5167678 0.61999232 0.56179208 0.5477218 0.62049311 0.57006836 -0.53852612 0.62056762 0.6499899 -0.43864462 0.6212635 0.64926064 0.4387393 0.62128299 0.62272769 -0.47562334 0.6214236 -0.78139913 -0.05699185 0.62205315 0.57903332 0.52703923 0.62205786 0.66442049 0.41423345 0.62216204 0.6929422 -0.36434278 0.62265283 0.57201934 -0.53394502 0.62319213 0.64773333 -0.43826142 0.62325895 0.61382741 -0.48452461 0.62335837 0.57569975 -0.52914482 0.62379974 0.55539846 -0.54991508 0.62383252 0.5669052 -0.53800714 0.62467766 0.6893177 -0.3669045 0.62492079 0.5524019 0.55165768 0.62503535 0.63338268 0.45624253 0.62534279 0.58967143 -0.51111072 0.62650847 0.53077531 -0.57075804 0.62652022 0.77906752 0.02293861 0.62654817 0.77904522 0.02293432 0.62669992 0.64033026 -0.44409972 0.62691617 0.77875954 0.02257539 0.62701118 0.58352083 0.51610106 0.6270408 0.77866006 0.02254697 0.62707216 0.61088872 0.4833172 0.62711269 0.63331664 -0.45347512 0.62761903 0.60926872 -0.4846504 0.62764746 0.77816576 0.022729 0.62773556 0.59349293 -0.50370073 0.62804449 0.77784753 0.02265599 0.62822783 0.74374878 -0.22840197 0.6285404 0.65276843 -0.42288333 0.62855244 0.66506273 0.40325367 0.62862492 0.71899545 -0.29643956 0.62872404 0.64437872 -0.43529537 0.62908506 0.66188627 0.40762565 0.62955558 0.70458972 0.32743409 0.62965947 0.58690101 -0.50899512 0.63015717 0.70503414 -0.32531339 0.6302014 0.66759098 0.3964448 0.63061625 0.68099159 0.37225461 0.63064718 0.56949306 0.52722079 0.63080263 0.67188573 -0.38814643 0.63101947 0.5766623 -0.51891708 0.63154733 0.57207114 -0.52333796 0.63177687 0.60429537 -0.48547414 0.63196766 0.54930115 0.54670388 0.63214862 0.55498344 -0.5407232 0.63240975 0.62124586 -0.46272203 0.63259637 0.60489261 -0.48365971 0.63286078 0.58675164 -0.50518286 0.63313341 -0.76756918 -0.09989776 0.63452679 0.58654767 -0.50332642 0.63491732 -0.77254504 0.00736366 0.63501567 0.66501445 0.39307898 0.63596874 0.69803375 -0.32907882 0.63716781 0.75512147 0.15430066 0.63861108 0.68217379 -0.3561109 0.63907415 0.62642562 0.44629028 0.63937509 0.60275948 -0.47736835 0.63939208 0.61845201 0.45683119 0.64011258 0.60380268 -0.47505584 0.64050299 0.59271407 0.48830923 0.64060163 0.67741412 -0.36157942 0.64066625 0.69992721 -0.31567159 0.64068925 0.60526347 -0.47241229 0.64157093 0.61376017 0.46009246 0.64162552 0.66469407 -0.38275126 0.64187378 0.69296879 0.32831714 0.64220345 0.60630465 -0.46900907 0.64222997 0.68903023 -0.33582428 0.64228916 0.68848085 -0.33683604 0.64241576 0.57677436 -0.50461197 0.64263654 0.62560833 -0.4423036 0.64285839 0.66222608 0.38495407 0.64286172 0.56044734 0.5221374 0.64296681 0.6579963 -0.39196268 0.64302021 -0.76015311 -0.09323272 0.64334613 0.56206948 0.51979178 0.64359087 0.57291192 0.50750643 0.64397436 0.74057168 0.19196533 0.64413351 0.69989759 -0.30860251 0.64437616 0.67190421 -0.36513579 0.64461136 0.58705169 -0.48974141 0.64497763 0.61833298 -0.44907483 0.64510477 0.71964884 0.2567983 0.64520645 0.65535986 -0.3926985 0.64529032 0.67468274 0.35833451 0.64548707 0.70998496 0.28154525 0.64554679 0.70916307 0.28347334 0.64602697 0.65566993 -0.39082748 0.64649284 0.67831546 0.34919199 0.64666343 0.70112389 -0.30041924 0.64690602 0.70467073 0.2914649 0.64693272 0.60621083 0.46258667 0.64743984 0.69118291 0.32107279 0.64747506 0.70208246 -0.29640573 0.6475212 0.71623176 -0.26024681 0.64752418 0.60648292 0.46140087 0.64755929 0.71528679 0.2627387 0.64801711 0.70749348 -0.28200474 0.64807802 0.65175945 -0.39396012 0.64814919 0.686553 0.32946545 0.64825433 0.6280899 0.43042925 0.64843976 0.62056607 -0.44093496 0.64857203 0.71050745 -0.27300829 0.64865166 0.69629163 0.30729288 0.64912045 0.65153384 0.39261457 0.64951289 0.65015411 -0.39424962 0.64953488 0.63231039 0.42224172 0.64967042 0.66252583 -0.37281069 0.64972091 0.71006083 -0.27143383 0.64992839 0.62319869 0.4349902 0.65044224 0.70237851 0.28911802 0.65044278 0.681862 -0.33464673 0.65063554 0.671354 -0.35490432 0.65095282 0.70218968 0.28842694 0.6512844 0.65592259 0.38156804 0.6514746 0.65371585 0.38501498 0.65161413 0.59733981 -0.46752992 0.65168047 0.70736319 0.27376971 0.65186268 0.61638951 -0.44174528 0.65227121 0.56975615 -0.49992004 0.65249312 0.607126 -0.45348737 0.65260756 0.64334154 0.4002687 0.65287697 0.62848824 0.42279333 0.65333086 0.6515615 0.38552105 0.65339488 0.61925125 0.43543437 0.65345186 0.64371389 0.39828789 0.65393323 0.57835394 0.48772752 0.65402436 0.71580631 -0.24469051 0.65403491 0.71441555 0.24869408 0.65408975 -0.75228864 0.07891952 0.65421128 0.60329491 0.45611727 0.65430766 0.61849314 0.43514106 0.65438116 0.70196921 0.28111282 0.6543954 -0.75201297 0.07901475 0.65445095 -0.75196451 0.07901432 0.65459996 0.67338604 -0.34358394 0.65464503 -0.75178462 0.0791182 0.65473109 0.57944572 0.48535532 0.65474886 -0.75169384 0.07912328 0.65479124 0.70435625 -0.27409977 0.65482277 0.7004956 0.28374836 0.65513796 0.70277226 0.27731821 0.65519822 0.61043179 -0.44507137 0.65536761 0.63666564 0.40638658 0.65536958 0.75103128 0.08026596 0.65549046 0.70405644 0.27319762 0.65554684 -0.75350302 0.04991556 0.65613163 0.66028321 0.36540017 0.65615761 0.75250453 -0.05651534 0.65645635 0.63507634 -0.4071157 0.65669847 0.69366783 -0.29592565 0.65684199 0.65346497 0.37622094 0.65807599 0.71225876 -0.24417937 0.65826327 0.71799934 -0.22619978 0.65840489 0.68006963 -0.32250333 0.65843183 -0.74535376 0.10447668 0.65892076 0.71879917 -0.22170088 0.65895748 0.6636942 -0.35395625 0.65899497 0.75074071 0.04597834 0.65934515 0.75167936 0.01555823 0.65949172 0.70011824 0.27368781 0.65967 0.68179315 -0.31621763 0.65968603 0.65242338 0.37303889 0.6598286 0.72078282 -0.21236403 0.65984327 0.65290356 -0.37191901 0.65998763 0.59063184 0.46429557 0.66013163 0.74860382 -0.06179373 0.66058528 0.71692091 -0.22282597 0.66060877 0.71273988 0.23579226 0.66061503 0.71134239 0.23995787 0.66070861 0.54292339 0.51836115 0.66096675 0.61943054 0.4235903 0.66116023 0.63256246 0.40340054 0.66129047 0.74793041 -0.05740128 0.6617524 0.68831909 -0.29715401 0.66203707 0.71720922 0.21752651 0.66237992 0.71840662 0.21247311 0.66249299 0.7161628 -0.21957678 0.66265994 0.63334095 0.39970106 0.66299593 0.61832935 -0.422025 0.66304255 0.67157716 -0.3306942 0.66315544 0.71050179 -0.23539786 0.66330129 -0.74811226 -0.01895935 0.66337579 0.66301793 0.34690022 0.66353142 0.71002632 -0.23577291 0.66364086 0.67540789 0.32156649 0.66370541 0.60784012 0.43591928 0.66371572 0.60444725 -0.44059625 0.66373426 0.74691731 0.0396406 0.66379178 0.64855593 0.37249947 0.66434693 0.72743171 -0.1717155 0.66463453 0.73535663 -0.13233131 0.66493767 0.74040765 -0.0982568 0.66512489 0.71546543 0.21381772 0.66513604 0.62869632 0.40290812 0.66621411 0.68635082 0.29168716 0.66700047 0.66850913 -0.32894671 0.66717219 0.60786772 -0.4305554 0.66723257 0.71991014 0.19112843 0.66760296 0.66785502 -0.32905304 0.66778833 0.66766393 -0.32906449 0.66789073 0.66884357 0.32645094 0.66792667 0.66891032 0.32624048 0.66812676 0.65086353 -0.36053193 0.66824013 0.61742228 -0.41502392 0.66849256 0.63625437 -0.38509476 0.66906935 0.62447119 0.40296635 0.66965622 0.7411232 0.04792481 0.67016816 0.64018685 -0.37554687 0.67025065 0.71766526 -0.18899928 0.670268 0.66213489 0.33513924 0.67065597 0.62799162 0.39477473 0.67073947 0.65962112 -0.33912915 0.67075008 0.67481792 0.30775827 0.67093498 0.68510717 -0.28368011 0.67100531 0.70654714 -0.2248176 0.67132908 0.69534349 0.25654349 0.67167234 0.64967728 0.35605565 0.67184234 0.71465552 -0.19466737 0.67206001 0.67250615 -0.30995277 0.67211741 0.67286086 0.30905753 0.67224967 0.67275709 -0.30899557 0.67225903 0.63037509 0.38819477 0.67228442 0.71126068 -0.205285 0.67237943 0.67265344 -0.30893892 0.67243844 0.67256021 -0.30901346 0.6724394 0.67255634 -0.30901995 0.67244911 0.67254841 -0.30901599 0.67247999 0.67251599 -0.30901912 0.67248231 0.67250878 -0.30902994 0.67248434 0.6725145 0.30901319 0.67249012 0.67251533 0.30899847 0.6725049 0.67249328 0.30901465 0.67250592 0.67249691 0.30900416 0.67250901 0.67248183 -0.30903023 0.67252731 0.67247456 0.30900666 0.67253071 0.67247868 0.30899012 0.67253494 0.67246526 -0.30901006 0.67254442 0.67246574 0.30898854 0.67261457 0.67238355 0.30901462 0.67262846 0.7098428 0.20903157 0.67263919 0.67235154 -0.30903038 0.67280859 0.6721766 -0.30904263 0.67283279 0.67217606 0.30899107 0.6728394 0.67212802 -0.3090812 0.67286056 0.73933697 -0.02528838 0.67311215 0.69508231 -0.25254831 0.67334336 0.72958922 -0.11961716 0.67351425 0.72242349 0.15646969 0.6735155 0.60713327 -0.42162293 0.67352128 0.67354721 0.30447191 0.67358834 -0.73905373 0.00885369 0.67358983 0.67347479 0.30448064 0.67361355 0.67345893 0.30446294 0.67365229 0.70777547 0.21271233 0.67378199 0.70944381 0.20665742 0.67380399 0.6004585 0.43062496 0.67386144 0.64798266 -0.35500616 0.67387962 0.67374313 0.30324331 0.67405319 0.67412496 0.30200619 0.67406338 0.73833388 -0.02239691 0.67406887 0.73353976 -0.08689398 0.674182 0.63511407 -0.37697324 0.67424184 0.7381683 -0.02248442 0.67469072 0.73775852 -0.02246891 0.67478657 0.73156971 0.09730802 0.6748932 0.73757035 -0.02255828 0.67496383 0.73575795 -0.05553411 0.67503697 0.68103528 -0.2837534 0.67523259 0.67011577 -0.30823004 0.67539316 0.7371127 -0.0225577 0.67540973 0.73627037 0.04156506 0.67546231 0.71612078 0.17584573 0.67554873 0.7369681 -0.02262632 0.67584652 0.71979916 0.15849498 0.67677635 0.73406726 -0.05584904 0.67732799 0.70730001 0.20236969 0.67755383 0.73454994 0.03684172 0.67757601 0.67489272 0.29225102 0.67763156 0.69933838 0.22746707 0.67770869 0.73320049 -0.05592799 0.67772138 0.69522899 0.23947936 0.6780926 0.73142445 -0.07217067 0.67820621 0.73297077 -0.05282257 0.6787591 0.73361754 0.03303814 0.67903471 0.62350535 -0.38749588 0.67919958 0.66542947 0.30966365 0.67924625 0.73368597 0.01814702 0.679254 0.695701 -0.23369677 0.67946547 0.68092805 0.27324671 0.67951107 0.60924035 -0.40876761 0.67953902 0.63812017 0.36197975 0.6798566 0.69214183 0.24235232 0.6798647 0.71482062 0.16375355 0.68002069 0.72215831 -0.12672521 0.68016315 0.72628266 -0.09945615 0.68021518 0.69364041 -0.23700295 0.68047822 0.73202306 0.03304015 0.68048674 0.62177533 -0.3877283 0.68087447 0.66775554 0.30085269 0.68106359 0.72695208 -0.08770976 0.6812188 0.7281763 0.07549985 0.68144315 0.73108226 -0.03396957 0.68155849 0.6847775 0.25798801 0.68164504 0.72970384 -0.05378201 0.68168318 0.68523538 -0.25643787 0.6817705 0.66892219 0.29619613 0.68179005 0.66896909 0.2960453 0.68180698 0.7066533 0.18915674 0.68180782 0.66889149 0.29617947 0.68188244 0.72437668 -0.10156184 0.68193281 0.68529963 0.25560138 0.68226266 -0.73110563 0.00152052 0.68246663 0.61698568 0.39187741 0.68247718 0.69921476 0.21289337 0.68252748 0.66331941 0.30686074 0.68261206 0.62133551 -0.38468552 0.68264186 0.71397859 0.15567435 0.68269867 0.7305761 -0.01345329 0.68274581 0.7243855 -0.0955184 0.6828444 0.71715081 -0.13934968 0.68285948 0.71813649 -0.1341006 0.68304741 0.73034859 0.00608988 0.68336648 0.63834995 -0.35428748 0.68342966 0.65128684 0.32977167 0.68343294 0.6792146 0.26755732 0.68346077 0.6990034 0.21041758 0.68399251 -0.71768671 -0.13069013 0.68399948 0.69777483 -0.21273233 0.68412393 0.72718203 -0.05639941 0.68419361 0.00670707 -0.72926956 0.68433851 0.66137069 0.3070336 0.68517852 0.69056076 0.23163809 0.68528509 0.65162158 -0.32522851 0.6855129 0.72723937 0.03456895 0.68563676 0.6866743 0.24162093 0.68572122 0.68503976 0.24598162 0.68591028 0.66468513 0.29617694 0.68595088 0.7130661 -0.14494197 0.68611062 0.692132 -0.22406608 0.68615824 0.72124219 0.09485039 0.68617201 0.69956487 -0.19944122 0.68640465 0.66452414 0.29539198 0.68678385 0.72460198 -0.0572704 0.68697083 0.61150706 0.39259413 0.68700802 0.69087189 0.22520247 0.68715465 0.63929504 -0.34513819 0.68734574 0.69848311 0.19919121 0.68738294 0.72417772 -0.05542129 0.68751824 0.71419746 -0.13130355 0.68752903 0.71467555 -0.12861812 0.6875658 0.63058984 -0.36001366 0.68770337 0.67335212 -0.27140549 0.68783987 0.7185325 -0.10289521 0.6880222 0.64812857 0.32642728 0.68817741 0.72410357 0.04567114 0.68822551 0.67328954 0.270235 0.68823487 0.37681973 0.61995131 0.68835819 0.66184437 0.2968587 0.6883828 -0.72351748 -0.05149361 0.68840688 0.68478489 0.23909339 0.68853211 0.70791519 -0.15741591 0.68892157 0.69048935 0.22048005 0.6890294 0.69689268 0.19894488 0.68912458 0.68289804 0.24239933 0.68915486 0.68892205 0.22461499 0.68922627 0.6868642 0.23061822 0.68954575 0.65149873 0.3163482 0.68984389 0.72284216 0.04018313 0.69018018 0.68315214 0.23865129 0.69019359 0.69187784 -0.21198586 0.69022113 0.67578149 0.25867754 0.69026858 0.65890789 0.29894748 0.69051516 0.69522506 -0.19962707 0.69093484 0.61251479 -0.38397226 0.69094515 0.68868649 0.21978559 0.69109821 0.7227577 -0.00211746 0.69113231 0.6498217 -0.31633508 0.69147921 0.72066081 -0.05004495 0.69148248 0.58534485 -0.42334777 0.69166708 0.66653019 0.27809042 0.6919288 0.59934896 -0.40251133 0.6922859 0.65510899 -0.30260935 0.69233376 -0.72016877 -0.04506521 0.69237638 0.67888409 0.24440002 0.69246393 0.68224627 -0.23459285 0.69256139 0.65482408 0.30259556 0.69262779 0.69627345 0.18833496 0.69269317 0.65094262 0.31056401 0.69288999 0.63980383 0.33249748 0.69306964 0.67205375 0.26076481 0.69308859 0.71930099 0.04726704 0.69328344 -0.71592867 -0.08248786 0.69339776 0.66578335 -0.27555785 0.69349515 0.64141375 -0.32810503 0.6936608 0.65844697 0.29203138 0.69375592 0.70860636 0.12876208 0.69379991 0.67211378 -0.25865954 0.69402122 -0.71994841 -0.00296126 0.69417661 0.71222204 -0.10420403 0.69436508 0.58750761 0.415562 0.69481444 0.63579619 0.33614895 0.69497401 0.68641424 -0.21411805 0.69535619 0.71845883 0.01722257 0.69561607 0.60670894 -0.38473704 0.69578505 -0.71824652 0.00230016 0.69617248 0.71042639 -0.10314208 0.69620967 0.70745057 0.12167902 0.6963312 0.71283436 0.08360735 0.69653636 0.62160349 0.35839391 0.69664973 0.71584952 0.0473162 0.69670784 0.64002335 -0.32398793 0.69677871 0.71509868 0.05597706 0.69680017 0.66132528 0.27770218 0.69685042 0.65307242 0.29647255 0.69722176 0.68191946 -0.22106023 0.69746923 0.7155568 0.03892343 0.69757223 0.71629822 -0.01760368 0.69765556 0.6625849 -0.27250311 0.69819778 0.68608987 -0.20445177 0.69826829 0.67802858 0.22956178 0.69828987 -0.71567553 -0.01413282 0.69870824 0.67733288 0.23027554 0.69890982 0.71486163 -0.02231683 0.69918996 0.71331406 0.04812954 0.69936079 0.71379554 0.0372883 0.69938916 0.71470189 0.00748858 0.6994459 -0.59834105 -0.39084974 0.69944715 0.67177933 -0.24389781 0.69946599 -0.71466541 -0.00085182 0.69961053 0.65891743 -0.27635664 0.69972271 0.69668609 -0.15816687 0.69983357 0.69669074 -0.15765461 0.6998924 0.6338923 0.32913712 0.69994563 -0.71416658 -0.00650344 0.70018524 0.70281559 0.12566152 0.70030683 0.68791056 -0.19065514 0.70055878 -0.71357733 -0.00497012 0.7006011 0.70310551 -0.12165853 0.70074469 0.713211 0.01694327 0.70085317 0.69508535 -0.16019119 0.70112592 -0.7130357 -0.00157833 0.70141065 -0.71275049 0.00314029 0.70141262 0.65389532 -0.28362173 0.70153415 -0.71262884 -0.00315472 0.70160973 0.68385285 0.20022212 0.70172381 0.67841929 -0.2175568 0.70201164 0.63256758 -0.32716653 0.70202678 -0.71212685 0.00581202 0.70203871 -0.71213871 -0.00015964 0.70210218 0.71050215 0.04732081 0.70220786 0.68879318 -0.18018918 0.70227808 0.68920881 0.17831616 0.70236373 -0.71181816 -0.00019474 0.70238113 -0.71167111 0.01360226 0.70271355 -0.71144992 -0.00572481 0.70281494 -0.71136194 0.00390104 0.70288515 -0.71130335 -0.00028066 0.70293576 0.59219706 0.39393377 0.70295739 -0.7090587 0.05555824 0.70298606 0.70338792 -0.10514721 0.70308715 0.7056551 -0.08786017 0.70311195 0.70322782 0.10537616 0.70311666 0.7032215 -0.10538699 0.7031213 0.70321774 -0.10538103 0.70312339 0.70322394 0.10532556 0.70312816 0.70320976 -0.10538884 0.70313209 0.70320672 -0.10538273 0.70325202 0.70308667 0.10538423 0.70325392 0.64349258 0.30224332 0.70336097 -0.71080911 -0.00580926 0.70339352 -0.71080029 0.00074749 0.70360756 0.70273995 -0.10532355 0.70373052 0.66712254 -0.24435781 0.70378977 0.64939404 -0.28804037 0.7038728 -0.71031111 -0.00460557 0.70392644 -0.71018875 -0.01092629 0.70398551 0.70312518 -0.10009667 0.70418328 0.70212734 -0.10556122 0.70420355 0.67875874 -0.20828809 0.70420766 -0.70999378 -0.00061015 0.70423228 -0.70996368 -0.00291671 0.70442086 0.70333999 -0.0954152 0.70473778 -0.70946234 -0.00279019 0.704781 -0.70942432 -0.00089925 0.70487368 0.70933282 6.023e-05 0.70501864 -0.70918322 0.00281735 0.70511103 -0.70909071 0.00297069 0.70517683 -0.70903051 -0.00121435 0.70517713 -0.70899081 -0.00756318 0.70522648 -0.70897627 -0.00287128 0.70525527 -0.70895338 -7.52e-06 0.70526767 -0.70894104 0.00036955 0.70530516 -0.70890284 -0.00117906 0.70531607 0.58969086 0.39343879 0.70532227 -0.70888668 0.00016961 0.70532387 -0.70888281 0.0018309 0.70545763 0.70332724 0.08752319 0.70549095 -0.7087186 -0.00072167 0.70549887 0.70856839 0.01421797 0.70552295 0.70086962 0.10497232 0.70552683 0.65950614 0.25939053 0.7055493 -0.70865583 -0.00264338 0.70558876 0.70293504 0.08959207 0.70560509 -0.70860499 -0.00069958 0.70564342 -0.70856547 -0.00155547 0.70565003 -0.70856017 0.00059702 0.70576125 -0.70844942 -0.00060587 0.70582348 0.67021161 0.22941135 0.70582843 0.70629579 0.0543353 0.70584184 0.70568043 -0.06166471 0.70585138 -0.70835972 0.00058506 0.70586443 0.70565766 -0.061666 0.70588654 -0.70832503 0.0001522 0.70589095 -0.70832026 -0.00049479 0.70589709 -0.7083143 0.00012728 0.70591903 -0.70804888 0.01858314 0.70592314 0.67020911 0.22911188 0.705935 -0.70827639 -0.00052996 0.70594198 -0.70805562 0.0174108 0.70594585 -0.70826453 -0.00131866 0.70595706 0.70616454 0.05437171 0.70596319 -0.70824766 -0.00106941 0.70596844 -0.70670956 -0.04658512 0.70599365 -0.70821702 0.00129159 0.7060501 0.65895993 -0.25935525 0.70606571 -0.70814592 -0.00078699 0.70606983 -0.70814174 -0.00078587 0.70607328 -0.7081387 -0.0003679 0.70609772 -0.70811397 0.00075152 0.70610547 -0.70786482 0.01850899 0.70613402 -0.70786315 0.01745254 0.7061373 -0.70805633 0.00513134 0.70614606 -0.70785809 0.01716299 0.70615083 -0.70806146 -0.00014158 0.7061727 -0.70803958 0.00031839 0.70618463 -0.7080273 -0.00075365 0.70621037 -0.70783353 -0.01544511 0.70623094 0.69736177 -0.1221651 0.70623904 -0.70797312 -0.0007082 0.70628935 -0.7079227 0.00086653 0.70630223 -0.70790988 -0.00089995 0.70631331 -0.7078858 -0.00438042 0.70632088 -0.70765829 0.01818403 0.70632088 -0.7076475 0.01859823 0.70633709 -0.70766014 0.0174604 0.70634037 -0.70787162 -0.00096134 0.70634419 -0.7078681 -0.00080957 0.70634741 -0.70786536 -0.00015502 0.70636529 -0.70763016 0.01753939 0.70636797 -0.70784473 1.17e-06 0.70637721 -0.70783508 0.00087503 0.70638716 -0.70782238 0.00219232 0.70639348 -0.70781702 -0.00182726 0.70639712 -0.70781457 0.00126754 0.70639801 -0.70760715 0.01715021 0.70640188 -0.70781064 0.00055662 0.70640582 -0.70758009 0.0179223 0.70640665 -0.70780611 3.792e-05 0.70640963 -0.70780253 0.00096431 0.70641249 -0.70779973 -0.00081007 0.70641392 -0.70779848 -0.00089547 0.70641613 -0.70759678 0.01682438 0.7064203 -0.70779228 0.00054262 0.70642108 -0.70756102 0.01807211 0.70642209 -0.70779043 -0.00072931 0.70642823 -0.70753545 0.01878242 0.70643377 -0.70777917 -4.831e-05 0.70643437 -0.7077781 -0.00089864 0.70643842 -0.70755821 0.01749743 0.70644718 -0.70735556 -0.02408914 0.70645261 -0.70776027 -6.647e-05 0.70645541 -0.70775747 0.00038913 0.70645624 -0.70775324 -0.00220949 0.70646262 -0.70774972 -0.00092335 0.70646733 -0.70774561 -0.00022699 0.70646888 -0.707744 0.00026282 0.70647562 -0.70773721 0.00055429 0.70648319 -0.70772958 0.00055748 0.70649934 -0.70771337 0.00064426 0.70650017 -0.70750058 0.01733478 0.70650172 0.7063508 0.04386153 0.70650411 -0.70749789 0.01728302 0.70650434 -0.70746332 0.01863613 0.70651692 -0.70749301 0.01695551 0.70651704 -0.7074542 -0.01849704 0.70651925 -0.70749342 0.01683703 0.70652276 -0.70768476 -0.00279258 0.70652664 -0.70749903 -0.01628746 0.70652705 -0.70768583 0.0005399 0.70653266 -0.70744973 0.01806999 0.70654511 -0.70766789 0.00020159 0.70655036 -0.7076627 -5.984e-05 0.70655125 -0.70766175 0.00048473 0.70656562 -0.70764726 0.00054001 0.70656824 -0.70764297 0.00164686 0.70657164 -0.70764142 0.00040928 0.70657486 -0.70763814 -0.00021519 0.70658559 -0.70762759 0.00014647 0.70658851 -0.70762467 -0.00019989 0.70658875 -0.70740914 0.01746013 0.70659441 -0.70739311 0.01786927 0.70659465 -0.70761752 -0.0011917 0.70660615 -0.70760304 -0.0023852 0.70660627 -0.70760685 2.459e-05 0.70660663 -0.70760655 0.00029444 0.70661104 -0.70760167 -0.00079236 0.70661205 -0.70760119 -4.191e-05 0.70661491 -0.70759821 -0.00040618 0.70662075 -0.70734763 0.01861598 0.70662284 -0.70758545 0.00264554 0.70662421 -0.70758909 -2.226e-05 0.70662487 -0.7075882 0.00045315 0.70662957 -0.70758331 -0.00050451 0.70663017 -0.70758295 -0.00057529 0.70663178 -0.70758134 0.00042488 0.70663297 -0.70758009 -0.00055351 0.70663524 -0.70746952 -0.01239573 0.70663768 -0.70757538 0.00045957 0.70664847 -0.70737129 -0.01654307 0.70665026 -0.70756197 0.00120794 0.70665359 -0.70755905 -0.00090844 0.70665753 -0.70755559 -0.00037159 0.70665777 -0.70755553 7.691e-05 0.70666039 -0.70732766 0.01785314 0.70666301 -0.70755011 -0.00052032 0.70666504 -0.70754725 0.00116867 0.70666587 -0.70754713 0.00052382 0.70667636 -0.70753706 -0.00018024 0.70667791 -0.70753527 0.0004142 0.70668256 -0.70753014 0.0009696 0.70668626 -0.70732129 0.01706748 0.70668846 -0.70752454 -0.00082106 0.70668918 -0.70751929 -0.00262916 0.7066952 -0.70751786 0.00050152 0.7066958 -0.70751745 0.00051926 0.70669788 -0.70751542 0.00016504 0.70670301 -0.70751023 0.00014953 0.70670307 -0.70750993 0.00071376 0.70670718 -0.70750612 0.00031366 0.70671141 -0.70750177 -0.00028981 0.70671439 -0.70749879 -0.00037203 0.70671672 -0.70748985 -0.00309264 0.70671731 -0.70749587 0.00044812 0.70671886 -0.70749438 -0.00035148 0.70672101 -0.70729512 -0.01669859 0.70672226 -0.70749098 0.00046459 0.70672238 -0.70749086 -0.00039432 0.70672464 -0.70748866 -0.00021506 0.7067247 -0.70748854 0.00023915 0.70672572 -0.70729607 0.01646555 0.7067278 -0.7073068 -0.01590663 0.70672816 -0.70748514 -0.00035631 0.70673186 -0.70748138 -0.00043432 0.70673448 -0.70747876 0.00031799 0.70673692 -0.70747638 -0.0001251 0.70674223 -0.70725346 -0.01754976 0.70674294 -0.70725513 0.01745525 0.70674396 -0.70746934 -3.167e-05 0.70675099 -0.70724404 0.01757722 0.70675123 -0.70746207 -0.00047261 0.7067526 -0.70746076 -0.00030622 0.70675391 -0.70745939 0.0002754 0.70675421 -0.70722765 0.0181 0.70675629 -0.70745689 -0.00065748 0.70675689 -0.70745647 -0.00044694 0.70676035 -0.70745301 -8.108e-05 0.70676178 -0.70744699 0.00256745 0.70676243 -0.70745093 -0.00042969 0.70676374 -0.7074492 0.00081398 0.70676619 -0.70744717 -9.5e-07 0.70676905 -0.70722461 0.01762937 0.70676959 -0.70722753 0.01749247 0.70677215 -0.70744109 0.00039561 0.70677269 -0.70723969 -0.0168615 0.70677501 -0.70743829 0.00030907 0.70677596 -0.70722097 0.01749866 0.70677632 -0.70743716 0.0001104 0.70678061 -0.70742625 -0.00302058 0.70678341 -0.70722723 0.01693348 0.70678377 -0.70742941 -0.00054495 0.70678431 -0.70717043 0.01912888 0.7067852 -0.7074281 -1.2e-05 0.70678574 -0.70742756 0.00027201 0.70678735 -0.70742589 -0.00034073 0.70678997 -0.70742249 0.00122849 0.7067942 -0.7074191 -0.00024735 0.70679498 -0.70741838 0.00026731 0.70679533 -0.70741808 -0.00028081 0.70679533 -0.70741785 0.00039607 0.70679605 -0.70741731 0.00040008 0.70679665 -0.70741659 0.00039261 0.70679748 -0.70741594 0.00034751 0.7067979 -0.70741463 0.00106276 0.70679963 -0.70741385 -2.36e-06 0.7068013 -0.70741218 -3.39e-05 0.70680267 -0.70741069 -7.46e-06 0.70680368 -0.7074095 -0.00067773 0.70680696 -0.70718634 0.0176455 0.70681095 -0.70740253 -0.00026698 0.70681673 -0.70739681 -0.00012014 0.70681673 -0.70739669 -0.00032472 0.70681763 -0.70739561 0.00033867 0.70681846 -0.70739508 7.692e-05 0.70681864 -0.70739466 -0.00024739 0.70682007 -0.70739335 -0.00024601 0.70682079 -0.70739263 -0.00020902 0.70682603 -0.70716745 0.01764369 0.70682639 -0.70716065 -0.01789829 0.70682877 -0.70738465 0.00023013 0.70682931 -0.70717478 0.01721319 0.70683259 -0.70717496 0.01706389 0.70683271 -0.70738077 -8.92e-06 0.70683283 -0.70717847 0.01691602 0.70683372 -0.70737869 -0.00122343 0.70683426 -0.7073791 -0.00031183 0.70683688 -0.70737636 0.00046225 0.70683771 -0.70736325 -0.00420053 0.70683813 -0.70737523 0.00035228 0.70683831 -0.70717067 -0.01700812 0.70683849 -0.70714307 0.01811543 0.70683926 -0.70737416 0.00024639 0.70684195 -0.70737153 -0.00015647 0.70684332 -0.7073701 0.00024451 0.70684397 -0.70736945 0.00040418 0.7068463 -0.70736557 -0.00151028 0.70685202 -0.7073614 0.00022277 0.70685226 -0.70736122 0.00017783 0.70685303 -0.70736033 0.00020805 0.7068553 -0.70735812 -0.00023771 0.70685542 -0.70735234 -0.00285059 0.70685804 -0.70735455 -0.00110746 0.70685917 -0.70714331 0.01727967 0.70685977 -0.70735365 -0.00018269 0.70686209 -0.70735127 -0.00025165 0.70686263 -0.7071377 0.01736108 0.70686418 -0.70734763 -0.00160478 0.70686477 -0.70734876 -5.552e-05 0.70686495 -0.70734859 -7e-05 0.70686507 -0.70734763 -0.00100982 0.70686537 -0.70734823 -4.079e-05 0.70686549 -0.70734751 0.00078469 0.70686668 -0.70734656 0.00028988 0.70686781 -0.7073456 -0.00014682 0.70686865 -0.70713669 0.01716224 0.70686913 -0.70733702 -0.00320855 0.70686948 -0.70734394 1.29e-05 0.7068696 -0.70734245 -0.00137186 0.70686972 -0.70713711 0.01709889 0.70687014 -0.70712811 0.01744744 0.70687085 -0.70734251 -0.00025251 0.70687109 -0.70734227 0.00035875 0.70687824 -0.70733517 0.00027313 0.70687854 -0.70733488 -0.00023553 0.70687854 -0.70733476 0.00053526 0.70687878 -0.7073347 0.00025613 0.70687878 0.62321359 0.33455536 0.70688057 -0.70711756 0.01745104 0.70688474 -0.70732874 3.537e-05 0.70688832 -0.70732486 -0.00054437 0.70688838 -0.70732224 0.002038 0.70689052 -0.70732301 8.604e-05 0.70689106 -0.70732242 -0.00016762 0.70689327 -0.70710903 0.01728455 0.7068941 -0.70731938 -0.00019024 0.7068966 -0.70731688 -1.915e-05 0.70689732 -0.7073161 -0.00047382 0.70689732 -0.70731574 -0.00078772 0.70689994 -0.70731342 -0.00025267 0.70690072 -0.70710415 0.01717816 0.70690089 -0.70731252 -5.157e-05 0.70690173 -0.70731169 0.00014215 0.70690221 -0.70731127 0.00017631 0.70690387 -0.7073096 0.00022048 0.70690578 -0.70730722 0.00080533 0.70690656 -0.70730698 -0.0002111 0.70690674 -0.70730609 0.00105045 0.70690715 -0.70730633 -0.00013241 0.70690727 -0.70730615 0.00016708 0.70690852 -0.70709968 0.01703966 0.70690984 -0.70709389 -0.01722794 0.70691061 -0.70730293 -6.58e-06 0.70691091 -0.70730269 0.00014794 0.70691288 -0.70730072 -0.00016858 0.70691293 -0.70724368 -0.00897209 0.70691305 -0.70705032 0.01880608 0.70691401 -0.70729953 0.0001347 0.70691413 -0.70729935 -1.035e-05 0.70691508 -0.70729828 -0.0003357 0.70691603 -0.70708138 0.01748548 0.70691621 -0.70729738 -1.428e-05 0.70691621 -0.70729601 0.00130568 0.70691627 -0.70729733 -0.00018481 0.70691633 -0.70729715 -1.04e-06 0.70691735 -0.70729619 0.00037921 0.70691752 -0.70729601 -3.551e-05 0.70691848 -0.70729512 -7.59e-05 0.70691878 -0.7072947 0.0001935 0.70691884 -0.70729476 -5.069e-05 0.7069217 -0.7072919 -0.00015053 0.70692354 -0.70728993 -0.00023968 0.7069239 -0.70728964 -6.688e-05 0.70692414 -0.70728946 0.00019098 0.70692557 -0.70728767 0.00080184 0.7069273 -0.70728612 0.0001271 0.70692748 -0.70728588 0.0003161 0.70692754 -0.707286 0.00012919 0.70692778 -0.70728564 0.00018676 0.70693201 -0.70728129 0.00049782 0.70693231 -0.70728058 -0.00088745 0.70693344 -0.70728004 7.888e-05 0.70693403 -0.70727909 -0.00080562 0.70693517 -0.70727837 -0.00018299 0.70693582 -0.70727736 -0.00075843 0.706936 -0.70727736 -0.00054127 0.70693749 -0.70727605 -0.00014469 0.70693785 0.70727563 4.7e-06 0.70693886 -0.70727462 2.882e-05 0.70693958 -0.7072739 3.02e-05 0.70694232 -0.7072711 0.00014983 0.70694345 -0.70726991 -0.00053244 0.70694458 -0.70726901 -0.00016714 0.70694536 -0.70726818 0.00014693 0.70694673 -0.70726669 -2.99e-06 0.70694697 -0.70726615 -0.00063003 0.70694822 -0.70704389 0.01769766 0.70694828 -0.70726508 0.00056929 0.70694911 -0.7072643 0.00033111 0.70694965 -0.70726395 3.05e-06 0.70695001 -0.70726347 0.00015567 0.70695078 -0.70726234 0.00072421 0.70695132 -0.70726216 0.00010809 0.70695168 -0.7070505 0.01728353 0.70695198 -0.70705038 0.01728358 0.70695257 -0.70726097 3.804e-05 0.70695323 -0.70726031 -7.62e-06 0.70695364 -0.70725995 -9.348e-05 0.70695394 -0.70704687 0.01734089 0.70695442 -0.70725673 0.00186838 0.70695573 -0.70725751 -0.00063572 0.70695579 -0.70725757 -0.00048717 0.70695621 -0.70725739 7.101e-05 0.7069568 -0.70725673 -0.00017236 0.70695728 -0.70725632 -0.00021206 0.70695776 -0.70725572 -5.535e-05 0.70695859 -0.70725256 -0.001818 0.70695883 -0.70725465 -7.257e-05 0.70695889 -0.70725334 -0.0012876 0.70695925 -0.70725417 2.632e-05 0.70696014 -0.7072534 -0.00012555 0.70696068 -0.70725292 0.00014781 0.7069611 -0.7072525 -3.632e-05 0.70696133 -0.7072522 0.0001051 0.70696211 -0.70725143 0.00016366 0.70696342 -0.70725006 8.764e-05 0.70696509 -0.70724845 -0.00022614 0.70696616 -0.70724738 1.231e-05 0.70696652 -0.70724696 0.00015292 0.70696676 -0.70724678 2.394e-05 0.70696682 -0.70724678 2.37e-06 0.706967 -0.70724636 -5.69e-05 0.70696706 -0.70724636 6.002e-05 0.70696729 -0.70705229 0.0165668 0.70696789 -0.70553017 -0.0492314 0.70696819 -0.70724505 0.00056946 0.70696944 -0.7072441 0.00012838 0.7069701 -0.70724344 -0.00013928 0.70697033 -0.70724314 -0.00022639 0.70697051 -0.70724314 4.81e-05 0.70697087 -0.70724273 2.23e-06 0.70697153 -0.70724195 0.00048179 0.70697176 -0.70724165 -5.369e-05 0.7069723 -0.7072413 -2.263e-05 0.7069726 -0.7072407 0.00050393 0.70697397 -0.70723939 0.00037542 0.70697474 -0.70723879 3.949e-05 0.70697486 -0.70702517 0.01737343 0.7069757 -0.70723772 0.00015405 0.70697576 -0.7070238 -0.01739797 0.70697582 -0.70723772 0.00015673 0.70697606 -0.70723742 5.646e-05 0.70697671 -0.70723689 4.32e-06 0.70697671 -0.70723659 0.00047588 0.70697802 -0.70723534 0.00048144 0.70697814 -0.70723492 0.00078353 0.7069782 -0.70723528 -0.00012592 0.70697856 -0.7072351 4.983e-05 0.70697856 -0.70723504 0.00012028 0.70697856 -0.70723498 -0.00012728 0.70697904 -0.7072345 6.649e-05 0.70697916 -0.70723438 -0.00019501 0.70697922 -0.70723397 0.00070292 0.70698076 -0.70723271 -3.583e-05 0.70698148 -0.707232 0.00024476 0.70698208 -0.70723152 8.782e-05 0.70698386 -0.70722955 0.00044716 0.7069841 -0.70722944 -4.62e-06 0.70698458 -0.70722902 -1.39e-05 0.70698553 -0.707228 -0.00013568 0.70698589 -0.70722771 8.401e-05 0.70698631 -0.70722717 7.767e-05 0.70698649 -0.70722711 5.458e-05 0.70698696 -0.70701134 0.01745326 0.7069881 -0.70722544 2.94e-06 0.70698816 -0.70722538 6.616e-05 0.70698965 -0.70722389 -5.442e-05 0.70699084 -0.7072227 3.238e-05 0.7069909 -0.70700723 -0.01745601 0.70699191 -0.70721972 -0.00163665 0.70699197 -0.70702744 0.0165689 0.70699281 -0.70722067 -0.00026116 0.70699328 -0.70722032 0.00012493 0.70699412 -0.70701486 0.01701167 0.70699465 -0.70721889 4.514e-05 0.70699477 -0.70721865 -0.00019416 0.70699477 0.66902494 0.22926863 0.70699555 -0.70721102 -0.0031392 0.7069959 -0.70721763 -4.849e-05 0.70699644 -0.70721591 0.00125308 0.7069965 -0.7072165 0.00088551 0.7069968 -0.70721674 -0.0001085 0.70699686 -0.70721674 -0.00015157 0.70699686 -0.70721674 -5.506e-05 0.70699692 -0.70721662 4.705e-05 0.70699704 -0.70721656 0.00011651 0.70699722 -0.70721632 -5.046e-05 0.70699722 -0.70700151 -0.01743601 0.70699751 -0.70721596 -6.791e-05 0.70699769 -0.70700037 -0.01745337 0.70699787 -0.70721525 -0.00068861 0.70699829 -0.70721525 0.00014709 0.70699859 -0.70721501 -0.00016605 0.70699859 -0.70721489 -2.97e-05 0.70699859 -0.70721477 -0.00050373 0.70699865 -0.70721495 9.47e-06 0.70699894 -0.70721471 0.00011582 0.70699894 -0.70721459 -2.178e-05 0.70699936 -0.70699883 -0.01745117 0.7069999 -0.70699829 -0.01744818 0.7070002 -0.7072134 9.775e-05 0.70700085 -0.70721269 0.00014 0.70700121 -0.70721215 0.00053658 0.70700204 -0.70721138 2.345e-05 0.7070024 -0.70721114 -8.109e-05 0.70700246 -0.70721108 0.00011941 0.70700276 -0.70721084 -4.6e-07 0.70700288 -0.70721066 -8.779e-05 0.70700353 -0.70720994 -0.00024258 0.70700371 -0.70720989 -0.00018811 0.70700371 -0.70720983 0.0001009 0.70700401 -0.70720965 -0.00015129 0.70700425 -0.70720929 7.269e-05 0.70700473 -0.70720857 -0.00064134 0.70700544 -0.70720816 -9.946e-05 0.7070061 -0.70720744 6.088e-05 0.70700699 -0.70720655 -8.684e-05 0.70700711 -0.70720649 0.00011179 0.70700735 -0.70720619 -7.022e-05 0.70700741 -0.70720619 -0.00010925 0.70700872 -0.70720458 -0.00046621 0.70700902 -0.70720464 -9.59e-06 0.70700949 -0.70720392 -0.00013504 0.70701098 -0.70720249 7.69e-06 0.70701104 -0.70720237 -0.00054975 0.70701122 -0.70720214 -0.00050788 0.70701158 -0.7072019 -4.157e-05 0.7070117 -0.70720184 -0.00010652 0.70701188 -0.70720172 -0.00010087 0.707012 -0.70720154 -0.00024876 0.70701331 -0.70720017 0.00036905 0.70701343 -0.70720011 8.045e-05 0.70701504 -0.70719838 -0.00034259 0.70701545 -0.70719808 -4.977e-05 0.70701563 -0.70719784 9.278e-05 0.70701569 -0.70719779 4.01e-05 0.70701587 -0.70719755 4.059e-05 0.70701593 -0.70719755 0.00017375 0.70701641 -0.70719683 0.00049719 0.70701683 -0.70719677 -9.65e-06 0.70701683 -0.70719659 0.00033893 0.70701802 -0.70719552 0.00025351 0.7070182 -0.70719528 -0.0003636 0.70701897 -0.70719451 8.084e-05 0.70701909 -0.70719439 0.0002768 0.70701933 -0.70719427 -1.756e-05 0.70701939 -0.70719415 9.547e-05 0.70701957 -0.70719397 -6.45e-05 0.70702064 -0.70719296 -8.44e-05 0.70702082 -0.70702392 -0.0154462 0.70702112 -0.7071923 -0.00034445 0.70702165 -0.70719188 -8.728e-05 0.70702237 -0.70719123 -9.026e-05 0.70702285 -0.70719063 -1.509e-05 0.70702314 -0.70719033 -9.678e-05 0.7070241 -0.70718932 -0.0004847 0.70702422 -0.70718926 -2.034e-05 0.70702446 -0.70718896 0.0003286 0.70702535 -0.70718813 -0.00016532 0.70702577 -0.70718789 3.295e-05 0.707026 -0.70697373 0.01739067 0.70702726 0.70718628 -2e-08 0.70702791 -0.70718515 0.00074137 0.70702803 -0.70718545 9.029e-05 0.70702869 -0.7069689 0.01747336 0.70702904 -0.70718437 -0.00041692 0.7070294 -0.70718187 -0.00175065 0.70702958 -0.70718396 -9.14e-06 0.7070297 -0.70718384 0.00011353 0.70702976 -0.7071839 -9.681e-05 0.70703018 -0.70718324 0.00043751 0.70703024 -0.70718342 -4.3e-06 0.70703059 -0.70718288 -8.904e-05 0.70703077 -0.70718265 -0.00039684 0.70703083 -0.70695716 0.01785446 0.70703185 -0.70718145 -0.00058957 0.70703191 -0.70718157 -9.343e-05 0.70703214 -0.70718145 -9.586e-05 0.70703244 -0.70718098 0.00037096 0.70703262 -0.70718086 0.00024146 0.70703304 -0.7071805 5.438e-05 0.70703346 -0.7071802 8.953e-05 0.70703346 -0.70718002 -3.911e-05 0.70703375 -0.70717973 5.91e-06 0.70703405 -0.70717955 7.531e-05 0.70703417 -0.70717955 2.287e-05 0.70703483 -0.70717871 0.00028942 0.70703512 -0.70717835 7.41e-05 0.70703518 -0.70717847 0.00017514 0.7070356 -0.70717806 -0.00013179 0.70703614 -0.7071774 2.02e-05 0.7070365 -0.70717704 -0.00010639 0.7070365 -0.70717698 0.00030884 0.70703667 -0.70696151 0.01745352 0.70703673 -0.70717674 0.00017859 0.70703691 -0.70696622 -0.01724814 0.70703727 -0.70717639 8.309e-05 0.70703733 -0.70717627 -2.961e-05 0.70703751 -0.70717555 -0.00080147 0.70703757 -0.70717591 0.000192 0.70703763 -0.70717585 0.00033744 0.70703864 -0.70717502 -0.00021004 0.70703888 -0.70717466 -2.412e-05 0.70703912 -0.70717442 -0.0001219 0.70703948 -0.707174 5.996e-05 0.70704013 -0.70717341 -0.00033465 0.70704013 -0.70717341 8.4e-07 0.70704031 -0.70717329 0.00014569 0.70704031 -0.70717323 -0.00010851 0.70704073 -0.70717269 0.00044268 0.70704091 -0.70717263 -0.00012044 0.70704108 -0.70717251 -3.15e-06 0.70704162 -0.70717192 -0.00010187 0.7070418 -0.70717174 0.00044206 0.7070418 -0.70717168 -5.861e-05 0.70704198 -0.70717162 0.00024984 0.70704216 -0.70717126 0.00032342 0.70704222 -0.70717126 0.00030148 0.70704257 -0.70717102 -1.911e-05 0.70704269 -0.70717072 -0.00034511 0.70704275 -0.70717072 -0.00031684 0.70704401 -0.70716959 8.4e-06 0.7070449 -0.70716858 -4.281e-05 0.70704496 -0.70716834 -0.00061731 0.70704514 -0.70716834 6.57e-06 0.70704556 -0.70716798 -0.00021023 0.70704627 -0.70716727 1.24e-06 0.70704639 -0.70716715 -4.931e-05 0.70704651 -0.70716709 8.275e-05 0.70704782 -0.70716578 9.501e-05 0.70704842 -0.70716506 -0.00019675 0.70704883 -0.70716488 0.00021814 0.70704913 -0.70716435 1.677e-05 0.70704961 -0.70716399 -0.00012845 0.70704961 -0.70716399 3.18e-05 0.70704973 -0.70716381 -3.225e-05 0.70704985 -0.70716363 0.00028835 0.70704991 -0.70716363 6.777e-05 0.7070505 -0.70716316 8.168e-05 0.70705068 -0.7071628 0.00026312 0.70705098 -0.70716256 -0.00023307 0.7070514 -0.70716214 2.668e-05 0.70705175 -0.70716172 -0.00024633 0.70705259 -0.70716107 -7.34e-06 0.70705277 -0.70716083 -0.00018469 0.7070539 -0.70715952 0.00026939 0.7070545 -0.7071591 -7.98e-06 0.70705575 -0.70715785 -9.799e-05 0.70705587 -0.70715767 7.958e-05 0.70705605 -0.70715749 9.1e-06 0.70705611 -0.70715749 0.00016336 0.70705611 -0.70715743 0.00024974 0.70705616 -0.70715725 0.00042343 0.70705622 -0.70715737 8.44e-06 0.70705622 -0.70715731 1.891e-05 0.70705622 -0.70715708 0.00042016 0.70705628 -0.70715731 -2.903e-05 0.7070564 -0.70715708 -0.00024631 0.70705646 -0.70715708 -0.00018949 0.70705652 -0.70715714 -5.24e-06 0.70705742 -0.707156 -0.00022865 0.70705748 -0.70715612 -4.662e-05 0.70705771 -0.70715588 8.9e-07 0.70705807 -0.70715547 0.00032788 0.70705855 -0.70715493 -3.257e-05 0.70705867 -0.70715487 -0.00039734 0.70705879 -0.70715487 1.17e-06 0.70705885 -0.70715463 -0.00032797 0.70705914 -0.70715457 -1.9e-05 0.70705914 -0.70715445 -0.00027026 0.70705932 -0.70715415 -2.14e-06 0.70705938 -0.70715386 -0.00063424 0.70705944 -0.70694202 0.01731479 0.7070595 -0.7071541 -7.656e-05 0.70705956 -0.7071541 -0.00017048 0.7070598 -0.70715386 4.546e-05 0.70706034 -0.7071532 -7.169e-05 0.70706064 -0.70715284 -0.0001698 0.70706069 -0.70715278 8.511e-05 0.70706111 -0.70715237 -5.327e-05 0.70706141 -0.70715213 -0.00013899 0.70706195 -0.70715177 3.51e-06 0.70706201 -0.70715147 0.00018295 0.70706218 -0.70715141 -4.49e-05 0.70706242 -0.70715123 0.00019017 0.70706254 -0.70715106 0.00018792 0.70706266 -0.70715088 0.0001271 0.7070629 -0.70715076 3.826e-05 0.70706296 -0.70715064 0.00013417 0.70706332 -0.70715022 -7.435e-05 0.70706362 -0.70714998 7.689e-05 0.70706373 -0.70714986 -5.778e-05 0.70706373 -0.70714974 5.025e-05 0.70706415 -0.70714951 3.651e-05 0.70706421 -0.70714939 -5.568e-05 0.70706445 -0.70714819 0.00106061 0.70706451 -0.70714891 0.0002322 0.70706457 -0.70714903 -0.00018785 0.70706517 -0.70714843 9.14e-06 0.70706534 -0.70714808 0.00049088 0.70706534 -0.7071479 0.00053103 0.7070654 -0.70714819 -0.00010054 0.70706552 -0.70714813 1.608e-05 0.7070657 -0.70714688 0.00118827 0.70706594 -0.70714772 -7.43e-06 0.70706624 -0.70714724 -0.0001054 0.70706648 -0.70714706 -4e-08 0.70706713 0.70714653 2.59e-06 0.70706725 -0.70714635 -2.295e-05 0.70706737 -0.70693409 0.01732172 0.70706797 -0.70714557 -6.062e-05 0.70706815 -0.70714545 -2.4e-07 0.70706815 -0.70714474 -0.00097138 0.70706838 -0.70714521 -3.336e-05 0.70706862 -0.70714504 2.109e-05 0.70706868 -0.7071448 -4.461e-05 0.70706916 -0.7071445 2.7e-07 0.70706958 -0.70714396 -4.825e-05 0.70706958 -0.70714396 2.883e-05 0.70706981 -0.70714384 2.242e-05 0.70707011 -0.70714349 5.684e-05 0.70707017 -0.70714337 0.00035269 0.70707035 -0.70714319 -0.00010027 0.70707035 -0.70714319 -4.815e-05 0.70707041 -0.70714319 0.00029536 0.70707053 -0.70714301 3.704e-05 0.70707071 -0.70714289 6.82e-06 0.70707071 -0.70714289 9.135e-05 0.70707077 -0.70714271 4.28e-05 0.70707077 -0.70714271 0.00037602 0.70707119 -0.70714241 -5.55e-06 0.70707142 -0.70714211 -2.074e-05 0.70707148 -0.70714211 2.836e-05 0.7070716 -0.70695132 0.01641558 0.70707172 -0.70714194 -9.677e-05 0.70707172 -0.70714188 -2.285e-05 0.70707196 -0.7071417 -4.079e-05 0.70707214 -0.70714146 3.61e-05 0.7070722 -0.70714039 0.00117998 0.70707273 -0.70714074 -0.00042735 0.70707315 -0.70714039 6.671e-05 0.70707321 -0.70714033 1.716e-05 0.70707351 -0.70714009 -1.199e-05 0.70707381 -0.70713973 -6.163e-05 0.70707387 -0.70713973 4.439e-05 0.70707411 -0.70713937 4.912e-05 0.70707417 -0.70713955 9.88e-06 0.70707417 -0.70713937 4.79e-06 0.7070747 -0.7071389 2.851e-05 0.70707494 -0.70713866 -3.248e-05 0.70707524 -0.70713824 2.574e-05 0.70707536 -0.70692718 0.01727391 0.70707542 -0.70713812 -0.00023018 0.70707548 -0.70713806 -2.791e-05 0.70707548 -0.70713729 0.00108528 0.70707554 -0.70713812 -1.633e-05 0.70707554 -0.70713806 -7.93e-06 0.70707566 -0.70713794 0.00018798 0.70707583 -0.7071377 -0.00016372 0.70707595 -0.70691556 0.0177171 0.70707601 -0.70713758 -9.308e-05 0.70707619 -0.70713741 0.00019968 0.70707655 -0.70713705 -6.355e-05 0.70707697 0.70713657 -2.44e-06 0.70707703 -0.70713633 0.00055076 0.70707703 0.70713663 -6.1e-07 0.70707798 -0.70713568 -2.587e-05 0.70707816 -0.70713544 0.00012209 0.70707822 -0.70713538 -7.875e-05 0.70707834 -0.7071352 1.194e-05 0.7070784 -0.70713502 4.23e-06 0.70707858 -0.70713496 2.963e-05 0.70707858 -0.70713496 6.346e-05 0.7070787 -0.7071349 -7.12e-05 0.70707875 -0.7071349 9.49e-05 0.70707875 -0.70713472 -0.00019845 0.70707935 -0.70693547 0.01676345 0.70707941 -0.70713413 2.87e-05 0.70707971 -0.70713389 2.392e-05 0.70707983 -0.70713371 -7.048e-05 0.70707989 -0.70713371 -2.197e-05 0.70707995 -0.70713365 -5.013e-05 0.70708019 -0.70713353 -7.953e-05 0.70708019 -0.70713335 -0.0001198 0.70708019 -0.70713335 0.00013225 0.70708025 -0.70713329 1.38e-06 0.70708042 -0.70713311 -9.7e-07 0.70708054 -0.70713311 3.361e-05 0.7070815 -0.7071321 3.1e-06 0.70708179 -0.70713186 0.00011712 0.70708179 -0.70713174 -0.00011949 0.70708185 -0.7071318 0.00012465 0.70708185 -0.70713174 2.51e-05 0.70708191 -0.70713162 -0.00013974 0.70708221 -0.70713145 1.21e-06 0.70708227 -0.70713133 0.00015695 0.70708245 -0.70713109 3.053e-05 0.70708263 -0.70713103 0.00013734 0.70708263 -0.70713091 2.776e-05 0.70708275 -0.70713085 -1.67e-05 0.70708275 -0.70713085 -6.65e-06 0.70708311 -0.70713001 -0.00080185 0.70708317 -0.70713043 -3.231e-05 0.70708352 -0.70713007 7.3e-06 0.70708364 -0.7071299 2.208e-05 0.70708364 -0.70712984 -0.00025694 0.70708394 -0.70712966 -7.219e-05 0.70708394 -0.70712954 -3.879e-05 0.70708394 -0.70712954 -9.09e-06 0.70708406 -0.70712948 6.661e-05 0.70708412 -0.70712936 -0.00011374 0.70708454 -0.70712906 -9.2e-07 0.7070846 -0.70712894 3.879e-05 0.70708525 -0.70712841 -5.813e-05 0.70708531 -0.70712823 2.074e-05 0.70708531 -0.70712823 0.0003122 0.70708537 -0.70712823 -3.394e-05 0.70708537 -0.70712817 7.28e-06 0.70708549 -0.70712805 -2.532e-05 0.70708555 -0.70712799 5.206e-05 0.70708573 -0.70712787 0.00017159 0.70708573 -0.70712781 -0.00010687 0.70708585 -0.70712775 1.661e-05 0.70708597 -0.70712757 -7.359e-05 0.70708597 -0.70712751 7.32e-06 0.70708603 -0.70712757 0.00015227 0.70708621 -0.70712745 6.333e-05 0.70708621 -0.70712733 -4.012e-05 0.70708638 -0.70712715 0.00011367 0.7070865 -0.70712703 -3.682e-05 0.7070865 -0.70712703 -2.629e-05 0.70708668 -0.70712686 0.00017354 0.70708668 -0.7071268 0.00010193 0.7070868 -0.70712668 1.55e-06 0.7070868 -0.70712668 7.32e-06 0.70708686 -0.70712668 5.19e-06 0.70708692 -0.7071268 -5.03e-05 0.70708716 -0.70712638 -7.1e-06 0.70708728 -0.70712626 0.00013952 0.70708758 -0.70712608 0.00019613 0.70708758 -0.70712584 0.00042808 0.7070877 -0.7071259 6.35e-06 0.7070877 -0.70712578 3.181e-05 0.70708776 -0.70712578 -1.604e-05 0.70708793 -0.70712566 4.83e-06 0.70708793 -0.7071256 -0.00014683 0.70708799 -0.70712572 -4.667e-05 0.70708811 -0.70712537 -7.636e-05 0.70708817 -0.70712548 -0.00010587 0.70708829 -0.70712537 -2.519e-05 0.70708835 -0.70712519 5.552e-05 0.70708835 -0.70690233 0.0177533 0.70708847 -0.70712513 -1.288e-05 0.70708865 -0.70712483 4.056e-05 0.70708871 -0.70712489 0.00010577 0.70708871 -0.70712489 0.00012021 0.70708883 -0.70712471 -8.684e-05 0.70708895 -0.70712465 -3.184e-05 0.70708895 -0.70712459 1.105e-05 0.70708901 -0.70712447 -3.024e-05 0.70708925 -0.70712441 1.883e-05 0.7070893 -0.70712423 2.41e-05 0.70708936 -0.70712417 2.565e-05 0.70708942 -0.70712411 1.286e-05 0.70708972 -0.70712388 -1.542e-05 0.70708972 -0.7071237 -0.00010452 0.70708996 -0.70712364 1.152e-05 0.7070902 -0.70712334 3.767e-05 0.70709038 -0.70712322 6.306e-05 0.70709044 -0.70712304 3.913e-05 0.7070905 -0.70712304 -4.311e-05 0.70709056 -0.70712292 -2.898e-05 0.70709062 -0.70712298 1.556e-05 0.70709068 -0.70712292 -1.629e-05 0.70709068 -0.70712292 4.176e-05 0.7070908 -0.70712268 0.00019664 0.70709091 -0.70712268 -1.419e-05 0.70709097 -0.70712262 -0.0001449 0.70709103 -0.70712262 -6.56e-06 0.70709115 -0.70712245 4.55e-06 0.70709133 -0.70712227 1.815e-05 0.70709133 -0.70712221 -6.609e-05 0.70709145 -0.70712215 -1.53e-06 0.70709181 -0.70712179 -3.38e-06 0.70709187 -0.70712173 0.00012091 0.70709193 -0.70712167 -1.017e-05 0.70709193 0.70712173 -7.5e-07 0.70709199 -0.70712167 -3.56e-06 0.70709199 0.70712167 3.34e-06 0.70709211 -0.70712149 2.1e-07 0.70709211 -0.70712149 7.014e-05 0.70709223 -0.70712131 -0.00013005 0.70709223 -0.70712125 -2.95e-06 0.70709229 -0.70712113 9.254e-05 0.7070924 -0.70712131 2.81e-06 0.70709252 -0.70712113 -5.77e-06 0.70709258 -0.70712095 8.33e-06 0.70709276 -0.7071209 7.26e-06 0.70709288 -0.70712078 4.973e-05 0.707093 -0.70712054 1.152e-05 0.7070933 -0.70712018 -1.6e-06 0.70709348 -0.70712012 5.392e-05 0.70709354 -0.70712012 6.369e-05 0.70709383 -0.70711976 -2.527e-05 0.70709389 -0.70711964 -0.00010381 0.70709419 -0.70711935 -0.00037214 0.70709419 -0.70711935 -4.198e-05 0.70709425 -0.70711946 5.004e-05 0.70709425 -0.70711929 2.501e-05 0.70709437 -0.70711923 3.371e-05 0.70709437 -0.70711917 -0.00017947 0.70709437 -0.70711917 -9.81e-06 0.70709437 -0.70711917 -3.05e-06 0.70709443 -0.70711923 1.853e-05 0.70709449 -0.70711917 2.01e-05 0.70709473 -0.70711893 3.22e-06 0.70709485 -0.70711875 1.256e-05 0.70709491 -0.70711875 2.721e-05 0.70709491 -0.70711863 1.29e-06 0.70709497 -0.70711857 5.07e-06 0.70709503 -0.70711857 4.42e-06 0.70709509 -0.70711851 3.894e-05 0.70709515 -0.70711839 4.136e-05 0.70709515 -0.70711839 8.901e-05 0.70709527 -0.70711833 1.39e-06 0.70709527 -0.70711833 2.89e-06 0.70709527 -0.70689607 -0.01772481 0.70709532 -0.70711821 -6.814e-05 0.70709556 -0.70711803 5.946e-05 0.70709568 -0.70711792 -1.219e-05 0.70709574 -0.70711786 -1.897e-05 0.70709574 -0.7071178 5.19e-06 0.70709574 -0.70711774 1.43e-05 0.7070958 -0.7071178 6.573e-05 0.7070958 -0.70711774 2.161e-05 0.70709586 -0.70711768 -2.51e-06 0.70709592 -0.70711774 6.32e-06 0.70709604 -0.70711762 -2.82e-05 0.70709616 -0.70711744 4.54e-06 0.70709616 -0.70711732 2.261e-05 0.7070964 -0.70711708 -2.038e-05 0.70709646 -0.70711708 2.014e-05 0.70709652 -0.70711708 4.58e-06 0.70709658 -0.70711696 -1.656e-05 0.70709676 -0.70711666 -7.9e-07 0.70709682 -0.70711678 0 0.70709687 -0.70711678 2.991e-05 0.70709693 -0.7071166 2.249e-05 0.70709735 -0.70711619 -3.14e-06 0.70709735 -0.70711613 9.18e-06 0.70709747 -0.70711619 -2.84e-06 0.70709747 -0.70711607 -3.779e-05 0.70709753 -0.70711613 -9.41e-06 0.70709771 -0.70711571 4.26e-06 0.70709783 -0.70711571 -1.977e-05 0.70709783 -0.70711571 -1.176e-05 0.70709783 -0.70711571 2.266e-05 0.70709795 -0.70711559 -4.8e-07 0.70709795 -0.70711547 -2.129e-05 0.70709801 -0.70711559 -0.00018722 0.70709813 -0.70711541 1.187e-05 0.70709819 -0.70711541 1.66e-05 0.70709825 -0.70711541 -1.66e-06 0.70709831 -0.70711529 8.454e-05 0.70709836 -0.70711517 1.235e-05 0.70709842 -0.70711523 2.32e-06 0.70709848 -0.70711517 -1.96e-05 0.70709854 -0.70711505 -5.15e-06 0.70709854 -0.70711499 3.645e-05 0.7070986 -0.70711493 2.183e-05 0.70709866 -0.70711493 -8.62e-06 0.70709872 -0.7071147 -1.16e-06 0.70709878 -0.70711488 -1.9e-05 0.70709878 -0.7071147 -6.14e-06 0.70709884 -0.70711488 -1.98e-05 0.70709884 -0.7071147 5.6e-07 0.70709884 -0.7071147 3.173e-05 0.70709884 -0.70711464 0.00022076 0.7070989 -0.70711476 4.434e-05 0.70709896 -0.7071147 5.52e-06 0.70709914 -0.7071144 1.01e-05 0.7070992 -0.70711434 -4.4e-06 0.70709926 -0.70711434 -2.025e-05 0.70709926 -0.70711428 -1.98e-05 0.70709932 -0.70711434 -0.00014674 0.70709932 -0.70711422 -5.74e-06 0.7070995 -0.7071141 -3.403e-05 0.7070995 -0.70711398 -6.74e-06 0.70709956 -0.70711416 6.79e-06 0.70709962 -0.70711398 6.95e-06 0.70709985 -0.70711374 0.00025362 0.70709997 -0.70711362 -3.36e-06 0.70709997 -0.7071135 -8e-08 0.70710009 -0.70711344 -1.982e-05 0.70710021 -0.70688671 0.01790464 0.70710039 -0.70711327 3.44e-06 0.70710045 -0.70711321 -9.964e-05 0.70710051 -0.70711303 -1.08e-05 0.70710051 -0.70711303 1.3e-07 0.70710075 -0.70711273 5.14e-06 0.70710081 -0.70711261 7.63e-06 0.70710105 -0.70711255 4e-07 0.70710111 -0.70711243 -6.602e-05 0.70710123 -0.70711231 8.714e-05 0.70710129 -0.70711231 -1.794e-05 0.70710146 -0.70711219 2.42e-06 0.70710146 -0.70690256 0.01721419 0.70710152 -0.70711213 2.96e-06 0.70710176 -0.70711172 -4.473e-05 0.70710176 -0.70711172 -1.646e-05 0.70710194 -0.70711166 7.26e-06 0.707102 -0.70711166 6.82e-06 0.70710206 -0.70711148 3.42e-06 0.70710206 -0.70711148 8.44e-06 0.70710212 -0.70711148 3.31e-06 0.70710218 -0.70711148 4.5e-07 0.70710218 -0.70711136 0.0002363 0.7071023 -0.70711136 8.27e-06 0.7071023 -0.70711124 -6.76e-06 0.70710236 -0.70711118 -7.13e-06 0.70710236 -0.70711112 -2.9e-07 0.70710254 -0.707111 -5e-07 0.70710254 -0.70711088 0.00040131 0.7071026 -0.70711106 4.4e-06 0.7071026 -0.707111 1.028e-05 0.70710266 -0.707111 -3.15e-06 0.70710272 -0.70711082 -3.06e-06 0.70710278 -0.70711088 1.024e-05 0.70710278 -0.70711082 -7.3e-07 0.70710278 -0.70711076 3.79e-06 0.70710284 -0.7071107 6.94e-06 0.70710289 -0.70711076 -1.503e-05 0.70710295 -0.70711052 -1.029e-05 0.70710307 -0.70711052 2.11e-06 0.70710313 -0.70711052 -1.124e-05 0.70710313 -0.70711035 1.598e-05 0.70710319 -0.70711035 -3.15e-06 0.70710319 -0.70711035 -6.8e-07 0.70710325 -0.70711035 1.369e-05 0.70710331 -0.70711029 -4.9e-07 0.70710331 -0.70711023 3.82e-06 0.70710331 -0.70711023 1.217e-05 0.70710337 -0.70711029 -1.17e-06 0.70710337 -0.70711011 4.49e-06 0.70710349 -0.70711017 -1.4e-06 0.70710349 -0.70711011 7.37e-06 0.70710361 -0.70710993 5.45e-06 0.70710367 -0.70710993 4.64e-05 0.70710367 -0.70710987 -0.00015691 0.70710367 -0.70710987 6.17e-05 0.70710379 -0.70710975 -2.596e-05 0.70710385 -0.70710975 2.51e-05 0.70710397 -0.70710963 2.948e-05 0.70710415 -0.70710951 1.231e-05 0.70710415 -0.70710939 -4.081e-05 0.70710427 -0.70710939 -1.436e-05 0.70710427 -0.70710933 3.273e-05 0.70710427 -0.70710927 1.08e-06 0.70710433 -0.70710927 -2.16e-06 0.70710444 -0.70710903 1.99e-06 0.70710444 -0.70710903 9.33e-06 0.7071045 -0.70710909 -6.847e-05 0.7071045 -0.70710903 -4.46e-06 0.70710456 -0.70710909 -1.329e-05 0.70710456 -0.70710897 2.54e-06 0.70710468 -0.7071088 -6.28e-06 0.70710474 -0.70710886 -5.93e-06 0.70710474 -0.70710874 -6.47e-06 0.7071048 -0.70710886 0.00013564 0.7071048 -0.70710874 -4.24e-06 0.70710486 -0.70710868 -5.467e-05 0.70710486 -0.70710862 -1.348e-05 0.70710486 -0.70710862 1.199e-05 0.70710498 -0.70710862 9.92e-06 0.70710498 -0.70710856 -2.68e-06 0.70710498 -0.70710856 1.6e-07 0.70710504 -0.70710862 -8.88e-06 0.70710504 -0.70710856 -9.37e-05 0.70710504 -0.70710856 2.39e-06 0.7071051 -0.7071085 4.6e-07 0.7071051 -0.70710844 -9.61e-06 0.7071051 -0.70710844 -5.95e-06 0.70710516 -0.7071085 -2.345e-05 0.70710516 -0.70710844 -1.613e-05 0.70710516 -0.70710844 1.728e-05 0.70710522 -0.70710826 -2.38e-06 0.70710528 -0.70710832 -3.49e-06 0.70710528 -0.70710832 5.71e-06 0.70710534 -0.70710832 2.682e-05 0.7071054 -0.70710814 2.2e-07 0.70710546 -0.70710814 3.1e-07 0.70710546 -0.70710814 2.379e-05 0.70710552 -0.70710808 -3.779e-05 0.70710552 -0.70688957 0.01757346 0.70710558 -0.70710808 0 0.70710564 -0.70710796 -2.115e-05 0.70710564 -0.70710796 -9.4e-07 0.70710564 -0.70710784 -1.36e-05 0.7071057 -0.70710784 -6.992e-05 0.7071057 -0.70710772 1.89e-06 0.70710576 -0.70710778 2.174e-05 0.70710576 -0.70710772 -1.784e-05 0.70710593 -0.7071076 -1.738e-05 0.70710599 -0.7071076 -2.834e-05 0.70710599 -0.7071076 -4.03e-06 0.70710599 -0.70710754 5.58e-06 0.70710599 -0.70710748 7e-08 0.70710605 -0.70710754 1.531e-05 0.70710605 -0.70710754 2.219e-05 0.70710605 -0.70710748 8.27e-06 0.70710605 -0.70710742 -1.38e-06 0.70710611 -0.70710754 -3.3e-06 0.70710611 -0.70710737 7.84e-06 0.70710617 -0.70710748 2.822e-05 0.70710623 -0.70710725 1.219e-05 0.70710629 -0.70710731 -9.95e-06 0.70710635 -0.70710731 -3.41e-06 0.70710635 -0.70710713 1.65e-06 0.70710641 -0.70710719 2.8e-06 0.70710653 -0.70710701 -1.4e-06 0.70710665 -0.70710683 -3.49e-06 0.70710671 -0.70710677 -1.073e-05 0.70710677 -0.70710683 -7e-07 0.70710677 -0.70710683 3.66e-06 0.70710677 -0.70710677 0 0.70710677 -0.70710677 2.213e-05 0.70710683 -0.70710671 2.247e-05 0.70710683 -0.70710665 -0.00011063 0.70710683 0.70710677 3.27e-06 0.70710689 -0.70710671 -4.87e-06 0.70710689 -0.70710665 1.88e-06 0.70710689 -0.70710659 1.948e-05 0.70710695 -0.70710671 8.55e-06 0.70710695 -0.70710653 -8.65e-06 0.70710701 -0.70710671 1.262e-05 0.70710701 -0.70710665 -1.4e-07 0.70710701 -0.70710659 -5.9e-07 0.70710701 -0.70710653 -1.71e-06 0.70710701 -0.70710653 2.74e-06 0.70710707 -0.70710641 4.91e-06 0.70710713 -0.70710647 -1.638e-05 0.70710713 -0.70710647 5.18e-06 0.70710713 -0.70710641 6.7e-07 0.70710719 -0.70710641 1.84e-06 0.70710725 -0.70710635 -2e-06 0.70710725 -0.70710629 -8.16e-06 0.70710731 -0.70710629 3.1e-06 0.70710737 -0.70710623 1.62e-06 0.70710737 -0.70710623 1.603e-05 0.70710737 -0.70710617 -2.01e-06 0.70710742 -0.70710623 -1.104e-05 0.70710742 -0.70710617 -7.7e-07 0.70710742 -0.70710617 1.88e-06 0.70710742 -0.70710611 -1.176e-05 0.70710742 -0.70710605 -8.637e-05 0.70710748 -0.70710617 -3.02e-06 0.70710748 -0.70710605 -2.805e-05 0.70710748 -0.70710605 1.816e-05 0.70710754 -0.70710605 -1.118e-05 0.70710754 -0.70710593 -7.46e-06 0.7071076 -0.70710593 -1.05e-05 0.70710766 -0.70710599 -2.89e-06 0.70710766 -0.70710599 7.9e-06 0.70710766 -0.70710588 -5.98e-06 0.70710772 -0.70710582 -1.78e-06 0.70710778 -0.70710582 -5.019e-05 0.70710784 -0.7071057 1.073e-05 0.70710784 -0.7071057 5.313e-05 0.70710784 -0.70710558 -1.164e-05 0.7071079 -0.70710576 -6.67e-06 0.7071079 -0.7071057 2.177e-05 0.7071079 -0.70710564 -2.78e-06 0.7071079 -0.70710564 -1.2e-07 0.70710796 -0.70710576 5.45e-06 0.70710796 -0.70710564 5.5e-06 0.70710796 -0.70710564 2.042e-05 0.70710796 -0.70710552 -0.00018102 0.70710796 -0.70691216 0.01654032 0.70710802 -0.70710564 -1.907e-05 0.70710802 -0.70710558 1.48e-06 0.70710814 -0.70710552 -3.1e-07 0.70710814 -0.70710546 -3e-08 0.70710814 -0.7071054 -1.81e-05 0.7071082 -0.7071054 -1.105e-05 0.7071082 -0.70710534 1.109e-05 0.70710826 -0.7071054 0 0.70710826 -0.70710534 -4.12e-06 0.70710826 -0.70710534 -2.11e-06 0.70710826 -0.70710528 2e-08 0.70710826 -0.70710123 -0.00240794 0.70710832 -0.70710528 -5.673e-05 0.70710838 -0.70710528 -6.006e-05 0.70710838 -0.70710522 2.5e-06 0.70710838 -0.70710522 1.69e-05 0.70710844 -0.7071051 -1.242e-05 0.70710844 -0.7071051 -8.8e-06 0.7071085 -0.7071051 -4.79e-06 0.7071085 -0.7071051 1.09e-06 0.7071085 -0.70710504 2.27e-06 0.70710862 -0.70710504 -8.4e-07 0.70710862 -0.70710498 -5.34e-06 0.70710862 -0.70710492 4.87e-06 0.70710868 -0.7071048 2.07e-06 0.70710874 -0.7071048 -1.93e-06 0.70710874 -0.70710474 3.2e-06 0.7071088 -0.7071048 -5.7e-07 0.7071088 -0.70710468 -4.66e-06 0.70710886 -0.70710468 4.07e-06 0.70710891 -0.70710474 1.031e-05 0.70710903 -0.70710456 2.16e-06 0.70710909 -0.7071045 -5.6e-06 0.70710909 -0.7071045 -1.71e-06 0.70710909 -0.70710444 3.611e-05 0.70710909 -0.70710438 -5.6e-07 0.70710915 -0.70710438 -2.55e-05 0.70710921 -0.70710433 -7.47e-06 0.70710921 -0.70710433 2.12e-06 0.70710927 -0.70710433 -1.15e-06 0.70710927 -0.70710421 -2.6e-07 0.70710939 -0.70710415 -7.242e-05 0.70710945 -0.70710409 -1.494e-05 0.70710945 -0.70710409 -3.75e-06 0.70710951 -0.70710409 1.17e-06 0.70710951 -0.70710397 6.884e-05 0.70710963 -0.70710403 0.00012195 0.70710963 -0.70710397 1.202e-05 0.70710963 -0.70710391 4e-08 0.70710969 -0.70710391 -1.59e-06 0.70710975 -0.70710391 -3.883e-05 0.70710975 -0.70710373 1.03e-06 0.70710981 -0.70710385 1.195e-05 0.70710981 -0.70710379 -5.9e-06 0.70710981 -0.70710367 8.36e-06 0.70710981 -0.70710367 2.211e-05 0.70710987 -0.70710379 -4.22e-06 0.70710993 -0.70710367 -4.28e-06 0.70710999 -0.70710367 -2.5e-07 0.70710999 -0.70710367 4.31e-06 0.70710999 -0.70710355 8.9e-07 0.70711005 -0.70710349 1.085e-05 0.70711011 -0.70710349 -5.79e-06 0.70711023 -0.70710343 7e-06 0.70711023 -0.70710343 3.02e-05 0.70711029 -0.70710325 -4.94e-06 0.70711029 -0.70710325 4.277e-05 0.70711029 -0.70710319 -3.15e-06 0.70711035 -0.70710325 4.42e-06 0.70711035 -0.70710325 2.943e-05 0.7071104 -0.70710319 9.6e-07 0.7071104 -0.70710313 -8.6e-07 0.7071104 -0.70710307 -1.3e-06 0.70711046 -0.70710307 2.297e-05 0.70711052 -0.70710307 0 0.70711052 -0.70710301 -5.84e-06 0.70711052 -0.70710301 -1.53e-06 0.70711052 -0.70710301 1.01e-06 0.70711058 -0.70710295 1.583e-05 0.70711058 -0.70710289 -7.04e-06 0.70711064 -0.70710295 -9.38e-06 0.70711064 -0.70710289 -1.881e-05 0.70711064 -0.70710289 6.56e-06 0.70711076 -0.70710278 4.78e-05 0.70711088 -0.70710266 -2.09e-06 0.70711094 -0.7071026 2.8e-06 0.707111 -0.70710266 2.88e-06 0.70711106 -0.70710248 -2.289e-05 0.70711106 -0.70710248 -6.15e-06 0.70711118 -0.70710242 0.00014951 0.70711124 -0.7071023 -2.8e-06 0.70711124 -0.7071023 1.403e-05 0.7071113 -0.70710218 -4.28e-06 0.70711136 -0.70710218 -1.694e-05 0.70711148 -0.70710212 0.00014912 0.7071116 -0.70710194 4.01e-06 0.70711166 -0.707102 -3.78e-06 0.70711166 -0.70710194 -4.931e-05 0.70711166 -0.70710182 4.84e-06 0.70711166 -0.70710152 0.00065499 0.70711172 -0.70710194 -1.445e-05 0.70711184 -0.70710176 -2.954e-05 0.7071119 -0.70710176 -9.27e-06 0.7071119 -0.7071017 2.606e-05 0.7071119 -0.70710164 3.18e-06 0.70711195 -0.70710158 -0.00012155 0.70711213 -0.70710146 -5.54e-06 0.70711225 -0.70710123 -1.658e-05 0.70711237 -0.70710117 2.7e-06 0.70711249 -0.70710105 1.447e-05 0.70711261 -0.70710099 2.5e-07 0.70711261 -0.70710099 3.143e-05 0.70711261 -0.70710093 2.203e-05 0.70711267 -0.70710087 -1.66e-06 0.70711267 -0.70710081 3.621e-05 0.70711273 -0.70710069 -2.847e-05 0.70711279 -0.70710087 -5.205e-05 0.70711279 -0.70710081 5.28e-06 0.70711279 -0.70710081 6.06e-06 0.70711285 -0.70710069 9.99e-06 0.70711291 -0.70710051 -0.00048919 0.70711303 -0.70710057 5.17e-06 0.70711303 -0.70710051 8.99e-06 0.70711309 -0.70710063 -8.473e-05 0.70711321 -0.70710039 2.36e-05 0.70711327 -0.70710027 2.267e-05 0.70711327 -0.70710021 2.515e-05 0.70711339 -0.70710021 1.154e-05 0.70711339 -0.70710009 2.27e-06 0.7071135 -0.70710015 -2.39e-06 0.70711356 -0.70710003 -2.064e-05 0.70711368 -0.70709997 -7.02e-06 0.70711374 -0.70709985 -5.71e-06 0.70711374 -0.70709985 0.00012856 0.7071138 -0.7070998 1.68e-06 0.70711386 -0.7070998 6e-08 0.70711392 -0.70709974 -1.362e-05 0.70711404 -0.70709944 7.751e-05 0.7071141 -0.70709932 1.179e-05 0.70711416 -0.70709938 3.96e-06 0.70711428 -0.70709938 3.315e-05 0.70711428 -0.70709932 5.506e-05 0.70711434 -0.7070992 2.995e-05 0.7071144 -0.70709926 -1.726e-05 0.7071144 -0.70709914 2.673e-05 0.70711458 -0.70709896 8.3e-07 0.70711458 -0.7070989 7.53e-06 0.70711464 -0.70709884 -4.8e-07 0.7071147 -0.70709884 -5.3e-07 0.70711476 -0.70709872 -3.593e-05 0.70711476 -0.70709872 1.489e-05 0.70711488 -0.70709878 -3.449e-05 0.70711488 -0.70709872 0.0001267 0.70711488 -0.70709866 1.504e-05 0.70711493 -0.70709866 -1.1e-07 0.70711493 -0.7070986 7.65e-06 0.70711499 -0.70687747 0.01768254 0.70711505 -0.70709848 8.413e-05 0.70711535 -0.70709819 2.8e-05 0.70711547 -0.70709801 -1.267e-05 0.70711553 -0.70709813 7.725e-05 0.70711559 -0.70709789 0.00045704 0.70711565 -0.70709801 3.489e-05 0.70711565 -0.70709783 -2.722e-05 0.70711571 -0.70709789 1.366e-05 0.70711577 -0.70709777 2.548e-05 0.70711583 -0.70709777 8.48e-06 0.70711583 -0.70709771 1.13e-06 0.70711583 -0.70709771 1.85e-06 0.70711589 -0.70709783 7.668e-05 0.70711601 -0.70709753 -0.00013913 0.70711613 -0.70709741 3.13e-06 0.70711631 -0.70709729 5.54e-06 0.70711643 -0.70709717 3.976e-05 0.70711648 -0.70709699 5.29e-06 0.70711654 -0.70709705 0.00010294 0.7071166 -0.70709687 0.00024032 0.70711672 -0.70709676 4.76e-06 0.70711684 -0.70709676 7.68e-06 0.70711702 -0.70709658 -3.5e-06 0.70711702 -0.70709652 -1.2e-06 0.7071172 -0.70709628 -6.78e-06 0.70711726 -0.70709634 4.97e-06 0.70711726 -0.70709628 -0.00026593 0.70711756 -0.70709604 8e-06 0.70711762 -0.70709598 -4.103e-05 0.7071178 -0.70709574 2.183e-05 0.7071178 -0.70709568 -1.76e-05 0.70711786 -0.70709562 2.2e-07 0.70711815 -0.7070955 -0.00010055 0.70711815 -0.70709538 9.14e-06 0.70711833 -0.70709521 3.62e-06 0.70711839 -0.70709532 -3.115e-05 0.70711839 -0.70709521 -2.708e-05 0.70711839 -0.70709503 2.74e-06 0.70711851 -0.70709503 6.18e-06 0.70711857 -0.70709509 1.189e-05 0.70711863 -0.70709503 1.056e-05 0.70711875 -0.70709491 -1.675e-05 0.70711875 -0.70709485 6.46e-06 0.70711893 -0.70709467 -3.3e-07 0.70711899 -0.70709467 1.201e-05 0.70711899 -0.70709461 3.645e-05 0.70711911 -0.70709449 3.612e-05 0.70711911 -0.70709437 3.802e-05 0.70711941 -0.70709419 4.343e-05 0.70711941 -0.70709413 0.00015309 0.70711946 -0.70709407 -5.7e-06 0.70711952 -0.70709401 -6.4e-05 0.70711964 -0.70709383 -1.821e-05 0.70711988 -0.70709372 -2.327e-05 0.70711994 -0.70709366 -6.065e-05 0.70712024 -0.7070933 -5.45e-06 0.70712036 -0.70709324 6.69e-06 0.70712042 -0.70709312 -0.00012756 0.70712066 -0.707093 1.106e-05 0.70712084 -0.70709276 0.00021645 0.7071209 -0.70709258 0.00012336 0.70712095 -0.70709258 0.00010432 0.70712095 -0.70709252 9.744e-05 0.70712107 -0.70709258 4.099e-05 0.70712107 -0.70709252 0.00016508 0.70712119 -0.70709229 0.00018048 0.70712125 -0.70709229 -3.36e-06 0.70712125 -0.70709229 0.00018064 0.70712149 -0.70709199 -3.262e-05 0.70712167 0.70709181 -1.14e-06 0.70712167 0.70709193 -6e-08 0.70712173 -0.70709193 1.76e-06 0.70712173 -0.70709181 1.29e-05 0.70712173 0.70709193 -1.14e-06 0.70712197 -0.70709169 1.6e-05 0.70712203 -0.70709151 1.828e-05 0.70712227 -0.70709139 -1.58e-05 0.70712227 -0.70709121 4.326e-05 0.70712245 -0.70709121 5.35e-05 0.70712245 -0.70709115 2.17e-06 0.70712245 -0.70709109 -1.271e-05 0.70712245 -0.70709109 2.64e-06 0.7071225 -0.70709109 -1.353e-05 0.70712262 -0.70709097 -3.358e-05 0.70712268 -0.70709097 -7.121e-05 0.70712274 -0.70709085 -1.965e-05 0.70712274 -0.7070908 0.0001261 0.7071228 -0.70709074 0.00010612 0.70712292 -0.70709074 4.762e-05 0.70712298 -0.70709056 1.982e-05 0.70712316 -0.7070905 7.6e-06 0.70712322 -0.70709044 -4.858e-05 0.70712358 -0.70708996 -8.235e-05 0.70712358 -0.70708996 3.585e-05 0.70712364 -0.70708996 -9.983e-05 0.7071237 -0.7070899 -5.28e-06 0.7071237 -0.70708984 -1.09e-06 0.70712382 -0.70708984 -0.00015792 0.70712394 -0.70708972 5.577e-05 0.70712394 -0.70708966 -1.823e-05 0.70712405 -0.70708948 -2.1e-05 0.70712411 -0.70708954 4.497e-05 0.70712411 -0.70708948 -1.031e-05 0.70712417 -0.70708936 3.281e-05 0.70712423 -0.7070893 -1.6e-06 0.70712465 -0.70686162 0.01792024 0.70712483 -0.70708877 0.00024287 0.70712495 -0.70708865 -0.0001167 0.70712507 -0.70708853 1.703e-05 0.70712513 -0.70708835 0.00012431 0.70712525 -0.70708829 0.00025553 0.70712543 -0.70708817 -4.021e-05 0.70712543 -0.70708817 0.00012708 0.70712548 -0.70708799 2.613e-05 0.70712566 -0.70708781 -0.00026766 0.70712566 -0.70708776 -0.00045668 0.70712584 -0.7070877 -9.104e-05 0.70712584 -0.7070877 -1.055e-05 0.70712584 -0.7070877 6.32e-06 0.70712584 -0.70686299 -0.01782343 0.7071259 -0.7070877 2.842e-05 0.70712602 -0.70708758 2.309e-05 0.70712614 -0.70708746 2.64e-06 0.70712614 -0.7070874 0.00014976 0.70712614 -0.70708734 -9.45e-06 0.70712614 -0.70708734 2.23e-06 0.70712614 -0.70708734 3.559e-05 0.7071262 -0.7070874 -2.39e-06 0.70712644 -0.70708716 -1.007e-05 0.70712644 -0.70708704 -8.27e-06 0.7071265 -0.7070871 6.077e-05 0.70712662 -0.70708692 7.87e-05 0.70712674 0.70708692 -8e-07 0.70712692 -0.70708561 -0.00121272 0.70712709 -0.70708644 -0.00012375 0.70712709 -0.70708638 9.213e-05 0.70712721 -0.70708638 -4.551e-05 0.70712721 -0.70708627 1.84e-05 0.70712745 -0.70708597 2.767e-05 0.70712751 -0.70708609 -2.199e-05 0.70712757 -0.70708603 2.768e-05 0.70712757 -0.70708585 -0.00036279 0.70712769 -0.70708591 -1.081e-05 0.70712781 -0.70708579 -1.334e-05 0.70712799 -0.70708549 -9.997e-05 0.70712835 -0.70708513 -0.00012514 0.70712876 -0.70708483 -4.356e-05 0.70712876 -0.70708477 0.00027166 0.707129 -0.70708454 7.462e-05 0.70712912 -0.7070846 6.632e-05 0.70712918 -0.70708442 -4.4e-07 0.70712918 -0.70686471 0.01762287 0.70712936 -0.70708418 9.567e-05 0.70712942 -0.70708412 -5.275e-05 0.70712954 -0.70708406 2.452e-05 0.70712966 -0.70708376 1.339e-05 0.70712978 -0.7070837 8.947e-05 0.70713031 -0.70708323 -5.21e-06 0.70713061 -0.70708299 -6.37e-06 0.70713085 -0.70708275 -0.00013623 0.70713091 -0.70708281 -4.1e-06 0.70713091 -0.70708257 2.091e-05 0.70713109 -0.70708251 0.00017571 0.70713133 -0.70708221 -5.286e-05 0.70713139 -0.70708221 -9.449e-05 0.70713151 -0.70708215 2.3e-06 0.70713174 -0.70708185 -9.814e-05 0.70713192 -0.70708168 -8.028e-05 0.70713198 -0.7070815 -8.71e-06 0.7071321 -0.70708162 2.01e-06 0.70713216 -0.70708144 2.63e-05 0.70713222 -0.7070812 -6.42e-05 0.70713246 -0.70708102 4.81e-06 0.70713258 -0.70708108 -0.0001667 0.70713282 -0.70708078 0.0001759 0.707133 -0.70708054 -0.00020921 0.707133 -0.70708054 -2.39e-05 0.70713317 -0.70708036 -0.00024951 0.70713365 -0.70707989 -2.694e-05 0.70713401 -0.70707953 -8.929e-05 0.70713443 -0.70707899 -0.00045049 0.70713449 -0.70707917 4.715e-05 0.70713449 -0.70707899 8.51e-06 0.70713454 -0.70707899 4.015e-05 0.70713526 -0.70707822 -0.00018233 0.70713532 -0.70707828 0.00015629 0.7071355 -0.7070781 -3.67e-06 0.70713556 -0.70707804 8e-07 0.70713562 -0.70707798 0.00018307 0.70713568 -0.70707792 3.192e-05 0.70713592 -0.70688379 0.01655462 0.70713598 -0.70707762 -0.00021516 0.70713621 -0.70707726 0.00031441 0.70713633 -0.70707721 1.272e-05 0.70713633 -0.70707715 -0.00023366 0.70713639 -0.70707709 0.00048652 0.70713663 0.70707703 7.4e-07 0.70713675 -0.70707673 -1.351e-05 0.70713705 -0.70707655 1.102e-05 0.70713735 -0.70707631 -3.979e-05 0.70713753 -0.70707613 -3.52e-06 0.70713753 -0.70707613 2.287e-05 0.70713764 -0.70707577 -0.00050191 0.707138 -0.7070756 -6.239e-05 0.70713812 -0.70707542 -2.011e-05 0.70713824 -0.7070753 7.407e-05 0.70713836 -0.70707518 -4.669e-05 0.70713842 -0.70707518 8.84e-06 0.70713872 -0.70707482 4.065e-05 0.70713878 -0.70707482 0.00021883 0.70713878 -0.70686108 0.01738433 0.7071389 -0.7070747 8.392e-05 0.70713896 -0.70707458 0.0001792 0.70713913 -0.7070744 -9.9e-06 0.70713913 -0.70707434 -0.00019108 0.70713967 -0.70707381 3.313e-05 0.70713973 -0.70707387 9.802e-05 0.70713973 -0.70707369 -0.00023007 0.70714009 -0.70707345 1.964e-05 0.70714021 -0.70707339 -3.273e-05 0.70714033 -0.70707309 -0.00045101 0.70714056 -0.70707297 4.656e-05 0.70714074 -0.70707273 -4.976e-05 0.70714092 -0.70707268 4.062e-05 0.70714092 -0.70707256 0.00018644 0.70714092 -0.70707256 0.00046001 0.70714098 -0.70707256 -0.00015202 0.70714104 -0.70707256 -1.44e-05 0.70714104 -0.7070725 1.965e-05 0.70714116 -0.70707238 6.108e-05 0.70714128 -0.70707232 1.229e-05 0.70714152 -0.70707214 2.29e-05 0.7071417 -0.70707124 -0.00090884 0.70714182 -0.70707166 -2.13e-05 0.70714206 -0.70707148 6.92e-06 0.70714223 -0.70707136 1.211e-05 0.70714229 -0.70707124 -2.719e-05 0.70714241 -0.70707124 -2.62e-05 0.70714241 -0.70707119 4.405e-05 0.70714277 -0.70707083 -0.00014671 0.70714277 -0.70707083 0.00016251 0.70714283 -0.70707077 -7.496e-05 0.70714289 -0.70707065 7.69e-06 0.70714295 -0.70707071 -4.215e-05 0.70714396 -0.70706952 -0.00043765 0.70714414 -0.70706946 -1.088e-05 0.70714456 -0.70706898 2.985e-05 0.70714456 -0.70706898 0.00033824 0.70714462 -0.70706892 2.992e-05 0.7071448 -0.70685631 0.01732845 0.70714492 -0.70706862 9.354e-05 0.70714498 -0.70706856 -4.731e-05 0.70714504 -0.70706856 4.47e-05 0.70714557 -0.70706803 -0.00020424 0.70714575 -0.70706773 -2.554e-05 0.70714593 -0.70706761 -4.411e-05 0.70714605 -0.70706743 0.00021768 0.70714635 -0.70706719 8.815e-05 0.70714653 -0.70706713 2.921e-05 0.70714653 -0.70706701 -9.5e-06 0.7071467 -0.70706683 -0.00040681 0.70714676 -0.70706677 1.21e-05 0.70714718 -0.70706642 0.0002237 0.70714736 -0.70706612 0.00012348 0.7071476 -0.70706612 -3.897e-05 0.7071476 -0.707066 0.00016076 0.70714772 -0.70706582 -5.539e-05 0.70714778 -0.70706588 6.412e-05 0.70714825 -0.70706522 2.33e-06 0.70714855 -0.70706505 6.19e-06 0.70714855 -0.70706499 6.294e-05 0.70714909 -0.70706451 -3.242e-05 0.70714933 -0.70706433 1.597e-05 0.70714933 -0.70706421 0.00011066 0.70714974 -0.70706367 -0.00026387 0.7071498 -0.70706391 -0.00020322 0.70715022 -0.70706332 0.0002287 0.70715034 -0.7070632 -3.188e-05 0.70715046 -0.70706308 -0.00014109 0.70715064 -0.7070629 1.22e-06 0.70715082 -0.70706254 0.00066909 0.70715135 -0.70706218 0.00026265 0.70715135 -0.70706213 -0.00032312 0.70715165 -0.70706189 -0.00018383 0.70715183 -0.70706171 -7.63e-06 0.70715189 -0.70706159 0.00022419 0.70715207 -0.70706153 -2.399e-05 0.70715231 -0.70706123 -4.107e-05 0.70715243 -0.70706117 4.2e-07 0.70715296 -0.70706052 -0.00019157 0.70715332 -0.70706016 -0.00043526 0.70715356 -0.70705992 -6.955e-05 0.70715427 -0.70705932 2.79e-05 0.70715433 -0.7070592 1.226e-05 0.70715433 -0.7070592 0.00019906 0.70715469 -0.70685518 0.01697352 0.70715535 -0.70705825 -1.063e-05 0.70715559 -0.70705765 0.00073731 0.70715612 -0.70705748 -0.00013717 0.70715648 -0.70705706 -4.66e-06 0.70715666 -0.707057 6.843e-05 0.70715672 -0.707057 0.00012205 0.70715755 -0.70705611 7.745e-05 0.70715761 -0.70705593 -0.00017026 0.70715863 -0.70705491 1.864e-05 0.70715922 -0.70705432 -0.0001831 0.70715946 -0.70705408 -4.385e-05 0.70715958 -0.70705396 0.00018742 0.70716071 -0.70705277 -0.000247 0.70716089 -0.70705259 0.0001544 0.70716101 -0.70705253 5.857e-05 0.70716149 -0.70705211 -5.767e-05 0.70716149 -0.70705205 -0.00013157 0.70716161 -0.70705193 -1.114e-05 0.70716178 -0.70705181 -0.00018134 0.70716208 -0.70705134 -6.8e-06 0.70716232 -0.70705122 0.00011059 0.70716268 -0.70705098 0.00016277 0.70716298 -0.70705056 -1.79e-06 0.70716321 -0.70705026 5.4e-07 0.70716375 -0.70684439 0.01704154 0.70716387 -0.70704979 3.327e-05 0.70716393 -0.70704967 -0.0001475 0.70716405 -0.70704949 5.398e-05 0.70716411 -0.70704943 2.015e-05 0.70716417 -0.70704937 -5.407e-05 0.70716423 -0.70704919 0.00014278 0.70716447 -0.70704901 -0.00025624 0.70716459 -0.70704883 0.00028186 0.70716465 -0.70704889 -6.39e-06 0.7071647 -0.70704842 -0.00074856 0.707165 -0.7070483 0.00065209 0.70716518 -0.70704842 5.543e-05 0.70716548 -0.70704806 -0.00026439 0.70716554 -0.70704806 3.86e-06 0.70716596 -0.70704758 -0.0002502 0.70716631 0.70704716 6.8e-07 0.70716637 -0.7070471 -0.00020712 0.70716661 -0.70704693 3.131e-05 0.70716685 -0.70704675 0.00016562 0.70716685 -0.70681912 -0.01794148 0.70716697 -0.70704657 8.606e-05 0.70716703 -0.70704645 -1.74e-06 0.70716751 -0.70704603 -0.00012757 0.70716798 -0.70704561 -0.00017474 0.70716816 -0.70704544 0.00018722 0.70716816 -0.70704544 0.00026883 0.70716828 -0.70704526 -5.775e-05 0.70716846 -0.70704508 -0.00022195 0.70716864 -0.70704484 -0.00015288 0.70716894 -0.70704448 -0.00025376 0.70716923 -0.70704436 -5.363e-05 0.70716995 -0.70704365 0.00011646 0.70716995 0.70569533 0.04364433 0.70717007 -0.70704347 5.963e-05 0.70717084 -0.70704269 -0.00033953 0.70717126 -0.70704234 -0.00027129 0.70717198 -0.70704156 -4.483e-05 0.70717204 -0.7070415 -6.324e-05 0.70717204 -0.7070415 0.00034963 0.70717216 -0.70704144 -9.326e-05 0.70717227 -0.70704114 0.00022161 0.70717233 -0.70704132 -5.48e-06 0.70717239 -0.7070412 -7.792e-05 0.70717239 -0.70704108 6.15e-06 0.70717245 -0.70704126 0.00014647 0.70717245 -0.70704108 4.435e-05 0.70717263 -0.70704097 -9.8e-06 0.70717299 -0.70704049 -0.00016678 0.70717305 -0.70704049 -0.00013816 0.70717329 -0.70703989 -0.00064456 0.707174 -0.70703959 -4.24e-06 0.70717436 -0.70703912 0.0002019 0.70717466 -0.70703888 -5.931e-05 0.70717478 -0.70703876 8.932e-05 0.70717525 -0.70703834 0.0001007 0.70717525 -0.70703816 0.00030129 0.70717537 -0.70703816 -0.00016696 0.70717549 -0.7070381 0.00021482 0.70717585 -0.70703769 -3.305e-05 0.70717585 -0.70703763 -6.85e-06 0.70717591 -0.70703763 6.01e-06 0.70717627 0.70703727 -3.65e-06 0.70717645 -0.70703721 3.419e-05 0.70717657 -0.70703685 0.00010977 0.70717663 -0.70703685 -0.00012944 0.7071768 -0.70703673 9.998e-05 0.70717686 -0.70703667 -0.00031711 0.70717686 -0.70703661 8.058e-05 0.70717698 -0.70703661 9.699e-05 0.70717704 -0.70703661 0.00029576 0.70717734 -0.7070359 0.00058121 0.70717782 -0.70703572 9.519e-05 0.70717782 -0.70703572 0.00043526 0.70717788 -0.70703578 0.00021585 0.70717788 -0.70703536 -0.00056395 0.70717812 -0.70703542 -3.886e-05 0.70717865 -0.70703483 -7.518e-05 0.70717901 -0.70703369 -0.00109134 0.70717943 -0.70703417 -6.184e-05 0.70717949 -0.70703411 -0.00023035 0.70717955 -0.70703405 -5.649e-05 0.70718008 -0.7070331 0.00068811 0.70718074 -0.7070328 -6.788e-05 0.70718133 -0.70703214 9.7e-06 0.70718139 -0.7070322 1.08e-05 0.70718157 -0.7068153 0.01750285 0.70718247 -0.70703095 0.00037329 0.70718253 -0.70703077 0.00041349 0.70718271 -0.70703071 -0.00019999 0.70718366 -0.70702976 0.00011656 0.7071839 -0.70702958 5.941e-05 0.70718485 -0.70702869 -4.686e-05 0.70718491 -0.70702851 -0.00035622 0.70718497 -0.70702863 -7.897e-05 0.70718527 -0.70702821 0.00022263 0.70718545 -0.70702809 4.557e-05 0.70718634 -0.70702726 -0.00012071 0.70718694 -0.7070266 1.622e-05 0.70718801 -0.70702547 5.587e-05 0.70718813 -0.70702535 -0.00014458 0.70718837 -0.70702511 0.00012872 0.70718843 -0.70679712 -0.01795629 0.70718849 -0.70702511 -7.43e-06 0.70718855 -0.70702463 0.00068733 0.7071889 -0.70702469 5.457e-05 0.70718896 -0.70702463 -6.74e-05 0.70718956 -0.70702386 -0.0003065 0.70718992 -0.70702368 -0.00010478 0.70719028 -0.70702332 3.306e-05 0.70719039 -0.70702314 -0.00020492 0.70719099 -0.70702261 0.00021043 0.70719129 -0.70702231 1.72e-06 0.70719153 -0.70702207 -0.00016115 0.70719153 -0.70702207 -1.81e-06 0.70719159 -0.70702201 -4.21e-06 0.70719212 -0.70702153 -9.354e-05 0.70719212 -0.70702142 0.00010368 0.70719242 -0.70702118 -0.00010184 0.70719266 -0.70702088 0.00015009 0.70719314 -0.70702052 -0.00014758 0.70719314 -0.70702016 -0.00055864 0.70719326 -0.70702028 8.267e-05 0.70719397 -0.70701951 -6.99e-06 0.70719421 -0.70701939 -1.282e-05 0.70719516 -0.70701849 -9.481e-05 0.70719522 -0.70701826 -0.00020028 0.70719528 -0.70701832 -4.859e-05 0.7071957 -0.70701796 4.471e-05 0.70719594 -0.70701766 5.373e-05 0.707196 -0.70701748 0.00040795 0.70719606 -0.70701754 -6.103e-05 0.70719635 -0.70701718 -0.00016248 0.70719635 -0.70701718 -0.00014775 0.70719635 -0.70701712 0.00043931 0.70719695 -0.70701647 5.441e-05 0.70719701 -0.70701653 8.564e-05 0.70719713 -0.70701641 -0.00011363 0.70719773 -0.70701593 1.456e-05 0.70719904 -0.70678812 0.01788723 0.70719916 -0.70701444 5.952e-05 0.70719922 -0.7070142 -0.00025579 0.70719945 -0.70701408 -0.00031659 0.70719975 -0.70701373 -0.00016742 0.70720005 -0.70701343 6.2e-07 0.70720041 -0.70701307 -6.365e-05 0.70720083 -0.70701277 7.822e-05 0.707201 -0.70701241 0.00013041 0.70720118 -0.70701241 -0.00013424 0.70720148 -0.707012 -0.00032895 0.70720166 -0.7070117 -0.00053794 0.70720249 -0.70701069 0.0007995 0.70720315 -0.70701039 -2.154e-05 0.70720369 -0.70700979 0.00019895 0.70720392 -0.70700961 -5.57e-06 0.70720416 -0.70700938 -3.841e-05 0.70720476 -0.70700884 0.00010507 0.70720482 -0.70700866 -5.79e-06 0.70720536 -0.70700824 -8.156e-05 0.70720577 -0.70700765 -0.00030654 0.70720583 -0.70700753 0.00042126 0.70720613 -0.70700741 -4.02e-06 0.70720625 -0.70700729 8.967e-05 0.70720696 -0.70700645 -7.036e-05 0.70720762 -0.70700598 0.000113 0.70720792 -0.7070055 4.334e-05 0.70720935 -0.70700437 0.00013695 0.70721 -0.70700347 -1.894e-05 0.70721042 -0.70700282 0.00058738 0.70721054 -0.707003 -0.00011501 0.70721251 -0.70700109 0.00011477 0.70721281 -0.70700073 -0.00022218 0.70721298 -0.70700067 1.839e-05 0.70721316 -0.70700055 9.416e-05 0.70721322 -0.70700026 -9.237e-05 0.70721328 -0.70700037 9.277e-05 0.70721436 -0.70699924 -1.833e-05 0.70721453 -0.70699906 -5.176e-05 0.70721453 -0.70699906 5.187e-05 0.70721483 -0.70699865 0.00014617 0.70721501 -0.70699853 -9.902e-05 0.70721567 -0.70699781 7.943e-05 0.70721579 -0.70678121 0.01749176 0.70721614 -0.70699745 6.083e-05 0.70721638 -0.70677674 0.01765546 0.70721662 -0.70699698 0.00027826 0.70721769 -0.70699579 -4.553e-05 0.70721835 -0.70699519 2e-06 0.7072199 -0.7069937 -0.00015953 0.70722055 -0.70699292 -3.148e-05 0.70722121 -0.70699209 0.00049797 0.70722145 -0.70699209 -6.67e-06 0.7072221 -0.70699149 -0.00012219 0.7072233 -0.70699024 7.563e-05 0.70722413 -0.70698947 0.00014364 0.70722461 -0.70698899 0.00010727 0.7072255 -0.70697874 -0.00361558 0.70722574 -0.70698774 -0.00010813 0.70722675 -0.70698673 -0.00015871 0.70722806 -0.70698541 0.00037822 0.70722973 -0.7069838 1.39e-05 0.70723021 -0.70698327 1.124e-05 0.70723033 -0.70698321 2.48e-06 0.70723057 -0.70698303 -0.00016649 0.70723093 -0.70698273 -0.00015641 0.70723099 -0.70698261 8.657e-05 0.70723182 -0.7069816 -0.00013863 0.70723206 -0.70698148 -7.643e-05 0.70723224 -0.7069813 2.186e-05 0.70723271 -0.70698076 -1.984e-05 0.70723361 -0.70697981 0.00015318 0.70723522 -0.70697832 -0.00011053 0.70723552 -0.70676255 0.01745262 0.70723569 -0.70697731 0.00078832 0.70723593 -0.70697761 -5.224e-05 0.70723599 -0.70697761 1.724e-05 0.7072373 -0.70697618 1.935e-05 0.70723754 -0.70697606 -2.96e-06 0.70723766 -0.70697588 0.0001315 0.70723778 -0.70697564 0.00010024 0.70723903 -0.70697457 -5.851e-05 0.70723975 -0.70697331 0.00084435 0.70724076 -0.7069729 0.00017404 0.70724094 -0.70697266 -0.00012627 0.70724142 -0.70697176 0.00061459 0.70724201 -0.70697159 3.604e-05 0.70724285 -0.70696872 0.00168601 0.70724386 -0.7069695 -0.00035656 0.70724463 -0.70675409 0.01743007 0.70724577 -0.70696771 -2.661e-05 0.70724607 -0.70696753 -6.095e-05 0.70724624 -0.70696664 -0.0009318 0.70724833 0.70696521 -1.95e-06 0.70724869 -0.70696485 -6.396e-05 0.70724976 -0.70696384 -0.00015726 0.70724976 -0.70696378 -4.411e-05 0.70724982 -0.70696372 -0.00013143 0.70725036 -0.70696318 -0.00037427 0.70725054 -0.706963 0.00014023 0.70725358 -0.70695996 0.00010605 0.70725471 -0.70695877 -0.00024662 0.70725524 -0.70695823 -6.317e-05 0.70725548 -0.70695806 -9.249e-05 0.70725662 -0.70695692 0.00013153 0.70725816 -0.70695531 -0.00019413 0.70726115 -0.70695233 -0.00013118 0.7072624 -0.70695108 -0.00017887 0.70726448 -0.70694888 -0.00049363 0.70726854 -0.70694488 0.00043944 0.70727086 -0.70694274 -0.000105 0.70727098 -0.70694262 0.00021551 0.70727104 -0.706716 0.01789308 0.70727217 -0.70694131 -0.00019266 0.70727253 -0.70694101 -0.0002323 0.70727348 -0.7069394 -0.00097423 0.70727408 -0.70672262 0.0175042 0.70727438 -0.7069391 -0.00011842 0.70727503 -0.70693845 0.00019301 0.70727551 -0.70693797 -0.00027303 0.7072764 -0.70693707 -0.00018297 0.70727646 -0.70693696 -0.00020201 0.70727688 -0.7069366 1.901e-05 0.70727706 -0.70693642 7.86e-06 0.70727712 -0.70693648 1.359e-05 0.70727867 -0.70693481 -0.00028509 0.70727986 -0.70693344 -0.00058905 0.70728028 -0.70693332 -0.00019611 0.70728058 -0.70693201 0.00121113 0.70728207 -0.70693153 6.01e-06 0.70728207 -0.70671439 0.01751413 0.70728356 -0.70692998 -0.00025968 0.70728463 -0.70692855 0.00066041 0.70728469 -0.70692891 -0.00021214 0.70728505 -0.70670784 0.01766143 0.7072857 -0.70692784 -0.00029261 0.70728606 -0.70692742 -0.00019527 0.70728636 -0.70692658 -0.00085988 0.70728767 -0.70692539 -0.00073325 0.70728773 -0.70692587 -2.601e-05 0.70728856 -0.70692486 -0.00028614 0.70728946 -0.70692402 7.177e-05 0.70729196 -0.70692146 0.0004465 0.70729226 -0.70692044 -0.00101589 0.70729333 -0.70691949 0.00099282 0.70729339 -0.70691985 -0.00060394 0.70729595 -0.70691746 -0.00018013 0.70729607 -0.70691741 3.554e-05 0.70729685 -0.70691669 0.00016064 0.70729697 -0.70691657 -0.00011471 0.70729703 -0.70691657 0.00010724 0.70729768 -0.70691556 -0.00054782 0.70729917 -0.70691437 -2.763e-05 0.70730072 -0.70691276 0.00022523 0.70730156 -0.70691103 -0.00114001 0.70730251 -0.70691091 -0.00043418 0.70730448 -0.70690906 5.779e-05 0.70730609 -0.70690733 -0.00018688 0.70730621 -0.70690721 -0.00017037 0.70730644 -0.70688105 0.00606609 0.70730776 -0.70690572 0.00021474 0.70730859 -0.70690405 -0.0011069 0.70730877 -0.70690465 -0.00022318 0.70730883 -0.70690399 -0.00101038 0.70730954 -0.70690387 -0.000353 0.70731026 -0.70689791 -0.00274821 0.70731133 -0.70690215 8.464e-05 0.70731157 -0.70690185 -0.00014056 0.70731169 -0.70690173 -0.00023805 0.70731282 -0.70690048 0.00050804 0.70731366 -0.70689976 0.00023611 0.70731467 -0.70689881 -0.00026063 0.70731705 -0.70689642 -0.0002191 0.70731831 -0.70689517 -7.759e-05 0.70732105 -0.70689237 -0.00025049 0.70732135 -0.70689213 0.00020856 0.70732266 -0.70689076 0.00040917 0.70732301 -0.70689052 0.00021111 0.70732433 -0.70688897 -0.0005246 0.70732647 -0.70688707 8.37e-05 0.70732689 -0.70688653 -0.00025374 0.70732707 -0.70688599 -0.00082484 0.70732808 -0.70666957 0.01746487 0.70732951 -0.70688319 -0.00096804 0.70733041 -0.70688301 -0.0003231 0.70733273 -0.70667338 0.01712358 0.7073338 -0.70666164 0.01755993 0.70733392 -0.7068795 -0.00012127 0.70733434 -0.70687908 -0.00016889 0.70733446 -0.70687872 -0.00062102 0.70733583 -0.70687753 0.00024735 0.70733654 -0.70687634 -0.00097084 0.7073378 -0.70687556 0.00021585 0.70733815 -0.70687538 8.961e-05 0.70733911 -0.70687437 -6.22e-06 0.70733988 -0.7068736 -0.00010801 0.70734012 -0.70686978 0.00223801 0.7073409 -0.70687252 0.00020471 0.7073434 -0.70687002 -0.00017583 0.707344 -0.70686942 0.00010234 0.70734465 -0.70686811 0.00092806 0.70734817 -0.70686531 8.5e-05 0.707349 -0.70686442 -0.00012034 0.7073549 -0.70685828 0.00056707 0.70735598 -0.7068575 6.767e-05 0.70735991 0.70685363 9.27e-06 0.70736146 -0.70685202 -0.00016131 0.70736319 -0.70684975 0.00078583 0.7073642 0.70548975 0.04381955 0.70736438 -0.70684886 0.00051484 0.70736474 -0.7068488 0.00011047 0.70736724 -0.70684618 0.00023406 0.70736736 -0.70684606 -0.00025819 0.70737004 -0.70664203 0.01687024 0.70737129 -0.70684212 1.523e-05 0.70737535 -0.70683748 -0.00094393 0.70737571 -0.70683771 -0.00026608 0.70737815 -0.70683527 0.00023347 0.70738024 -0.70683217 0.00128803 0.70738071 -0.70662284 0.01721909 0.70738113 -0.70683229 -3.352e-05 0.7073831 -0.70683032 -0.00012581 0.70738369 -0.70662868 0.01685639 0.70738387 -0.7066294 0.01682317 0.7073856 -0.7068277 0.00021917 0.70738745 -0.70682603 -0.0003015 0.70738757 -0.70682579 0.00039105 0.70739156 -0.70682174 -0.00033565 0.70739609 -0.70681608 0.00131398 0.70739675 -0.70681667 0.00020645 0.70739734 -0.70681602 -0.00020114 0.70739979 -0.70681363 -0.00013989 0.70740068 -0.7068128 -0.00012413 0.70740324 -0.70680994 0.00053871 0.7074039 -0.7065832 0.01788955 0.70740944 -0.70680404 -0.00018715 0.70741087 0.64744073 -0.28353199 0.70741361 -0.70679963 -0.00025853 0.70741612 0.68846148 0.15994799 0.70741946 -0.70679289 0.00121722 0.7074216 -0.70679158 0.00062323 0.70742172 -0.70679164 -0.00017573 0.70742226 -0.70657068 0.01765441 0.70742571 -0.70678765 -4.845e-05 0.70743209 -0.70658857 0.01650333 0.70743287 -0.70678055 -0.00034203 0.70743412 -0.70677632 -0.00205351 0.70743853 0.70270103 0.07577617 0.70743936 -0.70677388 -0.00043439 0.70744109 -0.70677221 0.00046533 0.70744205 -0.70677131 0.00031097 0.70744228 -0.70677119 -6.255e-05 0.70744264 -0.70677066 -0.000344 0.70744276 -0.7067706 -0.00026098 0.7074452 -0.70676792 0.00052387 0.70744789 -0.70654362 0.0177069 0.70744848 -0.70676476 0.00031904 0.70744979 -0.70676345 -0.00055044 0.70745289 -0.70676053 0.00020886 0.70745426 -0.70675898 0.00033601 0.70745438 -0.7067557 -0.00217904 0.70745862 -0.70675474 0.00042178 0.70746797 -0.70653921 0.01706848 0.70746964 -0.70651704 0.01789751 0.70747 -0.7067433 -0.00033714 0.70747149 -0.70674175 0.00038575 0.70747972 -0.70673364 0.00014008 0.70747977 -0.70673341 -0.00042096 0.70748043 -0.70673293 -6.02e-06 0.70748103 -0.70672965 -0.0019854 0.70748347 -0.70672971 0.00044517 0.7074852 -0.70672822 -5.902e-05 0.70748603 -0.70672733 -0.00042266 0.70748955 -0.70650607 0.01754049 0.70749533 -0.70671797 -0.00028694 0.70749646 -0.70671576 0.00118869 0.70750093 -0.70671254 -9.047e-05 0.70750189 -0.70671147 -0.00024014 0.70750576 -0.7064932 0.01740445 0.70751041 -0.70670283 -0.0003401 0.70751262 -0.70670062 -0.00034309 0.70751762 -0.70648265 0.01735264 0.70752132 -0.70644325 -0.01874889 0.70752198 -0.70669121 0.00050724 0.70752269 -0.70668924 0.00142716 0.70752829 -0.70668489 -4.712e-05 0.70753407 -0.70667624 -0.00203382 0.70753896 -0.70667434 -5.974e-05 0.70753908 -0.70667267 -0.00148536 0.70754278 -0.70666242 0.00338742 0.70754391 -0.70666921 0.00051441 0.70755106 -0.70666218 -0.0003201 0.70755583 -0.70665741 0.0004824 0.70755643 -0.70665669 0.00057947 0.70755655 -0.70665681 3.154e-05 0.7075575 -0.70665568 0.00039622 0.70756018 -0.70665312 0.00011128 0.70756102 -0.70664406 -0.00341605 0.70756137 -0.70643359 0.0175621 0.70756286 -0.70661885 -0.00667974 0.70757091 -0.70664227 1.346e-05 0.70757157 -0.70664161 -0.00034674 0.7075814 -0.70663148 -0.00056341 0.70758957 -0.70662373 0.0001852 0.70758986 -0.70662332 -0.00023221 0.70759404 -0.70639592 0.0177585 0.70759696 -0.70661622 -0.00028794 0.70760876 -0.70647669 -0.01343882 0.70761532 -0.70659739 -0.00082742 0.70761937 -0.7063784 0.01744722 0.70762557 -0.70658749 0.00023163 0.70762902 -0.70658404 0.00044156 0.70763087 -0.7065804 -0.00166217 0.70764333 0.66967696 0.22533007 0.70764363 -0.70635939 -0.01723017 0.7076453 -0.70656747 0.00067259 0.70764613 -0.70656568 -0.00136556 0.70764905 -0.70656371 0.00076346 0.70764923 -0.70656383 0.00041019 0.70766056 -0.70655161 0.00111455 0.70766407 -0.70654869 0.00074154 0.70766449 -0.70654857 0.00010767 0.70767361 -0.70653915 0.00077878 0.7076804 -0.70653248 0.00058502 0.70768672 -0.70626658 -0.01915632 0.70771158 -0.70650142 -0.00039101 0.70771313 -0.70649779 0.00176944 0.70771319 -0.70632297 0.0158048 0.70772618 -0.70648652 -0.00068273 0.70772779 -0.70648521 0.00031992 0.70774275 -0.70646966 0.00085629 0.70774806 -0.70646501 4.082e-05 0.70776117 -0.7062546 0.016688 0.70776808 -0.70644462 -0.00058768 0.70777738 -0.70643508 0.00076244 0.70780802 -0.70619476 0.01722623 0.70781773 -0.70619351 0.0168777 0.70782423 -0.70637757 0.00394409 0.70784581 -0.70636684 0.00056551 0.70785105 -0.70636159 -0.00051309 0.70786285 -0.70634961 -0.00063442 0.70790237 -0.70630902 0.00134237 0.70790297 -0.7063098 -3.217e-05 0.70791507 -0.70605415 -0.01854345 0.70791847 -0.70628792 -0.00298655 0.7079289 -0.70628232 -0.00137832 0.70794398 -0.70626813 -0.00073293 0.70794672 -0.70604676 0.01759205 0.70795614 -0.70625621 0.00040533 0.70795679 -0.7062549 0.00104669 0.70795959 -0.7062515 0.00142542 0.70797455 -0.70603925 0.01675088 0.70800054 -0.70621169 -0.00059595 0.70802957 -0.70618248 0.0006702 0.70803517 -0.70596147 0.01745376 0.70803589 -0.70617551 0.00116477 0.70804584 -0.70595992 0.01708311 0.70806217 -0.70614988 0.00057688 0.70806438 -0.70590222 -0.01862526 0.70806772 -0.70614463 -9.862e-05 0.70807701 -0.70613444 -0.00105071 0.70808959 -0.70612264 0 0.7080968 -0.70611417 -0.00130542 0.7081002 0.70589858 -0.01735196 0.70811093 -0.70610052 0.00095816 0.70812851 -0.70608139 -0.00171912 0.70814103 -0.70607114 8.363e-05 0.70816267 -0.70583212 0.01751099 0.70817113 -0.70604044 -0.00079695 0.70817345 -0.70579112 0.0186848 0.70819432 -0.70601451 0.00205916 0.70819718 -0.70601428 -0.00088991 0.70819896 -0.70601213 0.00100852 0.7081995 -0.70601189 -0.00085347 0.70820129 -0.70600963 -0.00116468 0.70820278 -0.70600903 -0.00012258 0.7082116 -0.70600027 -0.00038273 0.70822543 -0.70572466 0.01922138 0.7082271 -0.70592153 0.00944325 0.70827216 -0.70593941 8.741e-05 0.70828718 -0.70592415 0.00052083 0.70831126 -0.70589942 0.00109393 0.70835346 -0.70585781 -0.00016066 0.70835924 -0.70557785 -0.01967492 0.70837831 -0.70582306 0.00375798 0.70838612 -0.70580661 0.00510803 0.70839822 -0.7058112 0.00158678 0.70840198 -0.70580828 -0.00110559 0.70841998 0.65270835 0.26853848 0.70845288 -0.70544118 -0.02115026 0.7084564 -0.70574337 -0.00397725 0.70848167 -0.70572805 -0.00124356 0.70849067 -0.70571828 0.00161064 0.70852584 -0.70568389 0.00113586 0.70853919 -0.70567131 -0.00048239 0.70856684 -0.70563495 -0.00353661 0.70861548 0.6471982 -0.28106681 0.70868659 -0.70552301 0.00073154 0.70875674 -0.70545268 0.0006609 0.70875871 -0.70545036 0.00086945 0.70880544 -0.70484108 -0.0281739 0.70880818 -0.70540053 -0.00094081 0.7088083 -0.70539546 -0.00284132 0.70881373 0.6679427 -0.22679417 0.70883006 -0.70537788 0.0014121 0.70885724 -0.70535159 0.00067139 0.70886862 -0.70504427 -0.02044234 0.70887512 -0.62655878 -0.32391366 0.70898378 -0.70522195 -0.00199509 0.70898765 -0.70521617 0.00255243 0.70905536 -0.70514995 0.00202802 0.70912367 0.69815314 -0.09861936 0.70913076 -0.70507294 0.00236332 0.70923913 -0.70496672 -0.00132329 0.70926881 -0.70493799 0.00053818 0.70931703 -0.70488954 0.00018756 0.70938516 -0.70481938 -0.00143116 0.70940018 -0.70480603 0.00018603 0.70943856 -0.70476329 0.00239674 0.70946699 -0.7047382 0.00075116 0.70960897 0.68433237 0.16776256 0.70969093 -0.70451295 0.00053691 0.70973623 -0.70440185 -0.00961474 0.70994055 -0.70425433 0.00321218 0.70997602 -0.70413971 0.01101604 0.70999259 -0.70420611 0.00206752 0.71005785 0.64789796 -0.27576461 0.7101053 0.66339236 0.23592584 0.71017897 0.64915103 0.27248663 0.71023965 -0.70280403 0.0403257 0.7103104 -0.70388854 -0.00029444 0.71039176 -0.70380586 0.00097646 0.71052241 -0.70366335 -0.00395516 0.71053308 0.6630981 0.23546505 0.71071482 0.70335978 0.01301949 0.7107265 -0.70345843 0.00373504 0.71084934 0.70035625 0.06476429 0.71085644 0.65722293 -0.2504819 0.71094233 -0.70039594 -0.06329779 0.71125209 -0.7029354 -0.00147352 0.71201253 -0.70213479 0.00669528 0.71203595 -0.70214039 -0.00193743 0.71211463 -0.70206326 -0.00017282 0.71222258 -0.70195311 -0.00091836 0.71238673 0.64517832 -0.2761341 0.71275187 0.65580696 0.2488012 0.71277094 0.70023531 -0.0403517 0.71328074 0.70075208 -0.01330804 0.71341497 0.69973671 0.03751586 0.71361428 0.67613214 -0.18330342 0.71363294 -0.70032477 0.01653101 0.71449846 -0.69961792 0.0051826 0.71527827 -0.69877541 -0.00948376 0.71531051 -0.69880539 0.00132302 0.71558857 -0.69851303 0.00354543 0.71565205 0.68515313 0.13567358 0.71568239 0.25074252 0.65186417 0.71580797 0.69276816 -0.08770023 0.71608728 0.69205314 -0.09100284 0.71628112 0.67528975 0.1758558 0.71643543 0.65618014 -0.2369554 0.71650016 0.69192052 0.08873287 0.71680057 -0.69717163 -0.01219419 0.7168535 0.68354207 0.13744558 0.71709126 0.68141651 -0.14646354 0.71709824 0.69523972 0.04911013 0.71740288 0.69576591 -0.03525535 0.71807784 0.69563287 0.02142934 0.71862912 0.69240969 0.06435081 0.71868068 0.68447208 -0.1224582 0.71891904 -0.69484776 -0.01848999 0.71903425 -0.67804372 0.15246819 0.71906751 -0.69493961 -0.00093601 0.71938002 0.68102771 -0.1367242 0.7195583 0.69313252 -0.04246505 0.71979189 0.65057373 0.24218479 0.72016418 0.69280207 0.03726889 0.72040319 0.67589331 0.15552309 0.72152472 -0.69178802 -0.02883378 0.72177976 0.68818003 0.07377166 0.72215933 0.6747793 0.15218055 0.72226769 -0.69146007 0.01457467 0.72247452 0.68990719 0.04537345 0.72255886 0.67434764 -0.15219736 0.72277474 0.66220635 0.19768508 0.72293299 0.68694955 -0.07394829 0.72303641 -0.69051588 -0.02015102 0.7236861 0.68200618 -0.10557453 0.72423321 0.67864692 -0.12216647 0.72434551 0.68704796 0.05734744 0.72492319 -0.68864548 -0.01593388 0.72502536 0.66936195 0.1621507 0.72583991 0.67930114 -0.10819566 0.72606468 0.67588091 0.12655066 0.72614968 0.64414787 0.24037524 0.72646427 0.66117275 -0.18735035 0.72668487 0.66885501 -0.15672295 0.72692508 0.64079005 -0.24691704 0.72740054 0.67884934 0.10026044 0.72743696 0.65989465 0.18808122 0.72767532 0.68369609 -0.05521066 0.72767979 0.68290585 -0.06420098 0.72776508 0.68414307 -0.04802417 0.72791487 0.68502563 -0.02965943 0.72881055 0.65346462 0.20449753 0.72959596 0.66825944 -0.14532436 0.73019475 0.66989249 -0.13438612 0.73065037 0.6657719 0.15131955 0.73077369 0.67494267 0.10208887 0.73108506 0.67419755 0.10474951 0.7312569 0.6476016 -0.21418557 0.73170799 0.66107219 0.16609332 0.73179722 0.66997904 0.12490373 0.7320286 -0.5888024 0.34270364 0.73344386 -0.67450786 -0.08425724 0.73366731 -0.6742605 -0.08429146 0.73403281 0.67257732 -0.09399781 0.73405343 -0.67384171 -0.08427756 0.73409247 -0.67382634 -0.08406162 0.73436522 -0.67353076 -0.08404734 0.7344653 0.67102635 0.10141315 0.73450994 0.67818391 0.02370362 0.73477119 -0.67308611 -0.08406102 0.73487699 0.66975635 0.1066879 0.73534602 0.67751414 0.01551706 0.73534983 -0.67765194 0.00696097 0.73535997 0.65616131 -0.16940466 0.73558974 0.67678404 -0.02951295 0.73560184 0.67509967 0.05594985 0.73599267 -0.67524046 0.04863329 0.73608708 0.67657453 0.0205579 0.73636872 0.67562956 -0.03585673 0.73723382 0.64694685 0.19479801 0.73753405 0.66122198 0.13721934 0.73758847 -0.67522591 -0.00576603 0.73795509 0.67316359 0.04767627 0.7388218 0.64595234 -0.19206235 0.73895663 0.64428377 0.19708245 0.73902196 -0.67307538 -0.0285693 0.73910511 0.66864747 -0.0814501 0.73932368 0.67115343 0.05434621 0.73972607 0.67212343 -0.03249028 0.74051547 0.64408463 -0.19181195 0.74181646 -0.67038894 -0.01693934 0.7419647 -0.66284919 -0.10059492 0.74224246 0.66995001 0.01559504 0.7424559 0.66076225 -0.11023912 0.74304903 0.64439636 0.18064161 0.74408364 0.66808546 -0.00116366 0.744497 -0.66717768 -0.02445742 0.74646097 0.58066398 -0.32500041 0.74763948 0.60823947 -0.26660824 0.74823731 0.6529991 -0.11718811 0.75094861 0.65546626 -0.08025072 0.75102723 0.62143523 0.22310621 0.75135195 0.65885353 0.03717901 0.75143588 0.65875787 0.03717724 0.75167888 0.65850341 0.03676894 0.75175172 -0.64963806 -0.11331318 0.75186551 0.65827304 0.03708015 0.75197721 0.65816754 0.03668648 0.75212115 -0.65107954 -0.10202514 0.75247228 0.65758806 0.03692484 0.75354254 0.64091974 -0.14627217 0.75543481 0.6545735 0.02918332 0.75556773 -0.63849765 0.14641723 0.75602967 0.24352776 -0.60754704 0.75771195 0.64952368 -0.06317862 0.76453197 -0.643767 0.03247854 0.76509345 -0.4064393 0.49943879 0.76997232 -0.63394016 -0.07254366 0.77061719 0.53093266 0.3525047 0.77444828 -0.62700051 0.08426369 0.7745471 -0.62692612 0.08390713 0.77482975 -0.62654877 0.08411638 0.77483225 -0.6265043 0.08442403 0.77534801 -0.62587816 0.08433274 0.77536476 -0.62586224 0.08429652 0.77607977 -0.04746208 0.62884611 0.7764008 0.48842064 0.39830548 0.77667511 -0.58439094 0.23508078 0.78203237 -0.24852356 -0.57154304 0.78364509 -0.6207965 0.02262813 0.78366327 0.53266585 -0.31959209 0.78505057 -0.61942965 -0.00156014 0.78786319 0.46297094 0.40611517 0.79143727 0.61014694 -0.03671218 0.7914409 0.61014205 -0.03671413 0.7919808 0.60945207 -0.03653124 0.79209822 0.60928428 -0.03678672 0.79263878 0.60857272 -0.0369193 0.79286826 -0.53334689 0.29478979 0.79629827 -0.54052722 0.27154979 0.80260605 0.53931093 -0.25488684 0.80530542 -0.10533114 0.5834282 0.80644053 -0.58943313 -0.04713983 0.81541222 -0.55030453 -0.17963222 0.81885695 0.52232373 -0.2380151 0.83992463 -0.53569663 -0.08692444 0.84019011 -0.535312 -0.08672747 0.84021765 -0.53527069 -0.08671637 0.84022951 -0.53524107 -0.08678316 0.84027851 -0.53515232 -0.08685596 0.84058261 -0.53469455 -0.0867331 0.84475154 -0.52222162 0.11695836 0.85399878 0.51784194 0.05025765 0.85414004 0.51761764 0.05016756 0.85425997 0.51743245 0.05003653 0.85441542 0.51718014 0.04998973 0.85477012 0.51659864 0.04993832 0.8547796 0.51657504 0.05002232 0.87157553 -0.48255286 0.08659504 0.8717382 -0.48221168 0.08685802 0.87184727 -0.48203298 0.08675576 0.87221575 -0.48130304 0.08710375 0.87268341 -0.48180825 0.07927435 0.88140762 0.47193357 -0.01998143 0.88311028 -0.46101147 0.08709019 0.88431108 0.46427 -0.04946867 0.88472581 0.4634631 -0.04961979 0.8849746 0.46295336 -0.04994015 0.88497585 0.46295276 -0.04992435 0.8853271 0.462253 -0.05018232 0.8853609 0.46219617 -0.05010836 0.88821298 -0.30651286 -0.34223884 0.9003554 -0.42162576 -0.10766587 0.91006875 0.37408346 -0.17842704 0.9202795 -0.38148659 -0.0869122 0.92039812 -0.3812184 -0.08683188 0.92048126 -0.38101262 -0.08685356 0.92048186 -0.38101292 -0.08684713 0.92064911 -0.38062972 -0.08675352 0.93010926 0.3620626 0.06170472 0.930323 0.36153245 0.06158951 0.93040735 0.36128694 0.06175825 0.93071651 0.3605133 0.06161841 0.93833089 0.33995438 0.06297768 0.94206238 -0.32130837 0.09632973 0.94278634 -0.32189131 0.08683268 0.94278687 -0.32188976 0.08683306 0.94289076 -0.32160693 0.08675229 0.94297165 -0.32135114 0.08682144 0.94423217 0.32403874 0.05852046 0.946926 -0.0214856 0.32073274 0.95124942 0.30218372 -0.06172244 0.95125234 0.30217373 -0.06172552 0.9512561 0.30219108 -0.06158245 0.95129228 0.30215293 -0.06120985 0.95138001 0.30177072 -0.06172875 0.96191049 0.26340407 -0.07311841 0.97287416 -0.21544139 -0.08426712 0.9729048 -0.21532179 -0.08421845 0.9729082 -0.21530786 -0.08421478 0.97292084 -0.21524993 -0.08421678 0.97300076 -0.21487471 -0.08425184 0.97836554 0.19414961 0.07146132 0.97842371 0.19387528 0.07141089 0.97855037 0.19321929 0.0714535 0.97855741 -0.19135143 0.07622501 0.9785617 0.19316602 0.07144188 0.98446918 -0.15406492 0.0841686 0.98447335 -0.1540553 0.08413837 0.98450172 -0.15383027 0.08421792 0.98450398 -0.15386151 0.08413396 0.9845435 -0.15356942 0.08420531 0.98696786 -0.10865679 -0.11869346 0.9886474 0.13238795 -0.07106278 0.98865324 0.1321761 -0.07137387 0.98867041 0.13202187 -0.07142356 0.98882586 0.13080026 -0.071518 0.9893285 0.13184699 -0.06201175 0.99467707 0.06088902 0.08312682 0.99543482 -0.0412362 -0.08607669 0.99595433 -0.04276935 -0.07902905 0.9959864 -0.04201488 -0.07902959 0.99599665 -0.04186102 -0.07898243 0.99601328 0.04314379 0.07807685 0.99604028 -0.04142203 -0.07866342 0.99664253 0.02162682 0.07896866 0.99664432 0.02171126 0.07892157 0.99664956 0.02157848 0.07889143 0.99665064 0.0214056 0.07892598 0.99674469 -0.01977276 -0.07816036</float_array>
          <technique_common>
            <accessor source="#normals-array" count="10145" stride="3">
              <param name="X" type="float" />
              <param name="Y" type="float" />
              <param name="Z" type="float" />
            </accessor>
          </technique_common>
        </source>
        <vertices id="vertices">
          <input semantic="POSITION" source="#positions" />
        </vertices>
        <triangles count="10169" material="MATERIAL">
          <input semantic="VERTEX" source="#vertices" offset="0" />
          <input semantic="NORMAL" source="#normals" offset="1" />
          <p>0 5908 1 5908 2 5908 0 5883 3 5883 1 5883 4 5881 0 5881 2 5881 0 5905 5 5905 3 5905 6 5895 0 5895 4 5895 0 5884 7 5884 5 5884 8 5910 0 5910 6 5910 0 5885 9 5885 7 5885 10 5889 0 5889 8 5889 0 5906 11 5906 9 5906 12 5888 0 5888 10 5888 13 5894 0 5894 12 5894 0 5887 14 5887 11 5887 15 5891 0 5891 13 5891 0 5890 16 5890 14 5890 17 5879 0 5879 15 5879 0 5904 18 5904 16 5904 19 5870 20 5870 0 5870 21 5903 22 5903 0 5903 22 5901 23 5901 0 5901 23 5909 19 5909 0 5909 17 5882 21 5882 0 5882 24 5898 18 5898 0 5898 25 5900 26 5900 0 5900 26 5899 27 5899 0 5899 27 5896 24 5896 0 5896 28 5892 29 5892 0 5892 29 5897 30 5897 0 5897 30 5893 25 5893 0 5893 31 5878 32 5878 0 5878 32 5907 28 5907 0 5907 1 5724 33 5724 2 5724 33 6036 34 6036 2 6036 3 5259 35 5259 1 5259 35 5648 33 5648 1 5648 34 6408 36 6408 2 6408 36 6359 4 6359 2 6359 3 5272 37 5272 35 5272 5 4897 37 4897 3 4897 5 4889 38 4889 37 4889 36 6738 39 6738 4 6738 39 6742 6 6742 4 6742 7 4521 38 4521 5 4521 7 4528 40 4528 38 4528 39 7171 41 7171 6 7171 41 7168 8 7168 6 7168 9 3947 40 3947 7 3947 9 3954 42 3954 40 3954 41 9981 43 9981 8 9981 43 9977 10 9977 8 9977 11 93 42 93 9 93 11 98 44 98 42 98 43 10060 45 10060 10 10060 45 10063 12 10063 10 10063 11 66 46 66 44 66 45 10090 47 10090 12 10090 47 10089 13 10089 12 10089 14 46 46 46 11 46 14 37 48 37 46 37 47 10116 49 10116 13 10116 49 10116 15 10116 13 10116 16 12 48 12 14 12 16 13 50 13 48 13 49 10136 51 10136 15 10136 51 10137 17 10137 15 10137 18 6 50 6 16 6 18 7 52 7 50 7 51 10130 53 10130 17 10130 53 10129 21 10129 17 10129 24 29 52 29 18 29 24 30 54 30 52 30 53 10108 55 10108 21 10108 55 10110 22 10110 21 10110 27 62 54 62 24 62 27 61 56 61 54 61 55 10085 57 10085 22 10085 57 10081 23 10081 22 10081 26 85 56 85 27 85 26 88 58 88 56 88 57 10050 59 10050 23 10050 59 10052 19 10052 23 10052 25 151 58 151 26 151 25 150 60 150 58 150 59 7492 61 7492 19 7492 61 7489 20 7489 19 7489 30 4283 60 4283 25 4283 30 4278 62 4278 60 4278 61 6946 63 6946 20 6946 63 6944 0 6944 20 6944 29 4709 62 4709 30 4709 29 4705 64 4705 62 4705 65 6561 31 6561 0 6561 63 6560 65 6560 0 6560 28 5124 64 5124 29 5124 28 5076 66 5076 64 5076 65 6196 67 6196 31 6196 67 6195 32 6195 31 6195 67 5813 68 5813 32 5813 68 5741 28 5741 32 5741 68 5414 66 5414 28 5414 69 5549 70 5549 71 5549 72 5577 69 5577 71 5577 69 5550 73 5550 70 5550 74 5540 69 5540 72 5540 69 5543 75 5543 73 5543 76 5545 69 5545 74 5545 69 5526 77 5526 75 5526 78 5573 69 5573 76 5573 69 5591 79 5591 77 5591 80 5567 69 5567 78 5567 69 5474 81 5474 79 5474 82 5566 69 5566 80 5566 83 5565 69 5565 82 5565 69 5485 84 5485 85 5485 86 5564 69 5564 83 5564 87 5547 88 5547 69 5547 88 5531 84 5531 69 5531 89 5585 90 5585 69 5585 90 5572 91 5572 69 5572 91 5536 87 5536 69 5536 92 5535 93 5535 69 5535 93 5583 94 5583 69 5583 94 5527 89 5527 69 5527 95 5561 96 5561 69 5561 96 5548 97 5548 69 5548 97 5559 92 5559 69 5559 98 5552 99 5552 69 5552 99 5576 100 5576 69 5576 100 5560 95 5560 69 5560 86 5568 101 5568 69 5568 101 5537 98 5537 69 5537 70 6040 102 6040 103 6040 71 5982 70 5982 103 5982 104 5649 71 5649 103 5649 105 5266 71 5266 104 5266 73 6404 106 6404 102 6404 70 6406 73 6406 102 6406 105 5309 72 5309 71 5309 107 4893 72 4893 105 4893 107 4887 74 4887 72 4887 75 6737 108 6737 106 6737 73 6739 75 6739 106 6739 109 4522 74 4522 107 4522 109 4525 76 4525 74 4525 77 7169 110 7169 108 7169 75 7163 77 7163 108 7163 111 3951 76 3951 109 3951 111 3956 78 3956 76 3956 79 9984 112 9984 110 9984 77 9979 79 9979 110 9979 113 95 78 95 111 95 113 92 80 92 78 92 81 10061 114 10061 112 10061 79 10062 81 10062 112 10062 115 69 80 69 113 69 69 10091 116 10091 114 10091 81 10093 69 10093 114 10093 117 34 80 34 115 34 117 39 82 39 80 39 85 10115 118 10115 116 10115 69 10112 85 10112 116 10112 119 14 82 14 117 14 119 15 83 15 82 15 84 10139 120 10139 118 10139 85 10135 84 10135 118 10135 121 9 83 9 119 9 121 10 86 10 83 10 88 10131 122 10131 120 10131 84 10128 88 10128 120 10128 123 31 86 31 121 31 87 10107 124 10107 122 10107 88 10106 87 10106 122 10106 125 60 86 60 123 60 125 56 101 56 86 56 91 10082 126 10082 124 10082 87 10084 91 10084 124 10084 127 87 101 87 125 87 127 90 98 90 101 90 90 10049 128 10049 126 10049 91 10048 90 10048 126 10048 129 147 98 147 127 147 129 141 99 141 98 141 89 7502 130 7502 128 7502 90 7499 89 7499 128 7499 131 4284 99 4284 129 4284 131 4277 100 4277 99 4277 94 6940 132 6940 130 6940 89 6942 94 6942 130 6942 133 4704 100 4704 131 4704 133 4710 95 4710 100 4710 93 6565 134 6565 132 6565 94 6563 93 6563 132 6563 135 5078 95 5078 133 5078 135 5071 96 5071 95 5071 92 6192 136 6192 134 6192 93 6192 92 6192 134 6192 137 5412 96 5412 135 5412 97 5816 137 5816 136 5816 92 5817 97 5817 136 5817 97 5413 96 5413 137 5413 138 5582 139 5582 140 5582 141 5569 138 5569 140 5569 142 5539 138 5539 141 5539 138 5523 143 5523 139 5523 144 5528 138 5528 142 5528 138 5579 145 5579 143 5579 146 5584 138 5584 144 5584 138 5542 147 5542 145 5542 148 5533 138 5533 146 5533 138 5541 149 5541 147 5541 150 5562 138 5562 148 5562 138 5570 151 5570 149 5570 152 5534 138 5534 150 5534 138 5546 153 5546 151 5546 154 5590 138 5590 152 5590 138 5571 155 5571 153 5571 156 5491 138 5491 154 5491 138 5558 157 5558 155 5558 158 5586 138 5586 156 5586 159 5553 157 5553 138 5553 160 5554 161 5554 138 5554 161 5555 162 5555 138 5555 162 5556 159 5556 138 5556 163 5544 164 5544 138 5544 164 5563 160 5563 138 5563 165 5589 166 5589 138 5589 166 5551 167 5551 138 5551 167 5557 163 5557 138 5557 168 5578 169 5578 138 5578 169 5575 165 5575 138 5575 158 5592 170 5592 138 5592 139 6038 171 6038 172 6038 140 6039 139 6039 172 6039 173 5645 140 5645 172 5645 141 5646 140 5646 173 5646 174 5273 141 5273 173 5273 143 6407 175 6407 171 6407 139 6403 143 6403 171 6403 174 5273 142 5273 141 5273 176 4888 142 4888 174 4888 176 4892 144 4892 142 4892 145 6736 177 6736 175 6736 143 6741 145 6741 175 6741 178 4527 144 4527 176 4527 178 4523 146 4523 144 4523 147 7167 179 7167 177 7167 145 7170 147 7170 177 7170 180 3948 146 3948 178 3948 180 3950 148 3950 146 3950 149 9980 181 9980 179 9980 147 9976 149 9976 179 9976 182 94 148 94 180 94 182 96 150 96 148 96 151 10064 183 10064 181 10064 149 10065 151 10065 181 10065 184 68 150 68 182 68 184 67 152 67 150 67 153 10092 185 10092 183 10092 151 10092 153 10092 183 10092 186 35 152 35 184 35 186 36 154 36 152 36 155 10113 187 10113 185 10113 153 10114 155 10114 185 10114 188 17 154 17 186 17 188 16 156 16 154 16 157 10134 189 10134 187 10134 155 10144 157 10144 187 10144 190 8 156 8 188 8 190 11 158 11 156 11 157 10132 191 10132 189 10132 192 32 158 32 190 32 159 10109 193 10109 191 10109 157 10111 159 10111 191 10111 194 59 158 59 192 59 194 57 170 57 158 57 162 10083 195 10083 193 10083 159 10080 162 10080 193 10080 196 86 170 86 194 86 196 89 138 89 170 89 161 10051 197 10051 195 10051 162 10051 161 10051 195 10051 198 154 138 154 196 154 198 142 168 142 138 142 160 7495 199 7495 197 7495 161 7493 160 7493 197 7493 200 4281 168 4281 198 4281 200 4280 169 4280 168 4280 164 6945 201 6945 199 6945 160 6876 164 6876 199 6876 202 4706 169 4706 200 4706 202 4711 165 4711 169 4711 164 6562 203 6562 201 6562 204 5075 165 5075 202 5075 204 5070 166 5070 165 5070 163 6193 205 6193 203 6193 164 6307 163 6307 203 6307 206 5416 166 5416 204 5416 167 5818 206 5818 205 5818 163 5815 167 5815 205 5815 167 5415 166 5415 206 5415 207 5529 208 5529 209 5529 210 5494 207 5494 209 5494 211 5505 207 5505 210 5505 212 5504 207 5504 211 5504 213 5510 207 5510 212 5510 207 5522 214 5522 215 5522 216 5501 207 5501 213 5501 207 5503 217 5503 214 5503 218 5500 207 5500 216 5500 207 5499 219 5499 217 5499 220 5507 207 5507 218 5507 207 5519 221 5519 219 5519 222 5506 207 5506 220 5506 207 5524 223 5524 221 5524 224 5497 207 5497 222 5497 225 5511 223 5511 207 5511 226 5513 227 5513 207 5513 227 5515 228 5515 207 5515 228 5502 225 5502 207 5502 229 5514 230 5514 207 5514 230 5496 226 5496 207 5496 231 5520 232 5520 207 5520 232 5493 233 5493 207 5493 233 5516 229 5516 207 5516 234 5518 235 5518 207 5518 235 5521 236 5521 207 5521 236 5498 231 5498 207 5498 237 5517 238 5517 207 5517 238 5512 239 5512 207 5512 239 5495 234 5495 207 5495 224 5508 237 5508 207 5508 208 5380 240 5380 241 5380 209 5381 208 5381 241 5381 242 5768 209 5768 241 5768 210 5766 209 5766 242 5766 243 6154 210 6154 242 6154 208 5024 207 5024 240 5024 207 5023 244 5023 240 5023 243 6250 211 6250 210 6250 245 6512 211 6512 243 6512 215 4650 246 4650 244 4650 207 4598 215 4598 244 4598 247 6860 211 6860 245 6860 247 6831 212 6831 211 6831 215 4198 248 4198 246 4198 249 7362 212 7362 247 7362 249 7365 213 7365 212 7365 214 120 250 120 248 120 215 181 214 181 248 181 251 10039 213 10039 249 10039 251 10035 216 10035 213 10035 217 79 252 79 250 79 214 80 217 80 250 80 253 10073 216 10073 251 10073 253 10075 218 10075 216 10075 219 55 254 55 252 55 217 53 219 53 252 53 255 10102 218 10102 253 10102 255 10103 220 10103 218 10103 221 25 256 25 254 25 219 26 221 26 254 26 257 10126 220 10126 255 10126 257 10125 222 10125 220 10125 223 3 258 3 256 3 221 0 223 0 256 0 259 10142 222 10142 257 10142 259 10141 224 10141 222 10141 225 18 260 18 258 18 223 20 225 20 258 20 261 10119 224 10119 259 10119 261 10121 237 10121 224 10121 228 44 262 44 260 44 225 42 228 42 260 42 263 10095 237 10095 261 10095 263 10094 238 10094 237 10094 227 75 264 75 262 75 228 74 227 74 262 74 265 10068 238 10068 263 10068 265 10071 239 10071 238 10071 226 102 266 102 264 102 227 104 226 104 264 104 267 10022 239 10022 265 10022 267 10019 234 10019 239 10019 230 4086 268 4086 266 4086 226 4087 230 4087 266 4087 269 7249 234 7249 267 7249 269 7247 235 7247 234 7247 229 4570 270 4570 268 4570 230 4615 229 4615 268 4615 271 6808 235 6808 269 6808 271 6809 236 6809 235 6809 229 4951 272 4951 270 4951 273 6448 236 6448 271 6448 273 6447 231 6447 236 6447 233 5314 274 5314 272 5314 229 5207 233 5207 272 5207 275 6084 231 6084 273 6084 232 5702 275 5702 274 5702 233 5705 232 5705 274 5705 275 6085 232 6085 231 6085 276 5951 277 5951 278 5951 277 5935 279 5935 278 5935 277 5953 280 5953 279 5953 281 5925 277 5925 276 5925 277 5952 282 5952 280 5952 277 5945 283 5945 282 5945 284 5922 277 5922 281 5922 277 5886 285 5886 283 5886 286 5929 277 5929 284 5929 277 5949 287 5949 285 5949 288 5934 277 5934 286 5934 277 5989 289 5989 287 5989 290 5933 277 5933 288 5933 291 5932 277 5932 290 5932 292 5930 277 5930 291 5930 277 5983 293 5983 294 5983 295 5912 296 5912 277 5912 296 5966 297 5966 277 5966 297 5969 298 5969 277 5969 299 5940 300 5940 277 5940 300 5936 295 5936 277 5936 301 5919 302 5919 277 5919 302 5947 303 5947 277 5947 303 5942 299 5942 277 5942 292 5938 304 5938 277 5938 304 5943 301 5943 277 5943 305 5962 306 5962 277 5962 306 5963 293 5963 277 5963 298 5902 307 5902 277 5902 307 5931 308 5931 277 5931 308 5961 305 5961 277 5961 279 5772 309 5772 278 5772 309 5376 310 5376 278 5376 310 5377 276 5377 278 5377 280 6151 311 6151 279 6151 311 5773 309 5773 279 5773 310 5020 312 5020 276 5020 312 4941 281 4941 276 4941 280 6153 313 6153 311 6153 282 6513 313 6513 280 6513 282 6510 314 6510 313 6510 312 4652 315 4652 281 4652 283 6863 314 6863 282 6863 283 6864 316 6864 314 6864 315 4201 317 4201 281 4201 317 4262 284 4262 281 4262 285 7363 316 7363 283 7363 285 7367 318 7367 316 7367 317 116 319 116 284 116 319 115 286 115 284 115 287 10034 318 10034 285 10034 287 10037 320 10037 318 10037 319 82 321 82 286 82 321 83 288 83 286 83 289 10076 320 10076 287 10076 289 10074 322 10074 320 10074 321 54 323 54 288 54 323 51 290 51 288 51 277 10101 322 10101 289 10101 277 10100 324 10100 322 10100 323 24 325 24 290 24 325 27 291 27 290 27 294 10124 324 10124 277 10124 294 10122 326 10122 324 10122 325 2 327 2 291 2 327 1 292 1 291 1 293 10143 326 10143 294 10143 293 10140 328 10140 326 10140 327 21 329 21 292 21 329 28 304 28 292 28 306 10118 328 10118 293 10118 306 10117 330 10117 328 10117 329 40 331 40 304 40 305 10096 330 10096 306 10096 305 10097 332 10097 330 10097 331 73 333 73 304 73 333 70 301 70 304 70 308 10072 332 10072 305 10072 308 10067 334 10067 332 10067 333 111 335 111 301 111 335 101 302 101 301 101 307 10021 334 10021 308 10021 307 10018 336 10018 334 10018 335 4095 303 4095 302 4095 298 7245 336 7245 307 7245 298 7255 337 7255 336 7255 335 4490 338 4490 303 4490 338 4572 299 4572 303 4572 297 6803 337 6803 298 6803 297 6801 339 6801 337 6801 338 4948 340 4948 299 4948 340 5032 300 5032 299 5032 296 6449 339 6449 297 6449 296 6453 341 6453 339 6453 340 5316 342 5316 300 5316 295 6090 341 6090 296 6090 342 5701 343 5701 300 5701 343 5655 295 5655 300 5655 295 6087 343 6087 341 6087 344 5950 345 5950 346 5950 345 5928 347 5928 346 5928 345 5957 348 5957 347 5957 349 5956 345 5956 344 5956 345 5880 350 5880 348 5880 351 5926 345 5926 349 5926 345 5920 352 5920 350 5920 353 5946 345 5946 351 5946 345 5911 354 5911 352 5911 355 5939 345 5939 353 5939 356 5941 345 5941 355 5941 357 5944 345 5944 356 5944 345 5918 358 5918 359 5918 360 5937 345 5937 357 5937 345 5916 361 5916 358 5916 362 5960 363 5960 345 5960 363 5965 364 5965 345 5965 364 5914 365 5914 345 5914 366 5970 367 5970 345 5970 367 5915 368 5915 345 5915 368 5921 362 5921 345 5921 369 5955 370 5955 345 5955 370 5954 371 5954 345 5954 371 5917 366 5917 345 5917 360 5924 372 5924 345 5924 372 5948 373 5948 345 5948 373 5923 369 5923 345 5923 374 5913 361 5913 345 5913 365 5958 375 5958 345 5958 375 5927 376 5927 345 5927 376 5959 374 5959 345 5959 347 5764 377 5764 346 5764 377 5382 378 5382 346 5382 378 5378 344 5378 346 5378 348 6157 379 6157 347 6157 379 5769 377 5769 347 5769 378 5021 380 5021 344 5021 380 5019 349 5019 344 5019 348 6150 381 6150 379 6150 350 6506 381 6506 348 6506 350 6509 382 6509 381 6509 380 4653 383 4653 349 4653 383 4654 351 4654 349 4654 352 6866 382 6866 350 6866 352 6865 384 6865 382 6865 383 4197 385 4197 351 4197 385 4195 353 4195 351 4195 354 7358 384 7358 352 7358 354 7358 386 7358 384 7358 385 117 387 117 353 117 387 121 355 121 353 121 345 10036 386 10036 354 10036 345 10038 388 10038 386 10038 387 84 389 84 355 84 389 81 356 81 355 81 359 10079 388 10079 345 10079 359 10077 390 10077 388 10077 389 52 391 52 356 52 391 41 357 41 356 41 359 10099 392 10099 390 10099 391 23 393 23 357 23 358 10120 392 10120 359 10120 358 10123 394 10123 392 10123 393 4 395 4 357 4 395 5 360 5 357 5 361 10138 394 10138 358 10138 361 10133 396 10133 394 10133 395 19 397 19 360 19 397 22 372 22 360 22 397 45 398 45 372 45 398 43 373 43 372 43 374 10104 396 10104 361 10104 374 10098 399 10098 396 10098 398 72 400 72 373 72 400 76 369 76 373 76 376 10070 399 10070 374 10070 376 10069 401 10069 399 10069 400 105 402 105 369 105 402 103 370 103 369 103 375 10024 401 10024 376 10024 375 10017 403 10017 401 10017 402 4084 404 4084 370 4084 404 4083 371 4083 370 4083 365 7244 403 7244 375 7244 365 7253 405 7253 403 7253 404 4576 406 4576 371 4576 406 4571 366 4571 371 4571 364 6802 405 6802 365 6802 364 6806 407 6806 405 6806 406 4944 408 4944 366 4944 408 4945 367 4945 366 4945 363 6452 407 6452 364 6452 363 6451 409 6451 407 6451 408 5318 410 5318 367 5318 410 5317 368 5317 367 5317 362 6089 409 6089 363 6089 410 5704 411 5704 368 5704 411 5698 362 5698 368 5698 362 6083 411 6083 409 6083 412 7632 413 7632 414 7632 413 9919 415 9919 414 9919 416 6772 413 6772 412 6772 417 6726 413 6726 416 6726 415 6646 418 6646 414 6646 418 6762 419 6762 414 6762 418 5659 420 5659 419 5659 421 5276 417 5276 416 5276 422 5181 417 5181 421 5181 418 5089 423 5089 420 5089 423 4365 424 4365 420 4365 424 3959 423 3959 421 3959 423 3688 422 3688 421 3688 425 9946 426 9946 427 9946 426 7322 428 7322 427 7322 429 7151 425 7151 427 7151 426 6907 430 6907 428 6907 430 6284 431 6284 428 6284 432 6388 425 6388 429 6388 433 5993 432 5993 429 5993 430 5780 434 5780 431 5780 435 5077 432 5077 433 5077 436 4766 435 4766 433 4766 434 4744 437 4744 431 4744 434 4597 438 4597 437 4597 437 3611 435 3611 436 3611 438 3531 435 3531 437 3531 439 7395 440 7395 441 7395 442 7723 439 7723 441 7723 439 6973 443 6973 440 6973 444 6434 442 6434 441 6434 443 6422 445 6422 440 6422 443 5759 446 5759 445 5759 447 5319 448 5319 444 5319 448 5525 442 5525 444 5525 446 5163 449 5163 445 5163 446 4607 450 4607 449 4607 451 4120 448 4120 447 4120 450 3761 451 3761 449 3761 450 4054 448 4054 451 4054 452 7661 453 7661 454 7661 452 9865 455 9865 453 9865 456 6922 452 6922 454 6922 457 6659 452 6659 456 6659 455 6363 458 6363 453 6363 455 6279 459 6279 458 6279 460 5426 457 5426 456 5426 461 5041 457 5041 460 5041 459 4753 462 4753 458 4753 459 4734 463 4734 462 4734 462 335 461 335 460 335 463 3797 461 3797 462 3797 464 9993 465 9993 466 9993 467 7294 464 7294 466 7294 468 6793 464 6793 467 6793 465 6912 469 6912 466 6912 470 6263 468 6263 467 6263 465 6672 471 6672 469 6672 471 5866 472 5866 469 5866 471 5429 473 5429 472 5429 474 4915 468 4915 470 4915 475 4862 468 4862 474 4862 473 4430 476 4430 472 4430 473 4184 475 4184 476 4184 476 166 475 166 474 166 477 7215 478 7215 479 7215 478 7642 480 7642 479 7642 480 7192 481 7192 479 7192 480 6923 482 6923 481 6923 483 6413 478 6413 477 6413 482 6010 484 6010 481 6010 485 5679 483 5679 477 5679 482 5460 486 5460 484 5460 487 4821 483 4821 485 4821 486 4363 488 4363 484 4363 488 3710 487 3710 485 3710 486 4183 487 4183 488 4183 489 7388 490 7388 491 7388 492 7272 490 7272 489 7272 490 7478 493 7478 491 7478 494 6321 492 6321 489 6321 493 6115 495 6115 491 6115 495 6277 496 6277 491 6277 497 5580 492 5580 494 5580 498 4823 497 4823 494 4823 495 4737 499 4737 496 4737 495 4635 500 4635 499 4635 500 4142 497 4142 498 4142 499 171 500 171 498 171 501 7162 502 7162 503 7162 504 7687 501 7687 503 7687 505 6595 504 6595 503 6595 501 6978 506 6978 502 6978 506 5731 507 5731 502 5731 508 5303 509 5303 505 5303 509 5483 504 5483 505 5483 507 5446 510 5446 502 5446 507 4574 511 4574 510 4574 511 4282 512 4282 510 4282 512 3881 509 3881 508 3881 511 3933 509 3933 512 3933 513 7373 514 7373 515 7373 516 7399 514 7399 513 7399 514 6910 517 6910 515 6910 517 6477 518 6477 515 6477 519 6182 516 6182 513 6182 517 5160 520 5160 518 5160 521 4959 522 4959 519 4959 522 5271 516 5271 519 5271 517 5108 523 5108 520 5108 523 3637 522 3637 520 3637 522 272 521 272 520 272 524 3994 525 3994 526 3994 527 3971 525 3971 524 3971 527 3991 528 3991 525 3991 527 4634 529 4634 528 4634 529 4695 530 4695 528 4695 529 5366 531 5366 530 5366 531 5419 532 5419 530 5419 533 6194 534 6194 531 6194 534 6217 532 6217 531 6217 533 6711 535 6711 534 6711 533 6829 536 6829 535 6829 537 7614 538 7614 535 7614 536 7675 537 7675 535 7675 539 7442 540 7442 541 7442 537 7465 540 7465 539 7465 538 7467 537 7467 539 7467 540 9989 542 9989 541 9989 542 7326 543 7326 541 7326 542 7069 544 7069 543 7069 545 7041 544 7041 542 7041 546 7056 544 7056 545 7056 546 7042 547 7042 544 7042 548 7067 547 7067 546 7067 548 6124 549 6124 547 6124 548 6134 550 6134 549 6134 551 6132 550 6132 548 6132 551 6130 552 6130 550 6130 551 6131 553 6131 552 6131 554 6129 553 6129 551 6129 555 5418 556 5418 553 5418 554 5617 555 5617 553 5617 555 4692 557 4692 556 4692 558 4689 557 4689 555 4689 558 6188 559 6188 557 6188 558 6426 560 6426 559 6426 560 7694 561 7694 562 7694 559 7729 560 7729 562 7729 563 6282 564 6282 565 6282 566 6292 564 6292 563 6292 561 7127 566 7127 563 7127 562 7286 561 7286 563 7286 567 5332 568 5332 569 5332 570 5333 567 5333 569 5333 571 5334 567 5334 570 5334 572 5335 571 5335 570 5335 564 5336 571 5336 572 5336 565 5337 564 5337 572 5337 525 8915 573 8915 526 8915 573 8182 574 8182 526 8182 515 9368 518 9368 525 9368 513 9148 515 9148 525 9148 528 9488 513 9488 525 9488 518 8857 573 8857 525 8857 528 8121 519 8121 513 8121 520 8299 573 8299 518 8299 528 9327 521 9327 519 9327 528 8314 573 8314 521 8314 521 8474 573 8474 520 8474 532 9384 573 9384 528 9384 416 9326 412 9326 573 9326 414 9377 574 9377 573 9377 532 9337 416 9337 573 9337 412 9243 414 9243 573 9243 414 8096 419 8096 574 8096 541 8880 543 8880 574 8880 419 9129 420 9129 574 9129 420 8686 541 8686 574 8686 543 8758 575 8758 574 8758 575 8727 494 8727 574 8727 494 8600 489 8600 574 8600 489 9202 491 9202 574 9202 491 8528 576 8528 574 8528 530 8335 532 8335 528 8335 532 8683 421 8683 416 8683 420 8934 539 8934 541 8934 424 9354 539 9354 420 9354 532 8274 539 8274 424 8274 532 8747 424 8747 421 8747 496 9350 576 9350 491 9350 575 8357 498 8357 494 8357 499 8116 576 8116 496 8116 575 9309 576 9309 499 9309 575 8341 499 8341 498 8341 534 8413 538 8413 532 8413 538 8550 539 8550 532 8550 544 9417 508 9417 543 9417 508 8015 505 8015 543 8015 505 8060 503 8060 543 8060 503 9262 575 9262 543 9262 503 8298 502 8298 575 8298 502 8609 544 8609 575 8609 544 8856 576 8856 575 8856 510 8975 544 8975 502 8975 512 9366 544 9366 510 9366 544 7875 512 7875 508 7875 535 9660 538 9660 534 9660 577 9583 578 9583 576 9583 579 9258 577 9258 576 9258 578 8445 569 8445 576 8445 544 8853 580 8853 576 8853 580 8159 579 8159 576 8159 581 9240 569 9240 578 9240 582 8361 569 8361 581 8361 580 9763 569 9763 582 9763 547 9142 485 9142 544 9142 485 8446 477 8446 544 8446 477 9267 479 9267 544 9267 479 8490 580 8490 544 8490 547 8675 569 8675 580 8675 479 9159 481 9159 580 9159 481 8720 484 8720 580 8720 484 8628 547 8628 580 8628 488 9420 547 9420 484 9420 547 7919 488 7919 485 7919 456 8745 454 8745 569 8745 472 8765 456 8765 569 8765 466 8698 469 8698 569 8698 469 9491 472 9491 569 9491 547 8682 466 8682 569 8682 454 8718 453 8718 569 8718 453 8631 570 8631 569 8631 467 9433 466 9433 547 9433 549 8978 470 8978 547 8978 470 8536 467 8536 547 8536 458 9564 570 9564 453 9564 472 8184 460 8184 456 8184 462 8306 570 8306 458 8306 472 9609 462 9609 460 9609 472 9539 570 9539 462 9539 474 7923 470 7923 549 7923 550 9147 474 9147 549 9147 550 8861 570 8861 472 8861 476 8962 550 8962 472 8962 550 8368 476 8368 474 8368 550 8700 572 8700 570 8700 552 8850 572 8850 550 8850 552 8846 441 8846 572 8846 440 9113 445 9113 572 9113 441 9067 440 9067 572 9067 429 9100 427 9100 572 9100 427 8543 428 8543 572 8543 428 8989 565 8989 572 8989 445 8995 429 8995 572 8995 444 8467 441 8467 552 8467 431 6455 565 6455 428 6455 445 8676 433 8676 429 8676 445 9257 436 9257 433 9257 437 9156 565 9156 431 9156 445 8025 437 8025 436 8025 445 9114 565 9114 437 9114 447 9565 444 9565 552 9565 553 8582 447 8582 552 8582 449 8205 562 8205 445 8205 562 8388 565 8388 445 8388 553 8591 451 8591 447 8591 451 8927 562 8927 449 8927 553 8548 562 8548 451 8548 556 9360 562 9360 553 9360 559 8743 562 8743 556 8743 557 8475 559 8475 556 8475 562 9215 563 9215 565 9215 583 4398 584 4398 574 4398 576 4423 583 4423 574 4423 585 4420 583 4420 576 4420 569 4422 568 4422 576 4422 568 4425 585 4425 576 4425 584 253 524 253 526 253 574 3814 584 3814 526 3814 517 1863 514 1863 524 1863 514 2511 527 2511 524 2511 413 1582 523 1582 524 1582 523 991 517 991 524 991 584 1018 413 1018 524 1018 516 669 527 669 514 669 522 3004 527 3004 516 3004 413 1341 527 1341 522 1341 413 2280 522 2280 523 2280 537 2274 527 2274 413 2274 417 2718 537 2718 413 2718 584 3104 415 3104 413 3104 418 1087 415 1087 584 1087 542 2427 418 2427 584 2427 490 2723 492 2723 584 2723 492 2611 586 2611 584 2611 586 2371 542 2371 584 2371 583 1199 493 1199 584 1199 493 2990 490 2990 584 2990 537 1901 531 1901 527 1901 531 807 529 807 527 807 542 78 540 78 418 78 422 2809 537 2809 417 2809 540 2900 423 2900 418 2900 423 2177 537 2177 422 2177 540 2368 537 2368 423 2368 537 1438 533 1438 531 1438 583 3310 495 3310 493 3310 492 1613 497 1613 586 1613 583 1258 500 1258 495 1258 500 3252 586 3252 497 3252 583 2712 586 2712 500 2712 501 1047 504 1047 542 1047 504 1156 509 1156 542 1156 509 2650 545 2650 542 2650 586 2040 501 2040 542 2040 506 1000 501 1000 586 1000 583 1654 545 1654 586 1654 545 1483 507 1483 586 1483 507 2157 506 2157 586 2157 585 1703 545 1703 583 1703 545 2908 511 2908 507 2908 511 1065 545 1065 509 1065 537 3431 536 3431 533 3431 546 2131 545 2131 585 2131 587 939 588 939 585 939 588 1332 589 1332 585 1332 568 1357 590 1357 585 1357 590 3550 587 3550 585 3550 589 2328 591 2328 585 2328 591 2207 546 2207 585 2207 592 2928 591 2928 589 2928 568 2651 593 2651 590 2651 593 1108 591 1108 592 1108 568 2555 591 2555 593 2555 480 718 478 718 546 718 478 2730 483 2730 546 2730 483 788 487 788 546 788 487 2821 548 2821 546 2821 591 2195 480 2195 546 2195 482 773 480 773 591 773 548 1142 482 1142 591 1142 568 1917 548 1917 591 1917 548 3229 486 3229 482 3229 548 1202 487 1202 486 1202 473 3565 471 3565 568 3565 471 1161 465 1161 568 1161 465 1495 464 1495 568 1495 464 2238 548 2238 568 2238 452 1998 457 1998 568 1998 457 2201 473 2201 568 2201 455 1745 452 1745 568 1745 567 1718 455 1718 568 1718 464 1342 468 1342 548 1342 567 2955 459 2955 455 2955 461 977 473 977 457 977 567 2661 463 2661 459 2661 463 3134 473 3134 461 3134 567 2514 473 2514 463 2514 468 1653 551 1653 548 1653 567 1780 551 1780 473 1780 475 2606 551 2606 468 2606 551 1429 475 1429 473 1429 571 1829 439 1829 567 1829 439 1728 551 1728 567 1728 446 1059 443 1059 571 1059 443 2562 439 2562 571 2562 426 1850 425 1850 571 1850 564 2420 430 2420 571 2420 430 1269 426 1269 571 1269 425 2047 446 2047 571 2047 439 3088 442 3088 551 3088 432 3201 446 3201 425 3201 564 880 434 880 430 880 435 1314 446 1314 432 1314 564 1008 438 1008 434 1008 564 2954 435 2954 438 2954 564 1792 446 1792 435 1792 442 1717 448 1717 551 1717 448 1651 554 1651 551 1651 564 2160 561 2160 446 2160 561 1356 450 1356 446 1356 450 1565 554 1565 448 1565 561 1791 555 1791 450 1791 555 835 554 835 450 835 561 2376 560 2376 555 2376 560 2149 558 2149 555 2149 566 3228 561 3228 564 3228 588 9951 587 9951 577 9951 587 7259 578 7259 577 7259 587 6890 590 6890 578 6890 579 6732 589 6732 577 6732 589 6578 588 6578 577 6578 590 5634 581 5634 578 5634 580 5230 589 5230 579 5230 592 5059 589 5059 580 5059 590 4993 593 4993 581 4993 593 4288 582 4288 581 4288 582 3802 592 3802 580 3802 593 3873 592 3873 582 3873 594 38 595 38 596 38 595 1133 597 1133 596 1133 598 1071 597 1071 595 1071 597 1533 599 1533 596 1533 600 107 601 107 596 107 601 3382 602 3382 596 3382 599 3780 603 3780 596 3780 603 206 600 206 596 206 601 3747 604 3747 602 3747 604 316 605 316 602 316 605 1434 606 1434 602 1434 607 4362 597 4362 598 4362 608 4965 607 4965 598 4965 609 1557 606 1557 605 1557 599 3868 609 3868 603 3868 599 1163 606 1163 609 1163 610 2633 611 2633 602 2633 606 2922 610 2922 602 2922 597 3566 612 3566 599 3566 613 6373 606 6373 599 6373 614 579 612 579 597 579 615 3624 616 3624 597 3624 606 586 615 586 597 586 616 548 614 548 597 548 617 365 606 365 613 365 615 139 606 139 617 139 618 2949 619 2949 611 2949 619 930 620 930 611 930 621 2882 622 2882 611 2882 622 3469 623 3469 611 3469 623 546 618 546 611 546 610 2129 621 2129 611 2129 624 302 620 302 619 302 621 4236 625 4236 622 4236 626 4106 620 4106 624 4106 621 33 626 33 625 33 621 63 620 63 626 63 621 1986 627 1986 620 1986 628 3803 629 3803 621 3803 630 1953 627 1953 621 1953 631 1937 630 1937 621 1937 629 457 631 457 621 457 610 375 628 375 621 375 632 3874 633 3874 610 3874 630 725 632 725 610 725 633 186 628 186 610 186 630 3647 634 3647 632 3647 635 2762 630 2762 631 2762 630 973 635 973 634 973 636 1955 627 1955 630 1955 637 1380 638 1380 627 1380 638 3501 639 3501 627 3501 639 2710 640 2710 627 2710 640 508 641 508 627 508 637 3742 642 3742 638 3742 643 3920 641 3920 640 3920 637 3876 644 3876 642 3876 637 173 643 173 644 173 637 225 641 225 643 225 645 2467 641 2467 637 2467 646 113 647 113 637 113 627 3600 646 3600 637 3600 647 341 648 341 637 341 649 2435 645 2435 637 2435 650 3027 649 3027 637 3027 648 2457 650 2457 637 2457 651 4192 652 4192 627 4192 652 4009 646 4009 627 4009 636 663 651 663 627 663 650 3175 653 3175 636 3175 653 3787 651 3787 636 3787 653 1245 650 1245 648 1245 654 3152 655 3152 649 3152 655 2708 645 2708 649 2708 645 2748 656 2748 641 2748 657 330 654 330 649 330 658 3673 657 3673 649 3673 658 208 659 208 657 208 660 3479 645 3479 655 3479 658 179 661 179 659 179 662 274 645 274 660 274 658 3689 662 3689 661 3689 658 3419 645 3419 662 3419 645 3910 663 3910 656 3910 663 284 664 284 656 284 664 286 665 286 656 286 665 2644 666 2644 656 2644 666 3854 667 3854 645 3854 658 1603 666 1603 645 1603 666 263 668 263 667 263 669 3151 666 3151 665 3151 668 626 666 626 669 626 670 2906 671 2906 658 2906 671 481 672 481 658 481 673 2481 670 2481 658 2481 674 1804 666 1804 658 1804 672 3322 674 3322 658 3322 673 4134 675 4134 670 4134 676 124 674 124 672 124 673 275 677 275 675 275 678 3889 674 3889 676 3889 673 2746 679 2746 677 2746 680 3771 674 3771 678 3771 679 1713 681 1713 677 1713 679 2454 680 2454 681 2454 679 704 674 704 680 704 682 3738 683 3738 666 3738 674 370 682 370 666 370 683 3739 684 3739 666 3739 684 492 685 492 666 492 686 4061 682 4061 674 4061 679 1828 687 1828 674 1828 688 3664 686 3664 674 3664 687 386 688 386 674 386 689 533 685 533 684 533 679 2861 690 2861 687 2861 691 429 685 429 689 429 679 2461 685 2461 690 2461 685 1598 691 1598 690 1598 692 2648 679 2648 673 2648 693 1197 679 1197 692 1197 694 433 693 433 692 433 695 215 693 215 694 215 679 819 696 819 685 819 697 640 698 640 679 640 698 3507 696 3507 679 3507 699 7680 700 7680 701 7680 700 7525 702 7525 701 7525 703 6933 704 6933 701 6933 704 6913 699 6913 701 6913 700 6350 705 6350 702 6350 700 6297 706 6297 705 6297 707 5771 704 5771 703 5771 708 5651 704 5651 707 5651 706 4871 709 4871 705 4871 710 4360 708 4360 707 4360 706 4645 711 4645 709 4645 711 4186 708 4186 710 4186 711 281 710 281 709 281 712 9700 713 9700 714 9700 713 7339 715 7339 714 7339 715 7426 716 7426 714 7426 717 6508 713 6508 712 6508 716 6582 718 6582 714 6582 719 6367 713 6367 717 6367 716 5994 720 5994 718 5994 720 5287 721 5287 718 5287 722 5145 723 5145 717 5145 723 5011 719 5011 717 5011 720 4616 724 4616 721 4616 724 4107 725 4107 721 4107 725 3811 723 3811 722 3811 724 3877 723 3877 725 3877 726 7576 727 7576 728 7576 729 7600 727 7600 726 7600 727 7222 730 7222 728 7222 727 7228 731 7228 730 7228 732 6285 733 6285 726 6285 733 6329 729 6329 726 6329 731 6281 734 6281 730 6281 734 6156 735 6156 730 6156 736 5006 737 5006 732 5006 737 5045 733 5045 732 5045 734 4940 738 4940 735 4940 734 4946 739 4946 738 4946 738 279 737 279 736 279 739 3750 737 3750 738 3750 740 7619 741 7619 742 7619 741 7341 743 7341 742 7341 744 7105 740 7105 742 7105 741 7336 745 7336 743 7336 746 6538 740 6538 744 6538 745 6264 747 6264 743 6264 747 5831 748 5831 743 5831 749 5709 746 5709 744 5709 750 5220 746 5220 749 5220 751 4581 750 4581 749 4581 747 4585 752 4585 748 4585 752 4488 753 4488 748 4488 752 4199 750 4199 751 4199 753 200 752 200 751 200 754 7436 755 7436 756 7436 755 7703 757 7703 756 7703 758 7093 755 7093 754 7093 759 6445 758 6445 754 6445 757 6346 760 6346 756 6346 757 6324 761 6324 760 6324 762 5971 758 5971 759 5971 763 5140 762 5140 759 5140 761 5299 764 5299 760 5299 764 4606 765 4606 760 4606 766 4555 762 4555 763 4555 764 4266 766 4266 765 4266 765 146 766 146 763 146 767 9973 768 9973 769 9973 768 7264 770 7264 769 7264 771 7075 767 7075 769 7075 768 6610 772 6610 770 6610 773 6116 774 6116 771 6116 774 6239 767 6239 771 6239 772 5861 775 5861 770 5861 776 4748 774 4748 773 4748 772 4898 777 4898 775 4898 777 4617 778 4617 775 4617 779 4627 774 4627 776 4627 777 3583 776 3583 778 3583 777 271 779 271 776 271 780 7548 781 7548 782 7548 783 8144 780 8144 782 8144 780 7236 784 7236 781 7236 785 6804 783 6804 782 6804 784 6618 786 6618 781 6618 787 6570 783 6570 785 6570 784 5787 788 5787 786 5787 789 5682 790 5682 785 5682 790 5465 787 5465 785 5465 784 5851 791 5851 788 5851 792 4542 790 4542 789 4542 791 4758 793 4758 788 4758 793 4608 794 4608 788 4608 795 4372 790 4372 792 4372 793 3872 795 3872 794 3872 795 212 792 212 794 212 796 7406 797 7406 798 7406 799 7737 796 7737 798 7737 800 6928 799 6928 798 6928 796 7287 801 7287 797 7287 802 6464 799 6464 800 6464 801 6245 803 6245 797 6245 803 5863 804 5863 797 5863 805 5652 802 5652 800 5652 806 4637 807 4637 805 4637 807 4776 802 4776 805 4776 803 4896 808 4896 804 4896 808 4381 809 4381 804 4381 809 222 807 222 806 222 808 3904 807 3904 809 3904 810 7653 811 7653 812 7653 811 7641 813 7641 812 7641 813 6717 814 6717 812 6717 815 6390 816 6390 810 6390 816 6525 811 6525 810 6525 814 6478 817 6478 812 6478 814 5277 818 5277 817 5277 819 5151 816 5151 815 5151 820 4912 819 4912 815 4912 814 5063 821 5063 818 5063 821 4044 822 4044 818 4044 822 3895 819 3895 820 3895 821 3964 819 3964 822 3964 823 7361 824 7361 825 7361 824 9926 826 9926 825 9926 827 7189 824 7189 823 7189 826 6956 828 6956 825 6956 826 6707 829 6707 828 6707 830 6158 827 6158 823 6158 831 6004 827 6004 830 6004 829 5633 832 5633 828 5633 833 4849 831 4849 830 4849 829 5174 834 5174 832 5174 834 4468 835 4468 832 4468 836 4554 831 4554 833 4554 835 226 836 226 833 226 834 4130 836 4130 835 4130 837 7413 838 7413 839 7413 840 7617 837 7617 839 7617 837 7310 841 7310 838 7310 842 6834 840 6834 839 6834 843 6589 840 6589 842 6589 841 6369 844 6369 838 6369 841 6278 845 6278 844 6278 846 5391 843 5391 842 5391 847 5284 843 5284 846 5284 845 4961 848 4961 844 4961 845 4971 849 4971 848 4971 850 4290 847 4290 846 4290 848 127 850 127 846 127 849 4000 850 4000 848 4000 851 7449 852 7449 853 7449 854 7472 852 7472 851 7472 855 6011 856 6011 857 6011 856 5752 858 5752 857 5752 851 6837 853 6837 855 6837 853 6684 856 6684 855 6684 859 5262 860 5262 861 5262 860 5253 862 5253 861 5253 863 5245 864 5245 859 5245 864 5233 860 5233 859 5233 865 5244 864 5244 863 5244 866 5237 865 5237 863 5237 867 5250 868 5250 866 5250 868 5246 865 5246 866 5246 869 5235 870 5235 867 5235 870 5252 868 5252 867 5252 857 5258 858 5258 869 5258 858 5236 870 5236 869 5236 871 134 872 134 873 134 861 4442 871 4442 873 4442 862 4568 871 4568 861 4568 874 3993 873 3993 872 3993 874 3976 875 3976 873 3976 874 4471 876 4471 875 4471 874 4573 877 4573 876 4573 877 5357 878 5357 876 5357 877 5618 879 5618 878 5618 880 6207 881 6207 879 6207 881 6230 878 6230 879 6230 880 6206 882 6206 881 6206 883 6209 882 6209 880 6209 883 6211 884 6211 882 6211 885 6210 884 6210 883 6210 886 6208 884 6208 885 6208 886 6216 887 6216 884 6216 886 6225 888 6225 887 6225 889 6203 888 6203 886 6203 890 6224 891 6224 889 6224 891 6204 888 6204 889 6204 782 8996 861 8996 873 8996 785 8392 782 8392 873 8392 892 9003 789 9003 873 9003 789 9761 785 9761 873 9761 782 9029 781 9029 861 9029 781 8206 786 8206 861 8206 786 8637 859 8637 861 8637 788 9653 859 9653 786 9653 892 8287 792 8287 789 8287 794 9097 859 9097 788 9097 892 8823 859 8823 792 8823 792 8099 859 8099 794 8099 878 8724 701 8724 875 8724 701 8941 873 8941 875 8941 876 9418 878 9418 875 9418 701 9528 702 9528 873 9528 702 8620 705 8620 873 8620 881 8737 892 8737 873 8737 705 8754 881 8754 873 8754 703 9456 701 9456 878 9456 707 8102 703 8102 878 8102 881 8500 707 8500 878 8500 709 9285 881 9285 705 9285 881 8452 710 8452 707 8452 710 8304 881 8304 709 8304 800 8645 798 8645 859 8645 892 8903 800 8903 859 8903 798 9256 797 9256 859 9256 797 8596 863 8596 859 8596 804 8353 863 8353 797 8353 892 9636 805 9636 800 9636 892 7918 806 7918 805 7918 809 8793 863 8793 804 8793 892 8480 863 8480 806 8480 863 9570 809 9570 806 9570 712 8318 714 8318 881 8318 717 9119 712 9119 881 9119 882 9229 717 9229 881 9229 714 8839 892 8839 881 8839 714 9106 718 9106 892 9106 718 8731 882 8731 892 8731 882 8819 893 8819 892 8819 893 8810 863 8810 892 8810 721 9293 882 9293 718 9293 882 8284 722 8284 717 8284 725 8587 882 8587 721 8587 882 8246 725 8246 722 8246 894 9187 895 9187 863 9187 893 8784 894 8784 863 8784 895 8268 896 8268 863 8268 896 9330 866 9330 863 9330 897 7914 866 7914 896 7914 893 9234 898 9234 894 9234 899 8590 866 8590 897 8590 866 9281 899 9281 898 9281 893 8710 866 8710 898 8710 884 9359 732 9359 882 9359 732 8254 726 8254 882 8254 726 9182 728 9182 882 9182 728 8871 893 8871 882 8871 728 9758 730 9758 893 9758 730 8030 735 8030 893 8030 735 8868 884 8868 893 8868 884 8059 736 8059 732 8059 738 8465 884 8465 735 8465 884 9031 738 9031 736 9031 744 8437 742 8437 884 8437 742 8763 893 8763 884 8763 743 8825 756 8825 893 8825 742 8420 743 8420 893 8420 756 8896 760 8896 893 8896 760 8854 866 8854 893 8854 815 9473 810 9473 866 9473 760 8986 815 8986 866 8986 810 8561 812 8561 866 8561 812 9167 817 9167 866 9167 817 9242 867 9242 866 9242 818 9286 867 9286 817 9286 760 8049 820 8049 815 8049 822 8442 867 8442 818 8442 760 9348 822 9348 820 9348 749 9306 744 9306 884 9306 887 8961 749 8961 884 8961 748 9645 756 9645 743 9645 887 9416 751 9416 749 9416 753 8260 756 8260 748 8260 887 9005 756 9005 753 9005 887 9336 753 9336 751 9336 823 8589 867 8589 822 8589 760 8788 830 8788 822 8788 830 9278 823 9278 822 9278 823 8459 825 8459 867 8459 825 8313 828 8313 867 8313 828 9338 869 9338 867 9338 832 8003 869 8003 828 8003 760 8250 833 8250 830 8250 835 9317 869 9317 832 9317 760 9661 835 9661 833 9661 760 8867 869 8867 835 8867 754 9033 756 9033 887 9033 759 8037 754 8037 887 8037 888 9095 763 9095 887 9095 763 9884 759 9884 887 9884 765 9194 888 9194 760 9194 888 8307 765 8307 763 8307 770 8636 760 8636 888 8636 770 8804 869 8804 760 8804 842 9220 839 9220 869 9220 770 8730 842 8730 869 8730 839 8285 838 8285 869 8285 838 9748 844 9748 869 9748 844 8032 857 8032 869 8032 770 8151 846 8151 842 8151 848 9380 857 9380 844 9380 770 9655 848 9655 846 9655 770 9084 857 9084 848 9084 771 8350 769 8350 888 8350 769 9347 770 9347 888 9347 775 9708 854 9708 770 9708 851 8110 857 8110 770 8110 773 8570 771 8570 888 8570 891 8352 773 8352 888 8352 851 7909 855 7909 857 7909 891 8943 776 8943 773 8943 778 8225 854 8225 775 8225 891 9060 854 9060 778 9060 776 8769 891 8769 778 8769 851 8560 770 8560 854 8560 900 8428 854 8428 891 8428 901 6723 900 6723 891 6723 890 6677 901 6677 891 6677 852 7669 854 7669 900 7669 901 7570 852 7570 900 7570 783 1263 872 1263 871 1263 780 1665 783 1665 871 1665 862 2844 780 2844 871 2844 860 2654 784 2654 862 2654 784 2568 780 2568 862 2568 783 1281 787 1281 872 1281 787 2200 880 2200 872 2200 860 3351 791 3351 784 3351 790 3138 880 3138 787 3138 860 2721 793 2721 791 2721 795 1432 880 1432 790 1432 860 1478 880 1478 795 1478 860 878 795 878 793 878 699 2937 877 2937 874 2937 872 1832 700 1832 874 1832 700 3121 699 3121 874 3121 706 2617 700 2617 872 2617 880 1894 706 1894 872 1894 699 2800 879 2800 877 2800 699 1231 704 1231 879 1231 704 921 708 921 879 921 708 2943 880 2943 879 2943 880 2755 711 2755 706 2755 711 1097 880 1097 708 1097 860 2360 802 2360 880 2360 799 2918 802 2918 860 2918 801 2698 796 2698 860 2698 864 2744 803 2744 860 2744 803 349 801 349 860 349 796 2229 799 2229 860 2229 864 2782 808 2782 803 2782 864 2474 807 2474 808 2474 802 2422 715 2422 880 2422 715 823 713 823 880 823 719 1471 883 1471 880 1471 713 2596 719 2596 880 2596 720 3218 716 3218 802 3218 716 619 715 619 802 619 883 1536 720 1536 802 1536 807 2653 883 2653 802 2653 864 1415 883 1415 807 1415 902 1766 883 1766 864 1766 723 743 883 743 719 743 883 1188 724 1188 720 1188 883 1456 723 1456 724 1456 902 2199 903 2199 883 2199 904 3505 903 3505 902 3505 905 2921 906 2921 864 2921 865 1007 905 1007 864 1007 906 1371 902 1371 864 1371 865 3497 907 3497 905 3497 908 683 903 683 904 683 865 2711 909 2711 907 2711 910 2761 903 2761 908 2761 865 1909 903 1909 910 1909 865 1039 910 1039 909 1039 903 2385 727 2385 883 2385 727 1534 729 1534 883 1534 729 1577 733 1577 883 1577 733 2787 885 2787 883 2787 731 3384 727 3384 903 3384 734 582 731 582 903 582 885 2488 734 2488 903 2488 741 2203 885 2203 903 2203 737 716 885 716 733 716 885 2870 739 2870 734 2870 885 2569 737 2569 739 2569 741 923 740 923 885 923 903 1034 745 1034 741 1034 747 2566 745 2566 903 2566 757 2011 747 2011 903 2011 865 2066 757 2066 903 2066 811 2756 816 2756 865 2756 816 2133 761 2133 865 2133 761 2858 757 2858 865 2858 814 1619 813 1619 865 1619 868 2794 814 2794 865 2794 813 1326 811 1326 865 1326 740 1284 746 1284 885 1284 746 3007 886 3007 885 3007 819 1214 761 1214 816 1214 868 1505 821 1505 814 1505 821 2598 761 2598 819 2598 750 443 886 443 746 443 757 2370 752 2370 747 2370 752 2607 886 2607 750 2607 757 1808 886 1808 752 1808 821 2003 772 2003 761 2003 868 2483 824 2483 821 2483 824 1643 827 1643 821 1643 827 2075 772 2075 821 2075 829 2213 826 2213 868 2213 826 2784 824 2784 868 2784 870 1735 829 1735 868 1735 831 585 772 585 827 585 870 3014 834 3014 829 3014 836 3056 772 3056 831 3056 870 1262 836 1262 834 1262 870 1811 772 1811 836 1811 757 1338 755 1338 886 1338 755 1271 758 1271 886 1271 758 3156 762 3156 886 3156 762 2046 889 2046 886 2046 772 701 764 701 761 701 766 2581 889 2581 762 2581 772 2705 766 2705 764 2705 772 2459 889 2459 766 2459 837 2977 840 2977 870 2977 840 1763 843 1763 870 1763 852 1472 772 1472 870 1472 843 1993 852 1993 870 1993 841 797 837 797 870 797 858 1158 845 1158 870 1158 845 3592 841 3592 870 3592 847 1370 852 1370 843 1370 858 2597 849 2597 845 2597 850 2834 852 2834 847 2834 858 2635 850 2635 849 2635 858 1969 852 1969 850 1969 772 524 768 524 889 524 768 2764 767 2764 889 2764 767 1310 774 1310 889 1310 774 941 890 941 889 941 853 2857 852 2857 858 2857 856 1068 853 1068 858 1068 852 1130 777 1130 772 1130 779 2465 890 2465 774 2465 852 1382 890 1382 777 1382 890 1378 779 1378 777 1378 852 3375 901 3375 890 3375 906 7438 896 7438 895 7438 902 7746 906 7746 895 7746 894 6869 902 6869 895 6869 906 7278 905 7278 896 7278 904 6536 902 6536 894 6536 905 6088 897 6088 896 6088 905 6068 907 6068 897 6068 898 5331 904 5331 894 5331 908 5198 904 5198 898 5198 907 5010 909 5010 897 5010 909 4370 899 4370 897 4370 910 4259 908 4259 898 4259 899 3712 910 3712 898 3712 909 4013 910 4013 899 4013 911 7523 912 7523 913 7523 914 7008 915 7008 913 7008 915 7191 911 7191 913 7191 911 7408 916 7408 912 7408 916 6559 917 6559 912 6559 916 6309 918 6309 917 6309 919 5472 915 5472 914 5472 920 5439 915 5439 919 5439 918 5360 921 5360 917 5360 918 5104 922 5104 921 5104 922 4450 923 4450 921 4450 922 4263 924 4263 923 4263 923 3833 924 3833 919 3833 924 4033 920 4033 919 4033 925 9962 926 9962 927 9962 926 7283 928 7283 927 7283 929 7088 925 7088 927 7088 926 6791 930 6791 928 6791 931 6586 925 6586 929 6586 930 5872 932 5872 928 5872 933 5451 931 5451 929 5451 930 5480 934 5480 932 5480 935 5037 931 5037 933 5037 934 4518 936 4518 932 4518 934 4373 937 4373 936 4373 936 3736 935 3736 933 3736 937 3786 935 3786 936 3786 938 9922 939 9922 940 9922 941 7370 938 7370 940 7370 939 6843 942 6843 940 6843 943 7031 938 7031 941 7031 944 6187 943 6187 941 6187 939 6148 945 6148 942 6148 946 5686 943 5686 944 5686 945 5106 947 5106 942 5106 948 4563 946 4563 944 4563 945 4609 949 4609 947 4609 949 4127 946 4127 948 4127 949 183 948 183 947 183 950 7620 951 7620 952 7620 953 7674 951 7674 950 7674 951 7254 954 7254 952 7254 955 6790 953 6790 950 6790 954 6859 956 6859 952 6859 957 6601 953 6601 955 6601 954 6063 958 6063 956 6063 954 6094 959 6094 958 6094 960 5440 957 5440 955 5440 961 5022 957 5022 960 5022 959 4963 962 4963 958 4963 962 4782 963 4782 958 4782 964 4177 961 4177 960 4177 962 3848 961 3848 963 3848 961 3847 964 3847 963 3847 965 7452 966 7452 967 7452 965 7491 968 7491 966 7491 969 7224 965 7224 967 7224 970 6620 969 6620 967 6620 968 6335 971 6335 966 6335 972 5794 969 5794 970 5794 968 6022 973 6022 971 6022 974 5218 972 5218 970 5218 973 5116 975 5116 971 5116 973 4720 976 4720 975 4720 977 4624 972 4624 974 4624 976 4205 978 4205 975 4205 978 3773 977 3773 974 3773 976 3823 977 3823 978 3823 979 7604 980 7604 981 7604 980 9882 982 9882 981 9882 982 6964 983 6964 981 6964 984 6572 980 6572 979 6572 982 6856 985 6856 983 6856 986 6549 980 6549 984 6549 987 5643 986 5643 984 5643 985 5683 988 5683 983 5683 988 5490 989 5490 983 5490 990 5217 987 5217 984 5217 991 4526 987 4526 990 4526 988 4307 991 4307 989 4307 991 4241 992 4241 989 4241 992 3810 991 3810 990 3810 993 4251 994 4251 995 4251 994 4252 996 4252 995 4252 994 4254 997 4254 996 4254 998 3975 999 3975 1000 3975 1001 3970 998 3970 1000 3970 998 3973 995 3973 999 3973 993 3983 995 3983 998 3983 1002 3703 1003 3703 1004 3703 1003 3706 1005 3706 1004 3706 1003 3695 1006 3695 1005 3695 1006 3697 1007 3697 1005 3697 1006 3699 1000 3699 1007 3699 1006 3690 1001 3690 1000 3690 1008 7132 1009 7132 1010 7132 1011 7135 1008 7135 1010 7135 1012 5776 1013 5776 1014 5776 1013 5647 1015 5647 1014 5647 1010 6700 1009 6700 1012 6700 1009 6547 1013 6547 1012 6547 1016 7629 1017 7629 1018 7629 1019 7730 1017 7730 1016 7730 1017 7022 1020 7022 1018 7022 1017 7032 1021 7032 1020 7032 1022 6521 1019 6521 1016 6521 1021 6002 1023 6002 1020 6002 1021 6246 1024 6246 1023 6246 1025 6127 1019 6127 1022 6127 1024 4880 1026 4880 1023 4880 1027 5688 1025 5688 1022 5688 1024 4969 1028 4969 1026 4969 1029 4831 1025 4831 1027 4831 1030 4601 1029 4601 1027 4601 1028 256 1030 256 1026 256 1028 4026 1029 4026 1030 4026 1031 9943 1016 9943 1018 9943 1032 7710 1016 7710 1031 7710 1018 10005 1033 10005 1034 10005 1035 7727 1016 7727 1032 7727 1018 6858 1036 6858 1033 6858 1037 7724 1016 7724 1035 7724 1018 10032 1020 10032 1036 10032 1038 7742 1016 7742 1037 7742 1020 7150 1039 7150 1036 7150 1022 9781 1016 9781 1038 9781 1040 7959 1022 7959 1038 7959 1020 9940 1041 9940 1039 9940 1042 8074 1022 8074 1040 8074 1043 7896 1022 7896 1042 7896 1023 7752 1044 7752 1020 7752 1045 9773 1022 9773 1043 9773 1023 9769 1046 9769 1044 9769 1047 8175 1022 8175 1045 8175 1048 9228 1022 9228 1047 9228 1026 7699 1049 7699 1023 7699 1048 9109 1027 9109 1022 9109 1050 9373 1049 9373 1026 9373 1051 9860 1050 9860 1026 9860 1052 7849 1051 7849 1026 7849 1053 9577 1027 9577 1054 9577 1055 7823 1052 7823 1026 7823 1053 7716 1056 7716 1027 7716 1056 9932 1030 9932 1027 9932 1057 7704 1055 7704 1026 7704 1030 9880 1058 9880 1026 9880 1058 9872 1057 9872 1026 9872 1059 9915 1058 9915 1030 9915 1060 9996 1059 9996 1030 9996 1061 9967 1062 9967 1063 9967 1062 7177 1064 7177 1063 7177 1065 6989 1061 6989 1063 6989 1066 6665 1061 6665 1065 6665 1062 6348 1067 6348 1064 6348 1068 5677 1066 5677 1065 5677 1067 5666 1069 5666 1064 5666 1070 5304 1066 5304 1068 5304 1067 4712 1071 4712 1069 4712 1071 4312 1072 4312 1069 4312 1071 4041 1070 4041 1068 4041 1072 4164 1071 4164 1068 4164 1073 7516 1074 7516 1075 7516 1074 7610 1076 7610 1075 7610 1077 7100 1074 7100 1073 7100 1078 6807 1077 6807 1073 6807 1076 6372 1079 6372 1075 6372 1080 5990 1077 5990 1078 5990 1081 5828 1080 5828 1078 5828 1076 5631 1082 5631 1079 5631 1082 4902 1083 4902 1079 4902 1084 4659 1080 4659 1081 4659 1085 4577 1080 4577 1084 4577 1082 3867 1084 3867 1083 3867 1082 3827 1085 3827 1084 3827 1086 7679 1087 7679 1088 7679 1087 9928 1089 9928 1088 9928 1090 6814 1091 6814 1086 6814 1091 6879 1087 6879 1086 6879 1089 6789 1092 6789 1088 6789 1089 6658 1093 6658 1092 6658 1094 5467 1095 5467 1090 5467 1095 5720 1091 5720 1090 5720 1093 5424 1096 5424 1092 5424 1093 5407 1097 5407 1096 5407 1098 4482 1095 4482 1094 4482 1099 4203 1098 4203 1094 4203 1097 4276 1098 4276 1096 4276 1098 3930 1099 3930 1096 3930 1100 7649 1101 7649 1102 7649 1103 7313 1100 7313 1102 7313 1101 7198 1104 7198 1102 7198 1104 7136 1105 7136 1102 7136 1106 6458 1100 6458 1103 6458 1107 6376 1106 6376 1103 6376 1104 6119 1108 6119 1105 6119 1104 6101 1109 6101 1108 6101 1110 5121 1106 5121 1107 5121 1109 5050 1111 5050 1108 5050 1112 5002 1106 5002 1110 5002 1109 4913 1113 4913 1111 4913 1114 4032 1112 4032 1110 4032 1113 3921 1114 3921 1111 3921 1113 3962 1112 3962 1114 3962 1115 7732 1116 7732 1117 7732 1116 7605 1118 7605 1117 7605 1116 7212 1119 7212 1118 7212 1119 6747 1120 6747 1118 6747 1121 6691 1115 6691 1117 6691 1122 6347 1121 6347 1117 6347 1119 6171 1123 6171 1120 6171 1123 5607 1124 5607 1120 5607 1125 5291 1121 5291 1122 5291 1123 5183 1126 5183 1124 5183 1127 4684 1125 4684 1122 4684 1126 4516 1128 4516 1124 4516 1129 4124 1125 4124 1127 4124 1126 4190 1129 4190 1128 4190 1128 201 1129 201 1127 201 1130 7403 1131 7403 1132 7403 1133 7284 1134 7284 1132 7284 1134 7351 1130 7351 1132 7351 1130 7285 1135 7285 1131 7285 1135 6301 1136 6301 1131 6301 1137 6050 1134 6050 1133 6050 1135 6147 1138 6147 1136 6147 1139 5830 1134 5830 1137 5830 1138 5176 1140 5176 1136 5176 1140 4746 1141 4746 1136 4746 1142 4661 1139 4661 1137 4661 1143 4520 1139 4520 1142 4520 1140 4162 1143 4162 1141 4162 1141 157 1143 157 1142 157 1144 6497 1145 6497 1146 6497 1144 6516 1147 6516 1145 6516 1147 7235 1148 7235 1145 7235 1147 7251 1149 7251 1148 7251 1148 7750 1150 7750 1151 7750 1149 7738 1150 7738 1148 7738 1152 6460 1153 6460 1154 6460 1153 6247 1155 6247 1154 6247 1150 7006 1153 7006 1152 7006 1151 7401 1150 7401 1152 7401 1154 5738 1156 5738 1157 5738 1154 5739 1155 5739 1156 5739 1157 6613 1158 6613 1159 6613 1156 6389 1158 6389 1157 6389 1159 7201 1160 7201 1161 7201 1160 7203 1162 7203 1161 7203 1159 7205 1158 7205 1160 7205 1161 7464 1163 7464 1164 7464 1161 7468 1162 7468 1163 7468 1164 7691 1165 7691 1166 7691 1164 7697 1163 7697 1165 7697 1167 7364 1168 7364 1166 7364 1165 7581 1167 7581 1166 7581 1167 6654 1169 6654 1168 6654 1170 6653 1169 6653 1167 6653 1171 6649 1169 6649 1170 6649 1171 7186 1172 7186 1169 7186 1008 9896 1011 9896 1172 9896 1171 7524 1008 7524 1172 7524 1173 3074 939 3074 1002 3074 938 2546 1003 2546 1002 2546 939 1373 938 1373 1002 1373 1174 2357 939 2357 1173 2357 938 2453 943 2453 1003 2453 943 740 946 740 1003 740 1175 1494 939 1494 1174 1494 946 1468 1006 1468 1003 1468 1175 2352 945 2352 939 2352 1175 1426 949 1426 945 1426 1175 1910 946 1910 949 1910 1176 1918 1001 1918 1006 1918 946 2767 911 2767 1006 2767 911 2763 915 2763 1006 2763 915 1671 1176 1671 1006 1671 916 728 911 728 946 728 918 2947 916 2947 946 2947 1175 2110 918 2110 946 2110 920 1165 1176 1165 915 1165 1175 1195 922 1195 918 1195 1175 1407 924 1407 922 1407 924 1874 1176 1874 920 1874 1175 1844 1176 1844 924 1844 965 3131 998 3131 1001 3131 968 3169 965 3169 1001 3169 1176 2758 968 2758 1001 2758 973 634 968 634 1176 634 965 3288 969 3288 998 3288 969 789 972 789 998 789 972 2292 1163 2292 998 2292 1163 2251 985 2251 998 2251 1176 3041 976 3041 973 3041 977 373 1163 373 972 373 1176 2208 1163 2208 976 2208 976 3331 1163 3331 977 3331 985 757 982 757 998 757 982 3542 980 3542 998 3542 980 1162 993 1162 998 1162 1163 1607 988 1607 985 1607 1165 2185 1176 2185 1175 2185 986 3392 993 3392 980 3392 987 949 993 949 986 949 991 816 993 816 987 816 1163 2222 991 2222 988 2222 1163 2799 993 2799 991 2799 1115 767 1121 767 1163 767 1176 2342 1115 2342 1163 2342 1119 1387 1116 1387 1176 1387 1116 2751 1115 2751 1176 2751 1165 2244 1123 2244 1176 2244 1123 2214 1119 2214 1176 2214 1175 784 1167 784 1165 784 1165 2593 1126 2593 1123 2593 1125 3085 1163 3085 1121 3085 1165 764 1129 764 1126 764 1129 927 1163 927 1125 927 1165 1518 1163 1518 1129 1518 1162 1764 930 1764 993 1764 1017 3058 1019 3058 993 3058 1019 3150 1025 3150 993 3150 1025 1702 1162 1702 993 1702 1163 1430 1017 1430 993 1430 1021 3126 1017 3126 1163 3126 1024 3128 1021 3128 1163 3128 1175 2039 1177 2039 1167 2039 1163 2647 1028 2647 1024 2647 1029 815 1162 815 1025 815 1028 3159 1162 3159 1029 3159 1163 1166 1162 1166 1028 1166 926 659 925 659 993 659 930 1365 926 1365 993 1365 925 2354 994 2354 993 2354 1162 2594 1100 2594 930 2594 931 677 994 677 925 677 1100 3207 934 3207 930 3207 935 3023 994 3023 931 3023 1100 827 937 827 934 827 937 651 994 651 935 651 1100 2528 994 2528 937 2528 1100 1699 1160 1699 994 1699 1106 462 1160 462 1100 462 1162 417 1101 417 1100 417 1104 3140 1101 3140 1162 3140 1177 1817 1130 1817 1167 1817 1130 2992 1134 2992 1167 2992 1134 783 1139 783 1167 783 1139 3167 1170 3167 1167 3167 1135 3257 1130 3257 1177 3257 1138 1358 1135 1358 1177 1358 1170 2780 1140 2780 1177 2780 1140 1490 1138 1490 1177 1490 1143 1191 1170 1191 1139 1191 1170 2706 1143 2706 1140 2706 1160 1935 1113 1935 1162 1935 1113 3153 1109 3153 1162 3153 1109 970 1104 970 1162 970 1015 2294 1170 2294 1177 2294 1112 3244 1160 3244 1106 3244 1113 2082 1160 2082 1112 2082 1178 972 1179 972 994 972 1160 1277 1178 1277 994 1277 1158 1425 1178 1425 1160 1425 1015 1410 1074 1410 1170 1410 1074 2967 1077 2967 1170 2967 1077 1404 1171 1404 1170 1404 1076 3012 1074 3012 1015 3012 1009 811 1076 811 1015 811 1013 842 1009 842 1015 842 1008 1662 1082 1662 1009 1662 1082 1037 1076 1037 1009 1037 1080 958 1171 958 1077 958 1085 1058 1171 1058 1080 1058 1008 2959 1171 2959 1085 2959 1179 881 1180 881 994 881 1008 3098 1085 3098 1082 3098 1178 2944 951 2944 1179 2944 951 3377 953 3377 1179 3377 953 873 957 873 1179 873 957 2038 1144 2038 1179 2038 954 568 951 568 1178 568 1144 2154 959 2154 1178 2154 959 3279 954 3279 1178 3279 1158 2849 1156 2849 1178 2849 1156 2270 1181 2270 1178 2270 1181 2186 1144 2186 1178 2186 1093 1707 1089 1707 1156 1707 1155 1890 1093 1890 1156 1890 1089 1940 1181 1940 1156 1940 1144 1320 962 1320 959 1320 961 2692 1144 2692 957 2692 1144 2029 961 2029 962 2029 1181 1838 1061 1838 1144 1838 1087 1455 1091 1455 1181 1455 1091 1812 1062 1812 1181 1812 1089 1705 1087 1705 1181 1705 1062 1990 1061 1990 1181 1990 1095 1977 1062 1977 1091 1977 1155 1855 1097 1855 1093 1855 1098 1715 1062 1715 1095 1715 1155 1757 1098 1757 1097 1757 1155 2136 1062 2136 1098 2136 1155 2334 1150 2334 1062 2334 1150 2815 1067 2815 1062 2815 1061 2463 1066 2463 1144 2463 1147 513 1144 513 1066 513 1070 931 1147 931 1066 931 1150 1349 1071 1349 1067 1349 1153 3494 1150 3494 1155 3494 1071 3311 1147 3311 1070 3311 1150 781 1147 781 1071 781 1149 3487 1147 3487 1150 3487 1173 3661 1002 3661 1004 3661 1182 4380 1173 4380 1004 4380 1183 5079 1174 5079 1182 5079 1174 4875 1173 4875 1182 4875 941 9571 940 9571 1004 9571 1005 8462 941 8462 1004 8462 940 8269 1182 8269 1004 8269 940 9695 1183 9695 1182 9695 940 8802 942 8802 1183 8802 942 8525 1184 8525 1183 8525 1007 9291 948 9291 1005 9291 948 8309 944 8309 1005 8309 944 9713 941 9713 1005 9713 947 8410 1184 8410 942 8410 948 9511 1184 9511 947 9511 914 9446 913 9446 1007 9446 913 8022 948 8022 1007 8022 912 9591 917 9591 948 9591 913 8294 912 8294 948 8294 917 8279 1184 8279 948 8279 1000 9432 966 9432 1007 9432 966 8379 919 8379 1007 8379 919 8374 914 8374 1007 8374 921 8398 1184 8398 917 8398 923 7787 1184 7787 921 7787 966 7800 923 7800 919 7800 966 9099 1184 9099 923 9099 999 9772 967 9772 1000 9772 967 7915 966 7915 1000 7915 971 9770 1185 9770 966 9770 1185 8918 1184 8918 966 8918 999 7884 970 7884 967 7884 999 9275 974 9275 970 9275 975 7953 1185 7953 971 7953 978 9646 1185 9646 975 9646 999 9666 978 9666 974 9666 999 8534 1185 8534 978 8534 995 9341 979 9341 999 9341 979 9819 981 9819 999 9819 981 8196 983 8196 999 8196 983 9542 989 9542 999 9542 1186 8786 1185 8786 999 8786 989 8491 1186 8491 999 8491 1187 9867 1188 9867 1184 9867 1188 7743 1189 7743 1184 7743 1185 9421 1190 9421 1184 9421 1190 7713 1191 7713 1184 7713 1191 7929 1187 7929 1184 7929 1189 9728 1192 9728 1184 9728 995 9603 984 9603 979 9603 995 8387 990 8387 984 8387 1193 9765 1184 9765 1192 9765 1194 8946 1184 8946 1193 8946 992 9195 1186 9195 989 9195 995 7975 992 7975 990 7975 995 8740 1186 8740 992 8740 996 9059 929 9059 995 9059 929 7751 927 7751 995 7751 927 9485 928 9485 995 9485 928 8864 1186 8864 995 8864 932 7967 936 7967 1186 7967 936 8655 1195 8655 1186 8655 928 9495 932 9495 1186 9495 996 9452 933 9452 929 9452 996 8625 1195 8625 933 8625 1195 8301 936 8301 933 8301 950 7894 952 7894 996 7894 997 8881 950 8881 996 8881 952 9378 956 9378 996 9378 956 9711 958 9711 996 9711 1196 8575 1197 8575 996 8575 1197 9778 1198 9778 996 9778 1198 9550 1199 9550 996 9550 1200 9640 1195 9640 996 9640 1199 7983 1200 7983 996 7983 958 8789 1201 8789 996 8789 1201 8767 1202 8767 996 8767 1202 7855 1196 7855 996 7855 1203 7761 1204 7761 1184 7761 1205 9616 1206 9616 1184 9616 1207 8120 1203 8120 1184 8120 1208 8901 1205 8901 1184 8901 1194 8931 1208 8931 1184 8931 1206 8113 1209 8113 1184 8113 1209 8552 1210 8552 1184 8552 1211 7839 1212 7839 1184 7839 1212 8429 1213 8429 1184 8429 1213 9731 1207 9731 1184 9731 1210 9038 1214 9038 1184 9038 1214 9605 1215 9605 1184 9605 1215 9623 1211 9623 1184 9623 1216 8253 1208 8253 1194 8253 1217 9844 1208 9844 1216 9844 1218 7834 1217 7834 1216 7834 1219 7947 1220 7947 1216 7947 1220 9863 1221 9863 1216 9863 1221 7740 1218 7740 1216 7740 1222 7671 1220 7671 1219 7671 955 7956 950 7956 997 7956 1223 8704 960 8704 997 8704 960 9624 955 9624 997 9624 1224 8070 1225 8070 997 8070 1225 8198 1223 8198 997 8198 1226 9892 1220 9892 1222 9892 963 8103 1201 8103 958 8103 1223 9183 964 9183 960 9183 1223 8817 1201 8817 963 8817 964 8684 1223 8684 963 8684 1227 9588 1228 9588 1223 9588 1228 9465 1229 9465 1223 9465 1229 8681 1201 8681 1223 8681 1230 8790 1231 8790 1223 8790 1231 8566 1232 8566 1223 8566 1233 9340 1234 9340 1223 9340 1234 9677 1235 9677 1223 9677 1235 7922 1227 7922 1223 7922 1236 9806 1237 9806 1223 9806 1232 8055 1233 8055 1223 8055 1237 8124 1230 8124 1223 8124 1229 9987 1238 9987 1201 9987 1238 9318 1239 9318 1201 9318 1240 9405 1241 9405 1201 9405 1239 8176 1242 8176 1201 8176 1242 9803 1243 9803 1201 9803 1243 7782 1244 7782 1201 7782 1241 9840 1245 9840 1201 9840 1244 9077 1246 9077 1201 9077 1246 9123 1247 9123 1201 9123 1247 7968 1240 7968 1201 7968 994 4891 1224 4891 997 4891 994 4983 1180 4983 1224 4983 1180 5992 1179 5992 1224 5992 1179 6003 1225 6003 1224 6003 1248 7708 1249 7708 1250 7708 1249 7390 1251 7390 1250 7390 1252 7096 1248 7096 1250 7096 1253 6868 1252 6868 1250 6868 1249 6479 1254 6479 1251 6479 1249 6337 1255 6337 1254 6337 1256 5726 1252 5726 1253 5726 1257 5630 1256 5630 1253 5630 1255 4994 1258 4994 1254 4994 1259 4433 1256 4433 1257 4433 1255 4636 1260 4636 1258 4636 1260 4293 1256 4293 1259 4293 1260 160 1259 160 1258 160 1261 7660 1262 7660 1263 7660 1261 7496 1264 7496 1262 7496 1265 6695 1261 6695 1263 6695 1264 6811 1266 6811 1262 6811 1267 6540 1261 6540 1265 6540 1266 5988 1268 5988 1262 5988 1269 5379 1267 5379 1265 5379 1266 5479 1270 5479 1268 5479 1271 4767 1267 4767 1269 4767 1270 4519 1272 4519 1268 4519 1270 4301 1271 4301 1272 4301 1272 223 1271 223 1269 223 1273 7379 1274 7379 1275 7379 1276 7176 1273 7176 1275 7176 1277 7125 1273 7125 1276 7125 1273 7269 1278 7269 1274 7269 1278 6351 1279 6351 1274 6351 1278 6006 1280 6006 1279 6006 1281 5639 1282 5639 1276 5639 1282 5689 1277 5689 1276 5689 1280 4998 1283 4998 1279 4998 1284 4481 1282 4481 1281 4481 1285 4204 1284 4204 1281 4204 1280 4438 1284 4438 1283 4438 1284 3820 1285 3820 1283 3820 1286 7547 1287 7547 1288 7547 1289 7400 1287 7400 1286 7400 1287 7575 1290 7575 1288 7575 1291 6759 1289 6759 1286 6759 1290 6295 1292 6295 1288 6295 1290 6251 1293 6251 1292 6251 1294 6051 1289 6051 1291 6051 1295 5369 1294 5369 1291 5369 1293 4847 1296 4847 1292 4847 1297 4662 1294 4662 1295 4662 1296 4486 1298 4486 1292 4486 1298 249 1297 249 1295 249 1296 3808 1297 3808 1298 3808 1299 7306 1300 7306 1301 7306 1302 7181 1300 7181 1299 7181 1300 7243 1303 7243 1301 7243 1303 6338 1304 6338 1301 6338 1305 6070 1302 6070 1299 6070 1306 5640 1302 5640 1305 5640 1303 5670 1307 5670 1304 5670 1308 4599 1306 4599 1305 4599 1307 4620 1309 4620 1304 4620 1307 4517 1310 4517 1309 4517 1309 328 1310 328 1308 328 1310 4064 1306 4064 1308 4064 1311 7315 1312 7315 1313 7315 1314 7304 1312 7304 1311 7304 1312 6851 1315 6851 1313 6851 1315 6609 1316 6609 1313 6609 1317 5642 1314 5642 1311 5642 1318 5286 1314 5286 1317 5286 1315 5109 1319 5109 1316 5109 1315 5088 1320 5088 1319 5088 1321 4093 1318 4093 1317 4093 1320 3870 1321 3870 1319 3870 1320 3941 1318 3941 1321 3941 1322 9999 1323 9999 1324 9999 1323 7290 1325 7290 1324 7290 1326 6832 1322 6832 1324 6832 1323 6546 1327 6546 1325 6546 1323 6577 1328 6577 1327 6577 1329 6095 1322 6095 1326 6095 1330 5447 1329 5447 1326 5447 1328 5092 1331 5092 1327 5092 1328 5017 1332 5017 1331 5017 1333 4623 1329 4623 1330 4623 1334 4163 1333 4163 1330 4163 1332 3798 1334 3798 1331 3798 1332 3845 1333 3845 1334 3845 1335 9969 1336 9969 1337 9969 1336 7410 1338 7410 1337 7410 1339 6788 1335 6788 1337 6788 1336 6979 1340 6979 1338 6979 1340 6339 1341 6339 1338 6339 1342 6155 1335 6155 1339 6155 1343 5368 1342 5368 1339 5368 1340 5620 1344 5620 1341 5620 1344 4916 1345 4916 1341 4916 1346 4578 1342 4578 1343 4578 1344 4361 1346 4361 1345 4361 1345 118 1346 118 1343 118 1347 7590 1348 7590 1349 7590 1350 7985 1347 7985 1349 7985 1351 10016 1350 10016 1349 10016 1352 6927 1350 6927 1351 6927 1353 6914 1354 6914 1348 6914 1347 6813 1353 6813 1348 6813 1355 6100 1350 6100 1352 6100 1356 6465 1355 6465 1352 6465 1353 5462 1357 5462 1354 5462 1358 5656 1355 5656 1356 5656 1359 4947 1355 4947 1358 4947 1353 4747 1360 4747 1357 4747 1353 4867 1361 4867 1360 4867 1362 4718 1359 4718 1358 4718 1361 3880 1363 3880 1360 3880 1361 3825 1359 3825 1362 3825 1363 4168 1361 4168 1362 4168 1349 4851 1348 4851 1364 4851 1352 9918 1351 9918 1365 9918 1348 5008 1354 5008 1366 5008 1357 6926 1367 6926 1354 6926 1367 6275 1368 6275 1354 6275 1369 6794 1358 6794 1356 6794 1360 7586 1370 7586 1357 7586 1371 5148 1362 5148 1358 5148 1372 10055 1363 10055 1362 10055 1373 9995 1374 9995 1375 9995 1376 6951 1373 6951 1375 6951 1374 7081 1377 7081 1375 7081 1378 6475 1373 6475 1376 6475 1374 6666 1379 6666 1377 6666 1379 6049 1380 6049 1377 6049 1381 5214 1378 5214 1376 5214 1382 4736 1383 4736 1380 4736 1379 5040 1382 5040 1380 5040 1384 4858 1378 4858 1381 4858 1383 174 1384 174 1381 174 1382 3815 1384 3815 1383 3815 1385 7314 1386 7314 1387 7314 1386 10014 1388 10014 1387 10014 1388 7019 1389 7019 1387 7019 1390 6421 1386 6421 1385 6421 1391 6174 1390 6174 1385 6174 1388 6107 1392 6107 1389 6107 1388 6149 1393 6149 1392 6149 1394 4894 1390 4894 1391 4894 1395 4724 1394 4724 1391 4724 1393 4853 1396 4853 1392 4853 1393 4768 1397 4768 1396 4768 1397 264 1395 264 1396 264 1397 3850 1394 3850 1395 3850 1398 7711 1399 7711 1400 7711 1398 7690 1401 7690 1399 7690 1402 6796 1398 6796 1400 6796 1403 6728 1398 6728 1402 6728 1404 6588 1405 6588 1399 6588 1401 6668 1404 6668 1399 6668 1406 5392 1403 5392 1402 5392 1404 5221 1407 5221 1405 5221 1408 5294 1403 5294 1406 5294 1404 5142 1409 5142 1407 5142 1410 4311 1408 4311 1406 4311 1411 4219 1408 4219 1410 4219 1411 3818 1410 3818 1407 3818 1409 4031 1411 4031 1407 4031 1412 7591 1413 7591 1414 7591 1415 7609 1413 7609 1412 7609 1413 6935 1416 6935 1414 6935 1417 6523 1415 6523 1412 6523 1413 6884 1418 6884 1416 6884 1419 6401 1415 6401 1417 6401 1418 5713 1420 5713 1416 5713 1420 5161 1421 5161 1416 5161 1422 5028 1419 5028 1417 5028 1423 4749 1419 4749 1422 4749 1420 4427 1423 4427 1421 4427 1421 112 1423 112 1422 112 1424 7503 1425 7503 1426 7503 1427 7440 1425 7440 1424 7440 1425 7298 1428 7298 1426 7298 1429 6541 1427 6541 1424 6541 1428 6670 1430 6670 1426 6670 1431 6086 1427 6086 1429 6086 1432 5458 1433 5458 1430 5458 1428 5806 1432 5806 1430 5806 1434 5175 1431 5175 1429 5175 1435 4682 1431 4682 1434 4682 1432 4429 1436 4429 1433 4429 1432 4337 1435 4337 1436 4337 1436 143 1435 143 1434 143 1437 9985 1438 9985 1439 9985 1438 7188 1440 7188 1439 7188 1441 6870 1437 6870 1439 6870 1442 6697 1437 6697 1441 6697 1438 6696 1443 6696 1440 6696 1443 6008 1444 6008 1440 6008 1445 5302 1442 5302 1441 5302 1446 5297 1445 5297 1441 5297 1443 5215 1447 5215 1444 5215 1447 4245 1448 4245 1444 4245 1448 3898 1445 3898 1446 3898 1447 4085 1445 4085 1448 4085 1449 7459 1450 7459 1451 7459 1452 7461 1450 7461 1449 7461 1453 7462 1452 7462 1449 7462 1454 7460 1452 7460 1453 7460 1455 7104 1456 7104 1457 7104 1458 7108 1455 7108 1457 7108 1459 7111 1460 7111 1458 7111 1460 7113 1455 7113 1458 7113 1459 7112 1461 7112 1460 7112 1450 7115 1461 7115 1459 7115 1451 7117 1450 7117 1459 7117 1456 5972 1462 5972 1463 5972 1457 6125 1456 6125 1463 6125 1464 5754 1465 5754 1466 5754 1465 5753 1467 5753 1466 5753 1465 5229 1468 5229 1467 5229 1468 4740 1469 4740 1467 4740 1468 4319 1470 4319 1469 4319 1471 4316 1470 4316 1468 4316 1471 3989 1472 3989 1470 3989 1472 3979 1473 3979 1470 3979 1472 3586 1474 3586 1473 3586 1474 3578 1475 3578 1473 3578 1475 4036 1476 4036 1477 4036 1474 4028 1476 4028 1475 4028 1477 4842 1478 4842 1479 4842 1478 4844 1480 4844 1479 4844 1477 4845 1476 4845 1478 4845 1481 224 1482 224 1483 224 1482 4048 1484 4048 1483 4048 1479 4149 1481 4149 1483 4149 1480 4227 1481 4227 1479 4227 1482 4702 1485 4702 1484 4702 1486 4693 1485 4693 1482 4693 1486 5832 1487 5832 1485 5832 1486 6019 1488 6019 1487 6019 1489 9670 1490 9670 1453 9670 1490 7810 1454 7810 1453 7810 1491 6852 1489 6852 1492 6852 1491 6906 1490 6906 1489 6906 1493 7757 1494 7757 1495 7757 1494 9861 1496 9861 1495 9861 1496 7722 1497 7722 1495 7722 1498 7854 1499 7854 1495 7854 1497 9866 1498 9866 1495 9866 1500 10047 1494 10047 1493 10047 1263 8614 1501 8614 1495 8614 1499 8862 1263 8862 1495 8862 1502 4859 1494 4859 1500 4859 1503 7656 1504 7656 1505 7656 1506 9759 1504 9759 1503 9759 1507 8331 1504 8331 1506 8331 1265 9403 1263 9403 1499 9403 1508 8799 1269 8799 1499 8799 1269 9607 1265 9607 1499 9607 1509 8020 1504 8020 1507 8020 1510 9722 1504 9722 1509 9722 1511 8170 1504 8170 1510 8170 1512 8005 1504 8005 1511 8005 1513 9599 1504 9599 1512 9599 1263 8657 1504 8657 1513 8657 1514 8363 1263 8363 1513 8363 1501 9235 1263 9235 1514 9235 1515 8947 1463 8947 1504 8947 1262 8469 1268 8469 1504 8469 1268 8945 1515 8945 1504 8945 1263 8935 1262 8935 1504 8935 1272 9137 1515 9137 1268 9137 1508 8293 1272 8293 1269 8293 1508 9050 1515 9050 1272 9050 1508 8794 1458 8794 1515 8794 1299 8523 1301 8523 1515 8523 1301 8617 1463 8617 1515 8617 1458 8777 1305 8777 1515 8777 1305 9136 1299 9136 1515 9136 1516 9563 1458 9563 1508 9563 1517 7783 1458 7783 1516 7783 1518 9807 1458 9807 1517 9807 1519 7945 1458 7945 1518 7945 1520 9030 1458 9030 1519 9030 1304 9175 1463 9175 1301 9175 1457 9017 1463 9017 1304 9017 1458 8308 1308 8308 1305 8308 1309 8077 1457 8077 1304 8077 1458 9261 1457 9261 1309 9261 1458 8365 1309 8365 1308 8365 1521 9878 1522 9878 1523 9878 1524 7682 1521 7682 1525 7682 1521 9903 1526 9903 1522 9903 1527 9916 1521 9916 1524 9916 1521 9263 1528 9263 1526 9263 1529 9791 1521 9791 1527 9791 1521 9875 1530 9875 1528 9875 1531 8222 1521 8222 1529 8222 1532 8734 1533 8734 1521 8734 1533 8529 1530 8529 1521 8529 1531 8781 1532 8781 1521 8781 1275 8630 1458 8630 1520 8630 1276 7736 1275 7736 1520 7736 1275 7877 1274 7877 1458 7877 1532 7683 1534 7683 1535 7683 1532 9852 1536 9852 1534 9852 1537 8093 1532 8093 1531 8093 1532 7824 1538 7824 1536 7824 1539 9061 1532 9061 1537 9061 1532 7781 1540 7781 1538 7781 1541 9750 1532 9750 1539 9750 1532 9774 1542 9774 1540 9774 1543 9308 1532 9308 1541 9308 1532 7970 1543 7970 1542 7970 1281 9628 1276 9628 1520 9628 1279 7972 1283 7972 1458 7972 1283 9357 1459 9357 1458 9357 1274 9504 1279 9504 1458 9504 1459 8084 1285 8084 1281 8084 1285 8953 1459 8953 1283 8953 1544 9139 1257 9139 1532 9139 1253 9521 1250 9521 1532 9521 1257 8169 1253 8169 1532 8169 1250 8505 1533 8505 1532 8505 1250 8621 1251 8621 1533 8621 1251 9573 1254 9573 1533 9573 1254 8925 1545 8925 1533 8925 1459 9023 1281 9023 1520 9023 1546 7744 1459 7744 1520 7744 1291 9629 1286 9629 1546 9629 1286 8035 1288 8035 1546 8035 1547 9168 1291 9168 1546 9168 1288 8706 1459 8706 1546 8706 1258 8048 1545 8048 1254 8048 1544 9390 1259 9390 1257 9390 1544 9145 1545 9145 1258 9145 1259 9146 1544 9146 1258 9146 1288 8502 1292 8502 1459 8502 1292 9192 1451 9192 1459 9192 1547 8221 1295 8221 1291 8221 1547 8889 1325 8889 1295 8889 1325 9210 1451 9210 1295 9210 1298 9152 1451 9152 1292 9152 1451 9406 1298 9406 1295 9406 1548 8069 1325 8069 1547 8069 1544 7941 1549 7941 1545 7941 1544 8016 1550 8016 1549 8016 1544 9499 1551 9499 1550 9499 1492 8544 1551 8544 1544 8544 1326 8479 1548 8479 1552 8479 1553 7634 1326 7634 1552 7634 1326 9522 1324 9522 1548 9522 1324 9364 1325 9364 1548 9364 1449 8270 1451 8270 1325 8270 1327 8057 1449 8057 1325 8057 1492 7835 1554 7835 1551 7835 1492 8873 1553 8873 1554 8873 1311 8692 1313 8692 1553 8692 1313 9130 1326 9130 1553 9130 1316 9510 1330 9510 1326 9510 1313 9467 1316 9467 1326 9467 1331 8125 1449 8125 1327 8125 1316 9525 1334 9525 1330 9525 1334 9705 1449 9705 1331 9705 1316 7925 1449 7925 1334 7925 1339 9848 1337 9848 1492 9848 1337 9413 1553 9413 1492 9413 1337 9025 1338 9025 1553 9025 1338 9442 1341 9442 1553 9442 1341 9098 1317 9098 1553 9098 1317 8400 1311 8400 1553 8400 1453 8837 1449 8837 1316 8837 1319 9490 1453 9490 1316 9490 1341 9762 1321 9762 1317 9762 1321 8088 1453 8088 1319 8088 1341 8174 1453 8174 1321 8174 1492 8215 1343 8215 1339 8215 1345 8338 1453 8338 1341 8338 1492 9561 1489 9561 1343 9561 1489 8936 1453 8936 1345 8936 1489 9518 1345 9518 1343 9518 1555 1406 1388 1406 1556 1406 1388 1069 1386 1069 1556 1069 1386 2603 1390 2603 1556 2603 1390 2182 1374 2182 1556 2182 1374 2296 1464 2296 1556 2296 1464 1211 1557 1211 1556 1211 1397 2673 1393 2673 1555 2673 1558 1606 1397 1606 1555 1606 1559 2699 1558 2699 1555 2699 1393 1247 1388 1247 1555 1247 1394 2500 1374 2500 1390 2500 1558 2856 1394 2856 1397 2856 1558 1908 1374 1908 1394 1908 1374 1657 1373 1657 1464 1657 1373 1995 1378 1995 1464 1995 1378 1856 1465 1856 1464 1856 1267 705 1379 705 1374 705 1558 1612 1267 1612 1374 1612 1267 3155 1382 3155 1379 3155 1384 1915 1465 1915 1378 1915 1267 1821 1384 1821 1382 1821 1267 1716 1465 1716 1384 1716 1558 3192 1261 3192 1267 3192 1455 2090 1465 2090 1267 2090 1264 1790 1261 1790 1558 1790 1560 1688 1270 1688 1558 1688 1270 407 1266 407 1558 407 1266 2914 1264 2914 1558 2914 1271 2524 1455 2524 1267 2524 1560 2854 1271 2854 1270 2854 1560 1760 1455 1760 1271 1760 1302 2269 1455 2269 1560 2269 1300 2771 1302 2771 1560 2771 1303 1450 1300 1450 1560 1450 1456 2278 1303 2278 1560 2278 1462 3069 1456 3069 1560 3069 1455 3154 1468 3154 1465 3154 1480 3268 1482 3268 1481 3268 1306 2628 1455 2628 1302 2628 1456 3315 1307 3315 1303 3315 1456 564 1310 564 1307 564 1310 1209 1455 1209 1306 1209 1456 2584 1455 2584 1310 2584 1480 2183 1401 2183 1482 2183 1401 2837 1398 2837 1482 2837 1398 576 1403 576 1482 576 1403 1411 1486 1411 1482 1411 1478 1600 1404 1600 1480 1600 1404 1441 1401 1441 1480 1441 1408 942 1486 942 1403 942 1478 2869 1409 2869 1404 2869 1411 3178 1486 3178 1408 3178 1478 822 1411 822 1409 822 1478 1806 1486 1806 1411 1806 1488 617 1486 617 1478 617 1438 1273 1437 1273 1468 1273 1437 1385 1471 1385 1468 1385 1455 1656 1447 1656 1468 1656 1443 2662 1438 2662 1468 2662 1447 649 1443 649 1468 649 1442 1384 1471 1384 1437 1384 1445 2265 1471 2265 1442 2265 1447 719 1471 719 1445 719 1455 2482 1273 2482 1447 2482 1273 845 1277 845 1447 845 1277 2212 1471 2212 1447 2212 1278 1160 1273 1160 1455 1160 1460 1719 1280 1719 1455 1719 1280 1270 1278 1270 1455 1270 1282 3303 1471 3303 1277 3303 1284 779 1471 779 1282 779 1460 1366 1284 1366 1280 1366 1460 2397 1471 2397 1284 2397 1413 1255 1415 1255 1488 1255 1415 1511 1419 1511 1488 1511 1419 2336 1249 2336 1488 2336 1478 3198 1413 3198 1488 3198 1476 3260 1418 3260 1478 3260 1418 3240 1413 3240 1478 3240 1460 2275 1461 2275 1471 2275 1476 945 1420 945 1418 945 1423 2805 1249 2805 1419 2805 1476 2540 1423 2540 1420 2540 1476 1846 1249 1846 1423 1846 1248 3117 1252 3117 1488 3117 1252 1614 1561 1614 1488 1614 1249 899 1248 899 1488 899 1476 3143 1255 3143 1249 3143 1461 1947 1562 1947 1471 1947 1347 2604 1472 2604 1471 2604 1353 1038 1347 1038 1471 1038 1562 1968 1353 1968 1471 1968 1252 908 1256 908 1561 908 1476 1093 1260 1093 1255 1093 1260 3205 1561 3205 1256 3205 1476 1107 1561 1107 1260 1107 1350 567 1472 567 1347 567 1355 3000 1472 3000 1350 3000 1359 603 1472 603 1355 603 1562 2989 1361 2989 1353 2989 1361 3513 1472 3513 1359 3513 1562 1588 1472 1588 1361 1588 1476 2271 1563 2271 1561 2271 1287 544 1289 544 1562 544 1461 3278 1287 3278 1562 3278 1289 2616 1294 2616 1562 2616 1294 2421 1472 2421 1562 2421 1290 688 1287 688 1461 688 1450 2224 1293 2224 1461 2224 1293 791 1290 791 1461 791 1450 2625 1296 2625 1293 2625 1297 2639 1472 2639 1294 2639 1450 1413 1472 1413 1297 1413 1450 2517 1297 2517 1296 2517 1425 3112 1474 3112 1472 3112 1428 601 1425 601 1472 601 1432 2460 1428 2460 1472 2460 1425 498 1427 498 1474 498 1431 2302 1312 2302 1474 2302 1427 3114 1431 3114 1474 3114 1474 3290 1563 3290 1476 3290 1435 1233 1312 1233 1431 1233 1472 1119 1435 1119 1432 1119 1472 2499 1312 2499 1435 2499 1312 1020 1314 1020 1474 1020 1314 2009 1563 2009 1474 2009 1472 1022 1315 1022 1312 1022 1323 1178 1322 1178 1472 1178 1322 2121 1315 2121 1472 2121 1450 1926 1452 1926 1472 1926 1328 2587 1323 2587 1472 2587 1452 1893 1328 1893 1472 1893 1329 892 1315 892 1322 892 1452 2996 1332 2996 1328 2996 1333 3248 1315 3248 1329 3248 1452 549 1333 549 1332 549 1452 1302 1315 1302 1333 1302 1335 1776 1491 1776 1563 1776 1336 820 1335 820 1563 820 1314 2253 1336 2253 1563 2253 1340 715 1336 715 1314 715 1344 1617 1340 1617 1314 1617 1452 2448 1454 2448 1315 2448 1318 2521 1344 2521 1314 2521 1454 1144 1320 1144 1315 1144 1454 3438 1318 3438 1320 3438 1454 1217 1344 1217 1318 1217 1342 1030 1491 1030 1335 1030 1342 906 1490 906 1491 906 1346 2760 1490 2760 1342 2760 1454 2736 1346 2736 1344 2736 1454 1186 1490 1186 1346 1186 1564 3844 1556 3844 1565 3844 1564 3838 1555 3838 1556 3838 1566 4843 1555 4843 1564 4843 1559 4872 1555 4872 1566 4872 1556 4145 1557 4145 1565 4145 1557 4231 1567 4231 1565 4231 1557 5055 1464 5055 1567 5055 1464 5130 1466 5130 1567 5130 1568 3203 1569 3203 1570 3203 1571 2930 1572 2930 1570 2930 1572 442 1568 442 1570 442 1573 1845 1574 1845 1571 1845 1574 648 1572 648 1571 648 1575 2732 1570 2732 1569 2732 1574 1638 1576 1638 1577 1638 1578 3783 1579 3783 1573 3783 1576 1257 1570 1257 1575 1257 1576 1334 1575 1334 1577 1334 1580 3590 1581 3590 1574 3590 1573 612 1580 612 1574 612 1579 1267 1582 1267 1573 1267 1582 1009 1580 1009 1573 1009 1583 419 1582 419 1579 419 1584 681 1574 681 1581 681 1583 808 1585 808 1582 808 1586 2093 1574 2093 1584 2093 1583 3406 1586 3406 1585 3406 1587 552 1588 552 1570 552 1576 494 1589 494 1570 494 1589 3643 1587 3643 1570 3643 1588 2348 1590 2348 1570 2348 1591 3853 1592 3853 1576 3853 1592 3484 1589 3484 1576 3484 1593 4153 1591 4153 1576 4153 1574 1444 1593 1444 1576 1444 1593 178 1594 178 1591 178 1595 780 1590 780 1588 780 1593 1982 1590 1982 1595 1982 1593 3649 1595 3649 1594 3649 1596 456 1597 456 1570 456 1597 3601 1598 3601 1570 3601 1598 729 1599 729 1570 729 1590 2339 1600 2339 1570 2339 1600 3049 1596 3049 1570 3049 1601 2988 1590 2988 1593 2988 1574 1695 1601 1695 1593 1695 1586 2867 1602 2867 1574 2867 1602 1192 1603 1192 1574 1192 1603 1522 1601 1522 1574 1522 1583 2365 1604 2365 1586 2365 1605 577 1602 577 1586 577 1604 3801 1606 3801 1586 3801 1606 3774 1605 3774 1586 3774 1607 464 1601 464 1603 464 1604 108 1608 108 1606 108 1609 3532 1599 3532 1598 3532 1600 532 1610 532 1596 532 1604 3274 1601 3274 1607 3274 1604 252 1607 252 1608 252 1611 459 1599 459 1609 459 1600 3034 1599 3034 1611 3034 1600 3544 1611 3544 1610 3544 1600 1840 1612 1840 1599 1840 1590 3470 1613 3470 1600 3470 1614 3755 1612 3755 1600 3755 1615 558 1613 558 1590 558 1616 3704 1615 3704 1590 3704 1612 408 1616 408 1590 408 1617 2477 1618 2477 1583 2477 1618 3120 1604 3120 1583 3120 1619 3784 1617 3784 1583 3784 1620 3398 1612 3398 1614 3398 1612 64 1621 64 1616 64 1621 3730 1612 3730 1620 3730 1612 1585 1622 1585 1599 1585 1623 246 1624 246 1599 246 1624 592 1625 592 1599 592 1626 3682 1623 3682 1599 3682 1622 348 1626 348 1599 348 1627 3575 1625 3575 1624 3575 1628 2473 1625 2473 1627 2473 1622 400 1625 400 1628 400 1622 2377 1629 2377 1625 2377 1630 3537 1631 3537 1622 3537 1632 422 1630 422 1622 422 1631 2529 1629 2529 1622 2529 1612 2551 1632 2551 1622 2551 1633 645 1634 645 1612 645 1629 3356 1633 3356 1612 3356 1634 559 1632 559 1612 559 1635 3634 1629 3634 1631 3634 1629 437 1636 437 1633 437 1636 353 1629 353 1635 353 1637 516 1638 516 1639 516 1625 1589 1637 1589 1639 1589 1638 3379 1640 3379 1639 3379 1640 1659 1641 1659 1639 1659 1642 1801 1643 1801 1625 1801 1644 345 1642 345 1625 345 1629 3687 1645 3687 1625 3687 1645 561 1646 561 1625 561 1646 3646 1644 3646 1625 3646 1647 660 1637 660 1625 660 1643 3442 1647 3442 1625 3442 1648 621 1646 621 1645 621 1649 885 1648 885 1645 885 1643 3418 1650 3418 1647 3418 1649 3416 1651 3416 1648 3416 1652 2851 1641 2851 1640 2851 1649 633 1653 633 1651 633 1643 496 1652 496 1650 496 1653 2441 1643 2441 1642 2441 1649 2419 1643 2419 1653 2419 1643 1663 1641 1663 1652 1663 1643 760 1654 760 1641 760 1655 5292 1643 5292 1649 5292 1656 2860 1657 2860 1658 2860 1657 3183 1659 3183 1658 3183 1660 2291 1661 2291 1656 2291 1661 1680 1662 1680 1656 1680 1663 894 1657 894 1656 894 1662 2321 1663 2321 1656 2321 1664 3726 1665 3726 1656 3726 1665 2071 1660 2071 1656 2071 1659 97 1666 97 1658 97 1657 1139 1667 1139 1659 1139 1667 1658 1668 1658 1659 1658 1668 2057 1669 2057 1659 2057 1670 965 1671 965 1665 965 1671 1860 1660 1860 1665 1860 1672 2069 1670 2069 1665 2069 1673 3496 1662 3496 1661 3496 1662 2798 1674 2798 1663 2798 1672 3302 1675 3302 1670 3302 1676 3457 1669 3457 1668 3457 1672 2615 1662 2615 1675 2615 1677 655 1669 655 1676 655 1662 3145 1677 3145 1674 3145 1675 538 1662 538 1673 538 1662 1554 1669 1554 1677 1554 1678 2384 1662 2384 1672 2384 1679 981 1669 981 1662 981 1678 1340 1679 1340 1662 1340 1680 387 1681 387 1678 387 1682 3340 1680 3340 1678 3340 1681 2088 1683 2088 1678 2088 1684 1631 1679 1631 1678 1631 1683 3685 1684 3685 1678 3685 1682 3595 1685 3595 1680 3595 1682 399 1686 399 1685 399 1682 3346 1687 3346 1686 3346 1682 1113 1684 1113 1687 1113 1684 2440 1688 2440 1679 2440 1688 736 1689 736 1679 736 1690 3632 1691 3632 1684 3632 1691 415 1688 415 1684 415 1682 2143 1692 2143 1684 2143 1692 3363 1690 3363 1684 3363 1689 3660 1693 3660 1679 3660 1693 482 1692 482 1679 482 1692 423 1694 423 1690 423 1695 99 1692 99 1693 99 1692 3768 1695 3768 1694 3768 1696 3631 1697 3631 1698 3631 1699 3206 1697 3206 1696 3206 1700 2179 1692 2179 1682 2179 1701 3635 1702 3635 1682 3635 1703 4777 1704 4777 1682 4777 1705 3491 1703 3491 1682 3491 1704 211 1701 211 1682 211 1702 314 1700 314 1682 314 1705 381 1706 381 1703 381 1705 3337 1707 3337 1706 3337 1705 3362 1700 3362 1707 3362 1699 3280 1708 3280 1697 3280 1700 2850 1709 2850 1692 2850 1709 3466 1710 3466 1692 3466 1710 519 1711 519 1692 519 1711 1147 1712 1147 1692 1147 1713 337 1714 337 1700 337 1714 363 1709 363 1700 363 1705 1636 1715 1636 1700 1636 1715 849 1713 849 1700 849 1716 624 1717 624 1718 624 1708 2713 1716 2713 1718 2713 1699 1682 1719 1682 1708 1682 1720 100 1721 100 1708 100 1719 3796 1720 3796 1708 3796 1721 287 1722 287 1708 287 1722 3792 1716 3792 1708 3792 1717 1098 1723 1098 1718 1098 1723 1674 1724 1674 1718 1674 1715 3659 1725 3659 1713 3659 1726 3101 1712 3101 1711 3101 1715 3536 1726 3536 1725 3536 1715 3275 1712 3275 1726 3275 1719 3764 1727 3764 1720 3764 1728 3054 1724 3054 1723 3054 1719 1348 1724 1348 1728 1348 1719 713 1728 713 1727 713 1729 625 1715 625 1705 625 1718 2285 1715 2285 1729 2285 1718 569 1730 569 1715 569 1730 521 1731 521 1715 521 1732 259 1730 259 1718 259 1733 4024 1732 4024 1718 4024 1724 1560 1734 1560 1718 1560 1734 296 1733 296 1718 296 1735 3594 1715 3594 1731 3594 1734 4453 1736 4453 1733 4453 1737 3381 1715 3381 1735 3381 1734 3875 1737 3875 1736 3875 1734 744 1715 744 1737 744 1719 2776 1738 2776 1724 2776 1699 3756 1739 3756 1719 3756 1740 360 1739 360 1699 360 1741 2537 1724 2537 1738 2537 1742 573 1743 573 1740 573 1699 3485 1742 3485 1740 3485 1742 2897 1744 2897 1743 2897 1745 587 1724 587 1741 587 1744 2924 1724 2924 1745 2924 1744 2894 1745 2894 1743 2894 1746 3616 1744 3616 1742 3616 1734 860 1747 860 1715 860 1747 1726 1748 1726 1715 1726 1724 3665 1749 3665 1734 3665 1750 522 1749 522 1724 522 1751 2847 1748 2847 1747 2847 1724 3116 1752 3116 1750 3116 1724 1359 1748 1359 1752 1359 1752 3212 1748 3212 1751 3212 1753 255 1754 255 1755 255 1754 3711 1756 3711 1755 3711 1757 3655 1754 3655 1753 3655 1758 2935 1757 2935 1753 2935 1759 285 1760 285 1753 285 1760 3657 1761 3657 1753 3657 1762 3408 1763 3408 1759 3408 1763 3778 1760 3778 1759 3778 1764 2142 1762 2142 1759 2142 1765 3286 1766 3286 1759 3286 1767 393 1765 393 1759 393 1766 2148 1764 2148 1759 2148 1768 3675 1767 3675 1759 3675 1769 410 1767 410 1768 410 1770 2343 1769 2343 1768 2343 1771 285 1772 285 1768 285 1772 3683 1773 3683 1768 3683 1773 2043 1770 2043 1768 2043 1774 3779 1772 3779 1771 3779 1775 3404 1774 3404 1771 3404 1770 2138 1775 2138 1771 2138 1776 307 1777 307 1771 307 1777 293 1778 293 1771 293 1778 3671 1779 3671 1771 3671 1779 2146 1770 2146 1771 2146 1780 3644 1777 3644 1776 3644 1781 2024 1782 2024 1776 2024 1782 2813 1780 2813 1776 2813 1783 3694 1784 3694 1776 3694 1785 276 1783 276 1776 276 1784 2060 1781 2060 1776 2060 1786 3450 1787 3450 1785 3450 1787 3777 1783 3777 1785 3777 1788 2913 1781 2913 1785 2913 1781 1678 1786 1678 1785 1678 1756 391 1789 391 1755 391 1756 3200 1790 3200 1789 3200 1790 1513 1791 1513 1789 1513 1792 2123 1770 2123 1773 2123 1793 1485 1770 1485 1779 1485 1794 2810 1781 2810 1784 2810 1770 694 1795 694 1769 694 1796 2985 1753 2985 1761 2985 1758 1353 1791 1353 1790 1353 1795 838 1764 838 1766 838 1770 2322 1764 2322 1795 2322 1753 2171 1791 2171 1758 2171 1764 2086 1753 2086 1796 2086 1764 2144 1796 2144 1762 2144 1770 2105 1792 2105 1775 2105 1781 2097 1770 2097 1793 2097 1782 3029 1781 3029 1793 3029 1781 1393 1794 1393 1786 1393 1797 1111 1798 1111 1791 1111 1753 1880 1797 1880 1791 1880 1798 1531 1799 1531 1791 1531 1800 2915 1797 2915 1753 2915 1801 2099 1800 2099 1753 2099 1802 2098 1801 2098 1753 2098 1764 956 1802 956 1753 956 1770 1900 1803 1900 1764 1900 1803 3213 1804 3213 1764 3213 1804 1218 1805 1218 1764 1218 1806 2023 1803 2023 1770 2023 1807 2112 1806 2112 1770 2112 1808 1775 1809 1775 1770 1775 1809 1435 1810 1435 1770 1435 1810 2345 1807 2345 1770 2345 1811 2070 1808 2070 1770 2070 1812 3047 1813 3047 1770 3047 1781 2059 1812 2059 1770 2059 1813 1795 1811 1795 1770 1795 1814 2106 1815 2106 1781 2106 1815 2028 1812 2028 1781 2028 1816 2811 1817 2811 1781 2811 1817 2250 1814 2250 1781 2250 1788 2065 1818 2065 1781 2065 1819 1954 1816 1954 1781 1954 1818 1992 1819 1992 1781 1992 1820 2318 1818 2318 1788 2318 1821 843 1801 843 1802 843 1822 893 1799 893 1798 893 1818 368 1823 368 1819 368 1801 336 1824 336 1800 336 1805 541 1825 541 1764 541 1807 859 1826 859 1806 859 1811 581 1827 581 1808 581 1814 859 1828 859 1815 859 1829 749 1799 749 1822 749 1830 3716 1801 3716 1821 3716 1831 3629 1805 3629 1804 3629 1807 3743 1832 3743 1826 3743 1833 3708 1807 3708 1810 3708 1834 3629 1811 3629 1813 3629 1814 3743 1835 3743 1828 3743 1836 3713 1814 3713 1817 3713 1837 734 1829 734 1822 734 1801 3741 1837 3741 1824 3741 1805 3882 1830 3882 1825 3882 1832 3899 1805 3899 1831 3899 1811 3883 1833 3883 1827 3883 1835 3899 1811 3899 1834 3899 1818 3900 1836 3900 1823 3900 1801 3447 1829 3447 1837 3447 1805 197 1801 197 1830 197 1807 198 1805 198 1832 198 1811 197 1807 197 1833 197 1814 198 1811 198 1835 198 1818 218 1814 218 1836 218 1805 354 1829 354 1801 354 1807 356 1829 356 1805 356 1811 354 1829 354 1807 354 1814 355 1829 355 1811 355 1818 627 1829 627 1814 627 1838 5721 1839 5721 1840 5721 1841 2392 1842 2392 1840 2392 1842 2544 1838 2544 1840 2544 1843 1312 1844 1312 1840 1312 1844 3458 1841 3458 1840 3458 1845 3721 1846 3721 1843 3721 1846 175 1844 175 1843 175 1847 3589 1848 3589 1843 3589 1849 682 1850 682 1847 682 1851 642 1849 642 1847 642 1850 687 1852 687 1847 687 1852 684 1848 684 1847 684 1853 299 1842 299 1841 299 1843 3719 1854 3719 1845 3719 1855 3480 1842 3480 1853 3480 1856 428 1842 428 1855 428 1843 167 1856 167 1854 167 1843 3092 1842 3092 1856 3092 1848 2533 1842 2533 1843 2533 1852 2638 1857 2638 1848 2638 1851 3869 1858 3869 1849 3869 1859 343 1858 343 1851 343 1860 3373 1859 3373 1851 3373 1861 3433 1848 3433 1857 3433 1862 517 1848 517 1861 517 1860 2804 1848 2804 1862 2804 1860 3551 1863 3551 1859 3551 1863 830 1860 830 1862 830 1864 110 1860 110 1851 110 1865 2007 1866 2007 1842 2007 1867 2891 1865 2891 1842 2891 1868 1508 1867 1508 1842 1508 1848 1797 1868 1797 1842 1797 1869 528 1868 528 1848 528 1860 1514 1870 1514 1848 1514 1870 2714 1869 2714 1848 2714 1871 3729 1872 3729 1860 3729 1867 394 1871 394 1860 394 1872 451 1870 451 1860 451 1873 3762 1867 3762 1868 3762 1874 379 1867 379 1873 379 1875 2929 1867 2929 1874 2929 1876 3669 1867 3669 1875 3669 1867 3597 1876 3597 1871 3597 1866 1927 1877 1927 1842 1927 1877 3123 1878 3123 1842 3123 1878 735 1879 735 1842 735 1879 1304 1880 1304 1842 1304 1881 890 1882 890 1866 890 1882 598 1877 598 1866 598 1883 3547 1880 3547 1879 3547 1866 3224 1884 3224 1881 3224 1866 3064 1885 3064 1884 3064 1886 430 1880 430 1883 430 1880 3580 1886 3580 1885 3580 1866 2281 1880 2281 1885 2281 1887 1885 1880 1885 1866 1885 1888 2734 1889 2734 1866 2734 1889 3591 1890 3591 1866 3591 1890 3006 1887 3006 1866 3006 1891 3068 1888 3068 1866 3068 1865 1875 1891 1875 1866 1875 1892 479 1891 479 1865 479 1887 623 1893 623 1865 623 1893 3746 1892 3746 1865 3746 1894 463 1887 463 1890 463 1887 3075 1895 3075 1893 3075 1887 3344 1894 3344 1895 3344 1880 2025 1896 2025 1897 2025 1896 1544 1898 1544 1897 1544 1899 984 1896 984 1880 984 1900 1878 1901 1878 1880 1878 1901 2911 1899 2911 1880 2911 1887 1866 1900 1866 1880 1866 1898 535 1902 535 1897 535 1902 3724 1903 3724 1897 3724 1903 3265 1904 3265 1897 3265 1905 395 1904 395 1903 395 1900 3432 1906 3432 1901 3432 1900 628 1907 628 1906 628 1907 565 1904 565 1905 565 1900 1608 1904 1608 1907 1608 1908 3365 1909 3365 1900 3365 1887 1639 1908 1639 1900 1639 1910 534 1911 534 1887 534 1912 2194 1913 2194 1887 2194 1913 3255 1910 3255 1887 3255 1911 905 1908 905 1887 905 1914 1036 1900 1036 1909 1036 1912 3423 1915 3423 1913 3423 1916 3454 1900 3454 1914 3454 1912 1655 1900 1655 1916 1655 1912 3324 1917 3324 1915 3324 1917 904 1912 904 1916 904 1918 2100 1919 2100 1904 2100 1919 510 1920 510 1904 510 1920 3576 1921 3576 1904 3576 1921 2374 1922 2374 1904 2374 1900 1700 1918 1700 1904 1700 1923 3467 1924 3467 1900 3467 1924 611 1918 611 1900 611 1922 995 1923 995 1900 995 1912 2243 1922 2243 1900 2243 1925 3903 1922 3903 1921 3903 1922 3190 1926 3190 1923 3190 1927 309 1922 309 1925 309 1922 3021 1928 3021 1926 3021 1928 3410 1922 3410 1927 3410 1929 1895 1922 1895 1912 1895 1930 434 1931 434 1912 434 1931 3604 1932 3604 1912 3604 1932 1318 1929 1318 1912 1318 1933 3677 1934 3677 1912 3677 1935 525 1936 525 1912 525 1936 3769 1933 3769 1912 3769 1934 1135 1930 1135 1912 1135 1937 3473 1929 3473 1932 3473 1935 3538 1938 3538 1936 3538 1935 2826 1929 2826 1937 2826 1938 629 1935 629 1937 629 1929 3170 1939 3170 1922 3170 1939 3360 1940 3360 1922 3360 1940 531 1941 531 1922 531 1941 3460 1942 3460 1922 3460 1942 1609 1943 1609 1922 1609 1935 1816 1943 1816 1929 1816 1944 440 1943 440 1942 440 1943 2789 1945 2789 1929 2789 1943 1361 1946 1361 1945 1361 1946 3380 1943 3380 1944 3380 1947 2961 1943 2961 1935 2961 1948 376 1949 376 1947 376 1949 1632 1943 1632 1947 1632 1950 3374 1948 3374 1947 3374 1951 3609 1943 3609 1949 3609 1950 346 1952 346 1948 346 1953 523 1943 523 1951 523 1950 3525 1954 3525 1952 3525 1950 1710 1955 1710 1954 1710 1956 3223 1943 3223 1953 3223 1955 2338 1957 2338 1954 2338 1957 480 1943 480 1956 480 1955 1627 1943 1627 1957 1627 1950 2733 1958 2733 1955 2733 1958 490 1959 490 1955 490 1960 615 1958 615 1950 615 1961 502 1962 502 1950 502 1962 2835 1963 2835 1950 2835 1963 583 1960 583 1950 583 1964 5588 1961 5588 1950 5588 1965 3476 1955 3476 1959 3476 1962 3924 1966 3924 1963 3924 1967 125 1966 125 1962 125 1968 774 1967 774 1962 774 1969 574 1955 574 1965 574 1968 2415 1955 2415 1969 2415 1967 1369 1968 1369 1969 1369 1970 3242 1971 3242 1943 3242 1972 3481 1973 3481 1943 3481 1973 2559 1970 2559 1943 2559 1955 1640 1974 1640 1943 1640 1974 3720 1975 3720 1943 3720 1975 332 1972 332 1943 332 1976 3728 1977 3728 1955 3728 1978 3412 1976 3412 1955 3412 1977 204 1974 204 1955 204 1968 864 1979 864 1955 864 1980 3461 1970 3461 1973 3461 1978 3427 1981 3427 1976 3427 1978 3472 1982 3472 1981 3472 1982 520 1970 520 1980 520 1978 3166 1970 3166 1982 3166 1983 106 1979 106 1968 106 1970 65 1984 65 1971 65 1985 3193 1986 3193 1987 3193 1986 3499 1988 3499 1987 3499 1986 438 1989 438 1988 438 1989 3623 1990 3623 1988 3623 1991 2449 1985 2449 1987 2449 1992 2775 1993 2775 1991 2775 1993 599 1994 599 1991 599 1994 1618 1995 1618 1991 1618 1996 630 1993 630 1992 630 1997 1016 1996 1016 1992 1016 1998 3587 1990 3587 1989 3587 1991 2364 1999 2364 1985 2364 2000 352 1990 352 1998 352 2001 746 1995 746 1994 746 1991 536 2002 536 1999 536 2002 501 1990 501 2000 501 1991 3367 1990 3367 2002 3367 1995 1615 1990 1615 1991 1615 2003 3613 1992 3613 2004 3613 2005 3434 1995 3434 2001 3434 1992 3459 2005 3459 1997 3459 1992 1171 1995 1171 2005 1171 1995 1289 2006 1289 1990 1289 2007 1786 1995 1786 1992 1786 2008 262 2009 262 1992 262 2003 2393 2008 2393 1992 2393 2009 196 2010 196 1992 196 2010 664 2011 664 1992 664 2011 1871 2007 1871 1992 1871 2012 418 2008 418 2003 418 2013 2660 2014 2660 2003 2660 2014 3618 2012 3618 2003 3618 2015 3996 2011 3996 2010 3996 2013 952 2016 952 2014 952 2013 2077 2011 2077 2016 2077 2011 177 2015 177 2016 177 2017 3349 2018 3349 2006 3349 1995 1102 2017 1102 2006 1102 2019 3386 2017 3386 1995 3386 2020 504 2021 504 1995 504 2021 3437 2019 3437 1995 3437 2007 2585 2020 2585 1995 2585 2022 3839 2023 3839 2006 3839 2023 241 2007 241 2006 241 2018 570 2022 570 2006 570 2007 315 2024 315 2020 315 2007 4017 2023 4017 2024 4017 2025 1067 2026 1067 2013 1067 2026 3530 2027 3530 2013 3530 2027 3062 2028 3062 2013 3062 2029 1265 2030 1265 2013 1265 2030 2981 2025 2981 2013 2981 2031 3370 2030 3370 2029 3370 2032 426 2028 426 2027 426 2031 3141 2028 3141 2032 3141 2029 2418 2028 2418 2031 2418 2013 2017 2033 2017 2011 2017 2033 678 2034 678 2011 678 2034 3672 2035 3672 2011 3672 2035 439 2028 439 2011 439 2036 3698 2033 3698 2013 3698 2028 1238 2037 1238 2013 1238 2037 317 2036 317 2013 317 2038 3596 2028 3596 2035 3596 2028 357 2039 357 2037 357 2040 3572 2028 3572 2038 3572 2028 1980 2040 1980 2039 1980 2029 2137 2041 2137 2028 2137 2042 3110 2043 3110 2029 3110 2043 961 2044 961 2029 961 2044 2113 2041 2113 2029 2113 2045 1601 2042 1601 2029 1601 2046 2672 2047 2672 2045 2672 2047 3417 2042 3417 2045 3417 2048 1999 2046 1999 2045 1999 2049 723 2041 723 2044 723 2050 3015 2041 3015 2049 3015 2046 3272 2041 3272 2050 3272 2041 839 2051 839 2028 839 2051 1722 2052 1722 2028 1722 2053 1805 2054 1805 2028 1805 2052 2169 2053 2169 2028 2169 2046 1454 2054 1454 2041 1454 2055 2984 2054 2984 2053 2984 2054 730 2056 730 2041 730 2057 1041 2054 1041 2055 1041 2054 3132 2057 3132 2056 3132 2058 3348 2059 3348 2054 3348 2059 814 2060 814 2054 814 2060 1869 2061 1869 2054 1869 2046 1956 2058 1956 2054 1956 2061 2000 2062 2000 2054 2000 2063 1486 2058 1486 2046 1486 2048 1770 2064 1770 2046 1770 2064 3353 2063 3353 2046 3353 2065 3009 2061 3009 2060 3009 2048 3428 2066 3428 2064 3428 2066 1075 2061 1075 2065 1075 2048 1783 2061 1783 2066 1783 2067 3562 2068 3562 2054 3562 2069 1044 2067 1044 2054 1044 2068 3603 2070 3603 2054 3603 2070 453 2071 453 2054 453 2072 334 2069 334 2054 334 2062 4770 2072 4770 2054 4770 2073 3666 2071 3666 2070 3666 2074 600 2071 600 2073 600 2062 1096 2071 1096 2074 1096 2075 3529 2076 3529 2062 3529 2076 497 2077 497 2062 497 2077 1794 2078 1794 2062 1794 2061 2475 2075 2475 2062 2475 2078 1922 2071 1922 2062 1922 2079 1959 2075 1959 2061 1959 2078 1376 2080 1376 2061 1376 2080 282 2081 282 2061 282 2081 3645 2079 3645 2061 3645 2082 2012 2078 2012 2077 2012 2080 1172 2078 1172 2082 1172 2083 3678 2084 3678 2085 3678 2084 3619 2086 3619 2085 3619 2087 2600 2088 2600 2085 2600 2088 326 2083 326 2085 326 2089 4008 2086 4008 2084 4008 2090 228 2086 228 2089 228 2087 1066 2091 1066 2088 1066 2092 3558 2086 3558 2090 3558 2087 698 2086 698 2092 698 2087 3567 2092 3567 2091 3567 2071 2814 2093 2814 2085 2814 2093 1712 2087 1712 2085 1712 2094 161 2095 161 2071 161 2095 3316 2093 3316 2071 3316 2078 1347 2096 1347 2071 1347 2096 3863 2094 3863 2071 3863 2097 2656 2098 2656 2078 2656 2098 320 2099 320 2078 320 2099 3626 2096 3626 2078 3626 2100 3352 2093 3352 2095 3352 2097 3323 2101 3323 2098 3323 2102 3791 2093 3791 2100 3791 2093 1761 2102 1761 2101 1761 2097 2373 2093 2373 2101 2373 2086 708 2103 708 2104 708 2103 5049 2105 5049 2104 5049 2106 2484 2107 2484 2086 2484 2108 2432 2106 2432 2086 2432 2107 2694 2103 2694 2086 2694 2087 2198 2108 2198 2086 2198 2093 2747 2109 2747 2087 2747 2109 3270 2110 3270 2087 3270 2110 2866 2108 2866 2087 2866 2111 432 2109 432 2093 432 2112 1091 2111 1091 2093 1091 2097 3625 2113 3625 2093 3625 2107 3325 2114 3325 2103 3325 2114 367 2115 367 2103 367 2116 3573 2108 3573 2110 3573 2093 693 2117 693 2112 693 2118 305 2108 305 2116 305 2093 323 2118 323 2117 323 2119 3732 2103 3732 2115 3732 2108 2494 2120 2494 2106 2494 2093 3415 2108 3415 2118 3415 2119 3045 2121 3045 2103 3045 2122 3488 2121 3488 2119 3488 2108 3148 2121 3148 2120 3148 2121 1029 2122 1029 2120 1029 2123 7543 2124 7543 2125 7543 2126 7501 2124 7501 2123 7501 2124 6773 2127 6773 2125 6773 2128 6555 2126 6555 2123 6555 2124 6692 2129 6692 2127 6692 2130 5865 2128 5865 2123 5865 2129 5427 2131 5427 2127 5427 2132 4579 2133 4579 2130 4579 2133 4999 2128 4999 2130 4999 2129 4960 2134 4960 2131 4960 2134 216 2132 216 2131 216 2134 4040 2133 4040 2132 4040 2135 7261 2136 7261 2137 7261 2136 7011 2138 7011 2137 7011 2139 7240 2136 7240 2135 7240 2136 6987 2140 6987 2138 6987 2141 5604 2139 5604 2135 5604 2142 5373 2139 5373 2141 5373 2143 5281 2144 5281 2138 5281 2140 5219 2143 5219 2138 5219 2145 4218 2142 4218 2141 4218 2143 826 2145 826 2144 826 2143 4055 2142 4055 2145 4055 2146 7256 2147 7256 2148 7256 2149 9966 2146 9966 2148 9966 2150 6585 2149 6585 2148 6585 2146 6842 2151 6842 2147 6842 2152 6446 2149 6446 2150 6446 2151 5669 2153 5669 2147 5669 2154 5405 2152 5405 2150 5405 2151 5452 2155 5452 2153 5452 2156 5282 2152 5282 2154 5282 2157 4200 2156 4200 2154 4200 2155 4260 2158 4260 2153 4260 2158 3946 2157 3946 2153 3946 2158 4113 2156 4113 2157 4113 2159 9930 2160 9930 2161 9930 2160 7476 2162 7476 2161 7476 2163 6724 2159 6724 2161 6724 2164 6587 2159 6587 2163 6587 2160 6786 2165 6786 2162 6786 2165 5976 2166 5976 2162 5976 2167 5390 2164 5390 2163 5390 2165 5437 2168 5437 2166 5437 2169 5105 2164 5105 2167 5105 2168 4161 2170 4161 2166 4161 2170 3864 2169 3864 2167 3864 2168 4101 2169 4101 2170 4101 2171 10008 2172 10008 2173 10008 2174 6854 2171 6854 2173 6854 2172 6916 2175 6916 2173 6916 2176 6753 2171 6753 2174 6753 2172 6501 2177 6501 2175 6501 2177 5600 2178 5600 2175 5600 2179 5084 2176 5084 2174 5084 2177 5080 2180 5080 2178 5080 2181 4991 2176 4991 2179 4991 2180 4180 2182 4180 2178 4180 2182 3749 2181 3749 2179 3749 2180 3905 2181 3905 2182 3905 2183 7529 2184 7529 2185 7529 2183 7623 2186 7623 2184 7623 2187 6974 2183 6974 2185 6974 2188 6871 2183 6871 2187 6871 2186 6514 2189 6514 2184 6514 2186 6396 2190 6396 2189 6396 2191 5694 2188 5694 2187 5694 2190 5346 2192 5346 2189 5346 2190 5065 2193 5065 2192 5065 2194 5042 2188 5042 2191 5042 2195 4353 2194 4353 2191 4353 2193 3908 2195 3908 2192 3908 2193 4025 2194 4025 2195 4025 2196 7550 2197 7550 2198 7550 2196 7644 2199 7644 2197 7644 2200 6676 2196 6676 2198 6676 2201 6355 2200 6355 2198 6355 2199 6165 2202 6165 2197 6165 2199 6141 2203 6141 2202 6141 2204 4781 2205 4781 2201 4781 2205 4908 2200 4908 2201 4908 2203 4717 2206 4717 2202 4717 2206 4558 2207 4558 2202 4558 2207 288 2205 288 2204 288 2206 3790 2205 3790 2207 3790 2208 7504 2209 7504 2210 7504 2211 7435 2208 7435 2210 7435 2208 7348 2212 7348 2209 7348 2213 6758 2211 6758 2210 6758 2212 6274 2214 6274 2209 6274 2215 6393 2211 6393 2213 6393 2216 5445 2215 5445 2213 5445 2212 5644 2217 5644 2214 5644 2218 5153 2215 5153 2216 5153 2217 4524 2219 4524 2214 4524 2217 4355 2220 4355 2219 4355 2220 4046 2218 4046 2216 4046 2219 3782 2220 3782 2216 3782 2221 7558 2222 7558 2223 7558 2224 7423 2221 7423 2223 7423 2221 7433 2225 7433 2222 7433 2226 6886 2224 6886 2223 6886 2225 6622 2227 6622 2222 6622 2228 6356 2224 6356 2226 6356 2225 6254 2229 6254 2227 6254 2230 5770 2228 5770 2226 5770 2229 5288 2231 5288 2227 5288 2229 5069 2232 5069 2231 5069 2233 4677 2234 4677 2230 4677 2234 4834 2228 4834 2230 4834 2232 3805 2234 3805 2231 3805 2234 3680 2233 3680 2231 3680 2235 7471 2236 7471 2237 7471 2235 7450 2238 7450 2236 7450 2239 6580 2240 6580 2241 6580 2242 7036 2239 7036 2241 7036 2238 7262 2239 7262 2242 7262 2238 9992 2242 9992 2236 9992 2240 6198 2243 6198 2244 6198 2241 6234 2240 6234 2244 6234 2245 4591 2246 4591 2247 4591 2248 4729 2245 4729 2247 4729 2244 5449 2245 5449 2248 5449 2243 5454 2245 5454 2244 5454 2249 3980 2250 3980 2251 3980 2247 3992 2246 3992 2251 3992 2246 3968 2249 3968 2251 3968 2251 4697 2252 4697 2253 4697 2250 4538 2252 4538 2251 4538 2254 5231 2255 5231 2256 5231 2257 5264 2254 5264 2256 5264 2258 5248 2254 5248 2257 5248 2253 5260 2254 5260 2258 5260 2252 5270 2254 5270 2253 5270 2259 5984 2260 5984 2261 5984 2256 5805 2259 5805 2261 5805 2255 5420 2259 5420 2256 5420 2260 6306 2262 6306 2263 6306 2264 6308 2260 6308 2263 6308 2261 6305 2260 6305 2264 6305 2263 7091 2265 7091 2266 7091 2262 7074 2265 7074 2263 7074 2266 7594 2265 7594 2267 7594 2265 7574 2268 7574 2267 7574 2269 5001 2270 5001 2271 5001 2268 5681 2270 5681 2269 5681 2267 6553 2268 6553 2269 6553 2270 4243 2272 4243 2273 4243 2271 4250 2270 4250 2273 4250 2272 158 2274 158 2275 158 2273 3939 2272 3939 2275 3939 2276 4376 2277 4376 2275 4376 2274 4448 2276 4448 2275 4448 2276 5171 2278 5171 2277 5171 2276 5166 2279 5166 2278 5166 2280 5173 2279 5173 2276 5173 2281 5167 2279 5167 2280 5167 2282 5169 2283 5169 2281 5169 2283 5168 2279 5168 2281 5168 2284 5165 2283 5165 2282 5165 2285 8729 2273 8729 2275 8729 2277 8949 2285 8949 2275 8949 2266 8648 2271 8648 2273 8648 2285 8964 2263 8964 2273 8964 2263 9412 2266 9412 2273 9412 2137 8559 2138 8559 2277 8559 2278 8883 2137 8883 2277 8883 2138 8983 2285 8983 2277 8983 2266 9458 2267 9458 2271 9458 2267 9431 2269 9431 2271 9431 2264 8738 2135 8738 2278 8738 2135 8494 2137 8494 2278 8494 2264 8473 2141 8473 2135 8473 2144 9367 2285 9367 2138 9367 2264 9090 2145 9090 2141 9090 2145 8585 2285 8585 2144 8585 2264 8972 2285 8972 2145 8972 2279 8924 2264 8924 2278 8924 2154 8851 2150 8851 2285 8851 2150 9454 2148 9454 2285 9454 2148 8351 2263 8351 2285 8351 2264 8828 2154 8828 2285 8828 2148 8843 2147 8843 2263 8843 2147 8362 2153 8362 2263 8362 2153 9151 2264 9151 2263 9151 2264 9004 2157 9004 2154 9004 2157 8325 2264 8325 2153 8325 2166 9032 2264 9032 2279 9032 2161 8833 2162 8833 2279 8833 2162 9198 2166 9198 2279 9198 2283 9011 2163 9011 2279 9011 2163 8984 2161 8984 2279 8984 2283 8139 2167 8139 2163 8139 2283 8770 2286 8770 2167 8770 2286 9184 2170 9184 2167 9184 2286 9671 2166 9671 2170 9671 2286 8498 2179 8498 2166 8498 2179 9557 2174 9557 2166 9557 2174 8098 2173 8098 2166 8098 2173 8539 2264 8539 2166 8539 2173 8495 2175 8495 2264 8495 2175 9397 2178 9397 2264 9397 2178 9019 2261 9019 2264 9019 2286 8985 2261 8985 2179 8985 2182 9212 2261 9212 2178 9212 2261 8795 2182 8795 2179 8795 2286 8409 2256 8409 2261 8409 2287 8791 2256 8791 2286 8791 2187 9205 2185 9205 2256 9205 2287 8822 2187 8822 2256 8822 2185 8364 2184 8364 2256 8364 2184 8518 2257 8518 2256 8518 2189 9450 2257 9450 2184 9450 2287 9289 2191 9289 2187 9289 2192 9248 2257 9248 2189 9248 2287 8441 2195 8441 2191 8441 2195 8547 2257 8547 2192 8547 2287 9804 2257 9804 2195 9804 2288 8577 2289 8577 2286 8577 2290 9087 2291 9087 2286 9087 2291 8247 2288 8247 2286 8247 2289 8624 2287 8624 2286 8624 2289 9841 2292 9841 2287 9841 2292 8019 2293 8019 2287 8019 2293 8601 2290 8601 2287 8601 2290 8882 2257 8882 2287 8882 2294 9358 2290 9358 2293 9358 2290 8319 2294 8319 2291 8319 2290 8812 2258 8812 2257 8812 2290 8567 2295 8567 2258 8567 2213 8291 2210 8291 2258 8291 2210 8524 2209 8524 2258 8524 2295 9279 2213 9279 2258 9279 2209 8483 2214 8483 2258 8483 2214 8646 2253 8646 2258 8646 2295 8133 2216 8133 2213 8133 2219 9166 2253 9166 2214 9166 2295 8090 2219 8090 2216 8090 2295 8477 2253 8477 2219 8477 2296 9169 2201 9169 2290 9169 2201 8607 2198 8607 2290 8607 2198 8997 2295 8997 2290 8997 2198 9552 2197 9552 2295 9552 2197 9290 2202 9290 2295 9290 2202 9054 2296 9054 2295 9054 2296 9041 2253 9041 2295 9041 2296 8281 2204 8281 2201 8281 2207 9110 2296 9110 2202 9110 2296 8904 2207 8904 2204 8904 2296 8160 2237 8160 2253 8160 2237 8685 2251 8685 2253 8685 2237 8580 2132 8580 2251 8580 2123 8418 2125 8418 2251 8418 2125 9083 2247 9083 2251 9083 2132 8140 2130 8140 2251 8140 2130 8355 2123 8355 2251 8355 2127 8104 2247 8104 2125 8104 2131 9200 2247 9200 2127 9200 2132 8171 2247 8171 2131 8171 2226 9614 2223 9614 2237 9614 2223 8468 2132 8468 2237 8468 2236 8606 2244 8606 2132 8606 2244 9216 2247 9216 2132 9216 2223 9112 2222 9112 2132 9112 2222 9064 2227 9064 2132 9064 2227 8827 2236 8827 2132 8827 2244 8111 2248 8111 2247 8111 2237 8321 2230 8321 2226 8321 2231 8613 2236 8613 2227 8613 2237 9738 2233 9738 2230 9738 2237 8152 2236 8152 2233 8152 2233 9668 2236 9668 2231 9668 2236 8987 2241 8987 2244 8987 2236 9686 2242 9686 2241 9686 2284 5657 2286 5657 2283 5657 2284 5735 2297 5735 2286 5735 2297 6229 2290 6229 2286 6229 2298 6215 2290 6215 2297 6215 2298 6221 2296 6221 2290 6221 2299 6199 2296 6199 2298 6199 2299 6845 2237 6845 2296 6845 2299 6953 2235 6953 2237 6953 2300 2279 2274 2279 2272 2279 2262 2190 2300 2190 2272 2190 2300 2163 2276 2163 2274 2163 2265 2539 2262 2539 2272 2539 2270 1686 2265 1686 2272 1686 2140 2424 2136 2424 2276 2424 2300 2152 2140 2152 2276 2152 2268 1004 2265 1004 2270 1004 2136 1987 2139 1987 2276 1987 2139 2401 2280 2401 2276 2401 2300 782 2143 782 2140 782 2142 992 2280 992 2139 992 2143 1625 2280 1625 2142 1625 2300 2642 2280 2642 2143 2642 2300 2167 2260 2167 2280 2167 2262 1391 2146 1391 2300 1391 2146 733 2149 733 2300 733 2149 3320 2152 3320 2300 3320 2152 2564 2260 2564 2300 2564 2151 1299 2146 1299 2262 1299 2260 1848 2155 1848 2262 1848 2155 3025 2151 3025 2262 3025 2156 1077 2260 1077 2152 1077 2260 2486 2158 2486 2155 2486 2158 1375 2260 1375 2156 1375 2176 2073 2281 2073 2280 2073 2160 1966 2159 1966 2281 1966 2159 1771 2282 1771 2281 1771 2176 1661 2165 1661 2281 1661 2165 1572 2160 1572 2281 1572 2164 2822 2282 2822 2159 2822 2176 3256 2168 3256 2165 3256 2169 1003 2282 1003 2164 1003 2176 608 2169 608 2168 608 2176 3158 2282 3158 2169 3158 2176 2135 2284 2135 2282 2135 2280 1524 2171 1524 2176 1524 2259 2042 2284 2042 2176 2042 2177 2829 2172 2829 2280 2829 2260 2076 2177 2076 2280 2076 2172 1227 2171 1227 2280 1227 2260 2080 2180 2080 2177 2080 2181 1576 2259 1576 2176 1576 2180 2323 2260 2323 2181 2323 2260 560 2259 560 2181 560 2284 2975 2188 2975 2297 2975 2259 1991 2188 1991 2284 1991 2255 3554 2183 3554 2259 3554 2183 2324 2188 2324 2259 2324 2190 3103 2186 3103 2255 3103 2254 2372 2190 2372 2255 2372 2186 1440 2183 1440 2255 1440 2254 1377 2193 1377 2190 1377 2254 3456 2188 3456 2194 3456 2193 2211 2254 2211 2194 2211 2301 1403 2302 1403 2297 1403 2188 1687 2301 1687 2297 1687 2302 2680 2303 2680 2297 2680 2303 2442 2298 2442 2297 2442 2304 622 2301 622 2188 622 2305 3136 2304 3136 2188 3136 2254 2083 2298 2083 2188 2083 2298 1789 2305 1789 2188 1789 2298 2626 2306 2626 2305 2626 2307 2774 2298 2774 2303 2774 2306 1449 2298 1449 2307 1449 2208 1740 2211 1740 2254 1740 2211 1854 2308 1854 2254 1854 2308 2081 2298 2081 2254 2081 2212 2557 2208 2557 2254 2557 2252 1965 2212 1965 2254 1965 2215 1647 2308 1647 2211 1647 2252 2825 2217 2825 2212 2825 2218 861 2308 861 2215 861 2252 1170 2220 1170 2217 1170 2220 3196 2308 3196 2218 3196 2252 2189 2308 2189 2220 2189 2200 2331 2299 2331 2298 2331 2308 1672 2196 1672 2298 1672 2196 1822 2200 1822 2298 1822 2199 706 2196 706 2308 706 2203 3182 2199 3182 2308 3182 2299 2326 2203 2326 2308 2326 2252 2111 2299 2111 2308 2111 2205 1408 2299 1408 2200 1408 2299 1714 2206 1714 2203 1714 2299 1604 2205 1604 2206 1604 2235 1052 2299 1052 2252 1052 2250 911 2235 911 2252 911 2124 3087 2126 3087 2249 3087 2126 2643 2128 2643 2249 2643 2128 1929 2309 1929 2249 1929 2246 2864 2124 2864 2249 2864 2309 1784 2250 1784 2249 1784 2246 1261 2129 1261 2124 1261 2246 2973 2134 2973 2129 2973 2133 1212 2309 1212 2128 1212 2246 1032 2309 1032 2134 1032 2134 1367 2309 1367 2133 1367 2221 2879 2224 2879 2250 2879 2224 2786 2228 2786 2250 2786 2228 2498 2235 2498 2250 2498 2309 2496 2221 2496 2250 2496 2225 3100 2221 3100 2309 3100 2229 2671 2225 2671 2309 2671 2238 2796 2229 2796 2309 2796 2246 2035 2238 2035 2309 2035 2245 2722 2238 2722 2246 2722 2243 1137 2238 1137 2245 1137 2238 1541 2232 1541 2229 1541 2234 770 2235 770 2228 770 2238 1335 2235 1335 2234 1335 2238 953 2234 953 2232 953 2240 1704 2238 1704 2243 1704 2239 3489 2238 3489 2240 3489 2301 7474 2292 7474 2289 7474 2302 7267 2301 7267 2289 7267 2301 7309 2304 7309 2292 7309 2288 6766 2302 6766 2289 6766 2304 6550 2293 6550 2292 6550 2304 6128 2305 6128 2293 6128 2291 5456 2303 5456 2288 5456 2303 5978 2302 5978 2288 5978 2305 4869 2294 4869 2293 4869 2307 4868 2303 4868 2291 4868 2305 4779 2306 4779 2294 4779 2294 184 2307 184 2291 184 2306 3767 2307 3767 2294 3767 2310 220 2311 220 2312 220 2313 1401 2314 1401 2312 1401 2314 295 2310 295 2312 295 2315 1439 2316 1439 2313 1439 2316 3291 2317 3291 2313 3291 2318 1333 2314 1333 2313 1333 2317 1360 2319 1360 2313 1360 2320 2396 2318 2396 2313 2396 2319 3345 2320 3345 2313 3345 2321 1181 2315 1181 2313 1181 2322 1799 2321 1799 2313 1799 2323 2681 2322 2681 2313 2681 2324 4510 2323 4510 2313 4510 2325 2495 2326 2495 2318 2495 2320 2552 2325 2552 2318 2552 2327 3793 2326 3793 2325 3793 2317 3541 2328 3541 2319 3541 2329 396 2326 396 2327 396 2317 331 2330 331 2328 331 2331 485 2326 485 2329 485 2317 3668 2331 3668 2330 3668 2317 3210 2326 3210 2331 3210 2322 3298 2332 3298 2321 3298 2333 2876 2334 2876 2317 2876 2334 2087 2326 2087 2317 2087 2335 2687 2332 2687 2322 2687 2334 1500 2335 1500 2322 1500 2336 3001 2334 3001 2333 3001 2337 1012 2334 1012 2336 1012 2334 2874 2337 2874 2335 2874 2338 2101 2339 2101 2326 2101 2334 2118 2338 2118 2326 2118 2338 1882 2340 1882 2339 1882 2340 1952 2341 1952 2339 1952 2342 2602 2343 2602 2339 2602 2343 2485 2344 2485 2339 2485 2345 1114 2342 1114 2339 1114 2341 1835 2345 1835 2339 1835 2346 1213 2338 1213 2334 1213 2347 2014 2346 2014 2334 2014 2348 3826 2344 3826 2343 3826 2341 292 2349 292 2345 292 2350 261 2344 261 2348 261 2341 3648 2351 3648 2349 3648 2341 202 2352 202 2351 202 2352 155 2344 155 2350 155 2341 3785 2344 3785 2352 3785 2353 344 2341 344 2340 344 2354 3593 2341 3593 2353 3593 2341 2259 2355 2259 2344 2259 2354 2381 2356 2381 2341 2381 2356 1951 2355 1951 2341 1951 2357 2727 2358 2727 2347 2727 2358 3758 2359 3758 2347 3758 2359 311 2346 311 2347 311 2360 2478 2356 2478 2354 2478 2357 2061 2360 2061 2358 2061 2357 2520 2356 2520 2360 2520 2356 1504 2361 1504 2355 1504 2362 3321 2363 3321 2361 3321 2363 3186 2364 3186 2361 3186 2365 3606 2362 3606 2361 3606 2366 518 2365 518 2361 518 2356 1562 2366 1562 2361 1562 2367 3840 2364 3840 2363 3840 2366 291 2368 291 2365 291 2369 294 2364 294 2367 294 2366 3630 2370 3630 2368 3630 2370 3610 2364 3610 2369 3610 2366 500 2364 500 2370 500 2366 2054 2371 2054 2364 2054 2372 3641 2373 3641 2366 3641 2373 310 2374 310 2366 310 2374 3652 2375 3652 2366 3652 2375 666 2371 666 2366 666 2356 3209 2372 3209 2366 3209 2376 3612 2377 3612 2356 3612 2377 372 2372 372 2356 372 2371 3452 2378 3452 2356 3452 2378 304 2376 304 2356 304 2379 3605 2371 3605 2375 3605 2371 318 2380 318 2378 318 2380 489 2371 489 2379 489 2371 1814 2381 1814 2364 1814 2382 416 2383 416 2364 416 2383 696 2384 696 2364 696 2381 2852 2385 2852 2364 2852 2385 3376 2382 3376 2364 3376 2386 58 2387 58 2388 58 2389 465 2386 465 2388 465 2390 207 2384 207 2383 207 2391 3662 2384 3662 2390 3662 2381 882 2392 882 2385 882 2381 333 2393 333 2392 333 2394 3498 2384 3498 2391 3498 2381 2997 2384 2997 2394 2997 2393 3760 2381 3760 2394 3760 2381 2228 2395 2228 2384 2228 2396 169 2395 169 2381 169 2371 3622 2397 3622 2381 3622 2398 472 2397 472 2371 472 2399 1122 2398 1122 2371 1122 2400 227 2401 227 2388 227 2402 3522 2400 3522 2388 3522 2401 4117 2403 4117 2388 4117 2404 324 2395 324 2396 324 2399 277 2405 277 2398 277 2399 3663 2404 3663 2405 3663 2399 3707 2395 3707 2404 3707 2402 358 2406 358 2400 358 2388 3319 2407 3319 2389 3319 2408 148 2388 148 2403 148 2395 2558 2402 2558 2384 2558 2395 1488 2406 1488 2402 1488 2388 863 2409 863 2407 863 2408 351 2410 351 2388 351 2410 1853 2409 1853 2388 1853 2395 3518 2411 3518 2406 3518 2412 329 2410 329 2408 329 2395 798 2413 798 2411 798 2395 1073 2410 1073 2413 1073 2413 707 2410 707 2412 707 2414 3555 2415 3555 2409 3555 2415 468 2416 468 2409 468 2416 3250 2417 3250 2409 3250 2410 685 2414 685 2409 685 2418 303 2414 303 2410 303 2419 230 2420 230 2410 230 2420 231 2418 231 2410 231 2417 270 2419 270 2410 270 2395 1749 2417 1749 2410 1749 2417 3925 2421 3925 2419 3925 2422 3928 2417 3928 2416 3928 2417 347 2422 347 2421 347 2395 727 2423 727 2417 727 2424 9955 2425 9955 2426 9955 2425 7655 2427 7655 2426 7655 2425 6511 2428 6511 2427 6511 2429 6293 2424 6293 2426 6293 2425 6518 2430 6518 2428 6518 2431 6072 2424 6072 2429 6072 2430 5313 2432 5313 2428 5313 2432 5139 2433 5139 2428 5139 2434 4665 2431 4665 2429 4665 2435 4566 2431 4566 2434 4566 2432 4137 2435 4137 2433 4137 2435 3776 2434 3776 2433 3776 2436 7490 2437 7490 2438 7490 2439 6996 2440 6996 2438 6996 2440 7230 2436 7230 2438 7230 2436 7273 2441 7273 2437 7273 2441 6457 2442 6457 2437 6457 2443 6024 2440 6024 2439 6024 2444 5862 2440 5862 2443 5862 2441 5678 2445 5678 2442 5678 2445 5170 2446 5170 2442 5170 2447 4763 2444 4763 2443 4763 2448 4583 2444 4583 2447 4583 2445 4238 2449 4238 2446 4238 2445 4206 2448 4206 2449 4206 2449 234 2448 234 2447 234 2450 7754 2451 7754 2452 7754 2453 7266 2450 7266 2452 7266 2450 7665 2454 7665 2451 7665 2455 6713 2450 6713 2453 6713 2454 6392 2456 6392 2451 6392 2457 6395 2455 6395 2453 6395 2454 6397 2458 6397 2456 6397 2459 5372 2455 5372 2457 5372 2460 5057 2455 5057 2459 5057 2458 5128 2461 5128 2456 5128 2461 4751 2462 4751 2456 4751 2463 4220 2460 4220 2459 4220 2461 3935 2460 3935 2462 3935 2460 3860 2463 3860 2462 3860 2464 7469 2465 7469 2466 7469 2467 7359 2465 7359 2464 7359 2465 7291 2468 7291 2466 7291 2468 7119 2469 7119 2466 7119 2470 6299 2467 6299 2464 6299 2468 5867 2471 5867 2469 5867 2472 6007 2467 6007 2470 6007 2468 5742 2473 5742 2471 5742 2474 4900 2472 4900 2470 4900 2475 4674 2472 4674 2474 4674 2473 4529 2476 4529 2471 4529 2473 4461 2477 4461 2476 4461 2476 384 2477 384 2474 384 2477 300 2475 300 2474 300 2478 9954 2479 9954 2480 9954 2481 7280 2478 7280 2480 7280 2479 7102 2482 7102 2480 7102 2483 7009 2478 7009 2481 7009 2484 6323 2483 6323 2481 6323 2479 6655 2485 6655 2482 6655 2485 5834 2486 5834 2482 5834 2487 5442 2483 5442 2484 5442 2485 5197 2488 5197 2486 5197 2489 4757 2487 4757 2484 4757 2488 4494 2490 4494 2486 4494 2491 4248 2487 4248 2489 4248 2488 4067 2491 4067 2490 4067 2490 193 2491 193 2489 193 2492 7335 2493 7335 2494 7335 2493 7407 2495 7407 2494 7407 2495 7178 2496 7178 2494 7178 2495 6949 2497 6949 2496 6949 2498 6122 2493 6122 2492 6122 2497 6082 2499 6082 2496 6082 2500 6001 2493 6001 2498 6001 2497 5223 2501 5223 2499 5223 2501 4614 2502 4614 2499 4614 2503 4727 2504 4727 2498 4727 2504 4540 2500 4540 2498 4540 2502 190 2504 190 2503 190 2501 4071 2504 4071 2502 4071 2505 9858 2506 9858 2507 9858 2508 7219 2505 7219 2507 7219 2509 7103 2505 7103 2508 7103 2506 6960 2510 6960 2507 6960 2511 6079 2509 6079 2508 6079 2506 6152 2512 6152 2510 6152 2512 5973 2513 5973 2510 5973 2514 5979 2509 5979 2511 5979 2515 4836 2514 4836 2511 4836 2516 4775 2514 4775 2515 4775 2512 4690 2517 4690 2513 4690 2512 4567 2518 4567 2517 4567 2518 187 2515 187 2517 187 2518 3821 2516 3821 2515 3821 2519 7402 2520 7402 2521 7402 2522 7681 2519 7681 2521 7681 2523 6787 2522 6787 2521 6787 2519 7010 2524 7010 2520 7010 2525 6280 2523 6280 2521 6280 2524 6054 2526 6054 2520 6054 2527 5574 2523 5574 2525 5574 2524 5626 2528 5626 2526 5626 2529 4605 2527 4605 2525 4605 2528 4715 2530 4715 2526 4715 2528 4304 2531 4304 2530 4304 2531 298 2529 298 2530 298 2531 4188 2527 4188 2529 4188 2532 7308 2533 7308 2534 7308 2535 7448 2532 7448 2534 7448 2536 7329 2535 7329 2534 7329 2537 6817 2536 6817 2534 6817 2538 6375 2536 6375 2537 6375 2532 6237 2539 6237 2533 6237 2539 6102 2540 6102 2533 6102 2539 5015 2541 5015 2540 5015 2542 4970 2538 4970 2537 4970 2543 4899 2538 4899 2542 4899 2539 4829 2544 4829 2541 4829 2544 3942 2543 3942 2542 3942 2544 138 2542 138 2541 138 2545 9889 2546 9889 2547 9889 2546 7297 2548 7297 2547 7297 2549 7155 2545 7155 2547 7155 2546 6959 2550 6959 2548 6959 2550 6410 2551 6410 2548 6410 2552 6424 2545 6424 2549 6424 2553 6071 2552 6071 2549 6071 2550 5628 2554 5628 2551 5628 2554 5208 2555 5208 2551 5208 2556 4927 2557 4927 2553 4927 2557 5125 2552 5125 2553 5125 2554 4364 2558 4364 2555 4364 2559 4152 2557 4152 2556 4152 2554 4265 2559 4265 2558 4265 2558 306 2559 306 2556 306 2560 7509 2561 7509 2562 7509 2560 7514 2563 7514 2561 7514 2564 7153 2560 7153 2562 7153 2565 6830 2564 6830 2562 6830 2563 6466 2566 6466 2561 6466 2567 5859 2564 5859 2565 5859 2563 6178 2568 6178 2566 6178 2569 5629 2564 5629 2567 5629 2568 5033 2570 5033 2566 5033 2568 4825 2571 4825 2570 4825 2572 4535 2569 4535 2567 4535 2571 4122 2569 4122 2572 4122 2570 170 2571 170 2572 170 2573 3986 2574 3986 2575 3986 2576 3977 2573 3977 2575 3977 2574 265 2577 265 2575 265 2577 3999 2578 3999 2575 3999 2577 4589 2579 4589 2578 4589 2579 4696 2580 4696 2578 4696 2579 5257 2581 5257 2580 5257 2582 5249 2581 5249 2579 5249 2582 5234 2583 5234 2581 5234 2582 5241 2584 5241 2583 5241 2585 5254 2584 5254 2582 5254 2585 5255 2586 5255 2584 5255 2587 5256 2586 5256 2585 5256 2587 5240 2588 5240 2586 5240 2587 5238 2589 5238 2588 5238 2590 5239 2589 5239 2587 5239 2590 5243 2591 5243 2589 5243 2592 5251 2591 5251 2590 5251 2592 5242 2593 5242 2591 5242 2594 5261 2593 5261 2592 5261 2594 6104 2595 6104 2593 6104 2595 6522 2596 6522 2593 6522 2595 6943 2597 6943 2596 6943 2597 7473 2598 7473 2596 7473 2599 7463 2598 7463 2597 7463 2600 7498 2601 7498 2598 7498 2599 7453 2600 7453 2598 7453 2602 6602 2603 6602 2604 6602 2601 7305 2602 7305 2604 7305 2600 7397 2602 7397 2601 7397 2605 6227 2606 6227 2607 6227 2606 6197 2608 6197 2607 6197 2609 6220 2610 6220 2605 6220 2610 6228 2606 6228 2605 6228 2611 6226 2612 6226 2609 6226 2612 6223 2610 6223 2609 6223 2613 6222 2614 6222 2611 6222 2614 6202 2612 6202 2611 6202 2613 6218 2615 6218 2614 6218 2616 6205 2617 6205 2613 6205 2617 6219 2615 6219 2613 6219 2604 6214 2617 6214 2616 6214 2604 6232 2603 6232 2617 6232 2578 8664 2561 8664 2575 8664 2580 9155 2561 9155 2578 9155 2561 8223 2566 8223 2575 8223 2566 8697 2605 8697 2575 8697 2581 8597 2565 8597 2580 8597 2565 9411 2562 9411 2580 9411 2562 9227 2561 9227 2580 9227 2575 8118 2607 8118 2576 8118 2607 9625 2618 9625 2576 9625 2581 9737 2567 9737 2565 9737 2570 9443 2605 9443 2566 9443 2581 8100 2572 8100 2567 8100 2581 8412 2605 8412 2570 8412 2581 8189 2570 8189 2572 8189 2583 8874 2605 8874 2581 8874 2498 9582 2492 9582 2575 9582 2492 9448 2494 9448 2575 9448 2494 8647 2607 8647 2575 8647 2605 8602 2498 8602 2575 8602 2499 8068 2605 8068 2607 8068 2496 9594 2499 9594 2607 9594 2494 8517 2496 8517 2607 8517 2502 9021 2605 9021 2499 9021 2605 8288 2503 8288 2498 8288 2605 9126 2502 9126 2503 9126 2547 8969 2548 8969 2583 8969 2548 8339 2551 8339 2583 8339 2551 8701 2619 8701 2583 8701 2619 8772 2605 8772 2583 8772 2584 9331 2549 9331 2583 9331 2549 9410 2547 9410 2583 9410 2584 9701 2553 9701 2549 9701 2555 9687 2619 9687 2551 9687 2584 8257 2556 8257 2553 8257 2558 7904 2619 7904 2555 7904 2584 8271 2558 8271 2556 8271 2619 8656 2558 8656 2584 8656 2480 9020 2605 9020 2619 9020 2481 9584 2480 9584 2619 9584 2484 8052 2481 8052 2619 8052 2609 8922 2484 8922 2619 8922 2480 9276 2482 9276 2605 9276 2482 9312 2486 9312 2605 9312 2486 8042 2609 8042 2605 8042 2609 9284 2489 9284 2484 9284 2490 9457 2609 9457 2486 9457 2609 8478 2490 8478 2489 8478 2537 9513 2534 9513 2584 9513 2586 9048 2537 9048 2584 9048 2534 9034 2619 9034 2584 9034 2534 8029 2533 8029 2619 8029 2533 8832 2620 8832 2619 8832 2620 8877 2609 8877 2619 8877 2540 9600 2620 9600 2533 9600 2541 9353 2620 9353 2540 9353 2586 8450 2542 8450 2537 8450 2586 8487 2620 8487 2541 8487 2542 9712 2586 9712 2541 9712 2588 8926 2620 8926 2586 8926 2470 8265 2464 8265 2620 8265 2464 8792 2609 8792 2620 8792 2452 8879 2470 8879 2620 8879 2471 9483 2611 9483 2609 9483 2464 9219 2466 9219 2609 9219 2469 8053 2471 8053 2609 8053 2466 9266 2469 9266 2609 9266 2452 9379 2474 9379 2470 9379 2476 8241 2611 8241 2471 8241 2611 8595 2476 8595 2474 8595 2452 8834 2611 8834 2474 8834 2621 9265 2622 9265 2588 9265 2589 8960 2623 8960 2588 8960 2623 8040 2621 8040 2588 8040 2622 8783 2620 8783 2588 8783 2624 9502 2625 9502 2620 9502 2622 8150 2624 8150 2620 8150 2625 8813 2439 8813 2620 8813 2457 9613 2453 9613 2620 9613 2613 8719 2457 8719 2620 8719 2453 8267 2452 8267 2620 8267 2451 8642 2611 8642 2452 8642 2451 8919 2456 8919 2611 8919 2456 8574 2613 8574 2611 8574 2589 8218 2626 8218 2623 8218 2627 8212 2439 8212 2625 8212 2589 9101 2627 9101 2626 9101 2589 8848 2439 8848 2627 8848 2613 8233 2459 8233 2457 8233 2462 9288 2613 9288 2456 9288 2613 8912 2463 8912 2459 8912 2463 8328 2613 8328 2462 8328 2521 8971 2520 8971 2589 8971 2591 9349 2525 9349 2589 9349 2525 8192 2521 8192 2589 8192 2520 8938 2616 8938 2589 8938 2616 8895 2439 8895 2589 8895 2439 8818 2613 8818 2620 8818 2526 9527 2616 9527 2520 9527 2591 8345 2529 8345 2525 8345 2530 8264 2616 8264 2526 8264 2529 8108 2616 8108 2530 8108 2591 8860 2616 8860 2529 8860 2438 9631 2613 9631 2439 9631 2616 7871 2443 7871 2439 7871 2438 8312 2437 8312 2613 8312 2437 8878 2442 8878 2613 8878 2442 8920 2616 8920 2613 8920 2446 7816 2616 7816 2442 7816 2616 9177 2447 9177 2443 9177 2449 8451 2616 8451 2446 8451 2616 9115 2449 9115 2447 9115 2508 8426 2507 8426 2591 8426 2593 8273 2508 8273 2591 8273 2507 9191 2510 9191 2591 9191 2598 8806 2616 8806 2591 8806 2510 8921 2598 8921 2591 8921 2598 8814 2426 8814 2616 8814 2593 9669 2511 9669 2508 9669 2513 9678 2598 9678 2510 9678 2593 8533 2515 8533 2511 8533 2517 8248 2598 8248 2513 8248 2593 8342 2596 8342 2515 8342 2596 8509 2598 8509 2517 8509 2515 9268 2596 9268 2517 9268 2598 9233 2429 9233 2426 9233 2426 8990 2427 8990 2616 8990 2427 8326 2428 8326 2616 8326 2428 8910 2604 8910 2616 8910 2433 7976 2604 7976 2428 7976 2598 8992 2434 8992 2429 8992 2434 8434 2604 8434 2433 8434 2598 8438 2604 8438 2434 8438 2601 9509 2604 9509 2598 9509 2618 4731 2573 4731 2576 4731 2608 4920 2573 4920 2618 4920 2607 5745 2608 5745 2618 5745 2579 3233 2577 3233 2574 3233 2563 1194 2560 1194 2574 1194 2560 2942 2579 2942 2574 2942 2628 1843 2568 1843 2574 1843 2568 2807 2563 2807 2574 2807 2560 3022 2564 3022 2579 3022 2564 2899 2582 2899 2579 2899 2608 2527 2574 2527 2573 2527 2569 2871 2582 2871 2564 2871 2628 1723 2571 1723 2568 1723 2571 2115 2582 2115 2569 2115 2628 1823 2582 1823 2571 1823 2608 1779 2495 1779 2574 1779 2495 3111 2493 3111 2574 3111 2606 1841 2628 1841 2574 1841 2500 1877 2606 1877 2574 1877 2493 755 2500 755 2574 755 2606 1136 2497 1136 2608 1136 2497 2664 2495 2664 2608 2664 2606 3539 2501 3539 2497 3539 2504 2670 2606 2670 2500 2670 2606 1063 2504 1063 2501 1063 2628 2206 2550 2206 2582 2206 2550 1416 2546 1416 2582 1416 2546 2833 2545 2833 2582 2833 2545 2817 2552 2817 2582 2817 2552 2574 2585 2574 2582 2574 2628 3113 2554 3113 2550 3113 2557 1561 2585 1561 2552 1561 2628 1315 2559 1315 2554 1315 2559 2885 2585 2885 2557 2885 2628 1510 2585 1510 2559 1510 2628 1934 2450 1934 2585 1934 2483 2166 2610 2166 2628 2166 2478 2425 2483 2425 2628 2425 2606 1988 2478 1988 2628 1988 2610 1177 2485 1177 2606 1177 2485 2402 2479 2402 2606 2402 2479 2873 2478 2873 2606 2873 2487 2953 2610 2953 2483 2953 2610 3429 2488 3429 2485 3429 2491 2172 2610 2172 2487 2172 2610 1048 2491 1048 2488 1048 2450 1912 2539 1912 2585 1912 2539 1169 2532 1169 2585 1169 2532 1872 2535 1872 2585 1872 2610 1906 2467 1906 2628 1906 2467 1957 2450 1957 2628 1957 2535 2884 2536 2884 2585 2884 2536 1228 2538 1228 2585 1228 2538 2252 2587 2252 2585 2252 2450 1628 2544 1628 2539 1628 2543 1394 2587 1394 2538 1394 2544 2104 2587 2104 2543 2104 2450 2031 2587 2031 2544 2031 2467 2466 2612 2466 2450 2466 2472 833 2612 833 2467 833 2610 3261 2465 3261 2467 3261 2468 1205 2465 1205 2610 1205 2612 2939 2473 2939 2610 2939 2473 915 2468 915 2610 915 2475 3078 2612 3078 2472 3078 2612 1045 2477 1045 2473 1045 2477 1249 2612 1249 2475 1249 2629 2436 2630 2436 2587 2436 2630 650 2631 650 2587 650 2631 3005 2590 3005 2587 3005 2632 2056 2633 2056 2587 2056 2633 2576 2629 2576 2587 2576 2450 1942 2632 1942 2587 1942 2455 3478 2632 3478 2450 3478 2614 2842 2454 2842 2612 2842 2454 2948 2450 2948 2612 2948 2632 1105 2634 1105 2633 1105 2635 875 2590 875 2631 875 2632 1276 2636 1276 2634 1276 2636 2632 2590 2632 2635 2632 2632 2010 2590 2010 2636 2010 2615 3051 2461 3051 2614 3051 2461 2245 2458 2245 2614 2245 2458 1011 2454 1011 2614 1011 2460 1283 2632 1283 2455 1283 2615 2145 2632 2145 2460 2145 2615 1551 2460 1551 2461 1551 2519 2676 2522 2676 2590 2676 2522 1035 2523 1035 2590 1035 2523 3204 2592 3204 2590 3204 2524 1746 2519 1746 2590 1746 2617 1902 2524 1902 2590 1902 2632 2298 2617 2298 2590 2298 2615 2455 2436 2455 2632 2455 2617 2934 2528 2934 2524 2934 2527 1175 2592 1175 2523 1175 2617 998 2531 998 2528 998 2531 1101 2592 1101 2527 1101 2617 2335 2592 2335 2531 2335 2436 1078 2440 1078 2632 1078 2440 2832 2444 2832 2632 2832 2444 2319 2617 2319 2632 2319 2441 1322 2436 1322 2615 1322 2617 2970 2445 2970 2615 2970 2445 910 2441 910 2615 910 2448 1831 2617 1831 2444 1831 2617 2480 2448 2480 2445 2480 2505 1201 2509 1201 2592 1201 2506 2064 2505 2064 2592 2064 2509 2887 2594 2887 2592 2887 2599 1824 2512 1824 2592 1824 2512 1184 2506 1184 2592 1184 2617 2015 2599 2015 2592 2015 2424 1642 2599 1642 2617 1642 2514 801 2594 801 2509 801 2516 2561 2594 2561 2514 2561 2599 1487 2518 1487 2512 1487 2595 2956 2594 2956 2516 2956 2518 1027 2595 1027 2516 1027 2599 2737 2595 2737 2518 2737 2597 1082 2595 1082 2599 1082 2425 1237 2424 1237 2617 1237 2603 2668 2432 2668 2617 2668 2432 771 2430 771 2617 771 2430 1830 2425 1830 2617 1830 2431 3165 2599 3165 2424 3165 2435 537 2599 537 2431 537 2603 2260 2435 2260 2432 2260 2603 2240 2599 2240 2435 2240 2603 3180 2600 3180 2599 3180 2602 766 2600 766 2603 766 2621 7484 2630 7484 2622 7484 2630 10001 2629 10001 2622 10001 2629 7028 2624 7028 2622 7028 2623 6419 2631 6419 2621 6419 2631 6459 2630 6459 2621 6459 2629 6300 2633 6300 2624 6300 2633 5995 2625 5995 2624 5995 2626 5062 2631 5062 2623 5062 2635 4964 2631 4964 2626 4964 2633 4955 2634 4955 2625 4955 2634 4648 2627 4648 2625 4648 2636 4133 2635 4133 2626 4133 2634 4158 2636 4158 2627 4158 2627 152 2636 152 2626 152 2637 7587 2638 7587 2639 7587 2638 7257 2640 7257 2639 7257 2641 7218 2637 7218 2639 7218 2638 7246 2642 7246 2640 7246 2643 6137 2644 6137 2641 6137 2644 6374 2637 6374 2641 6374 2642 6042 2645 6042 2640 6042 2645 5581 2646 5581 2640 5581 2647 4780 2644 4780 2643 4780 2648 4587 2647 4587 2643 4587 2645 4298 2647 4298 2646 4298 2647 3737 2648 3737 2646 3737 2649 7597 2650 7597 2651 7597 2649 7584 2652 7584 2650 7584 2652 7029 2653 7029 2650 7029 2653 6320 2654 6320 2650 6320 2655 6505 2649 6505 2651 6505 2656 6034 2655 6034 2651 6034 2653 5703 2657 5703 2654 5703 2658 5158 2655 5158 2656 5158 2657 4428 2659 4428 2654 4428 2659 4166 2658 4166 2656 4166 2660 4102 2658 4102 2659 4102 2657 4239 2660 4239 2659 4239 2661 7383 2662 7383 2663 7383 2664 7080 2661 7080 2663 7080 2661 7371 2665 7371 2662 7371 2666 7090 2661 7090 2664 7090 2667 5845 2666 5845 2664 5845 2665 5802 2668 5802 2662 5802 2665 5665 2669 5665 2668 5665 2670 5312 2667 5312 2664 5312 2669 4358 2671 4358 2668 4358 2672 4500 2667 4500 2670 4500 2671 3830 2672 3830 2670 3830 2669 4157 2672 4157 2671 4157 2673 7307 2674 7307 2675 7307 2676 7366 2673 7366 2675 7366 2673 7223 2677 7223 2674 7223 2678 6775 2676 6775 2675 6775 2677 6177 2679 6177 2674 6177 2677 6067 2680 6067 2679 6067 2681 5457 2676 5457 2678 5457 2682 5443 2676 5443 2681 5443 2680 4878 2683 4878 2679 4878 2680 4646 2684 4646 2683 4646 2685 4299 2682 4299 2681 4299 2684 4165 2682 4165 2685 4165 2684 194 2685 194 2683 194 2686 7432 2687 7432 2688 7432 2687 7226 2689 7226 2688 7226 2690 6783 2691 6783 2688 6783 2691 6954 2686 6954 2688 6954 2687 6033 2692 6033 2689 6033 2692 6065 2693 6065 2689 6065 2694 5765 2691 5765 2690 5765 2695 5099 2694 5099 2690 5099 2692 4745 2696 4745 2693 4745 2697 4366 2694 4366 2695 4366 2692 4432 2697 4432 2696 4432 2696 128 2697 128 2695 128 2698 7377 2699 7377 2700 7377 2698 7580 2701 7580 2699 7580 2702 6909 2698 6909 2700 6909 2703 6344 2702 6344 2700 6344 2701 6143 2704 6143 2699 6143 2704 6046 2705 6046 2699 6046 2706 4929 2702 4929 2703 4929 2704 5081 2707 5081 2705 5081 2708 4919 2702 4919 2706 4919 2707 4557 2709 4557 2705 4557 2707 4005 2708 4005 2709 4005 2708 205 2706 205 2709 205 2710 7695 2711 7695 2712 7695 2710 7692 2713 7692 2711 7692 2713 7696 2714 7696 2711 7696 2715 7693 2714 7693 2713 7693 2715 7701 2716 7701 2714 7701 2717 7689 2716 7689 2715 7689 2718 7458 2719 7458 2720 7458 2721 7455 2719 7455 2718 7455 2721 7456 2712 7456 2719 7456 2721 7454 2710 7454 2712 7454 2722 7210 2723 7210 2724 7210 2722 7202 2720 7202 2723 7202 2718 7200 2720 7200 2722 7200 2725 3651 2726 3651 2727 3651 2728 3620 2726 3620 2725 3620 2726 3849 2729 3849 2727 3849 2729 4678 2730 4678 2727 4678 2729 4877 2731 4877 2730 4877 2732 10025 2733 10025 2734 10025 2733 9898 2735 9898 2734 9898 2735 7237 2736 7237 2734 7237 2737 6819 2738 6819 2732 6819 2738 6734 2733 6734 2732 6734 2735 6992 2739 6992 2736 6992 2739 5814 2740 5814 2736 5814 2741 5853 2738 5853 2737 5853 2739 5608 2742 5608 2740 5608 2743 5406 2738 5406 2741 5406 2744 4396 2743 4396 2741 4396 2742 4297 2744 4297 2740 4297 2742 4308 2745 4308 2744 4308 2745 4160 2743 4160 2744 4160 2732 9934 2734 9934 2746 9934 2734 5819 2747 5819 2746 5819 2748 7303 2732 7303 2749 7303 2737 7277 2732 7277 2748 7277 2750 6862 2737 6862 2748 6862 2736 7559 2751 7559 2752 7559 2736 8092 2753 8092 2751 8092 2740 9900 2753 9900 2736 9900 2754 6889 2753 6889 2740 6889 2755 7197 2741 7197 2756 7197 2755 7152 2744 7152 2741 7152 2744 10066 2757 10066 2740 10066 2758 10087 2744 10087 2755 10087 2759 7279 2757 7279 2744 7279 2758 10000 2760 10000 2744 10000 2761 9990 2762 9990 2763 9990 2762 7357 2764 7357 2763 7357 2764 7270 2765 7270 2763 7270 2766 6558 2762 6558 2761 6558 2765 6345 2767 6345 2763 6345 2768 6097 2762 6097 2766 6097 2765 5685 2769 5685 2767 5685 2770 4911 2768 4911 2766 4911 2771 4644 2768 4644 2770 4644 2769 4590 2772 4590 2767 4590 2769 4018 2770 4018 2772 4018 2769 3599 2771 3599 2770 3599 2773 7342 2774 7342 2775 7342 2774 9899 2776 9899 2775 9899 2777 7089 2774 7089 2773 7089 2776 6743 2778 6743 2775 6743 2779 6080 2777 6080 2773 6080 2776 6409 2780 6409 2778 6409 2781 5444 2777 5444 2779 5444 2780 4986 2782 4986 2778 4986 2780 4703 2783 4703 2782 4703 2784 4379 2781 4379 2779 4379 2783 4167 2781 4167 2784 4167 2783 191 2784 191 2782 191 2785 9983 2786 9983 2787 9983 2786 7664 2788 7664 2787 7664 2789 6810 2786 6810 2785 6810 2788 6652 2790 6652 2787 6652 2790 6491 2791 6491 2787 6491 2792 6268 2786 6268 2789 6268 2793 5486 2792 5486 2789 5486 2790 5149 2794 5149 2791 5149 2794 4939 2795 4939 2791 4939 2796 4506 2797 4506 2793 4506 2797 4642 2792 4642 2793 4642 2794 3945 2797 3945 2795 3945 2797 3570 2796 3570 2795 3570 2798 10007 2799 10007 2800 10007 2799 7213 2801 7213 2800 7213 2802 6962 2798 6962 2800 6962 2799 6706 2803 6706 2801 6706 2804 6037 2805 6037 2802 6037 2805 6257 2798 6257 2802 6257 2803 5778 2806 5778 2801 5778 2803 5349 2807 5349 2806 5349 2808 4739 2805 4739 2804 4739 2807 4545 2809 4545 2806 4545 2810 4539 2805 4539 2808 4539 2809 188 2810 188 2808 188 2807 4135 2810 4135 2809 4135 2811 7506 2812 7506 2813 7506 2811 7672 2814 7672 2812 7672 2815 7140 2811 7140 2813 7140 2814 6579 2816 6579 2812 6579 2817 6330 2815 6330 2813 6330 2814 6111 2818 6111 2816 6111 2819 5662 2815 5662 2817 5662 2818 5129 2820 5129 2816 5129 2821 4761 2819 4761 2817 4761 2822 4323 2819 4323 2821 4323 2818 4371 2822 4371 2820 4371 2822 237 2821 237 2820 237 2823 9961 2824 9961 2825 9961 2824 7232 2826 7232 2825 7232 2824 7078 2827 7078 2826 7078 2828 6797 2823 6797 2825 6797 2829 6327 2823 6327 2828 6327 2830 5692 2829 5692 2828 5692 2827 5621 2831 5621 2826 5621 2827 5653 2832 5653 2831 5653 2833 5034 2829 5034 2830 5034 2834 4465 2833 4465 2830 4465 2832 4666 2835 4666 2831 4666 2835 217 2834 217 2831 217 2835 3919 2833 3919 2834 3919 2836 5013 2837 5013 2838 5013 2839 5087 2836 5087 2838 5087 2840 5809 2836 5809 2839 5809 2841 5846 2836 5846 2840 5846 2838 4333 2837 4333 2842 4333 2837 4336 2843 4336 2842 4336 2843 137 2844 137 2842 137 2844 4138 2845 4138 2842 4138 2844 4786 2846 4786 2845 4786 2846 4787 2847 4787 2845 4787 2846 4147 2848 4147 2847 4147 2846 4114 2849 4114 2848 4114 2850 3700 2851 3700 2852 3700 2848 3696 2850 3696 2852 3696 2848 3702 2849 3702 2850 3702 2851 3985 2853 3985 2854 3985 2852 3987 2851 3987 2854 3987 2854 4249 2855 4249 2856 4249 2855 4255 2857 4255 2856 4255 2854 4256 2858 4256 2855 4256 2854 4253 2853 4253 2858 4253 2856 4841 2859 4841 2860 4841 2857 4769 2859 4769 2856 4769 2860 5727 2861 5727 2862 5727 2860 5729 2859 5729 2861 5729 2861 4393 2728 4393 2725 4393 2862 4865 2861 4865 2725 4865 2728 2766 2774 2766 2726 2766 2774 1724 2777 1724 2726 1724 2777 3060 2731 3060 2726 3060 2731 610 2729 610 2726 610 2776 900 2774 900 2728 900 2783 3129 2780 3129 2728 3129 2780 1054 2776 1054 2728 1054 2861 2964 2783 2964 2728 2964 2824 2058 2783 2058 2861 2058 2827 1748 2824 1748 2861 1748 2859 1837 2827 1837 2861 1837 2781 1146 2731 1146 2777 1146 2783 2679 2731 2679 2781 2679 2783 1892 2665 1892 2731 1892 2829 1896 2863 1896 2783 1896 2824 1573 2823 1573 2783 1573 2823 1652 2829 1652 2783 1652 2863 1983 2665 1983 2783 1983 2859 756 2832 756 2827 756 2833 1819 2863 1819 2829 1819 2859 2464 2835 2464 2832 2464 2859 1870 2863 1870 2833 1870 2835 1852 2859 1852 2833 1852 2661 2507 2666 2507 2731 2507 2666 2022 2864 2022 2731 2022 2665 1285 2661 1285 2731 1285 2863 2333 2865 2333 2665 2333 2859 2178 2865 2178 2863 2178 2667 1428 2864 1428 2666 1428 2865 3219 2669 3219 2665 3219 2672 1242 2864 1242 2667 1242 2865 593 2672 593 2669 593 2865 2781 2864 2781 2672 2781 2857 3108 2865 3108 2859 3108 2722 1204 2864 1204 2865 1204 2857 1568 2855 1568 2865 1568 2855 1405 2722 1405 2865 1405 2843 1252 2762 1252 2844 1252 2765 484 2764 484 2843 484 2837 2801 2765 2801 2843 2801 2764 2565 2762 2565 2843 2565 2722 765 2866 765 2864 765 2762 1074 2768 1074 2844 1074 2768 2423 2867 2423 2844 2423 2837 1229 2769 1229 2765 1229 2837 1152 2841 1152 2769 1152 2771 1221 2867 1221 2768 1221 2841 1409 2771 1409 2769 1409 2841 2134 2867 2134 2771 2134 2836 1519 2841 1519 2837 1519 2811 1154 2815 1154 2855 1154 2814 738 2811 738 2855 738 2858 3237 2814 3237 2855 3237 2815 2407 2722 2407 2855 2407 2858 1014 2818 1014 2814 1014 2819 2941 2722 2941 2815 2941 2858 1226 2822 1226 2818 1226 2822 778 2722 778 2819 778 2858 1473 2722 1473 2822 1473 2788 806 2786 806 2844 806 2786 2910 2846 2910 2844 2910 2790 2820 2788 2820 2844 2820 2867 2116 2790 2116 2844 2116 2792 646 2846 646 2786 646 2867 1013 2794 1013 2790 1013 2797 2406 2846 2406 2792 2406 2867 3422 2797 3422 2794 3422 2867 2219 2846 2219 2797 2219 2858 2330 2638 2330 2722 2330 2642 604 2638 604 2858 604 2718 2126 2645 2126 2858 2126 2645 1479 2642 1479 2858 1479 2853 2041 2718 2041 2858 2041 2637 986 2722 986 2638 986 2644 2931 2722 2931 2637 2931 2644 578 2647 578 2722 578 2647 2655 2718 2655 2722 2655 2718 1587 2647 1587 2645 1587 2868 1803 2718 1803 2853 1803 2869 1932 2846 1932 2867 1932 2851 817 2735 817 2853 817 2735 3176 2733 3176 2853 3176 2733 2462 2738 2462 2853 2462 2738 1851 2868 1851 2853 1851 2742 700 2739 700 2851 700 2739 3440 2735 3440 2851 3440 2868 2311 2742 2311 2851 2311 2743 1288 2868 1288 2738 1288 2868 799 2745 799 2742 799 2745 2962 2868 2962 2743 2962 2850 1272 2798 1272 2851 1272 2798 1467 2868 1467 2851 1467 2803 1567 2799 1567 2850 1567 2870 2162 2803 2162 2850 2162 2799 3426 2798 3426 2850 3426 2849 2164 2870 2164 2850 2164 2805 1325 2868 1325 2798 1325 2870 1115 2807 1115 2803 1115 2810 3372 2868 3372 2805 3372 2870 1575 2868 1575 2810 1575 2870 2980 2810 2980 2807 2980 2869 602 2849 602 2846 602 2686 722 2691 722 2718 722 2868 2893 2686 2893 2718 2893 2687 792 2686 792 2868 792 2692 2772 2687 2772 2868 2772 2698 2438 2692 2438 2868 2438 2870 2445 2698 2445 2868 2445 2869 2315 2870 2315 2849 2315 2691 3017 2694 3017 2718 3017 2694 2889 2697 2889 2718 2889 2697 2471 2721 2471 2718 2471 2721 2543 2697 2543 2692 2543 2698 1862 2721 1862 2692 1862 2702 1498 2721 1498 2698 1498 2870 580 2701 580 2698 580 2704 1216 2701 1216 2870 1216 2676 1730 2870 1730 2869 1730 2870 3077 2707 3077 2704 3077 2870 2586 2710 2586 2707 2586 2708 1001 2721 1001 2702 1001 2710 2777 2708 2777 2707 2777 2710 3124 2721 3124 2708 3124 2713 2005 2710 2005 2870 2005 2652 1566 2649 1566 2870 1566 2676 1777 2652 1777 2870 1777 2649 1462 2655 1462 2870 1462 2655 1731 2713 1731 2870 1731 2653 795 2652 795 2676 795 2657 3231 2653 3231 2676 3231 2658 1002 2713 1002 2655 1002 2676 590 2660 590 2657 590 2660 3300 2713 3300 2658 3300 2676 2892 2713 2892 2660 2892 2715 2351 2713 2351 2676 2351 2869 3574 2673 3574 2676 3574 2677 1220 2673 1220 2869 1220 2871 1796 2680 1796 2869 1796 2680 3249 2677 3249 2869 3249 2682 1134 2715 1134 2676 1134 2871 974 2684 974 2680 974 2684 2841 2715 2841 2682 2841 2871 2472 2715 2472 2684 2472 2871 752 2717 752 2715 752 2864 5463 2866 5463 2872 5463 2866 6020 2724 6020 2872 6020 2866 6405 2722 6405 2724 6405 2872 8928 2663 8928 2873 8928 2663 6474 2874 6474 2873 6474 2663 9975 2875 9975 2874 9975 2663 7832 2876 7832 2875 7832 2663 9680 2877 9680 2876 9680 2663 8188 2878 8188 2877 8188 2663 9453 2879 9453 2878 9453 2663 8162 2880 8162 2879 8162 2663 9690 2881 9690 2880 9690 2663 7943 2882 7943 2881 7943 2662 8913 2883 8913 2882 8913 2663 9081 2662 9081 2882 9081 2662 8821 2723 8821 2883 8821 2723 8875 2884 8875 2883 8875 2884 8690 2885 8690 2883 8690 2885 9795 2886 9795 2883 9795 2886 6872 2887 6872 2883 6872 2887 10057 2888 10057 2883 10057 2887 5473 2889 5473 2888 5473 2664 9042 2663 9042 2872 9042 2724 8065 2664 8065 2872 8065 2668 8826 2723 8826 2662 8826 2724 8464 2670 8464 2664 8464 2671 9039 2723 9039 2668 9039 2724 9392 2671 9392 2670 9392 2724 8393 2723 8393 2671 8393 2723 9702 2890 9702 2884 9702 2723 7893 2891 7893 2890 7893 2723 9638 2892 9638 2891 9638 2723 8143 2893 8143 2892 8143 2639 9315 2640 9315 2893 9315 2640 8746 2894 8746 2893 8746 2641 9071 2639 9071 2893 9071 2723 8809 2641 8809 2893 8809 2895 9876 2896 9876 2897 9876 2898 9703 2895 9703 2897 9703 2899 10009 2898 10009 2897 10009 2895 7670 2900 7670 2896 7670 2901 9801 2902 9801 2900 9801 2895 7717 2901 7717 2900 7717 2903 8759 2902 8759 2901 8759 2904 6507 2903 6507 2905 6507 2906 9799 2903 9799 2904 9799 2907 8443 2903 8443 2906 8443 2908 7954 2903 7954 2907 7954 2909 9396 2903 9396 2908 9396 2903 9250 2910 9250 2902 9250 2911 9536 2903 9536 2909 9536 2903 8458 2912 8458 2910 8458 2912 7965 2903 7965 2911 7965 2643 8083 2641 8083 2723 8083 2913 8906 2903 8906 2901 8906 2720 9239 2648 9239 2723 9239 2648 8183 2643 8183 2723 8183 2646 8798 2894 8798 2640 8798 2720 8811 2894 8811 2646 8811 2648 8178 2720 8178 2646 8178 2690 9382 2688 9382 2720 9382 2688 8654 2894 8654 2720 8654 2688 8323 2689 8323 2894 8323 2689 8976 2719 8976 2894 8976 2719 8855 2914 8855 2894 8855 2913 8805 2915 8805 2903 8805 2695 9558 2690 9558 2720 9558 2719 8564 2695 8564 2720 8564 2916 7820 2915 7820 2913 7820 2917 9838 2915 9838 2916 9838 2918 7764 2915 7764 2917 7764 2919 9856 2915 9856 2918 9856 2914 8366 2915 8366 2919 8366 2693 9209 2719 9209 2689 9209 2696 7938 2719 7938 2693 7938 2719 9768 2696 9768 2695 9768 2703 9236 2700 9236 2719 9236 2700 8191 2699 8191 2719 8191 2699 8579 2914 8579 2719 8579 2699 9424 2705 9424 2914 9424 2705 8886 2915 8886 2914 8886 2712 9556 2706 9556 2719 9556 2706 9207 2703 9207 2719 9207 2709 8168 2712 8168 2705 8168 2706 9543 2712 9543 2709 9543 2656 9302 2651 9302 2705 9302 2651 9046 2915 9046 2705 9046 2711 8588 2656 8588 2705 8588 2712 9069 2711 9069 2705 9069 2650 7994 2654 7994 2915 7994 2651 9828 2650 9828 2915 9828 2654 9237 2714 9237 2915 9237 2659 9370 2714 9370 2654 9370 2711 7911 2659 7911 2656 7911 2711 9332 2714 9332 2659 9332 2678 9524 2675 9524 2714 9524 2675 8635 2915 8635 2714 8635 2675 9479 2674 9479 2915 9479 2674 8190 2679 8190 2915 8190 2679 8900 2920 8900 2915 8900 2714 8126 2681 8126 2678 8126 2683 9206 2920 9206 2679 9206 2714 7887 2685 7887 2681 7887 2685 8023 2920 8023 2683 8023 2714 9287 2920 9287 2685 9287 2716 8251 2920 8251 2714 8251 2716 6740 2871 6740 2920 6740 2717 6750 2871 6750 2716 6750 2921 7654 2922 7654 2923 7654 2921 7728 2924 7728 2922 7728 2925 6643 2926 6643 2922 6643 2924 6748 2925 6748 2922 6748 2927 6366 2921 6366 2923 6366 2928 6439 2927 6439 2923 6439 2925 5074 2929 5074 2926 5074 2930 4928 2927 4928 2928 4928 2925 5133 2931 5133 2929 5133 2932 4588 2927 4588 2930 4588 2929 136 2932 136 2930 136 2931 4100 2932 4100 2929 4100 2933 7572 2934 7572 2935 7572 2936 9895 2933 9895 2935 9895 2937 6877 2936 6877 2935 6877 2938 6598 2939 6598 2934 6598 2933 6937 2938 6937 2934 6937 2940 6436 2936 6436 2937 6436 2941 5668 2940 5668 2937 5668 2938 5624 2942 5624 2939 5624 2942 5107 2943 5107 2939 5107 2944 5150 2940 5150 2941 5150 2945 4321 2944 4321 2941 4321 2946 4151 2944 4151 2945 4151 2942 4291 2946 4291 2943 4291 2946 342 2945 342 2943 342 2947 9944 2948 9944 2949 9944 2948 7323 2950 7323 2949 7323 2948 7039 2951 7039 2950 7039 2952 6781 2947 6781 2949 6781 2953 6462 2947 6462 2952 6462 2954 5632 2953 5632 2952 5632 2951 5693 2955 5693 2950 5693 2951 5478 2956 5478 2955 5478 2957 4732 2953 4732 2954 4732 2958 4258 2957 4258 2954 4258 2956 3938 2958 3938 2955 3938 2956 4001 2957 4001 2958 4001 2959 7549 2960 7549 2961 7549 2960 7635 2962 7635 2961 7635 2963 7000 2959 7000 2961 7000 2960 6371 2964 6371 2962 6371 2965 6243 2963 6243 2961 6243 2960 6352 2966 6352 2964 6352 2967 5203 2963 5203 2965 5203 2968 4325 2967 4325 2965 4325 2966 4467 2968 4467 2964 4467 2966 4515 2969 4515 2968 4515 2969 4003 2967 4003 2968 4003 2970 7417 2971 7417 2972 7417 2973 7596 2970 7596 2972 7596 2970 7024 2974 7024 2971 7024 2975 6430 2973 6430 2972 6430 2974 6328 2976 6328 2971 6328 2977 6074 2975 6074 2972 6074 2974 5530 2978 5530 2976 5530 2979 4354 2980 4354 2977 4354 2980 4764 2975 4764 2977 4764 2978 4287 2979 4287 2976 4287 2978 4108 2980 4108 2979 4108 2981 9997 2982 9997 2983 9997 2982 7156 2984 7156 2983 7156 2985 7016 2981 7016 2983 7016 2982 6861 2986 6861 2984 6861 2987 6240 2981 6240 2985 6240 2988 6266 2981 6266 2987 6266 2986 5475 2989 5475 2984 5475 2989 5438 2990 5438 2984 5438 2991 4676 2988 4676 2987 4676 2992 4596 2988 4596 2991 4596 2989 4175 2992 4175 2990 4175 2992 3809 2991 3809 2990 3809 2993 7582 2994 7582 2995 7582 2993 9698 2996 9698 2994 9698 2997 6730 2993 6730 2995 6730 2996 6368 2998 6368 2994 6368 2999 6398 2997 6398 2995 6398 2996 5751 3000 5751 2998 5751 3001 5353 2997 5353 2999 5353 3002 4838 3001 4838 2999 4838 3000 4903 3003 4903 2998 4903 3004 4279 3001 4279 3002 4279 3000 4146 3004 4146 3003 4146 3004 168 3002 168 3003 168 3005 10004 3006 10004 3007 10004 3008 6919 3005 6919 3007 6919 3006 6939 3009 6939 3007 6939 3010 6519 3005 6519 3008 6519 3006 6238 3011 6238 3009 6238 3011 5671 3012 5671 3009 5671 3013 5396 3010 5396 3008 5396 3011 4846 3014 4846 3012 4846 3015 4778 3010 4778 3013 4778 3014 4368 3016 4368 3012 4368 3016 3851 3015 3851 3013 3851 3014 3884 3015 3884 3016 3884 3017 10013 3018 10013 3019 10013 3018 9964 3020 9964 3019 9964 3020 7199 3021 7199 3019 7199 3022 7532 3018 7532 3017 7532 3023 6718 3018 6718 3022 6718 3024 7123 3023 7123 3022 7123 3025 6456 3026 6456 3021 6456 3020 6584 3025 6584 3021 6584 3027 6416 3023 6416 3024 6416 3025 5327 3028 5327 3026 5327 3029 5470 3023 5470 3027 5470 3030 6093 3029 6093 3027 6093 3025 4840 3031 4840 3028 4840 3032 5073 3029 5073 3030 5073 3025 4926 3033 4926 3031 4926 3033 4096 3034 4096 3031 4096 3033 4150 3029 4150 3032 4150 3035 4921 3033 4921 3032 4921 3034 3955 3033 3955 3035 3955 3022 4839 3017 4839 3036 4839 3021 5209 3037 5209 3038 5209 3026 5625 3037 5625 3021 5625 3027 6857 3024 6857 3039 6857 3028 10031 3040 10031 3026 10031 3041 5320 3032 5320 3030 5320 3034 5985 3042 5985 3031 5985 3043 10059 3034 10059 3035 10059 3044 10026 3045 10026 3046 10026 3045 7139 3047 7139 3046 7139 3048 6895 3044 6895 3046 6895 3049 6461 3044 6461 3048 6461 3045 6253 3050 6253 3047 6253 3045 6314 3051 6314 3050 6314 3052 5468 3049 5468 3048 5468 3051 4910 3053 4910 3050 4910 3054 4864 3049 4864 3052 4864 3051 4885 3055 4885 3053 4885 3056 4462 3054 4462 3052 4462 3054 3753 3056 3753 3053 3753 3055 3835 3054 3835 3053 3835 3057 9986 3058 9986 3059 9986 3060 7311 3057 7311 3059 7311 3061 6480 3062 6480 3059 6480 3058 6520 3061 6520 3059 6520 3063 6326 3057 6326 3060 6326 3064 6000 3063 6000 3060 6000 3065 4814 3063 4814 3064 4814 3066 4556 3067 4556 3062 4556 3061 5009 3066 5009 3062 5009 3067 4027 3065 4027 3064 4027 3066 4094 3065 4094 3067 4094 3068 9921 3069 9921 3070 9921 3071 7190 3068 7190 3070 7190 3069 7185 3072 7185 3070 7185 3073 6542 3068 6542 3071 6542 3069 6799 3074 6799 3072 6799 3074 5774 3075 5774 3072 5774 3076 5471 3073 5471 3071 5471 3074 5338 3077 5338 3075 5338 3078 4790 3073 4790 3076 4790 3079 4211 3078 4211 3076 4211 3077 3913 3079 3913 3075 3913 3077 3949 3078 3949 3079 3949 3080 10015 3081 10015 3082 10015 3081 7116 3083 7116 3082 7116 3084 6950 3080 6950 3082 6950 3085 6440 3080 6440 3084 6440 3086 5996 3087 5996 3083 5996 3081 6304 3086 6304 3083 6304 3088 5603 3085 5603 3084 5603 3089 4541 3090 4541 3087 4541 3086 4918 3089 4918 3087 4918 3091 4586 3085 4586 3088 4586 3090 3795 3091 3795 3088 3795 3089 4077 3091 4077 3090 4077 3092 7412 3093 7412 3094 7412 3095 7418 3093 7418 3092 7418 3093 6986 3096 6986 3094 6986 3093 6882 3097 6882 3096 6882 3098 6166 3095 6166 3092 6166 3099 6121 3098 6121 3092 6121 3097 5190 3100 5190 3096 5190 3101 4950 3098 4950 3099 4950 3102 4850 3101 4850 3099 4850 3097 5025 3103 5025 3100 5025 3103 236 3102 236 3100 236 3103 3757 3101 3757 3102 3757 3104 7616 3105 7616 3106 7616 3107 7555 3104 7555 3106 7555 3108 6891 3109 6891 3106 6891 3105 7026 3108 7026 3106 7026 3110 6248 3104 6248 3107 6248 3111 6117 3110 6117 3107 6117 3108 5658 3112 5658 3109 5658 3108 5610 3113 5610 3112 5610 3114 4742 3110 4742 3111 4742 3115 4584 3114 4584 3111 4584 3113 4035 3115 4035 3112 4035 3113 4076 3114 4076 3115 4076 3116 3978 3117 3978 3118 3978 3119 3981 3116 3981 3118 3981 3120 3982 3116 3982 3119 3982 3121 3984 3120 3984 3119 3984 3122 3988 3120 3988 3121 3988 3123 3563 3124 3563 3125 3563 3118 3502 3117 3502 3123 3502 3117 3515 3126 3515 3123 3515 3126 3514 3124 3514 3123 3514 3124 4378 3127 4378 3125 4378 3127 4537 3128 4537 3125 4537 3129 6593 3130 6593 3131 6593 3130 6592 3132 6592 3131 6592 3129 6594 3133 6594 3130 6594 3131 7332 3134 7332 3135 7332 3132 7195 3134 7195 3131 7195 3134 7741 3136 7741 3135 7741 3134 7739 3137 7739 3136 7739 3137 7457 3138 7457 3136 7457 3138 7466 3139 7466 3136 7466 3140 7470 3139 7470 3138 7470 3140 7143 3141 7143 3139 7143 3141 7141 3142 7141 3139 7141 3141 6701 3143 6701 3142 6701 3143 6235 3144 6235 3142 6235 3143 5708 3145 5708 3144 5708 3146 5710 3145 5710 3143 5710 3146 6500 3147 6500 3145 6500 3147 7158 3148 7158 3145 7158 3147 7382 3149 7382 3148 7382 3148 7595 3149 7595 3150 7595 3149 7561 3151 7561 3150 7561 3151 6420 3152 6420 3153 6420 3150 6662 3151 6662 3153 6662 3154 4348 3155 4348 3122 4348 3155 4346 3120 4346 3122 4346 3156 4347 3155 4347 3154 4347 3157 4349 3156 4349 3154 4349 3157 4345 3158 4345 3156 4345 3159 4357 3160 4357 3157 4357 3160 4344 3158 4344 3157 4344 3161 5340 3160 5340 3159 5340 3162 5489 3161 5489 3159 5489 2972 9271 2971 9271 3125 9271 2971 9245 3123 9245 3125 9245 3128 9486 2972 9486 3125 9486 3163 8808 2977 8808 3128 8808 2977 8202 2972 8202 3128 8202 2971 8161 2976 8161 3123 8161 2949 9107 3118 9107 3123 9107 2976 8501 2954 8501 3123 8501 2954 8801 2952 8801 3123 8801 2952 7990 2949 7990 3123 7990 2949 7836 2950 7836 3118 7836 2950 8453 3119 8453 3118 8453 3163 8421 2979 8421 2977 8421 2979 8349 2954 8349 2976 8349 3163 9437 2954 9437 2979 9437 2955 9480 2965 9480 2950 9480 2961 9656 3119 9656 2950 9656 2965 8317 2961 8317 2950 8317 2962 8399 2964 8399 3119 8399 2961 9447 2962 9447 3119 9447 3163 8010 2958 8010 2954 8010 2958 7833 2965 7833 2955 7833 3163 9730 2965 9730 2958 9730 3164 7785 3165 7785 3163 7785 3165 7868 3166 7868 3163 7868 3166 9715 3167 9715 3163 9715 3168 8688 2965 8688 3163 8688 3167 8666 3168 8666 3163 8666 2964 9171 3121 9171 3119 9171 3168 9464 2968 9464 2965 9464 2968 8135 3121 8135 2964 8135 3168 8884 3121 8884 2968 8884 3169 9802 3164 9802 3163 9802 3170 8872 3169 8872 3163 8872 3171 8911 2999 8911 3121 8911 3168 9883 3171 9883 3121 9883 2999 9079 2995 9079 3121 9079 2995 8526 3122 8526 3121 8526 3172 8659 2999 8659 3171 8659 2995 8245 2994 8245 3122 8245 2994 8386 3154 8386 3122 8386 2998 9664 3154 9664 2994 9664 3172 8520 3002 8520 2999 8520 3003 8109 3154 8109 2998 8109 3172 9014 3154 9014 3003 9014 3002 8186 3172 8186 3003 8186 2935 9436 2934 9436 3170 9436 3173 8448 2941 8448 3170 8448 2941 8056 2937 8056 3170 8056 2937 9346 2935 9346 3170 9346 2934 8376 3169 8376 3170 8376 2934 9226 2939 9226 3169 9226 2939 8955 3174 8955 3169 8955 3172 8669 2985 8669 3154 8669 3175 7735 2985 7735 3172 7735 2943 9259 3174 9259 2939 9259 3173 9389 2945 9389 2941 9389 2945 8513 3174 8513 2943 8513 3173 8957 3174 8957 2945 8957 3175 9537 2987 9537 2985 9537 2985 8296 2983 8296 3154 8296 2983 9225 2984 9225 3154 9225 2984 8584 3157 8584 3154 8584 3176 9180 3174 9180 3173 9180 3177 9746 3178 9746 3173 9746 3179 9846 3180 9846 3173 9846 3178 8310 3181 8310 3173 8310 3181 9320 3182 9320 3173 9320 3182 9053 3176 9053 3173 9053 3183 7588 3184 7588 3173 7588 3184 8043 3179 8043 3173 8043 3180 7996 3185 7996 3173 7996 3185 7802 3177 7802 3173 7802 2990 8540 3157 8540 2984 8540 3175 9478 2991 9478 2987 9478 2991 9611 3157 9611 2990 9611 3175 8302 3157 8302 2991 8302 3186 9179 3176 9179 3182 9179 3187 9885 3174 9885 3176 9885 3186 7721 3188 7721 3176 7721 3188 9877 3189 9877 3176 9877 3190 9887 3191 9887 3176 9887 3189 7686 3192 7686 3176 7686 3192 7872 3193 7872 3176 7872 3193 7720 3190 7720 3176 7720 3194 8711 3157 8711 3175 8711 3195 7797 3196 7797 3157 7797 3196 9305 3197 9305 3157 9305 3197 8830 3198 8830 3157 8830 3194 9545 3199 9545 3157 9545 3199 9755 3195 9755 3157 9755 3007 8512 3159 8512 3157 8512 3198 8844 3008 8844 3157 8844 3008 8670 3007 8670 3157 8670 3007 9540 3009 9540 3159 9540 3012 8800 3162 8800 3009 8800 3162 9477 3159 9477 3009 9477 3198 8979 3013 8979 3008 8979 3016 9676 3162 9676 3012 9676 3198 9022 3016 9022 3013 9022 3198 8650 3162 8650 3016 8650 3200 8776 2928 8776 3197 8776 2928 9351 2923 9351 3197 9351 2923 8721 3198 8721 3197 8721 3201 8815 3162 8815 3198 8815 2923 8545 2922 8545 3198 8545 2922 9007 2926 9007 3198 9007 2926 8824 3201 8824 3198 8824 2929 8792 3201 8792 2926 8792 3200 9138 2930 9138 2928 9138 3200 8369 2929 8369 2930 8369 3200 8775 3201 8775 2929 8775 3202 9822 3203 9822 3200 9822 3203 9096 3201 9096 3200 9096 3203 8511 3204 8511 3201 8511 3204 9547 3205 9547 3201 9547 3205 7960 3206 7960 3201 7960 3207 9544 3208 9544 3201 9544 3208 8158 3209 8158 3201 8158 3209 8181 3210 8181 3201 8181 3210 9751 3211 9751 3201 9751 3211 7556 3212 7556 3201 7556 3206 9606 3213 9606 3201 9606 3213 8038 3207 8038 3201 8038 3214 8277 3202 8277 3200 8277 3215 9849 3202 9849 3214 9849 3216 6875 3217 6875 3215 6875 3217 9651 3218 9651 3215 9651 3218 7825 3219 7825 3215 7825 3219 7725 3202 7725 3215 7725 2970 2004 2973 2004 3124 2004 2973 1086 2975 1086 3124 1086 3126 2570 2970 2570 3124 2570 2975 2231 3220 2231 3124 2231 3220 709 3127 709 3124 709 3117 1570 2947 1570 3126 1570 2947 1317 2953 1317 3126 1317 2953 1398 2974 1398 3126 1398 2974 985 2970 985 3126 985 2951 2055 2948 2055 3117 2055 2948 3627 2947 3627 3117 3627 3116 2693 3221 2693 3117 2693 2953 3160 2978 3160 2974 3160 2980 2605 3220 2605 2975 2605 2953 475 2980 475 2978 475 2953 2236 3220 2236 2980 2236 3117 2877 2956 2877 2951 2877 3221 2063 2956 2063 3117 2063 2959 745 2963 745 3221 745 3116 686 2959 686 3221 686 2966 1452 2960 1452 3116 1452 2960 3276 2959 3276 3116 3276 2957 2074 3220 2074 2953 2074 3221 488 2957 488 2956 488 3221 2641 3220 2641 2957 2641 3221 1475 3134 1475 3220 1475 2963 1392 3134 1392 3221 1392 3120 1785 3137 1785 3116 1785 3137 1868 2966 1868 3116 1868 2967 2390 3108 2390 2963 2390 3137 1706 2969 1706 2966 1706 3137 1256 2967 1256 2969 1256 3137 2255 3108 2255 2967 2255 3134 2878 3132 2878 3220 2878 3104 1994 3134 1994 2963 1994 3105 1110 3104 1110 2963 1110 3108 2518 3105 2518 2963 2518 3110 3188 3134 3188 3104 3188 3137 2958 3113 2958 3108 2958 3114 2741 3134 2741 3110 2741 3137 3306 3114 3306 3113 3306 3137 933 3134 933 3114 933 2997 2752 3222 2752 3137 2752 3120 1482 2993 1482 3137 1482 2993 851 2997 851 3137 851 2996 1094 2993 1094 3120 1094 3155 1251 2996 1251 3120 1251 3155 3197 3000 3197 2996 3197 3001 2579 3222 2579 2997 2579 3004 2872 3222 2872 3001 2872 3155 551 3004 551 3000 551 3155 2563 3222 2563 3004 2563 3029 928 3138 928 3137 928 3018 854 3023 854 3137 854 3023 3251 3029 3251 3137 3251 3222 1507 3018 1507 3137 1507 3025 3030 3020 3030 3222 3030 3140 1593 3025 1593 3222 1593 3155 1595 3140 1595 3222 1595 3020 638 3018 638 3222 638 3140 1235 3033 1235 3025 1235 3140 944 3138 944 3033 944 3033 937 3138 937 3029 937 3132 1668 2933 1668 3220 1668 2933 1759 2936 1759 3220 1759 2936 1180 2940 1180 3220 1180 2938 3177 2933 3177 3132 3177 2942 1414 2938 1414 3132 1414 3156 2175 3140 2175 3155 2175 3223 1787 3220 1787 2940 1787 2944 2410 3223 2410 2940 2410 2946 2902 3223 2902 2944 2902 2942 1138 3223 1138 2946 1138 3045 2945 3044 2945 2942 2945 3132 1590 3045 1590 2942 1590 3044 1864 3049 1864 2942 1864 3049 1571 3223 1571 2942 1571 3156 1300 3224 1300 3140 1300 3130 2689 3051 2689 3132 2689 3051 2658 3045 2658 3132 2658 3130 575 3055 575 3051 575 3054 1070 3223 1070 3049 1070 3130 2690 3054 2690 3055 2690 3130 2375 3223 2375 3054 2375 3130 2362 3225 2362 3223 2362 3224 2363 3093 2363 3140 2363 3095 968 3098 968 3140 968 3098 2659 3101 2659 3140 2659 3101 2848 3141 2848 3140 2848 3093 2556 3095 2556 3140 2556 3097 1520 3093 1520 3224 1520 3141 2301 3097 2301 3224 2301 3156 3391 2981 3391 3224 3391 2981 848 2988 848 3224 848 2988 2249 3141 2249 3224 2249 2986 3259 2982 3259 3156 3259 2982 257 2981 257 3156 257 2989 836 2986 836 3156 836 3141 2016 2989 2016 3156 2016 3158 2153 3141 2153 3156 2153 2992 994 3141 994 2988 994 3141 2791 2992 2791 2989 2791 3141 3094 3103 3094 3097 3094 3141 667 3101 667 3103 667 3130 886 3226 886 3225 886 3130 2619 3057 2619 3226 2619 3061 3263 3058 3263 3130 3263 3058 596 3057 596 3130 596 3133 1698 3061 1698 3130 1698 3057 1219 3063 1219 3226 1219 3063 1666 3227 1666 3226 1666 3133 963 3066 963 3061 963 3065 1602 3227 1602 3063 1602 3133 2946 3065 2946 3066 2946 3133 1569 3227 1569 3065 1569 3133 1167 3228 1167 3227 1167 3143 1721 3141 1721 3158 1721 3005 2141 3010 2141 3158 2141 3010 1924 3229 1924 3158 1924 3160 2536 3005 2536 3158 2536 3161 2765 3230 2765 3160 2765 3230 1772 3011 1772 3160 1772 3011 3266 3006 3266 3160 3266 3006 483 3005 483 3160 483 3230 1274 3014 1274 3011 1274 3015 1693 3229 1693 3010 1693 3014 2366 3229 2366 3015 2366 3230 2109 3229 2109 3014 2109 3133 862 3231 862 3228 862 3158 2139 3081 2139 3143 2139 3229 1691 2921 1691 3158 1691 2921 2072 3081 2072 3158 2072 3230 1996 3232 1996 3229 1996 2924 2312 2921 2312 3229 2312 3232 1962 2925 1962 3229 1962 2925 2032 2924 2032 3229 2032 2927 2769 3081 2769 2921 2769 3232 1431 2931 1431 2925 1431 2932 3106 3081 3106 2927 3106 3232 2411 2932 2411 2931 2411 3232 2108 3081 2108 2932 2108 3080 1886 3085 1886 3143 1886 3081 1815 3080 1815 3143 1815 3085 1899 3146 1899 3143 1899 3233 647 3086 647 3081 647 3232 1474 3233 1474 3081 1474 3233 1085 3089 1085 3086 1085 3091 1809 3146 1809 3085 1809 3233 1492 3091 1492 3089 1492 3233 1921 3146 1921 3091 1921 3149 1887 3146 1887 3233 1887 3069 2489 3068 2489 3233 2489 3068 1711 3073 1711 3233 1711 3073 2353 3149 2353 3233 2353 3151 2450 3074 2450 3233 2450 3074 2458 3069 2458 3233 2458 3232 1911 3151 1911 3233 1911 3152 1470 3151 1470 3232 1470 3151 828 3077 828 3074 828 3078 1019 3149 1019 3073 1019 3151 1648 3149 1648 3077 1648 3149 3368 3078 3368 3077 3368 3149 3144 3147 3144 3146 3144 3226 6751 3234 6751 3235 6751 3227 6746 3234 6746 3226 6746 3228 6744 3234 6744 3227 6744 3225 5433 3235 5433 3236 5433 3225 5595 3226 5595 3235 5595 3228 7275 3237 7275 3234 7275 3231 7193 3133 7193 3129 7193 3228 7368 3231 7368 3237 7368 3237 9907 3231 9907 3129 9907 3238 7145 3239 7145 3240 7145 3239 7603 3241 7603 3240 7603 3241 6774 3242 6774 3240 6774 3243 6988 3239 6988 3238 6988 3244 5660 3243 5660 3238 5660 3245 5401 3244 5401 3238 5401 3241 5756 3246 5756 3242 5756 3246 4904 3247 4904 3242 4904 3248 4310 3244 4310 3245 4310 3247 144 3248 144 3245 144 3246 4242 3248 4242 3247 4242 3249 7321 3250 7321 3251 7321 3250 7564 3252 7564 3251 7564 3252 6963 3253 6963 3251 6963 3253 6780 3254 6780 3251 6780 3255 6499 3250 6499 3249 6499 3256 6048 3255 6048 3249 6048 3253 5737 3257 5737 3254 5737 3257 5408 3258 5408 3254 5408 3259 4879 3255 4879 3256 4879 3260 4866 3255 4866 3259 4866 3257 4707 3261 4707 3258 4707 3261 4292 3262 4292 3258 4292 3262 235 3260 235 3259 235 3261 3837 3260 3837 3262 3837 3263 7512 3264 7512 3265 7512 3263 7659 3266 7659 3264 7659 3267 7320 3263 7320 3265 7320 3268 6564 3267 6564 3265 6564 3269 6273 3267 6273 3268 6273 3266 6394 3270 6394 3264 6394 3266 6315 3271 6315 3270 6315 3271 5066 3272 5066 3270 5066 3273 4907 3269 4907 3268 4907 3271 5072 3274 5072 3272 5072 3275 4681 3269 4681 3273 4681 3274 4062 3275 4062 3272 4062 3272 131 3275 131 3273 131 3276 9938 3277 9938 3278 9938 3277 7539 3279 7539 3278 7539 3280 6619 3276 6619 3278 6619 3281 6597 3280 6597 3278 6597 3277 6568 3282 6568 3279 6568 3277 6552 3283 6552 3282 6552 3284 5227 3280 5227 3281 5227 3283 5388 3285 5388 3282 5388 3283 5119 3286 5119 3285 5119 3287 4995 3280 4995 3284 4995 3286 4194 3288 4194 3285 4194 3288 3602 3287 3602 3284 3602 3286 3907 3287 3907 3288 3907 3289 7447 3290 7447 3291 7447 3292 7360 3289 7360 3291 7360 3289 7416 3293 7416 3290 7416 3294 6936 3292 6936 3291 6936 3295 6334 3292 6334 3294 6334 3293 6313 3296 6313 3290 6313 3297 5829 3295 5829 3294 5829 3293 5715 3298 5715 3296 5715 3298 5194 3299 5194 3296 5194 3300 5007 3295 5007 3297 5007 3301 4303 3300 4303 3297 4303 3298 4056 3301 4056 3299 4056 3298 4121 3300 4121 3301 4121 3302 9949 3303 9949 3304 9949 3305 7317 3302 7317 3304 7317 3303 7340 3306 7340 3304 7340 3307 7082 3302 7082 3305 7082 3308 6333 3307 6333 3305 6333 3303 6535 3309 6535 3306 6535 3303 6431 3310 6431 3309 6431 3311 6047 3307 6047 3308 6047 3310 5225 3312 5225 3309 5225 3313 4688 3311 4688 3308 4688 3314 4630 3311 4630 3313 4630 3310 4698 3315 4698 3312 4698 3315 189 3313 189 3312 189 3315 3788 3314 3788 3313 3788 3316 7289 3317 7289 3318 7289 3319 7118 3320 7118 3318 7118 3320 7292 3316 7292 3318 7292 3316 7225 3321 7225 3317 7225 3321 6015 3322 6015 3317 6015 3323 5674 3324 5674 3319 5674 3324 5723 3320 5723 3319 5723 3321 5779 3325 5779 3322 5779 3325 4582 3326 4582 3322 4582 3326 4478 3327 4478 3322 4478 3327 4014 3324 4014 3323 4014 3326 4047 3324 4047 3327 4047 3328 7381 3329 7381 3330 7381 3331 7355 3328 7355 3330 7355 3328 7238 3332 7238 3329 7238 3333 6776 3331 6776 3330 6776 3332 6472 3334 6472 3329 6472 3335 5609 3331 5609 3333 5609 3336 5477 3331 5477 3335 5477 3332 5748 3337 5748 3334 5748 3337 5423 3338 5423 3334 5423 3337 4447 3339 4447 3338 4447 3337 4464 3340 4464 3339 4464 3339 3834 3336 3834 3335 3834 3340 3932 3336 3932 3339 3932 3341 7444 3342 7444 3343 7444 3344 7553 3341 7553 3343 7553 3345 6965 3344 6965 3343 6965 3341 7345 3346 7345 3342 7345 3347 6438 3344 6438 3345 6438 3346 6261 3348 6261 3342 6261 3349 5322 3347 5322 3345 5322 3346 5854 3350 5854 3348 5854 3351 5177 3347 5177 3349 5177 3350 4873 3352 4873 3348 4873 3350 4639 3353 4639 3352 4639 3353 3952 3351 3952 3349 3952 3352 145 3353 145 3349 145 3354 6644 3355 6644 3356 6644 3357 6647 3358 6647 3356 6647 3358 6645 3354 6645 3356 6645 3359 5117 3360 5117 3361 5117 3362 5289 3360 5289 3359 5289 3356 5991 3362 5991 3359 5991 3355 6241 3362 6241 3356 6241 3360 4386 3363 4386 3364 4386 3361 4399 3360 4399 3364 4399 3363 135 3365 135 3366 135 3365 4171 3367 4171 3366 4171 3364 4126 3363 4126 3366 4126 3365 4342 3368 4342 3367 4342 3368 4816 3369 4816 3367 4816 3370 4804 3369 4804 3368 4804 3370 4800 3371 4800 3369 4800 3370 4797 3372 4797 3371 4797 3372 4383 3373 4383 3371 4383 3373 4216 3374 4216 3371 4216 3375 1100 3376 1100 3377 1100 3376 1230 3378 1230 3377 1230 3374 993 3373 993 3375 993 3373 1099 3376 1099 3375 1099 3378 3995 3379 3995 3380 3995 3377 3893 3378 3893 3380 3893 3381 4496 3382 4496 3383 4496 3384 4489 3381 4489 3383 4489 3379 4492 3381 4492 3384 4492 3380 4491 3379 4491 3384 4491 3382 5274 3385 5274 3386 5274 3383 5000 3382 5000 3386 5000 3386 5850 3385 5850 3387 5850 3385 5848 3388 5848 3387 5848 3389 3862 3390 3862 3391 3862 3388 3804 3389 3804 3391 3804 3387 4967 3388 4967 3391 4967 3389 4544 3392 4544 3390 4544 3393 4543 3392 4543 3389 4543 3393 4992 3394 4992 3392 4992 3393 5222 3395 5222 3394 5222 3395 5763 3396 5763 3394 5763 3395 6135 3397 6135 3396 6135 3397 6617 3398 6617 3396 6617 3397 6977 3399 6977 3398 6977 3400 6982 3399 6982 3397 6982 3400 6981 3401 6981 3399 6981 3402 6980 3401 6980 3400 6980 3402 6983 3403 6983 3401 6983 3390 8940 3386 8940 3391 8940 3398 8923 3386 8923 3390 8923 3392 8280 3398 8280 3390 8280 3386 8652 3387 8652 3391 8652 3398 8649 3383 8649 3386 8649 3394 8256 3398 8256 3392 8256 3396 8112 3398 8112 3394 8112 3265 8537 3264 8537 3383 8537 3268 9086 3265 9086 3383 9086 3264 9055 3384 9055 3383 9055 3251 8644 3268 8644 3383 8644 3398 8694 3251 8694 3383 8694 3270 8079 3384 8079 3264 8079 3272 9400 3384 9400 3270 9400 3251 8423 3273 8423 3268 8423 3251 8531 3384 8531 3272 8531 3251 9091 3272 9091 3273 9091 3249 8129 3251 8129 3398 8129 3399 9246 3259 9246 3398 9246 3259 7957 3256 7957 3398 7957 3256 9568 3249 9568 3398 9568 3399 8952 3384 8952 3251 8952 3254 7788 3399 7788 3251 7788 3258 9254 3399 9254 3254 9254 3262 9567 3399 9567 3258 9567 3399 7920 3262 7920 3259 7920 3367 9649 3364 9649 3366 9649 3367 9559 3361 9559 3364 9559 3369 8553 3361 8553 3367 8553 3356 9398 3359 9398 3361 9398 3399 8956 3404 8956 3384 8956 3294 9593 3291 9593 3384 9593 3404 8440 3294 8440 3384 8440 3291 9363 3290 9363 3384 9363 3290 8581 3380 8581 3384 8581 3296 9736 3380 9736 3290 9736 3404 8071 3297 8071 3294 8071 3371 9273 3238 9273 3369 9273 3238 9270 3240 9270 3369 9270 3240 9335 3361 9335 3369 9335 3240 8383 3242 8383 3361 8383 3242 8932 3356 8932 3361 8932 3299 8370 3380 8370 3296 8370 3404 9391 3301 9391 3297 9391 3301 9103 3380 9103 3299 9103 3404 8203 3380 8203 3301 8203 3371 9344 3245 9344 3238 9344 3242 9637 3247 9637 3356 9637 3371 9080 3247 9080 3245 9080 3278 8916 3404 8916 3399 8916 3278 8449 3279 8449 3404 8449 3281 9415 3278 9415 3399 9415 3401 8466 3281 8466 3399 8466 3279 9381 3282 9381 3404 9381 3282 9105 3380 9105 3404 9105 3371 8286 3345 8286 3247 8286 3345 8481 3343 8481 3247 8481 3343 8385 3356 8385 3247 8385 3343 9387 3342 9387 3356 9387 3342 8344 3348 8344 3356 8344 3401 8237 3284 8237 3281 8237 3285 8085 3380 8085 3282 8085 3371 9523 3349 9523 3345 9523 3352 9812 3356 9812 3348 9812 3288 8163 3380 8163 3285 8163 3401 8244 3288 8244 3284 8244 3401 9172 3380 9172 3288 9172 3357 8605 3356 8605 3352 8605 3357 8965 3349 8965 3371 8965 3357 9104 3352 9104 3349 9104 3374 8558 3357 8558 3371 8558 3405 9016 3377 9016 3380 9016 3401 8612 3405 8612 3380 8612 3406 9010 3357 9010 3374 9010 3308 8322 3305 8322 3377 8322 3305 9733 3304 9733 3377 9733 3405 8842 3308 8842 3377 8842 3304 8757 3375 8757 3377 8757 3306 9756 3309 9756 3375 9756 3309 9027 3407 9027 3375 9027 3304 8239 3306 8239 3375 8239 3333 9438 3330 9438 3375 9438 3335 9514 3333 9514 3375 9514 3407 9028 3335 9028 3375 9028 3330 9153 3374 9153 3375 9153 3330 8165 3329 8165 3374 8165 3334 8885 3406 8885 3374 8885 3329 9082 3334 9082 3374 9082 3312 8289 3407 8289 3309 8289 3338 9657 3406 9657 3334 9657 3405 8372 3313 8372 3308 8372 3339 8063 3406 8063 3338 8063 3407 7969 3339 7969 3335 7969 3313 7852 3407 7852 3312 7852 3407 8551 3406 8551 3339 8551 3405 8870 3407 8870 3313 8870 3403 9131 3405 9131 3401 9131 3408 7932 3409 7932 3405 7932 3403 9120 3408 9120 3405 9120 3409 9484 3407 9484 3405 9484 3323 8454 3319 8454 3407 8454 3319 9321 3318 9321 3407 9321 3318 8930 3406 8930 3407 8930 3409 7899 3410 7899 3407 7899 3318 9548 3317 9548 3406 9548 3317 8154 3322 8154 3406 8154 3322 8963 3411 8963 3406 8963 3411 8252 3357 8252 3406 8252 3412 9585 3407 9585 3410 9585 3403 9586 3413 9586 3408 9586 3327 9426 3411 9426 3322 9426 3403 7821 3414 7821 3413 7821 3407 9203 3327 9203 3323 9203 3414 7840 3407 7840 3412 7840 3407 9365 3411 9365 3327 9365 3403 9793 3407 9793 3414 9793 3415 7779 3411 7779 3403 7779 3411 9026 3407 9026 3403 9026 3402 7327 3416 7327 3403 7327 3416 7393 3415 7393 3403 7393 3416 9555 3411 9555 3415 9555 3416 7714 3417 7714 3411 7714 3417 6990 3358 6990 3357 6990 3411 7630 3417 7630 3357 7630 3388 1208 3393 1208 3389 1208 3385 2451 3393 2451 3388 2451 3382 2916 3397 2916 3385 2916 3395 932 3393 932 3385 932 3397 3115 3395 3115 3385 3115 3418 1463 3397 1463 3382 1463 3381 1296 3266 1296 3382 1296 3266 2957 3263 2957 3382 2957 3263 869 3267 869 3382 869 3267 3096 3269 3096 3382 3096 3269 1279 3418 1279 3382 1279 3381 2623 3271 2623 3266 2623 3381 2595 3274 2595 3271 2595 3275 1244 3418 1244 3269 1244 3381 2982 3275 2982 3274 2982 3381 1120 3418 1120 3275 1120 3250 3040 3255 3040 3397 3040 3418 2806 3252 2806 3397 2806 3252 951 3250 951 3397 951 3255 591 3260 591 3397 591 3260 2652 3400 2652 3397 2652 3257 1046 3253 1046 3418 1046 3253 2778 3252 2778 3418 2778 3400 2509 3257 2509 3418 2509 3381 2246 3400 2246 3418 2246 3400 2682 3261 2682 3257 2682 3400 870 3260 870 3261 870 3355 1958 3365 1958 3363 1958 3355 1979 3368 1979 3365 1979 3360 2006 3355 2006 3363 2006 3355 1727 3370 1727 3368 1727 3362 1800 3355 1800 3360 1800 3293 1057 3289 1057 3381 1057 3292 2226 3400 2226 3381 2226 3379 2592 3293 2592 3381 2592 3289 2886 3292 2886 3381 2886 3295 2830 3400 2830 3292 2830 3295 2936 3300 2936 3400 2936 3298 1173 3293 1173 3379 1173 3355 1324 3239 1324 3370 1324 3239 2230 3243 2230 3370 2230 3241 2745 3239 2745 3355 2745 3379 3347 3300 3347 3298 3347 3244 2068 3370 2068 3243 2068 3355 2816 3246 2816 3241 2816 3372 1515 3370 1515 3244 1515 3354 2434 3246 2434 3355 2434 3248 1305 3372 1305 3244 1305 3246 3543 3372 3543 3248 3543 3300 1323 3277 1323 3400 1323 3277 2416 3276 2416 3400 2416 3276 2284 3280 2284 3400 2284 3379 1626 3402 1626 3300 1626 3283 2469 3277 2469 3300 2469 3402 1457 3283 1457 3300 1457 3341 2369 3344 2369 3246 2369 3347 1443 3372 1443 3246 1443 3344 1397 3347 1397 3246 1397 3354 1005 3341 1005 3246 1005 3350 1015 3346 1015 3354 1015 3346 2845 3341 2845 3354 2845 3402 2120 3286 2120 3283 2120 3351 1939 3372 1939 3347 1939 3287 2433 3400 2433 3280 2433 3354 2986 3353 2986 3350 2986 3402 1491 3400 1491 3287 1491 3286 1303 3402 1303 3287 1303 3358 1889 3372 1889 3351 1889 3358 2622 3353 2622 3354 2622 3353 1550 3358 1550 3351 1550 3358 1591 3373 1591 3372 1591 3419 1564 3402 1564 3379 1564 3378 2340 3419 2340 3379 2340 3358 1778 3420 1778 3373 1778 3302 654 3307 654 3378 654 3376 2609 3303 2609 3378 2609 3303 3852 3302 3852 3378 3852 3307 1621 3311 1621 3378 1621 3311 1964 3419 1964 3378 1964 3373 3090 3328 3090 3376 3090 3328 699 3331 699 3376 699 3331 2359 3421 2359 3376 2359 3310 1676 3303 1676 3376 1676 3421 2358 3310 2358 3376 2358 3332 877 3328 877 3373 877 3420 1677 3337 1677 3373 1677 3337 732 3332 732 3373 732 3336 2388 3421 2388 3331 2388 3314 2917 3419 2917 3311 2917 3421 1241 3315 1241 3310 1241 3420 1176 3340 1176 3337 1176 3420 1278 3421 1278 3336 1278 3315 470 3419 470 3314 470 3340 3723 3420 3723 3336 3723 3421 2191 3419 2191 3315 2191 3422 3395 3423 3395 3419 3395 3424 2404 3402 2404 3419 2404 3421 2621 3422 2621 3419 2621 3423 1254 3424 1254 3419 1254 3425 1198 3422 1198 3421 1198 3420 1516 3316 1516 3421 1516 3316 3455 3320 3455 3421 3455 3321 3236 3316 3236 3420 3236 3325 1080 3321 1080 3420 1080 3358 2938 3417 2938 3420 2938 3417 2512 3325 2512 3420 2512 3324 1337 3421 1337 3320 1337 3421 2993 3426 2993 3425 2993 3427 1888 3402 1888 3424 1888 3417 917 3326 917 3325 917 3421 1084 3427 1084 3426 1084 3326 471 3421 471 3324 471 3417 3330 3421 3330 3326 3330 3421 920 3402 920 3427 920 3421 1200 3416 1200 3402 1200 3417 2128 3416 2128 3421 2128 3423 9982 3422 9982 3409 9982 3408 6991 3423 6991 3409 6991 3422 6820 3410 6820 3409 6820 3424 6566 3423 6566 3408 6566 3422 6720 3425 6720 3410 6720 3425 5395 3412 5395 3410 5395 3413 5224 3424 5224 3408 5224 3425 5354 3426 5354 3412 5354 3427 4876 3424 4876 3413 4876 3414 3843 3427 3843 3413 3843 3426 4099 3414 4099 3412 4099 3426 4080 3427 4080 3414 4080 3428 1891 3429 1891 3430 1891 3431 1861 3432 1861 3428 1861 3432 1904 3429 1904 3428 1904 3429 2078 3433 2078 3430 2078 3429 2001 3434 2001 3433 2001 3435 238 3436 238 3428 238 3437 3164 3438 3164 3428 3164 3438 3794 3435 3794 3428 3794 3436 3633 3439 3633 3428 3633 3439 3569 3431 3569 3428 3569 3437 509 3440 509 3438 509 3437 3405 3441 3405 3440 3405 3442 3681 3431 3681 3439 3681 3437 940 3431 940 3441 940 3431 325 3442 325 3441 325 3443 3621 3444 3621 3432 3621 3431 474 3443 474 3432 474 3445 2091 3446 2091 3431 2091 3437 2174 3445 2174 3431 2174 3447 3445 3443 3445 3431 3445 3446 2624 3448 2624 3431 2624 3448 339 3447 339 3431 339 3449 3855 3434 3855 3429 3855 3444 476 3450 476 3432 476 3450 3026 3446 3026 3432 3026 3446 3636 3451 3636 3448 3636 3446 3241 3452 3241 3451 3241 3452 491 3446 491 3450 491 3453 2092 3454 2092 3437 2092 3454 2261 3445 2261 3437 2261 3455 3234 3456 3234 3453 3234 3456 595 3457 595 3453 595 3457 3289 3458 3289 3453 3289 3458 2095 3454 2095 3453 2095 3455 436 3459 436 3456 436 3460 3751 3454 3751 3458 3751 3455 458 3461 458 3459 458 3455 450 3462 450 3461 450 3462 269 3454 269 3460 269 3455 3436 3454 3436 3462 3436 3454 2753 3463 2753 3445 2753 3463 690 3464 690 3445 690 3465 2890 3466 2890 3445 2890 3464 1295 3465 1295 3445 1295 3467 301 3463 301 3454 301 3468 3718 3467 3718 3454 3718 3466 3588 3468 3588 3454 3588 3455 2209 3466 2209 3454 2209 3469 2675 3466 2675 3455 2675 3470 2969 3469 2969 3455 2969 3466 319 3471 319 3468 319 3466 435 3465 435 3471 435 3472 2726 3473 2726 3470 2726 3473 2313 3474 2313 3470 2313 3474 1781 3469 1781 3470 1781 3475 3462 3472 3462 3470 3462 3476 641 3475 641 3470 641 3476 506 3477 506 3475 506 3476 312 3478 312 3477 312 3476 3744 3474 3744 3478 3744 3479 251 3480 251 3469 251 3480 2818 3481 2818 3469 2818 3474 3890 3482 3890 3469 3890 3482 122 3479 122 3469 122 3483 3653 3484 3653 3474 3653 3484 71 3482 71 3474 71 3476 1971 3481 1971 3474 1971 3481 1849 3483 1849 3474 1849 3481 1336 3485 1336 3483 1336 3481 1327 3480 1327 3485 1327 3486 2158 3487 2158 3476 2158 3487 2161 3481 2161 3476 2161 3488 2742 3489 2742 3476 2742 3489 2344 3486 2344 3476 2344 3490 1128 3488 1128 3476 1128 3491 1330 3490 1330 3476 1330 3492 385 3486 385 3489 385 3491 242 3493 242 3490 242 3494 130 3486 130 3492 130 3491 297 3494 297 3493 297 3491 3701 3486 3701 3494 3701 3495 2646 3496 2646 3487 2646 3486 5367 3497 5367 3487 5367 3497 91 3498 91 3487 91 3498 3714 3495 3714 3487 3714 3499 109 3497 109 3486 109 3491 631 3500 631 3486 631 3500 359 3499 359 3486 359 3491 3439 3501 3439 3500 3439 3491 1622 3496 1622 3501 1622 3502 777 3496 777 3495 777 3496 2674 3502 2674 3501 2674 3503 2428 3496 2428 3491 2428 3504 872 3503 872 3491 872 3503 2447 3505 2447 3496 2447 3506 377 3507 377 3505 377 3507 3564 3508 3564 3505 3564 3503 983 3509 983 3505 983 3509 3650 3506 3650 3505 3650 3510 260 3508 260 3507 260 3503 3856 3511 3856 3509 3856 3503 156 3512 156 3511 156 3512 557 3508 557 3510 557 3503 3585 3508 3585 3512 3585 3513 1750 3508 1750 3503 1750 3514 3745 3515 3745 3503 3745 3515 397 3516 397 3503 397 3516 1243 3513 1243 3503 1243 3504 374 3514 374 3503 374 3517 3717 3514 3717 3504 3717 3518 656 3517 656 3504 656 3518 3639 3519 3639 3517 3639 3520 3358 3513 3358 3516 3358 3518 321 3521 321 3519 321 3521 3065 3513 3065 3520 3065 3518 978 3513 978 3521 978 3513 741 3522 741 3508 741 3522 3309 3523 3309 3508 3309 3523 1187 3524 1187 3508 1187 3524 3885 3525 3885 3508 3885 3526 7645 3527 7645 3528 7645 3526 9935 3529 9935 3527 9935 3530 7018 3526 7018 3528 7018 3529 6840 3531 6840 3527 6840 3532 6716 3530 6716 3528 6716 3529 6370 3533 6370 3531 6370 3534 5466 3535 5466 3532 5466 3535 5852 3530 5852 3532 5852 3533 5601 3536 5601 3531 5601 3537 4762 3535 4762 3534 4762 3533 4968 3538 4968 3536 4968 3539 3998 3537 3998 3534 3998 3538 4049 3539 4049 3536 4049 3538 3909 3537 3909 3539 3909 3540 7651 3541 7651 3542 7651 3541 7328 3543 7328 3542 7328 3543 7208 3544 7208 3542 7208 3545 6427 3541 6427 3540 6427 3544 6557 3546 6557 3542 6557 3547 6098 3541 6098 3545 6098 3544 5761 3548 5761 3546 5761 3549 5122 3547 5122 3545 5122 3548 5204 3550 5204 3546 5204 3551 4451 3547 4451 3549 4451 3548 4431 3551 4431 3550 4431 3551 4217 3552 4217 3550 4217 3552 3915 3551 3915 3549 3915 3553 7374 3554 7374 3555 7374 3554 9936 3556 9936 3555 9936 3556 7083 3557 7083 3555 7083 3558 7073 3554 7073 3553 7073 3556 6924 3559 6924 3557 6924 3560 6053 3558 6053 3553 6053 3561 5808 3558 5808 3560 5808 3559 5871 3562 5871 3557 5871 3562 5811 3563 5811 3557 5811 3564 4721 3561 4721 3560 4721 3562 4656 3565 4656 3563 4656 3566 4612 3561 4612 3564 4612 3562 4664 3567 4664 3565 4664 3565 268 3566 268 3564 268 3567 3734 3566 3734 3565 3734 3568 7248 3569 7248 3570 7248 3569 7293 3571 7293 3570 7293 3572 6941 3568 6941 3570 6941 3569 7252 3573 7252 3571 7252 3573 6341 3574 6341 3571 6341 3573 6176 3575 6176 3574 6176 3576 5476 3568 5476 3572 5476 3577 5436 3568 5436 3576 5436 3575 4942 3578 4942 3574 4942 3578 4765 3579 4765 3574 4765 3580 4469 3577 4469 3576 4469 3581 4324 3577 4324 3580 4324 3578 4039 3581 4039 3579 4039 3579 192 3581 192 3580 192 3582 7511 3583 7511 3584 7511 3585 7638 3582 7638 3584 7638 3582 7242 3586 7242 3583 7242 3586 6674 3587 6674 3583 6674 3588 6543 3585 6543 3584 6543 3586 6185 3589 6185 3587 6185 3590 5977 3585 5977 3588 5977 3591 5402 3590 5402 3588 5402 3589 5321 3592 5321 3587 5321 3589 4953 3593 4953 3592 4953 3594 4455 3590 4455 3591 4455 3595 4439 3590 4439 3594 4439 3593 3676 3594 3676 3592 3676 3593 3759 3595 3759 3594 3759 3596 7636 3597 7636 3598 7636 3597 9927 3599 9927 3598 9927 3600 6567 3597 6567 3596 6567 3599 6893 3601 6893 3598 6893 3601 6623 3602 6623 3598 6623 3603 6415 3597 6415 3600 6415 3601 5849 3604 5849 3602 5849 3605 4917 3603 4917 3600 4917 3604 4922 3606 4922 3602 4922 3607 4651 3603 4651 3605 4651 3604 4367 3607 4367 3606 4367 3606 129 3607 129 3605 129 3608 7420 3609 7420 3610 7420 3611 7662 3608 7662 3610 7662 3608 7204 3612 7204 3609 7204 3613 6504 3611 6504 3610 6504 3612 6269 3614 6269 3609 6269 3615 6099 3611 6099 3613 6099 3612 5767 3616 5767 3614 5767 3617 5123 3615 5123 3613 5123 3616 4750 3618 4750 3614 4750 3619 4452 3615 4452 3617 4452 3616 4483 3619 4483 3618 4483 3618 233 3619 233 3617 233 3620 7097 3621 7097 3622 7097 3621 7640 3623 7640 3622 7640 3623 7094 3624 7094 3622 7094 3625 6731 3621 6731 3620 6731 3626 5798 3625 5798 3620 5798 3623 5874 3627 5874 3624 5874 3627 5431 3628 5431 3624 5431 3629 5038 3625 5038 3626 5038 3630 4187 3629 4187 3626 4187 3627 4131 3630 4131 3628 4131 3627 4143 3629 4143 3630 4143 3631 7624 3632 7624 3633 7624 3632 7601 3634 7601 3633 7601 3634 6853 3635 6853 3633 6853 3636 6414 3632 6414 3631 6414 3634 6816 3637 6816 3635 6816 3638 5986 3632 5986 3636 5986 3637 5484 3639 5484 3635 5484 3640 5026 3638 5026 3636 5026 3639 5141 3641 5141 3635 5141 3642 4493 3638 4493 3640 4493 3639 4189 3642 4189 3641 4189 3641 126 3642 126 3640 126 3643 7521 3644 7521 3645 7521 3646 7528 3644 7528 3643 7528 3644 7214 3647 7214 3645 7214 3644 7175 3648 7175 3647 7175 3649 6311 3650 6311 3643 6311 3650 6294 3646 6294 3643 6294 3648 6186 3651 6186 3647 6186 3648 6066 3652 6066 3651 6066 3653 4882 3650 4882 3649 4882 3652 4966 3654 4966 3651 4966 3654 4914 3655 4914 3651 4914 3656 4837 3650 4837 3653 4837 3655 3546 3654 3546 3653 3546 3654 425 3656 425 3653 425 3657 9960 3658 9960 3659 9960 3658 7331 3660 7331 3659 7331 3661 6848 3662 6848 3659 6848 3662 6679 3657 6679 3659 6679 3658 7005 3663 7005 3660 7005 3663 6133 3664 6133 3660 6133 3665 5469 3662 5469 3661 5469 3663 5974 3666 5974 3664 5974 3667 5300 3662 5300 3665 5300 3666 4668 3668 4668 3664 4668 3668 4509 3669 4509 3664 4509 3669 3822 3667 3822 3665 3822 3668 3914 3667 3914 3669 3914 3670 4812 3671 4812 3672 4812 3673 4796 3671 4796 3670 4796 3673 5594 3674 5594 3671 5594 3673 5635 3675 5635 3674 5635 3675 6442 3676 6442 3674 6442 3676 6607 3677 6607 3674 6607 3676 7044 3678 7044 3677 7044 3678 7048 3679 7048 3677 7048 3678 7049 3680 7049 3679 7049 3681 7052 3680 7052 3678 7052 3682 7057 3683 7057 3680 7057 3681 7051 3682 7051 3680 7051 3682 7055 3684 7055 3683 7055 3685 7064 3684 7064 3682 7064 3685 7063 3686 7063 3684 7063 3687 7065 3686 7065 3685 7065 3687 7047 3688 7047 3686 7047 3689 7068 3688 7068 3687 7068 3690 7265 3691 7265 3692 7265 3689 7579 3690 7579 3688 7579 3688 9974 3690 9974 3692 9974 3691 6627 3693 6627 3694 6627 3692 6650 3691 6650 3694 6650 3695 4815 3696 4815 3697 4815 3698 5191 3695 5191 3697 5191 3693 5793 3695 5793 3698 5793 3694 6189 3693 6189 3698 6189 3699 4400 3700 4400 3701 4400 3702 4414 3699 4414 3701 4414 3703 4413 3699 4413 3702 4413 3704 4417 3703 4417 3702 4417 3705 4419 3703 4419 3704 4419 3706 4402 3705 4402 3704 4402 3707 4401 3705 4401 3706 4401 3708 4415 3707 4415 3706 4415 3709 4418 3707 4418 3708 4418 3710 4403 3709 4403 3708 4403 3696 4412 3709 4412 3710 4412 3697 4424 3696 4424 3710 4424 3672 7951 3701 7951 3711 7951 3596 7971 3598 7971 3701 7971 3598 9714 3702 9714 3701 9714 3672 9460 3596 9460 3701 9460 3600 9294 3596 9294 3672 9294 3671 8653 3600 8653 3672 8653 3602 7858 3702 7858 3598 7858 3671 9157 3605 9157 3600 9157 3606 8343 3702 8343 3602 8343 3702 9620 3606 9620 3605 9620 3671 8696 3702 8696 3605 8696 3588 9569 3584 9569 3702 9569 3584 8840 3583 8840 3702 8840 3583 8214 3704 8214 3702 8214 3679 9036 3588 9036 3702 9036 3677 9296 3702 9296 3671 9296 3674 9328 3677 9328 3671 9328 3587 9481 3704 9481 3583 9481 3679 8134 3591 8134 3588 8134 3592 9127 3704 9127 3587 9127 3679 9501 3594 9501 3591 9501 3594 9579 3704 9579 3592 9579 3679 8555 3704 8555 3594 8555 3661 9361 3659 9361 3677 9361 3659 8546 3702 8546 3677 8546 3664 9024 3679 9024 3702 9024 3660 8303 3664 8303 3702 8303 3659 9506 3660 9506 3702 9506 3572 8897 3704 8897 3679 8897 3665 9520 3661 9520 3677 9520 3679 8255 3665 8255 3677 8255 3669 8346 3679 8346 3664 8346 3679 9790 3669 9790 3665 9790 3712 8394 3572 8394 3679 8394 3572 9589 3570 9589 3704 9589 3570 7769 3571 7769 3704 7769 3571 9707 3706 9707 3704 9707 3574 8180 3706 8180 3571 8180 3712 7924 3576 7924 3572 7924 3579 8414 3706 8414 3574 8414 3712 9538 3580 9538 3576 9538 3706 8000 3579 8000 3580 8000 3712 8583 3706 8583 3580 8583 3643 8001 3645 8001 3679 8001 3645 9085 3712 9085 3679 9085 3645 9374 3647 9374 3712 9374 3647 8324 3651 8324 3712 8324 3651 8982 3680 8982 3712 8982 3680 8991 3706 8991 3712 8991 3653 7847 3649 7847 3679 7847 3680 9634 3653 9634 3679 9634 3649 9608 3643 9608 3679 9608 3655 8231 3680 8231 3651 8231 3680 8396 3655 8396 3653 8396 3713 8917 3706 8917 3680 8917 3713 8907 3560 8907 3706 8907 3560 9642 3553 9642 3706 9642 3553 7921 3555 7921 3706 7921 3555 9870 3557 9870 3706 9870 3557 8841 3708 8841 3706 8841 3563 8455 3708 8455 3557 8455 3713 8024 3564 8024 3560 8024 3565 9497 3708 9497 3563 9497 3713 9783 3565 9783 3564 9783 3713 8668 3708 8668 3565 8668 3636 9429 3631 9429 3680 9429 3631 8007 3633 8007 3680 8007 3633 9163 3713 9163 3680 9163 3633 9435 3635 9435 3713 9435 3635 8863 3683 8863 3713 8863 3683 8950 3708 8950 3713 8950 3683 8031 3640 8031 3680 8031 3640 9280 3636 9280 3680 9280 3641 8082 3683 8082 3635 8082 3683 9515 3641 9515 3640 9515 3545 8153 3540 8153 3708 8153 3542 8094 3710 8094 3708 8094 3540 8677 3542 8677 3708 8677 3684 8476 3545 8476 3708 8476 3546 8211 3710 8211 3542 8211 3684 9672 3549 9672 3545 9672 3550 9619 3710 9619 3546 9619 3552 7891 3710 7891 3550 7891 3684 7828 3552 7828 3549 7828 3684 8974 3710 8974 3552 8974 3714 9572 3715 9572 3683 9572 3715 8424 3708 8424 3683 8424 3715 9231 3716 9231 3708 9231 3716 8568 3684 8568 3708 8568 3684 8051 3717 8051 3683 8051 3717 8272 3714 8272 3683 8272 3718 9626 3684 9626 3716 9626 3719 7931 3684 7931 3718 7931 3684 9633 3719 9633 3717 9633 3624 8725 3710 8725 3684 8725 3624 8869 3532 8869 3710 8869 3532 9314 3528 9314 3710 9314 3528 7984 3527 7984 3710 7984 3527 9376 3697 9376 3710 9376 3531 7822 3697 7822 3527 7822 3624 8235 3534 8235 3532 8235 3536 8164 3697 8164 3531 8164 3698 8185 3697 8185 3536 8185 3624 9531 3539 9531 3534 9531 3539 9553 3698 9553 3536 9553 3624 9018 3698 9018 3539 9018 3620 7952 3622 7952 3684 7952 3622 9952 3624 9952 3684 9952 3686 8755 3610 8755 3624 8755 3610 8866 3694 8866 3624 8866 3694 8064 3698 8064 3624 8064 3686 8026 3626 8026 3684 8026 3626 9546 3620 9546 3684 9546 3628 9102 3686 9102 3624 9102 3686 7808 3630 7808 3626 7808 3630 9575 3686 9575 3628 9575 3610 8623 3609 8623 3694 8623 3609 9470 3614 9470 3694 9470 3614 8954 3692 8954 3694 8954 3617 9726 3613 9726 3686 9726 3688 8002 3617 8002 3686 8002 3613 8460 3610 8460 3686 8460 3618 8703 3692 8703 3614 8703 3688 8852 3692 8852 3618 8852 3688 9526 3618 9526 3617 9526 3720 4148 3672 4148 3711 4148 3700 258 3720 258 3711 258 3701 3990 3700 3990 3711 3990 3720 4257 3670 4257 3672 4257 3700 636 3597 636 3720 636 3597 3076 3670 3076 3720 3076 3599 1949 3597 1949 3700 1949 3699 3181 3599 3181 3700 3181 3597 1311 3603 1311 3670 1311 3603 1689 3673 1689 3670 1689 3699 3524 3601 3524 3599 3524 3699 846 3604 846 3601 846 3607 3010 3673 3010 3603 3010 3699 3067 3607 3067 3604 3067 3699 1104 3673 1104 3607 1104 3676 3091 3675 3091 3673 3091 3699 2325 3721 2325 3673 2325 3721 3089 3676 3089 3673 3089 3582 1497 3585 1497 3699 1497 3703 639 3586 639 3699 639 3586 3533 3582 3533 3699 3533 3585 2356 3721 2356 3699 2356 3703 3414 3589 3414 3586 3414 3590 3073 3721 3073 3585 3073 3703 2316 3593 2316 3589 2316 3595 950 3721 950 3590 950 3703 714 3595 714 3593 714 3703 2505 3721 2505 3595 2505 3721 1301 3658 1301 3676 1301 3658 737 3657 737 3676 737 3657 3335 3662 3335 3676 3335 3662 1090 3667 1090 3676 1090 3667 2901 3678 2901 3676 2901 3666 3350 3663 3350 3721 3350 3663 671 3658 671 3721 671 3678 1788 3666 1788 3721 1788 3703 1729 3678 1729 3721 1729 3678 2590 3668 2590 3666 2590 3668 1881 3678 1881 3667 1881 3722 1807 3678 1807 3703 1807 3568 1813 3681 1813 3703 1813 3569 1517 3568 1517 3703 1517 3573 606 3569 606 3703 606 3705 3273 3573 3273 3703 3273 3705 1076 3575 1076 3573 1076 3577 810 3681 810 3568 810 3705 1768 3578 1768 3575 1768 3581 1121 3681 1121 3577 1121 3705 545 3581 545 3578 545 3705 2548 3681 2548 3581 2548 3644 758 3646 758 3678 758 3722 2571 3644 2571 3678 2571 3652 658 3648 658 3722 658 3648 2583 3644 2583 3722 2583 3703 1697 3681 1697 3722 1697 3681 1755 3652 1755 3722 1755 3646 3147 3650 3147 3678 3147 3650 529 3656 529 3678 529 3656 2925 3681 2925 3678 2925 3681 2573 3654 2573 3652 2573 3654 1308 3681 1308 3656 1308 3705 2067 3558 2067 3681 2067 3558 1545 3723 1545 3681 1545 3554 914 3558 914 3705 914 3556 3411 3554 3411 3705 3411 3707 2868 3556 2868 3705 2868 3707 3520 3559 3520 3556 3520 3707 3061 3562 3061 3559 3061 3561 3107 3723 3107 3558 3107 3707 913 3567 913 3562 913 3566 786 3723 786 3561 786 3707 1286 3723 1286 3566 1286 3567 1307 3707 1307 3566 1307 3634 2084 3632 2084 3681 2084 3723 2310 3634 2310 3681 2310 3639 3050 3637 3050 3723 3050 3637 2883 3634 2883 3723 2883 3682 2264 3639 2264 3723 2264 3707 2232 3682 2232 3723 2232 3724 2234 3682 2234 3707 2234 3632 3003 3638 3003 3681 3003 3638 768 3682 768 3681 768 3642 3506 3682 3506 3638 3506 3682 1083 3642 1083 3639 1083 3543 3282 3541 3282 3707 3282 3541 2220 3724 2220 3707 2220 3709 3081 3544 3081 3707 3081 3544 361 3543 361 3707 361 3547 889 3724 889 3541 889 3709 2503 3548 2503 3544 2503 3709 909 3551 909 3548 909 3551 1117 3724 1117 3547 1117 3709 2412 3724 2412 3551 2412 3725 2926 3726 2926 3682 2926 3724 1501 3727 1501 3682 1501 3727 3731 3725 3731 3682 3731 3728 2613 3727 2613 3724 2613 3709 1580 3728 1580 3724 1580 3729 2919 3685 2919 3682 2919 3726 997 3729 997 3682 997 3685 1645 3730 1645 3728 1645 3730 2094 3685 2094 3729 2094 3709 1997 3685 1997 3728 1997 3530 2044 3687 2044 3709 2044 3526 824 3530 824 3709 824 3529 3366 3526 3366 3709 3366 3696 3221 3529 3221 3709 3221 3696 2553 3533 2553 3529 2553 3535 1552 3687 1552 3530 1552 3696 1079 3538 1079 3533 1079 3537 762 3687 762 3535 762 3696 2719 3693 2719 3538 2719 3693 2612 3687 2612 3537 2612 3693 772 3537 772 3538 772 3695 2627 3693 2627 3696 2627 3709 2303 3621 2303 3685 2303 3623 2408 3621 2408 3709 2408 3687 1905 3627 1905 3709 1905 3627 853 3623 853 3709 853 3621 1579 3625 1579 3685 1579 3625 1313 3629 1313 3685 1313 3629 821 3687 821 3685 821 3687 2952 3629 2952 3627 2952 3608 3262 3611 3262 3687 3262 3693 1919 3608 1919 3687 1919 3612 2387 3608 2387 3693 2387 3691 2187 3612 2187 3693 2187 3616 2630 3612 2630 3691 2630 3611 1287 3615 1287 3687 1287 3615 832 3689 832 3687 832 3689 1092 3619 1092 3616 1092 3691 1374 3689 1374 3616 1374 3619 3516 3689 3516 3615 3516 3691 3560 3690 3560 3689 3560 3725 7302 3716 7302 3715 7302 3725 7299 3727 7299 3716 7299 3714 6888 3726 6888 3715 6888 3726 7095 3725 7095 3715 7095 3729 5777 3726 5777 3714 5777 3717 5341 3729 5341 3714 5341 3727 5663 3718 5663 3716 5663 3727 5615 3728 5615 3718 5615 3728 4463 3719 4463 3718 4463 3728 4384 3730 4384 3719 4384 3730 4240 3729 4240 3717 4240 3719 3385 3730 3385 3717 3385 3731 10003 3732 10003 3733 10003 3732 7144 3734 7144 3733 7144 3735 6632 3731 6632 3733 6632 3736 6575 3731 6575 3735 6575 3732 6664 3737 6664 3734 6664 3737 5619 3738 5619 3734 5619 3739 5290 3736 5290 3735 5290 3740 4638 3739 4638 3735 4638 3737 5005 3741 5005 3738 5005 3741 543 3740 543 3738 543 3741 4109 3739 4109 3740 4109 3742 7389 3743 7389 3744 7389 3745 7288 3743 7288 3742 7288 3743 7347 3746 7347 3744 7347 3746 7099 3747 7099 3744 7099 3748 6060 3745 6060 3742 6060 3749 5858 3745 5858 3748 5858 3746 5824 3750 5824 3747 5824 3746 5801 3751 5801 3750 5801 3752 4722 3749 4722 3748 4722 3751 4640 3753 4640 3750 4640 3754 4613 3749 4613 3752 4613 3751 4622 3755 4622 3753 4622 3753 267 3754 267 3752 267 3755 3733 3754 3733 3753 3733 3756 7325 3757 7325 3758 7325 3757 7633 3759 7633 3758 7633 3760 6908 3757 6908 3756 6908 3759 6628 3761 6628 3758 6628 3762 6428 3760 6428 3756 6428 3759 5749 3763 5749 3761 5749 3764 5157 3765 5157 3762 5157 3765 5364 3760 5364 3762 5364 3763 4791 3766 4791 3761 4791 3767 4328 3765 4328 3764 4328 3766 214 3767 214 3764 214 3763 4234 3767 4234 3766 4234 3768 7517 3769 7517 3770 7517 3768 7562 3771 7562 3769 7562 3772 6583 3773 6583 3770 6583 3773 6709 3768 6709 3770 6709 3771 6168 3774 6168 3769 6168 3771 5968 3775 5968 3774 5968 3776 5159 3777 5159 3772 5159 3777 5323 3773 5323 3772 5323 3775 4457 3778 4457 3774 4457 3779 4327 3777 4327 3776 4327 3778 3781 3779 3781 3776 3781 3775 4228 3779 4228 3778 4228 3780 7494 3781 7494 3782 7494 3781 9957 3783 9957 3782 9957 3784 7038 3781 7038 3780 7038 3785 6443 3784 6443 3780 6443 3783 6276 3786 6276 3782 6276 3787 5876 3784 5876 3785 5876 3783 6126 3788 6126 3786 6126 3789 5193 3787 5193 3785 5193 3790 4738 3787 4738 3789 4738 3788 4883 3791 4883 3786 4883 3791 4389 3792 4389 3786 4389 3792 3931 3790 3931 3789 3931 3791 4029 3790 4029 3792 4029 3793 7346 3794 7346 3795 7346 3794 9963 3796 9963 3795 9963 3796 7035 3797 7035 3795 7035 3798 6896 3794 6896 3793 6896 3796 6715 3799 6715 3797 6715 3800 6018 3798 6018 3793 6018 3801 5792 3798 5792 3800 5792 3799 5784 3802 5784 3797 5784 3799 5430 3803 5430 3802 5430 3804 4752 3801 4752 3800 4752 3803 4655 3805 4655 3802 4655 3806 4532 3804 4532 3800 4532 3803 4498 3807 4498 3805 4498 3805 245 3807 245 3806 245 3807 3789 3804 3789 3806 3789 3808 6377 3809 6377 3810 6377 3811 6386 3808 6386 3810 6386 3812 6380 3813 6380 3811 6380 3813 6382 3808 6382 3811 6382 3812 6381 3814 6381 3813 6381 3815 6385 3814 6385 3812 6385 3816 6637 3817 6637 3815 6637 3817 6626 3814 6626 3815 6626 3816 6634 3818 6634 3817 6634 3816 6635 3819 6635 3818 6635 3820 6633 3819 6633 3816 6633 3821 6902 3819 6902 3820 6902 3822 6904 3821 6904 3820 6904 3822 6900 3823 6900 3821 6900 3824 6899 3823 6899 3822 6899 3825 6905 3824 6905 3822 6905 3826 5162 3827 5162 3828 5162 3827 5172 3829 5172 3828 5172 3827 5791 3830 5791 3829 5791 3830 6077 3831 6077 3829 6077 3830 6705 3832 6705 3831 6705 3832 6784 3833 6784 3831 6784 3834 7427 3835 7427 3836 7427 3835 9978 3837 9978 3836 9978 3837 6687 3838 6687 3836 6687 3839 7071 3835 7071 3834 7071 3837 6606 3840 6606 3838 6606 3841 6785 3839 6785 3834 6785 3840 6236 3842 6236 3838 6236 3843 5997 3839 5997 3841 5997 3844 5833 3843 5833 3841 5833 3840 4949 3845 4949 3842 4949 3846 4730 3843 4730 3844 4730 3840 5044 3847 5044 3845 5044 3848 4987 3846 4987 3844 4987 3847 4215 3849 4215 3845 4215 3849 3828 3846 3828 3848 3828 3847 4118 3846 4118 3849 4118 3834 10044 3836 10044 3850 10044 3836 6763 3851 6763 3850 6763 3836 9842 3852 9842 3851 9842 3853 7217 3834 7217 3850 7217 3854 10056 3834 10056 3853 10056 3838 9857 3855 9857 3836 9857 3838 9869 3856 9869 3855 9869 3857 10105 3834 10105 3854 10105 3858 9897 3834 9897 3857 9897 3838 10086 3859 10086 3856 10086 3841 7684 3834 7684 3858 7684 3838 9864 3860 9864 3859 9864 3842 9827 3860 9827 3838 9827 3842 6537 3861 6537 3860 6537 3862 7846 3841 7846 3863 7846 3844 9891 3841 9891 3862 9891 3845 7673 3864 7673 3842 7673 3865 9912 3864 9912 3845 9912 3866 6418 3844 6418 3867 6418 3868 9991 3865 9991 3845 9991 3866 10043 3848 10043 3844 10043 3869 10030 3845 10030 3849 10030 3870 7480 3849 7480 3848 7480 3871 9924 3870 9924 3848 9924 3872 7405 3873 7405 3874 7405 3873 7545 3875 7545 3874 7545 3875 7098 3876 7098 3874 7098 3877 6948 3873 6948 3872 6948 3878 6502 3877 6502 3872 6502 3875 5825 3879 5825 3876 5825 3880 5363 3881 5363 3878 5363 3881 5611 3877 5611 3878 5611 3875 5722 3882 5722 3879 5722 3882 4495 3883 4495 3879 4495 3884 4530 3881 4530 3880 4530 3883 3912 3884 3912 3880 3912 3882 4212 3884 4212 3883 4212 3885 7483 3886 7483 3887 7483 3888 7353 3886 7353 3885 7353 3886 7486 3889 7486 3887 7486 3889 7077 3890 7077 3887 7077 3891 6340 3888 6340 3885 6340 3892 6252 3888 6252 3891 6252 3889 6463 3893 6463 3890 6463 3893 5733 3894 5733 3890 5733 3893 5120 3895 5120 3894 5120 3896 4857 3892 4857 3891 4857 3897 4341 3896 4341 3891 4341 3895 4223 3897 4223 3894 4223 3895 4038 3896 4038 3897 4038 3898 10010 3899 10010 3900 10010 3899 7206 3901 7206 3900 7206 3902 6769 3898 6769 3900 6769 3899 6688 3903 6688 3901 6688 3904 6412 3898 6412 3902 6412 3903 6025 3905 6025 3901 6025 3906 5031 3904 5031 3902 5031 3903 5298 3907 5298 3905 5298 3907 4458 3908 4458 3905 4458 3909 4531 3904 4531 3906 4531 3908 3740 3909 3740 3906 3740 3907 4202 3909 4202 3908 4202 3910 9970 3911 9970 3912 9970 3911 7296 3913 7296 3912 7296 3914 7258 3910 7258 3912 7258 3911 6673 3915 6673 3913 6673 3916 6450 3910 6450 3914 6450 3915 6167 3917 6167 3913 6167 3918 6258 3916 6258 3914 6258 3919 5056 3916 5056 3918 5056 3920 5083 3916 5083 3919 5083 3915 4886 3921 4886 3917 4886 3921 4600 3922 4600 3917 4600 3921 4058 3920 4058 3919 4058 3922 338 3921 338 3919 338 3923 7551 3924 7551 3925 7551 3926 7415 3924 7415 3923 7415 3924 7263 3927 7263 3925 7263 3928 6823 3926 6823 3923 6823 3927 6719 3929 6719 3925 6719 3927 6159 3930 6159 3929 6159 3931 5821 3926 5821 3928 5821 3932 5623 3931 5623 3928 5623 3930 5352 3933 5352 3929 5352 3930 4832 3934 4832 3933 4832 3935 4286 3931 4286 3932 4286 3934 4224 3931 4224 3935 4224 3934 290 3935 290 3933 290 3936 9953 3937 9953 3938 9953 3939 7414 3936 7414 3938 7414 3937 6975 3940 6975 3938 6975 3941 6433 3936 6433 3939 6433 3937 6770 3942 6770 3940 6770 3943 6110 3936 6110 3941 6110 3944 5052 3943 5052 3941 5052 3942 5403 3945 5403 3940 5403 3945 5126 3946 5126 3940 5126 3945 4484 3947 4484 3946 4484 3947 4317 3943 4317 3944 4317 3946 133 3947 133 3944 133 3948 3897 3949 3897 3950 3897 3951 132 3948 132 3950 132 3952 3960 3951 3960 3950 3960 3948 4487 3953 4487 3949 4487 3953 4497 3954 4497 3949 4497 3953 5348 3955 5348 3954 5348 3955 5398 3956 5398 3954 5398 3955 6605 3957 6605 3956 6605 3957 6614 3958 6614 3956 6614 3959 6612 3958 6612 3957 6612 3959 6160 3960 6160 3958 6160 3960 5638 3961 5638 3958 5638 3960 5100 3962 5100 3961 5100 3962 5097 3963 5097 3961 5097 3964 5098 3963 5098 3962 5098 3964 4809 3965 4809 3963 4809 3965 4806 3966 4806 3963 4806 3965 4548 3967 4548 3966 4548 3968 4546 3967 4546 3965 4546 3969 4552 3967 4552 3968 4552 3970 3836 3971 3836 3967 3836 3969 4070 3970 4070 3967 4070 3971 3966 3972 3966 3973 3966 3972 3965 3974 3965 3973 3965 3971 3967 3970 3967 3972 3967 3826 4193 3828 4193 3973 4193 3974 4123 3826 4123 3973 4123 3951 1649 3957 1649 3948 1649 3975 1946 3957 1946 3951 1946 3875 1351 3873 1351 3948 1351 3873 2218 3953 2218 3948 2218 3957 1720 3882 1720 3948 1720 3882 2667 3875 2667 3948 2667 3877 1481 3953 1481 3873 1481 3881 794 3953 794 3877 794 3955 2912 3953 2912 3881 2912 3884 2862 3955 2862 3881 2862 3957 1451 3884 1451 3882 1451 3957 2282 3955 2282 3884 2282 3975 2156 3898 2156 3957 2156 3903 3118 3899 3118 3975 3118 3899 969 3898 969 3975 969 3959 1914 3903 1914 3975 1914 3904 1461 3959 1461 3957 1461 3898 1624 3904 1624 3957 1624 3959 1131 3907 1131 3903 1131 3909 1978 3959 1978 3904 1978 3959 1558 3909 1558 3907 1558 3976 2355 3768 2355 3975 2355 3768 1291 3773 1291 3975 1291 3808 1865 3960 1865 3975 1865 3773 1773 3808 1773 3975 1773 3960 1389 3959 1389 3975 1389 3809 2221 3808 2221 3976 2221 3775 3217 3771 3217 3976 3217 3771 847 3768 847 3976 847 3808 1493 3775 1493 3976 1493 3977 724 3809 724 3976 724 3777 2314 3808 2314 3773 2314 3779 1635 3808 1635 3777 1635 3808 2021 3779 2021 3775 2021 3911 1913 3962 1913 3960 1913 3743 2530 3745 2530 3960 2530 3808 1933 3743 1933 3960 1933 3745 2140 3915 2140 3960 2140 3915 2720 3911 2720 3960 2720 3746 2493 3743 2493 3808 2493 3813 2620 3746 2620 3808 2620 3910 1538 3916 1538 3962 1538 3916 1526 3964 1526 3962 1526 3911 1354 3910 1354 3962 1354 3749 3264 3915 3264 3745 3264 3813 3307 3751 3307 3746 3307 3813 891 3755 891 3751 891 3754 776 3915 776 3749 776 3813 3326 3915 3326 3754 3326 3755 3446 3813 3446 3754 3446 3920 2968 3964 2968 3916 2968 3813 1879 3814 1879 3915 1879 3814 1583 3921 1583 3915 1583 3921 1153 3964 1153 3920 1153 3814 2002 3964 2002 3921 2002 3837 2797 3835 2797 3964 2797 3840 2707 3837 2707 3964 2707 3835 3293 3839 3293 3964 3293 3839 1644 3965 1644 3964 1644 3978 1847 3840 1847 3964 1847 3843 3019 3965 3019 3839 3019 3978 938 3847 938 3840 938 3846 1149 3965 1149 3843 1149 3978 1260 3846 1260 3847 1260 3978 2276 3965 2276 3846 2276 3978 2288 3819 2288 3965 2288 3964 2193 3818 2193 3978 2193 3794 1132 3798 1132 3964 1132 3798 2859 3801 2859 3964 2859 3801 2429 3818 2429 3964 2429 3814 2242 3794 2242 3964 2242 3796 825 3794 825 3814 825 3799 2050 3796 2050 3814 2050 3817 1669 3799 1669 3814 1669 3817 2257 3803 2257 3799 2257 3804 2426 3818 2426 3801 2426 3817 2665 3807 2665 3803 2665 3817 1193 3818 1193 3807 1193 3807 2773 3818 2773 3804 2773 3783 2631 3781 2631 3978 2631 3781 2588 3784 2588 3978 2588 3818 1694 3783 1694 3978 1694 3784 2289 3819 2289 3978 2289 3788 2933 3783 2933 3818 2933 3819 3299 3791 3299 3818 3299 3791 404 3788 404 3818 404 3819 2037 3821 2037 3965 2037 3787 644 3819 644 3784 644 3790 3018 3819 3018 3787 3018 3819 959 3790 959 3791 959 3924 3453 3926 3453 3965 3453 3926 2601 3968 2601 3965 2601 3927 966 3924 966 3965 966 3930 1436 3927 1436 3965 1436 3821 1903 3930 1903 3965 1903 3931 2320 3968 2320 3926 2320 3821 2855 3934 2855 3930 2855 3934 3093 3968 3093 3931 3093 3821 1418 3968 1418 3934 1418 3974 2383 3889 2383 3826 2383 3889 1692 3886 1692 3826 1692 3892 2541 3827 2541 3826 2541 3888 1206 3892 1206 3826 1206 3886 1592 3888 1592 3826 1592 3893 1445 3889 1445 3974 1445 3972 1673 3893 1673 3974 1673 3972 1248 3895 1248 3893 1248 3896 1196 3827 1196 3892 1196 3972 1529 3827 1529 3895 1529 3895 1051 3827 1051 3896 1051 3832 871 3830 871 3972 871 3830 3168 3827 3168 3972 3168 3936 897 3943 897 3972 897 3943 2247 3832 2247 3972 2247 3937 2905 3936 2905 3972 2905 3970 3258 3937 3258 3972 3258 3970 703 3942 703 3937 703 3970 2779 3945 2779 3942 2779 3970 691 3947 691 3945 691 3947 1040 3832 1040 3943 1040 3970 2367 3832 2367 3947 2367 3757 2188 3832 2188 3970 2188 3823 2295 3969 2295 3968 2295 3732 679 3731 679 3968 679 3731 2828 3736 2828 3968 2828 3736 2241 3823 2241 3968 2241 3821 2701 3732 2701 3968 2701 3823 1685 3741 1685 3821 1685 3741 2645 3737 2645 3821 2645 3737 876 3732 876 3821 876 3739 1026 3823 1026 3736 1026 3741 2974 3823 2974 3739 2974 3823 1050 3970 1050 3969 1050 3823 2227 3757 2227 3970 2227 3760 1548 3832 1548 3757 1548 3759 712 3757 712 3823 712 3824 2287 3759 2287 3823 2287 3763 2991 3759 2991 3824 2991 3760 1448 3979 1448 3832 1448 3765 3084 3979 3084 3760 3084 3767 2299 3979 2299 3765 2299 3824 1423 3767 1423 3763 1423 3824 2168 3979 2168 3767 2168 3824 3369 3980 3369 3979 3369 3979 7183 3980 7183 3981 7183 3980 7180 3982 7180 3981 7180 3980 9909 3825 9909 3982 9909 3980 7639 3824 7639 3825 7639 3983 7685 3984 7685 3985 7685 3986 7818 3984 7818 3983 7818 3987 9853 3984 9853 3986 9853 3988 9534 3984 9534 3987 9534 3989 7807 3984 7807 3988 7807 3990 7950 3984 7950 3989 7950 3991 9742 3984 9742 3990 9742 3992 9699 3984 9699 3991 9699 3993 7883 3984 7883 3992 7883 3994 7912 3984 7912 3993 7912 3995 8876 3984 8876 3994 8876 3996 7803 3995 7803 3994 7803 3997 9792 3996 9792 3994 9792 3998 7889 3997 7889 3994 7889 3995 8709 3999 8709 3984 8709 4000 9658 3997 9658 3998 9658 4001 7771 3997 7771 4000 7771 4002 9847 4001 9847 4000 9847 4003 7831 4002 7831 4000 7831 4004 7718 4002 7718 4003 7718 4005 9621 4002 9621 4004 9621 3999 8966 4006 8966 3984 8966 4006 8691 3811 8691 3984 8691 3770 8416 4007 8416 3984 8416 3772 9471 3770 9471 3984 9471 3811 8679 3776 8679 3984 8679 3776 9576 3772 9576 3984 9576 3770 9422 3769 9422 4007 9422 3769 9463 3774 9463 4007 9463 3774 8075 3810 8075 4007 8075 3774 8619 3811 8619 3810 8619 3778 8461 3811 8461 3774 8461 3811 8673 3778 8673 3776 8673 4008 9814 3811 9814 4006 9814 4009 7878 3811 7878 4008 7878 4010 9787 3811 9787 4009 9787 4011 7801 3811 7801 4010 7801 4012 9739 3811 9739 4011 9739 3742 8397 3744 8397 4012 8397 3744 8836 3811 8836 4012 8836 4013 8665 3812 8665 4012 8665 3748 9401 3742 9401 4012 9401 3812 8715 3748 8715 4012 8715 3744 9476 3747 9476 3811 9476 3747 7988 3750 7988 3811 7988 3750 8436 3812 8436 3811 8436 3812 8527 3752 8527 3748 8527 3753 8200 3812 8200 3750 8200 3812 8891 3753 8891 3752 8891 3795 9058 3812 9058 4013 9058 3793 8356 3795 8356 4013 8356 3800 9371 3793 9371 4013 9371 3816 8973 3800 8973 4013 8973 4014 8944 3780 8944 4013 8944 3780 8578 3782 8578 4013 8578 3782 8929 3816 8929 4013 8929 3795 9241 3797 9241 3812 9241 3797 9158 3815 9158 3812 9158 3797 8119 3802 8119 3815 8119 3802 9355 3816 9355 3815 9355 3805 7995 3816 7995 3802 7995 3816 8348 3806 8348 3800 8348 3816 9319 3805 9319 3806 9319 3782 9214 3786 9214 3816 9214 3786 9253 3820 9253 3816 9253 3785 8258 3780 8258 4014 8258 3734 8787 3789 8787 4014 8787 3789 8300 3785 8300 4014 8300 3792 9304 3820 9304 3786 9304 3820 8723 3792 8723 3789 8723 3734 8865 3820 8865 3789 8865 3733 8803 3734 8803 4014 8803 4015 8905 3735 8905 4014 8905 3735 8197 3733 8197 4014 8197 3734 9493 3738 9493 3820 9493 3738 8611 3822 8611 3820 8611 4016 9745 4017 9745 4018 9745 4017 9796 4019 9796 4018 9796 4017 7895 4020 7895 4019 7895 4021 7712 4017 7712 4016 7712 4022 8942 4023 8942 4020 8942 4017 9434 4022 9434 4020 9434 4024 9832 4017 9832 4021 9832 4025 7719 4017 7719 4024 7719 4026 7826 4017 7826 4025 7826 4027 7731 4017 7731 4026 7731 4028 8742 4023 8742 4022 8742 3981 7780 4028 7780 4029 7780 4030 9764 3981 9764 4029 9764 4031 9630 3981 9630 4030 9630 3981 9914 4032 9914 4033 9914 4034 7902 3981 7902 4031 7902 3981 7677 4035 7677 4032 7677 4036 9689 3981 9689 4034 9689 3981 9894 4037 9894 4035 9894 3981 9529 4038 9529 4037 9529 4038 7753 3981 7753 4036 7753 3822 8967 3735 8967 4015 8967 3822 8177 3740 8177 3735 8177 3740 9716 3822 9716 3738 9716 4039 8122 3822 8122 4015 8122 4040 9587 3822 9587 4039 9587 4041 7867 3822 7867 4040 7867 4028 7700 4042 7700 4023 7700 4043 9719 3822 9719 4041 9719 3822 8034 4043 8034 4042 8034 4028 9132 3822 9132 4042 9132 3758 8599 3822 8599 4028 8599 3756 9674 3758 9674 4028 9674 3981 9088 3762 9088 4028 9088 3762 8058 3756 8058 4028 8058 3758 9116 3761 9116 3822 9116 3761 9143 3825 9143 3822 9143 3981 8147 3764 8147 3762 8147 3766 9089 3825 9089 3761 9089 3981 9144 3766 9144 3764 9144 3981 9196 3825 9196 3766 9196 3982 7827 3825 7827 3981 7827 3977 4672 3976 4672 4007 4672 3810 5091 3977 5091 4007 5091 3809 5448 3977 5448 3810 5448 4044 7500 4045 7500 4046 7500 4047 7451 4044 7451 4046 7451 4044 7611 4048 7611 4045 7611 4048 6429 4049 6429 4045 6429 4050 6183 4047 6183 4046 6183 4051 6142 4047 6142 4050 6142 4048 6191 4052 6191 4049 6191 4053 4976 4051 4976 4050 4976 4052 4785 4054 4785 4049 4785 4055 4499 4053 4499 4050 4499 4052 4602 4056 4602 4054 4602 4056 273 4055 273 4054 273 4056 3894 4053 3894 4055 3894 4057 7221 4058 7221 4059 7221 4058 9888 4060 9888 4059 9888 4061 7154 4058 7154 4057 7154 4060 6733 4062 6733 4059 6733 4060 6179 4063 6179 4062 6179 4064 5598 4061 5598 4057 5598 4065 5464 4064 5464 4057 5464 4063 5425 4066 5425 4062 5425 4063 4446 4067 4446 4066 4446 4068 4154 4064 4154 4065 4154 4067 3911 4068 3911 4065 3911 4063 4391 4068 4391 4067 4391 4069 9968 4070 9968 4071 9968 4072 7398 4069 7398 4071 7398 4070 6827 4073 6827 4071 6827 4074 6779 4069 6779 4072 6779 4075 6259 4074 6259 4072 6259 4070 6310 4076 6310 4073 6310 4076 5330 4077 5330 4073 5330 4078 5103 4074 5103 4075 5103 4079 4972 4074 4972 4078 4972 4076 4741 4080 4741 4077 4741 4080 4196 4081 4196 4077 4196 4081 3766 4079 3766 4078 3766 4080 3879 4079 3879 4081 3879 4082 7434 4083 7434 4084 7434 4083 7220 4085 7220 4084 7220 4086 7025 4082 7025 4084 7025 4087 6878 4082 6878 4086 6878 4088 5820 4087 5820 4086 5820 4083 5823 4089 5823 4085 5823 4083 5781 4090 5781 4089 5781 4091 5345 4087 5345 4088 5345 4090 4660 4092 4660 4089 4660 4093 4504 4091 4504 4088 4504 4090 4505 4094 4505 4092 4505 4094 4051 4091 4051 4093 4051 4092 199 4094 199 4093 199 4095 7507 4096 7507 4097 7507 4096 7585 4098 7585 4097 7585 4098 6818 4099 6818 4097 6818 4098 6821 4100 6821 4099 6821 4101 6096 4096 6096 4095 6096 4102 6120 4096 6120 4101 6120 4100 5807 4103 5807 4099 5807 4103 5359 4104 5359 4099 5359 4105 5003 4102 5003 4101 5003 4106 4232 4105 4232 4101 4232 4103 4580 4107 4580 4104 4580 4107 3929 4106 3929 4104 3929 4107 3916 4105 3916 4106 3916 4108 7485 4109 7485 4110 7485 4109 7147 4111 7147 4110 7147 4112 7070 4108 7070 4110 7070 4109 6839 4113 6839 4111 6839 4114 5799 4108 5799 4112 5799 4113 5827 4115 5827 4111 5827 4116 5712 4108 5712 4114 5712 4113 5205 4117 5205 4115 5205 4118 4536 4116 4536 4114 4536 4119 4178 4118 4178 4114 4178 4117 4170 4119 4170 4115 4170 4117 4004 4118 4004 4119 4004 4120 10029 4121 10029 4122 10029 4123 6920 4120 6920 4122 6920 4121 7092 4124 7092 4122 7092 4125 6260 4120 6260 4123 6260 4121 6118 4126 6118 4124 6118 4126 5654 4127 5654 4124 5654 4128 5307 4125 5307 4123 5307 4126 4633 4129 4633 4127 4633 4130 4264 4129 4264 4128 4264 4129 4377 4125 4377 4128 4377 4129 3937 4130 3937 4127 3937 4131 7625 4132 7625 4133 7625 4132 7522 4134 7522 4133 7522 4134 6841 4135 6841 4133 6841 4136 6358 4137 6358 4131 6358 4137 6402 4132 6402 4131 6402 4135 6481 4138 6481 4133 6481 4135 5202 4139 5202 4138 5202 4140 5046 4137 5046 4136 5046 4141 4962 4137 4962 4140 4962 4135 5082 4142 5082 4139 5082 4139 195 4141 195 4140 195 4142 250 4141 250 4139 250 4143 9850 4144 9850 4145 9850 4146 9937 4143 9937 4145 9937 4144 7234 4147 7234 4145 7234 4144 6603 4148 6603 4147 6603 4149 6745 4143 6745 4146 6745 4144 6812 4150 6812 4148 6812 4151 6180 4143 6180 4149 6180 4152 5967 4151 5967 4149 5967 4150 5509 4153 5509 4148 5509 4150 5461 4154 5461 4153 5461 4154 4725 4155 4725 4153 4725 4156 4754 4151 4754 4152 4754 4157 5328 4156 5328 4152 5328 4158 4594 4156 4594 4157 4594 4154 4139 4159 4139 4155 4139 4159 3816 4156 3816 4158 3816 4154 4141 4156 4141 4159 4141 4160 10078 4145 10078 4161 10078 4146 4828 4145 4828 4160 4828 4145 10127 4162 10127 4163 10127 4147 6114 4162 6114 4145 6114 4148 5182 4164 5182 4147 5182 4149 7084 4146 7084 4165 7084 4152 5987 4149 5987 4166 5987 4167 5786 4152 5786 4166 5786 4148 6322 4168 6322 4169 6322 4153 6648 4168 6648 4148 6648 4170 10028 4158 10028 4157 10028 4159 10041 4171 10041 4155 10041 4171 4818 4172 4818 4155 4818 4173 10088 4159 10088 4158 10088 4174 7424 4175 7424 4176 7424 4177 7338 4175 7338 4174 7338 4178 7085 4179 7085 4176 7085 4175 7330 4178 7330 4176 7330 4180 6591 4177 6591 4174 6591 4181 6343 4177 6343 4180 6343 4182 5389 4181 5389 4180 5389 4183 5605 4184 5605 4179 5605 4178 5826 4183 5826 4179 5826 4185 5064 4181 5064 4182 5064 4186 4318 4187 4318 4184 4318 4183 4611 4186 4611 4184 4611 4187 4034 4185 4034 4182 4034 4186 4011 4185 4011 4187 4011 4188 9988 4189 9988 4190 9988 4191 7079 4188 7079 4190 7079 4192 6955 4188 6955 4191 6955 4189 6971 4193 6971 4190 6971 4189 5999 4194 5999 4193 5999 4189 6021 4195 6021 4194 6021 4196 5597 4192 5597 4191 5597 4197 5612 4196 5612 4191 5612 4198 4339 4196 4339 4197 4339 4199 4322 4196 4322 4198 4322 4195 4173 4198 4173 4194 4173 4195 4155 4199 4155 4198 4155 4200 7422 4201 7422 4202 7422 4201 9947 4203 9947 4202 9947 4204 7072 4201 7072 4200 7072 4203 7004 4205 7004 4202 7004 4203 6660 4206 6660 4205 6660 4207 6123 4204 6123 4200 6123 4206 6146 4208 6146 4205 6146 4209 5736 4204 5736 4207 5736 4206 5027 4210 5027 4208 5027 4206 4957 4211 4957 4210 4957 4212 4388 4209 4388 4207 4388 4211 540 4212 540 4210 540 4211 4179 4209 4179 4212 4179 4213 7652 4214 7652 4215 7652 4216 9910 4213 9910 4215 9910 4217 6600 4216 6600 4215 6600 4218 6708 4217 6708 4215 6708 4213 6515 4219 6515 4214 6515 4213 6524 4220 6524 4219 6524 4221 5211 4217 5211 4218 5211 4222 5014 4223 5014 4219 5014 4220 5058 4222 5058 4219 5058 4224 4984 4217 4984 4221 4984 4225 4169 4224 4169 4221 4169 4222 3674 4225 3674 4223 3674 4222 3901 4224 3901 4225 3901 4226 7533 4227 7533 4228 7533 4229 7324 4226 7324 4228 7324 4226 7552 4230 7552 4227 7552 4231 6755 4229 6755 4228 6755 4230 6556 4232 6556 4227 6556 4230 6432 4233 6432 4232 6432 4234 6139 4229 6139 4231 6139 4233 5385 4235 5385 4232 5385 4236 5280 4234 5280 4231 5280 4233 5118 4237 5118 4235 5118 4238 4833 4234 4833 4236 4833 4239 4052 4238 4052 4236 4052 4237 4079 4239 4079 4235 4079 4237 4007 4238 4007 4239 4007 4240 7319 4241 7319 4242 7319 4241 9958 4243 9958 4242 9958 4243 6931 4244 6931 4242 6931 4245 6921 4241 6921 4240 6921 4246 6423 4245 6423 4240 6423 4243 6590 4247 6590 4244 6590 4248 5747 4245 5747 4246 5747 4247 5730 4249 5730 4244 5730 4250 5216 4248 5216 4246 5216 4247 5043 4251 5043 4249 5043 4251 4716 4252 4716 4249 4716 4253 4443 4248 4443 4250 4443 4254 4441 4248 4441 4253 4441 4251 3770 4253 3770 4252 3770 4251 3763 4254 3763 4253 3763 4255 4805 4256 4805 4257 4805 4258 4808 4256 4808 4255 4808 4258 4811 4259 4811 4256 4811 4260 4801 4259 4801 4258 4801 4260 5189 4261 5189 4259 5189 4262 5186 4261 5186 4260 5186 4262 5187 4263 5187 4261 5187 4264 5188 4263 5188 4262 5188 4265 5185 4263 5185 4264 5185 4265 5195 4266 5195 4263 5195 4265 6013 4267 6013 4266 6013 4267 6425 4268 6425 4266 6425 4267 6685 4269 6685 4268 6685 4270 4774 4271 4774 4272 4774 4271 4773 4273 4773 4272 4773 4270 4771 4274 4771 4271 4771 4273 5661 4275 5661 4276 5661 4272 5434 4273 5434 4276 5434 4276 6317 4275 6317 4277 6317 4275 6318 4278 6318 4277 6318 4277 6631 4279 6631 4280 6631 4277 6641 4278 6641 4279 6641 4280 6966 4281 6966 4282 6966 4281 6969 4283 6969 4282 6969 4280 6968 4279 6968 4281 6968 4282 7510 4284 7510 4285 7510 4283 7515 4284 7515 4282 7515 4284 7429 4286 7429 4285 7429 4287 7428 4286 7428 4284 7428 4288 7425 4286 7425 4287 7425 4289 6473 4290 6473 4291 6473 4292 6947 4289 6947 4291 6947 4288 7369 4289 7369 4292 7369 4286 9923 4288 9923 4292 9923 4291 5843 4290 5843 4293 5843 4290 5841 4294 5841 4293 5841 4295 4390 4296 4390 4297 4390 4293 4826 4295 4826 4297 4826 4294 5029 4295 5029 4293 5029 4298 4476 4299 4476 4300 4476 4301 4472 4299 4472 4298 4472 4301 4473 4302 4473 4299 4473 4301 4474 4303 4474 4302 4474 4255 4475 4303 4475 4301 4475 4255 4477 4257 4477 4303 4477 4304 3922 4300 3922 4305 3922 4306 3957 4304 3957 4305 3957 4304 3926 4298 3926 4300 3926 4307 3958 4304 3958 4306 3958 4300 9150 4133 9150 4305 9150 4133 8210 4306 8210 4305 8210 4131 8572 4133 8572 4300 8572 4299 9047 4131 9047 4300 9047 4299 8006 4136 8006 4131 8006 4138 8515 4306 8515 4133 8515 4138 8695 4050 8695 4306 8695 4139 9697 4050 9697 4138 9697 4299 9720 4140 9720 4136 9720 4299 8073 4139 8073 4140 8073 4299 8471 4050 8471 4139 8471 4308 9830 4309 9830 4299 9830 4310 9753 4308 9753 4299 9753 4309 9650 4311 9650 4299 9650 4311 8081 4312 8081 4299 8081 4312 8680 4050 8680 4299 8680 4302 9185 4310 9185 4299 9185 4312 7796 4313 7796 4050 7796 4313 9879 4314 9879 4050 9879 4046 8360 4306 8360 4050 8360 4046 8530 4045 8530 4306 8530 4045 9013 4315 9013 4306 9013 4049 9160 4315 9160 4045 9160 4054 8142 4315 8142 4049 8142 4314 8311 4055 8311 4050 8311 4055 8115 4315 8115 4054 8115 4314 9345 4315 9345 4055 9345 4112 9176 4110 9176 4302 9176 4303 8598 4112 8598 4302 8598 4110 8330 4310 8330 4302 8330 4110 8334 4111 8334 4310 8334 4111 9641 4115 9641 4310 9641 4316 8732 4315 8732 4314 8732 4317 8663 4316 8663 4314 8663 4318 7955 4319 7955 4315 7955 4320 9836 4321 9836 4315 9836 4321 7916 4322 7916 4315 7916 4322 7844 4318 7844 4315 7844 4319 9808 4323 9808 4315 9808 4323 7792 4324 7792 4315 7792 4324 9833 4325 9833 4315 9833 4325 7758 4326 7758 4315 7758 4326 7187 4327 7187 4315 7187 4316 8173 4320 8173 4315 8173 4328 9766 4329 9766 4314 9766 4329 9500 4330 9500 4314 9500 4330 9693 4331 9693 4314 9693 4331 8204 4332 8204 4314 8204 4332 8039 4333 8039 4314 8039 4333 8130 4317 8130 4314 8130 4303 8028 4114 8028 4112 8028 4303 8497 4124 8497 4114 8497 4124 9251 4119 9251 4114 9251 4119 7804 4310 7804 4115 7804 4124 9249 4310 9249 4119 9249 4328 7709 4334 7709 4329 7709 4334 7627 4335 7627 4329 7627 4122 9208 4124 9208 4303 9208 4257 8816 4122 8816 4303 8816 4334 9905 4336 9905 4335 9905 4337 7658 4336 7658 4334 7658 4123 8036 4122 8036 4257 8036 4256 8430 4123 8430 4257 8430 4127 7935 4310 7935 4124 7935 4256 9489 4128 9489 4123 9489 4338 8898 4310 8898 4127 8898 4085 9232 4130 9232 4128 9232 4256 8699 4085 8699 4128 8699 4130 9197 4338 9197 4127 9197 4085 8894 4339 8894 4130 8894 4339 9554 4338 9554 4130 9554 4259 9133 4084 9133 4256 9133 4084 9342 4085 9342 4256 9342 4340 8733 4339 8733 4085 8733 4088 9475 4086 9475 4259 9475 4086 8297 4084 8297 4259 8297 4341 9015 4088 9015 4259 9015 4085 7763 4342 7763 4340 7763 4089 8831 4341 8831 4342 8831 4085 7966 4089 7966 4342 7966 4092 8243 4341 8243 4089 8243 4341 9063 4093 9063 4088 9063 4341 9006 4092 9006 4093 9006 4072 9682 4071 9682 4261 9682 4071 8750 4259 8750 4261 8750 4071 9188 4073 9188 4259 9188 4073 8888 4341 8888 4259 8888 4261 8456 4075 8456 4072 8456 4077 9118 4341 9118 4073 9118 4261 9683 4078 9683 4075 9683 4081 8508 4341 8508 4077 8508 4078 9223 4341 9223 4081 9223 4263 9066 4078 9066 4261 9066 4095 8199 4097 8199 4263 8199 4097 8622 4078 8622 4263 8622 4343 8887 4344 8887 4078 8887 4344 9627 4345 9627 4078 9627 4345 8067 4341 8067 4078 8067 4097 9297 4099 9297 4078 9297 4346 8739 4343 8739 4078 8739 4099 8744 4346 8744 4078 8744 4346 7907 4347 7907 4343 7907 4346 9427 4348 9427 4347 9427 4101 9035 4095 9035 4263 9035 4268 8766 4101 8766 4263 8766 4266 9393 4268 9393 4263 9393 4346 9165 4349 9165 4348 9165 4104 8209 4346 8209 4099 8209 4268 9094 4106 9094 4101 9094 4106 8354 4346 8354 4104 8354 4268 9149 4346 9149 4106 9149 4057 9162 4059 9162 4349 9162 4059 8714 4350 8714 4349 8714 4346 8899 4057 8899 4349 8899 4059 9741 4062 9741 4350 9741 4062 8610 4351 8610 4350 8610 4346 9468 4065 9468 4057 9468 4066 9277 4351 9277 4062 9277 4067 8395 4351 8395 4066 8395 4346 8405 4351 8405 4065 8405 4351 9292 4067 9292 4065 9292 4352 7864 4353 7864 4351 7864 4353 9595 4354 9595 4351 9595 4354 7863 4355 7863 4351 7863 4355 9598 4356 9598 4351 9598 4356 7981 4357 7981 4351 7981 4358 9824 4359 9824 4351 9824 4359 9710 4360 9710 4351 9710 4360 9269 4352 9269 4351 9269 4361 10058 4362 10058 4351 10058 4362 7715 4358 7715 4351 7715 4357 9161 4350 9161 4351 9161 4363 9247 4364 9247 4350 9247 4357 9516 4363 9516 4350 9516 4363 8076 4365 8076 4364 8076 4365 9590 4366 9590 4364 9590 4365 9474 4367 9474 4366 9474 4365 9334 4368 9334 4367 9334 4365 7861 4369 7861 4368 7861 4365 7850 4370 7850 4369 7850 4365 4973 4371 4973 4370 4973 4307 1064 4134 1064 4304 1064 4134 2793 4298 2793 4304 2793 4135 2691 4134 2691 4307 2691 4134 1477 4132 1477 4298 1477 4132 2657 4301 2657 4298 2657 4137 829 4301 829 4132 829 4047 2309 4135 2309 4307 2309 4141 2443 4301 2443 4137 2443 4047 926 4142 926 4135 926 4047 3226 4141 3226 4142 3226 4047 1747 4301 1747 4141 1747 4051 1938 4284 1938 4047 1938 4284 2150 4301 2150 4047 2150 4044 2526 4047 2526 4307 2526 4296 2827 4048 2827 4307 2827 4048 412 4044 412 4307 412 4296 665 4052 665 4048 665 4053 3086 4284 3086 4051 3086 4296 1419 4056 1419 4052 1419 4296 3383 4053 3383 4056 3383 4108 2513 4255 2513 4301 2513 4109 907 4108 907 4301 907 4113 2618 4109 2618 4301 2618 4372 1599 4113 1599 4301 1599 4284 751 4283 751 4301 751 4283 1690 4372 1690 4301 1690 4294 1222 4053 1222 4296 1222 4116 668 4255 668 4108 668 4372 2492 4117 2492 4113 2492 4118 3149 4255 3149 4116 3149 4373 1873 4255 1873 4118 1873 4372 979 4118 979 4117 979 4372 1981 4373 1981 4118 1981 4295 1055 4294 1055 4296 1055 4283 2173 4373 2173 4372 2173 4053 1827 4216 1827 4284 1827 4216 2923 4217 2923 4284 2923 4213 2235 4216 2235 4053 2235 4287 2239 4220 2239 4053 2239 4220 2233 4213 2233 4053 2233 4294 2103 4287 2103 4053 2103 4287 1802 4222 1802 4220 1802 4224 1088 4284 1088 4217 1088 4287 2610 4284 2610 4224 2610 4222 818 4287 818 4224 818 4201 3216 4204 3216 4287 3216 4294 1709 4201 1709 4287 1709 4203 2729 4201 2729 4294 2729 4206 1496 4203 1496 4294 1496 4290 2414 4206 2414 4294 2414 4209 2783 4287 2783 4204 2783 4290 2382 4211 2382 4206 2382 4290 2124 4287 2124 4209 2124 4211 2840 4290 2840 4209 2840 4281 2159 4255 2159 4373 2159 4226 1547 4229 1547 4373 1547 4229 2515 4234 2515 4373 2515 4234 2020 4281 2020 4373 2020 4230 2614 4226 2614 4373 2614 4283 2034 4230 2034 4373 2034 4281 903 4237 903 4283 903 4237 3199 4233 3199 4283 3199 4233 3024 4230 3024 4283 3024 4290 1400 4288 1400 4287 1400 4289 680 4288 680 4290 680 4238 1574 4281 1574 4234 1574 4237 2525 4281 2525 4238 2525 4281 2795 4121 2795 4255 2795 4121 1442 4120 1442 4255 1442 4120 2634 4125 2634 4255 2634 4125 2215 4144 2215 4255 2215 4126 2995 4121 2995 4281 2995 4279 1616 4126 1616 4281 1616 4279 1446 4129 1446 4126 1446 4129 2347 4144 2347 4125 2347 4279 1683 4144 1683 4129 1683 4144 1920 4143 1920 4255 1920 4143 748 4151 748 4255 748 4151 2380 4278 2380 4255 2380 4243 1867 4258 1867 4255 1867 4278 1923 4243 1923 4255 1923 4278 2538 4154 2538 4279 2538 4154 2048 4150 2048 4279 2048 4150 1189 4144 1189 4279 1189 4156 1294 4278 1294 4151 1294 4278 925 4156 925 4154 925 4258 1928 4082 1928 4260 1928 4083 2102 4082 2102 4258 2102 4275 486 4090 486 4258 486 4090 2790 4083 2790 4258 2790 4241 1737 4245 1737 4258 1737 4243 2361 4241 2361 4258 2361 4245 1963 4275 1963 4258 1963 4082 1010 4087 1010 4260 1010 4087 2027 4275 2027 4260 2027 4091 2846 4275 2846 4087 2846 4275 1810 4094 1810 4090 1810 4094 1650 4275 1650 4091 1650 4275 2666 4247 2666 4278 2666 4247 1629 4243 1629 4278 1629 4248 2030 4275 2030 4245 2030 4275 720 4251 720 4247 720 4254 2096 4275 2096 4248 2096 4275 2346 4254 2346 4251 2346 4260 1839 4070 1839 4262 1839 4070 366 4069 366 4262 366 4069 3071 4074 3071 4262 3071 4076 2554 4070 2554 4260 2554 4275 2062 4076 2062 4260 2062 4079 1179 4262 1179 4074 1179 4275 2019 4080 2019 4076 2019 4275 1751 4079 1751 4080 1751 4079 1798 4264 1798 4262 1798 4098 1427 4096 1427 4264 1427 4096 2210 4265 2210 4264 2210 4079 1605 4098 1605 4264 1605 4100 2966 4098 2966 4079 2966 4275 1925 4374 1925 4079 1925 4374 1950 4103 1950 4079 1950 4103 1112 4100 1112 4079 1112 4273 902 4374 902 4275 902 4102 556 4265 556 4096 556 4105 3142 4265 3142 4102 3142 4269 3247 4267 3247 4105 3247 4267 652 4265 652 4105 652 4374 1159 4107 1159 4103 1159 4374 2256 4269 2256 4107 2256 4107 1042 4269 1042 4105 1042 4178 1553 4175 1553 4273 1553 4175 2697 4177 2697 4273 2697 4177 805 4181 805 4273 805 4271 2743 4178 2743 4273 2743 4181 2130 4375 2130 4273 2130 4271 2052 4183 2052 4178 2052 4185 1072 4375 1072 4181 1072 4271 947 4186 947 4183 947 4186 2085 4375 2085 4185 2085 4271 1842 4375 1842 4186 1842 4273 2114 4058 2114 4374 2114 4058 3402 4061 3402 4374 3402 4063 1546 4060 1546 4273 1546 4060 2053 4058 2053 4273 2053 4375 2181 4063 2181 4273 2181 4064 946 4374 946 4061 946 4375 1386 4374 1386 4064 1386 4375 1316 4068 1316 4063 1316 4068 3314 4375 3314 4064 3314 4188 1321 4192 1321 4271 1321 4192 1833 4375 1833 4271 1833 4274 2293 4188 2293 4271 2293 4189 1060 4188 1060 4274 1060 4376 2880 4189 2880 4274 2880 4377 761 4376 761 4274 761 4378 1736 4195 1736 4376 1736 4195 2580 4189 2580 4376 2580 4196 976 4375 976 4192 976 4378 3102 4375 3102 4196 3102 4199 3052 4378 3052 4196 3052 4378 3477 4199 3477 4195 3477 4379 7352 4376 7352 4380 7352 4379 7344 4378 7344 4376 7344 4375 7109 4381 7109 4382 7109 4375 7239 4378 7239 4381 7239 4378 9965 4379 9965 4381 9965 4383 5596 4274 5596 4270 5596 4377 5757 4274 5757 4383 5757 4380 6482 4377 6482 4383 6482 4376 6604 4377 6604 4380 6604 4384 7477 4385 7477 4386 7477 4385 7519 4387 7519 4386 7519 4388 7207 4385 7207 4384 7207 4387 6795 4389 6795 4386 6795 4390 6571 4388 6571 4384 6571 4387 5711 4391 5711 4389 5711 4387 5785 4392 5785 4391 5785 4393 5394 4388 5394 4390 5394 4394 5397 4388 5397 4393 5397 4392 4479 4395 4479 4391 4479 4396 4229 4395 4229 4393 4229 4395 4144 4394 4144 4393 4144 4395 4078 4396 4078 4391 4078 4397 7487 4398 7487 4399 7487 4398 9775 4400 9775 4399 9775 4400 7268 4401 7268 4399 7268 4400 7030 4402 7030 4401 7030 4403 6175 4398 6175 4397 6175 4402 6105 4404 6105 4401 6105 4405 6064 4398 6064 4403 6064 4402 5696 4406 5696 4404 5696 4406 4784 4407 4784 4404 4784 4408 4657 4405 4657 4403 4657 4409 4334 4405 4334 4408 4334 4406 4296 4409 4296 4407 4296 4407 149 4409 149 4408 149 4410 7282 4411 7282 4412 7282 4411 7608 4413 7608 4412 7608 4414 6918 4411 6918 4410 6918 4413 6283 4415 6283 4412 6283 4416 6108 4414 6108 4410 6108 4413 6045 4417 6045 4415 6045 4418 5086 4414 5086 4416 5086 4419 4714 4418 4714 4416 4714 4417 4708 4420 4708 4415 4708 4420 4592 4421 4592 4415 4592 4421 3670 4418 3670 4419 3670 4420 3812 4418 3812 4421 3812 4422 7706 4423 7706 4424 7706 4422 9911 4425 9911 4423 9911 4426 6757 4422 6757 4424 6757 4425 6699 4427 6699 4423 6699 4428 6771 4422 6771 4426 6771 4425 6411 4429 6411 4427 6411 4430 5755 4428 5755 4426 5755 4429 5326 4431 5326 4427 5326 4429 5134 4432 5134 4431 5134 4433 4890 4430 4890 4426 4890 4434 4569 4430 4569 4433 4569 4432 3800 4434 3800 4431 3800 4434 182 4433 182 4431 182 4435 7546 4436 7546 4437 7546 4438 7613 4436 7613 4435 7613 4436 6805 4439 6805 4437 6805 4439 6690 4440 6690 4437 6690 4441 6441 4442 6441 4435 6441 4442 6476 4438 6476 4435 6476 4439 5315 4443 5315 4440 5315 4444 4997 4445 4997 4441 4997 4445 5285 4442 5285 4441 5285 4439 5226 4446 5226 4443 5226 4447 4343 4445 4343 4444 4343 4446 4110 4447 4110 4443 4110 4447 123 4444 123 4443 123 4448 9920 4449 9920 4450 9920 4449 7281 4451 7281 4450 7281 4452 6887 4448 6887 4450 6887 4449 6849 4453 6849 4451 6849 4454 6735 4448 6735 4452 6735 4453 5750 4455 5750 4451 5750 4456 5599 4454 5599 4452 5599 4453 5351 4457 5351 4455 5351 4458 4881 4454 4881 4456 4881 4459 4244 4458 4244 4456 4244 4457 4156 4459 4156 4455 4156 4457 4097 4458 4097 4459 4097 4460 10002 4461 10002 4462 10002 4461 7396 4463 7396 4462 7396 4464 6836 4460 6836 4462 6836 4461 6656 4465 6656 4463 6656 4466 5775 4467 5775 4464 5775 4467 6145 4460 6145 4464 6145 4465 5746 4468 5746 4463 5746 4465 5355 4469 5355 4468 5355 4470 4226 4471 4226 4466 4226 4471 4440 4467 4440 4466 4440 4469 4050 4470 4050 4468 4050 4469 4021 4471 4021 4470 4021 4472 7387 4473 7387 4474 7387 4473 7667 4475 7667 4474 7667 4476 6777 4473 6777 4472 6777 4475 6671 4477 6671 4474 6671 4477 6035 4478 6035 4474 6035 4479 5783 4476 5783 4472 5783 4477 5146 4480 5146 4478 5146 4481 4923 4476 4923 4479 4923 4480 4305 4482 4305 4478 4305 4482 3806 4481 3806 4479 3806 4480 4066 4481 4066 4482 4066 4483 9929 4484 9929 4485 9929 4486 7404 4483 7404 4485 7404 4484 6847 4487 6847 4485 6847 4487 6850 4488 6850 4485 6850 4489 6702 4483 6702 4486 6702 4490 6032 4489 6032 4486 6032 4487 5687 4491 5687 4488 5687 4487 5587 4492 5587 4491 5587 4493 4996 4489 4996 4490 4996 4492 4460 4494 4460 4491 4460 4494 4235 4495 4235 4491 4235 4495 4132 4493 4132 4490 4132 4494 3923 4493 3923 4495 3923 4496 4793 4497 4793 4498 4793 4499 4813 4497 4813 4496 4813 4500 4053 4501 4053 4502 4053 4497 119 4500 119 4502 119 4498 4456 4497 4456 4502 4456 4500 4394 4503 4394 4501 4394 4504 4395 4503 4395 4500 4395 4505 5147 4506 5147 4503 5147 4504 5132 4505 5132 4503 5132 4505 6103 4507 6103 4506 6103 4505 6162 4508 6162 4507 6162 4508 6638 4509 6638 4507 6638 4510 6624 4509 6624 4508 6624 4510 6249 4511 6249 4509 6249 4511 5719 4512 5719 4509 5719 4511 5267 4513 5267 4512 5267 4514 5265 4513 5265 4511 5265 4514 5247 4515 5247 4513 5247 4514 5263 4516 5263 4515 5263 4517 5232 4516 5232 4514 5232 4518 5275 4516 5275 4517 5275 4518 4629 4519 4629 4516 4629 4518 4335 4520 4335 4519 4335 4521 4330 4520 4330 4518 4330 4521 4332 4522 4332 4520 4332 4523 4338 4522 4338 4521 4338 4523 162 4524 162 4522 162 4523 3902 4525 3902 4524 3902 4524 4105 4525 4105 4526 4105 4525 4090 4527 4090 4526 4090 4527 4272 4528 4272 4526 4272 4527 4788 4529 4788 4528 4788 4529 5404 4530 5404 4528 5404 4529 6383 4531 6383 4530 6383 4532 6387 4531 6387 4529 6387 4532 7086 4533 7086 4531 7086 4533 7527 4534 7527 4531 7527 4534 7554 4535 7554 4536 7554 4533 7505 4535 7505 4534 7505 4537 7126 4538 7126 4539 7126 4538 7129 4540 7129 4539 7129 4541 7133 4538 7133 4537 7133 4536 7134 4535 7134 4541 7134 4535 7131 4538 7131 4541 7131 4501 8705 4507 8705 4502 8705 4507 8641 4498 8641 4502 8641 4503 8486 4507 8486 4501 8486 4506 8542 4507 8542 4503 8542 4507 8712 4490 8712 4498 8712 4490 8262 4486 8262 4498 8262 4486 9352 4485 9352 4498 9352 4485 7859 4488 7859 4498 7859 4488 9244 4496 9244 4498 9244 4491 8249 4496 8249 4488 8249 4495 8748 4496 8748 4491 8748 4490 7856 4496 7856 4495 7856 4393 8521 4390 8521 4507 8521 4509 8408 4393 8408 4507 8408 4390 9602 4384 9602 4507 9602 4384 8236 4386 8236 4507 8236 4386 9044 4490 9044 4507 9044 4386 9307 4389 9307 4490 9307 4389 9272 4391 9272 4490 9272 4391 8858 4509 8858 4490 8858 4509 8977 4496 8977 4490 8977 4509 9430 4396 9430 4393 9430 4396 8435 4509 8435 4391 8435 4512 8027 4496 8027 4509 8027 4513 9164 4472 9164 4512 9164 4472 8951 4474 8951 4512 8951 4474 9078 4496 9078 4512 9078 4474 8651 4542 8651 4496 8651 4542 9260 4543 9260 4496 9260 4542 8762 4544 8762 4543 8762 4545 8716 4479 8716 4513 8716 4479 8230 4472 8230 4513 8230 4478 9441 4542 9441 4474 9441 4482 8101 4542 8101 4478 8101 4545 8998 4482 8998 4479 8998 4545 8771 4542 8771 4482 8771 4462 9823 4544 9823 4542 9823 4466 9532 4464 9532 4542 9532 4464 8128 4462 8128 4542 8128 4545 9065 4466 9065 4542 9065 4462 8282 4463 8282 4544 8282 4463 8156 4468 8156 4544 8156 4468 9051 4545 9051 4544 9051 4545 8516 4470 8516 4466 8516 4470 8337 4545 8337 4468 8337 4515 8829 4545 8829 4513 8829 4455 8608 4545 8608 4515 8608 4450 8549 4451 8549 4515 8549 4516 8689 4452 8689 4515 8689 4452 8489 4450 8489 4515 8489 4451 8717 4455 8717 4515 8717 4516 8514 4456 8514 4452 8514 4516 8447 4459 8447 4456 8447 4516 8538 4455 8538 4459 8538 4539 8999 4455 8999 4516 8999 4539 9001 4546 9001 4455 9001 4546 8968 4547 8968 4455 8968 4547 8123 4548 8123 4455 8123 4548 9408 4549 9408 4455 9408 4549 8958 4545 8958 4455 8958 4550 8702 4551 8702 4545 8702 4551 9134 4539 9134 4545 9134 4549 8672 4550 8672 4545 8672 4546 9049 4539 9049 4551 9049 4519 9222 4539 9222 4516 9222 4443 9012 4539 9012 4519 9012 4435 8378 4437 8378 4519 8378 4520 9173 4435 9173 4519 9173 4437 9303 4440 9303 4519 9303 4440 8278 4443 8278 4519 8278 4520 9498 4441 9498 4435 9498 4520 8290 4444 8290 4441 8290 4520 8660 4443 8660 4444 8660 4537 8563 4443 8563 4520 8563 4426 8358 4424 8358 4443 8358 4537 8571 4426 8571 4443 8571 4424 9449 4423 9449 4443 9449 4423 8415 4539 8415 4443 8415 4423 9612 4427 9612 4539 9612 4431 8565 4537 8565 4539 8565 4427 8194 4431 8194 4539 8194 4537 9062 4433 9062 4426 9062 4433 8315 4537 8315 4431 8315 4552 9037 4541 9037 4520 9037 4541 9045 4537 9045 4520 9045 4522 8347 4410 8347 4520 8347 4410 9732 4412 9732 4520 9732 4412 8179 4415 8179 4520 8179 4415 9140 4552 9140 4520 9140 4528 9779 4530 9779 4526 9779 4530 9274 4524 9274 4526 9274 4531 8638 4524 8638 4530 8638 4522 9618 4416 9618 4410 9618 4522 8089 4419 8089 4416 8089 4421 9325 4552 9325 4415 9325 4552 7980 4421 7980 4419 7980 4522 9383 4552 9383 4419 9383 4397 8373 4399 8373 4552 8373 4399 8132 4541 8132 4552 8132 4403 8627 4397 8627 4552 8627 4536 8411 4403 8411 4552 8411 4522 8735 4536 8735 4552 8735 4399 9663 4401 9663 4541 9663 4401 9324 4404 9324 4541 9324 4404 9204 4407 9204 4541 9204 4407 9111 4536 9111 4541 9111 4534 8768 4536 8768 4522 8768 4524 8835 4534 8835 4522 8835 4531 8892 4534 8892 4524 8892 4536 9440 4408 9440 4403 9440 4536 9075 4407 9075 4408 9075 4544 6200 4553 6200 4543 6200 4554 6201 4553 6201 4544 6201 4545 6213 4554 6213 4544 6213 4545 6212 4555 6212 4554 6212 4540 6233 4555 6233 4545 6233 4539 6231 4540 6231 4545 6231 4553 5212 4499 5212 4496 5212 4543 5743 4553 5743 4496 5743 4497 1185 4508 1185 4500 1185 4508 1150 4504 1150 4500 1150 4508 1168 4505 1168 4504 1168 4387 1744 4508 1744 4497 1744 4483 1884 4489 1884 4497 1884 4484 3099 4483 3099 4497 3099 4489 1586 4387 1586 4497 1586 4487 837 4484 837 4497 837 4553 2036 4487 2036 4497 2036 4553 3161 4492 3161 4487 3161 4493 957 4387 957 4489 957 4553 1056 4494 1056 4492 1056 4494 3174 4387 3174 4493 3174 4553 1465 4387 1465 4494 1465 4387 2920 4385 2920 4508 2920 4385 2608 4388 2608 4508 2608 4388 2550 4394 2550 4508 2550 4394 2452 4510 2452 4508 2452 4510 2963 4392 2963 4387 2963 4511 3464 4510 3464 4387 3464 4553 1765 4511 1765 4387 1765 4499 1596 4553 1596 4497 1596 4510 2341 4395 2341 4392 2341 4395 2731 4510 2731 4394 2731 4556 982 4477 982 4553 982 4477 3185 4475 3185 4553 3185 4475 2197 4511 2197 4553 2197 4475 1733 4473 1733 4511 1733 4476 2286 4514 2286 4511 2286 4473 2683 4476 2683 4511 2683 4556 710 4480 710 4477 710 4481 2534 4514 2534 4476 2534 4556 3327 4481 3327 4480 3327 4556 1503 4514 1503 4481 1503 4554 2026 4514 2026 4556 2026 4467 1670 4554 1670 4556 1670 4460 2757 4467 2757 4556 2757 4553 2591 4460 2591 4556 2591 4461 1129 4460 1129 4553 1129 4554 2107 4469 2107 4553 2107 4469 988 4465 988 4553 988 4465 2437 4461 2437 4553 2437 4471 1292 4554 1292 4467 1292 4554 2476 4471 2476 4469 2476 4555 2165 4514 2165 4554 2165 4557 2184 4514 2184 4555 2184 4449 1581 4448 1581 4514 1581 4448 1484 4517 1484 4514 1484 4453 2792 4449 2792 4514 2792 4557 2262 4453 2262 4514 2262 4454 1268 4517 1268 4448 1268 4557 721 4457 721 4453 721 4458 1266 4517 1266 4454 1266 4557 3420 4458 3420 4457 3420 4557 3638 4517 3638 4458 3638 4557 1512 4518 1512 4517 1512 4540 1859 4518 1859 4557 1859 4555 427 4558 427 4557 427 4559 1402 4560 1402 4557 1402 4560 1646 4540 1646 4557 1646 4558 1053 4559 1053 4557 1053 4561 1028 4558 1028 4555 1028 4562 2487 4561 2487 4555 2487 4540 2413 4562 2413 4555 2413 4563 2649 4540 2649 4560 2649 4540 1610 4563 1610 4562 1610 4436 2983 4438 2983 4518 2983 4438 2519 4521 2519 4518 2519 4439 2337 4436 2337 4518 2337 4564 2508 4439 2508 4518 2508 4540 2379 4564 2379 4518 2379 4442 3184 4521 3184 4438 3184 4564 2501 4446 2501 4439 2501 4445 759 4521 759 4442 759 4447 3172 4521 3172 4445 3172 4564 1630 4447 1630 4446 1630 4564 2688 4521 2688 4447 2688 4564 1820 4538 1820 4521 1820 4425 934 4422 934 4564 934 4422 2575 4428 2575 4564 2575 4428 800 4430 800 4564 800 4430 1246 4538 1246 4564 1246 4540 1225 4425 1225 4564 1225 4429 1417 4425 1417 4540 1417 4538 2225 4432 2225 4540 2225 4432 2838 4429 2838 4540 2838 4434 2531 4538 2531 4430 2531 4538 2971 4434 2971 4432 2971 4413 3008 4411 3008 4521 3008 4411 1339 4523 1339 4521 1339 4398 2582 4417 2582 4521 2582 4417 919 4413 919 4521 919 4538 2155 4398 2155 4521 2155 4525 2998 4529 2998 4527 2998 4414 3297 4523 3297 4411 3297 4418 2678 4523 2678 4414 2678 4398 2987 4420 2987 4417 2987 4398 1769 4523 1769 4418 1769 4398 2750 4418 2750 4420 2750 4532 1543 4529 1543 4525 1543 4538 742 4400 742 4398 742 4535 1876 4523 1876 4398 1876 4405 887 4535 887 4398 887 4535 1664 4406 1664 4538 1664 4406 3053 4402 3053 4538 3053 4402 896 4400 896 4538 896 4523 1355 4532 1355 4525 1355 4535 1916 4532 1916 4523 1916 4535 1422 4409 1422 4406 1422 4409 2824 4535 2824 4405 2824 4535 3441 4533 3441 4532 3441 4558 9959 4561 9959 4549 9959 4561 7023 4550 7023 4549 7023 4548 6934 4558 6934 4549 6934 4559 6824 4558 6824 4548 6824 4561 5714 4551 5714 4550 5714 4547 5691 4559 5691 4548 5691 4561 5782 4562 5782 4551 5782 4560 5482 4559 5482 4547 5482 4546 4561 4560 4561 4547 4561 4563 4459 4560 4459 4546 4459 4562 4295 4563 4295 4551 4295 4563 405 4546 405 4551 405 4565 3492 4566 3492 4567 3492 4568 922 4565 922 4567 922 4566 3284 4569 3284 4567 3284 4569 1931 4570 1931 4567 1931 4571 3425 4565 3425 4568 3425 4572 1223 4571 1223 4568 1223 4573 3598 4574 3598 4568 3598 4575 1945 4572 1945 4568 1945 4574 1944 4575 1944 4568 1944 4576 507 4573 507 4568 507 4577 3684 4573 3684 4576 3684 4578 511 4577 511 4576 511 4579 2329 4578 2329 4576 2329 4570 530 4580 530 4567 530 4581 763 4579 763 4576 763 4582 2283 4579 2283 4581 2283 4583 1125 4575 1125 4574 1125 4584 514 4570 514 4569 514 4575 3608 4585 3608 4572 3608 4579 3642 4586 3642 4578 3642 4587 3557 4570 3557 4584 3557 4588 605 4575 605 4583 605 4575 313 4587 313 4585 313 4579 244 4588 244 4586 244 4579 3211 4575 3211 4588 3211 4575 1264 4570 1264 4587 1264 4575 3396 4589 3396 4570 3396 4589 4449 4590 4449 4570 4449 4590 209 4591 209 4570 209 4591 1943 4592 1943 4570 1943 4593 413 4589 413 4575 413 4579 868 4594 868 4575 868 4594 526 4595 526 4575 526 4595 3512 4596 3512 4575 3512 4597 3614 4594 3614 4579 3614 4598 467 4597 467 4579 467 4582 1696 4598 1696 4579 1696 4581 2542 4599 2542 4582 2542 4592 2147 4600 2147 4570 2147 4601 3482 4592 3482 4591 3482 4602 802 4575 802 4596 802 4575 643 4603 643 4593 643 4604 3390 4575 3390 4602 3390 4582 3693 4605 3693 4598 3693 4575 3722 4606 3722 4603 3722 4607 4104 4592 4104 4601 4104 4608 3295 4575 3295 4604 3295 4582 221 4608 221 4605 221 4575 327 4592 327 4606 327 4592 77 4607 77 4606 77 4582 812 4575 812 4608 812 4609 455 4610 455 4592 455 4575 2740 4609 2740 4592 2740 4582 2013 4609 2013 4575 2013 4611 3490 4582 3490 4599 3490 4612 392 4611 392 4599 392 4613 3581 4612 3581 4599 3581 4614 266 4611 266 4612 266 4615 1458 4616 1458 4600 1458 4617 3640 4615 3640 4600 3640 4592 3508 4618 3508 4600 3508 4618 239 4617 239 4600 239 4610 960 4619 960 4592 960 4619 445 4620 445 4592 445 4620 3535 4621 3535 4592 3535 4621 473 4618 473 4592 473 4614 3709 4622 3709 4611 3709 4622 2875 4623 2875 4611 2875 4624 3208 4613 3208 4599 3208 4625 2504 4624 2504 4599 2504 4625 280 4626 280 4624 280 4627 3465 4616 3465 4615 3465 4628 378 4623 378 4622 378 4619 3705 4629 3705 4620 3705 4625 172 4630 172 4626 172 4630 114 4623 114 4628 114 4625 3715 4623 3715 4630 3715 4619 229 4631 229 4629 229 4632 478 4616 478 4627 478 4632 383 4631 383 4619 383 4610 2839 4633 2839 4619 2839 4634 3517 4635 3517 4619 3517 4635 769 4632 769 4619 769 4633 390 4634 390 4619 390 4636 711 4633 711 4610 711 4637 3443 4636 3443 4610 3443 4638 2895 4639 2895 4611 2895 4640 3579 4641 3579 4611 3579 4641 460 4638 460 4611 460 4623 389 4640 389 4611 389 4625 388 4642 388 4623 388 4625 3503 4643 3503 4642 3503 4644 3765 4639 3765 4638 3765 4625 308 4645 308 4643 308 4645 3654 4639 3654 4644 3654 4625 3059 4639 3059 4645 3059 4646 3552 4632 3552 4635 3552 4632 2273 4647 2273 4616 2273 4646 1368 4647 1368 4632 1368 4647 2754 4648 2754 4610 2754 4648 421 4637 421 4610 421 4649 884 4647 884 4646 884 4648 3393 4647 3393 4649 3393 4650 895 4639 895 4625 895 4651 364 4650 364 4625 364 4652 555 4651 555 4625 555 4653 4719 4654 4719 4625 4719 4654 4207 4652 4207 4625 4207 4655 403 4656 403 4616 403 4656 3079 4657 3079 4616 3079 4658 750 4659 750 4616 750 4647 2268 4658 2268 4616 2268 4659 3617 4655 3617 4616 3617 4660 3686 4657 3686 4656 3686 4658 3493 4661 3493 4659 3493 4662 350 4657 350 4660 350 4658 380 4663 380 4661 380 4663 454 4657 454 4662 454 4658 3486 4657 3486 4663 3486 4658 1540 4664 1540 4657 1540 4665 550 4666 550 4658 550 4647 918 4667 918 4658 918 4667 232 4665 232 4658 232 4666 3679 4668 3679 4658 3679 4668 2999 4664 2999 4658 2999 4669 382 4670 382 4647 382 4670 3526 4667 3526 4647 3526 4664 3389 4669 3389 4647 3389 4671 493 4664 493 4668 493 4664 3584 4672 3584 4669 3584 4672 406 4664 406 4671 406 4664 2398 4673 2398 4657 2398 4673 971 4674 971 4657 971 4673 2572 4675 2572 4674 2572 4673 2506 4676 2506 4675 2506 4677 1459 4676 1459 4673 1459 4678 7698 4679 7698 4680 7698 4679 7173 4681 7173 4680 7173 4682 7241 4678 7241 4680 7241 4679 6894 4683 6894 4681 6894 4684 6361 4678 6361 4682 6361 4683 6091 4685 6091 4681 6091 4686 6062 4678 6062 4684 6062 4683 5672 4687 5672 4685 5672 4688 5067 4686 5067 4684 5067 4687 4755 4689 4755 4685 4755 4690 4444 4686 4444 4688 4444 4687 4392 4690 4392 4689 4392 4689 185 4690 185 4688 185 4691 7409 4692 7409 4693 7409 4694 7227 4695 7227 4693 7227 4695 7439 4691 7439 4693 7439 4691 7378 4696 7378 4692 7378 4697 6517 4695 6517 4694 6517 4696 6353 4698 6353 4692 6353 4699 6023 4697 6023 4694 6023 4696 6113 4700 6113 4698 6113 4700 5138 4701 5138 4698 5138 4702 5178 4697 5178 4699 5178 4703 4713 4702 4713 4699 4713 4700 4909 4704 4909 4701 4909 4704 213 4703 213 4701 213 4704 3918 4702 3918 4703 3918 4705 7520 4706 7520 4707 7520 4708 6970 4705 6970 4707 6970 4706 7101 4709 7101 4707 7101 4706 6972 4710 6972 4709 6972 4710 5839 4711 5839 4709 5839 4712 5981 4705 5981 4708 5981 4713 5279 4712 5279 4708 5279 4710 5387 4714 5387 4711 5387 4715 4514 4712 4514 4713 4514 4714 4270 4716 4270 4711 4270 4716 4037 4715 4037 4713 4037 4714 4176 4715 4176 4716 4176 4717 9356 4718 9356 4719 9356 4718 7637 4720 7637 4719 7637 4720 7148 4721 7148 4719 7148 4721 6621 4722 6621 4719 6621 4723 6704 4718 6704 4717 6704 4724 6539 4718 6539 4723 6539 4721 6041 4725 6041 4722 6041 4726 5627 4724 5627 4723 5627 4725 5036 4727 5036 4722 5036 4728 4562 4729 4562 4726 4562 4729 4870 4724 4870 4726 4870 4725 4618 4730 4618 4727 4618 4730 247 4728 247 4727 247 4730 3819 4729 3819 4728 3819 4731 9956 4732 9956 4733 9956 4732 7021 4734 7021 4733 7021 4735 6792 4731 6792 4733 6792 4732 6725 4736 6725 4734 6725 4737 6391 4731 6391 4735 6391 4736 5358 4738 5358 4734 5358 4738 5362 4739 5362 4734 5362 4740 5210 4741 5210 4735 5210 4741 5085 4737 5085 4735 5085 4738 4329 4742 4329 4739 4329 4742 4081 4743 4081 4739 4081 4743 3961 4741 3961 4740 3961 4742 3943 4741 3943 4743 3943 4744 7565 4745 7565 4746 7565 4745 7540 4747 7540 4746 7540 4747 7274 4748 7274 4746 7274 4748 7146 4749 7146 4746 7146 4750 6437 4745 6437 4744 6437 4751 6267 4745 6267 4750 6267 4748 5875 4752 5875 4749 5875 4748 5857 4753 5857 4752 5857 4754 4958 4751 4958 4750 4958 4753 4723 4755 4723 4752 4723 4753 4683 4756 4683 4755 4683 4757 4575 4751 4575 4754 4575 4756 283 4754 283 4755 283 4756 164 4757 164 4754 164 4758 7615 4759 7615 4760 7615 4761 7142 4758 7142 4760 7142 4759 6917 4762 6917 4760 6917 4759 6938 4763 6938 4762 6938 4764 6336 4758 6336 4761 6336 4765 6005 4764 6005 4761 6005 4763 5980 4766 5980 4762 5980 4766 5053 4767 5053 4762 5053 4768 4726 4769 4726 4765 4726 4769 4990 4764 4990 4765 4990 4766 4470 4770 4470 4767 4470 4770 180 4768 180 4767 180 4770 4022 4769 4022 4768 4022 4771 7530 4772 7530 4773 7530 4772 9906 4774 9906 4773 9906 4775 7013 4772 7013 4771 7013 4774 6554 4776 6554 4773 6554 4777 6435 4775 6435 4771 6435 4774 5837 4778 5837 4776 5837 4779 5637 4775 5637 4777 5637 4780 4988 4779 4988 4777 4988 4778 4789 4781 4789 4776 4789 4782 4553 4779 4553 4780 4553 4778 4089 4782 4089 4781 4089 4782 163 4780 163 4781 163 4783 7385 4784 7385 4785 7385 4786 7618 4783 7618 4785 7618 4787 6925 4786 6925 4785 6925 4783 7137 4788 7137 4784 7137 4788 6081 4789 6081 4784 6081 4790 6170 4786 6170 4787 6170 4788 5998 4791 5998 4789 5998 4792 5269 4790 5269 4787 5269 4793 4956 4790 4956 4792 4956 4791 4685 4794 4685 4789 4685 4794 4631 4795 4631 4789 4631 4794 3813 4793 3813 4792 3813 4794 243 4792 243 4795 243 4796 7646 4797 7646 4798 7646 4797 9873 4799 9873 4798 9873 4800 7122 4797 7122 4796 7122 4801 6768 4800 6768 4796 6768 4799 6548 4802 6548 4798 6548 4799 6551 4803 6551 4802 6551 4804 5864 4800 5864 4801 5864 4805 5342 4804 5342 4801 5342 4803 5306 4806 5306 4802 5306 4806 4848 4807 4848 4802 4848 4808 4735 4804 4735 4805 4735 4807 203 4808 203 4805 203 4806 4006 4808 4006 4807 4006 4809 9945 4810 9945 4811 9945 4810 7166 4812 7166 4811 7166 4813 6967 4809 6967 4811 6967 4814 6838 4809 6838 4813 6838 4810 6574 4815 6574 4812 6574 4816 5800 4814 5800 4813 5800 4815 5836 4817 5836 4812 5836 4818 5717 4814 5717 4816 5717 4815 5409 4819 5409 4817 5409 4819 4641 4820 4641 4817 4641 4821 4628 4822 4628 4816 4628 4822 4436 4818 4436 4816 4436 4819 4300 4822 4300 4820 4300 4820 153 4822 153 4821 153 4823 6642 4824 6642 4825 6642 4826 6625 4824 6625 4823 6625 4826 7295 4827 7295 4824 7295 4826 7419 4828 7419 4827 7419 4827 9941 4828 9941 4829 9941 4830 7040 4831 7040 4832 7040 4833 7045 4830 7045 4832 7045 4834 7046 4830 7046 4833 7046 4835 7061 4834 7061 4833 7061 4836 7060 4834 7060 4835 7060 4836 7054 4837 7054 4834 7054 4838 7059 4839 7059 4836 7059 4839 7050 4837 7050 4836 7050 4840 7062 4841 7062 4838 7062 4841 7058 4839 7058 4838 7058 4829 7043 4828 7043 4840 7043 4828 7053 4841 7053 4840 7053 4842 5675 4843 5675 4844 5675 4831 6027 4843 6027 4842 6027 4832 6661 4831 6661 4842 6661 4843 4792 4845 4792 4846 4792 4844 4794 4843 4794 4846 4794 4847 3846 4848 3846 4849 3846 4847 3829 4850 3829 4848 3829 4846 4073 4847 4073 4849 4073 4845 4069 4847 4069 4846 4069 4850 4426 4851 4426 4848 4426 4852 4416 4851 4416 4850 4416 4852 4421 4853 4421 4851 4421 4854 4406 4853 4406 4852 4406 4854 4407 4855 4407 4853 4407 4856 4411 4855 4411 4854 4411 4856 4409 4857 4409 4855 4409 4858 4405 4857 4405 4856 4405 4858 4404 4859 4404 4857 4404 4860 4408 4859 4408 4858 4408 4860 4410 4861 4410 4859 4410 4862 4397 4861 4397 4860 4397 4848 8220 4681 8220 4849 8220 4681 8195 4846 8195 4849 8195 4680 8072 4681 8072 4848 8072 4851 8050 4682 8050 4848 8050 4682 9777 4680 9777 4848 9777 4851 9639 4684 9639 4682 9639 4685 9580 4846 9580 4681 9580 4851 8114 4688 8114 4684 8114 4689 8226 4846 8226 4685 8226 4844 9056 4846 9056 4689 9056 4851 9566 4689 9566 4688 9566 4851 8726 4844 8726 4689 8726 4853 8041 4694 8041 4851 8041 4694 7770 4693 7770 4851 7770 4693 9688 4692 9688 4851 9688 4692 8259 4698 8259 4851 8259 4698 8713 4833 8713 4851 8713 4853 9295 4699 9295 4694 9295 4701 9694 4833 9694 4698 9694 4853 8219 4703 8219 4699 8219 4703 7805 4833 7805 4701 7805 4853 9189 4833 9189 4703 9189 4851 8753 4760 8753 4844 8753 4760 9428 4762 9428 4844 9428 4765 9635 4761 9635 4851 9635 4761 9230 4760 9230 4851 9230 4833 8993 4765 8993 4851 8993 4762 9654 4842 9654 4844 9654 4762 8224 4832 8224 4842 8224 4762 9459 4767 9459 4832 9459 4767 9445 4833 9445 4832 9445 4833 8276 4768 8276 4765 8276 4768 9541 4833 9541 4767 9541 4855 8095 4708 8095 4853 8095 4708 7734 4707 7734 4853 7734 4707 9632 4709 9632 4853 9632 4709 8849 4771 8849 4853 8849 4771 8785 4833 8785 4853 8785 4711 8046 4771 8046 4709 8046 4855 8661 4713 8661 4708 8661 4716 8485 4771 8485 4711 8485 4855 8470 4716 8470 4713 8470 4855 9190 4771 9190 4716 9190 4722 8592 4771 8592 4855 8592 4722 8586 4835 8586 4771 8586 4835 7843 4777 7843 4771 7843 4771 7933 4773 7933 4833 7933 4773 9313 4776 9313 4833 9313 4776 7958 4781 7958 4833 7958 4781 9622 4835 9622 4833 9622 4835 9517 4780 9517 4777 9517 4780 8004 4835 8004 4781 8004 4717 9754 4719 9754 4855 9754 4857 8149 4717 8149 4855 8149 4719 7930 4722 7930 4855 7930 4863 8980 4835 8980 4722 8980 4857 8021 4723 8021 4717 8021 4857 9610 4726 9610 4723 9610 4727 9601 4863 9601 4722 9601 4857 9496 4728 9496 4726 9496 4728 9749 4863 9749 4727 9749 4857 8384 4863 8384 4728 8384 4836 8994 4863 8994 4857 8994 4739 8981 4836 8981 4857 8981 4836 9615 4864 9615 4863 9615 4863 9369 4865 9369 4835 9369 4865 8078 4866 8078 4835 8078 4866 9718 4867 9718 4835 9718 4867 8187 4836 8187 4835 8187 4836 8391 4868 8391 4864 8391 4869 7776 4836 7776 4867 7776 4836 9652 4869 9652 4868 9652 4859 7979 4733 7979 4857 7979 4733 9043 4734 9043 4857 9043 4734 9487 4739 9487 4857 9487 4859 7876 4735 7876 4733 7876 4859 9451 4740 9451 4735 9451 4859 7993 4743 7993 4740 7993 4859 9913 4739 9913 4743 9913 4870 8640 4739 8640 4859 8640 4870 8707 4792 8707 4739 8707 4787 8292 4785 8292 4739 8292 4785 8557 4836 8557 4739 8557 4792 9316 4787 9316 4739 9316 4785 9562 4784 9562 4836 9562 4789 9721 4795 9721 4836 9721 4795 9092 4838 9092 4836 9092 4784 8172 4789 8172 4836 8172 4792 9124 4838 9124 4795 9124 4861 9727 4744 9727 4859 9727 4744 7842 4746 7842 4859 7842 4746 7982 4749 7982 4859 7982 4749 8629 4870 8629 4859 8629 4838 8820 4792 8820 4870 8820 4861 7890 4750 7890 4744 7890 4752 9692 4870 9692 4749 9692 4861 8332 4754 8332 4750 8332 4755 8382 4870 8382 4752 8382 4861 8633 4870 8633 4755 8633 4754 9414 4861 9414 4755 9414 4825 8593 4870 8593 4861 8593 4801 9264 4796 9264 4870 9264 4840 8643 4805 8643 4870 8643 4805 8207 4801 8207 4870 8207 4796 9093 4838 9093 4870 9093 4796 7991 4798 7991 4838 7991 4798 8403 4802 8403 4838 8403 4802 9255 4807 9255 4838 9255 4807 9141 4840 9141 4838 9141 4871 8193 4825 8193 4861 8193 4840 8329 4807 8329 4805 8329 4824 8847 4870 8847 4825 8847 4813 8671 4811 8671 4870 8671 4824 8937 4816 8937 4870 8937 4816 8013 4813 8013 4870 8013 4811 8658 4812 8658 4870 8658 4812 8939 4840 8939 4870 8939 4812 7917 4817 7917 4840 7917 4817 9826 4820 9826 4840 9826 4820 8127 4829 8127 4840 8127 4829 8359 4821 8359 4816 8359 4824 9224 4829 9224 4816 9224 4829 9218 4820 9218 4821 9218 4824 7865 4827 7865 4829 7865 4862 4884 4871 4884 4861 4884 4862 5136 4872 5136 4871 5136 4872 5835 4825 5835 4871 5835 4872 6136 4823 6136 4825 6136 4683 2700 4679 2700 4847 2700 4679 553 4850 553 4847 553 4845 3043 4683 3043 4847 3043 4679 2510 4678 2510 4850 2510 4678 1033 4852 1033 4850 1033 4843 1897 4683 1897 4845 1897 4686 989 4852 989 4678 989 4843 2863 4687 2863 4683 2863 4843 1240 4690 1240 4687 1240 4690 3215 4852 3215 4686 3215 4843 1424 4852 1424 4690 1424 4843 2577 4758 2577 4852 2577 4696 2717 4691 2717 4852 2717 4691 3471 4695 3471 4852 3471 4695 609 4854 609 4852 609 4758 2223 4700 2223 4852 2223 4700 1182 4696 1182 4852 1182 4697 3409 4854 3409 4695 3409 4702 2808 4854 2808 4697 2808 4758 2400 4704 2400 4700 2400 4854 856 4702 856 4704 856 4758 2389 4854 2389 4704 2389 4758 1742 4710 1742 4854 1742 4830 1738 4710 1738 4758 1738 4764 589 4830 589 4758 589 4843 401 4759 401 4758 401 4763 3269 4759 3269 4843 3269 4831 3125 4763 3125 4843 3125 4830 3277 4766 3277 4831 3277 4766 924 4763 924 4831 924 4769 2951 4830 2951 4764 2951 4830 3483 4770 3483 4766 3483 4770 1017 4830 1017 4769 1017 4710 2045 4706 2045 4854 2045 4706 1210 4705 1210 4854 1210 4705 1352 4856 1352 4854 1352 4830 1701 4873 1701 4710 1701 4712 1985 4856 1985 4705 1985 4873 775 4714 775 4710 775 4715 1006 4856 1006 4712 1006 4873 3235 4715 3235 4714 3235 4873 2327 4856 2327 4715 2327 4834 1753 4856 1753 4873 1753 4772 2881 4775 2881 4873 2881 4775 1732 4834 1732 4873 1732 4830 2378 4772 2378 4873 2378 4774 964 4772 964 4830 964 4778 2403 4774 2403 4830 2403 4834 1021 4778 1021 4830 1021 4779 676 4834 676 4775 676 4782 3246 4834 3246 4779 3246 4834 803 4782 803 4778 803 4720 3294 4718 3294 4856 3294 4721 662 4720 662 4856 662 4718 3171 4858 3171 4856 3171 4874 1825 4725 1825 4856 1825 4725 3133 4721 3133 4856 3133 4834 1857 4874 1857 4856 1857 4724 3359 4858 3359 4718 3359 4729 975 4858 975 4724 975 4874 2728 4730 2728 4725 2728 4858 3070 4729 3070 4730 3070 4874 1453 4858 1453 4730 1453 4875 562 4876 562 4874 562 4876 3066 4877 3066 4874 3066 4877 2258 4837 2258 4874 2258 4834 2535 4875 2535 4874 2535 4878 3296 4875 3296 4834 3296 4837 731 4879 731 4834 731 4879 2685 4880 2685 4834 2685 4880 929 4878 929 4834 929 4837 2491 4881 2491 4879 2491 4881 2696 4837 2696 4877 2696 4736 2637 4732 2637 4858 2637 4732 566 4731 566 4858 566 4731 3424 4860 3424 4858 3424 4874 2196 4736 2196 4858 2196 4737 572 4860 572 4731 572 4874 1157 4738 1157 4736 1157 4741 3214 4860 3214 4737 3214 4874 1234 4742 1234 4738 1234 4742 620 4860 620 4741 620 4874 2444 4860 2444 4742 2444 4783 2684 4786 2684 4874 2684 4786 614 4790 614 4874 614 4790 1976 4839 1976 4874 1976 4837 2522 4783 2522 4874 2522 4788 858 4783 858 4837 858 4839 3336 4794 3336 4837 3336 4794 499 4791 499 4837 499 4791 2589 4788 2589 4837 2589 4793 3243 4839 3243 4790 3243 4794 785 4839 785 4793 785 4747 3451 4745 3451 4860 3451 4748 855 4747 855 4860 855 4745 2677 4862 2677 4860 2677 4882 1782 4748 1782 4860 1782 4874 1762 4882 1762 4860 1762 4839 2018 4882 2018 4874 2018 4751 962 4862 962 4745 962 4882 3254 4753 3254 4748 3254 4882 888 4756 888 4753 888 4757 3179 4862 3179 4751 3179 4862 3222 4757 3222 4756 3222 4882 1319 4862 1319 4756 1319 4841 2307 4810 2307 4882 2307 4810 2306 4862 2306 4882 2306 4797 1049 4800 1049 4882 1049 4800 2960 4804 2960 4882 2960 4804 2122 4841 2122 4882 2122 4839 2497 4797 2497 4882 2497 4803 912 4799 912 4839 912 4799 1345 4797 1345 4839 1345 4841 675 4806 675 4839 675 4806 3313 4803 3313 4839 3313 4823 2909 4872 2909 4862 2909 4808 1328 4841 1328 4804 1328 4841 2640 4808 2640 4806 2640 4862 2770 4826 2770 4823 2770 4809 1555 4814 1555 4862 1555 4814 1743 4826 1743 4862 1743 4810 547 4809 547 4862 547 4828 692 4819 692 4841 692 4819 1960 4815 1960 4841 1960 4815 1025 4810 1025 4841 1025 4818 3292 4826 3292 4814 3292 4828 1476 4826 1476 4818 1476 4822 793 4828 793 4818 793 4828 3509 4822 3509 4819 3509 4875 7421 4865 7421 4863 7421 4876 7394 4875 7394 4863 7394 4875 7349 4878 7349 4865 7349 4864 6469 4876 6469 4863 6469 4878 6399 4866 6399 4865 6399 4878 6242 4880 6242 4866 6242 4877 6009 4876 6009 4864 6009 4880 5192 4867 5192 4866 5192 4868 5012 4877 5012 4864 5012 4880 5016 4879 5016 4867 5016 4879 4136 4869 4136 4867 4136 4881 4359 4877 4359 4868 4359 4879 4060 4881 4060 4869 4060 4869 3725 4881 3725 4868 3725 4883 7392 4884 7392 4885 7392 4886 7301 4883 7301 4885 7301 4883 7276 4887 7276 4884 7276 4888 6703 4886 6703 4885 6703 4887 6169 4889 6169 4884 6169 4887 5856 4890 5856 4889 5856 4891 5459 4886 5459 4888 5459 4892 5410 4886 5410 4891 5410 4890 4331 4893 4331 4889 4331 4893 4116 4892 4116 4891 4116 4894 4098 4892 4098 4893 4098 4890 4208 4894 4208 4893 4208 4895 9998 4896 9998 4897 9998 4898 7165 4895 7165 4897 7165 4896 7260 4899 7260 4897 7260 4896 6255 4900 6255 4899 6255 4901 6444 4895 6444 4898 6444 4902 5804 4901 5804 4898 5804 4896 5847 4903 5847 4900 5847 4903 4952 4904 4952 4900 4952 4905 4625 4901 4625 4902 4625 4906 4285 4905 4285 4902 4285 4903 4172 4905 4172 4904 4172 4905 3857 4906 3857 4904 3857 4907 7431 4908 7431 4909 7431 4908 7535 4910 7535 4909 7535 4910 7003 4911 7003 4909 7003 4910 6985 4912 6985 4911 6985 4913 6454 4908 6454 4907 6454 4914 6319 4908 6319 4913 6319 4912 5812 4915 5812 4911 5812 4915 5606 4916 5606 4911 5606 4917 5196 4914 5196 4913 5196 4915 4861 4918 4861 4916 4861 4919 4856 4914 4856 4917 4856 4918 4466 4920 4466 4916 4466 4920 240 4919 240 4917 240 4918 3832 4919 3832 4920 3832 4921 7569 4922 7569 4923 7569 4922 9931 4924 9931 4923 9931 4924 6874 4925 6874 4923 6874 4926 6581 4927 6581 4921 6581 4927 6825 4922 6825 4921 6825 4924 6663 4928 6663 4925 6663 4928 5450 4929 5450 4925 5450 4930 5492 4927 5492 4926 5492 4931 5135 4930 5135 4926 5135 4928 5127 4932 5127 4929 5127 4933 4507 4930 4507 4931 4507 4932 4237 4934 4237 4929 4237 4934 3752 4933 3752 4931 3752 4932 4063 4933 4063 4934 4063 4935 7513 4936 7513 4937 7513 4938 7643 4936 7643 4935 7643 4936 7002 4939 7002 4937 7002 4940 6534 4938 6534 4935 6534 4939 6596 4941 6596 4937 6596 4942 6332 4938 6332 4940 6332 4939 5399 4943 5399 4941 5399 4939 5324 4944 5324 4943 5324 4945 4985 4942 4985 4940 4985 4946 4760 4942 4760 4945 4760 4944 4125 4947 4125 4943 4125 4947 3735 4946 3735 4945 3735 4944 4072 4946 4072 4947 4072 4948 7563 4949 7563 4950 7563 4951 7583 4949 7583 4948 7583 4949 7233 4952 7233 4950 7233 4953 6835 4951 6835 4948 6835 4952 6782 4954 6782 4950 6782 4955 6331 4951 6331 4953 6331 4956 5964 4955 5964 4953 5964 4952 5728 4957 5728 4954 5728 4952 5788 4958 5788 4957 5788 4959 4860 4955 4860 4956 4860 4960 4835 4955 4835 4959 4835 4958 4673 4961 4673 4957 4673 4961 4352 4962 4352 4957 4352 4962 3831 4961 3831 4959 3831 4961 3692 4960 3692 4959 3692 4963 4550 4964 4550 4965 4550 4964 4547 4966 4547 4965 4547 4967 4549 4968 4549 4963 4549 4968 4551 4964 4551 4963 4551 4969 4803 4970 4803 4967 4803 4970 4798 4968 4798 4967 4798 4971 4807 4972 4807 4969 4807 4972 4799 4970 4799 4969 4799 4971 4795 4973 4795 4972 4795 4974 5095 4973 5095 4971 5095 4975 5096 4974 5096 4971 5096 4976 5093 4977 5093 4975 5093 4977 5094 4974 5094 4975 5094 4978 6984 4979 6984 4980 6984 4981 6976 4979 6976 4978 6976 4981 7441 4982 7441 4979 7441 4982 7571 4983 7571 4984 7571 4983 7376 4985 7376 4984 7376 4981 7475 4983 7475 4982 7475 4986 7231 4987 7231 4988 7231 4987 7538 4989 7538 4988 7538 4989 7034 4990 7034 4988 7034 4989 6957 4991 6957 4990 6957 4992 6417 4987 6417 4986 6417 4991 5789 4993 5789 4990 5789 4994 5706 4992 5706 4986 5706 4995 5199 4992 5199 4994 5199 4991 5361 4996 5361 4993 5361 4996 4647 4997 4647 4993 4647 4998 4437 4995 4437 4994 4437 4996 4294 4999 4294 4997 4294 4999 4225 4995 4225 4998 4225 4997 4075 4999 4075 4998 4075 5000 7229 4988 7229 5001 7229 4988 7159 5002 7159 5001 7159 4986 7211 4988 7211 5000 7211 5003 10027 4986 10027 5000 10027 4988 10046 5004 10046 5002 10046 5005 10053 4986 10053 5003 10053 4988 7375 4990 7375 5004 7375 4990 7621 5006 7621 5004 7621 5007 10054 4986 10054 5005 10054 4990 10011 5008 10011 5006 10011 5009 10042 4986 10042 5007 10042 4993 7688 5008 7688 4990 7688 5010 9904 4986 9904 5009 9904 5010 7799 4994 7799 4986 7799 4993 9933 5011 9933 5008 9933 5010 10006 5012 10006 4994 10006 4993 7384 5013 7384 5011 7384 5012 10023 5014 10023 4994 10023 4993 7612 5015 7612 5013 7612 4997 7650 5015 7650 4993 7650 5016 9948 4998 9948 4994 9948 5014 10020 5016 10020 4994 10020 5017 6471 5015 6471 4997 6471 5016 7541 5018 7541 4998 7541 5019 6616 5017 6616 4997 6616 4998 7411 5019 7411 4997 7411 5020 9950 5021 9950 5022 9950 5023 7209 5020 7209 5022 7209 5021 7174 5024 7174 5022 7174 5025 6844 5020 6844 5023 6844 5021 6669 5026 6669 5024 6669 5026 6075 5027 6075 5024 6075 5028 5797 5025 5797 5023 5797 5029 5488 5025 5488 5028 5488 5026 5048 5030 5048 5027 5048 5026 5030 5031 5030 5030 5030 5032 4534 5029 4534 5028 4534 5033 4191 5032 4191 5028 4191 5031 3891 5033 3891 5030 3891 5031 3878 5032 3878 5033 3878 5034 7628 5035 7628 5036 7628 5034 7657 5037 7657 5035 7657 5038 7216 5034 7216 5036 7216 5039 6892 5038 6892 5036 6892 5037 6729 5040 6729 5035 6729 5037 6400 5041 6400 5040 6400 5042 6028 5043 6028 5039 6028 5043 5873 5038 5873 5039 5873 5041 5762 5044 5762 5040 5762 5041 5206 5045 5206 5044 5206 5046 4830 5043 4830 5042 4830 5045 4595 5047 4595 5044 4595 5045 4302 5048 4302 5047 4302 5047 487 5048 487 5046 487 5048 4268 5043 4268 5046 4268 5049 7577 5050 7577 5051 7577 5052 9925 5049 9925 5051 9925 5049 6952 5053 6952 5050 6952 5053 6698 5054 6698 5050 6698 5055 6651 5052 6651 5051 6651 5056 6576 5052 6576 5055 6576 5053 5699 5057 5699 5054 5699 5057 5432 5058 5432 5054 5432 5059 5435 5056 5435 5055 5435 5060 5374 5059 5374 5055 5374 5061 4315 5059 4315 5060 4315 5057 4445 5062 4445 5058 4445 5062 4275 5059 4275 5061 4275 5062 4023 5061 4023 5058 4023 5063 7446 5064 7446 5065 7446 5064 7333 5066 7333 5065 7333 5066 7066 5067 7066 5065 7066 5067 6767 5068 6767 5065 6767 5069 6029 5064 6029 5063 6029 5067 6031 5070 6031 5068 6031 5071 5695 5064 5695 5069 5695 5070 5308 5072 5308 5068 5308 5073 4863 5071 4863 5069 4863 5070 4663 5074 4663 5072 4663 5074 4210 5075 4210 5072 4210 5074 4247 5071 4247 5073 4247 5075 3842 5074 3842 5073 3842 5076 7707 5077 7707 5078 7707 5076 7767 5079 7767 5077 7767 5080 6915 5076 6915 5078 6915 5079 6727 5081 6727 5077 6727 5082 6828 5076 6828 5080 6828 5079 6675 5083 6675 5081 6675 5084 5740 5082 5740 5080 5740 5083 5481 5085 5481 5081 5481 5086 5487 5082 5487 5084 5487 5083 5295 5087 5295 5085 5295 5087 4356 5088 4356 5085 4356 5089 4454 5086 4454 5084 4454 5088 4057 5089 4057 5084 4057 5087 4140 5089 4140 5088 4140 5090 7537 5091 7537 5092 7537 5093 7566 5091 7566 5090 7566 5091 7107 5094 7107 5092 7107 5094 6689 5095 6689 5092 6689 5096 6354 5093 6354 5090 6354 5097 6349 5093 6349 5096 6349 5094 6262 5098 6262 5095 6262 5099 5278 5097 5278 5096 5278 5098 5179 5100 5179 5095 5179 5100 5060 5101 5060 5095 5060 5102 4621 5099 4621 5096 4621 5103 4273 5099 4273 5102 4273 5100 4233 5103 4233 5101 4233 5103 210 5102 210 5101 210 5104 4603 5105 4603 5106 4603 5105 5131 5107 5131 5106 5131 5105 5283 5108 5283 5107 5283 5108 6303 5109 6303 5107 6303 5109 6312 5110 6312 5107 6312 5109 6815 5111 6815 5110 6815 5111 7676 5112 7676 5110 7676 5111 7607 5113 7607 5112 7607 5112 7479 5114 7479 5115 7479 5114 7482 5116 7482 5115 7482 5112 7481 5113 7481 5114 7481 5116 7567 5117 7567 5115 7567 5116 7622 5118 7622 5117 7622 5118 6901 5119 6901 5117 6901 5119 6903 5120 6903 5117 6903 5119 6630 5121 6630 5120 6630 5122 6639 5121 6639 5119 6639 5122 6384 5123 6384 5121 6384 5123 6379 5124 6379 5121 6379 5125 6378 5124 6378 5123 6378 5126 5664 5127 5664 5124 5664 5125 5795 5126 5795 5124 5795 5126 4819 5128 4819 5127 4819 5129 4820 5128 4820 5126 4820 5130 4817 5128 4817 5129 4817 5130 6026 4980 6026 5128 6026 5130 6061 4978 6061 4980 6061 4922 2578 5131 2578 5132 2578 4966 2709 4922 2709 5132 2709 4924 2547 4922 2547 4966 2547 4922 2567 5104 2567 5131 2567 4964 1974 4928 1974 4966 1974 4928 1480 4924 1480 4966 1480 4927 1350 5104 1350 4922 1350 4930 898 5104 898 4927 898 4964 3031 4932 3031 4928 3031 4964 1123 4933 1123 4932 1123 4933 3083 5104 3083 4930 3083 4933 2132 5116 2132 5104 2132 5118 1681 5116 1681 4933 1681 4964 2202 5118 2202 4933 2202 4896 1967 4895 1967 4964 1967 4968 1556 4896 1556 4964 1556 4895 1126 4901 1126 4964 1126 4901 1502 5118 1502 4964 1502 4968 834 4903 834 4896 834 4905 2702 5118 2702 4901 2702 4968 2940 4905 2940 4903 2940 4968 2386 5118 2386 4905 2386 5116 2117 5049 2117 5104 2117 5052 2119 5056 2119 5104 2119 5049 461 5052 461 5104 461 5056 2716 5114 2716 5104 2716 5053 954 5049 954 5116 954 5114 2545 5105 2545 5104 2545 5114 739 5108 739 5105 739 5062 3080 5057 3080 5116 3080 5114 3245 5062 3245 5116 3245 5057 809 5053 809 5116 809 5114 2629 5021 2629 5108 2629 5021 1148 5020 1148 5108 1148 5025 584 5029 584 5108 584 5029 2749 5109 2749 5108 2749 5020 2446 5025 2446 5108 2446 5059 3239 5114 3239 5056 3239 5062 850 5114 850 5059 850 5026 916 5021 916 5114 916 5113 1539 5026 1539 5114 1539 5113 2272 5031 2272 5026 2272 5032 1145 5109 1145 5029 1145 5113 1253 5109 1253 5031 1253 5109 1343 5032 1343 5031 1343 5071 1143 5119 1143 5118 1143 4968 1381 5066 1381 5118 1381 5066 3048 5064 3048 5118 3048 5064 3135 5071 3135 5118 3135 5067 3527 5066 3527 4968 3527 5070 1412 5067 1412 4968 1412 5119 1818 5070 1818 4968 1818 5113 852 5111 852 5109 852 5119 999 5074 999 5070 999 5074 3413 5119 3413 5071 3413 4949 1207 4951 1207 4968 1207 4952 2180 4949 2180 4968 2180 4951 2479 4955 2479 4968 2479 4970 2759 4952 2759 4968 2759 4955 2192 4991 2192 4968 2192 4970 3163 4958 3163 4952 3163 4970 813 4961 813 4958 813 4960 2599 4991 2599 4955 2599 4961 1399 4991 1399 4960 1399 4970 2349 4991 2349 4961 2349 4968 2305 4991 2305 5119 2305 4936 1563 4938 1563 4970 1563 4972 1106 4936 1106 4970 1106 4938 2972 4942 2972 4970 2972 4942 2470 5122 2470 4970 2470 5122 1907 4991 1907 4970 1907 4939 883 4936 883 4972 883 4973 879 4939 879 4972 879 4973 1061 4944 1061 4939 1061 4946 1031 5122 1031 4942 1031 4973 2704 4946 2704 4944 2704 4973 2151 5122 2151 4946 2151 4991 371 4989 371 5119 371 4995 1215 5122 1215 5119 1215 4989 1447 4987 1447 5119 1447 4992 3401 4995 3401 5119 3401 4987 2549 4992 2549 5119 2549 5122 796 4996 796 4991 796 5122 1584 4999 1584 4996 1584 4999 3287 5122 3287 4995 3287 4973 2051 5123 2051 5122 2051 5079 2290 5076 2290 4973 2290 5076 2216 5082 2216 4973 2216 5082 2205 5123 2205 4973 2205 4883 1306 4886 1306 4973 1306 4886 1975 5083 1975 4973 1975 5083 1506 5079 1506 4973 1506 4887 1633 4883 1633 4973 1633 4974 1641 4887 1641 4973 1641 5086 857 5123 857 5082 857 4886 2896 5087 2896 5083 2896 4974 2715 4890 2715 4887 2715 5089 3318 5123 3318 5086 3318 4886 3122 5089 3122 5087 3122 4886 865 5123 865 5089 865 5125 2978 4886 2978 4892 2978 5125 2300 5123 2300 4886 2300 4894 1109 5125 1109 4892 1109 4974 844 4894 844 4890 844 4974 2456 5125 2456 4894 2456 4910 2176 4908 2176 4974 2176 4908 1836 5133 1836 4974 1836 5133 1898 5126 1898 4974 1898 5126 607 5125 607 4974 607 4977 2089 4910 2089 4974 2089 5134 3095 4912 3095 4977 3095 4912 3173 4910 3173 4977 3173 4914 1259 5133 1259 4908 1259 5134 935 4915 935 4912 935 5134 3312 4918 3312 4915 3312 4919 2516 5133 2516 4914 2516 5134 1941 5133 1941 4919 1941 5134 515 4919 515 4918 515 5135 3394 5134 3394 4977 3394 5091 2927 5093 2927 5126 2927 5093 1597 5129 1597 5126 1597 5094 1236 5091 1236 5126 1236 5098 2663 5094 2663 5126 2663 4985 1679 5098 1679 5126 1679 5097 3338 5129 3338 5093 3338 4985 2865 5100 2865 5098 2865 5099 653 5129 653 5097 653 4985 2394 5103 2394 5100 2394 5103 3082 5129 3082 5099 3082 4985 1793 5129 1793 5103 1793 5034 2439 5130 2439 5129 2439 5037 1183 5034 1183 5129 1183 4981 1948 5041 1948 5129 1948 5041 2932 5037 2932 5129 2932 4985 1684 4981 1684 5129 1684 5133 2079 4985 2079 5126 2079 5034 1103 5038 1103 5130 1103 5038 1395 4978 1395 5130 1395 5043 841 4978 841 5038 841 4981 563 5045 563 5041 563 4981 3304 5048 3304 5045 3304 4981 1388 4978 1388 5043 1388 5048 674 4981 674 5043 674 4985 539 4983 539 4981 539 5136 5796 4977 5796 4976 5796 5135 5877 4977 5877 5136 5877 5134 6710 5135 6710 5136 6710 5137 6826 5134 6826 5136 6826 5138 9052 4923 9052 5139 9052 4923 9070 4965 9070 5139 9070 5140 9040 4926 9040 5138 9040 4926 9394 4921 9394 5138 9394 4921 9117 4923 9117 5138 9117 4923 9068 4925 9068 4965 9068 4925 8774 4963 8774 4965 8774 4929 8011 4963 8011 4925 8011 5140 8044 4931 8044 4926 8044 4934 9530 4963 9530 4929 9530 5140 9691 4934 9691 4931 9691 5140 9000 4963 9000 4934 9000 5141 9752 5142 9752 5140 9752 5142 7789 5143 7789 5140 7789 5143 7944 5144 7944 5140 7944 5144 7882 5145 7882 5140 7882 5146 9854 5147 9854 5140 9854 5147 7749 5148 7749 5140 7749 5148 9874 5141 9874 5140 9874 5145 8216 5149 8216 5140 8216 5149 9817 5150 9817 5140 9817 5150 7997 5151 7997 5140 7997 5151 8616 5152 8616 5140 8616 5152 8603 4963 8603 5140 8603 5153 8639 4898 8639 4963 8639 5154 8484 5153 8484 4963 8484 5155 9665 5156 9665 4963 9665 5156 7926 5157 7926 4963 7926 5157 9508 5154 9508 4963 9508 5152 9329 5158 9329 4963 9329 5158 8541 5155 8541 4963 8541 4898 8687 4897 8687 4963 8687 4897 9597 4899 9597 4963 9597 4899 8305 4967 8305 4963 8305 5151 7777 5159 7777 5152 7777 5159 9121 5160 9121 5152 9121 5160 8146 5161 8146 5152 8146 4900 9729 4967 9729 4899 9729 5153 9512 4902 9512 4898 9512 4904 8086 4967 8086 4900 8086 5153 8708 5162 8708 4902 8708 5162 9560 4906 9560 4902 9560 4906 9174 5162 9174 4904 9174 5163 7866 5161 7866 5160 7866 5164 7906 5161 7906 5163 7906 5165 9835 5164 9835 5163 9835 5166 7841 5165 7841 5163 7841 5167 7806 5165 7806 5166 7806 5168 9310 5165 9310 5167 9310 5169 9901 5165 9901 5168 9901 5170 9734 5165 9734 5169 9734 5162 8780 4953 8780 4904 8780 4953 9181 4967 9181 4904 9181 4953 9482 4948 9482 4967 9482 4950 7898 4954 7898 4967 7898 4954 9494 4969 9494 4967 9494 4948 9170 4950 9170 4967 9170 5162 8080 4956 8080 4953 8080 4957 8532 4969 8532 4954 8532 5162 7999 4959 7999 4956 7999 4962 9372 4969 9372 4957 9372 5171 8859 4969 8859 4962 8859 5162 8948 5171 8948 4959 8948 5171 8367 4962 8367 4959 8367 5171 8988 4940 8988 4969 8988 4940 8496 4935 8496 4969 8496 4937 9455 4971 9455 4969 9455 4935 9423 4937 9423 4969 9423 4941 9388 4971 9388 4937 9388 4943 9466 4971 9466 4941 9466 5171 8390 4945 8390 4940 8390 5171 8402 4947 8402 4945 8402 5171 9604 4943 9604 4947 9604 5172 8728 4943 8728 5171 8728 4885 9057 4971 9057 4943 9057 4888 9472 4885 9472 4943 9472 5172 8778 4888 8778 4943 8778 4885 8283 4884 8283 4971 8283 4884 9009 4975 9009 4971 9009 4889 8576 4975 8576 4884 8576 5172 9283 4891 9283 4888 9283 4893 8275 4975 8275 4889 8275 5172 8407 4893 8407 4891 8407 5172 8959 4975 8959 4893 8959 4913 9178 4907 9178 4975 9178 4907 8522 4909 8522 4975 8522 5173 7794 5174 7794 4975 7794 5175 9785 5173 9785 4975 9785 5174 7913 5176 7913 4975 7913 5176 8807 5177 8807 4975 8807 5177 8764 4913 8764 4975 8764 5172 7963 5175 7963 4975 7963 4909 8425 4911 8425 4975 8425 4911 8752 4976 8752 4975 8752 5178 8137 5177 8137 5176 8137 5179 9300 5177 9300 5178 9300 5180 8779 5177 8779 5179 8779 5136 8097 4976 8097 4911 8097 4916 9399 5136 9399 4911 9399 5177 9395 4917 9395 4913 9395 5137 7987 5136 7987 4916 7987 4920 8213 5137 8213 4916 8213 5177 8417 5137 8417 4920 8417 5177 9186 4920 9186 4917 9186 5181 9128 5177 9128 5180 9128 5182 8422 5183 8422 5180 8422 5184 9439 5181 9439 5180 9439 5183 8406 5184 8406 5180 8406 5185 9886 5186 9886 5182 9886 5186 7946 5187 7946 5182 7946 5187 8145 5188 8145 5182 8145 5188 9662 5189 9662 5182 9662 5189 9519 5190 9519 5182 9519 5190 8371 5183 8371 5182 8371 5191 7837 5192 7837 5177 7837 5181 7851 5191 7851 5177 7851 5192 9469 5193 9469 5177 9469 5193 8381 5194 8381 5177 8381 5194 7934 5195 7934 5177 7934 5195 9757 5196 9757 5177 9757 5196 9659 5197 9659 5177 9659 5197 7873 5198 7873 5177 7873 5198 9673 5199 9673 5177 9673 5199 9843 5200 9843 5177 9843 5200 7663 5201 7663 5177 7663 5132 3906 5131 3906 5139 3906 5131 4088 5138 4088 5139 4088 4966 4002 5132 4002 5139 4002 4965 4091 4966 4091 5139 4091 5202 9908 5203 9908 5204 9908 5205 9825 5202 9825 5204 9825 5206 6712 5202 6712 5205 6712 5207 6714 5202 6714 5206 6714 5203 6467 5208 6467 5204 6467 5203 6496 5209 6496 5208 6496 5210 5593 5207 5593 5206 5593 5209 5301 5211 5301 5208 5301 5212 4954 5210 4954 5206 4954 5211 4593 5213 4593 5208 4593 5214 4480 5210 4480 5212 4480 5211 4222 5214 4222 5213 4222 5213 159 5214 159 5212 159 5215 7531 5216 7531 5217 7531 5215 7702 5218 7702 5216 7702 5219 7110 5215 7110 5217 7110 5218 6468 5220 6468 5216 6468 5221 6164 5219 6164 5217 6164 5222 5855 5219 5855 5221 5855 5218 6092 5223 6092 5220 6092 5223 5039 5224 5039 5220 5039 5225 4382 5222 4382 5221 4382 5226 3871 5225 3871 5224 3871 5223 4435 5226 4435 5224 4435 5226 4261 5222 4261 5225 4261 5227 7557 5228 7557 5229 7557 5227 7606 5230 7606 5228 7606 5231 6756 5227 6756 5229 6756 5232 6722 5227 6722 5231 6722 5230 6286 5233 6286 5228 6286 5230 6059 5234 6059 5233 6059 5235 5538 5232 5538 5231 5538 5236 5417 5232 5417 5235 5417 5234 4822 5237 4822 5233 4822 5234 4649 5238 4649 5237 4649 5239 4387 5236 4387 5235 4387 5238 4185 5236 4185 5239 4185 5238 165 5239 165 5237 165 5240 7526 5241 7526 5242 7526 5243 7573 5241 7573 5240 7573 5241 7106 5244 7106 5242 7106 5245 6545 5243 6545 5240 6545 5244 6503 5246 6503 5242 6503 5244 6030 5247 6030 5246 6030 5248 5707 5243 5707 5245 5707 5249 5268 5248 5268 5245 5268 5247 5051 5250 5051 5246 5051 5247 4671 5251 4671 5250 4671 5252 4314 5248 4314 5249 4314 5251 4246 5248 4246 5252 4246 5251 3748 5252 3748 5250 3748 5253 7160 5254 7160 5255 7160 5254 7536 5256 7536 5255 7536 5256 7033 5257 7033 5255 7033 5256 6958 5258 6958 5257 6958 5259 6360 5254 6360 5253 6360 5258 5700 5260 5700 5257 5700 5261 5386 5259 5386 5253 5386 5258 5293 5262 5293 5260 5293 5263 4852 5259 4852 5261 4852 5262 4230 5264 4230 5260 4230 5264 3807 5263 3807 5261 3807 5262 3940 5263 3940 5264 3940 5265 7161 5266 7161 5267 7161 5266 7430 5268 7430 5267 7430 5268 7124 5269 7124 5267 7124 5269 7076 5270 7076 5267 7076 5271 6316 5266 6316 5265 6316 5269 5803 5272 5803 5270 5803 5273 5329 5271 5329 5265 5329 5269 5532 5274 5532 5272 5532 5274 4632 5275 4632 5272 4632 5276 4670 5271 4670 5273 4670 5274 4182 5276 4182 5275 4182 5275 140 5276 140 5273 140 5277 9917 5278 9917 5279 9917 5280 7196 5277 7196 5279 7196 5278 6930 5281 6930 5279 6930 5278 6867 5282 6867 5281 6867 5283 6764 5277 6764 5280 6764 5284 5616 5283 5616 5280 5616 5285 5411 5283 5411 5284 5411 5282 5347 5286 5347 5281 5347 5282 5325 5287 5325 5286 5325 5287 4221 5288 4221 5286 4221 5288 4112 5289 4112 5286 4112 5289 4115 5288 4115 5284 4115 5288 4082 5285 4082 5284 4082 5290 9971 5291 9971 5292 9971 5293 7114 5290 7114 5292 7114 5291 7015 5294 7015 5292 7015 5295 6657 5290 6657 5293 6657 5291 6833 5296 6833 5294 6833 5297 5975 5295 5975 5293 5975 5296 5810 5298 5810 5294 5810 5296 5697 5299 5697 5298 5697 5300 4895 5295 4895 5297 4895 5299 4667 5301 4667 5298 4667 5302 4901 5295 4901 5300 4901 5299 4559 5303 4559 5301 4559 5301 248 5302 248 5300 248 5303 3548 5302 3548 5301 3548 5304 7668 5305 7668 5306 7668 5305 9972 5307 9972 5306 9972 5307 6961 5308 6961 5306 6961 5309 7194 5305 7194 5304 7194 5310 6911 5305 6911 5309 6911 5307 6342 5311 6342 5308 6342 5312 6754 5310 6754 5309 6754 5307 6190 5313 6190 5311 6190 5314 5690 5310 5690 5312 5690 5315 6109 5314 6109 5312 6109 5313 5350 5316 5350 5311 5350 5317 5393 5314 5393 5315 5393 5313 4943 5318 4943 5316 4943 5318 4306 5319 4306 5316 4306 5320 4560 5314 4560 5317 4560 5321 4854 5320 4854 5317 4854 5318 3963 5322 3963 5319 3963 5322 4030 5320 4030 5321 4030 5318 3972 5320 3972 5322 3972 5306 10045 5323 10045 5324 10045 5304 4733 5306 4733 5324 4733 5325 10033 5304 10033 5324 10033 5308 4680 5326 4680 5306 4680 5311 9862 5327 9862 5308 9862 5315 6296 5312 6296 5328 6296 5316 6140 5329 6140 5311 6140 5330 7157 5329 7157 5316 7157 5319 6800 5331 6800 5316 6800 5331 10040 5332 10040 5316 10040 5333 5155 5321 5155 5317 5155 5334 10012 5322 10012 5321 10012 5335 7647 5336 7647 5337 7647 5335 7602 5338 7602 5336 7602 5339 7087 5335 7087 5337 7087 5338 6569 5340 6569 5336 6569 5340 6470 5341 6470 5336 6470 5342 6667 5335 6667 5339 6667 5343 6078 5342 6078 5339 6078 5340 5054 5344 5054 5341 5054 5340 5018 5345 5018 5344 5018 5346 4855 5342 4855 5343 4855 5347 4626 5346 4626 5343 4626 5345 289 5347 289 5344 289 5345 3841 5346 3841 5347 3841 5348 7578 5349 7578 5350 7578 5351 9994 5348 9994 5350 9994 5352 7012 5351 7012 5350 7012 5348 6721 5353 6721 5349 6721 5348 6544 5354 6544 5353 6544 5355 5842 5351 5842 5352 5842 5356 5822 5351 5822 5355 5822 5354 5383 5357 5383 5353 5383 5354 4675 5358 4675 5357 4675 5359 4214 5356 4214 5355 4214 5358 4019 5359 4019 5357 4019 5358 4181 5356 4181 5359 4181 5360 7318 5361 7318 5362 7318 5363 7542 5360 7542 5362 7542 5364 7250 5363 7250 5362 7250 5360 7014 5365 7014 5361 7014 5366 6265 5363 6265 5364 6265 5365 6325 5367 6325 5361 6325 5368 5744 5363 5744 5366 5744 5365 5305 5369 5305 5367 5305 5365 5311 5370 5311 5369 5311 5371 4930 5368 4930 5366 4930 5372 4508 5368 4508 5371 4508 5370 4213 5373 4213 5369 4213 5373 3628 5372 3628 5371 3628 5370 4119 5372 4119 5373 4119 5374 7337 5375 7337 5376 7337 5377 9890 5374 9890 5376 9890 5378 7128 5377 7128 5376 7128 5374 6761 5379 6761 5375 6761 5379 6483 5380 6483 5375 6483 5381 6357 5377 6357 5378 6357 5382 6181 5381 6181 5378 6181 5383 5090 5381 5090 5382 5090 5384 5115 5383 5115 5382 5115 5379 5110 5385 5110 5380 5110 5379 4906 5386 4906 5385 4906 5386 4159 5387 4159 5385 4159 5387 3799 5383 3799 5384 3799 5386 3934 5383 3934 5387 3934 5388 7445 5389 7445 5390 7445 5391 9939 5388 9939 5390 9939 5389 7007 5392 7007 5390 7007 5392 6608 5393 6608 5390 6608 5394 6298 5388 6298 5391 6298 5395 5860 5388 5860 5394 5860 5396 5384 5397 5384 5393 5384 5392 5790 5396 5790 5393 5790 5398 4533 5395 4533 5394 4533 5396 4694 5399 4694 5397 4694 5399 3727 5398 3727 5397 3727 5399 4174 5395 4174 5398 4174 5400 7544 5401 7544 5402 7544 5403 7518 5401 7518 5400 7518 5401 7037 5404 7037 5402 7037 5401 6798 5405 6798 5404 6798 5406 6364 5403 6364 5400 6364 5407 6056 5406 6056 5400 6056 5405 5428 5408 5428 5404 5428 5409 5156 5406 5156 5407 5156 5410 4874 5409 4874 5407 4874 5405 4905 5411 4905 5408 4905 5411 4045 5412 4045 5408 4045 5412 3944 5409 3944 5410 3944 5411 3997 5409 3997 5412 3997 5413 6629 5414 6629 5415 6629 5414 6636 5416 6636 5415 6636 5414 6640 5417 6640 5416 6640 5418 6997 5417 6997 5414 6997 5418 6998 5419 6998 5417 6998 5418 6999 5420 6999 5419 6999 5421 6995 5420 6995 5418 6995 5421 6993 5422 6993 5420 6993 5423 7001 5422 7001 5421 7001 5423 7356 5424 7356 5422 7356 5422 9942 5424 9942 5425 9942 5424 7488 5426 7488 5425 7488 5427 4012 5428 4012 5429 4012 5428 4015 5430 4015 5429 4015 5430 4016 5431 4016 5429 4016 5430 3969 5432 3969 5433 3969 5431 254 5430 254 5433 254 5433 4501 5434 4501 5435 4501 5434 4503 5436 4503 5435 4503 5433 4502 5432 4502 5434 4502 5436 4810 5437 4810 5438 4810 5435 4802 5436 4802 5438 4802 5438 5152 5439 5152 5440 5152 5438 5154 5437 5154 5439 5154 5440 6138 5441 6138 5442 6138 5439 6076 5441 6076 5440 6076 5443 6678 5444 6678 5445 6678 5442 6683 5443 6683 5445 6683 5442 6680 5446 6680 5443 6680 5442 6682 5441 6682 5446 6682 5447 4701 5448 4701 5449 4701 5450 5004 5448 5004 5447 5004 5445 5680 5450 5680 5447 5680 5444 6052 5450 6052 5445 6052 5449 4111 5451 4111 5452 4111 5449 4092 5448 4092 5451 4092 5451 176 5453 176 5452 176 5453 4209 5454 4209 5452 4209 5453 4375 5455 4375 5454 4375 5456 6289 5457 6289 5458 6289 5459 6287 5457 6287 5456 6287 5460 6291 5415 6291 5457 6291 5459 6288 5460 6288 5457 6288 5413 6290 5415 6290 5460 6290 5461 4824 5462 4824 5463 4824 5461 5047 5456 5047 5462 5047 5456 5684 5458 5684 5462 5684 5464 9902 5465 9902 5466 9902 5464 9871 5467 9871 5465 9871 5464 9784 5468 9784 5467 9784 5464 7790 5469 7790 5468 7790 5464 9782 5470 9782 5469 9782 5464 7775 5471 7775 5470 7775 5464 7897 5472 7897 5471 7897 5464 9811 5473 9811 5472 9811 5464 7845 5474 7845 5473 7845 5464 9723 5475 9723 5474 9723 5464 8604 5476 8604 5475 8604 5476 9503 5477 9503 5475 9503 5478 8320 5479 8320 5477 8320 5476 9643 5478 9643 5477 9643 5478 8148 5480 8148 5479 8148 5478 8336 5481 8336 5480 8336 5478 8380 5482 8380 5481 8380 5478 8234 5483 8234 5482 8234 5478 7974 5484 7974 5483 7974 5478 9788 5485 9788 5484 9788 5478 7862 5486 7862 5485 7862 5205 9362 5204 9362 5464 9362 5487 8634 5205 8634 5464 8634 5204 8573 5208 8573 5464 8573 5208 8893 5476 8893 5464 8893 5206 9780 5205 9780 5487 9780 5488 8914 5212 8914 5487 8914 5212 8201 5206 8201 5487 8201 5213 9679 5476 9679 5208 9679 5488 9008 5213 9008 5212 9008 5488 8909 5476 8909 5213 8909 5463 8626 5292 8626 5487 8626 5489 7989 5490 7989 5487 7989 5491 8488 5489 8488 5487 8488 5265 8751 5491 8751 5487 8751 5490 8507 5492 8507 5487 8507 5492 8389 5488 8389 5487 8389 5292 8504 5294 8504 5487 8504 5294 9375 5298 9375 5487 9375 5298 8749 5265 8749 5487 8749 5297 9581 5293 9581 5463 9581 5293 8033 5292 8033 5463 8033 5457 8760 5297 8760 5463 8760 5458 8208 5457 8208 5463 8208 5462 8106 5458 8106 5463 8106 5457 9333 5300 9333 5297 9333 5301 9311 5265 9311 5298 9311 5457 8535 5265 8535 5301 8535 5457 8432 5301 8432 5300 8432 5265 9549 5493 9549 5491 9549 5265 8266 5494 8266 5493 8266 5267 8838 5494 8838 5265 8838 5267 8722 5270 8722 5494 8722 5270 8782 5415 8782 5494 8782 5415 8756 5280 8756 5494 8756 5415 8569 5273 8569 5457 8569 5273 9617 5265 9617 5457 9617 5272 8493 5415 8493 5270 8493 5275 9444 5415 9444 5272 9444 5415 8457 5275 8457 5273 8457 5279 8933 5494 8933 5280 8933 5279 8499 5281 8499 5494 8499 5281 8908 5495 8908 5494 8908 5415 8503 5284 8503 5280 8503 5286 8087 5496 8087 5281 8087 5496 8047 5495 8047 5281 8047 5289 9301 5416 9301 5286 9301 5415 9211 5289 9211 5284 9211 5415 8615 5416 8615 5289 8615 5286 8773 5497 8773 5496 8773 5416 8741 5240 8741 5286 8741 5240 8890 5497 8890 5286 8890 5245 8316 5240 8316 5416 8316 5417 8510 5245 8510 5416 8510 5240 8970 5242 8970 5497 8970 5242 8902 5498 8902 5497 8902 5229 8797 5499 8797 5498 8797 5242 8333 5246 8333 5498 8333 5246 8632 5229 8632 5498 8632 5417 8295 5249 8295 5245 8295 5250 9492 5229 9492 5246 9492 5417 8482 5229 8482 5250 8482 5417 8492 5252 8492 5249 8492 5252 9533 5417 9533 5250 9533 5500 9881 5501 9881 5502 9881 5503 9893 5500 9893 5502 9893 5500 7678 5504 7678 5501 7678 5500 9837 5505 9837 5504 9837 5417 8472 5231 8472 5229 8472 5229 8404 5228 8404 5499 8404 5506 9386 5507 9386 5500 9386 5507 9747 5505 9747 5500 9747 5506 9810 5508 9810 5507 9810 5506 7733 5509 7733 5508 7733 5506 9859 5510 9859 5509 9859 5506 7747 5511 7747 5510 7747 5506 9238 5512 9238 5511 9238 5419 8439 5235 8439 5417 8439 5235 9402 5231 9402 5417 9402 5228 8240 5233 8240 5499 8240 5233 8678 5513 8678 5499 8678 5506 9201 5514 9201 5512 9201 5515 7881 5516 7881 5514 7881 5506 8327 5515 8327 5514 8327 5515 8012 5517 8012 5516 8012 5515 7928 5518 7928 5517 7928 5515 9834 5519 9834 5518 9834 5515 7765 5520 7765 5519 7765 5515 7768 5521 7768 5520 7768 5522 7666 5515 7666 5523 7666 5515 9855 5524 9855 5521 9855 5524 7755 5515 7755 5522 7755 5237 9299 5513 9299 5233 9299 5419 8736 5239 8736 5235 8736 5419 8667 5513 8667 5237 8667 5239 8017 5419 8017 5237 8017 5420 9125 5513 9125 5419 9125 5221 9322 5217 9322 5506 9322 5217 9282 5515 9282 5506 9282 5224 9221 5425 9221 5515 9221 5217 9407 5216 9407 5515 9407 5216 9461 5220 9461 5515 9461 5220 7857 5224 7857 5515 7857 5420 9800 5525 9800 5513 9800 5420 7756 5526 7756 5525 7756 5420 9815 5527 9815 5526 9815 5528 9821 5221 9821 5506 9821 5420 7869 5529 7869 5527 7869 5420 9074 5221 9074 5528 9074 5529 7962 5420 7962 5528 7962 5425 8117 5225 8117 5221 8117 5225 7870 5425 7870 5224 7870 5261 9404 5253 9404 5420 9404 5253 8227 5255 8227 5420 8227 5255 8618 5221 8618 5420 8618 5255 9419 5257 9419 5221 9419 5257 8693 5425 8693 5221 8693 5422 8562 5261 8562 5420 8562 5260 8238 5425 8238 5257 8238 5264 8463 5425 8463 5260 8463 5422 9217 5264 9217 5261 9217 5422 8506 5425 8506 5264 8506 5443 1752 5453 1752 5451 1752 5363 1559 5443 1559 5451 1559 5448 2903 5360 2903 5451 2903 5360 3162 5363 3162 5451 3162 5443 1203 5455 1203 5453 1203 5448 1611 5365 1611 5360 1611 5368 943 5443 943 5363 943 5448 936 5370 936 5365 936 5443 1826 5370 1826 5448 1826 5444 2724 5443 2724 5448 2724 5372 1460 5443 1460 5368 1460 5443 1282 5372 1282 5370 1282 5450 1372 5444 1372 5448 1372 5203 2904 5202 2904 5455 2904 5209 2266 5203 2266 5455 2266 5202 2417 5530 2417 5455 2417 5446 2267 5209 2267 5455 2267 5202 3194 5207 3194 5530 3194 5210 697 5530 697 5207 697 5446 2636 5211 2636 5209 2636 5214 3407 5530 3407 5210 3407 5446 2560 5214 2560 5211 2560 5446 1725 5530 1725 5214 1725 5443 2125 5374 2125 5455 2125 5374 1532 5377 1532 5455 1532 5377 3253 5381 3253 5455 3253 5381 2237 5446 2237 5455 2237 5386 747 5379 747 5443 747 5446 2430 5386 2430 5443 2430 5379 1433 5374 1433 5443 1433 5383 1489 5446 1489 5381 1489 5446 1499 5383 1499 5386 1499 5291 635 5290 635 5461 635 5530 2248 5291 2248 5461 2248 5459 2304 5299 2304 5530 2304 5299 512 5296 512 5530 512 5296 2831 5291 2831 5530 2831 5441 3097 5439 3097 5530 3097 5446 1741 5441 1741 5530 1741 5439 2170 5459 2170 5530 2170 5290 3227 5295 3227 5461 3227 5295 1043 5456 1043 5461 1043 5295 1578 5459 1578 5456 1578 5302 2907 5459 2907 5295 2907 5459 2802 5303 2802 5299 2802 5459 1549 5302 1549 5303 1549 5268 866 5266 866 5459 866 5439 1675 5268 1675 5459 1675 5269 2853 5268 2853 5439 2853 5388 1930 5269 1930 5439 1930 5271 1383 5460 1383 5459 1383 5266 3271 5271 3271 5459 3271 5388 787 5274 787 5269 787 5276 867 5460 867 5271 867 5388 874 5276 874 5274 874 5388 1344 5460 1344 5276 1344 5531 2049 5460 2049 5388 2049 5439 1421 5389 1421 5388 1421 5395 2898 5531 2898 5388 2898 5392 1623 5389 1623 5439 1623 5437 1280 5392 1280 5439 1280 5437 3225 5396 3225 5392 3225 5437 1298 5399 1298 5396 1298 5437 1756 5531 1756 5399 1756 5399 1883 5531 1883 5395 1883 5531 1972 5413 1972 5460 1972 5278 1379 5277 1379 5531 1379 5283 2468 5413 2468 5531 2468 5277 2532 5283 2532 5531 2532 5282 1667 5278 1667 5531 1667 5414 1767 5282 1767 5531 1767 5437 1858 5414 1858 5531 1858 5285 1089 5413 1089 5283 1089 5414 1309 5287 1309 5282 1309 5414 3230 5288 3230 5287 3230 5288 2725 5413 2725 5285 2725 5414 1521 5413 1521 5288 1521 5436 2738 5307 2738 5437 2738 5307 1164 5305 1164 5437 1164 5305 2836 5310 2836 5437 2836 5310 616 5314 616 5437 616 5314 2332 5414 2332 5437 2332 5436 618 5313 618 5307 618 5436 3038 5318 3038 5313 3038 5320 1660 5414 1660 5314 1660 5318 1535 5414 1535 5320 1535 5241 1708 5243 1708 5318 1708 5243 1973 5414 1973 5318 1973 5436 2127 5241 2127 5318 2127 5244 1118 5241 1118 5436 1118 5434 1774 5244 1774 5436 1774 5434 3317 5247 3317 5244 3317 5248 990 5414 990 5243 990 5434 2033 5532 2033 5247 2033 5532 3032 5251 3032 5247 3032 5532 1250 5414 1250 5251 1250 5251 3281 5414 3281 5248 3281 5401 1062 5403 1062 5434 1062 5403 2431 5406 2431 5434 2431 5406 2263 5532 2263 5434 2263 5432 1116 5405 1116 5434 1116 5405 3556 5401 3556 5434 3556 5409 2297 5532 2297 5406 2297 5533 3039 5428 3039 5427 3039 5534 2391 5533 2391 5427 2391 5432 1346 5411 1346 5405 1346 5432 2523 5532 2523 5411 2523 5411 1834 5532 1834 5409 1834 5532 1734 5418 1734 5414 1734 5533 1530 5351 1530 5428 1530 5348 2409 5351 2409 5533 2409 5354 1151 5348 1151 5533 1151 5535 1364 5354 1364 5533 1364 5356 1275 5428 1275 5351 1275 5535 2502 5358 2502 5354 2502 5358 588 5428 588 5356 588 5535 2490 5428 2490 5358 2490 5428 2735 5335 2735 5430 2735 5340 1509 5338 1509 5428 1509 5338 804 5335 804 5428 804 5345 2739 5340 2739 5428 2739 5535 1594 5345 1594 5428 1594 5342 1174 5430 1174 5335 1174 5346 2277 5430 2277 5342 2277 5345 637 5430 637 5346 637 5227 1537 5232 1537 5418 1537 5532 1420 5227 1420 5418 1420 5232 3267 5236 3267 5418 3267 5230 1739 5227 1739 5532 1739 5234 2204 5230 2204 5532 2204 5421 2008 5234 2008 5532 2008 5432 1754 5421 1754 5532 1754 5536 1095 5345 1095 5535 1095 5421 1331 5238 1331 5234 1331 5238 672 5418 672 5236 672 5430 1127 5421 1127 5432 1127 5421 1936 5418 1936 5238 1936 5215 1140 5219 1140 5430 1140 5219 1528 5222 1528 5430 1528 5345 2350 5215 2350 5430 2350 5222 2308 5421 2308 5430 2308 5218 2405 5215 2405 5345 2405 5536 1961 5218 1961 5345 1961 5223 967 5218 967 5536 967 5426 2669 5223 2669 5536 2669 5426 340 5226 340 5223 340 5226 790 5426 790 5222 790 5222 1469 5256 1469 5421 1469 5256 3403 5254 3403 5421 3403 5258 3220 5256 3220 5222 3220 5426 2217 5258 2217 5222 2217 5259 2703 5423 2703 5421 2703 5254 1024 5259 1024 5421 1024 5426 1437 5262 1437 5258 1437 5263 3187 5423 3187 5259 3187 5423 2686 5263 2686 5262 2686 5426 2819 5423 2819 5262 2819 5426 402 5424 402 5423 402 5537 5622 5533 5622 5538 5622 5537 5614 5535 5614 5533 5614 5539 6611 5535 6611 5537 6611 5536 6749 5535 6749 5539 6749 5540 3936 5427 3936 5429 3936 5534 3953 5427 3953 5540 3953 5533 4743 5534 4743 5540 4743 5538 5061 5533 5061 5540 5061 5541 7020 5542 7020 5543 7020 5541 7017 5544 7017 5542 7017 5544 7386 5545 7386 5542 7386 5545 7626 5546 7626 5542 7626 5547 6531 5543 6531 5548 6531 5541 6527 5543 6527 5547 6527 5549 3858 5550 3858 5551 3858 5550 3927 5552 3927 5551 3927 5550 4313 5553 4313 5552 4313 5553 4369 5554 4369 5552 4369 5553 4728 5555 4728 5554 4728 5555 4772 5556 4772 5554 4772 5555 5180 5557 5180 5556 5180 5557 5213 5558 5213 5556 5213 5557 5676 5559 5676 5558 5676 5559 5725 5560 5725 5558 5725 5559 6163 5547 6163 5560 6163 5547 6184 5548 6184 5560 6184 5561 1362 5549 1362 5551 1362 5562 1297 5561 1297 5551 1297 5563 6492 5564 6492 5565 6492 5564 6488 5566 6488 5565 6488 5567 3892 5561 3892 5562 3892 5568 4289 5569 4289 5567 4289 5569 4043 5561 4043 5567 4043 5570 4687 5569 4687 5568 4687 5571 4691 5569 4691 5570 4691 5572 5137 5571 5137 5570 5137 5573 5164 5571 5164 5572 5164 5574 5641 5573 5641 5572 5641 5575 5667 5573 5667 5574 5667 5565 6112 5575 6112 5574 6112 5566 6144 5575 6144 5565 6144 5576 7164 5564 7164 5563 7164 5577 7179 5564 7179 5576 7179 5545 9135 5576 9135 5546 9135 5545 8229 5577 8229 5576 8229 5578 7773 5550 7773 5579 7773 5550 7786 5549 7786 5579 7786 5549 7986 5580 7986 5579 7986 5581 9789 5550 9789 5578 9789 5553 8091 5550 8091 5581 8091 5582 7838 5553 7838 5581 7838 5583 9647 5553 9647 5582 9647 5584 7772 5553 7772 5583 7772 5561 9535 5580 9535 5549 9535 5555 9760 5553 9760 5584 9760 5585 9771 5555 9771 5584 9771 5586 9704 5555 9704 5585 9704 5587 7819 5555 7819 5586 7819 5557 7793 5555 7793 5587 7793 5588 9252 5557 9252 5587 9252 5589 9681 5557 9681 5588 9681 5590 7762 5557 7762 5589 7762 5590 9696 5559 9696 5557 9696 5591 9829 5559 9829 5590 9829 5592 8232 5559 8232 5591 8232 5561 9831 5593 9831 5580 9831 5569 7811 5594 7811 5593 7811 5561 7809 5569 7809 5593 7809 5592 7964 5547 7964 5559 7964 5569 7791 5595 7791 5594 7791 5596 8419 5541 8419 5592 8419 5541 8674 5547 8674 5592 8674 5569 7905 5597 7905 5595 7905 5569 7784 5598 7784 5597 7784 5571 9596 5599 9596 5598 9596 5569 9505 5571 9505 5598 9505 5571 9725 5600 9725 5599 9725 5571 9002 5601 9002 5600 9002 5571 7927 5573 7927 5601 7927 5573 7888 5602 7888 5601 7888 5573 9574 5603 9574 5602 9574 5573 9462 5604 9462 5603 9462 5575 9108 5604 9108 5573 9108 5575 8662 5605 8662 5604 8662 5606 7853 5605 7853 5575 7853 5566 9740 5606 9740 5575 9740 5566 7908 5607 7908 5606 7908 5564 7940 5607 7940 5566 7940 5596 9644 5608 9644 5541 9644 5609 9193 5544 9193 5541 9193 5608 9323 5609 9323 5541 9323 5609 8845 5610 8845 5544 8845 5611 9743 5545 9743 5544 9743 5610 9724 5611 9724 5544 9724 5611 8008 5612 8008 5545 8008 5612 9767 5613 9767 5545 9767 5614 8261 5577 8261 5545 8261 5613 8401 5614 8401 5545 8401 5615 8131 5577 8131 5614 8131 5616 9794 5607 9794 5564 9794 5617 8519 5616 8519 5564 8519 5618 8014 5617 8014 5564 8014 5619 7879 5618 7879 5564 7879 5577 8066 5619 8066 5564 8066 5620 9798 5619 9798 5577 9798 5621 8427 5620 8427 5577 8427 5615 8242 5621 8242 5577 8242 5622 5356 5623 5356 5624 5356 5622 5441 5625 5441 5623 5441 5625 5840 5626 5840 5623 5840 5625 6055 5627 6055 5626 6055 5627 6362 5628 6362 5626 6362 5627 6498 5629 6498 5628 6498 5629 6822 5630 6822 5628 6822 5629 6929 5631 6929 5630 6929 5631 7437 5632 7437 5630 7437 5631 7497 5633 7497 5632 7497 5634 4981 5624 4981 5635 4981 5622 4974 5624 4974 5634 4974 5636 3917 5637 3917 5638 3917 5636 4020 5639 4020 5637 4020 5639 4326 5640 4326 5637 4326 5639 4604 5634 4604 5640 4604 5634 4686 5635 4686 5640 4686 5641 1224 5636 1224 5638 1224 5642 1637 5641 1637 5638 1637 5643 4938 5644 4938 5645 4938 5644 4933 5646 4933 5645 4933 5647 3859 5641 3859 5642 3859 5648 3861 5641 3861 5647 3861 5649 4309 5648 4309 5647 4309 5645 4619 5646 4619 5649 4619 5646 4385 5648 4385 5649 4385 5650 5310 5644 5310 5643 5310 5651 5343 5644 5343 5650 5343 5652 6017 5651 6017 5650 6017 5653 6058 5651 6058 5652 6058 5654 6495 5653 6495 5652 6495 5655 6897 5656 6897 5654 6897 5656 6681 5653 6681 5654 6681 5657 7391 5658 7391 5655 7391 5658 7138 5656 7138 5655 7138 5659 7508 5658 7508 5657 7508 5633 9339 5657 9339 5632 9339 5633 9199 5659 9199 5657 9199 5636 7978 5660 7978 5661 7978 5662 7949 5636 7949 5661 7949 5663 8761 5636 8761 5662 8761 5639 9409 5636 9409 5663 9409 5664 8138 5639 8138 5663 8138 5665 7910 5639 7910 5664 7910 5666 9813 5639 9813 5665 9813 5641 9816 5660 9816 5636 9816 5667 8018 5639 8018 5666 8018 5668 7759 5634 7759 5667 7759 5634 7778 5639 7778 5667 7778 5669 7998 5622 7998 5668 7998 5622 8105 5634 8105 5668 8105 5641 9839 5670 9839 5660 9839 5641 9648 5671 9648 5670 9648 5648 7813 5672 7813 5671 7813 5641 7815 5648 7815 5671 7815 5648 7900 5673 7900 5672 7900 5648 7829 5674 7829 5673 7829 5646 8444 5675 8444 5674 8444 5648 9154 5646 9154 5674 9154 5646 9717 5676 9717 5675 9717 5646 8228 5677 8228 5676 8228 5644 8340 5677 8340 5646 8340 5625 7973 5622 7973 5669 7973 5678 7939 5625 7939 5669 7939 5679 7774 5625 7774 5678 7774 5680 9809 5625 9809 5679 9809 5680 8141 5627 8141 5625 8141 5681 7748 5627 7748 5680 7748 5681 9735 5682 9735 5627 9735 5682 7860 5683 7860 5627 7860 5683 7961 5629 7961 5627 7961 5683 7992 5684 7992 5629 7992 5684 9592 5685 9592 5629 9592 5685 9578 5686 9578 5629 9578 5686 9551 5631 9551 5629 9551 5687 8377 5688 8377 5631 8377 5686 9213 5687 9213 5631 9213 5688 7942 5689 7942 5631 7942 5690 7892 5633 7892 5631 7892 5689 7977 5690 7977 5631 7977 5690 7760 5659 7760 5633 7760 5651 7901 5677 7901 5644 7901 5651 8054 5691 8054 5677 8054 5692 7886 5659 7886 5690 7886 5651 7798 5693 7798 5691 7798 5651 9797 5694 9797 5693 9797 5653 8062 5695 8062 5651 8062 5695 7745 5694 7745 5651 7745 5696 8061 5695 8061 5653 8061 5697 9507 5698 9507 5653 9507 5698 9818 5696 9818 5653 9818 5656 9298 5699 9298 5653 9298 5699 7812 5697 7812 5653 7812 5700 9684 5701 9684 5656 9684 5701 9675 5699 9675 5656 9675 5658 7830 5702 7830 5656 7830 5702 7795 5700 7795 5656 7795 5692 9706 5703 9706 5658 9706 5703 7936 5702 7936 5658 7936 5659 9685 5692 9685 5658 9685 5704 3035 5705 3035 5706 3035 5705 3343 5707 3343 5706 3343 5707 2994 5708 2994 5706 2994 5709 955 5704 955 5706 955 5710 3036 5709 3036 5706 3036 5708 3285 5711 3285 5706 3285 5711 3387 5712 3387 5706 3387 5711 446 5713 446 5712 446 5711 3468 5714 3468 5713 3468 5711 505 5715 505 5714 505 5715 987 5716 987 5714 987 5716 449 5717 449 5714 449 5716 3553 5718 3553 5717 3553 5716 3341 5719 3341 5718 3341 5716 414 5720 414 5719 414 5721 2976 5709 2976 5710 2976 5722 3328 5723 3328 5710 3328 5723 3549 5724 3549 5710 3549 5724 1081 5725 1081 5710 1081 5725 571 5726 571 5710 571 5726 3044 5727 3044 5710 3044 5727 3232 5721 3232 5710 3232 5728 444 5723 444 5722 444 5729 542 5723 542 5728 542 5730 3658 5723 3658 5729 3658 5731 278 5723 278 5730 278 5705 409 5732 409 5707 409 5732 1525 5733 1525 5707 1525 5732 362 5734 362 5733 362 5735 448 5704 448 5709 448 5736 3691 5737 3691 5735 3691 5737 441 5704 441 5735 441 5738 6490 5721 6490 5739 6490 5738 6485 5709 6485 5721 6485 5740 6765 5709 6765 5738 6765 5735 6760 5709 6760 5740 6760 5736 6994 5735 6994 5740 6994 5741 7184 5736 7184 5740 7184 5737 7300 5736 7300 5741 7300 5742 7589 5737 7589 5741 7589 5704 7592 5737 7592 5742 7592 5705 9076 5704 9076 5743 9076 5704 9072 5742 9072 5743 9072 5707 6615 5744 6615 5745 6615 5733 6855 5746 6855 5744 6855 5707 6778 5733 6778 5744 6778 5733 7027 5734 7027 5746 7027 5734 7271 5747 7271 5746 7271 5734 7334 5732 7334 5747 7334 5705 7631 5743 7631 5747 7631 5732 7648 5705 7648 5747 7648 5708 6528 5707 6528 5748 6528 5707 6526 5745 6526 5748 6526 5706 3754 5749 3754 5750 3754 5712 3887 5751 3887 5749 3887 5706 3824 5712 3824 5749 3824 5713 4128 5752 4128 5751 4128 5712 4129 5713 4129 5751 4129 5714 4351 5753 4351 5752 4351 5713 4350 5714 4350 5752 4350 5717 4564 5754 4564 5753 4564 5714 4565 5717 4565 5753 4565 5718 4756 5755 4756 5754 4756 5717 4759 5718 4759 5754 4759 5719 4989 5756 4989 5755 4989 5718 4989 5719 4989 5755 4989 5720 5201 5757 5201 5756 5201 5719 5200 5720 5200 5756 5200 5716 5421 5758 5421 5757 5421 5720 5422 5716 5422 5757 5422 5715 5718 5759 5718 5758 5718 5716 5716 5715 5716 5758 5716 5711 6014 5760 6014 5759 6014 5715 6016 5711 6016 5759 6016 5708 6256 5748 6256 5760 6256 5711 6244 5708 6244 5760 6244 5761 1989 5706 1989 5750 1989 5761 1523 5710 1523 5706 1523 5762 3775 5710 3775 5761 3775 5722 3772 5710 3772 5762 3772 5763 4042 5722 4042 5762 4042 5728 4065 5722 4065 5763 4065 5764 4269 5728 4269 5763 4269 5729 4267 5728 4267 5764 4267 5765 4512 5729 4512 5764 4512 5730 4513 5729 4513 5765 4513 5766 4699 5730 4699 5765 4699 5731 4700 5730 4700 5766 4700 5767 4925 5731 4925 5766 4925 5723 4924 5731 4924 5767 4924 5768 5143 5723 5143 5767 5143 5724 5144 5723 5144 5768 5144 5769 5371 5724 5371 5768 5371 5725 5370 5724 5370 5769 5370 5770 5650 5725 5650 5769 5650 5726 5650 5725 5650 5770 5650 5771 5868 5726 5868 5770 5868 5727 5869 5726 5869 5771 5869 5739 6161 5727 6161 5771 6161 5721 6172 5727 6172 5739 6172 5772 3013 5773 3013 5774 3013 5773 3037 5775 3037 5774 3037 5776 673 5774 673 5777 673 5776 1984 5772 1984 5774 1984 5778 4937 5772 4937 5776 4937 5778 4934 5773 4934 5772 4934 5775 9073 5773 9073 5779 9073 5773 9667 5778 9667 5779 9667 5774 4975 5775 4975 5777 4975 5775 4979 5779 4979 5777 4979 5780 4010 5781 4010 5782 4010 5780 4059 5783 4059 5781 4059 5783 4610 5784 4610 5781 4610 5783 4932 5785 4932 5784 4932 5786 4931 5785 4931 5783 4931 5786 5400 5787 5400 5785 5400 5786 5636 5788 5636 5787 5636 5789 6272 5790 6272 5787 6272 5788 6302 5789 6302 5787 6302 5791 6932 5792 6932 5790 6932 5789 6846 5791 6846 5790 6846 5793 7534 5794 7534 5792 7534 5791 7443 5793 7443 5792 7443 5794 8431 5793 8431 5795 8431 5793 8045 5796 8045 5795 8045 5797 4980 5798 4980 5799 4980 5800 4982 5797 4982 5799 4982 5801 5365 5797 5365 5800 5365 5802 5673 5801 5673 5800 5673 5803 6069 5801 6069 5802 6069 5804 6686 5803 6686 5802 6686 5805 6752 5803 6752 5804 6752 5795 7372 5805 7372 5804 7372 5796 7380 5805 7380 5795 7380 5798 3130 5796 3130 5806 3130 5796 3033 5780 3033 5806 3033 5807 3238 5798 3238 5806 3238 5797 3189 5796 3189 5798 3189 5796 2979 5786 2979 5780 2979 5786 3355 5783 3355 5780 3355 5801 3301 5803 3301 5797 3301 5805 2888 5796 2888 5797 2888 5803 3329 5805 3329 5797 3329 5796 3357 5793 3357 5786 3357 5793 1141 5791 1141 5786 1141 5791 3361 5789 3361 5786 3361 5789 3435 5788 3435 5786 3435 5807 3817 5806 3817 5808 3817 5799 4340 5807 4340 5808 4340 5798 4485 5807 4485 5799 4485 5806 2823 5782 2823 5808 2823 5806 1363 5780 1363 5782 1363 5808 3400 5809 3400 5810 3400 5811 3371 5808 3371 5810 3371 5812 657 5808 657 5811 657 5813 3137 5808 3137 5812 3137 5799 3475 5808 3475 5813 3475 5814 1239 5799 1239 5813 1239 5815 3139 5799 3139 5814 3139 5782 2803 5809 2803 5808 2803 5816 1620 5799 1620 5815 1620 5817 3561 5799 3561 5816 3561 5818 3063 5800 3063 5817 3063 5800 3127 5799 3127 5817 3127 5782 1023 5819 1023 5809 1023 5782 3577 5820 3577 5819 3577 5781 1155 5821 1155 5820 1155 5782 753 5781 753 5820 753 5781 2695 5822 2695 5821 2695 5781 702 5823 702 5822 702 5781 3545 5824 3545 5823 3545 5781 980 5784 980 5824 980 5784 726 5825 726 5824 726 5784 2965 5826 2965 5825 2965 5785 1970 5826 1970 5784 1970 5802 3378 5800 3378 5818 3378 5827 3195 5802 3195 5818 3195 5828 3523 5802 3523 5827 3523 5829 3511 5802 3511 5828 3511 5830 527 5802 527 5829 527 5830 632 5831 632 5802 632 5831 3399 5832 3399 5802 3399 5833 2254 5804 2254 5802 2254 5832 3354 5834 3354 5802 3354 5834 948 5833 948 5802 948 5833 3146 5835 3146 5804 3146 5835 2768 5836 2768 5804 2768 5836 901 5837 901 5804 901 5837 2843 5838 2843 5804 2843 5838 3072 5795 3072 5804 3072 5838 3582 5839 3582 5795 3582 5839 3540 5794 3540 5795 3540 5787 3448 5826 3448 5785 3448 5787 3571 5840 3571 5826 3571 5841 477 5794 477 5839 477 5787 661 5842 661 5840 661 5787 369 5843 369 5842 369 5787 3656 5844 3656 5843 3656 5790 831 5845 831 5787 831 5845 411 5844 411 5787 411 5846 3607 5845 3607 5790 3607 5847 466 5846 466 5790 466 5848 1190 5847 1190 5790 1190 5792 3444 5849 3444 5790 3444 5849 3500 5850 3500 5790 3500 5850 3364 5848 3364 5790 3364 5851 424 5849 424 5792 424 5841 1464 5852 1464 5792 1464 5852 689 5851 689 5792 689 5794 1390 5841 1390 5792 1390 5853 4103 5854 4103 5855 4103 5856 4074 5853 4074 5855 4074 5853 4783 5857 4783 5854 4783 5853 4827 5858 4827 5857 4827 5858 5375 5859 5375 5857 5375 5859 5732 5860 5732 5857 5732 5859 6057 5861 6057 5860 6057 5861 6494 5862 6494 5860 6494 5863 6484 5862 6484 5861 6484 5863 7172 5864 7172 5862 7172 5863 7182 5865 7182 5864 7182 5864 9385 5865 9385 5866 9385 5865 8375 5867 8375 5866 8375 5868 6532 5869 6532 5870 6532 5871 6533 5868 6533 5870 6533 5872 6881 5868 6881 5871 6881 5873 6880 5868 6880 5872 6880 5867 7343 5873 7343 5872 7343 5866 7560 5867 7560 5872 7560 5873 3109 5867 3109 5874 3109 5868 3397 5873 3397 5874 3397 5867 3046 5856 3046 5874 3046 5869 3042 5868 3042 5874 3042 5875 1124 5869 1124 5874 1124 5876 996 5869 996 5875 996 5877 1396 5869 1396 5876 1396 5867 3016 5865 3016 5856 3016 5865 3305 5863 3305 5856 3305 5863 3191 5861 3191 5856 3191 5861 3057 5853 3057 5856 3057 5861 3333 5858 3333 5853 3333 5861 3334 5859 3334 5858 3334 5875 3896 5874 3896 5878 3896 5879 3888 5875 3888 5878 3888 5880 4434 5875 4434 5879 4434 5876 4511 5875 4511 5880 4511 5881 5068 5876 5068 5880 5068 5877 5184 5876 5184 5881 5184 5870 6012 5877 6012 5881 6012 5869 6073 5877 6073 5870 6073 5874 2317 5855 2317 5878 2317 5874 1466 5856 1466 5855 1466 5879 717 5878 717 5882 717 5883 594 5879 594 5882 594 5878 495 5884 495 5882 495 5885 3519 5879 3519 5883 3519 5886 1290 5880 1290 5885 1290 5880 1758 5879 1758 5885 1758 5887 3388 5880 3388 5886 3388 5888 3002 5880 3002 5887 3002 5855 3020 5884 3020 5878 3020 5889 670 5880 670 5888 670 5890 3202 5881 3202 5889 3202 5881 2785 5880 2785 5889 2785 5891 3463 5881 3463 5890 3463 5892 447 5881 447 5891 447 5893 3430 5881 3430 5892 3430 5894 3521 5881 3521 5893 3521 5895 613 5881 613 5894 613 5895 1329 5870 1329 5881 1329 5896 3568 5870 3568 5895 3568 5855 3510 5897 3510 5884 3510 5855 3157 5854 3157 5897 3157 5854 3119 5898 3119 5897 3119 5854 1634 5899 1634 5898 1634 5900 2950 5871 2950 5896 2950 5871 3474 5870 3474 5896 3474 5854 2788 5901 2788 5899 2788 5854 1542 5902 1542 5901 1542 5854 2812 5857 2812 5902 2812 5857 1293 5903 1293 5902 1293 5857 3308 5904 3308 5903 3308 5857 3421 5905 3421 5904 3421 5857 754 5906 754 5905 754 5857 503 5907 503 5906 503 5857 3504 5908 3504 5907 3504 5860 3342 5908 3342 5857 3342 5860 452 5909 452 5908 452 5910 3615 5909 3615 5860 3615 5860 3028 5911 3028 5910 3028 5862 3105 5911 3105 5860 3105 5912 695 5872 695 5871 695 5900 554 5912 554 5871 554 5913 3495 5914 3495 5872 3495 5912 420 5913 420 5872 420 5914 3332 5915 3332 5872 3332 5915 3449 5916 3449 5872 3449 5916 3559 5917 3559 5872 3559 5917 3528 5866 3528 5872 3528 5917 840 5918 840 5866 840 5918 3011 5864 3011 5866 3011 5919 3283 5864 3283 5918 3283 5920 398 5911 398 5862 398 5921 431 5920 431 5862 431 5922 597 5921 597 5862 597 5923 1232 5922 1232 5862 1232 5864 3534 5923 3534 5862 3534 5924 219 5923 219 5864 219 5925 3667 5924 3667 5864 3667 5919 3055 5925 3055 5864 3055 5926 7885 5927 7885 5928 7885 5929 8167 5926 8167 5928 8167 5927 9820 5930 9820 5928 9820 5930 9805 5931 9805 5928 9805 5926 8166 5932 8166 5927 8166 5932 9343 5933 9343 5927 9343 5933 9122 5934 9122 5927 9122 5934 7948 5935 7948 5927 7948 5935 8594 5936 8594 5927 8594 5936 7874 5937 7874 5927 7874 5937 9425 5938 9425 5927 9425 5938 8107 5939 8107 5927 8107 5939 8009 5940 8009 5927 8009 5940 7766 5941 7766 5927 7766 5941 9851 5942 9851 5927 9851 5943 7937 5926 7937 5929 7937 5944 9776 5943 9776 5929 9776 5945 7814 5943 7814 5944 7814 5946 8155 5926 8155 5943 8155 5941 8217 5947 8217 5942 8217 5948 9786 5926 9786 5946 9786 5949 7880 5948 7880 5946 7880 5950 8263 5949 8263 5946 8263 5951 9744 5949 9744 5950 9744 5952 7848 5949 7848 5951 7848 5953 7817 5949 7817 5952 7817 5954 9868 5949 9868 5953 9868 5955 7705 5956 7705 5954 7705 5956 7903 5957 7903 5954 7903 5957 9845 5949 9845 5954 9845 5942 4978 5958 4978 5927 4978 5942 4977 5959 4977 5958 4977 5931 3865 5960 3865 5928 3865 5960 469 5961 469 5928 469 5962 3866 5960 3866 5931 3866 5930 4271 5963 4271 5931 4271 5963 4068 5962 4068 5931 4068 5964 4320 5963 4320 5930 4320 5927 4669 5964 4669 5930 4669 5958 4679 5964 4679 5927 4679 5965 2399 5929 2399 5928 2399 5961 3339 5965 3339 5928 3339 5965 322 5966 322 5929 322 5966 3886 5944 3886 5929 3886 5966 3974 5967 3974 5944 3974 5967 4274 5945 4274 5944 4274 5967 4374 5968 4374 5945 4374 5968 4658 5969 4658 5945 4658 5969 4643 5943 4643 5945 4643 5970 4936 5946 4936 5943 4936 5969 4935 5970 4935 5943 4935 5970 5035 5971 5035 5946 5035 5971 5296 5972 5296 5946 5296 5972 5228 5950 5228 5946 5228 5972 5453 5973 5453 5950 5453 5973 5455 5951 5455 5950 5455 5973 5758 5974 5758 5951 5758 5974 5760 5952 5760 5951 5760 5974 6043 5975 6043 5952 6043 5975 6044 5953 6044 5952 6044 5975 6271 5976 6271 5953 6271 5976 6270 5954 6270 5953 6270 5976 6487 5977 6487 5954 6487 5977 6493 5955 6493 5954 6493 5977 6693 5978 6693 5955 6693 5978 6694 5956 6694 5955 6694 5978 6885 5979 6885 5956 6885 5979 6883 5957 6883 5956 6883 5979 7120 5980 7120 5957 7120 5980 7121 5949 7121 5957 7121 5980 7316 5981 7316 5949 7316 5981 7312 5948 7312 5949 7312 5981 7568 5982 7568 5948 7568 5982 7599 5926 7599 5948 7599 5926 8554 5983 8554 5932 8554 5926 8433 5982 8433 5983 8433 5947 5101 5959 5101 5942 5101 5941 5344 5984 5344 5947 5344 5984 5102 5959 5102 5947 5102 5985 5339 5984 5339 5941 5339 5940 5613 5986 5613 5941 5613 5986 5602 5985 5602 5941 5602 5939 5844 5987 5844 5940 5844 5987 5838 5986 5838 5940 5838 5938 6173 5988 6173 5939 6173 5988 6106 5987 6106 5939 6106 5989 6365 5988 6365 5938 6365 5937 6573 5990 6573 5938 6573 5990 6599 5989 6599 5938 6599 5936 6898 5991 6898 5937 6898 5991 6873 5990 6873 5937 6873 5935 7149 5992 7149 5936 7149 5992 7130 5991 7130 5936 7130 5934 7354 5993 7354 5935 7354 5993 7350 5992 7350 5935 7350 5933 7593 5994 7593 5934 7593 5994 7598 5993 7598 5934 7598 5932 7726 5983 7726 5933 7726 5983 9709 5994 9709 5933 9709 5995 8136 5996 8136 5997 8136 5998 8157 5995 8157 5997 8157 5995 8556 5999 8556 5996 8556 5995 8796 6000 8796 5999 8796 5996 6530 6001 6530 5997 6530 5996 6529 5999 6529 6001 6529 6002 2395 5998 2395 5997 2395 6001 1527 6002 1527 5997 1527 6000 6489 5995 6489 5998 6489 6002 6486 6000 6486 5998 6486 6003 50 6004 50 6005 50 6004 48 6006 48 6005 48 6007 5734 6008 5734 6009 5734 6010 5734 6008 5734 6007 5734 6010 5734 6011 5734 6008 5734 6012 5734 6011 5734 6010 5734 6013 5734 6014 5734 6012 5734 6014 5734 6011 5734 6012 5734 6015 5734 6013 5734 6016 5734 6014 5734 6013 5734 6015 5734 6017 49 6018 49 6019 49 6018 47 6020 47 6019 47 6021 5114 6022 5114 6023 5114 6022 5111 6024 5111 6023 5111 6025 5113 6026 5113 6027 5113 6026 5112 6028 5112 6027 5112</p>
        </triangles>
      </mesh>
    </geometry>
  </library_geometries>
  <library_visual_scenes>
    <visual_scene id="Scene" name="Scene">
      <node id="Object" name="Object" type="NODE">
        <instance_geometry url="#geometry">
          <bind_material>
            <technique_common>
              <instance_material symbol="MATERIAL" target="#mat" />
            </technique_common>
          </bind_material>
        </instance_geometry>
      </node>
    </visual_scene>
  </library_visual_scenes>
  <scene>
    <instance_visual_scene url="#Scene" />
  </scene>
</COLLADA>