<?xml version='1.0' encoding='utf-8'?>
<COLLADA xmlns="http://www.collada.org/2005/11/COLLADASchema" version="1.4.1">
  <asset>
    <contributor>
      <authoring_tool>RM27 reviewed Blender visual export</authoring_tool>
    </contributor>
    <created>2026-10-07T00:00:00Z</created>
    <modified>2026-10-07T00:00:00Z</modified>
    <unit name="meter" meter="1" />
    <up_axis>Z_UP</up_axis>
  </asset>
  <library_effects>
    <effect id="fx">
      <profile_COMMON>
        <technique sid="common">
          <phong>
            <emission>
              <color>0 0 0 1</color>
            </emission>
            <ambient>
              <color>0.749019608 0.184313725 0.643137255 1</color>
            </ambient>
            <diffuse>
              <color>0.749019608 0.184313725 0.643137255 1</color>
            </diffuse>
            <specular>
              <color>0.08 0.08 0.08 1</color>
            </specular>
            <shininess>
              <float>12</float>
            </shininess>
          </phong>
        </technique>
      </profile_COMMON>
    </effect>
  </library_effects>
  <library_materials>
    <material id="mat" name="source_color">
      <instance_effect url="#fx" />
    </material>
  </library_materials>
  <library_geometries>
    <geometry id="geometry" name="geometry">
      <mesh>
        <source id="positions">
          <float_array id="positions-array" count="2652">-3.05507779121 -2.22388386726 -1.18216085434 -3.05183386803 -2.21830654144 -1.18217039108 -3.05868244171 -2.22540593147 -1.18217909336 -3.05272603035 -2.22115516663 -1.18216025829 -3.0667757988 -2.22621154785 -1.05427193642 -3.06810307503 -2.22629284859 -1.05809855461 -3.06553173065 -2.22651863098 -1.05810260773 -3.06295514107 -2.22629332542 -1.05810010433 -3.06702542305 -2.22541427612 -1.06275486946 -3.06191539764 -2.22530412674 -1.06187868118 -3.07166647911 -2.2249083519 -1.05427396297 -3.07059979439 -2.22562384605 -1.05809688568 -3.06303286552 -2.22575497627 -1.05307114124 -3.06045794487 -2.22562551498 -1.05809819698 -3.06670546532 -2.22549819946 -1.0518168211 -3.07134962082 -2.22426366806 -1.05181384087 -3.05934882164 -2.22489023209 -1.05427253246 -3.0644338131 -2.22470712662 -1.06421780586 -3.07294034958 -2.22453212738 -1.05809724331 -3.05811810493 -2.22453474998 -1.05810010433 -3.07150650024 -2.22444272041 -1.0618776083 -3.06004858017 -2.2235481739 -1.06421816349 -3.06548810005 -2.22377943993 -1.04852354527 -3.06859540939 -2.22341632843 -1.04850506783 -3.05747461319 -2.22324681282 -1.06187725067 -3.05963897705 -2.22423434258 -1.0518155098 -3.06232881546 -2.22338151932 -1.04850518703 -3.0710849762 -2.22351145744 -1.06421673298 -3.06552958488 -2.22269654274 -1.06733429432 -3.06361937523 -2.22252988815 -1.06733441353 -3.07153534889 -2.22217917442 -1.04852294922 -3.06743979454 -2.22252893448 -1.06733417511 -3.06176590919 -2.22203350067 -1.06733465195 -3.0758163929 -2.22201013565 -1.05427265167 -3.07505869865 -2.22304773331 -1.05810248852 -3.05600070953 -2.22305250168 -1.05810129642 -3.07529807091 -2.22151494026 -1.05181527138 -3.0552072525 -2.22198009491 -1.05427205563 -3.06929206848 -2.22203159332 -1.06733512878 -3.06002855301 -2.22122359276 -1.06733560562 -3.07550477982 -2.22163009644 -1.06187748909 -3.05632662773 -2.22096204758 -1.06421744823 -3.07404613495 -2.22030878067 -1.0485033989 -3.05945158005 -2.22214245796 -1.04852485657 -3.05570697784 -2.22146606445 -1.05181562901 -3.07688522339 -2.22122049332 -1.05810236931 -3.05417299271 -2.22122597694 -1.05809819698 -3.07390499115 -2.22167897224 -1.06417298317 -3.07103013992 -2.22122097015 -1.06733548641 -3.05845713615 -2.22012376785 -1.06733596325 -3.06706547737 -2.22098255157 -1.04566347599 -3.05354046822 -2.21969032288 -1.06093370914 -3.06248164177 -2.21970701218 -1.04497146606 -3.05649328232 -2.22065877914 -1.04952466488 -3.07150387764 -2.21896910667 -1.0456635952 -3.07259988785 -2.22012042999 -1.06733632088 -3.07624959946 -2.21914720535 -1.06421756744 -3.05710053444 -2.21876788139 -1.06733524799 -3.05805683136 -2.21904015541 -1.04659307003 -3.07831406593 -2.21908164024 -1.05556321144 -3.05273628235 -2.21907544136 -1.05556082726 -3.0784444809 -2.21807861328 -1.06093263626 -3.06790089607 -2.21859431267 -1.04415786266 -3.07806682587 -2.21758055687 -1.05181539059 -3.05371308327 -2.21725535393 -1.06421875954 -3.07395577431 -2.21876382828 -1.06733679771 -3.07703781128 -2.21712017059 -1.04952335358 -3.05295681953 -2.21751761436 -1.05181479454 -3.05599999428 -2.21719789505 -1.06733465195 -3.07498431206 -2.21619963646 -1.04659283161 -3.05451583862 -2.21675634384 -1.04850828648 -3.07505559921 -2.2171933651 -1.06733572483 -3.07959532738 -2.21548438072 -1.05427289009 -3.07945775986 -2.21676254272 -1.05809783936 -3.0519528389 -2.21664643288 -1.06060540676 -3.05134558678 -2.21582913399 -1.05523252487 -3.06409883499 -2.21652555466 -1.04316318035 -3.0721180439 -2.21489810944 -1.04422283173 -3.0603787899 -2.2157728672 -1.04381644726 -3.06867527962 -2.2156393528 -1.04319214821 -3.07815241814 -2.21503090858 -1.06421661377 -3.05518960953 -2.21546006203 -1.0673353672 -3.0566470623 -2.21482253075 -1.04566299915 -3.07586526871 -2.21545505524 -1.06733620167 -3.08012533188 -2.21426677704 -1.05809879303 -3.05092811584 -2.21427083015 -1.05809807777 -3.05114793777 -2.21262788773 -1.06093168259 -3.07932424545 -2.21293640137 -1.05181407928 -3.06560397148 -2.21352005005 -1.04235458374 -3.07955765724 -2.21289420128 -1.06187450886 -3.05252408981 -2.21288442612 -1.06422042847 -3.07820081711 -2.21285200119 -1.04952466488 -3.05172324181 -2.2128663063 -1.05181479454 -3.05469298363 -2.21360778809 -1.0673353672 -3.07595801353 -2.21269273758 -1.04659545422 -3.05362033844 -2.213752985 -1.04852175713 -3.07636189461 -2.21360254288 -1.06733429432 -3.07053256035 -2.2122490406 -1.04320931435 -3.05934739113 -2.21209549904 -1.04359710217 -3.08033704758 -2.21071863174 -1.05587267876 -3.05075883865 -2.21169090271 -1.05556666851 -3.08000063896 -2.21012163162 -1.06031405926 -3.07853198051 -2.21051335335 -1.06421685219 -3.05452561378 -2.21169757843 -1.06733596325 -3.05346345901 -2.21057081223 -1.0485035181 -3.07652854919 -2.21169233322 -1.06733429432 -3.06853580475 -2.20937895775 -1.04273152351 -3.06337141991 -2.21032643318 -1.04250824451 -3.07387423515 -2.21004652977 -1.04494249821 -3.05627202988 -2.20996546745 -1.04566335678 -3.07636094093 -2.20978116989 -1.06733429432 -3.05469202995 -2.2097864151 -1.06733524799 -3.05212235451 -2.20840907097 -1.06275451183 -3.05092716217 -2.20912265778 -1.05809760094 -3.0795917511 -2.20922851562 -1.05307066441 -3.05145859718 -2.20790481567 -1.05427312851 -3.07724809647 -2.20862603188 -1.04850494862 -3.05215501785 -2.20807504654 -1.05181407928 -3.05868005753 -2.20909285545 -1.04425787926 -3.0614168644 -2.2068426609 -1.04369843006 -3.07159733772 -2.20759034157 -1.04422259331 -3.05458235741 -2.20694947243 -1.04826545715 -3.06521606445 -2.20666718483 -1.04316306114 -3.07734322548 -2.20613598824 -1.06421720982 -3.07586336136 -2.20792913437 -1.06733620167 -3.05518770218 -2.20793390274 -1.06733524799 -3.07871985435 -2.2059006691 -1.06093275547 -3.05367350578 -2.20621466637 -1.06421601772 -3.0780954361 -2.20587110519 -1.05181384087 -3.05837965012 -2.20556783676 -1.04566252232 -3.07940506935 -2.20664763451 -1.05556237698 -3.05159521103 -2.20662903786 -1.05810213089 -3.07279896736 -2.20571541786 -1.04566335678 -3.07552981377 -2.20517611504 -1.04828083515 -3.07505297661 -2.2061920166 -1.06733596325 -3.05599737167 -2.20619654655 -1.06733500957 -3.06870770454 -2.20357680321 -1.04508495331 -3.06500864029 -2.20438551903 -1.04422259331 -3.05316567421 -2.20454406738 -1.05307269096 -3.05512905121 -2.20435619354 -1.04952466488 -3.05763244629 -2.20371055603 -1.04746854305 -3.0539753437 -2.20364284515 -1.06187713146 -3.0774743557 -2.20335650444 -1.05427122116 -3.05268764496 -2.20428609848 -1.05810034275 -3.07836318016 -2.20428013802 -1.05810058117 -3.06117963791 -2.20216321945 -1.04659307003 -3.07472968102 -2.20242977142 -1.06421756744 -3.07395243645 -2.20462083817 -1.06733608246 -3.05709719658 -2.20462489128 -1.06733465195 -3.07455849648 -2.20272827148 -1.04952526093 -3.05575633049 -2.20187449455 -1.05181407928 -3.0754609108 -2.20171499252 -1.06187736988 -3.05626130104 -2.2024936676 -1.06421840191 -3.06430244446 -2.20150518417 -1.04639744759 -3.07534599304 -2.20192265511 -1.05181384087 -3.05523777008 -2.20137834549 -1.05427372456 -3.07624769211 -2.20142769814 -1.05842769146 -3.07122540474 -2.20200586319 -1.04740095139 -3.05826544762 -2.20124292374 -1.04952454567 -3.05416941643 -2.20216798782 -1.05809676647 -3.07259607315 -2.20326519012 -1.06733489037 -3.05845308304 -2.20326852798 -1.06733465195 -3.07101106644 -2.199842453 -1.06421482563 -3.07102560997 -2.20216536522 -1.06733453274 -3.06002378464 -2.20216798782 -1.06733441353 -3.05742239952 -2.20018005371 -1.06187927723 -3.06665062904 -2.19963121414 -1.04850399494 -3.07502245903 -2.20038485527 -1.05556190014 -3.05599689484 -2.20033979416 -1.05809557438 -3.07094740868 -2.20018005371 -1.04952549934 -3.0622792244 -2.1993894577 -1.04952549934 -3.05839657784 -2.19932198524 -1.05307292938 -3.07144546509 -2.19891858101 -1.06187856197 -3.05901002884 -2.2004070282 -1.06417298317 -3.06928706169 -2.20135569572 -1.06733560562 -3.06176114082 -2.20135760307 -1.06733524799 -3.07141065598 -2.19915294647 -1.0518155098 -3.0729367733 -2.19885587692 -1.05809676647 -3.06656289101 -2.19870471954 -1.06427717209 -3.06743454933 -2.2008600235 -1.0673353672 -3.06201076508 -2.19908571243 -1.06414043903 -3.06361150742 -2.20086121559 -1.06732618809 -3.06197357178 -2.19830441475 -1.05181622505 -3.07170438766 -2.19849967957 -1.05427145958 -3.05811214447 -2.19885873795 -1.05810070038 -3.06552100182 -2.20069360733 -1.06735348701 -3.06139779091 -2.19751191139 -1.05523014069 -3.07059240341 -2.19776344299 -1.05810260773 -3.06057500839 -2.19812035561 -1.0606033802 -3.0680270195 -2.19746422768 -1.06060492992 -3.0667681694 -2.1978969574 -1.05181622505 -3.06426715851 -2.19767022133 -1.061876297 -3.06682133675 -2.19718241692 -1.05427062511 -3.06650853157 -2.19684123993 -1.05777966976 -3.06294870377 -2.19709658623 -1.05810117722 -3.06743621826 -2.22252821922 -1.17942070961 -3.06563210487 -2.22269678116 -1.18006742001 -3.06361627579 -2.2225279808 -1.17942023277 -3.06927633286 -2.2220389843 -1.18016624451 -3.06186270714 -2.22206878662 -1.18006718159 -3.07111859322 -2.22116994858 -1.18006801605 -3.06002616882 -2.22122073174 -1.17941820621 -3.07259654999 -2.22012138367 -1.17941963673 -3.05853557587 -2.2201898098 -1.18006753922 -3.07402181625 -2.21868538857 -1.18006670475 -3.05708837509 -2.21875596046 -1.18016624451 -3.07505273819 -2.21719574928 -1.17942070961 -3.05599951744 -2.21719455719 -1.17942631245 -3.0758600235 -2.21547985077 -1.18036484718 -3.05522489548 -2.21555685997 -1.18006801605 -3.076379776 -2.21350169182 -1.18006801605 -3.05469369888 -2.21360421181 -1.17941689491 -3.0765273571 -2.21169567108 -1.17941892147 -3.05452537537 -2.21180057526 -1.18006777763 -3.07634329796 -2.20968079567 -1.18006777763 -3.0546939373 -2.20978331566 -1.17941606045 -3.07586336136 -2.20793271065 -1.17941844463 -3.05519008636 -2.20793128014 -1.17942416668 -3.07500171661 -2.20610308647 -1.18006765842 -3.05600452423 -2.20618081093 -1.1801674366 -3.07395339012 -2.20462441444 -1.17941939831 -3.05710053444 -2.20462322235 -1.1794192791 -3.07261013985 -2.20327496529 -1.18016624451 -3.05837440491 -2.20333433151 -1.18006813526 -3.07093715668 -2.20211434364 -1.1800686121 -3.06004357338 -2.20215249062 -1.1803650856 -3.0692896843 -2.20135831833 -1.17941534519 -3.0617647171 -2.20135760307 -1.17941772938 -3.06733345985 -2.20084214211 -1.18006825447 -3.06351280212 -2.20087862015 -1.18006789684 -3.06552767754 -2.20069479942 -1.17941868305 -3.07564687729 -2.20320391655 -1.18210017681 -3.07832837105 -2.20223665237 -1.18216025829 -3.07922148705 -2.20507645607 -1.18217396736 -3.07597327232 -2.19950437546 -1.18216085434 -3.07236909866 -2.19798326492 -1.18217909336 -3.0880689621 -2.19781303406 -1.19736802578 -3.08091688156 -2.2049639225 -1.1849809885 -3.08812499046 -2.19576382637 -1.19771206379 -3.08705687523 -2.1934671402 -1.19738054276 -3.08579087257 -2.19180822372 -1.197275877 -3.08432483673 -2.19053983688 -1.19734251499 -3.08277916908 -2.18961429596 -1.19753193855 -3.08082985878 -2.18895840645 -1.19778847694 -3.07225704193 -2.19630408287 -1.1849809885 -3.07940888405 -2.18915247917 -1.19736766815 -3.07923793793 -2.21853876114 -1.18217909336 -3.08102607727 -2.21721291542 -1.18516838551 -3.08091688156 -2.21842503548 -1.1849809885 -3.08102703094 -2.2066950798 -1.18517005444 -3.08099198341 -2.20572209358 -1.18510997295 -3.07213664055 -2.22538781166 -1.18217027187 -3.0810174942 -2.23438024521 -1.19772469997 -3.07940888405 -2.23423695564 -1.19736802578 -3.07225704193 -2.22708511353 -1.1849809885 -3.07498240471 -2.22449755669 -1.18216025829 -3.08257102966 -2.23385119438 -1.19748663902 -3.0848608017 -2.23253774643 -1.19732689857 -3.07771658897 -2.22214269638 -1.18216085434 -3.08681869507 -2.23031449318 -1.19737386703 -3.08763551712 -2.22885489464 -1.19748449326 -3.08823370934 -2.22711896896 -1.19778072834 -3.08808302879 -2.22557759285 -1.19736027718 -3.06198334694 -2.2242603302 -1.18197083473 -3.06949448586 -2.22402048111 -1.18194878101 -3.05559968948 -2.21998715401 -1.18195939064 -3.07601380348 -2.21941542625 -1.18195998669 -3.05296635628 -2.21457791328 -1.18195617199 -3.0785009861 -2.21063756943 -1.18194210529 -3.05420088768 -2.20895576477 -1.18110787868 -3.05360078812 -2.2067489624 -1.18196713924 -3.05181503296 -2.2048535347 -1.18217909336 -3.05808877945 -2.20085787773 -1.18198800087 -3.05891704559 -2.19800186157 -1.18217027187 -3.06999158859 -2.19953322411 -1.18196976185 -3.06439828873 -2.19891309738 -1.18194580078 -3.05333518982 -2.20124936104 -1.18216085434 -3.05606722832 -2.19889330864 -1.18216025829 -3.04298400879 -2.19781303406 -1.19736802578 -3.04278945923 -2.19640016556 -1.19779098034 -3.05013608932 -2.2049639225 -1.1849809885 -3.0433151722 -2.19478774071 -1.19754076004 -3.04423117638 -2.1930809021 -1.1973720789 -3.04572987556 -2.19133448601 -1.19724881649 -3.047945261 -2.18975734711 -1.19752633572 -3.05001521111 -2.18901443481 -1.19772338867 -3.05164504051 -2.18915271759 -1.19736790657 -3.05879592896 -2.19630408287 -1.1849809885 -3.08052706718 -2.22669506073 -1.21921801567 -3.07898831367 -2.22979664803 -1.22125852108 -3.08076953888 -2.23009777069 -1.22125995159 -3.08220124245 -2.22969722748 -1.22125971317 -3.08346414566 -2.22847127914 -1.22125935555 -3.0773537159 -2.22808146477 -1.22125852108 -3.08395862579 -2.2267665863 -1.22125935555 -3.07713341713 -2.22634077072 -1.22125995159 -3.0834107399 -2.22477912903 -1.22125852108 -3.08150458336 -2.22337317467 -1.22125852108 -3.07942438126 -2.22344398499 -1.22125935555 -3.07774019241 -2.22463941574 -1.22125852108 -3.08207273483 -2.22979426384 -1.24166095257 -3.07971453667 -2.23006057739 -1.24166095257 -3.07774066925 -2.22875070572 -1.24166095257 -3.08353877068 -2.22834181786 -1.24166095257 -3.08396720886 -2.22630476952 -1.24166095257 -3.07707071304 -2.22648024559 -1.24166095257 -3.08291196823 -2.22418498993 -1.24166095257 -3.07784819603 -2.22454714775 -1.24166095257 -3.07954788208 -2.2233736515 -1.24166095257 -3.08135509491 -2.22338485718 -1.24166095257 -3.05052709579 -2.22669506073 -1.21921801567 -3.04898881912 -2.22979688644 -1.22125852108 -3.05076956749 -2.23009777069 -1.22125995159 -3.05220127106 -2.22969722748 -1.22125971317 -3.05346369743 -2.2284719944 -1.22125935555 -3.04751873016 -2.22834897041 -1.22125935555 -3.0539586544 -2.2267665863 -1.22125935555 -3.04709458351 -2.22661995888 -1.22125935555 -3.05341029167 -2.22477841377 -1.22125852108 -3.05150437355 -2.22337317467 -1.22125852108 -3.04942512512 -2.22344350815 -1.22125935555 -3.04774022102 -2.22463917732 -1.22125852108 -3.05000853539 -2.23015666008 -1.24166095257 -3.0523109436 -2.22962927818 -1.24166095257 -3.04774069786 -2.22875118256 -1.24166095257 -3.05353808403 -2.22834277153 -1.24166095257 -3.05396747589 -2.22630596161 -1.24166095257 -3.04713344574 -2.22704958916 -1.24166095257 -3.04727482796 -2.22559523582 -1.24166095257 -3.05291247368 -2.22418522835 -1.24166095257 -3.04807639122 -2.22432041168 -1.24166095257 -3.04954814911 -2.22337341309 -1.24166095257 -3.05135512352 -2.22338485718 -1.24166095257 -3.08052706718 -2.19669508934 -1.21921801567 -3.07928442955 -2.19989466667 -1.22125935555 -3.08077001572 -2.2000977993 -1.22125995159 -3.08220219612 -2.19969654083 -1.22125983238 -3.07784938812 -2.19884324074 -1.22125935555 -3.08346414566 -2.19847130775 -1.22125935555 -3.07707095146 -2.19691157341 -1.22125852108 -3.08395862579 -2.19676661491 -1.22125935555 -3.08364152908 -2.19530272484 -1.22125995159 -3.08258080482 -2.19390702248 -1.22125852108 -3.08087968826 -2.19330120087 -1.22125995159 -3.07942414284 -2.1934440136 -1.22125935555 -3.07774019241 -2.19463920593 -1.22125852108 -3.08207321167 -2.19979405403 -1.24166095257 -3.0797150135 -2.200060606 -1.24166095257 -3.07774066925 -2.19875073433 -1.24166095257 -3.0838470459 -2.19780468941 -1.24166095257 -3.07707071304 -2.1964802742 -1.24166095257 -3.08362770081 -2.19515419006 -1.24166095257 -3.07820534706 -2.1940741539 -1.24166095257 -3.0821788311 -2.19368553162 -1.24166095257 -3.0804502964 -2.19326281548 -1.24166095257 -3.05220222473 -2.19969654083 -1.22125983238 -3.05052709579 -2.19669508934 -1.21921801567 -3.0501408577 -2.20013570786 -1.22125852108 -3.04852700233 -2.19945859909 -1.22125995159 -3.05346369743 -2.19847202301 -1.22125935555 -3.04751873016 -2.19834899902 -1.22125935555 -3.0539586544 -2.19676661491 -1.22125935555 -3.04709458351 -2.19661998749 -1.22125935555 -3.05364084244 -2.19530153275 -1.22125995159 -3.05258083344 -2.19390702248 -1.22125852108 -3.05087971687 -2.19330120087 -1.22125995159 -3.0494248867 -2.19344377518 -1.22125935555 -3.04774045944 -2.19463896751 -1.22125852108 -3.05231165886 -2.19962882996 -1.24166095257 -3.05000948906 -2.20015692711 -1.24166095257 -3.04774069786 -2.19875121117 -1.24166095257 -3.05353808403 -2.19834280014 -1.24166095257 -3.05396747589 -2.19630599022 -1.24166095257 -3.04713344574 -2.19704961777 -1.24166095257 -3.04727482796 -2.19559526443 -1.24166095257 -3.05270504951 -2.19395422935 -1.24166095257 -3.04846858978 -2.19391012192 -1.24166095257 -3.05044937134 -2.19326281548 -1.24166095257 -3.04288101196 -2.19605588913 -1.24166095257 -3.04252791405 -2.19804334641 -1.24166095257 -3.04252958298 -2.19806337357 -1.19860541821 -3.04383563995 -2.1936814785 -1.24166095257 -3.04545593262 -2.19162392616 -1.24166095257 -3.04748439789 -2.19001603127 -1.24166095257 -3.04988789558 -2.18904900551 -1.24166095257 -3.05188393593 -2.18869709969 -1.24166095257 -3.05186653137 -2.18869662285 -1.19857954979 -3.07916307449 -2.23469257355 -1.24166095257 -3.05188155174 -2.23469376564 -1.24166095257 -3.08116602898 -2.23433995247 -1.24166095257 -3.04988789558 -2.23433995247 -1.24166095257 -3.08356928825 -2.23337316513 -1.24166095257 -3.04751992226 -2.23338937759 -1.24166083336 -3.08559799194 -2.23176598549 -1.24166095257 -3.04545593262 -2.23176598549 -1.24166095257 -3.08722186089 -2.22970151901 -1.24166083336 -3.043851614 -2.22974300385 -1.24166095257 -3.08817195892 -2.22733306885 -1.24166095257 -3.04288101196 -2.22733306885 -1.24166095257 -3.08852601051 -2.22534060478 -1.24166095257 -3.04252934456 -2.22533845901 -1.24166095257 -3.08852458 -2.19805884361 -1.24166095257 -3.08817195892 -2.19605588913 -1.24166095257 -3.08353495598 -2.19000005722 -1.24166095257 -3.08116602898 -2.18904900551 -1.24166095257 -3.0791785717 -2.18869590759 -1.24166095257 -3.08720541 -2.19365310669 -1.24166095257 -3.08559799194 -2.19162392616 -1.24166095257 -3.08852505684 -2.19803118706 -1.19856452942 -3.07917118073 -2.18869757652 -1.19859421253 -3.05228281021 -2.18908238411 -1.19745635986 -3.07876825333 -2.18906497955 -1.19744765759 -3.04290127754 -2.19845366478 -1.19744980335 -3.04291677475 -2.22493910789 -1.19745755196 -3.04284596443 -2.22720265388 -1.19772386551 -3.0425286293 -2.22536087036 -1.19857978821 -3.05023384094 -2.23443198204 -1.19779014587 -3.05189299583 -2.23469233513 -1.19860732555 -3.04862332344 -2.23390841484 -1.19754195213 -3.04691410065 -2.23299121857 -1.19737160206 -3.04516816139 -2.23149323463 -1.19724822044 -3.04359078407 -2.22927904129 -1.1975274086 -3.07919096947 -2.23469305038 -1.19856452942 -3.05228447914 -2.23432064056 -1.19744980335 -3.07877206802 -2.23430800438 -1.19745612144 -3.08556580544 -2.23183512688 -1.19799005985 -3.08852338791 -2.22533249855 -1.19842326641 -3.08814001083 -2.1984539032 -1.19745612144 -3.08815264702 -2.22493362427 -1.19744980335 -3.06052708626 -2.19619488716 -1.18517005444 -3.07104849815 -2.19619584084 -1.18516838551 -3.05955410004 -2.19622898102 -1.18510997295 -3.05006194115 -2.21766805649 -1.18510997295 -3.05013608932 -2.21842503548 -1.1849809885 -3.05002689362 -2.21669507027 -1.18517005444 -3.05002784729 -2.20617413521 -1.18516838551 -3.06000876427 -2.22719407082 -1.18516850471 -3.07052707672 -2.22719502449 -1.18517005444 -3.07150006294 -2.22715997696 -1.18510997295 -3.05879592896 -2.22708511353 -1.1849809885 -3.05164504051 -2.23423743248 -1.19736778736 -3.04298400879 -2.22557711601 -1.19736802578 3.05438280106 5.51248884201 -1.18216085434 3.05220293999 5.50961303711 -1.18216025829 3.05149245262 5.50671672821 -1.18217027187 3.05788493156 5.51423215866 -1.18217909336 3.06905841827 5.4865694046 -1.05809783936 3.06777119637 5.48657464981 -1.05427312851 3.06650495529 5.4861831665 -1.0580984354 3.06393623352 5.48630189896 -1.0555588007 3.06027889252 5.48740386963 -1.0542730093 3.06138849258 5.48675680161 -1.05809664726 3.06304550171 5.48679208755 -1.06093430519 3.06726002693 5.48731851578 -1.0628734827 3.06287121773 5.48739051819 -1.05181598663 3.06643891335 5.48762750626 -1.05070602894 3.0714931488 5.48744916916 -1.05555903912 3.07134842873 5.48773384094 -1.06060838699 3.05898165703 5.48770046234 -1.05809772015 3.07003045082 5.4878616333 -1.05181396008 3.06284976006 5.48817586899 -1.06414210796 3.05838727951 5.48913526535 -1.05181407928 3.06310510635 5.48849391937 -1.04952454567 3.06970095634 5.48858833313 -1.06421637535 3.07377743721 5.48863077164 -1.05810010433 3.05948662758 5.48875904083 -1.06301438808 3.06950569153 5.4895157814 -1.04850673676 3.07394981384 5.49001073837 -1.0627566576 3.07467770576 5.48960161209 -1.05427646637 3.05931854248 5.49059867859 -1.04850745201 3.05681633949 5.48908758163 -1.05556070805 3.05629277229 5.48995542526 -1.06093239784 3.06434345245 5.49004507065 -1.06732475758 3.06626009941 5.48999786377 -1.06735372543 3.06815958023 5.49028491974 -1.06733584404 3.06536483765 5.48975086212 -1.04746973515 3.06997704506 5.49089574814 -1.06733429432 3.07424592972 5.49017715454 -1.05181205273 3.06224155426 5.49127292633 -1.04639673233 3.06246614456 5.49042463303 -1.06733477116 3.07579517365 5.49024057388 -1.0580997467 3.07166051865 5.49181318283 -1.06733465195 3.05524373055 5.49111938477 -1.05306947231 3.05483746529 5.49075651169 -1.05810236931 3.05690741539 5.4912109375 -1.06421792507 3.06068086624 5.49112510681 -1.0673366785 3.07318520546 5.49154853821 -1.04850637913 3.06626558304 5.49158859253 -1.04566347599 3.05565977097 5.49299907684 -1.0495249033 3.07315993309 5.4930100441 -1.06733500957 3.07534074783 5.49231052399 -1.06421756744 3.07801198959 5.49300861359 -1.0552303791 3.07719516754 5.49239492416 -1.0606123209 3.05904388428 5.49212360382 -1.06733512878 3.07041740417 5.49390697479 -1.04497122765 3.05790376663 5.4938750267 -1.04653072357 3.05279111862 5.49398517609 -1.05427277088 3.05235767365 5.49412870407 -1.05778193474 3.05353450775 5.49298906326 -1.06060624123 3.05342650414 5.49431800842 -1.05181503296 3.07741546631 5.49378967285 -1.0518143177 3.07442760468 5.49444913864 -1.0673366785 3.05760622025 5.49339199066 -1.06733500957 3.06241035461 5.49437141418 -1.04425787926 3.0661175251 5.49481725693 -1.04360508919 3.0753235817 5.49383831024 -1.04852342606 3.05408811569 5.494764328 -1.06421768665 3.07885313034 5.49438858032 -1.05809283257 3.07831287384 5.49566698074 -1.06275260448 3.05640935898 5.49489021301 -1.0673340559 3.05221962929 5.49651384354 -1.06187736988 3.07542729378 5.49608516693 -1.06733572483 3.05439400673 5.49679327011 -1.04827821255 3.05841732025 5.49692440033 -1.04473054409 3.0774409771 5.49638319016 -1.0495249033 3.06200551987 5.49740886688 -1.04319214821 3.07296657562 5.4970202446 -1.04485785961 3.07556128502 5.4978890419 -1.04653096199 3.07979488373 5.4967918396 -1.05809688568 3.0792760849 5.49696111679 -1.0530693531 3.05549168587 5.49657487869 -1.06733477116 3.06993985176 5.49846506119 -1.04316318035 3.05092358589 5.49908542633 -1.0552303791 3.05116558075 5.4974937439 -1.05809879303 3.05188083649 5.49887466431 -1.05181646347 3.07612776756 5.49787092209 -1.06733500957 3.07836699486 5.49835824966 -1.0642169714 3.05299758911 5.49903011322 -1.04952514172 3.05265498161 5.4990696907 -1.06421720982 3.06538891792 5.49835968018 -1.04254555702 3.05488085747 5.49839258194 -1.06733548641 3.05618476868 5.50028800964 -1.04566323757 3.08030509949 5.49932384491 -1.05810070038 3.07964968681 5.50060129166 -1.06187796593 3.08013987541 5.50064468384 -1.05427241325 3.079423666 5.50067186356 -1.05181515217 3.07650613785 5.49975013733 -1.06733596325 3.06920146942 5.50172662735 -1.04270660877 3.07758760452 5.49966907501 -1.04852437973 3.0511534214 5.50008106232 -1.06060707569 3.06153464317 5.50117063522 -1.0428249836 3.05434679985 5.50118875504 -1.04746973515 3.05459427834 5.50028848648 -1.06733560562 3.0585372448 5.50291395187 -1.04415845871 3.06524372101 5.50260734558 -1.04237008095 3.07280111313 5.50219154358 -1.04422283173 3.08036899567 5.50190734863 -1.05809926987 3.07849097252 5.50288772583 -1.06421875954 3.07655358315 5.50166749954 -1.06733489037 3.07814836502 5.50293445587 -1.04952430725 3.07592129707 5.5026307106 -1.04659533501 3.05128645897 5.50383615494 -1.05427277088 3.05084300041 5.50263214111 -1.05810189247 3.05198717117 5.503677845 -1.05181407928 3.05177640915 5.50379133224 -1.061876297 3.05308914185 5.50344705582 -1.04952478409 3.05278205872 5.50360012054 -1.06421720982 3.05464076996 5.50220584869 -1.06733500957 3.07626724243 5.50356340408 -1.06733560562 3.07944846153 5.50435256958 -1.05306887627 3.07946777344 5.50532913208 -1.060313344 3.07953667641 5.50601243973 -1.05587255955 3.05578732491 5.5047121048 -1.04659152031 3.05502033234 5.50408506393 -1.06733524799 3.06345272064 5.50549697876 -1.04311752319 3.05135297775 5.50516366959 -1.05809795856 3.07336378098 5.50626564026 -1.04566371441 3.06958699226 5.50579214096 -1.0436321497 3.07619595528 5.50640201569 -1.04826259613 3.07565546036 5.50538110733 -1.06733548641 3.07771849632 5.50764131546 -1.05181515217 3.07706022263 5.50718832016 -1.06421935558 3.05389904976 5.50677108765 -1.06417298317 3.05572009087 5.50587081909 -1.06733453274 3.0779504776 5.50769281387 -1.06187689304 3.05468463898 5.50756549835 -1.04952526093 3.06114983559 5.50810003281 -1.04485714436 3.05356812477 5.50833702087 -1.06187570095 3.05277609825 5.50731420517 -1.05307233334 3.05229640007 5.50756883621 -1.05809700489 3.05759549141 5.50743103027 -1.04639780521 3.07473754883 5.5070643425 -1.0673366785 3.06950950623 5.50852108002 -1.04494178295 3.06454277039 5.50928544998 -1.04484927654 3.07549166679 5.50895309448 -1.04952585697 3.05580735207 5.50964689255 -1.06421589851 3.05671954155 5.50750684738 -1.06733489037 3.07295179367 5.50944232941 -1.0474691391 3.07694935799 5.51008272171 -1.0542743206 3.07792234421 5.5091791153 -1.05810248852 3.05515980721 5.51011276245 -1.05181479454 3.05364441872 5.50977706909 -1.0581022501 3.07354187965 5.50856399536 -1.0673340559 3.05470871925 5.51098489761 -1.0552302599 3.05796122551 5.51040410995 -1.04850435257 3.05798792839 5.50894594193 -1.06733584404 3.06865882874 5.51096439362 -1.04652893543 3.07470655441 5.51139450073 -1.05181479454 3.07424211502 5.51074457169 -1.06421685219 3.05561614037 5.51144742966 -1.06060624123 3.07216215134 5.51186656952 -1.04952406883 3.0754327774 5.51169013977 -1.06031668186 3.07210302353 5.5098323822 -1.06733489037 3.07514810562 5.51232051849 -1.05587685108 3.05935740471 5.5124630928 -1.06421530247 3.05948638916 5.51014280319 -1.06733298302 3.06138730049 5.51215696335 -1.04827797413 3.06578373909 5.51220464706 -1.0474691391 3.07046699524 5.51083183289 -1.06733393669 3.0588593483 5.51335477829 -1.06187784672 3.07293510437 5.51298141479 -1.06187820435 3.06117081642 5.51106023788 -1.06733548641 3.05891466141 5.51312589645 -1.05181574821 3.06804084778 5.51346349716 -1.04952478409 3.05737137794 5.51332569122 -1.05809998512 3.07059288025 5.51388835907 -1.05181229115 3.07037901878 5.51311969757 -1.06421804428 3.06868076324 5.511531353 -1.06733465195 3.05858278275 5.51376199722 -1.05427384377 3.06238341331 5.51425075531 -1.06301355362 3.06298804283 5.51167106628 -1.06733560562 3.06362557411 5.5135550499 -1.04952561855 3.07087492943 5.51454973221 -1.05427598953 3.06680178642 5.51191091537 -1.0673340559 3.06593537331 5.51403141022 -1.06421685219 3.06488466263 5.51195764542 -1.06733441353 3.07129716873 5.51471853256 -1.05778241158 3.05964016914 5.51456260681 -1.05809998512 3.06715226173 5.51517105103 -1.05307352543 3.06346535683 5.5146689415 -1.0518130064 3.06966233253 5.51483535767 -1.06060934067 3.06594967842 5.51505327225 -1.06187820435 3.06208944321 5.51538658142 -1.05809867382 3.06337666512 5.51538133621 -1.05427455902 3.06464219093 5.51577281952 -1.0580945015 3.06722664833 5.51570892334 -1.05809557438 3.06434965134 5.49004602432 -1.17942178249 3.06616067886 5.48999166489 -1.18006765842 3.06817698479 5.49028730392 -1.18016695976 3.06236815453 5.49045324326 -1.18006682396 3.06997966766 5.49089813232 -1.17942285538 3.06068468094 5.49112462997 -1.17941427231 3.07157540321 5.49175643921 -1.18006789684 3.05896186829 5.4921836853 -1.18006789684 3.07316160202 5.49301338196 -1.1794205904 3.05760955811 5.49339056015 -1.17941915989 3.07436656952 5.49436569214 -1.18006563187 3.05641722679 5.49487495422 -1.18016755581 3.07543635368 5.49609947205 -1.18016588688 3.05545067787 5.49666833878 -1.18006813526 3.07612729073 5.49787425995 -1.17942118645 3.05488300323 5.49838924408 -1.17941868305 3.07649469376 5.49964761734 -1.18006718159 3.05458760262 5.50039148331 -1.18006742001 3.07655405998 5.50168466568 -1.18016684055 3.05464172363 5.50220251083 -1.1794179678 3.07626509666 5.50356674194 -1.17941868305 3.0550494194 5.50418424606 -1.1800661087 3.07569670677 5.50528717041 -1.18006718159 3.05571961403 5.50586748123 -1.17942428589 3.07473468781 5.50706624985 -1.17941451073 3.05671858788 5.50750350952 -1.1794179678 3.07361221313 5.50849056244 -1.18006765842 3.05798625946 5.50894260406 -1.17942130566 3.07209944725 5.50983333588 -1.17942273617 3.05957126617 5.51019906998 -1.18006765842 3.07055854797 5.51078653336 -1.18006849289 3.06116819382 5.5110578537 -1.17942082882 3.06867718697 5.511531353 -1.17941868305 3.06308794022 5.51169538498 -1.18006706238 3.06679677963 5.51191043854 -1.17960977554 3.06488132477 5.5119562149 -1.17941987514 3.07676720619 5.48946857452 -1.18216085434 3.07965564728 5.49524402618 -1.18217027187 3.07326102257 5.48772335052 -1.18217909336 3.07894706726 5.49234771729 -1.18216025829 3.08282637596 5.47939491272 -1.19770622253 3.07325911522 5.48604106903 -1.1849809885 3.08084607124 5.47935342789 -1.19736766815 3.08539581299 5.48082351685 -1.1973553896 3.08713555336 5.48249673843 -1.19724857807 3.08857297897 5.48480844498 -1.19752514362 3.08915400505 5.48675203323 -1.19771826267 3.08895730972 5.48854160309 -1.19736099243 3.08135700226 5.4952287674 -1.1849809885 3.08138489723 5.4959897995 -1.18510997295 3.08135795593 5.49696302414 -1.18517005444 3.0806953907 5.50746059418 -1.18516838551 3.07882738113 5.50866985321 -1.18217909336 3.08050990105 5.50866317749 -1.1849809885 3.08719849586 5.51625013351 -1.19736766815 3.08737492561 5.51745939255 -1.19784557819 3.08591723442 5.52055454254 -1.19733560085 3.07708191872 5.51217222214 -1.18216085434 3.0848274231 5.52182388306 -1.19728338718 3.08328723907 5.52308988571 -1.19731271267 3.07420825958 5.5143494606 -1.18216025829 3.08173942566 5.52393627167 -1.19746756554 3.07996797562 5.52453327179 -1.19772660732 3.07128453255 5.51508188248 -1.18220710754 3.0780107975 5.52436208725 -1.19736087322 3.07132291794 5.51676082611 -1.1849809885 3.07366299629 5.51139974594 -1.18210124969 3.06965970993 5.48883628845 -1.1819344759 3.05982804298 5.48689413071 -1.18217396736 3.07436132431 5.49155473709 -1.18193244934 3.0641605854 5.48812246323 -1.18195855618 3.05773448944 5.4903459549 -1.1821000576 3.0777566433 5.49664306641 -1.18193459511 3.05398273468 5.49529266357 -1.18196702003 3.05231976509 5.49329042435 -1.18217909336 3.05285906792 5.49959611893 -1.18190693855 3.07828712463 5.50236272812 -1.18190634251 3.05344963074 5.50449943542 -1.18177604675 3.0771651268 5.50666236877 -1.18196713924 3.05362582207 5.50730657578 -1.18208312988 3.05672168732 5.5087556839 -1.18132591248 3.05988693237 5.51256752014 -1.18196678162 3.06826353073 5.51249456406 -1.18131041527 3.06452178955 5.51361751556 -1.18182623386 3.05693888664 5.4876074791 -1.18216025829 3.05406451225 5.48978471756 -1.18216085434 3.05982494354 5.48519420624 -1.1849809885 3.05313706398 5.47760677338 -1.19736790657 3.05135083199 5.47738075256 -1.19773352146 3.0494093895 5.47801923752 -1.1974670887 3.04737854004 5.47919368744 -1.19725632668 3.04564785957 5.48088264465 -1.1973413229 3.04457068443 5.48246669769 -1.19751012325 3.04380989075 5.48439741135 -1.19784152508 3.05063700676 5.49329280853 -1.1849809885 3.04395008087 5.48570585251 -1.19736802578 3.07960104942 5.51689195633 -1.21921801567 3.0810406208 5.51377534866 -1.22125935555 3.07928943634 5.51347351074 -1.22125935555 3.07786774635 5.51395273209 -1.22125995159 3.08219194412 5.51467370987 -1.2212600708 3.07660126686 5.51516199112 -1.22125852108 3.08291220665 5.5159907341 -1.22125935555 3.07618165016 5.51719903946 -1.22125935555 3.08285546303 5.51807165146 -1.22125852108 3.08178472519 5.51951789856 -1.22125995159 3.07666087151 5.51862287521 -1.22125995159 3.07786631584 5.51988887787 -1.22125852108 3.08011126518 5.52030754089 -1.2212600708 3.07974100113 5.51346206665 -1.24166095257 3.07745170593 5.514128685 -1.24166095257 3.08168959618 5.51413106918 -1.24166095257 3.08286976814 5.51584672928 -1.24166095257 3.07610225677 5.51676368713 -1.24166095257 3.08290958405 5.5179104805 -1.24166095257 3.07688498497 5.51899147034 -1.24166095257 3.08124446869 5.51998376846 -1.24166095257 3.07857823372 5.52019929886 -1.24166095257 3.04965996742 5.51500415802 -1.21921801567 3.05110239983 5.51188993454 -1.22125935555 3.0496301651 5.51159286499 -1.22125995159 3.04820013046 5.51189804077 -1.22125935555 3.05265903473 5.51327371597 -1.22125852108 3.0466594696 5.51327610016 -1.22125852108 3.05308032036 5.51529121399 -1.22125935555 3.04624176025 5.51531839371 -1.22125935555 3.05229592323 5.51725625992 -1.22125792503 3.04700899124 5.51723098755 -1.22125852108 3.0485227108 5.51822090149 -1.2212600708 3.05017161369 5.51842021942 -1.22126019001 3.05124115944 5.51192474365 -1.24166095257 3.04858469963 5.51167345047 -1.24166095257 3.04657816887 5.51342535019 -1.24166095257 3.05270075798 5.51341056824 -1.24166095257 3.05308246613 5.51573610306 -1.24166095257 3.04625844955 5.51546573639 -1.24166095257 3.04712128639 5.51735877991 -1.24166095257 3.05175304413 5.51772737503 -1.24166095257 3.04953098297 5.51850271225 -1.24166095257 3.08030700684 5.48369598389 -1.22125852108 3.08148789406 5.48695087433 -1.21921801567 3.08267116547 5.4836974144 -1.22125852108 3.08408093452 5.48473358154 -1.22125995159 3.07867217064 5.48498725891 -1.22125935555 3.08489823341 5.48635149002 -1.22125852108 3.07812190056 5.48639011383 -1.22125995159 3.07823514938 5.48813867569 -1.22125852108 3.08297204971 5.49005174637 -1.22125983238 3.08448553085 5.4886841774 -1.22125852108 3.07975912094 5.48995113373 -1.22125852108 3.08151721954 5.49036312103 -1.22125995159 3.08076000214 5.48361730576 -1.24166095257 3.08251070976 5.4836435318 -1.24166095257 3.07913041115 5.48441457748 -1.24166095257 3.08420348167 5.48485136032 -1.24166095257 3.07813286781 5.48622322083 -1.24166095257 3.08494615555 5.48677825928 -1.24166095257 3.07829713821 5.48829650879 -1.24166095257 3.08450770378 5.4885392189 -1.24166095257 3.08357858658 5.48967552185 -1.24166095257 3.07965445518 5.48985338211 -1.24166095257 3.08165812492 5.49040985107 -1.24166095257 3.05092144012 5.48170995712 -1.2212600708 3.05154705048 5.48506402969 -1.21921801567 3.05242967606 5.48174667358 -1.22125935555 3.04931926727 5.48241376877 -1.22125852108 3.05396842957 5.48263072968 -1.22125935555 3.05474209785 5.48386621475 -1.2212600708 3.04822945595 5.48418426514 -1.22125935555 3.05496716499 5.48535585403 -1.22125935555 3.04829216003 5.48624420166 -1.22125852108 3.05328202248 5.48806428909 -1.22125864029 3.05451655388 5.486743927 -1.22125995159 3.0495827198 5.48787927628 -1.22125935555 3.05125427246 5.48848438263 -1.22125935555 3.05081915855 5.48173093796 -1.24166095257 3.05228281021 5.48171138763 -1.24166095257 3.04944634438 5.48234891891 -1.24166095257 3.05431127548 5.4829158783 -1.24166095257 3.04823970795 5.48404169083 -1.24166095257 3.05498218536 5.48549842834 -1.24166095257 3.04835414886 5.48640203476 -1.24166095257 3.05369758606 5.48782730103 -1.24166095257 3.04970669746 5.48796129227 -1.24166095257 3.05140399933 5.48849391937 -1.24166095257 3.05338144302 5.47716569901 -1.198579669 3.05139088631 5.47739315033 -1.24166095257 3.05339622498 5.47716760635 -1.24166095257 3.04892611504 5.47821044922 -1.24166095257 3.04680490494 5.47968387604 -1.24166095257 3.04505610466 5.48163986206 -1.24166083336 3.04395699501 5.48394489288 -1.24166095257 3.04347872734 5.48591184616 -1.24166095257 3.04347991943 5.48592090607 -1.19860911369 3.08064031601 5.47888278961 -1.24166095257 3.08260607719 5.47936105728 -1.24166095257 3.08490943909 5.48045825958 -1.24166083336 3.08686804771 5.48220920563 -1.24166095257 3.08834552765 5.48433732986 -1.24166095257 3.08915805817 5.48679494858 -1.24166095257 3.0417637825 5.51314544678 -1.24166095257 3.08938407898 5.48880958557 -1.24166095257 3.08766770363 5.51605081558 -1.24166095257 3.08609247208 5.52031421661 -1.24166095257 3.08719110489 5.51801013947 -1.24166095257 3.07773995399 5.52478837967 -1.24166095257 3.04198908806 5.51516103745 -1.24166095257 3.04280543327 5.51762390137 -1.24166095257 3.04485177994 5.52038955688 -1.24166095257 3.05050587654 5.52307319641 -1.24166095257 3.04769611359 5.52229976654 -1.24166095257 3.08434295654 5.52227210999 -1.24166095257 3.08221840858 5.52374696732 -1.24166095257 3.07975697517 5.52456283569 -1.24166095257 3.08062791824 5.47888326645 -1.1986079216 3.08938598633 5.4887843132 -1.19846713543 3.05377864838 5.47758102417 -1.19745862484 3.08021068573 5.47922611237 -1.19744825363 3.04382348061 5.4863409996 -1.19744861126 3.04176187515 5.51316547394 -1.1985809803 3.04217338562 5.51277256012 -1.19745659828 3.04197621346 5.51519823074 -1.19773304462 3.04261517525 5.51714229584 -1.19746744633 3.04346466064 5.51869535446 -1.19731342793 3.04487061501 5.52037763596 -1.19730138779 3.0464990139 5.52163028717 -1.19743859768 3.04853200912 5.52261781693 -1.19772088528 3.05051779747 5.52307224274 -1.19861102104 3.07736873627 5.5243730545 -1.1974594593 3.05093741417 5.52272796631 -1.19744896889 3.0777657032 5.52479028702 -1.19853842258 3.08769822121 5.51559734344 -1.19877803326 3.08670020103 5.51921081543 -1.19832491875 3.0873272419 5.51560783386 -1.19744753838 3.08897280693 5.48918533325 -1.19745743275 3.06155896187 5.48519420624 -1.18517005444 3.06058597565 5.48516702652 -1.18510997295 3.07205915451 5.48585653305 -1.1851682663 3.0504527092 5.49449300766 -1.18516838551 3.04978990555 5.50499296188 -1.18517005444 3.04976296425 5.50596618652 -1.18510997295 3.04978990555 5.50672721863 -1.1849809885 3.0590929985 5.51609897614 -1.18516850471 3.05788803101 5.51591491699 -1.1849809885 3.06958889961 5.51676177979 -1.18517005444 3.07056188583 5.5167889595 -1.18510997295 3.04220271111 5.51341485977 -1.19736790657 3.05030107498 5.5226020813 -1.19736802578</float_array>
          <technique_common>
            <accessor source="#positions-array" count="884" stride="3">
              <param name="X" type="float" />
              <param name="Y" type="float" />
              <param name="Z" type="float" />
            </accessor>
          </technique_common>
        </source>
        <source id="normals">
          <float_array id="normals-array" count="4677">-1 -6.082e-05 6.067e-05 -1 5.243e-05 -1.11e-05 -0.99981207 0.01928935 0.00194361 -0.99970609 0.02424055 8.135e-05 -0.99962544 -0.02725737 -0.00243636 -0.99955368 0.02987418 -9.39e-06 -0.99802309 -0.06284716 -1.497e-05 -0.99801761 -0.0629351 4.088e-05 -0.99774629 0.01185473 0.06604458 -0.99701911 -0.0560682 -0.05300167 -0.99696726 -0.01116861 -0.07701571 -0.99667811 -0.08144179 -8.17e-06 -0.99622202 -0.06718611 -0.05502637 -0.99621582 -0.08691399 8.026e-05 -0.99617642 0.08736427 -1.32e-05 -0.99585575 0.09094745 -7.488e-05 -0.99530023 -0.09675623 0.00393347 -0.99447036 0.1050178 -0.00038038 -0.99381036 0.11108952 -9.564e-05 -0.99365503 0.05626809 0.09738454 -0.99207932 0.12555237 -0.00390759 -0.98928773 -0.14597893 -7.479e-05 -0.98877794 0.14939269 0.00031604 -0.98876792 -0.14945912 -1.448e-05 -0.9877978 -0.12069556 0.09842851 -0.98711228 -0.16002928 8.988e-05 -0.98679519 0.16197038 -0.00093157 -0.98485434 0.17338407 -0.00012216 -0.98478115 0.1737991 -0.00010254 -0.98469001 -0.17421284 -0.00595699 -0.98457634 -0.17495464 -0.00053191 -0.98350167 -0.06135994 -0.17017438 -0.98157215 -0.05907637 0.18173105 -0.98020583 0.19798118 -1.424e-05 -0.97949201 0.20148295 -7.546e-05 -0.97902626 0.19714533 0.05139347 -0.97887641 0.20440677 0.00435446 -0.97734648 -0.21164586 7.16e-05 -0.97667754 -0.08595857 0.19675379 -0.97314388 0.22608496 -0.04332014 -0.97289342 0.09056884 -0.21278076 -0.97168779 -0.23626736 -0.0008221 -0.97119957 0.23824653 -0.00316715 -0.97037363 -0.24160808 0.00066203 -0.96918827 0.00926819 -0.24614656 -0.9682157 0.01476357 0.2496805 -0.96783614 0.25143012 0.0087262 -0.96717536 -0.25410995 -7.392e-05 -0.96678418 0.21024884 0.14534031 -0.96589363 -0.25893909 1.198e-05 -0.96575242 0.25946525 7.988e-05 -0.96476012 -0.25803614 0.05152809 -0.96446323 0.19456927 -0.17875548 -0.96431547 0.26475587 -8.45e-06 -0.96230847 0.02116937 0.27113497 -0.96197587 0.117218 -0.24670318 -0.96124595 0.01796908 0.27510625 -0.95924568 -0.28251001 -0.00598336 -0.95909941 0.28300634 0.00597143 -0.95907855 0.28300017 0.00890695 -0.95691389 0.2781347 -0.08340842 -0.95498693 -0.06052142 0.29040846 -0.95450705 -0.20985596 -0.21184133 -0.95113301 -0.30876821 -0.00285805 -0.95074439 -0.30989295 -0.00716552 -0.95072162 -0.30996266 -0.00716922 -0.94997507 0.31232494 -0.00068614 -0.9496665 -0.31326291 -8.85e-06 -0.94921482 0.31462839 -0.00054459 -0.94790965 -0.31853938 8.073e-05 -0.94545412 -0.32575509 0.00025893 -0.94436598 -0.21886966 -0.2454972 -0.94429791 -0.0588537 0.32378632 -0.94239587 -0.25215775 -0.21978736 -0.94198734 -0.24411161 -0.23036796 -0.94189113 -0.3359178 -0.00059842 -0.94181627 0.33610845 0.00362059 -0.94078028 -0.3238323 0.1003252 -0.94012922 -0.32493475 0.10283276 -0.93941796 0.33484727 -0.07328794 -0.9345926 0.00053086 0.35571963 -0.93398631 0.35433564 0.04599768 -0.93307924 0.35963151 0.00533096 -0.93297374 0.05143956 -0.35624993 -0.93106848 0.36484456 8.076e-05 -0.93041247 -0.36651355 0.0006615 -0.92906451 0.36991775 -7.06e-06 -0.92871159 -0.37071249 -0.00818165 -0.9281078 -0.37230828 -0.00155541 -0.92806649 -0.36197022 0.08757886 -0.92776787 -0.37314391 0.00322378 -0.92775017 0.37319896 -0.0014886 -0.92751288 0.373777 -0.00324785 -0.92735583 -0.05651139 0.36988863 -0.92681628 0.35945901 0.10863163 -0.92679298 -0.15522471 -0.34199435 -0.92667544 -0.0483621 0.37273821 -0.92563748 0.36303729 0.10676661 -0.92503941 -0.29341805 0.24126348 -0.92485917 -0.0132648 0.3800782 -0.92397529 -0.34321469 -0.16874038 -0.92095059 0.02153685 -0.38908377 -0.91773468 0.02574216 -0.39635891 -0.91611075 0.09997331 0.38826072 -0.91509366 0.31237823 0.25499719 -0.91390747 -0.25378591 -0.31680572 -0.91375744 0.29492411 0.27940488 -0.91013658 0.04427471 0.41193572 -0.90996075 -0.30858171 0.27703598 -0.90769023 0.34037688 -0.2454426 -0.90741944 0.00211884 0.42022082 -0.9068073 0.42154351 0.00127143 -0.90649104 -0.42222515 -1.416e-05 -0.90623724 0.42276976 -1.349e-05 -0.90582317 0.35539892 -0.23059903 -0.90514916 0.22146852 -0.362845 -0.90493673 0.35671768 -0.23203914 -0.90486944 -0.4256891 5.139e-05 -0.90470606 0.4260363 -7.529e-05 -0.90444416 -0.42650115 0.00880832 -0.90306658 -0.24460776 0.35304084 -0.90263444 -0.43040398 -0.0018637 -0.90009207 0.01971054 0.43525365 -0.89925855 0.01860411 0.43702173 -0.89494139 0.09665269 0.43558952 -0.89292073 -0.02132972 0.4497084 -0.89257383 0.45089296 -0.00275853 -0.89225149 -0.39577132 0.21737595 -0.89088714 0.08682321 0.44584951 -0.8899262 -0.40654337 -0.20677006 -0.88872558 0.24131812 -0.38978532 -0.88445264 0.31633785 -0.34303641 -0.88356566 -0.07426108 -0.46238184 -0.88029236 -0.4744316 -7.311e-05 -0.8781662 -0.47835574 3.46e-06 -0.8773936 0.47976908 0.00145108 -0.87736547 0.47982004 -0.00156176 -0.87715 0.2339298 0.41938612 -0.87673259 0.42902675 0.21743058 -0.87558526 -0.48297024 0.00950143 -0.87382442 0.47831249 0.08745353 -0.87268472 -0.4882828 0.00118617 -0.8690474 -0.23542015 0.43512526 -0.86781847 -0.23633195 0.43707925 -0.86642462 -0.49419498 -0.07127322 -0.86033106 -0.50443286 -0.07333369 -0.85817993 3.64e-06 0.513349 -0.85795206 -0.02821372 0.51295441 -0.85774755 0.00220455 0.51406652 -0.85669875 0.00085048 0.51581633 -0.85653514 -0.05398672 0.51325715 -0.85624337 -0.00105569 0.51657164 -0.85616916 -0.05119075 0.51415336 -0.85603648 -0.00314296 0.5169059 -0.85528946 -0.01081951 0.51803756 -0.85507977 -0.05302785 0.51577777 -0.8547743 0.33696717 -0.39473295 -0.85462141 0.02088389 -0.51883137 -0.85446703 0.04230886 0.51778001 -0.85430753 -0.05555316 0.51679063 -0.85413092 -0.08598977 0.51289958 -0.85400599 -0.05740634 0.51708633 -0.85356367 -0.00173744 0.5209856 -0.85347235 0.52113801 -8.26e-06 -0.85336179 0.52131927 -1.189e-05 -0.85310763 0.0239294 -0.52118587 -0.85266376 -0.2890963 0.43518731 -0.85237676 -0.28928289 0.43562505 -0.85234773 0.51184732 0.10731088 -0.85147446 -0.07428615 -0.51910782 -0.85045129 -0.07148193 -0.52117443 -0.8502537 -0.05954229 0.5229947 -0.85001737 -0.09633406 0.51787084 -0.84943748 0.51876968 0.09661311 -0.84852505 0.06496691 0.52515179 -0.84752065 0.53071862 -0.00682473 -0.84654975 -0.53227979 0.00563228 -0.8441664 0.01745418 0.53579712 -0.84394133 -0.501634 -0.19006944 -0.84289497 -0.10095208 0.52852327 -0.8413114 -0.27999768 -0.46238124 -0.84062666 0.33077744 0.42887428 -0.84000599 0.51235867 -0.1785458 -0.83889669 0.32504165 0.43657792 -0.83377242 -0.43406948 -0.34118506 -0.83164644 -0.55522752 0.0093078 -0.82699215 -0.56221157 0.00143639 -0.82635516 0.07247102 -0.55846673 -0.82565242 0.22129053 -0.51896888 -0.82388371 0.56673491 0.00521266 -0.82367653 0.22364214 -0.52109617 -0.82289761 -0.28956905 0.48886544 -0.82228881 -0.56907052 -8.88e-06 -0.82151604 -0.3796593 -0.42540595 -0.82016796 -0.12400919 -0.55852139 -0.8191092 -0.57363766 8.072e-05 -0.81905669 0.57371259 8.015e-05 -0.81596798 -0.578035 0.00847118 -0.81577909 0.57836372 -1.151e-05 -0.81325823 0.1641904 -0.55825847 -0.81011909 -0.27243999 -0.51911783 -0.80978596 -0.26949722 -0.52116966 -0.80859554 0.49249268 0.32190686 -0.80607724 -0.58320671 -0.10054611 -0.80551356 -0.18130253 0.5641607 -0.8038727 0.59479654 -0.00242092 -0.80368489 -0.59500533 0.00769574 -0.80140591 -0.21426784 -0.55842441 -0.80024081 0.59824485 0.04144675 -0.79999703 -0.59536535 0.07446307 -0.79970682 -0.21917988 0.5589537 -0.79848903 0.28864068 -0.52830094 -0.79509115 0.56413847 -0.2226612 -0.7949577 0.60666472 0.00011878 -0.79442179 0.03275505 0.60648263 -0.79254228 0.56564462 -0.22786587 -0.79127985 0.18024753 0.58428335 -0.78966975 0.56133848 0.24763055 -0.78803259 -0.55179691 0.27299234 -0.78759605 0.19117811 0.58578444 -0.78724754 0.35955718 0.5009591 -0.78598678 -0.61824179 -0.00140184 -0.78575993 -0.5529567 0.27716431 -0.78435391 -0.55459189 0.27787879 -0.78406894 0.30745792 -0.53917122 -0.78386068 0.62093621 -0.00082808 -0.78130525 -0.62414902 -1.53e-05 -0.78076863 0.49191669 0.38525108 -0.77967453 -0.62617838 0.00287833 -0.77964085 -0.62622696 3.032e-05 -0.77933925 -0.58619308 -0.22137769 -0.77719039 -0.62002552 0.10744032 -0.77674639 -0.62360692 0.08820067 -0.77480757 -0.36103201 -0.51896924 -0.77480531 -0.35804445 -0.52103829 -0.7742824 0.59630579 -0.21191107 -0.77414745 -0.63299465 0.00365608 -0.77347159 0.52064002 -0.36149076 -0.7730912 0.24030286 0.58701324 -0.77186698 -0.63578385 -0.00043771 -0.77077144 -0.20983769 0.60156429 -0.76779962 0.53464562 0.35304055 -0.76763839 -0.54621953 -0.33522445 -0.76756811 -0.2126655 0.60465896 -0.76731294 0.6412726 0.00049813 -0.76440346 -0.12456426 0.63259065 -0.76321018 0.29573643 0.57449991 -0.76239926 -0.21726553 0.60954332 -0.76071984 0.26848429 0.59094971 -0.75929677 0.15277058 0.63255793 -0.75897223 -0.41740054 0.49973792 -0.75177854 0.3507897 -0.55836862 -0.75081372 0.65533793 0.08252775 -0.75041425 0.52913779 -0.39609551 -0.75038546 0.66100049 -8.51e-06 -0.75020051 0.66121048 -1.331e-05 -0.75011241 0.49114481 -0.44284105 -0.74919784 0.62601054 -0.21636425 -0.74779278 -0.65643716 0.09947972 -0.74548525 -0.66652054 -0.00143405 -0.74214083 0.07159507 0.66640919 -0.74007976 0.672499 -0.00520613 -0.73880571 0.51446289 0.4353092 -0.73880523 0.51445574 0.43531826 -0.73647529 -0.5182687 0.43474326 -0.73603153 -0.64825481 -0.19499581 -0.73241496 -0.30610046 0.60816997 -0.73187429 0.2744199 0.62374175 -0.73043555 -0.68294632 -0.00694491 -0.72946781 0.44551885 -0.51902777 -0.72919071 -0.56543547 0.38543963 -0.72832441 -0.39697087 -0.5585317 -0.72695738 -0.13176437 0.67392218 -0.72387946 0.68986899 -0.00889997 -0.72082365 -0.57188332 -0.39161551 -0.71936035 0.08735296 0.68912274 -0.71805364 -0.68762934 0.10754093 -0.71747237 0.3316932 0.61254627 -0.7158547 -0.52403522 0.46145326 -0.71456122 0.61016113 -0.34220707 -0.7133708 0.7007792 0.00324173 -0.71209699 -0.35123917 0.60790527 -0.70973647 -0.7044673 -7.439e-05 -0.7088359 -0.35027513 0.61225718 -0.70872521 0.70548463 2.724e-05 -0.70835286 -0.60495192 -0.36368859 -0.70729321 -0.70692039 -1.505e-05 -0.70692027 0.70729321 -1.655e-05 -0.7063033 -0.70603019 0.05154615 -0.70612228 0.46053612 -0.53786403 -0.70565945 -0.67517161 -0.21491416 -0.70487159 0.67554379 0.2163256 -0.70353979 -0.19324765 0.68387645 -0.70255226 -0.71159714 -0.0070572 -0.70170087 0.71244276 -0.00641117 -0.70011657 0.49036092 -0.51902121 -0.69947761 0.10968951 0.70618647 -0.69845515 -0.71565294 0.00112271 -0.69754511 0.49184355 -0.5210765 -0.69738567 0.28177008 0.65898329 -0.69583142 -0.6955474 -0.17897648 -0.69196153 0.71984661 -0.0548641 -0.68815571 0.6071052 0.39732212 -0.6843223 -0.15877192 0.71168423 -0.68365645 0.72789365 -0.05276994 -0.6825648 -0.39889768 0.61236095 -0.67973161 -0.47564739 -0.55832291 -0.67434353 0.0931206 0.73252261 -0.67041969 -0.74195582 -0.00624928 -0.66864038 -0.5304718 -0.52107549 -0.66825932 -0.43362904 0.60447943 -0.6679638 -0.53327531 -0.51907778 -0.66585124 -0.74608451 -1.031e-05 -0.66438776 0.74738097 -0.0032436 -0.66357899 0.39608294 0.63465041 -0.6615805 -0.74987417 8.167e-05 -0.6608513 -0.42395404 0.61930484 -0.65735549 0.00622875 0.75355482 -0.65428108 0.75625134 0.00029688 -0.65398532 -0.61343628 -0.44271779 -0.65070403 0.57113874 0.50038463 -0.64086831 -0.2215655 0.7349807 -0.63961738 0.27807015 0.71663553 -0.63915747 0.44834846 0.62486911 -0.63770729 0.27077439 0.72111768 -0.63030535 -0.73638576 -0.24586818 -0.62643874 0.41157755 0.66195053 -0.62408841 0.78135377 -1.398e-05 -0.62256944 0.54834926 -0.55831933 -0.62215805 0.5021252 0.60065764 -0.62122923 0.78362888 -7.66e-05 -0.62115002 -0.31818897 0.71619016 -0.62096936 -0.78383446 -0.00078333 -0.61850649 0.7857784 -0.0014531 -0.61831093 0.10780263 0.77850521 -0.61568129 0.46681809 0.63483655 -0.61516374 0.78837794 -0.00582228 -0.61376327 -0.57786435 -0.53792882 -0.61159426 0.7907356 -0.02626408 -0.60969698 0.79263461 0.00047189 -0.60615486 -0.27830032 0.7450673 -0.60454565 -0.60440928 -0.51885837 -0.60407287 0.74793804 0.27510846 -0.60235941 0.75072348 0.27125129 -0.59841007 -0.6766234 0.42905259 -0.59666258 0.49413085 0.63231999 -0.59583348 -0.79994881 -0.07116412 -0.59564418 0.79728818 0.09767138 -0.59372216 -0.35988662 0.71970528 -0.59223068 0.80576771 0.00109437 -0.59143585 -0.50760806 0.6265282 -0.5910207 0.80665612 0.00050809 -0.58860093 0.78342384 -0.19948915 -0.58698958 -0.76808852 0.2558969 -0.58691877 -0.14212105 -0.79707462 -0.5863778 -0.80672532 -0.07318055 -0.58615506 0.58695543 -0.55848515 -0.58437848 0.50384647 0.63611364 -0.58423567 -0.1616201 0.79532868 -0.58082432 0.8140254 0.00241808 -0.57881153 -0.81546104 0.00069257 -0.5787605 -0.81544352 -0.00938883 -0.5787248 -0.81552255 0.00068783 -0.57865655 -0.8155272 -0.00848213 -0.57863706 -0.81558514 -1.029e-05 -0.57556564 0.71918499 -0.38922647 -0.57406312 -0.818811 7.984e-05 -0.57363766 0.81910926 5.5e-07 -0.57281715 -0.67761326 0.46121666 -0.57070881 -0.81406671 0.10764191 -0.57062829 0.71940786 -0.39602491 -0.57049012 -0.82130271 -0.00169667 -0.5700044 0.82164174 -7.537e-05 -0.56910896 -0.81494838 0.10942636 -0.56832886 0.70836246 0.41859886 -0.56815892 -0.82291853 -0.00071392 -0.56588984 -0.51110184 0.64694947 -0.55958349 -0.79546481 -0.23259878 -0.55929214 -0.54152232 0.62765115 -0.5580278 -0.7971648 -0.23050679 -0.55752152 0.83015871 -0.0025244 -0.55631149 -0.07866532 0.8272419 -0.55597484 0.80349928 -0.21279302 -0.55587971 0.79810423 -0.23243786 -0.55548018 0.56398618 0.61103296 -0.55360746 0.78596652 0.27527353 -0.55330271 0.78632504 0.27486178 -0.55291194 0.83319217 0.00890254 -0.55283451 0.83327675 0.00489022 -0.55187815 -0.59241635 0.58691841 -0.55044365 -0.78829676 0.27495459 -0.54899818 -0.78847206 0.27733171 -0.54888511 -0.62208611 -0.55833149 -0.54781419 -0.45230454 0.70378989 -0.54408115 -0.4319942 0.71927512 -0.54110384 -0.84094512 -0.00422309 -0.5402891 0.26695436 0.79801196 -0.53736192 -0.72583443 0.42942587 -0.53393739 -0.75169051 -0.38713348 -0.53272015 0.66820276 -0.51934016 -0.53208596 0.54187477 0.65058142 -0.53042692 0.66875714 -0.5209713 -0.52870524 -0.75156307 -0.39449149 -0.52798885 0.53348267 0.66077536 -0.5275563 0.80504632 0.27126524 -0.52750325 -0.01404362 -0.849437 -0.52674824 0.84994566 0.01133913 -0.52666456 0.85002369 0.00917493 -0.52523321 0.75402904 -0.39442399 -0.52432877 0.75400901 -0.39566401 -0.52366936 -0.8519215 -7.305e-05 -0.52316594 -0.09255931 -0.84718955 -0.52116078 0.28938329 0.80290025 -0.52073562 -0.85371792 -1.409e-05 -0.51944697 0.06503997 -0.85202384 -0.51854539 0.73487329 0.43711767 -0.51809311 0.73639405 0.43509009 -0.51760525 0.85113358 0.08750088 -0.51615411 0.10742971 -0.8497315 -0.51585907 0.0783499 -0.85308313 -0.5156284 -0.78532124 -0.34263355 -0.51361918 0.85801727 0.00129613 -0.51056558 0.8598361 0.00218829 -0.50960261 -0.15008441 -0.84721887 -0.50916153 0.12490325 -0.85155964 -0.5080744 -0.72959262 0.45777175 -0.50303876 -0.5839076 0.63718438 -0.50165796 -0.16315795 -0.84954029 -0.50165397 -0.1631974 -0.84953511 -0.50048453 -0.86574376 0.00172719 -0.49815965 0.86707717 0.00374745 -0.49746987 -0.86747921 0.00185454 -0.4956241 -0.16126126 -0.85343516 -0.49452442 -0.35533094 0.79321206 -0.49404693 -0.17548209 -0.85154188 -0.49308029 0.60286885 0.62723267 -0.49088609 -0.84387803 0.21656586 -0.49050128 -0.19517757 -0.84930223 -0.49022964 0.70017809 -0.51906234 -0.48918954 0.19750395 -0.84952092 -0.48851976 0.69233268 0.53105927 -0.48715919 0.70072019 -0.52121687 -0.48328379 -0.04525104 0.87429351 -0.4832707 -0.68971872 -0.53920072 -0.48050064 -0.87696266 -0.00746441 -0.47831199 0.87818998 7.819e-05 -0.47803926 0.87683529 0.05136521 -0.47762623 0.43059602 0.76580691 -0.4773826 -0.07407063 0.87556803 -0.47362691 0.88072562 -7.65e-06 -0.47201285 0.62836903 0.61834967 -0.47095391 0.86383909 -0.17884162 -0.47004557 -0.8517012 -0.23165114 -0.46837175 -0.70816457 -0.5283283 -0.46778694 0.237059 -0.85145652 -0.46545327 -0.6143136 0.63715935 -0.46492544 -0.54363686 0.69878703 -0.46488309 -0.6566841 0.5938431 -0.46194777 -0.88250619 0.08824462 -0.45765433 0.25074816 -0.85304034 -0.44744691 -0.72660494 -0.52137953 -0.44612774 0.64761072 0.61771387 -0.44549099 -0.72955304 -0.51893181 -0.44208702 -0.07650947 0.89370316 -0.44191626 0.27623653 -0.8534655 -0.43923509 -0.8647626 -0.24342984 -0.43832445 -0.59543729 0.67329496 -0.43672827 0.89959168 0.00179662 -0.42700762 0.32860786 0.84242582 -0.4267208 -0.90433508 -0.00935071 -0.42664 -0.90442151 -7.458e-05 -0.42268127 -0.90627843 4.2e-07 -0.42217752 0.90651321 7.902e-05 -0.42215711 -0.9050532 0.05159711 -0.42170826 0.90526414 0.05156566 -0.42077601 -0.31236652 -0.85168922 -0.42020997 0.7566362 0.50092441 -0.41707662 0.90887129 -1.151e-05 -0.41606659 0.55923408 0.71703959 -0.41593507 0.89164317 -0.17880316 -0.41587737 -0.89166546 -0.17882574 -0.41384503 0.61370558 0.67238218 -0.41189268 0.47297311 0.7788716 -0.39743966 0.72818297 -0.55838275 -0.3927376 0.12147754 0.9115923 -0.39096427 0.09406875 0.91558617 -0.38688764 0.92212033 -0.00345016 -0.38587454 0.35109502 -0.85313147 -0.38461199 0.36654156 -0.84718406 -0.38331684 -0.35755342 -0.85160065 -0.37981394 0.51960832 0.76534218 -0.37933084 0.89161056 -0.24726255 -0.37734976 -0.59240121 0.71180606 -0.37474915 -0.13641553 0.91703546 -0.37321439 -0.92774373 -0.00160555 -0.37256536 0.92800432 -0.00173147 -0.37044078 -0.92885607 -8.66e-06 -0.37020746 0.37538698 -0.84972405 -0.36974898 -0.42537671 0.82603896 -0.36525238 -0.9309085 8.123e-05 -0.36455631 -0.92975342 0.05154829 -0.36337358 -0.90239489 -0.23160984 -0.36199108 -0.70521134 0.60962236 -0.36033764 0.61356056 0.70263797 -0.35714453 -0.93402576 0.0066066 -0.35605875 -0.90838796 -0.21921104 -0.35259953 -0.39103517 -0.85015595 -0.35141525 0.71231091 0.60755283 -0.35055938 -0.7518869 -0.55836761 -0.35054585 0.75196356 -0.55827266 -0.35030025 0.39456987 -0.849473 -0.34996828 0.7096107 0.61153489 -0.34623218 -0.70896107 0.61440837 -0.34512368 -0.83137137 0.4355585 -0.34440151 0.85038465 -0.3977859 -0.34297359 0.29301679 0.89247435 -0.34097183 0.42559186 0.83821815 -0.34079838 -0.80279243 0.4892655 -0.33987689 -0.94042927 0.00874254 -0.33913994 -0.87196356 0.35307735 -0.33875769 -0.37130669 0.86450815 -0.33746746 -0.52224046 0.78318626 -0.32944077 -0.94415373 0.0065274 -0.32844317 -0.35138708 0.87672812 -0.32790938 -0.35876369 0.873936 -0.32471457 0.94579196 0.00616157 -0.32291481 0.75869638 0.56577903 -0.32279092 0.91442114 -0.24421315 -0.32233587 -0.94662529 0.00022159 -0.32227433 -0.8287338 0.45753634 -0.32099247 0.41069862 -0.85339934 -0.31884685 0.94780612 0.00048587 -0.31861451 0.94788438 -1.271e-05 -0.31810099 0.94175261 0.10914926 -0.31704259 0.94224083 0.10801098 -0.31578377 -0.1682646 0.93379211 -0.31518939 0.94902879 -7.458e-05 -0.31473991 -0.94917774 -0.00055488 -0.31466389 0.92523515 -0.21195875 -0.31256306 -0.7938695 -0.52160877 -0.31249622 -0.94991881 -0.00069272 -0.31126925 -0.79474223 -0.52105302 -0.31061956 -0.95050734 0.00716716 -0.3105965 0.42140934 -0.85202348 -0.31013951 0.92226052 -0.2307573 -0.30987397 0.42293233 -0.85153174 -0.30916128 0.92236531 -0.2316498 -0.30869222 0.90989214 0.27713788 -0.30792561 -0.60568088 0.73371142 -0.30767691 0.91096646 0.27472743 -0.30630773 0.73305827 0.60728991 -0.30625311 1.177e-05 0.95195007 -0.30488405 -0.4301306 -0.84972543 -0.30486122 -0.43012345 -0.84973735 -0.30483311 -0.43015549 -0.84973121 -0.30480969 -0.43017247 -0.84973103 -0.30087671 0.19649455 0.93320048 -0.29178467 -0.64316273 0.70795721 -0.28946263 0.85226119 0.4357318 -0.28933358 0.12202053 0.94941932 -0.28932038 0.85248005 0.43539819 -0.28799996 0.75959337 0.58315867 -0.27909109 -0.96024901 0.00546935 -0.27687299 -0.88834256 -0.36631811 -0.27301189 -0.63837606 0.71968085 -0.27199304 0.80908304 -0.52096492 -0.27100328 0.80918682 -0.52131933 -0.26810142 -0.87748826 -0.39766309 -0.26539367 0.96413821 -0.00192997 -0.26391268 -0.72203165 0.63954705 -0.26251402 -0.57863528 0.77218372 -0.26114663 0.45454165 -0.85158342 -0.25931802 -0.96579194 -1.444e-05 -0.25915951 -0.75643831 0.60053116 -0.25901952 -0.96189022 0.08761297 -0.25890946 0.95969999 0.10927872 -0.25847504 0.96601796 -1.656e-05 -0.25825769 -0.63023859 0.73219001 -0.25724229 -0.9602983 0.1079518 -0.25695598 -0.96642315 2.747e-05 -0.25598344 -0.96049404 0.10919555 -0.25533324 -0.46764818 -0.84623289 -0.25515488 0.96690023 -7.543e-05 -0.25169697 -0.93874669 -0.235379 -0.25091413 0.92760628 0.27674666 -0.25040814 0.9280805 0.27561301 -0.24950765 -0.93973917 -0.23374365 -0.24763647 -0.92891085 0.27531946 -0.24669141 -0.92869133 0.2769039 -0.24193862 0.75130701 0.61400616 -0.24026929 -0.77461833 0.58501029 -0.23304288 -0.8776896 0.41875052 -0.23299542 0.88938385 -0.3933315 -0.23213626 0.8583011 0.45763722 -0.23128366 0.88924444 -0.39465463 -0.23008309 0.35992485 0.9041658 -0.22525175 0.97145778 0.07437328 -0.22416902 -0.47520161 -0.85084182 -0.2238792 0.63589114 0.73859358 -0.22303721 0.97481 8.336e-05 -0.22237678 0.62970555 0.7443248 -0.22139817 -0.82556033 -0.51906931 -0.22087556 0.82574421 -0.51899946 -0.21838309 0.82526869 -0.52080733 -0.21632072 0.96987283 -0.11203619 -0.21519497 0.87405801 0.43556124 -0.21157093 0.9721657 -0.10065601 -0.2107991 -0.95308739 0.21722825 -0.20928662 -0.9778474 -0.00368533 -0.20893089 -0.83580399 -0.50771999 -0.20318724 0.48248675 -0.85201025 -0.20286344 -0.97920513 -0.00194654 -0.20128073 -0.97953355 -7.364e-05 -0.19817433 -0.98016673 -1.93e-05 -0.19779499 0.98024338 0.0003272 -0.19680746 0.69866258 0.68784994 -0.19549651 -0.10215832 0.97536904 -0.1944029 0.79986215 0.56782758 -0.1916406 -0.78742903 0.58585793 -0.18284501 -0.79634702 0.57654077 -0.18029949 -0.0381844 0.98287028 -0.1800651 -0.79133278 0.58426791 -0.17956758 0.36518779 0.91345131 -0.17503475 0.14346515 0.97405368 -0.1749239 0.98458177 -0.00069287 -0.17338407 -0.98485434 -0.00012312 -0.16985592 0.98545945 -0.00431234 -0.16894814 -0.98562485 -0.00033273 -0.16768837 -0.96162623 -0.21715325 -0.16667934 0.9859876 -0.00682197 -0.16658966 0.98598456 -0.00906054 -0.16578306 0.63026893 0.7584703 -0.16198428 -0.81581718 -0.55516058 -0.15850681 0.44784227 0.87995052 -0.15531197 0.98786545 6.494e-05 -0.15513629 -0.11518399 0.98115516 -0.15275991 -0.75935125 0.63249505 -0.14948294 0.98741323 0.05167127 -0.14940408 0.98877627 8.091e-05 -0.14518441 0.96205699 -0.23101467 -0.14392285 0.98958898 -8.34e-06 -0.14257722 0.96215165 -0.23224115 -0.13820715 -0.65392524 0.7438283 -0.13765414 0.69333339 0.70734727 -0.13547119 0.99076766 -0.00519938 -0.12736757 0.84509587 -0.51922107 -0.12469489 0.76427108 0.632725 -0.12447029 0.84424013 -0.52131152 -0.12271959 -0.3430973 0.93124872 -0.11716637 -0.00787213 0.99308103 -0.11711278 -0.96180105 -0.24743374 -0.1160908 -0.99069023 -0.07110389 -0.11572742 0.4269779 0.89682609 -0.11176705 -0.99373436 -8.235e-05 -0.10902952 -0.50974339 -0.85338986 -0.10665919 -0.51628017 -0.84975207 -0.10560244 -0.56100726 0.82104748 -0.10547213 -0.99442214 -0.00037683 -0.10506047 0.68197411 0.72379118 -0.10456789 -0.04461775 0.99351639 -0.10420155 -0.99186015 -0.07318065 -0.10287325 0.51153696 -0.85308081 -0.0986615 0.84088826 0.53213984 -0.09839045 -0.86684352 0.48877555 -0.09764507 -0.99521357 -0.00392773 -0.09753107 -0.99522477 -0.00392991 -0.09594669 -0.30329546 0.94805384 -0.09568047 0.85024887 0.51761186 -0.09417298 0.99551731 0.00875834 -0.09330866 -0.09546871 0.99104959 -0.09303015 -0.99566323 -9.32e-06 -0.08904789 0.5166325 -0.85156411 -0.08740756 -0.99617261 8.16e-05 -0.08732303 0.96288103 0.25541109 -0.08727451 -0.99485701 0.05140831 -0.08698212 0.75964189 0.64449853 -0.08674245 0.517151 -0.85148722 -0.08669639 0.51715076 -0.85149223 -0.08663958 0.99623966 8.033e-05 -0.08644973 0.85410666 0.51286268 -0.08595191 -0.97521138 -0.20389946 -0.08291075 -0.53842795 0.83858275 -0.08185707 -0.73475367 0.67337692 -0.0813226 0.99668777 -5.76e-06 -0.0807514 -0.66483039 0.74261677 -0.08056897 -0.99668449 0.01134255 -0.07982524 -0.67856234 0.73019248 -0.07866112 0.91368079 -0.39874774 -0.07709457 -0.89520383 0.43893799 -0.07706247 0.82517833 -0.55959082 -0.07432865 -0.84673935 -0.52679002 -0.07400803 -0.02300095 0.99699235 -0.07326046 0.6309371 0.77236736 -0.07034548 0.51696652 -0.85311031 -0.06913877 -0.32622361 0.94276088 -0.06567638 -0.91767776 -0.3918601 -0.06466892 -0.84874862 -0.52482724 -0.06439708 0.93737334 -0.34232208 -0.06292748 0.99801803 3.954e-05 -0.06285477 0.99802268 -6.61e-06 -0.06233875 0.05214775 0.99669182 -0.06183017 -0.28806111 0.95561391 -0.0614229 0.98778331 0.14321759 -0.06019814 0.93825287 0.34067234 -0.0599904 0.93688262 0.34445912 -0.05593886 0.85450113 0.51642883 -0.05575825 0.85452992 0.51640075 -0.05532841 0.04981214 0.99722499 -0.05401885 0.85662121 0.5131101 -0.05369456 0.04684235 0.99745816 -0.05316197 0.85532117 0.51536351 -0.05108604 0.60974652 0.79094839 -0.05077129 0.85619324 0.51415521 -0.05054611 -0.51872718 -0.85344428 -0.05048565 -0.51872414 -0.8534497 -0.0495677 -0.06439906 0.99669248 -0.04894091 -0.06686005 0.99656135 -0.04842313 0.02763078 0.99844474 -0.04656622 0.83797956 0.54371107 -0.04236566 -0.85445595 0.51779342 -0.03972583 0.03648587 0.99854422 -0.03830718 -0.85546625 0.51643974 -0.03749502 0.93660086 0.34838632 -0.0371828 -0.04392792 0.99834251 -0.03554208 0.85645074 0.5150038 -0.03530322 0.95964175 0.27900067 -0.03402153 -0.99941587 -0.00323949 -0.03380818 -0.99942315 -0.00322991 -0.03115013 0.85788947 0.51288921 -0.03040854 0.06923481 0.99713689 -0.03010613 -0.87313366 0.48655039 -0.0300059 -0.99954969 -1.016e-05 -0.02888122 -0.86070377 -0.5082863 -0.02604429 -0.83976167 0.54233003 -0.0246213 -0.99969691 7.67e-05 -0.024336 0.99970263 -0.00155387 -0.02357803 -0.79420274 0.60719526 -0.02345314 0.35171151 0.93581462 -0.02316669 -0.96169984 0.27312395 -0.02187074 -0.96105403 0.27549383 -0.02168189 0.00199261 0.99976295 -0.01924836 -0.85815197 -0.51303488 -0.01828731 -0.52721703 -0.84953392 -0.01817399 -0.52719301 -0.84955132 -0.01762661 0.93846357 0.34492826 -0.01702737 0.01489492 0.99974412 -0.0163693 0.97822374 -0.20690653 -0.01613151 -0.00282648 0.99986589 -0.01497844 0.999879 -0.00418841 -0.01419188 0.85549873 0.51761031 -0.01381452 -0.01796414 0.99974322 -0.01229481 0.52166253 -0.85306329 -0.01182052 0.93837082 -0.34542781 -0.01129533 0.17061886 0.98527235 -0.0105219 0.02194393 0.99970376 -0.00800644 0.00563475 0.99995208 -0.00766375 0.00616727 0.9999516 -0.00715012 0.0052065 0.99996084 -0.00688093 0.00571198 0.99996001 -0.00613711 -0.00764878 0.9999519 -0.00563771 -0.00679037 0.99996108 -0.005532 0.11996603 0.99276251 -0.00314914 0.85602021 0.51693273 -0.00243499 -0.8577109 0.51412666 -0.00208076 -0.1559839 0.98775738 -0.00190873 0.85614187 0.51673728 -0.00179446 0.01624086 0.99986655 -0.00104963 -0.96344149 0.26791671 -0.00083731 -0.93770248 0.34743822 -0.00081573 -0.85675961 0.51571536 -0.00063693 -0.02179301 0.9997623 -0.00060508 0.9999963 -0.00263622 -0.00052734 -0.95136738 0.30805808 -0.00046588 0.13313916 0.99109727 -0.00032145 0.53124249 -0.84721977 -0.00019842 0.95151192 0.30761167 -4.982e-05 1.64e-05 -1 -4.37e-05 -1 -1.109e-05 -4.16e-05 2.502e-05 -1 -3.495e-05 1 3.876e-05 -3.003e-05 -6.32e-06 -1 -1.791e-05 -5.066e-05 -1 -1.638e-05 -4.976e-05 -1 -0 0 -1 -0 0 -0.99999994 1.16e-06 -5.117e-05 -1 2.17e-06 -0.85819012 0.51333201 3.61e-06 0.85827041 0.51319778 1.121e-05 -4.584e-05 -0.99999994 2.625e-05 -1 3.323e-05 4.367e-05 1 -1.109e-05 4.977e-05 1.44e-06 -1 5.121e-05 1.14e-06 -0.99999994 0.00040587 -0.17772624 0.9840799 0.00049944 -0.95310348 0.30264431 0.00072475 0.95566666 0.29444984 0.00084631 0.85679698 0.51565325 0.00097468 0.93817884 0.34614983 0.00104536 -0.85631794 0.5164479 0.00121615 0.96659857 0.25629234 0.00133243 -0.85348779 0.52111113 0.00290322 0.85770202 0.51413888 0.00339756 -0.85608816 0.5168187 0.00565006 0.00681329 0.99996078 0.00613752 0.00765148 0.99995184 0.00620041 -0.99998057 0.00061802 0.00633316 -0.99997973 0.00061892 0.00654256 0.69233185 0.72154957 0.00714752 -0.00521057 0.99996078 0.00801861 -0.00564674 0.99995196 0.00927758 0.96931154 -0.24566081 0.01101469 -0.85532695 0.51797158 0.01143803 -0.17920959 0.98374438 0.01335603 0.9999103 0.00096137 0.01347341 0.01750937 0.99975598 0.01627791 -0.97332543 -0.22885078 0.01672447 0.00312804 0.99985528 0.01740038 0.84404594 0.53598839 0.01856736 0.89941996 0.43669093 0.01891978 -0.52845722 0.84874916 0.02031783 0.82927489 -0.5584715 0.02076497 0.99385405 0.10873355 0.02356111 0.90315288 0.42867202 0.02389108 0.99971461 -5.31e-06 0.02424384 0.98360932 -0.17867547 0.02436784 0.99970311 -1.348e-05 0.0246186 0.99397343 0.10682136 0.02492944 0.84756023 0.5301134 0.02518416 -0.90067869 0.43375525 0.02787627 -0.96012676 0.27817196 0.02885992 0.07199734 0.99698716 0.03019731 0.8769716 0.47959247 0.03114649 -0.85789645 0.5128777 0.03250895 -0.28277919 0.95863396 0.03269573 -0.48126402 0.87596571 0.03617979 -0.85624784 0.51529664 0.03819463 0.65839028 0.75170708 0.04024098 0.85498548 0.51708853 0.04082014 -0.06365127 0.99713701 0.04121095 -0.99524885 0.08821261 0.04210171 -0.84656286 0.53062111 0.04271115 0.85436773 0.51791078 0.04394237 -0.07674181 0.99608213 0.04914124 0.06454362 0.99670416 0.05144649 -0.85621858 0.51404583 0.0529815 -0.85508752 0.51576966 0.05394136 -0.85654455 0.5132463 0.05533775 0.98408544 -0.16885988 0.05578059 -0.85422724 0.51689863 0.05714445 -0.85400361 0.51711923 0.05737776 0.40134838 0.9141264 0.05856594 -0.92279124 0.38082322 0.05884379 -0.92465878 0.37622285 0.05886506 0.88523144 0.46141106 0.06211065 -0.99780124 -0.02313063 0.06267544 -0.51900667 -0.85246933 0.06283177 -0.99802417 -2.263e-05 0.06287567 -0.9847638 0.16213238 0.0629133 -0.99801898 2.917e-05 0.06333444 0.05177928 0.99664819 0.06365826 -0.96620369 -0.24979629 0.06627601 0.28817436 0.95528167 0.07169104 -0.03549384 0.99679518 0.07206243 -0.82638532 -0.55847502 0.07539704 -0.06527516 0.99501485 0.07559071 -0.94364071 -0.32222411 0.07613961 -0.03855779 0.99635136 0.07624122 0.89713919 0.43511885 0.0785324 0.99153411 0.10340534 0.08018236 0.99173611 0.10015097 0.08136467 0.95742744 0.27696982 0.08200937 0.84938371 -0.5213654 0.08264332 -0.68934894 0.71969998 0.08302157 -0.68897474 0.72001463 0.08336587 0.4330788 0.89749247 0.08346891 -0.99651039 -7.38e-05 0.08498964 -0.96937996 -0.23038886 0.08562645 0.63715279 0.76596636 0.0861773 -0.89593989 0.43573514 0.08637468 -0.99046075 0.10736351 0.08650257 -0.99043584 0.10749061 0.08654343 0.08842786 0.99231583 0.08678342 0.85102475 -0.51790488 0.08691398 -0.99621576 -1.455e-05 0.08744027 0.99616981 -1.581e-05 0.08771691 0.88161391 -0.4637486 0.08866194 -0.85398859 0.5126816 0.09083077 0.99586636 -7.422e-05 0.09185772 -0.73047721 0.67673135 0.09586615 -0.81736147 0.56809324 0.09617127 0.79450983 0.59958762 0.09664004 -0.52134037 -0.84785903 0.09840354 -0.09614114 0.99049163 0.10129989 0.96518832 0.2411429 0.10244321 0.5667187 0.81751776 0.10558043 -0.85174918 0.51320183 0.1070183 -0.84601033 0.52231556 0.10845353 0.50987315 -0.85338575 0.10912458 -0.65527982 0.74746257 0.10935553 -0.88876283 0.44513118 0.11049914 0.51612598 -0.84935504 0.11112773 0.99380612 -0.00011031 0.11203827 -0.01529909 0.99358606 0.11221438 0.99365479 0.00761451 0.11231358 0.99364364 0.00761962 0.11587715 0.99326354 0.00011186 0.11711493 0.00787757 0.99308717 0.11736384 0.00047808 0.99308878 0.11895975 -0.51060098 -0.85154873 0.12000137 -0.99274325 -0.00778259 0.12787357 -0.72639185 0.67528003 0.12883341 0.20849617 0.96950048 0.12915653 0.96880102 -0.21152596 0.13156748 -0.83756536 -0.53025854 0.13169242 0.77440417 0.61883396 0.1357895 -0.25816149 0.95651132 0.13614155 -0.10704909 0.98488879 0.13709432 0.89452118 0.42548454 0.14032626 0.50209081 -0.85335416 0.14058806 0.50204337 -0.85333902 0.14399643 -0.77568531 0.61447316 0.14506944 -0.98942155 -7.355e-05 0.14547709 -0.83719176 -0.52720624 0.14588501 0.40572613 0.90227705 0.14637153 -0.96735924 -0.20686071 0.14637434 0.24528107 0.95833808 0.14934807 -0.98743641 0.05161787 0.14942668 -0.98877275 2.16e-06 0.15433261 -0.52609587 0.83630413 0.15498653 -0.98791659 7.402e-05 0.15927106 -0.95589554 -0.24677208 0.1638436 -0.92784363 0.33505434 0.16695517 0.49423924 -0.85314333 0.16701072 -0.11102907 0.97968364 0.16907787 0.83781445 -0.51911426 0.16932075 0.98556101 -0.00028482 0.16995808 0.56694204 0.80603409 0.17095406 0.13847189 0.97550005 0.1714039 0.83609611 -0.52111799 0.17362429 0.98481196 -8.104e-05 0.17473908 -0.98461455 -0.00068755 0.17525688 -0.49412325 -0.85154408 0.17598677 -0.80793577 0.56237769 0.17845038 -0.49295336 -0.85155874 0.18109381 0.79095328 0.58446378 0.18331786 -0.98301637 -0.00855984 0.18481648 0.9012993 -0.39179385 0.18754776 0.89966232 -0.39425075 0.1881545 0.78853798 0.58549619 0.1899657 0.95862657 -0.21200997 0.19507931 0.90199274 0.38516653 0.19729361 0.97445595 0.10728865 0.19732383 0.74807107 0.6336031 0.19762237 0.98027831 -6.31e-06 0.19800532 0.98020095 -1.299e-05 0.19925709 -0.86342072 0.46346667 0.20186661 -0.15891473 0.96643466 0.20836994 0.97805005 0.00032446 0.20869741 0.97795635 -0.00683186 0.20985518 0.47959533 -0.85202652 0.21297656 0.80403751 -0.55512583 0.21660382 -0.10471887 0.97062695 0.2180277 -0.82513165 -0.52117318 0.21864903 -0.33991826 0.91468465 0.21946347 -0.11930971 0.9682979 0.22106071 -0.82567 -0.5190388 0.22327377 0.97475356 0.00204629 0.22346005 0.50455016 0.83396327 0.22358346 0.97468263 0.00203562 0.22472447 0.78077805 0.58299607 0.22531334 -0.94595826 -0.23323129 0.22649184 -0.85714012 -0.46261463 0.2266424 -0.9739781 7.605e-05 0.22761287 0.72432947 0.65079898 0.22815557 -0.97362447 -0.00065434 0.22893241 0.91149932 -0.34170008 0.23034406 0.9702574 0.0744463 0.23447268 -0.63872039 0.73284292 0.23492216 -0.38730815 0.89151782 0.23640268 -0.97165507 -0.00043644 0.23755023 -0.9713701 0.00317218 0.23767807 -0.87637258 0.41890374 0.2402363 0.77457023 0.58508766 0.24245843 0.76220393 0.60021579 0.24250056 0.96494597 -0.1003629 0.24467251 0.92907208 0.27741748 0.25242984 -0.6332559 0.73161882 0.25331804 -0.96738309 -9.46e-06 0.25430819 -0.95044374 -0.17884049 0.25544783 0.02205466 0.96657127 0.25644466 -0.96257865 0.08762757 0.2567921 -0.96054798 0.10679522 0.25869882 -0.965958 8.022e-05 0.25910345 0.96584958 7.774e-05 0.26065123 -0.95928234 0.10880451 0.26426655 0.96444964 -8.43e-06 0.26471162 -0.78620887 -0.5583936 0.26630521 0.57119709 0.77641195 0.26759514 -0.96352595 0.00324364 0.26941577 0.96299654 0.00727042 0.26942018 0.96301842 -0.00288342 0.2697832 0.96291685 -0.00289686 0.27372992 0.56365341 0.77933729 0.27957314 0.9601078 0.00564945 0.27976125 -0.89771581 -0.3403531 0.28639978 -0.43927905 -0.85147458 0.2879332 -0.65756023 0.69621044 0.29306027 -0.95608383 0.004383 0.29377797 -0.93085599 0.21725927 0.29543868 0.76271713 0.57530731 0.29941139 -0.95412254 0.00175137 0.30266976 0.77229941 -0.55852014 0.30475703 -0.91062593 0.27907634 0.30662206 -0.73343194 0.60668004 0.30677974 0.13902579 0.94157213 0.30910397 -0.95102811 0.00044244 0.3129831 0.80796111 0.49923992 0.31462741 0.94921488 -0.0008723 0.31529543 -0.42763343 -0.84718263 0.31537908 -0.4275828 -0.84717709 0.31652671 0.14279258 0.9377746 0.31857699 -0.94789696 -1.271e-05 0.31941915 0.94761217 0.00165893 0.31944188 0.94760573 -0.00059689 0.3209103 -0.94710964 2.949e-05 0.32131884 0.48633957 0.81254417 0.32420152 0.92696214 -0.18877095 0.32690516 -0.73411638 0.59515226 0.32728383 0.4138132 -0.84949625 0.32728422 -0.72292012 0.60849953 0.33121112 0.71775395 0.61247724 0.33548662 -0.94203806 -0.00361702 0.3354916 -0.94204324 0.00013711 0.33738801 0.93977207 -0.05475317 0.33746767 0.7793979 -0.52787715 0.33778557 0.94122303 0.00023822 0.34038541 -0.94028449 -0.00171154 0.34307072 0.74323297 0.57437539 0.34493935 -0.31464118 0.8843177 0.3478758 -0.80004627 0.4887825 0.34815159 0.93595725 -0.05267302 0.34834719 -0.63066876 0.69347751 0.34940487 0.89800757 0.26739228 0.3502382 -0.75196344 -0.55846608 0.35131252 0.39327946 -0.8496533 0.35199213 -0.71348947 0.60583359 0.35281503 -0.62460208 0.69670212 0.35294247 -0.60376322 0.71477371 0.35620028 0.76309031 -0.53927219 0.35954833 0.8684085 -0.34145513 0.36097816 0.37906712 -0.85205805 0.36309859 0.17395771 0.91536766 0.36464992 0.37598646 -0.85185951 0.3646524 0.93114376 -1.164e-05 0.36465755 0.37597579 -0.85186106 0.36469603 0.37595642 -0.85185307 0.36470357 0.37594572 -0.85185456 0.36682782 -0.43716142 0.82117432 0.36722577 0.59322298 0.71640193 0.36807498 0.92979616 -7.47e-05 0.37253383 -0.92801726 -0.0016007 0.37326175 0.92772478 -0.00153995 0.37514305 0.86045057 -0.3448081 0.37698132 0.81659752 0.43709671 0.37723172 0.6672641 0.64222652 0.37955928 -0.36044055 -0.85206646 0.38284624 -0.66262048 0.6437102 0.38334268 0.81808221 0.42870718 0.38977751 0.83593869 -0.38636753 0.39224219 -0.03984708 0.91899854 0.39252082 0.52233195 0.75703156 0.39262551 0.40695611 0.82476181 0.39263234 -0.89356279 -0.21768181 0.39661467 -0.91582084 -0.06299951 0.39739916 -0.85757285 -0.32656199 0.40218952 0.91555583 -0.00107483 0.40233094 -0.91332251 -0.06302251 0.40430403 0.67627585 0.61578339 0.40661967 -0.34189856 -0.84721053 0.40886503 -0.82838899 -0.38288531 0.40888461 -0.7504971 -0.51919883 0.40888545 -0.88243186 -0.23265126 0.41048315 0.91186804 -0.0003417 0.4109621 -0.88197333 -0.23072325 0.41393101 -0.32714811 -0.84949112 0.41658109 0.54207063 0.72980797 0.417198 -0.31625068 -0.85201603 0.41723278 -0.31622079 -0.85201013 0.41925219 -0.90786982 -7.582e-05 0.41930461 0.90784556 5.106e-05 0.42038664 0.88351065 -0.20660125 0.42198753 -0.90513074 0.05162264 0.42251775 -0.90635467 -1.415e-05 0.42272201 0.9062593 -1.349e-05 0.42416888 0.30379561 0.85310549 0.42525354 -0.74929047 -0.5076645 0.42789227 -0.77936828 0.45770448 0.42799905 0.48788515 0.76077908 0.42883456 -0.90334105 0.00871583 0.42929357 -0.77714962 0.46015808 0.43004927 -0.90280426 -0.00146001 0.43501249 0.24623464 0.86610198 0.43535915 0.63956648 0.63357502 0.4394196 -0.65808219 0.61142319 0.43946066 0.89823973 0.00629346 0.44346914 0.83420372 0.32777923 0.44539207 0.72956979 -0.51899308 0.44711807 0.72696733 -0.52115631 0.44945386 0.27625644 -0.84951371 0.45163283 -0.09449448 0.88718569 0.45584643 0.88357931 0.10719931 0.45709541 -0.8894093 0.00385307 0.45709839 -0.88940775 0.00385843 0.45934159 -0.49200821 0.7395494 0.46082693 -0.8444621 0.27298781 0.46241206 -0.84206438 0.27767345 0.46441475 0.75512946 -0.46270797 0.46668488 0.61578691 0.63483196 0.47261277 0.85519707 -0.21277933 0.47272551 -0.8812086 0.00145574 0.47318232 -0.18410134 0.86151344 0.47369716 -0.88068771 -7.65e-06 0.47662801 -0.84401882 -0.24588187 0.47852099 -0.87807608 8.068e-05 0.47966841 0.87744868 0.00144022 0.48152867 0.79391944 0.3712441 0.4819304 -0.61324924 0.62583423 0.48419026 0.60372239 0.63330805 0.48520499 -0.33984622 0.80565548 0.48574275 -0.87409985 0.00187378 0.48583612 0.19020687 -0.85310298 0.48706505 -0.70083976 -0.52114421 0.48944125 -0.19596706 -0.8497318 0.48955309 0.86614537 0.10064795 0.49003118 -0.70031953 -0.51905882 0.49043614 0.7000677 -0.51901603 0.49433485 -0.16673575 -0.85313088 0.49816731 0.82145935 0.27754974 0.50339079 0.58356231 0.63722271 0.50351191 0.1461332 -0.85154027 0.50351906 0.14605571 -0.85154945 0.50365889 -0.45792016 0.73255503 0.50403088 0.67566925 -0.53798133 0.50594598 -0.72802943 -0.46259239 0.50837845 -0.13986047 -0.84970021 0.5083825 -0.13978994 -0.84970939 0.50980312 -0.11093576 -0.85310847 0.50980961 -0.11077843 -0.85312492 0.51045877 -0.60808998 0.60799539 0.51231295 -0.47310367 0.71673459 0.51670688 0.10608971 -0.84956396 0.51687247 -0.73622203 0.43682933 0.51699293 0.10539326 -0.8494767 0.51757002 -0.73512584 0.43784842 0.51870137 0.81962621 0.24323183 0.51912183 -0.45148808 0.725721 0.52027774 -0.58092093 0.62597281 0.52131927 0.85336179 8.047e-05 0.52189493 0.07107445 0.85004354 0.52240688 -0.03313759 -0.85205215 0.52476031 0.83866388 -0.14584099 0.52608114 0.85043436 -9.55e-06 0.52700126 -0.01569761 -0.84971952 0.53021306 -0.66440237 -0.52672905 0.5315637 -0.81726694 -0.22251908 0.53321368 -0.84138221 0.0880869 0.53742206 0.71758795 -0.44299543 0.5386855 -0.6591385 -0.52474231 0.53988552 0.74842221 0.38521135 0.54731387 -0.83692443 -0.00222973 0.54873204 0.62211341 -0.55845159 0.55269569 -0.78661537 0.27525201 0.5531646 -0.78569043 0.27694666 0.5556944 0.82734883 -0.08183929 0.55604655 0.26634297 0.78732061 0.55620617 0.6353029 0.53574723 0.55959719 -0.08335004 0.82456273 0.56417823 -0.80607373 -0.17874032 0.56461966 0.8057732 -0.17870151 0.56882423 -0.82245916 -8.89e-06 0.57002419 0.81448478 0.10810595 0.57018602 -0.81442553 0.10769851 0.57025862 0.8214637 -0.00157258 0.570638 0.6518178 0.49950555 0.57075012 0.8140834 0.10729651 0.57146847 -0.81330472 0.10935794 0.57340395 -0.81927276 8.098e-05 0.57382941 0.81897491 1.182e-05 0.5748055 0.20113935 0.79318446 0.57786757 0.81613058 -7.308e-05 0.5782277 -0.04458719 0.81465608 0.57984519 0.81472564 0.00127955 0.5801425 0.37761453 0.72169381 0.58069956 -0.81407982 0.00787666 0.58075505 -0.36069924 0.72980791 0.58245796 0.7745856 -0.24649541 0.58372349 -0.50322771 0.63720387 0.58657891 -0.58659381 -0.55842 0.58667248 0.58646619 -0.55845571 0.58774555 -0.38460082 0.71178472 0.58940762 0.45139951 0.66995305 0.5899089 0.45545051 0.66676259 0.59052742 0.45541111 0.66624171 0.59148622 0.14312904 -0.79351002 0.59341586 -0.80484664 -0.00892101 0.59356326 -0.80473775 -0.00892411 0.59475255 0.59915012 0.53599298 0.59515542 0.72029483 -0.35632211 0.59602541 0.75343907 0.27763891 0.59673584 0.47424001 0.6473043 0.60488266 0.49362779 0.62485886 0.60581493 0.48105112 0.63370192 0.60804433 -0.03539855 0.79311347 0.61039197 0.61490709 0.49931028 0.61054325 -0.76521349 -0.20416942 0.61079192 0.29259017 0.7357474 0.61200112 -0.40808788 0.67743552 0.61244506 0.41052249 0.67556083 0.61270356 -0.35995412 0.70358181 0.61317194 0.48202613 0.62583625 0.61414903 0.1357027 0.77743542 0.61438119 -0.46529314 0.63721108 0.61821789 -0.78600568 -0.00139028 0.61980832 0.78471142 -0.00810566 0.6210866 -0.78374189 -7.444e-05 0.62118357 0.78366399 -0.00127566 0.62218744 -0.54872096 -0.55837983 0.6228227 -0.78066146 0.05157131 0.62331128 -0.20689951 0.75410581 0.62384599 -0.78154725 -1.399e-05 0.63470554 0.44169116 0.63408029 0.63498425 0.77252454 0.00087066 0.63621849 -0.47974911 0.60420769 0.64399201 0.2696138 0.71594876 0.65114027 -0.75895733 0.00044192 0.65769041 0.75328285 0.00288969 0.66127217 0.75014615 -1.472e-05 0.66156501 -0.61462504 0.42961347 0.66177166 -0.70769459 -0.2474404 0.66381955 0.7478928 -7.301e-05 0.66647857 -0.74552321 -0.00117029 0.66667521 0.74533564 0.00436179 0.66759205 -0.12436998 0.73406613 0.66795254 0.53346419 -0.51889825 0.66847646 -0.58621818 0.45769775 0.6687178 0.53028399 -0.52116728 0.66890579 0.70569283 0.23358618 0.66989064 0.66664392 -0.32685208 0.67052364 -0.70503885 -0.23090725 0.67355168 0.14022116 0.7257176 0.67636502 -0.40419731 0.61575562 0.6767469 -0.66455287 -0.31683293 0.68238288 -0.6936475 -0.2306657 0.68556273 -0.33413139 0.64680755 0.68817252 0.68805343 -0.23021978 0.68940133 0.68612462 -0.23229027 0.68978488 -0.68986219 -0.21974295 0.69055355 0.72323883 -0.00784482 0.69246387 -0.63561606 -0.34130049 0.69317788 -0.72076648 0.00049119 0.69326329 -0.03830242 0.71966588 0.69645607 0.71759814 -0.00135393 0.69651759 0.71753842 -0.00135471 0.69653058 0.71752644 0.00097461 0.69659221 0.71746659 0.0009748 0.69750082 -0.49198365 -0.5210036 0.69870508 -0.39669183 0.59535444 0.69995195 -0.36154601 0.6159153 0.70003992 -0.49052188 -0.51897246 0.70030749 0.49018463 -0.51893008 0.70085341 0.48707962 -0.5211122 0.70365989 0.19328918 0.68374115 0.70380515 0.71039033 0.0019335 0.70381981 -0.71037859 -7.356e-05 0.70418763 -0.05432089 0.70793289 0.70589155 -0.70643973 0.0515758 0.7063213 0.7060113 0.05155698 0.70687294 -0.34516835 0.61740547 0.70692027 -0.70729321 1.45e-06 0.7072311 0.70698249 8.091e-05 0.70948863 -0.2085263 0.67315871 0.71124166 0.70294768 -1.071e-05 0.71155125 0.35144469 0.60842544 0.71187192 -0.7022801 0.00640145 0.71790361 0.59391314 -0.36315495 0.7184062 0.17775761 0.67252862 0.71945167 0.57039952 -0.39627457 0.72021818 -0.07020728 0.69018596 0.72052056 -0.0453117 0.69195157 0.72270399 0.32771295 0.6085254 0.72354954 -0.6346547 0.27145797 0.72360396 0.69021308 0.00173344 0.72367722 0.69013643 0.00173268 0.72414309 0.58109152 0.37141544 0.72421098 -0.68956375 -0.00450294 0.72453028 -0.63218689 0.27458265 0.72482252 -0.68194681 0.09788139 0.72804832 0.50603008 -0.46247071 0.72841549 0.39682814 -0.5585143 0.72951657 -0.44546589 -0.51900458 0.72969508 0.58554882 0.35309738 0.73085856 0.68071061 -0.04978808 0.73358637 0.30633983 0.60663575 0.73722035 -0.49370003 0.46126604 0.7383166 0.06077167 0.67171073 0.73884267 -0.51470762 0.43495712 0.73953718 -0.52158922 -0.42547557 0.7429477 -0.43633714 -0.50758106 0.74567318 0.6663115 -0.00066467 0.74635959 0.66549802 0.00773723 0.7464723 0.54321539 0.38431242 0.74660784 -0.66526443 -8.69e-06 0.74663794 0.62916273 -0.21606937 0.75038546 -0.66100043 8.302e-05 0.75154018 0.59777272 0.27902538 0.75183141 -0.35082313 -0.55827647 0.75198925 0.35053021 -0.55824786 0.7537623 -0.65714681 -0.00071834 0.75540173 -0.65525913 0.00195628 0.75571543 0.44607261 0.47949287 0.75599873 -0.43735173 0.48702112 0.75868756 0.6514526 -0.00170267 0.75889146 0.6512171 0.00043692 0.76343906 0.64451903 0.04190626 0.76538873 -0.64356279 -0.00265311 0.76727068 0.21174495 0.60535926 0.76815999 -0.51299065 -0.38310683 0.77354664 0.26982772 0.57342702 0.77448243 -0.21564287 0.59470594 0.77448523 -0.24048015 0.58509994 0.777578 -0.62267375 0.08746365 0.78072393 -0.22489242 0.58300376 0.78189868 0.62340552 8.174e-05 0.78336042 0.58031094 -0.22267841 0.78351873 -0.6213668 -0.00126081 0.78494728 -0.61955792 -0.00240799 0.78541631 0.61896789 -9.52e-06 0.78564107 0.61868101 -0.00137316 0.78790551 -0.19073622 0.58551222 0.78891236 -0.54954809 0.27498034 0.78909004 -0.54906899 0.2754271 0.79146445 -0.31024605 -0.52662259 0.79194504 -0.17873608 0.58384627 0.79252255 0.05001825 0.60778803 0.79610932 -0.60514295 -0.00344678 0.79615474 -0.3014774 -0.52464181 0.79616076 -0.60507274 -0.00386573 0.79980963 -0.5978905 -0.05321185 0.80606049 0.56419933 -0.17873384 0.8065291 -0.58860326 -0.05529066 0.80787855 0.17612232 0.56241721 0.80978596 0.26933268 -0.52125484 0.81016791 0.27271116 -0.51889944 0.81235486 0.57294863 0.10867206 0.81293744 0.52895391 -0.24359876 0.81321234 -0.16401948 -0.55837548 0.81356329 0.38742253 0.43361104 0.81429452 0.58044291 0.0032269 0.81453758 -0.58010942 0.00128458 0.81480265 0.5698331 0.10670959 0.81704605 0.38196108 0.43190464 0.81783032 0.57545948 2.841e-05 0.81885201 -0.57400471 -1.361e-05 0.81931365 0.57334554 -1.586e-05 0.81966734 0.22996965 -0.52465177 0.82024235 -0.57201618 2.796e-05 0.82028395 0.12367775 -0.55842465 0.82115722 0.21971503 -0.52671248 0.82143879 -0.57029533 -0.00125553 0.82341629 -0.22418733 -0.5212732 0.82576114 -0.2214005 -0.51874882 0.82632107 -0.07257535 -0.55850363 0.8281194 0.09734707 0.55203426 0.8307929 0.00301736 0.55657351 0.83388853 0.30124483 0.4624733 0.83559924 0.10203967 0.53977942 0.83597815 0.22540408 0.50033337 0.84598064 -0.48605266 -0.21924755 0.84709984 -0.40467647 -0.34446862 0.84729433 0.04183164 0.52947378 0.8492831 -0.52793604 0.00125857 0.85049635 -0.01150203 0.5258553 0.85090876 0.4833042 0.20584288 0.85103297 -0.52511209 -7.207e-05 0.8515954 0.52418953 -0.00323531 0.85165256 0.0743525 -0.51880598 0.8531189 -0.02355673 -0.52118444 0.85330641 -0.52140975 2.41e-06 0.85426188 0.05627619 0.51678777 0.85431236 -0.34866795 0.38546202 0.85437948 0.05554788 0.51667219 0.85438257 -0.04258787 0.51789659 0.8544175 0.08325329 0.51287383 0.85446149 -0.02085326 -0.51909596 0.85487223 -0.04063043 0.51724511 0.85512823 0.05309341 0.51569062 0.85543424 0.01377055 0.51772821 0.85602599 0.00422911 0.51691562 0.85620189 0.03637973 0.51535904 0.85620254 0.05196385 0.51402026 0.85633934 0.00104247 0.51641232 0.85646707 0.05397521 0.51337188 0.85650522 0.28700939 0.42898059 0.85679275 -0.000866 0.51566023 0.85687023 0.50606704 0.0983336 0.85695386 0.08933771 -0.50759137 0.85704947 0.07633527 0.50954807 0.85773534 -0.00288766 0.5140835 0.85791326 0.0311567 0.51284885 0.85830063 -3.6e-06 0.51314729 0.85940409 -0.22792338 0.45768481 0.8605752 0.46964279 0.19709405 0.86083478 0.39396578 -0.32210925 0.86424387 0.50307262 0.00068915 0.86580825 -0.25622708 0.42979497 0.8671065 -0.49268514 -0.07340042 0.86904579 -0.44210196 -0.22204755 0.86951292 0.29721996 -0.39447111 0.87024111 0.28946227 -0.39861247 0.87086743 -0.04573827 0.48938543 0.87337989 -0.00084325 0.48703873 0.87522721 -0.41540921 0.2478154 0.87562865 0.48294625 0.006111 0.8766433 0.44987297 -0.17061868 0.8779431 0.47876504 -1.426e-05 0.87962168 0.47567379 -7.453e-05 0.88104421 -0.47294495 0.00917968 0.88118935 0.47276118 0.00145891 0.88159245 -0.17305499 0.43914324 0.88182789 0.41134271 -0.23060095 0.88332909 -0.02742279 0.46795049 0.88519073 -0.18017703 0.42892164 0.88607985 0.39046842 -0.24979424 0.88624483 -0.02444029 -0.46257201 0.8872897 -0.45407262 -0.08084022 0.88777024 -0.24164362 -0.39175549 0.88847387 -0.40284821 0.21983506 0.88998145 0.45578134 0.01401369 0.89294964 0.37448552 0.24980307 0.89295971 0.354478 0.27743191 0.89370805 0.2410751 0.37837657 0.89517564 -0.4456245 0.00890704 0.8952958 -0.44538325 0.00889597 0.90107125 0.42005694 0.10780893 0.90137708 0.41954857 0.10722999 0.90140617 0.39549059 0.17622197 0.90263814 0.43039697 -0.00169971 0.90397751 -0.42757994 -8.89e-06 0.90439904 0.0814396 0.41884354 0.90630382 -0.42262676 7.921e-05 0.90640229 0.42241555 1.45e-06 0.90666997 0.42184079 -9.42e-06 0.90743464 -0.21124777 -0.36323109 0.90917754 0.4092139 -0.07707287 0.90993553 -0.41474265 0.00241052 0.9114179 -0.35749647 -0.20374884 0.91423607 0.12511043 0.3853828 0.91815954 -0.24350595 0.31255063 0.91991395 -0.38956302 -0.04471162 0.92032784 0.04466929 -0.38858896 0.92411888 0.05741167 0.37776744 0.9266057 -0.19393137 -0.32216832 0.92670119 -0.36297768 0.09732525 0.92759329 -0.37358847 -0.00155467 0.92781872 0.37302804 -0.00159185 0.9281078 -0.37230667 -0.00192961 0.9283185 -0.35582209 0.10777516 0.92949516 0.032663 0.36738512 0.92987669 0.02899113 0.36672729 0.9309411 0.36516076 -0.00248679 0.9309417 -0.36516777 -1.483e-05 0.93178135 0.05757917 0.35842466 0.93186891 -0.362795 2.883e-05 0.93309319 0.35963407 0.00060585 0.93540996 0.1430023 -0.32335511 0.93601692 -0.34796292 -0.05285963 0.93693954 -0.27341422 -0.21769011 0.93830866 -0.00096782 0.34579733 0.9412815 -0.33762273 0.0002513 0.943452 -0.33148038 0.00437519 0.94490784 -0.21174893 -0.24962313 0.94572604 0.25299257 -0.2039533 0.94775468 -0.31898507 0.00311865 0.94775939 0.31898618 8.096e-05 0.94837838 0.23169354 -0.21655644 0.949453 -0.31390527 -0.00154226 0.94952303 0.31369719 -8.84e-06 0.9507637 0.30991629 0.00044796 0.95125282 -0.13203713 0.27871886 0.95141041 -0.00064678 0.30792508 0.95286429 0.00031815 0.30339658 0.953062 -0.17746991 -0.24531068 0.95380402 -0.19254525 -0.23061697 0.95657247 0.08819169 0.27783337 0.95699668 0.08620074 0.27699581 0.95809883 -0.28643793 -0.00019137 0.95843482 0.08398149 0.27267164 0.95856291 -0.20781781 -0.19485635 0.96036917 0.27872592 -0.00173618 0.96037292 0.27857533 -0.00892203 0.9604097 0.27858597 -0.00174518 0.96117055 -0.00879239 0.27581486 0.96386772 -0.00118775 0.26637888 0.96398574 -0.26587656 -0.00641975 0.96402043 -0.26575053 -0.00642118 0.96462071 0.25851896 0.05171901 0.96493876 -0.26247549 -7.666e-05 0.96552861 0.12415944 -0.22877696 0.96588534 -0.25897014 -1.443e-05 0.96593916 0.25876918 -9.28e-06 0.96601796 0.25847507 -1.45e-05 0.96854341 0.11097598 -0.22272837 0.96991163 -0.12043684 0.21158065 0.97166628 0.23635443 -0.00110557 0.97327048 0.22424069 -0.04960534 0.97467941 -0.19624281 0.10718617 0.97512549 -0.19315469 0.1087276 0.97546083 0.06384429 0.21071358 0.97725731 -0.21199301 -0.00520891 0.97733361 -0.21170291 -0.0008789 0.9784838 0.20627995 0.00423427 0.97858095 0.20581812 0.00424727 0.97920471 -0.20287471 -1.021e-05 0.97940409 0.20174657 -0.00811647 0.97971529 0.2003797 -0.00243818 0.98032635 -0.1973836 7.999e-05 0.98246312 0.14525431 0.11690734 0.98357642 -0.02422714 -0.17885885 0.98417318 0.14214242 0.10582373 0.98445517 0.15171963 0.08848368 0.98458177 0.1749239 -0.00068199 0.98481083 -0.17363088 -0.00010668 0.98535216 0.17052849 0.00110206 0.9854573 -0.16992296 -0.00028171 0.98794293 0.1548062 0.0019262 0.9880203 0.15432428 0.00011008 0.9883855 -0.13441572 0.07089792 0.98841959 0.15174548 2.726e-05 0.98878622 0.14933756 -1.448e-05 0.99354726 -0.11341877 -1.913e-05 0.99376559 -0.11148991 -0.00010911 0.99567324 -0.09292408 -9.32e-06 0.99618345 -0.08728415 8.185e-05 0.9962303 0.0867476 -1.455e-05 0.99652499 0.08329341 -7.399e-05 0.99654686 -0.08247038 0.00964655 0.9968729 -0.07898407 0.00241778 0.99727339 0.00667732 -0.0734937 0.99743092 -0.00504737 -0.07145745 0.99790859 -0.06463226 0.00106519 0.99802101 0.06288184 -7.28e-06 0.99802482 0.06282084 -4.593e-05 0.99836093 -0.02472042 0.05161706 0.99882311 -0.04842779 0.00266009 0.99953669 -0.030426 0.00071491 0.99957556 -0.02913456 -7.498e-05 0.99969393 -0.02473752 4.6e-07 1 -5.241e-05 -1.663e-05 1 3.497e-05 3.878e-05</float_array>
          <technique_common>
            <accessor source="#normals-array" count="1559" stride="3">
              <param name="X" type="float" />
              <param name="Y" type="float" />
              <param name="Z" type="float" />
            </accessor>
          </technique_common>
        </source>
        <vertices id="vertices">
          <input semantic="POSITION" source="#positions" />
        </vertices>
        <triangles count="1704" material="MATERIAL">
          <input semantic="VERTEX" source="#vertices" offset="0" />
          <input semantic="NORMAL" source="#normals" offset="1" />
          <p>0 756 1 756 2 756 3 758 1 758 0 758 4 674 5 674 6 674 7 880 4 880 6 880 5 680 8 680 6 680 8 860 9 860 6 860 9 876 7 876 6 876 10 578 11 578 5 578 4 580 10 580 5 580 12 879 4 879 7 879 13 991 12 991 7 991 12 829 14 829 4 829 11 583 8 583 5 583 9 988 13 988 7 988 15 587 10 587 4 587 14 588 15 588 4 588 13 994 16 994 12 994 17 865 9 865 8 865 10 473 18 473 11 473 19 1091 16 1091 13 1091 11 586 20 586 8 586 17 971 21 971 9 971 22 663 23 663 14 663 12 878 22 878 14 878 18 480 20 480 11 480 9 1081 24 1081 13 1081 24 1083 19 1083 13 1083 25 1012 12 1012 16 1012 23 591 15 591 14 591 26 899 22 899 12 899 25 981 26 981 12 981 27 567 8 567 20 567 21 1074 24 1074 9 1074 8 696 28 696 17 696 28 863 29 863 17 863 23 517 30 517 15 517 27 609 31 609 8 609 31 690 28 690 8 690 29 965 32 965 17 965 32 962 21 962 17 962 33 369 34 369 18 369 10 373 33 373 18 373 35 1181 16 1181 19 1181 34 379 20 379 18 379 24 1177 35 1177 19 1177 36 390 33 390 10 390 15 391 36 391 10 391 37 1171 25 1171 16 1171 35 1185 37 1185 16 1185 38 601 31 601 27 601 32 1043 39 1043 21 1043 34 377 40 377 20 377 40 402 27 402 20 402 21 1143 41 1143 24 1143 42 425 36 425 15 425 30 397 42 397 15 397 43 1039 26 1039 25 1039 44 1153 43 1153 25 1153 37 1172 44 1172 25 1172 33 288 45 288 34 288 46 1275 37 1275 35 1275 40 420 47 420 27 420 47 453 48 453 27 453 48 508 38 508 27 508 39 1134 49 1134 21 1134 49 1131 41 1131 21 1131 50 682 23 682 22 682 26 872 50 872 22 872 45 300 40 300 34 300 24 1252 51 1252 35 1252 51 1256 46 1256 35 1256 52 873 50 873 26 873 44 1151 53 1151 43 1151 41 1251 51 1251 24 1251 54 564 30 564 23 564 50 557 54 557 23 557 43 1006 52 1006 26 1006 47 443 55 443 48 443 40 319 56 319 47 319 56 337 55 337 47 337 49 1197 57 1197 41 1197 58 1148 43 1148 53 1148 54 466 42 466 30 466 58 1047 52 1047 43 1047 33 232 59 232 45 232 60 1330 37 1330 46 1330 51 1415 60 1415 46 1415 59 144 61 144 45 144 61 230 40 230 45 230 52 819 62 819 50 819 63 218 59 218 33 218 36 222 63 222 33 222 60 1340 44 1340 37 1340 61 242 56 242 40 242 41 1306 64 1306 51 1306 56 341 65 341 55 341 66 264 63 264 36 264 42 278 66 278 36 278 67 1305 53 1305 44 1305 60 1339 67 1339 44 1339 62 570 54 570 50 570 57 1268 68 1268 41 1268 68 1265 64 1265 41 1265 69 310 66 310 42 310 70 1232 58 1232 53 1232 67 1303 70 1303 53 1303 56 306 71 306 65 306 72 89 73 89 59 89 73 145 61 145 59 145 51 1434 74 1434 60 1434 74 1458 75 1458 60 1458 52 834 76 834 62 834 63 127 72 127 59 127 75 1436 67 1436 60 1436 54 393 69 393 42 393 62 524 77 524 54 524 78 1057 52 1057 58 1057 76 694 79 694 62 694 64 1378 74 1378 51 1378 61 193 80 193 56 193 80 234 71 234 56 234 68 1315 81 1315 64 1315 78 978 76 978 52 978 77 433 69 433 54 433 82 1128 78 1128 58 1128 70 1218 82 1218 58 1218 80 233 83 233 71 233 79 520 77 520 62 520 72 51 84 51 73 51 74 1475 85 1475 75 1475 84 73 61 73 73 73 86 1497 85 1497 74 1497 63 120 87 120 72 120 88 701 79 701 76 701 84 74 89 74 61 74 89 105 80 105 61 105 64 1435 90 1435 74 1435 90 1452 86 1452 74 1452 91 142 87 142 63 142 66 143 91 143 63 143 92 1410 70 1410 67 1410 75 1457 92 1457 67 1457 81 1370 93 1370 64 1370 93 1369 90 1369 64 1369 94 240 91 240 66 240 69 243 94 243 66 243 92 1414 95 1414 70 1414 80 207 96 207 83 207 95 1280 82 1280 70 1280 78 956 88 956 76 956 79 535 97 535 77 535 82 1120 98 1120 78 1120 77 358 94 358 69 358 72 24 99 24 84 24 100 1536 75 1536 85 1536 86 1547 100 1547 85 1547 99 10 101 10 84 10 101 31 89 31 84 31 87 38 99 38 72 38 100 1512 92 1512 75 1512 88 616 97 616 79 616 98 964 88 964 78 964 89 132 102 132 80 132 102 170 96 170 80 170 93 1371 103 1371 90 1371 92 1419 104 1419 95 1419 102 169 105 169 96 169 104 1260 82 1260 95 1260 88 620 106 620 97 620 107 961 88 961 98 961 77 381 108 381 94 381 109 1190 98 1190 82 1190 104 1274 109 1274 82 1274 97 442 108 442 77 442 102 187 110 187 105 187 111 1385 90 1385 103 1385 89 83 101 83 102 83 112 1459 86 1459 90 1459 111 1405 112 1405 90 1405 113 1548 100 1548 86 1548 112 1507 113 1507 86 1507 87 45 114 45 99 45 115 1496 92 1496 100 1496 113 1529 115 1529 100 1529 116 128 114 128 87 128 91 124 116 124 87 124 117 1448 104 1448 92 1448 115 1494 117 1494 92 1494 94 214 116 214 91 214 108 296 116 296 94 296 109 1158 118 1158 98 1158 107 729 106 729 88 729 98 1020 119 1020 107 1020 106 484 108 484 97 484 106 485 120 485 108 485 104 1285 121 1285 109 1285 118 1014 119 1014 98 1014 119 925 122 925 107 925 123 188 124 188 110 188 102 190 123 190 110 190 125 1367 112 1367 111 1367 117 1376 121 1376 104 1376 126 130 123 130 102 130 101 115 126 115 102 115 125 1364 127 1364 112 1364 116 137 128 137 114 137 122 753 106 753 107 753 109 1174 129 1174 118 1174 128 104 130 104 114 104 130 48 99 48 114 48 113 1505 131 1505 115 1505 130 60 126 60 101 60 99 39 130 39 101 39 112 1481 131 1481 113 1481 120 396 132 396 108 396 132 322 116 322 108 322 121 1215 129 1215 109 1215 129 1094 119 1094 118 1094 132 324 133 324 116 324 123 251 134 251 124 251 135 1316 127 1316 125 1316 122 622 136 622 106 622 136 595 120 595 106 595 119 923 137 923 122 923 133 220 128 220 116 220 117 1356 138 1356 121 1356 138 1360 139 1360 121 1360 121 1217 140 1217 129 1217 115 1439 138 1439 117 1439 141 1432 131 1432 112 1432 127 1412 141 1412 112 1412 137 652 136 652 122 652 128 138 142 138 130 138 131 1443 143 1443 115 1443 143 1444 138 1444 115 1444 130 79 144 79 126 79 141 1429 143 1429 131 1429 142 140 144 140 130 140 136 516 132 516 120 516 129 1025 145 1025 119 1025 139 1230 140 1230 121 1230 146 295 147 295 134 295 123 298 146 298 134 298 148 1269 127 1269 135 1269 145 967 137 967 119 967 149 262 128 262 133 262 138 1310 150 1310 139 1310 151 253 146 253 123 253 126 237 151 237 123 237 152 1297 141 1297 127 1297 148 1270 152 1270 127 1270 145 936 153 936 137 936 149 263 154 263 128 263 154 241 142 241 128 241 155 1314 150 1314 138 1314 156 215 151 215 126 215 144 212 156 212 126 212 136 490 157 490 132 490 157 403 133 403 132 403 140 1085 145 1085 129 1085 157 400 149 400 133 400 139 1206 158 1206 140 1206 143 1359 159 1359 138 1359 159 1353 155 1353 138 1353 153 711 136 711 137 711 141 1348 159 1348 143 1348 142 208 156 208 144 208 146 356 160 356 147 356 161 1198 152 1198 148 1198 150 1213 158 1213 139 1213 158 1102 145 1102 140 1102 162 438 163 438 160 438 146 441 162 441 160 441 164 1135 152 1135 161 1135 165 1255 159 1255 141 1255 152 1247 165 1247 141 1247 153 658 166 658 136 658 166 615 157 615 136 615 154 291 167 291 142 291 167 252 156 252 142 252 159 1276 168 1276 155 1276 165 1254 168 1254 159 1254 169 440 149 440 157 440 158 1037 170 1037 145 1037 169 415 154 415 149 415 150 1168 171 1168 158 1168 172 409 162 409 146 409 151 408 172 408 146 408 173 1166 165 1166 152 1166 164 1142 173 1142 152 1142 162 509 174 509 163 509 175 1048 173 1048 164 1048 166 589 169 589 157 589 170 952 153 952 145 952 169 416 176 416 154 416 176 386 167 386 154 386 155 1208 171 1208 150 1208 177 383 172 383 151 383 156 352 177 352 151 352 178 602 179 602 174 602 162 603 178 603 174 603 180 1034 173 1034 175 1034 181 960 180 960 175 960 171 1067 182 1067 158 1067 182 1063 170 1063 158 1063 170 890 166 890 153 890 176 385 183 385 167 385 168 1180 184 1180 155 1180 184 1184 171 1184 155 1184 167 338 177 338 156 338 165 1178 184 1178 168 1178 180 1062 165 1062 173 1062 183 417 177 417 167 417 178 689 185 689 179 689 185 871 178 871 181 871 178 882 180 882 181 882 166 605 176 605 169 605 186 1042 182 1042 171 1042 177 479 187 479 172 479 188 1118 184 1118 165 1118 180 1068 188 1068 165 1068 189 592 178 592 162 592 172 594 189 594 162 594 190 593 176 593 166 593 182 867 190 867 170 867 190 853 166 853 170 853 184 1110 186 1110 171 1110 183 474 187 474 177 474 188 1033 186 1033 184 1033 189 697 191 697 178 697 191 975 188 975 180 975 178 885 191 885 180 885 190 584 183 584 176 584 187 538 189 538 172 538 192 585 183 585 190 585 186 893 192 893 182 893 192 870 190 870 182 870 192 575 187 575 183 575 193 606 189 606 187 606 194 1040 186 1040 188 1040 191 949 194 949 188 949 193 746 191 746 189 746 192 596 193 596 187 596 193 847 194 847 191 847 194 869 193 869 186 869 193 868 192 868 186 868 31 670 195 670 196 670 28 672 31 672 196 672 197 875 28 875 196 875 197 883 29 883 28 883 38 579 198 579 195 579 31 572 38 572 195 572 199 987 29 987 197 987 199 992 32 992 29 992 48 470 200 470 198 470 38 471 48 471 198 471 201 1088 32 1088 199 1088 201 1092 39 1092 32 1092 55 364 202 364 200 364 48 366 55 366 200 366 203 1179 39 1179 201 1179 203 1186 49 1186 39 1186 65 282 204 282 202 282 55 286 65 286 202 286 205 1273 49 1273 203 1273 205 1278 57 1278 49 1278 71 192 206 192 204 192 65 195 71 195 204 195 207 1365 57 1365 205 1365 207 1362 68 1362 57 1362 83 117 208 117 206 117 71 112 83 112 206 112 209 1447 68 1447 207 1447 209 1449 81 1449 68 1449 96 47 210 47 208 47 83 49 96 49 208 49 211 1506 81 1506 209 1506 211 1508 93 1508 81 1508 105 11 212 11 210 11 96 13 105 13 210 13 213 1541 93 1541 211 1541 213 1542 103 1542 93 1542 110 15 214 15 212 15 105 14 110 14 212 14 215 1544 103 1544 213 1544 215 1543 111 1543 103 1543 124 53 216 53 214 53 110 50 124 50 214 50 217 1509 111 1509 215 1509 217 1510 125 1510 111 1510 134 118 218 118 216 118 124 113 134 113 216 113 219 1451 125 1451 217 1451 219 1450 135 1450 125 1450 147 198 220 198 218 198 134 196 147 196 218 196 221 1361 135 1361 219 1361 221 1363 148 1363 135 1363 160 284 222 284 220 284 147 287 160 287 220 287 223 1281 148 1281 221 1281 223 1279 161 1279 148 1279 163 372 224 372 222 372 160 367 163 367 222 367 225 1189 161 1189 223 1189 225 1187 164 1187 161 1187 174 477 226 477 224 477 163 472 174 472 224 472 227 1089 164 1089 225 1089 227 1093 175 1093 164 1093 179 582 228 582 226 582 174 576 179 576 226 576 229 995 175 995 227 995 229 993 181 993 175 993 185 683 230 683 228 683 179 678 185 678 228 678 230 887 181 887 229 887 230 884 185 884 181 884 231 740 232 740 233 740 234 745 232 745 231 745 235 766 234 766 231 766 233 158 236 158 237 158 238 174 236 174 233 174 232 238 238 238 233 238 239 248 238 248 232 248 240 323 239 323 232 323 234 357 240 357 232 357 241 435 240 435 234 435 242 511 241 511 234 511 235 550 242 550 234 550 243 617 242 617 235 617 244 728 243 728 235 728 245 724 243 724 244 724 246 148 247 148 248 148 246 146 249 146 247 146 233 149 249 149 246 149 250 151 249 151 233 151 237 153 250 153 233 153 251 721 252 721 253 721 254 719 251 719 253 719 251 590 255 590 252 590 255 619 256 619 252 619 255 502 257 502 256 502 255 426 258 426 257 426 258 350 259 350 257 350 258 283 260 283 259 283 258 266 246 266 260 266 246 204 261 204 260 204 246 171 262 171 261 171 246 147 248 147 262 147 251 803 258 803 255 803 251 804 246 804 258 804 263 793 251 793 2 793 263 764 264 764 251 764 196 736 264 736 263 736 199 898 196 898 263 898 265 838 263 838 2 838 1 892 265 892 2 892 266 716 251 716 264 716 198 642 264 642 196 642 203 1046 199 1046 263 1046 200 577 264 577 198 577 199 930 197 930 196 930 195 628 198 628 196 628 200 457 266 457 264 457 265 1103 203 1103 263 1103 203 1122 201 1122 199 1122 205 1141 203 1141 265 1141 204 456 266 456 200 456 266 669 246 669 251 669 267 862 265 862 1 862 202 325 204 325 200 325 209 1194 205 1194 265 1194 209 1377 207 1377 205 1377 204 340 208 340 266 340 267 1253 209 1253 265 1253 206 178 208 178 204 178 268 691 246 691 266 691 208 247 268 247 266 247 213 1242 209 1242 267 1242 210 191 268 191 208 191 213 1491 211 1491 209 1491 233 551 246 551 268 551 269 1375 213 1375 267 1375 270 907 1 907 271 907 270 989 267 989 1 989 270 1304 269 1304 267 1304 214 317 268 317 210 317 212 44 214 44 210 44 269 1501 215 1501 213 1501 269 1440 217 1440 215 1440 218 109 214 109 216 109 269 1382 219 1382 217 1382 218 267 231 267 214 267 231 299 268 299 214 299 270 1220 219 1220 269 1220 231 720 233 720 268 720 223 1312 221 1312 219 1312 270 1209 223 1209 219 1209 272 1200 223 1200 270 1200 271 859 272 859 270 859 273 881 272 881 271 881 222 257 218 257 220 257 222 447 231 447 218 447 224 450 274 450 222 450 274 481 231 481 222 481 272 997 225 997 223 997 229 1026 227 1026 225 1026 274 707 235 707 231 707 228 527 224 527 226 527 272 1002 229 1002 225 1002 228 810 230 810 229 810 228 600 274 600 224 600 275 973 229 973 272 973 275 675 274 675 228 675 275 807 228 807 229 807 273 830 275 830 272 830 275 692 273 692 274 692 273 773 235 773 274 773 276 759 273 759 271 759 276 760 277 760 273 760 278 1398 279 1398 280 1398 279 1408 271 1408 280 1408 279 1350 281 1350 271 1350 281 1302 276 1302 271 1302 281 1289 282 1289 276 1289 282 1219 283 1219 276 1219 283 1138 277 1138 276 1138 283 1077 284 1077 277 1077 285 982 273 982 277 982 284 969 285 969 277 969 286 841 287 841 273 841 285 837 286 837 273 837 288 676 289 676 290 676 291 918 288 918 290 918 292 1056 288 1056 291 1056 288 488 293 488 289 488 294 1140 288 1140 292 1140 288 414 295 414 293 414 294 1145 296 1145 288 1145 296 1019 297 1019 288 1019 297 742 298 742 288 742 298 552 299 552 288 552 299 434 295 434 288 434 300 903 290 903 301 903 289 629 301 629 290 629 291 1000 290 1000 300 1000 289 387 302 387 301 387 292 1263 291 1263 300 1263 303 1272 292 1272 300 1272 293 273 302 273 289 273 304 1521 294 1521 303 1521 294 1500 292 1500 303 1500 293 59 305 59 302 59 295 20 305 20 293 20 296 1504 294 1504 304 1504 299 75 305 75 295 75 306 1441 296 1441 304 1441 299 90 307 90 305 90 297 1205 296 1205 306 1205 299 375 308 375 307 375 298 360 308 360 299 360 309 1112 297 1112 306 1112 308 805 297 805 309 805 297 726 308 726 298 726 310 677 311 677 312 677 313 918 310 918 312 918 314 1054 310 1054 313 1054 310 497 315 497 311 497 316 1139 310 1139 314 1139 310 424 317 424 315 424 316 1144 318 1144 310 1144 318 1018 319 1018 310 1018 319 743 320 743 310 743 320 554 321 554 310 554 321 427 317 427 310 427 311 630 322 630 312 630 323 966 313 966 322 966 313 999 312 999 322 999 311 406 324 406 322 406 314 1261 313 1261 323 1261 325 1291 314 1291 323 1291 315 294 324 294 311 294 326 1520 316 1520 325 1520 316 1498 314 1498 325 1498 315 76 327 76 324 76 317 42 327 42 315 42 317 16 328 16 327 16 318 1503 316 1503 326 1503 321 64 328 64 317 64 329 1442 318 1442 326 1442 321 176 330 176 328 176 319 1204 318 1204 329 1204 321 395 331 395 330 395 320 362 331 362 321 362 332 1111 319 1111 329 1111 331 806 319 806 332 806 319 727 331 727 320 727 333 693 334 693 335 693 336 919 333 919 335 919 333 545 337 545 334 545 338 1055 333 1055 336 1055 333 439 339 439 337 439 340 1140 333 1140 338 1140 340 1147 341 1147 333 1147 341 1087 342 1087 333 1087 342 941 343 941 333 941 343 713 344 713 333 713 344 553 345 553 333 553 345 423 339 423 333 423 346 904 335 904 347 904 334 644 347 644 335 644 336 1001 335 1001 346 1001 334 388 348 388 347 388 337 351 348 351 334 351 338 1264 336 1264 346 1264 349 1309 338 1309 346 1309 339 92 348 92 337 92 340 1499 338 1499 349 1499 339 58 350 58 348 58 351 1545 340 1545 349 1545 341 1519 340 1519 351 1519 345 57 350 57 339 57 345 119 352 119 350 119 342 1346 341 1346 351 1346 353 1283 342 1283 351 1283 344 361 352 361 345 361 354 980 343 980 353 980 343 1031 342 1031 353 1031 344 518 354 518 352 518 343 664 354 664 344 664 355 900 356 900 357 900 356 610 358 610 357 610 359 1052 356 1052 355 1052 356 487 360 487 358 487 361 1139 356 1139 359 1139 356 424 362 424 360 424 361 1146 363 1146 356 1146 363 1086 364 1086 356 1086 364 941 365 941 356 941 365 714 366 714 356 714 366 555 367 555 356 555 367 428 362 428 356 428 368 968 355 968 369 968 355 957 357 957 369 957 358 486 369 486 357 486 358 407 370 407 369 407 359 1262 355 1262 368 1262 371 1292 359 1292 368 1292 360 261 370 261 358 261 372 1520 361 1520 371 1520 361 1498 359 1498 371 1498 360 76 373 76 370 76 362 42 373 42 360 42 362 16 374 16 373 16 363 1518 361 1518 372 1518 367 65 374 65 362 65 375 1426 363 1426 372 1426 364 1344 363 1344 375 1344 367 197 376 197 374 197 366 363 376 363 367 363 377 1007 365 1007 375 1007 365 1032 364 1032 375 1032 366 542 377 542 376 542 365 665 377 665 366 665 378 1530 279 1530 379 1530 279 1535 380 1535 379 1535 381 1464 281 1464 378 1464 281 1487 279 1487 378 1487 282 1427 281 1427 381 1427 382 1337 282 1337 381 1337 382 1322 283 1322 282 1322 383 1225 283 1225 382 1225 383 1191 284 1191 283 1191 384 1061 284 1061 383 1061 384 1035 285 1035 284 1035 385 939 386 939 384 939 386 935 285 935 384 935 325 784 323 784 387 784 323 783 388 783 387 783 326 784 325 784 387 784 301 783 326 783 387 783 389 783 301 783 387 783 323 783 322 783 388 783 322 783 390 783 388 783 391 783 300 783 389 783 300 783 301 783 389 783 322 791 392 791 390 791 393 783 300 783 391 783 322 781 394 781 392 781 395 778 303 778 393 778 303 783 300 783 393 783 322 783 324 783 394 783 324 784 396 784 394 784 302 783 326 783 301 783 397 788 304 788 395 788 304 780 303 780 395 780 324 783 398 783 396 783 305 783 326 783 302 783 327 783 398 783 324 783 399 783 304 783 397 783 327 783 400 783 398 783 328 783 400 783 327 783 305 783 307 783 326 783 307 783 308 783 326 783 399 783 306 783 304 783 308 784 329 784 326 784 308 784 347 784 329 784 379 783 400 783 328 783 330 783 379 783 328 783 401 783 306 783 399 783 347 783 348 783 329 783 348 783 350 783 329 783 331 783 379 783 330 783 401 783 309 783 306 783 350 783 332 783 329 783 350 783 372 783 332 783 349 783 346 783 309 783 346 783 308 783 309 783 401 783 349 783 309 783 372 783 371 783 332 783 371 784 368 784 332 784 368 784 369 784 332 784 369 783 331 783 332 783 369 783 370 783 331 783 381 783 378 783 331 783 378 783 379 783 331 783 370 783 381 783 331 783 346 783 347 783 308 783 373 783 381 783 370 783 402 783 349 783 401 783 402 783 351 783 349 783 374 783 381 783 373 783 350 783 352 783 372 783 403 783 404 783 372 783 404 783 405 783 372 783 352 783 403 783 372 783 406 783 351 783 402 783 405 783 375 783 372 783 382 783 381 783 374 783 376 783 382 783 374 783 407 783 353 783 351 783 406 783 407 783 351 783 383 783 382 783 376 783 407 783 403 783 353 783 405 783 385 783 375 783 403 783 354 783 353 783 354 783 403 783 352 783 385 783 377 783 375 783 384 783 383 783 376 783 377 783 384 783 376 783 385 783 384 783 377 783 408 27 402 27 401 27 238 28 402 28 408 28 238 91 406 91 402 91 238 111 239 111 406 111 240 225 407 225 406 225 239 213 240 213 406 213 240 318 241 318 407 318 241 333 403 333 407 333 241 421 242 421 403 421 242 495 404 495 403 495 243 531 404 531 242 531 243 624 405 624 404 624 409 634 405 634 243 634 386 790 385 790 405 790 409 779 386 779 405 779 410 795 243 795 411 795 285 799 243 799 410 799 285 797 386 797 243 797 386 775 409 775 243 775 286 831 285 831 410 831 279 1379 278 1379 412 1379 279 1489 412 1489 413 1489 414 1502 279 1502 413 1502 279 1477 414 1477 415 1477 380 1490 279 1490 415 1490 379 1557 415 1557 400 1557 379 1558 380 1558 415 1558 390 940 416 940 388 940 416 929 417 929 388 929 392 1060 418 1060 390 1060 418 1015 416 1015 390 1015 419 1119 418 1119 392 1119 394 1222 419 1222 392 1222 394 1234 420 1234 419 1234 396 1334 420 1334 394 1334 396 1358 421 1358 420 1358 398 1463 421 1463 396 1463 398 1478 414 1478 421 1478 400 1531 415 1531 398 1531 415 1533 414 1533 398 1533 416 794 422 794 417 794 416 768 252 768 422 768 423 772 424 772 416 772 424 767 252 767 416 767 388 777 422 777 387 777 417 789 422 789 388 789 422 625 389 625 387 625 252 627 389 627 422 627 252 528 256 528 389 528 256 494 391 494 389 494 256 431 257 431 391 431 425 332 393 332 391 332 257 293 425 293 391 293 425 239 259 239 393 239 259 221 395 221 393 221 260 141 395 141 259 141 260 88 397 88 395 88 261 70 397 70 260 70 261 30 399 30 397 30 426 25 399 25 261 25 408 1 401 1 399 1 426 0 408 0 399 0 427 80 426 80 428 80 427 8 238 8 426 8 238 110 408 110 426 110 236 107 238 107 427 107 243 718 245 718 411 718 273 796 429 796 235 796 429 787 430 787 235 787 430 801 244 801 235 801 431 765 429 765 273 765 287 762 431 762 273 762 432 1397 1 1397 433 1397 434 1400 1 1400 432 1400 435 1409 271 1409 434 1409 271 1403 1 1403 434 1403 435 1407 280 1407 271 1407 436 786 2 786 437 786 2 769 251 769 437 769 251 798 438 798 437 798 439 763 2 763 436 763 251 802 254 802 438 802 416 835 439 835 440 835 2 832 439 832 416 832 418 942 2 942 416 942 419 1029 0 1029 418 1029 0 1013 2 1013 418 1013 420 1126 0 1126 419 1126 3 1196 0 1196 420 1196 421 1250 3 1250 420 1250 414 1331 3 1331 421 1331 1 1329 3 1329 414 1329 441 1394 1 1394 414 1394 433 1391 1 1391 441 1391 413 1430 441 1430 414 1430 440 840 423 840 416 840 424 730 253 730 252 730 259 258 425 258 257 258 262 99 426 99 261 99 428 96 426 96 262 96 442 808 443 808 444 808 445 809 442 809 444 809 446 926 447 926 448 926 447 839 449 839 448 839 450 574 451 574 449 574 451 660 452 660 449 660 452 651 448 651 449 651 453 924 446 924 448 924 452 815 453 815 448 815 454 738 449 738 447 738 455 739 454 739 447 739 454 607 450 607 449 607 456 990 447 990 446 990 457 1073 456 1073 446 1073 453 970 457 970 446 970 450 500 458 500 451 500 459 931 455 931 447 931 456 1008 459 1008 447 1008 458 505 452 505 451 505 460 695 453 695 452 695 454 519 461 519 450 519 462 688 454 688 455 688 463 1004 457 1004 453 1004 457 1076 464 1076 456 1076 458 501 465 501 452 501 465 563 460 563 452 563 466 955 455 955 459 955 467 1164 464 1164 457 1164 468 1114 459 1114 456 1114 464 1165 468 1165 456 1165 469 529 461 529 454 529 462 513 469 513 454 513 450 458 470 458 458 458 470 346 471 346 458 346 471 452 465 452 458 452 472 732 473 732 453 732 473 913 474 913 453 913 474 922 463 922 453 922 460 741 472 741 453 741 461 436 470 436 450 436 463 1079 467 1079 457 1079 466 889 475 889 455 889 475 733 462 733 455 733 474 996 476 996 463 996 477 1096 466 1096 459 1096 468 1115 477 1115 459 1115 475 636 478 636 462 636 465 539 479 539 460 539 479 632 472 632 460 632 480 1227 468 1227 464 1227 467 1214 480 1214 464 1214 478 573 469 573 462 573 476 1080 481 1080 463 1080 481 1095 467 1095 463 1095 482 276 483 276 470 276 483 355 471 355 470 355 461 353 482 353 470 353 471 398 484 398 465 398 484 460 485 460 465 460 485 541 479 541 465 541 477 1099 486 1099 466 1099 466 910 487 910 475 910 487 686 478 686 475 686 488 344 482 344 461 344 469 368 488 368 461 368 481 1163 489 1163 467 1163 489 1167 490 1167 467 1167 491 1296 468 1296 480 1296 492 1349 491 1349 480 1349 467 1248 492 1248 480 1248 491 1295 477 1295 468 1295 493 462 485 462 484 462 494 977 487 977 466 977 486 1041 494 1041 466 1041 495 389 488 389 469 389 496 209 497 209 483 209 482 231 496 231 483 231 490 1258 492 1258 467 1258 497 203 498 203 483 203 498 265 471 265 483 265 478 492 495 492 469 492 499 223 496 223 482 223 500 1244 486 1244 477 1244 491 1290 500 1290 477 1290 498 285 484 285 471 285 488 270 499 270 482 270 489 1226 501 1226 490 1226 484 392 502 392 493 392 503 656 478 656 487 656 504 681 503 681 487 681 500 1237 505 1237 486 1237 494 928 504 928 487 928 498 274 506 274 484 274 506 309 502 309 484 309 492 1347 507 1347 491 1347 508 1416 507 1416 492 1416 503 521 495 521 478 521 490 1326 508 1326 492 1326 505 1149 494 1149 486 1149 506 311 509 311 502 311 497 129 510 129 498 129 510 184 506 184 498 184 501 1299 511 1299 490 1299 511 1307 508 1307 490 1307 488 250 512 250 499 250 503 498 513 498 495 498 500 1320 514 1320 505 1320 495 316 512 316 488 316 504 648 515 648 503 648 505 1155 516 1155 494 1155 517 1199 516 1199 505 1199 514 1277 517 1277 505 1277 518 1462 491 1462 507 1462 508 1455 518 1455 507 1455 519 1421 500 1421 491 1421 518 1466 519 1466 491 1466 506 271 520 271 509 271 513 331 512 331 495 331 519 1389 514 1389 500 1389 521 963 504 963 494 963 522 77 523 77 497 77 496 78 522 78 497 78 515 523 513 523 503 523 523 100 510 100 497 100 524 98 522 98 496 98 499 108 524 108 496 108 511 1341 525 1341 508 1341 525 1345 526 1345 508 1345 527 166 524 166 499 166 512 167 527 167 499 167 516 1038 521 1038 494 1038 510 180 528 180 506 180 528 201 520 201 506 201 529 666 515 666 504 666 528 200 530 200 520 200 521 915 529 915 504 915 513 321 531 321 512 321 532 1515 519 1515 518 1515 508 1480 533 1480 518 1480 533 1492 532 1492 518 1492 532 1516 534 1516 519 1516 526 1461 533 1461 508 1461 535 1431 514 1431 519 1431 534 1488 535 1488 519 1488 525 1355 536 1355 526 1355 537 916 529 916 521 916 538 1328 517 1328 514 1328 535 1428 538 1428 514 1428 522 9 539 9 523 9 539 62 510 62 523 62 529 635 540 635 515 635 539 95 528 95 510 95 512 245 541 245 527 245 515 493 540 493 513 493 528 194 542 194 530 194 531 272 541 272 512 272 513 448 543 448 531 448 537 866 544 866 529 866 545 1109 521 1109 516 1109 517 1176 545 1176 516 1176 544 659 540 659 529 659 540 463 543 463 513 463 546 1552 534 1552 532 1552 533 1527 546 1527 532 1527 526 1433 547 1433 533 1433 536 1393 548 1393 526 1393 548 1386 547 1386 526 1386 535 1420 549 1420 538 1420 550 1288 517 1288 538 1288 549 1343 550 1343 538 1343 550 1212 545 1212 517 1212 551 19 552 19 522 19 552 12 539 12 522 12 553 56 551 56 522 56 524 54 553 54 522 54 552 40 554 40 539 40 554 101 528 101 539 101 555 122 553 122 524 122 527 123 555 123 524 123 554 102 556 102 528 102 556 165 542 165 528 165 541 177 555 177 527 177 556 157 557 157 542 157 545 1069 537 1069 521 1069 558 1366 547 1366 548 1366 535 1456 559 1456 549 1456 534 1493 559 1493 535 1493 560 1511 546 1511 533 1511 547 1474 560 1474 533 1474 546 1528 561 1528 534 1528 561 1526 559 1526 534 1526 560 1514 561 1514 546 1514 543 334 562 334 531 334 562 307 541 307 531 307 562 249 555 249 541 249 556 199 563 199 557 199 544 623 564 623 540 623 552 52 565 52 554 52 551 35 565 35 552 35 550 1188 566 1188 545 1188 545 1051 567 1051 537 1051 567 911 544 911 537 911 568 1233 566 1233 550 1233 564 556 543 556 540 556 567 861 564 861 544 861 549 1325 568 1325 550 1325 569 1352 547 1352 558 1352 566 1101 567 1101 545 1101 559 1402 570 1402 549 1402 570 1374 568 1374 549 1374 571 1418 560 1418 547 1418 569 1351 571 1351 547 1351 561 1438 570 1438 559 1438 572 224 573 224 563 224 556 211 572 211 563 211 571 1417 574 1417 560 1417 562 246 575 246 555 246 575 183 553 183 555 183 576 515 543 515 564 515 577 131 572 131 556 131 554 156 577 156 556 156 575 181 578 181 553 181 578 106 551 106 553 106 579 116 577 116 554 116 565 114 579 114 554 114 578 94 565 94 551 94 578 97 579 97 565 97 543 412 580 412 562 412 576 468 580 468 543 468 581 1298 571 1298 569 1298 582 874 583 874 567 874 583 850 564 850 567 850 583 633 576 633 564 633 580 314 575 314 562 314 566 1071 582 1071 567 1071 570 1319 584 1319 568 1319 585 269 586 269 573 269 572 289 585 289 573 289 568 1201 587 1201 566 1201 561 1411 588 1411 570 1411 577 256 585 256 572 256 589 1404 588 1404 561 1404 589 1453 561 1453 560 1453 574 1423 589 1423 560 1423 575 227 590 227 578 227 584 1211 587 1211 568 1211 579 182 591 182 577 182 592 1243 571 1243 581 1243 590 217 593 217 578 217 593 168 579 168 578 168 587 1097 582 1097 566 1097 593 173 591 173 579 173 594 329 575 329 580 329 576 478 594 478 580 478 585 328 595 328 586 328 596 894 583 894 582 894 570 1293 597 1293 584 1293 598 1286 574 1286 571 1286 592 1245 598 1245 571 1245 594 320 590 320 575 320 587 1058 596 1058 582 1058 588 1300 597 1300 570 1300 577 279 599 279 585 279 584 1175 600 1175 587 1175 601 1333 589 1333 574 1333 598 1284 601 1284 574 1284 602 1170 598 1170 592 1170 589 1323 603 1323 588 1323 601 1301 603 1301 589 1301 591 235 599 235 577 235 604 399 605 399 595 399 585 401 604 401 595 401 583 598 606 598 576 598 606 503 594 503 576 503 593 304 599 304 591 304 597 1183 600 1183 584 1183 600 1064 596 1064 587 1064 607 836 583 836 596 836 608 1106 598 1106 602 1106 607 643 606 643 583 643 609 370 604 370 585 370 599 365 609 365 585 365 588 1246 603 1246 597 1246 598 1207 610 1207 601 1207 604 483 611 483 605 483 594 374 612 374 590 374 612 343 593 343 590 343 600 1009 613 1009 596 1009 614 382 609 382 599 382 597 1125 615 1125 600 1125 616 1107 598 1107 608 1107 617 1011 616 1011 608 1011 616 1116 610 1116 598 1116 612 342 618 342 593 342 606 476 612 476 594 476 593 301 614 301 599 301 619 565 620 565 611 565 604 566 619 566 611 566 618 347 614 347 593 347 613 914 607 914 596 914 607 646 621 646 606 646 603 1154 622 1154 597 1154 622 1137 615 1137 597 1137 613 817 621 817 607 817 623 934 616 934 617 934 624 645 625 645 620 645 619 647 624 647 620 647 615 1016 613 1016 600 1016 624 938 616 938 623 938 625 820 624 820 623 820 621 558 612 558 606 558 626 1133 622 1133 603 1133 614 451 627 451 609 451 626 1173 603 1173 601 1173 610 1160 626 1160 601 1160 609 514 619 514 604 514 615 950 628 950 613 950 618 446 627 446 614 446 629 560 612 560 621 560 630 1049 610 1049 616 1049 624 946 630 946 616 946 630 1090 626 1090 610 1090 628 822 629 822 613 822 629 818 621 818 613 818 629 547 618 547 612 547 631 687 624 687 619 687 632 546 619 546 609 546 627 544 632 544 609 544 631 947 630 947 624 947 622 985 628 985 615 985 629 549 633 549 618 549 633 533 627 533 618 533 633 534 632 534 627 534 634 641 631 641 619 641 632 639 634 639 619 639 633 725 629 725 628 725 626 976 635 976 622 976 635 951 628 951 622 951 635 912 630 912 631 912 634 824 635 824 631 824 635 984 626 984 630 984 633 637 634 637 632 637 635 826 634 826 628 826 634 821 633 821 628 821 472 731 636 731 637 731 473 734 472 734 637 734 638 921 473 921 637 921 638 927 474 927 473 927 479 612 639 612 636 612 472 613 479 613 636 613 640 1024 474 1024 638 1024 640 1021 476 1021 474 1021 485 496 641 496 639 496 479 499 485 499 639 499 642 1121 476 1121 640 1121 642 1123 481 1123 476 1123 493 410 643 410 641 410 485 413 493 413 641 413 644 1224 481 1224 642 1224 644 1229 489 1229 481 1229 502 312 645 312 643 312 493 315 502 315 643 315 646 1311 489 1311 644 1311 646 1313 501 1313 489 1313 509 229 647 229 645 229 502 226 509 226 645 226 648 1383 501 1383 646 1383 648 1387 511 1387 501 1387 520 133 649 133 647 133 509 134 520 134 647 134 650 1472 511 1472 648 1472 650 1470 525 1470 511 1470 530 67 651 67 649 67 520 69 530 69 649 69 652 1522 525 1522 650 1522 652 1525 536 1525 525 1525 542 21 653 21 651 21 530 23 542 23 651 23 654 1555 536 1555 652 1555 654 1556 548 1556 536 1556 557 5 655 5 653 5 542 3 557 3 653 3 656 1537 548 1537 654 1537 656 1538 558 1538 548 1538 563 34 657 34 655 34 557 33 563 33 655 33 658 1486 558 1486 656 1486 658 1483 569 1483 558 1483 573 86 659 86 657 86 563 84 573 84 657 84 660 1425 569 1425 658 1425 660 1424 581 1424 569 1424 586 163 661 163 659 163 573 164 586 164 659 164 662 1336 581 1336 660 1336 662 1332 592 1332 581 1332 595 254 663 254 661 254 586 255 595 255 661 255 664 1239 592 1239 662 1239 664 1236 602 1236 592 1236 605 330 665 330 663 330 595 327 605 327 663 327 666 1161 602 1161 664 1161 666 1157 608 1157 602 1157 611 449 667 449 665 449 605 445 611 445 665 445 668 1059 608 1059 666 1059 668 1053 617 1053 608 1053 620 536 669 536 667 536 611 532 620 532 667 532 670 953 617 953 668 953 670 954 623 954 617 954 620 638 625 638 669 638 625 640 671 640 669 640 671 823 623 823 670 823 671 825 625 825 623 825 672 755 673 755 674 755 675 757 673 757 672 757 676 896 677 896 678 896 674 886 677 886 676 886 679 1027 674 1027 676 1027 672 1045 674 1045 679 1045 680 1156 672 1156 679 1156 675 1221 672 1221 680 1221 681 1267 675 1267 680 1267 682 1342 675 1342 681 1342 673 1338 675 1338 682 1338 683 1381 673 1381 682 1381 684 1396 673 1396 683 1396 685 1388 673 1388 684 1388 686 1390 673 1390 685 1390 687 1401 688 1401 686 1401 688 1395 673 1395 686 1395 687 1399 689 1399 688 1399 690 1406 691 1406 689 1406 691 1392 688 1392 689 1392 691 1327 692 1327 688 1327 692 1282 693 1282 688 1282 692 1210 694 1210 693 1210 694 1127 695 1127 693 1127 695 1117 696 1117 693 1117 695 1030 697 1030 696 1030 697 944 698 944 696 944 698 948 699 948 696 948 698 827 700 827 699 827 700 749 701 749 699 749 693 816 702 816 688 816 696 754 699 754 702 754 693 814 696 814 702 814 703 812 704 812 674 812 705 842 703 842 674 842 703 833 706 833 704 833 707 723 704 723 706 723 638 920 637 920 706 920 703 888 638 888 706 888 642 986 638 986 703 986 639 684 706 684 637 684 639 569 707 569 706 569 708 933 705 933 674 933 673 864 708 864 674 864 705 1066 642 1066 703 1066 636 650 639 650 637 650 642 1072 640 1072 638 1072 643 548 707 548 639 548 646 1113 642 1113 705 1113 641 465 643 465 639 465 709 715 710 715 707 715 646 1238 644 1238 642 1238 643 394 709 394 707 394 647 376 709 376 643 376 645 290 647 290 643 290 648 1266 646 1266 705 1266 708 1216 648 1216 705 1216 649 348 709 348 647 348 652 1228 648 1228 708 1228 652 1476 650 1476 648 1476 649 292 711 292 709 292 712 902 708 902 673 902 444 649 710 649 709 649 711 354 444 354 709 354 653 303 711 303 649 303 651 71 653 71 649 71 654 1373 652 1373 708 1373 712 1287 654 1287 708 1287 653 260 713 260 711 260 658 1484 656 1484 654 1484 712 1249 658 1249 654 1249 673 1203 714 1203 712 1203 688 906 714 906 673 906 657 55 653 55 655 55 657 275 713 275 653 275 715 103 711 103 713 103 715 717 444 717 711 717 714 1271 658 1271 712 1271 662 1354 660 1354 658 1354 714 1192 662 1192 658 1192 661 202 716 202 659 202 716 81 657 81 659 81 716 326 713 326 657 326 716 559 715 559 713 559 663 302 716 302 661 302 702 1202 662 1202 714 1202 688 843 702 843 714 843 666 1195 664 1195 662 1195 665 404 716 404 663 404 702 1070 666 1070 662 1070 665 384 717 384 716 384 717 482 715 482 716 482 717 700 445 700 715 700 445 709 444 709 715 709 718 983 666 983 702 983 718 1105 668 1105 666 1105 669 491 665 491 667 491 718 917 670 917 668 917 669 526 719 526 665 526 719 631 717 631 665 631 670 752 669 752 671 752 718 673 669 673 670 673 718 877 719 877 669 877 699 937 718 937 702 937 699 737 719 737 718 737 719 604 699 604 717 604 699 761 445 761 717 761 704 770 707 770 720 770 707 750 721 750 720 750 707 747 710 747 721 747 722 811 704 811 723 811 704 800 724 800 723 800 704 618 720 618 724 618 720 621 725 621 724 621 720 512 726 512 725 512 720 455 721 455 726 455 721 378 727 378 726 378 721 305 728 305 727 305 721 281 710 281 728 281 710 210 729 210 728 210 730 172 731 172 729 172 710 160 730 160 729 160 732 671 733 671 734 671 735 932 732 932 734 932 732 530 736 530 733 530 737 1050 732 1050 735 1050 732 459 738 459 736 459 739 1150 732 1150 737 1150 732 405 740 405 738 405 741 475 740 475 732 475 739 1136 742 1136 732 1136 742 1065 743 1065 732 1065 743 891 744 891 732 891 744 597 741 597 732 597 733 626 745 626 734 626 746 1003 734 1003 745 1003 733 525 747 525 745 525 735 1022 734 1022 746 1022 736 336 747 336 733 336 737 1257 735 1257 746 1257 736 189 748 189 747 189 738 136 748 136 736 136 749 1437 737 1437 746 1437 739 1523 737 1523 749 1523 738 2 750 2 748 2 740 4 750 4 738 4 751 1479 742 1479 749 1479 742 1482 739 1482 749 1482 740 228 752 228 750 228 741 206 752 206 740 206 743 1294 742 1294 751 1294 753 1193 743 1193 751 1193 744 469 752 469 741 469 744 945 743 945 753 945 744 685 753 685 752 685 754 661 755 661 756 661 757 897 754 897 756 897 754 510 758 510 755 510 759 1044 754 1044 757 1044 754 418 760 418 758 418 761 1152 754 1152 759 1152 762 437 760 437 754 437 761 1132 763 1132 754 1132 764 855 765 855 754 855 763 1005 764 1005 754 1005 765 581 762 581 754 581 756 668 766 668 767 668 755 614 766 614 756 614 757 958 756 958 767 958 758 313 766 313 755 313 768 1235 759 1235 767 1235 759 1241 757 1241 767 1241 758 280 769 280 766 280 758 26 770 26 769 26 760 36 770 36 758 36 771 1534 761 1534 768 1534 761 1524 759 1524 768 1524 762 87 770 87 760 87 772 1454 763 1454 771 1454 763 1465 761 1465 771 1465 762 185 773 185 770 185 774 1098 764 1098 772 1098 764 1169 763 1169 772 1169 765 444 773 444 762 444 765 522 774 522 773 522 765 909 764 909 774 909 775 774 776 774 777 774 776 543 778 543 777 543 779 1028 776 1028 775 1028 776 454 780 454 778 454 781 1130 776 1130 779 1130 782 1159 776 1159 781 1159 783 506 784 506 776 506 784 411 780 411 776 411 782 1078 785 1078 776 1078 785 908 786 908 776 908 786 654 783 654 776 654 787 748 775 748 788 748 775 771 777 771 788 771 789 1104 775 1104 787 1104 777 359 790 359 788 359 778 349 790 349 777 349 779 1223 775 1223 789 1223 780 126 790 126 778 126 791 1422 779 1422 789 1422 780 82 792 82 790 82 781 1469 779 1469 791 1469 793 1546 782 1546 791 1546 782 1549 781 1549 791 1549 784 29 792 29 780 29 784 43 794 43 792 43 784 236 795 236 794 236 796 1317 785 1317 793 1317 785 1324 782 1324 793 1324 783 308 795 308 784 308 783 504 797 504 795 504 797 998 785 998 796 998 786 608 797 608 783 608 786 974 785 974 797 974 798 751 799 751 800 751 801 959 799 959 798 959 799 571 802 571 800 571 799 464 803 464 802 464 804 1108 799 1108 801 1108 799 419 805 419 803 419 806 1162 799 1162 804 1162 807 489 808 489 799 489 808 432 805 432 799 432 806 1084 809 1084 799 1084 809 943 810 943 799 943 810 655 807 655 799 655 811 813 798 813 812 813 798 735 800 735 812 735 813 1082 801 1082 811 1082 801 1075 798 1075 811 1075 800 422 814 422 812 422 802 430 814 430 800 430 815 1357 801 1357 813 1357 803 175 814 175 802 175 804 1384 801 1384 815 1384 803 46 816 46 814 46 805 22 816 22 803 22 817 1553 806 1553 815 1553 806 1554 804 1554 815 1554 808 63 816 63 805 63 808 139 818 139 816 139 807 268 818 268 808 268 819 1318 809 1318 817 1318 809 1335 806 1335 817 1335 820 1010 810 1010 819 1010 810 1036 809 1036 819 1036 807 562 820 562 818 562 810 611 820 611 807 611 821 653 822 653 823 653 724 657 822 657 821 657 724 537 824 537 822 537 725 540 824 540 724 540 726 429 824 429 725 429 726 371 825 371 824 371 726 297 727 297 825 297 727 259 826 259 825 259 727 186 728 186 826 186 728 121 827 121 826 121 729 85 827 85 728 85 729 41 828 41 827 41 829 37 828 37 729 37 822 783 812 783 823 783 791 783 789 783 823 783 789 783 830 783 823 783 812 783 791 783 823 783 824 783 811 783 822 783 811 783 812 783 822 783 813 783 811 783 824 783 825 784 813 784 824 784 789 783 787 783 830 783 787 783 831 783 830 783 787 784 788 784 831 784 788 792 832 792 831 792 826 776 815 776 825 776 815 783 813 783 825 783 788 782 833 782 832 782 793 783 791 783 812 783 814 784 793 784 812 784 788 783 790 783 833 783 790 783 834 783 833 783 827 785 815 785 826 785 746 783 793 783 814 783 828 783 817 783 827 783 817 784 815 784 827 784 816 783 746 783 814 783 790 783 792 783 834 783 792 783 835 783 834 783 828 783 767 783 817 783 818 783 746 783 816 783 836 783 768 783 828 783 768 783 767 783 828 783 792 783 837 783 835 783 767 783 819 783 817 783 746 783 745 783 793 783 794 783 837 783 792 783 766 783 749 783 818 783 749 783 746 783 818 783 767 783 820 783 819 783 820 784 766 784 818 784 767 783 766 783 820 783 838 783 837 783 794 783 795 783 838 783 794 783 745 783 796 783 793 783 797 783 838 783 795 783 745 784 797 784 796 784 839 783 840 783 797 783 840 783 838 783 797 783 745 783 747 783 797 783 747 784 748 784 797 784 748 783 839 783 797 783 751 783 749 783 766 783 841 783 751 783 766 783 769 783 841 783 766 783 842 783 771 783 836 783 771 783 768 783 836 783 770 783 841 783 769 783 843 783 771 783 842 783 843 783 772 783 771 783 750 784 839 784 748 784 773 783 841 783 770 783 843 783 844 783 772 783 845 783 841 783 773 783 844 783 774 783 772 783 774 784 845 784 773 784 844 783 846 783 774 783 846 783 845 783 774 783 847 783 839 783 750 783 752 783 847 783 750 783 841 783 753 783 751 783 848 783 847 783 752 783 849 783 848 783 752 783 753 783 849 783 752 783 841 783 849 783 753 783 831 979 676 979 830 979 676 972 850 972 830 972 832 1100 676 1100 831 1100 679 1129 676 1129 832 1129 833 1240 679 1240 832 1240 833 1259 680 1259 679 1259 834 1368 680 1368 833 1368 834 1380 681 1380 680 1380 835 1485 681 1485 834 1485 835 1495 682 1495 681 1495 837 1540 851 1540 835 1540 851 1539 682 1539 835 1539 830 856 821 856 823 856 830 858 850 858 821 858 676 852 724 852 821 852 850 851 676 851 821 851 676 857 852 857 724 857 676 854 853 854 852 854 852 828 723 828 724 828 731 179 854 179 729 179 729 61 855 61 829 61 854 72 856 72 729 72 856 32 857 32 729 32 857 93 855 93 729 93 855 6 836 6 828 6 829 7 855 7 828 7 855 18 842 18 836 18 857 17 842 17 855 17 857 68 843 68 842 68 858 66 843 66 857 66 859 135 843 135 858 135 859 205 844 205 843 205 860 244 844 244 859 244 861 380 846 380 844 380 860 339 861 339 844 339 861 467 862 467 846 467 862 568 845 568 846 568 863 599 845 599 862 599 864 702 862 702 865 702 864 703 866 703 862 703 866 704 863 704 862 704 866 699 841 699 845 699 863 698 866 698 845 698 838 1532 691 1532 867 1532 840 1513 691 1513 838 1513 839 1446 868 1446 840 1446 868 1473 691 1473 840 1473 692 1413 868 1413 839 1413 847 1308 692 1308 839 1308 847 1321 694 1321 692 1321 695 1231 694 1231 847 1231 848 1182 695 1182 847 1182 697 1124 695 1124 848 1124 849 1017 698 1017 848 1017 698 1023 697 1023 848 1023 841 901 866 901 849 901 866 905 698 905 849 905 838 1550 851 1550 837 1550 838 1551 867 1551 851 1551 691 1460 869 1460 870 1460 851 1471 691 1471 870 1471 867 1517 691 1517 851 1517 851 1467 870 1467 683 1467 851 1468 683 1468 682 1468 678 895 853 895 676 895 871 848 704 848 872 848 704 849 722 849 872 849 873 846 674 846 871 846 674 845 704 845 871 845 677 844 674 844 873 844 710 152 874 152 730 152 710 150 875 150 874 150 444 155 875 155 710 155 876 159 875 159 444 159 877 161 876 161 444 161 878 712 879 712 445 712 880 708 878 708 445 708 699 710 880 710 445 710 881 706 880 706 699 706 701 705 881 705 699 705 444 154 882 154 877 154 857 162 882 162 444 162 443 219 857 219 444 219 858 216 857 216 443 216 859 277 858 277 443 277 442 335 859 335 443 335 860 345 859 345 442 345 861 461 860 461 442 461 445 507 861 507 442 507 862 561 861 561 445 561 879 679 862 679 445 679 883 667 862 667 879 667 882 125 857 125 856 125 865 662 862 662 883 662 700 722 866 722 864 722 868 1445 692 1445 691 1445 698 744 866 744 700 744 691 1372 690 1372 869 1372</p>
        </triangles>
      </mesh>
    </geometry>
  </library_geometries>
  <library_visual_scenes>
    <visual_scene id="Scene" name="Scene">
      <node id="Object" name="Object" type="NODE">
        <instance_geometry url="#geometry">
          <bind_material>
            <technique_common>
              <instance_material symbol="MATERIAL" target="#mat" />
            </technique_common>
          </bind_material>
        </instance_geometry>
      </node>
    </visual_scene>
  </library_visual_scenes>
  <scene>
    <instance_visual_scene url="#Scene" />
  </scene>
</COLLADA>