<?xml version='1.0' encoding='utf-8'?>
<COLLADA xmlns="http://www.collada.org/2005/11/COLLADASchema" version="1.4.1">
  <asset>
    <contributor>
      <authoring_tool>RM27 reviewed Blender visual export</authoring_tool>
    </contributor>
    <created>2026-10-07T00:00:00Z</created>
    <modified>2026-10-07T00:00:00Z</modified>
    <unit name="meter" meter="1" />
    <up_axis>Z_UP</up_axis>
  </asset>
  <library_effects>
    <effect id="fx">
      <profile_COMMON>
        <technique sid="common">
          <phong>
            <emission>
              <color>0 0 0 1</color>
            </emission>
            <ambient>
              <color>0.6 0.6 0.6 1</color>
            </ambient>
            <diffuse>
              <color>0.6 0.6 0.6 1</color>
            </diffuse>
            <specular>
              <color>0.08 0.08 0.08 1</color>
            </specular>
            <shininess>
              <float>12</float>
            </shininess>
          </phong>
        </technique>
      </profile_COMMON>
    </effect>
  </library_effects>
  <library_materials>
    <material id="mat" name="source_color">
      <instance_effect url="#fx" />
    </material>
  </library_materials>
  <library_geometries>
    <geometry id="geometry" name="geometry">
      <mesh>
        <source id="positions">
          <float_array id="positions-array" count="3768">0.0441621020436 -0.33000010252 1.69788968563 0.044253654778 -0.335000216961 1.6975466013 0.044289894402 -0.230000182986 1.69764184952 0.044289894402 -0.230000182986 1.69833910465 0.044289894402 -0.22500102222 1.69764184952 0.044289894402 -0.22500102222 1.69833910465 0.0444100573659 -0.230000182986 1.69695520401 0.0444100573659 -0.230000182986 1.69902575016 0.0444100573659 -0.22500102222 1.69695520401 0.0444100573659 -0.22500102222 1.69902575016 0.0446503832936 -0.230000182986 1.69968104362 0.0446503832936 -0.22500102222 1.69968104362 0.0446932986379 -0.335000216961 1.69992804527 0.0450003817677 -0.230000182986 1.70028483868 0.0450003817677 -0.22500102222 1.70028483868 0.0450175479054 -0.33000010252 1.70037305355 0.0454495623708 -0.230000182986 1.7008190155 0.0454495623708 -0.22500102222 1.7008190155 0.0459798052907 -0.230000182986 1.70126712322 0.0459798052907 -0.22500102222 1.70126712322 0.0465710833669 -0.335000216961 1.70167386532 0.0465901568532 -0.230000182986 1.70161581039 0.0465901568532 -0.22500102222 1.70161581039 0.0466445162892 -0.33000010252 1.70169246197 0.0471375659108 -0.335000216961 1.6987413168 0.0471375659108 -0.33000010252 1.69775736332 0.0471499636769 -0.230000182986 1.6980663538 0.0471499636769 -0.230000182986 1.69843232632 0.0471499636769 -0.22500102222 1.6980663538 0.0471499636769 -0.22500102222 1.69843232632 0.047219581902 -0.230000182986 1.69770586491 0.047219581902 -0.230000182986 1.69879281521 0.047219581902 -0.22500102222 1.69770586491 0.047219581902 -0.22500102222 1.69879281521 0.0472396090627 -0.230000182986 1.70185422897 0.0472396090627 -0.22500102222 1.70185422897 0.0473397448659 -0.230000182986 1.6973618269 0.0473397448659 -0.230000182986 1.69913685322 0.0473397448659 -0.22500102222 1.6973618269 0.0473397448659 -0.22500102222 1.69913685322 0.0475075915456 -0.33000010252 1.69954025745 0.0475199893117 -0.230000182986 1.6970448494 0.0475199893117 -0.230000182986 1.69945383072 0.0475199893117 -0.22500102222 1.6970448494 0.0475199893117 -0.22500102222 1.69945383072 0.047710724175 -0.335000216961 1.69663727283 0.0477603152394 -0.230000182986 1.69676446915 0.0477603152394 -0.230000182986 1.69973433018 0.0477603152394 -0.22500102222 1.69676446915 0.0477603152394 -0.22500102222 1.69973433018 0.0480397418141 -0.230000182986 1.69652915001 0.0480397418141 -0.230000182986 1.69996953011 0.0480397418141 -0.22500102222 1.69652915001 0.0480397418141 -0.22500102222 1.69996953011 0.0483601763844 -0.230000182986 1.69634604454 0.0483601763844 -0.230000182986 1.70015263557 0.0483601763844 -0.22500102222 1.69634604454 0.0483601763844 -0.22500102222 1.70015263557 0.0486996844411 -0.230000182986 1.69622087479 0.0486996844411 -0.230000182986 1.70027780533 0.0486996844411 -0.22500102222 1.69622087479 0.0486996844411 -0.22500102222 1.70027780533 0.0487950518727 -0.335000216961 1.70046591759 0.0487950518727 -0.33000010252 1.69603276253 0.0490601733327 -0.230000182986 1.69615733624 0.0490601733327 -0.230000182986 1.70034134388 0.0490601733327 -0.22500102222 1.69615733624 0.0490601733327 -0.22500102222 1.70034134388 0.0494301989675 -0.230000182986 1.69615733624 0.0494301989675 -0.230000182986 1.70034134388 0.0494301989675 -0.22500102222 1.69615733624 0.0494301989675 -0.22500102222 1.70034134388 0.0495188906789 -0.33000010252 1.7004609108 0.0496657565236 -0.335000216961 1.69615244865 0.0497897341847 -0.230000182986 1.69622087479 0.0497897341847 -0.230000182986 1.70027780533 0.0497897341847 -0.22500102222 1.69622087479 0.0497897341847 -0.22500102222 1.70027780533 0.0501301959157 -0.230000182986 1.69634604454 0.0501301959157 -0.230000182986 1.70015263557 0.0501301959157 -0.22500102222 1.69634604454 0.0501301959157 -0.22500102222 1.70015263557 0.0504496768117 -0.230000182986 1.69652915001 0.0504496768117 -0.230000182986 1.69996953011 0.0504496768117 -0.22500102222 1.69652915001 0.0504496768117 -0.22500102222 1.69996953011 0.050580330193 -0.22500102222 1.69987046719 0.0507300570607 -0.230000182986 1.69676446915 0.0507300570607 -0.230000182986 1.69973433018 0.0507300570607 -0.22500102222 1.69676446915 0.0507300570607 -0.22500102222 1.69973433018 0.050959892571 -0.230000182986 1.6970448494 0.050959892571 -0.230000182986 1.69945383072 0.050959892571 -0.22500102222 1.6970448494 0.050959892571 -0.22500102222 1.69945383072 0.0509789660573 -0.33000010252 1.69695925713 0.0511029437184 -0.335000216961 1.69940602779 0.0511496737599 -0.230000182986 1.6973618269 0.0511496737599 -0.230000182986 1.69913685322 0.0511496737599 -0.22500102222 1.6973618269 0.0511496737599 -0.22500102222 1.69913685322 0.0511697009206 -0.335000216961 1.69720542431 0.0512097552419 -0.230000182986 1.69751298428 0.0512698367238 -0.230000182986 1.69770586491 0.0512698367238 -0.230000182986 1.69879281521 0.0512698367238 -0.22500102222 1.69770586491 0.0512698367238 -0.22500102222 1.69879281521 0.0513394549489 -0.33000010252 1.69887006283 0.0513404086232 -0.230000182986 1.6980663538 0.0513404086232 -0.230000182986 1.69843232632 0.0513404086232 -0.22500102222 1.6980663538 0.0513404086232 -0.22500102222 1.69843232632 0.0564387515187 -0.33000010252 1.69072782993 0.0565226748586 -0.335000216961 1.69039940834 0.0565398409963 -0.230000182986 1.6905708313 0.0565398409963 -0.230000182986 1.69126808643 0.0565398409963 -0.22500102222 1.6905708313 0.0565398409963 -0.22500102222 1.69126808643 0.0566600039601 -0.230000182986 1.68988418579 0.0566600039601 -0.230000182986 1.69195473194 0.0566600039601 -0.22500102222 1.68988418579 0.0566600039601 -0.22500102222 1.69195473194 0.0568173602223 -0.335000216961 1.69257807732 0.0569003298879 -0.230000182986 1.6926099062 0.0569003298879 -0.22500102222 1.6926099062 0.0572303012013 -0.33000010252 1.69328927994 0.057250328362 -0.230000182986 1.69321382046 0.057250328362 -0.22500102222 1.69321382046 0.0577004626393 -0.230000182986 1.69374787807 0.0577004626393 -0.22500102222 1.69374787807 0.0582297518849 -0.230000182986 1.694196105 0.0582297518849 -0.22500102222 1.694196105 0.0586407855153 -0.335000216961 1.69454681873 0.05882961303 -0.230000182986 1.69454467297 0.05882961303 -0.22500102222 1.69454467297 0.0589602664113 -0.33000010252 1.69463992119 0.0594895556569 -0.230000182986 1.69478321075 0.0594895556569 -0.22500102222 1.69478321075 0.0611499026418 -0.22500102222 1.63448870182 0.0611499026418 -0.22500102222 1.67312562466 0.0611499026418 -0.22500102222 1.69522845745 0.0611499026418 -0.22500102222 1.70558130741 0.0630496218801 -0.335000216961 1.6274086237 0.0630496218801 -0.33000010252 1.6274086237 0.0630496218801 -0.230000182986 1.6274086237 0.0630496218801 -0.22500102222 1.6274086237 0.063260383904 -0.335000216961 1.62681686878 0.063260383904 -0.230000182986 1.62681686878 0.063260383904 -0.22500102222 1.62681686878 0.0635598376393 -0.335000216961 1.6262652874 0.0635598376393 -0.230000182986 1.6262652874 0.0635598376393 -0.22500102222 1.6262652874 0.0639403536916 -0.335000216961 1.6257673502 0.0639403536916 -0.230000182986 1.6257673502 0.0639403536916 -0.22500102222 1.6257673502 0.0644000247121 -0.335000216961 1.62533533573 0.0644000247121 -0.230000182986 1.62533533573 0.0644000247121 -0.22500102222 1.62533533573 0.0649102404714 -0.335000216961 1.62497973442 0.0649102404714 -0.230000182986 1.62497973442 0.0649102404714 -0.22500102222 1.62497973442 0.0654795840383 -0.335000216961 1.62470960617 0.0654795840383 -0.230000182986 1.62470960617 0.0654795840383 -0.22500102222 1.62470960617 0.0657780840993 -0.230000182986 1.62881076336 0.065849609673 -0.230000182986 1.62924623489 0.0658934786916 -0.335000216961 1.629783988 0.0659373477101 -0.33000010252 1.62821400166 0.0659802630544 -0.230000182986 1.62959015369 0.0660803988576 -0.335000216961 1.62453126907 0.0660803988576 -0.230000182986 1.62453126907 0.0660803988576 -0.22500102222 1.62453126907 0.0661128237844 -0.230000182986 1.6275575161 0.0661175921559 -0.33000010252 1.62753558159 0.0661490634084 -0.335000216961 1.62740504742 0.066150970757 -0.33000010252 1.63000142574 0.0661595538259 -0.230000182986 1.6299072504 0.0662463381886 -0.238001033664 1.62894356251 0.0662463381886 -0.230000182986 1.62846183777 0.0662549212575 -0.238001033664 1.62841236591 0.0662549212575 -0.230000182986 1.62899303436 0.0663693621755 -0.322000205517 1.62787413597 0.0663798525929 -0.238001033664 1.6280053854 0.0663798525929 -0.238001033664 1.62940001488 0.0663798525929 -0.230000182986 1.6280053854 0.0663798525929 -0.230000182986 1.62940001488 0.0663903430104 -0.230000182986 1.62721776962 0.0663903430104 -0.230000182986 1.63018763065 0.0664151385427 -0.33000010252 1.62779641151 0.0664742663503 -0.322000205517 1.62974512577 0.0666125491261 -0.238001033664 1.62976801395 0.0666125491261 -0.230000182986 1.62763738632 0.0666440203786 -0.238001033664 1.62760043144 0.0666440203786 -0.230000182986 1.62980496883 0.0666697695851 -0.230000182986 1.62698245049 0.0666697695851 -0.230000182986 1.63042294979 0.0667002871633 -0.335000216961 1.62444937229 0.0667002871633 -0.230000182986 1.62444937229 0.0667002871633 -0.22500102222 1.62444937229 0.0669501498342 -0.230000182986 1.62444400787 0.066979713738 -0.230000182986 1.62432134151 0.0669902041554 -0.230000182986 1.62679946423 0.0670254901052 -0.238001033664 1.63012242317 0.0670254901052 -0.230000182986 1.6272829771 0.067070312798 -0.238001033664 1.62725710869 0.0670989230275 -0.33000010252 1.63026690483 0.0671685412526 -0.230000182986 1.63020300865 0.067260093987 -0.33000010252 1.62663018703 0.0673297122121 -0.335000216961 1.62446582317 0.0673297122121 -0.230000182986 1.62446582317 0.0673297122121 -0.230000182986 1.62667429447 0.0673297122121 -0.22500102222 1.62446582317 0.0676253512502 -0.33000010252 1.6270416975 0.067694015801 -0.238001033664 1.63035809994 0.067694015801 -0.230000182986 1.62704730034 0.0676997378469 -0.230000182986 1.62661063671 0.0677684023976 -0.238001033664 1.62704086304 0.0677684023976 -0.230000182986 1.63036453724 0.0679410174489 -0.335000216961 1.62651264668 0.0679410174489 -0.33000010252 1.6308927536 0.0679496005177 -0.335000216961 1.62458014488 0.0679496005177 -0.230000182986 1.62458014488 0.0679496005177 -0.22500102222 1.62458014488 0.0680096819997 -0.335000216961 1.6308606863 0.0680602267385 -0.230000182986 1.62661063671 0.0681451037526 -0.322000205517 1.62694382668 0.0682395175099 -0.322000205517 1.63038754463 0.0684197619557 -0.230000182986 1.62667429447 0.0684207156301 -0.238001033664 1.63026857376 0.0684207156301 -0.230000182986 1.62713670731 0.0684693530202 -0.238001033664 1.62715399265 0.0685837939382 -0.230000182986 1.63020586967 0.0686791613698 -0.33000010252 1.63018321991 0.0687697604299 -0.230000182986 1.62679946423 0.0687697604299 -0.230000182986 1.63060593605 0.0688298419118 -0.238001033664 1.62735104561 0.0688298419118 -0.230000182986 1.63005423546 0.0688956454396 -0.238001033664 1.63000977039 0.0688956454396 -0.230000182986 1.62739562988 0.0690663531423 -0.33000010252 1.62689721584 0.0690797045827 -0.230000182986 1.62698245049 0.0690797045827 -0.230000182986 1.63042294979 0.0691407397389 -0.33000010252 1.62749505043 0.0691865161061 -0.238001033664 1.62769055367 0.0691865161061 -0.230000182986 1.6297147274 0.0692303851247 -0.238001033664 1.62964904308 0.0692303851247 -0.230000182986 1.62775623798 0.0693524554372 -0.322000205517 1.62950408459 0.0693600848317 -0.230000182986 1.62721776962 0.0693600848317 -0.230000182986 1.63018763065 0.0694268420339 -0.238001033664 1.62927854061 0.0694268420339 -0.230000182986 1.62812685966 0.0694440081716 -0.238001033664 1.62817490101 0.0694440081716 -0.230000182986 1.62923049927 0.0695031359792 -0.33000010252 1.62919187546 0.0695031359792 -0.322000205517 1.62821352482 0.0695317462087 -0.238001033664 1.62872838974 0.0695317462087 -0.230000182986 1.62867689133 0.0696004107594 -0.230000182986 1.62749814987 0.0696004107594 -0.230000182986 1.6299072504 0.0696891024709 -0.33000010252 1.62988305092 0.069698639214 -0.335000216961 1.62753140926 0.0697797015309 -0.230000182986 1.62781524658 0.0697797015309 -0.230000182986 1.62959015369 0.069870300591 -0.335000216961 1.62969100475 0.0699103549123 -0.230000182986 1.62815916538 0.0699103549123 -0.230000182986 1.62924623489 0.0699704363942 -0.230000182986 1.62851965427 0.0699704363942 -0.230000182986 1.628885746 0.0699742510915 -0.33000010252 1.62827122211 0.0701201632619 -0.230000182986 1.63965606689 0.0701201632619 -0.22500102222 1.63965606689 0.070262260735 -0.33000010252 1.6391274929 0.0703299716115 -0.230000182986 1.63906431198 0.0703299716115 -0.22500102222 1.63906431198 0.0703519061208 -0.335000216961 1.63880860806 0.0706303790212 -0.230000182986 1.6385127306 0.0706303790212 -0.22500102222 1.6385127306 0.0710099413991 -0.230000182986 1.6380147934 0.0710099413991 -0.22500102222 1.6380147934 0.0713828280568 -0.33000010252 1.63761138916 0.0714696124196 -0.230000182986 1.63758277893 0.0714696124196 -0.22500102222 1.63758277893 0.0719798281789 -0.230000182986 1.63722717762 0.0719798281789 -0.22500102222 1.63722717762 0.0723164752126 -0.335000216961 1.63698887825 0.0725501254201 -0.230000182986 1.63695704937 0.0725501254201 -0.22500102222 1.63695704937 0.0731499865651 -0.230000182986 1.63677871227 0.0731499865651 -0.22500102222 1.63677871227 0.0737698748708 -0.230000182986 1.63669681549 0.0737698748708 -0.22500102222 1.63669681549 0.0739319995046 -0.33000010252 1.63654363155 0.0744002535939 -0.230000182986 1.63671326637 0.0744002535939 -0.22500102222 1.63671326637 0.0744775012136 -0.335000216961 1.63668525219 0.0749104693532 -0.319999873638 1.63472747803 0.0749104693532 -0.299999892712 1.63472747803 0.0749104693532 -0.279999911785 1.63472747803 0.0749104693532 -0.259999930859 1.63472747803 0.0749104693532 -0.239999935031 1.63472747803 0.0749295428395 -0.320286929607 1.63473403454 0.0749295428395 -0.31971424818 1.63473403454 0.0749295428395 -0.300286948681 1.63473403454 0.0749295428395 -0.299713790417 1.63473403454 0.0749295428395 -0.280286967754 1.63473403454 0.0749295428395 -0.27971380949 1.63473403454 0.0749295428395 -0.260286986828 1.63473403454 0.0749295428395 -0.259713828564 1.63473403454 0.0749295428395 -0.240286991 1.63473403454 0.0749295428395 -0.239713832736 1.63473403454 0.0750001147389 -0.320563971996 1.63475322723 0.0750001147389 -0.31943577528 1.63475322723 0.0750001147389 -0.30056399107 1.63475322723 0.0750001147389 -0.299435794353 1.63475322723 0.0750001147389 -0.280564963818 1.63475322723 0.0750001147389 -0.279435813427 1.63475322723 0.0750001147389 -0.260564982891 1.63475322723 0.0750001147389 -0.2594358325 1.63475322723 0.0750001147389 -0.240564987063 1.63475322723 0.0750001147389 -0.239435836673 1.63475322723 0.0750201418996 -0.230000182986 1.63682758808 0.0750201418996 -0.22500102222 1.63682758808 0.0751202777028 -0.320824801922 1.63478469849 0.0751202777028 -0.319175899029 1.63478469849 0.0751202777028 -0.300824820995 1.63478469849 0.0751202777028 -0.299175918102 1.63478469849 0.0751202777028 -0.280824840069 1.63478469849 0.0751202777028 -0.279175937176 1.63478469849 0.0751202777028 -0.260824859142 1.63478469849 0.0751202777028 -0.259175956249 1.63478469849 0.0751202777028 -0.240824863315 1.63478469849 0.0751202777028 -0.239175960422 1.63478469849 0.0752795413136 -0.321060836315 1.63482749462 0.0752795413136 -0.318939864635 1.63482749462 0.0752795413136 -0.301060855389 1.63482749462 0.0752795413136 -0.298939883709 1.63482749462 0.0752795413136 -0.281060874462 1.63482749462 0.0752795413136 -0.278939902782 1.63482749462 0.0752795413136 -0.261060893536 1.63482749462 0.0752795413136 -0.258939921856 1.63482749462 0.0752795413136 -0.241060897708 1.63482749462 0.0752795413136 -0.238939926028 1.63482749462 0.0754798129201 -0.321263968945 1.63488006592 0.0754798129201 -0.318735778332 1.63488006592 0.0754798129201 -0.301263988018 1.63488006592 0.0754798129201 -0.298735797405 1.63488006592 0.0754798129201 -0.281264007092 1.63488006592 0.0754798129201 -0.278735816479 1.63488006592 0.0754798129201 -0.261264026165 1.63488006592 0.0754798129201 -0.258735835552 1.63488006592 0.0754798129201 -0.241264030337 1.63488006592 0.0754798129201 -0.238735839725 1.63488006592 0.0755799487233 -0.321343123913 1.63490641117 0.0755799487233 -0.301343142986 1.63490641117 0.0755799487233 -0.28134316206 1.63490641117 0.0757096484303 -0.321428954601 1.63494110107 0.0757096484303 -0.318570792675 1.63494110107 0.0757096484303 -0.301428973675 1.63494110107 0.0757096484303 -0.298570811749 1.63494110107 0.0757096484303 -0.281428992748 1.63494110107 0.0757096484303 -0.278571784496 1.63494110107 0.0757096484303 -0.261429011822 1.63494110107 0.0757096484303 -0.25857180357 1.63494110107 0.0757096484303 -0.241429015994 1.63494110107 0.0757096484303 -0.238571807742 1.63494110107 0.0759604647756 -0.321551024914 1.63500857353 0.0759604647756 -0.3184491992 1.63500857353 0.0759604647756 -0.301551043987 1.63500857353 0.0759604647756 -0.298449218273 1.63500857353 0.0759604647756 -0.281551063061 1.63500857353 0.0759604647756 -0.278449237347 1.63500857353 0.0759604647756 -0.261551082134 1.63500857353 0.0759604647756 -0.258450210094 1.63500857353 0.0759604647756 -0.241551086307 1.63500857353 0.0759604647756 -0.238450214267 1.63500857353 0.0762303546071 -0.321624934673 1.63508045673 0.0762303546071 -0.318374812603 1.63508045673 0.0762303546071 -0.301624953747 1.63508045673 0.0762303546071 -0.298374831676 1.63508045673 0.0762303546071 -0.28162497282 1.63508045673 0.0762303546071 -0.27837485075 1.63508045673 0.0762303546071 -0.261624991894 1.63508045673 0.0762303546071 -0.258374869823 1.63508045673 0.0762303546071 -0.241624996066 1.63508045673 0.0762303546071 -0.238374873996 1.63508045673 0.0765002444386 -0.321650207043 1.63515460491 0.0765002444386 -0.318350017071 1.63515460491 0.0765002444386 -0.301650226116 1.63515460491 0.0765002444386 -0.298350036144 1.63515460491 0.0765002444386 -0.28165024519 1.63515460491 0.0765002444386 -0.278350055218 1.63515460491 0.0765002444386 -0.261649787426 1.63515460491 0.0765002444386 -0.258350074291 1.63515460491 0.0765002444386 -0.241649791598 1.63515460491 0.0765002444386 -0.238350078464 1.63515460491 0.0767796710134 -0.321624934673 1.63522875309 0.0767796710134 -0.318374812603 1.63522875309 0.0767796710134 -0.301624953747 1.63522875309 0.0767796710134 -0.298374831676 1.63522875309 0.0767796710134 -0.28162497282 1.63522875309 0.0767796710134 -0.27837485075 1.63522875309 0.0767796710134 -0.261624991894 1.63522875309 0.0767796710134 -0.258374869823 1.63522875309 0.0767796710134 -0.241624996066 1.63522875309 0.0767796710134 -0.238374873996 1.63522875309 0.0769799426198 -0.319999873638 1.62700009346 0.0769799426198 -0.299999892712 1.62700009346 0.0769799426198 -0.279999911785 1.62700009346 0.0769799426198 -0.259999930859 1.62700009346 0.0769799426198 -0.239999935031 1.62700009346 0.0769999697804 -0.320286929607 1.62700664997 0.0769999697804 -0.31971424818 1.62700664997 0.0769999697804 -0.300286948681 1.62700664997 0.0769999697804 -0.299713790417 1.62700664997 0.0769999697804 -0.280286967754 1.62700664997 0.0769999697804 -0.27971380949 1.62700664997 0.0769999697804 -0.260286986828 1.62700664997 0.0769999697804 -0.259713828564 1.62700664997 0.0769999697804 -0.240286991 1.62700664997 0.0769999697804 -0.239713832736 1.62700664997 0.0770495608449 -0.321551024914 1.63530063629 0.0770495608449 -0.3184491992 1.63530063629 0.0770495608449 -0.301551043987 1.63530063629 0.0770495608449 -0.298449218273 1.63530063629 0.0770495608449 -0.281551063061 1.63530063629 0.0770495608449 -0.278449237347 1.63530063629 0.0770495608449 -0.261551082134 1.63530063629 0.0770495608449 -0.258450210094 1.63530063629 0.0770495608449 -0.241551086307 1.63530063629 0.0770495608449 -0.238450214267 1.63530063629 0.077080078423 -0.320563971996 1.62702584267 0.077080078423 -0.31943577528 1.62702584267 0.077080078423 -0.30056399107 1.62702584267 0.077080078423 -0.299435794353 1.62702584267 0.077080078423 -0.280564963818 1.62702584267 0.077080078423 -0.279435813427 1.62702584267 0.077080078423 -0.260564982891 1.62702584267 0.077080078423 -0.2594358325 1.62702584267 0.077080078423 -0.240564987063 1.62702584267 0.077080078423 -0.239435836673 1.62702584267 0.0771897509694 -0.320824801922 1.62705731392 0.0771897509694 -0.319175899029 1.62705731392 0.0771897509694 -0.300824820995 1.62705731392 0.0771897509694 -0.299175918102 1.62705731392 0.0771897509694 -0.280824840069 1.62705731392 0.0771897509694 -0.279175937176 1.62705731392 0.0771897509694 -0.260824859142 1.62705731392 0.0771897509694 -0.259175956249 1.62705731392 0.0771897509694 -0.240824863315 1.62705731392 0.0771897509694 -0.239175960422 1.62705731392 0.0773003771901 -0.321428954601 1.63536810875 0.0773003771901 -0.318570792675 1.63536810875 0.0773003771901 -0.301428973675 1.63536810875 0.0773003771901 -0.298570811749 1.63536810875 0.0773003771901 -0.281428992748 1.63536810875 0.0773003771901 -0.278571784496 1.63536810875 0.0773003771901 -0.261429011822 1.63536810875 0.0773003771901 -0.25857180357 1.63536810875 0.0773003771901 -0.241429015994 1.63536810875 0.0773003771901 -0.238571807742 1.63536810875 0.0773499682546 -0.321060836315 1.62709999084 0.0773499682546 -0.318939864635 1.62709999084 0.0773499682546 -0.301060855389 1.62709999084 0.0773499682546 -0.298939883709 1.62709999084 0.0773499682546 -0.281060874462 1.62709999084 0.0773499682546 -0.278939902782 1.62709999084 0.0773499682546 -0.261060893536 1.62709999084 0.0773499682546 -0.258939921856 1.62709999084 0.0773499682546 -0.241060897708 1.62709999084 0.0773499682546 -0.238939926028 1.62709999084 0.0774300768971 -0.258657157421 1.63540279865 0.0774300768971 -0.238657161593 1.63540279865 0.0775302127004 -0.321263968945 1.6354290247 0.0775302127004 -0.318735778332 1.6354290247 0.0775302127004 -0.301263988018 1.6354290247 0.0775302127004 -0.298735797405 1.6354290247 0.0775302127004 -0.281264007092 1.6354290247 0.0775302127004 -0.278735816479 1.6354290247 0.0775302127004 -0.261264026165 1.6354290247 0.0775302127004 -0.258735835552 1.6354290247 0.0775302127004 -0.241264030337 1.6354290247 0.0775302127004 -0.238735839725 1.6354290247 0.077550239861 -0.321263968945 1.62715268135 0.077550239861 -0.318735778332 1.62715268135 0.077550239861 -0.301263988018 1.62715268135 0.077550239861 -0.298735797405 1.62715268135 0.077550239861 -0.281264007092 1.62715268135 0.077550239861 -0.278735816479 1.62715268135 0.077550239861 -0.261264026165 1.62715268135 0.077550239861 -0.258735835552 1.62715268135 0.077550239861 -0.241264030337 1.62715268135 0.077550239861 -0.238735839725 1.62715268135 0.0776503756642 -0.258657157421 1.6271790266 0.0776503756642 -0.238657161593 1.6271790266 0.0777199938893 -0.321060836315 1.6354817152 0.0777199938893 -0.318939864635 1.6354817152 0.0777199938893 -0.301060855389 1.6354817152 0.0777199938893 -0.298939883709 1.6354817152 0.0777199938893 -0.281060874462 1.6354817152 0.0777199938893 -0.278939902782 1.6354817152 0.0777199938893 -0.261060893536 1.6354817152 0.0777199938893 -0.258939921856 1.6354817152 0.0777199938893 -0.241060897708 1.6354817152 0.0777199938893 -0.238939926028 1.6354817152 0.0777800753713 -0.321428954601 1.6272135973 0.0777800753713 -0.318570792675 1.6272135973 0.0777800753713 -0.301428973675 1.6272135973 0.0777800753713 -0.298570811749 1.6272135973 0.0777800753713 -0.281428992748 1.6272135973 0.0777800753713 -0.278571784496 1.6272135973 0.0777800753713 -0.261429011822 1.6272135973 0.0777800753713 -0.25857180357 1.6272135973 0.0777800753713 -0.241429015994 1.6272135973 0.0777800753713 -0.238571807742 1.6272135973 0.0778802111745 -0.320824801922 1.63552439213 0.0778802111745 -0.319175899029 1.63552439213 0.0778802111745 -0.300824820995 1.63552439213 0.0778802111745 -0.299175918102 1.63552439213 0.0778802111745 -0.280824840069 1.63552439213 0.0778802111745 -0.279175937176 1.63552439213 0.0778802111745 -0.260824859142 1.63552439213 0.0778802111745 -0.259175956249 1.63552439213 0.0778802111745 -0.240824863315 1.63552439213 0.0778802111745 -0.239175960422 1.63552439213 0.0780003741384 -0.320563971996 1.63555586338 0.0780003741384 -0.31943577528 1.63555586338 0.0780003741384 -0.30056399107 1.63555586338 0.0780003741384 -0.299435794353 1.63555586338 0.0780003741384 -0.280564963818 1.63555586338 0.0780003741384 -0.279435813427 1.63555586338 0.0780003741384 -0.260564982891 1.63555586338 0.0780003741384 -0.2594358325 1.63555586338 0.0780003741384 -0.240564987063 1.63555586338 0.0780003741384 -0.239435836673 1.63555586338 0.0780299380422 -0.321551024914 1.62728106976 0.0780299380422 -0.3184491992 1.62728106976 0.0780299380422 -0.301551043987 1.62728106976 0.0780299380422 -0.298449218273 1.62728106976 0.0780299380422 -0.281551063061 1.62728106976 0.0780299380422 -0.278449237347 1.62728106976 0.0780299380422 -0.261551082134 1.62728106976 0.0780299380422 -0.258450210094 1.62728106976 0.0780299380422 -0.241551086307 1.62728106976 0.0780299380422 -0.238450214267 1.62728106976 0.0780699923635 -0.320286929607 1.63557517529 0.0780699923635 -0.31971424818 1.63557517529 0.0780699923635 -0.300286948681 1.63557517529 0.0780699923635 -0.299713790417 1.63557517529 0.0780699923635 -0.280286967754 1.63557517529 0.0780699923635 -0.27971380949 1.63557517529 0.0780699923635 -0.260286986828 1.63557517529 0.0780699923635 -0.259713828564 1.63557517529 0.0780699923635 -0.240286991 1.63557517529 0.0780699923635 -0.239713832736 1.63557517529 0.0780995562673 -0.319999873638 1.63558161259 0.0780995562673 -0.299999892712 1.63558161259 0.0780995562673 -0.279999911785 1.63558161259 0.0780995562673 -0.259999930859 1.63558161259 0.0780995562673 -0.239999935031 1.63558161259 0.0782998278737 -0.321624934673 1.62735307217 0.0782998278737 -0.318374812603 1.62735307217 0.0782998278737 -0.301624953747 1.62735307217 0.0782998278737 -0.298374831676 1.62735307217 0.0782998278737 -0.28162497282 1.62735307217 0.0782998278737 -0.27837485075 1.62735307217 0.0782998278737 -0.261624991894 1.62735307217 0.0782998278737 -0.258374869823 1.62735307217 0.0782998278737 -0.241624996066 1.62735307217 0.0782998278737 -0.238374873996 1.62735307217 0.0785697177052 -0.321650207043 1.62742722034 0.0785697177052 -0.318350017071 1.62742722034 0.0785697177052 -0.301650226116 1.62742722034 0.0785697177052 -0.298350036144 1.62742722034 0.0785697177052 -0.28165024519 1.62742722034 0.0785697177052 -0.278350055218 1.62742722034 0.0785697177052 -0.261649787426 1.62742722034 0.0785697177052 -0.258350074291 1.62742722034 0.0785697177052 -0.241649791598 1.62742722034 0.0785697177052 -0.238350078464 1.62742722034 0.0788500979543 -0.321624934673 1.62750136852 0.0788500979543 -0.318374812603 1.62750136852 0.0788500979543 -0.301624953747 1.62750136852 0.0788500979543 -0.298374831676 1.62750136852 0.0788500979543 -0.28162497282 1.62750136852 0.0788500979543 -0.27837485075 1.62750136852 0.0788500979543 -0.261624991894 1.62750136852 0.0788500979543 -0.258374869823 1.62750136852 0.0788500979543 -0.241624996066 1.62750136852 0.0788500979543 -0.238374873996 1.62750136852 0.0791199877858 -0.321551024914 1.62757325172 0.0791199877858 -0.3184491992 1.62757325172 0.0791199877858 -0.301551043987 1.62757325172 0.0791199877858 -0.298449218273 1.62757325172 0.0791199877858 -0.281551063061 1.62757325172 0.0791199877858 -0.278449237347 1.62757325172 0.0791199877858 -0.261551082134 1.62757325172 0.0791199877858 -0.258450210094 1.62757325172 0.0791199877858 -0.241551086307 1.62757325172 0.0791199877858 -0.238450214267 1.62757325172 0.0793698504567 -0.321428954601 1.62764072418 0.0793698504567 -0.318570792675 1.62764072418 0.0793698504567 -0.301428973675 1.62764072418 0.0793698504567 -0.298570811749 1.62764072418 0.0793698504567 -0.281428992748 1.62764072418 0.0793698504567 -0.278571784496 1.62764072418 0.0793698504567 -0.261429011822 1.62764072418 0.0793698504567 -0.25857180357 1.62764072418 0.0793698504567 -0.241429015994 1.62764072418 0.0793698504567 -0.238571807742 1.62764072418 0.0794995501637 -0.321343123913 1.62767529488 0.0794995501637 -0.301343142986 1.62767529488 0.0794995501637 -0.28134316206 1.62767529488 0.079599685967 -0.321263968945 1.62770164013 0.079599685967 -0.318735778332 1.62770164013 0.079599685967 -0.301263988018 1.62770164013 0.079599685967 -0.298735797405 1.62770164013 0.079599685967 -0.281264007092 1.62770164013 0.079599685967 -0.278735816479 1.62770164013 0.079599685967 -0.261264026165 1.62770164013 0.079599685967 -0.258735835552 1.62770164013 0.079599685967 -0.241264030337 1.62770164013 0.079599685967 -0.238735839725 1.62770164013 0.0797904208302 -0.321060836315 1.62775433064 0.0797904208302 -0.318939864635 1.62775433064 0.0797904208302 -0.301060855389 1.62775433064 0.0797904208302 -0.298939883709 1.62775433064 0.0797904208302 -0.281060874462 1.62775433064 0.0797904208302 -0.278939902782 1.62775433064 0.0797904208302 -0.261060893536 1.62775433064 0.0797904208302 -0.258939921856 1.62775433064 0.0797904208302 -0.241060897708 1.62775433064 0.0797904208302 -0.238939926028 1.62775433064 0.0799496844411 -0.320824801922 1.62779700756 0.0799496844411 -0.319175899029 1.62779700756 0.0799496844411 -0.300824820995 1.62779700756 0.0799496844411 -0.299175918102 1.62779700756 0.0799496844411 -0.280824840069 1.62779700756 0.0799496844411 -0.279175937176 1.62779700756 0.0799496844411 -0.260824859142 1.62779700756 0.0799496844411 -0.259175956249 1.62779700756 0.0799496844411 -0.240824863315 1.62779700756 0.0799496844411 -0.239175960422 1.62779700756 0.080069847405 -0.320563971996 1.62782847881 0.080069847405 -0.31943577528 1.62782847881 0.080069847405 -0.30056399107 1.62782847881 0.080069847405 -0.299435794353 1.62782847881 0.080069847405 -0.280564963818 1.62782847881 0.080069847405 -0.279435813427 1.62782847881 0.080069847405 -0.260564982891 1.62782847881 0.080069847405 -0.2594358325 1.62782847881 0.080069847405 -0.240564987063 1.62782847881 0.080069847405 -0.239435836673 1.62782847881 0.0801404193044 -0.320286929607 1.62784779072 0.0801404193044 -0.31971424818 1.62784779072 0.0801404193044 -0.300286948681 1.62784779072 0.0801404193044 -0.299713790417 1.62784779072 0.0801404193044 -0.280286967754 1.62784779072 0.0801404193044 -0.27971380949 1.62784779072 0.0801404193044 -0.260286986828 1.62784779072 0.0801404193044 -0.259713828564 1.62784779072 0.0801404193044 -0.240286991 1.62784779072 0.0801404193044 -0.239713832736 1.62784779072 0.0801699832082 -0.319999873638 1.62785422802 0.0801699832082 -0.299999892712 1.62785422802 0.0801699832082 -0.279999911785 1.62785422802 0.0801699832082 -0.259999930859 1.62785422802 0.0801699832082 -0.239999935031 1.62785422802 0.0855897143483 -0.22500102222 1.70177555084 0.0904000476003 -0.230000182986 1.70306539536 0.0904000476003 -0.22500102222 1.70306539536 0.0910199359059 -0.230000182986 1.70317971706 0.0910199359059 -0.22500102222 1.70317971706 0.0911725237966 -0.335000216961 1.70326852798 0.0912507250905 -0.33000010252 1.7032866478 0.0916398242116 -0.230000182986 1.70319616795 0.0916398242116 -0.22500102222 1.70319616795 0.0922702029347 -0.230000182986 1.70311427116 0.0922702029347 -0.22500102222 1.70311427116 0.0928700640798 -0.230000182986 1.70293593407 0.0928700640798 -0.22500102222 1.70293593407 0.0934298709035 -0.230000182986 1.70266580582 0.0934298709035 -0.22500102222 1.70266580582 0.0935080721974 -0.33000010252 1.70265567303 0.09394390136 -0.335000216961 1.70243799686 0.0939496234059 -0.230000182986 1.70231020451 0.0939496234059 -0.22500102222 1.70231020451 0.0944102481008 -0.230000182986 1.70187819004 0.0944102481008 -0.22500102222 1.70187819004 0.0944903567433 -0.22500102222 1.70178043842 0.0947898104787 -0.230000182986 1.70138025284 0.0947898104787 -0.22500102222 1.70138025284 0.0950902178884 -0.230000182986 1.70082867146 0.0950902178884 -0.22500102222 1.70082867146 0.095092125237 -0.33000010252 1.70100557804 0.0952056124806 -0.335000216961 1.70058786869 0.095300026238 -0.230000182986 1.70023691654 0.095300026238 -0.22500102222 1.70023691654 0.0954497531056 -0.230000182986 1.71100723743 0.0954497531056 -0.230000182986 1.71137332916 0.0954497531056 -0.22500102222 1.71100723743 0.0954497531056 -0.22500102222 1.71137332916 0.0954707339406 -0.335000216961 1.71056461334 0.0954707339406 -0.33000010252 1.71181595325 0.0955098345876 -0.230000182986 1.71064674854 0.0955098345876 -0.230000182986 1.71173381805 0.0955098345876 -0.22500102222 1.71064674854 0.0955098345876 -0.22500102222 1.71173381805 0.0956395342946 -0.230000182986 1.71030282974 0.0956395342946 -0.230000182986 1.71207785606 0.0956395342946 -0.22500102222 1.71030282974 0.0956395342946 -0.22500102222 1.71207785606 0.0958197787404 -0.230000182986 1.70998573303 0.0958197787404 -0.230000182986 1.71239483356 0.0958197787404 -0.22500102222 1.70998573303 0.0958197787404 -0.22500102222 1.71239483356 0.0958207324147 -0.33000010252 1.70983576775 0.0960381701589 -0.335000216961 1.71287930012 0.0960601046681 -0.230000182986 1.70970535278 0.0960601046681 -0.230000182986 1.71267521381 0.0960601046681 -0.22500102222 1.70970535278 0.0960601046681 -0.22500102222 1.71267521381 0.0963395312428 -0.230000182986 1.70947003365 0.0963395312428 -0.230000182986 1.71291053295 0.0963395312428 -0.22500102222 1.70947003365 0.0963395312428 -0.22500102222 1.71291053295 0.09665042907 -0.230000182986 1.70928704739 0.09665042907 -0.230000182986 1.71309351921 0.09665042907 -0.22500102222 1.70928704739 0.09665042907 -0.22500102222 1.71309351921 0.0970004275441 -0.230000182986 1.70916187763 0.0970004275441 -0.230000182986 1.71321880817 0.0970004275441 -0.22500102222 1.70916187763 0.0970004275441 -0.22500102222 1.71321880817 0.0970252230763 -0.335000216961 1.70902717113 0.0970252230763 -0.33000010252 1.71335351467 0.0973599627614 -0.230000182986 1.70909833908 0.0973599627614 -0.230000182986 1.71328234673 0.0973599627614 -0.22500102222 1.70909833908 0.0973599627614 -0.22500102222 1.71328234673 0.0974696353078 -0.230000182986 1.71531283855 0.0974696353078 -0.22500102222 1.71531283855 0.0974887087941 -0.33000010252 1.70905303955 0.097720451653 -0.230000182986 1.70909833908 0.097720451653 -0.230000182986 1.71328234673 0.097720451653 -0.22500102222 1.70909833908 0.097720451653 -0.22500102222 1.71328234673 0.0980065539479 -0.335000216961 1.71545481682 0.0980799868703 -0.230000182986 1.70916187763 0.0980799868703 -0.230000182986 1.71321880817 0.0980799868703 -0.22500102222 1.70916187763 0.0980799868703 -0.22500102222 1.71321880817 0.0980895236135 -0.230000182986 1.71542716026 0.0980895236135 -0.22500102222 1.71542716026 0.0984299853444 -0.230000182986 1.70928704739 0.0984299853444 -0.230000182986 1.71309351921 0.0984299853444 -0.22500102222 1.70928704739 0.0984299853444 -0.22500102222 1.71309351921 0.0985511019826 -0.33000010252 1.71559798717 0.0987103655934 -0.230000182986 1.71544361115 0.0987103655934 -0.22500102222 1.71544361115 0.0987504199147 -0.230000182986 1.70947003365 0.0987504199147 -0.230000182986 1.71291053295 0.0987504199147 -0.22500102222 1.70947003365 0.0987504199147 -0.22500102222 1.71291053295 0.0987694934011 -0.335000216961 1.71304655075 0.0988696292043 -0.22500102222 1.71281135082 0.0989564135671 -0.335000216961 1.70958197117 0.0990298464894 -0.230000182986 1.70970535278 0.0990298464894 -0.230000182986 1.71267521381 0.0990298464894 -0.22500102222 1.70970535278 0.0990298464894 -0.22500102222 1.71267521381 0.0992501452565 -0.33000010252 1.7125620842 0.0992596819997 -0.230000182986 1.70998573303 0.0992596819997 -0.230000182986 1.71239483356 0.0992596819997 -0.22500102222 1.70998573303 0.0992596819997 -0.22500102222 1.71239483356 0.0993397906423 -0.230000182986 1.71536171436 0.0993397906423 -0.22500102222 1.71536171436 0.0994399264455 -0.230000182986 1.71030282974 0.0994399264455 -0.230000182986 1.71207785606 0.0994399264455 -0.22500102222 1.71030282974 0.0994399264455 -0.22500102222 1.71207785606 0.0994609072804 -0.33000010252 1.70999264717 0.0995095446706 -0.230000182986 1.71045386791 0.0995696261525 -0.230000182986 1.71064674854 0.0995696261525 -0.230000182986 1.71173381805 0.0995696261525 -0.22500102222 1.71064674854 0.0995696261525 -0.22500102222 1.71173381805 0.0996297076344 -0.230000182986 1.71100723743 0.0996297076344 -0.230000182986 1.71137332916 0.0996297076344 -0.22500102222 1.71100723743 0.0996297076344 -0.22500102222 1.71137332916 0.0996993258595 -0.335000216961 1.71104741096 0.0999396517873 -0.230000182986 1.71518349648 0.0999396517873 -0.22500102222 1.71518349648 0.100168533623 -0.335000216961 1.71515405178 0.100509949028 -0.230000182986 1.71491324902 0.100509949028 -0.22500102222 1.71491324902 0.101020164788 -0.230000182986 1.71455776691 0.101020164788 -0.22500102222 1.71455776691 0.101105041802 -0.33000010252 1.71453011036 0.101479835808 -0.230000182986 1.71412563324 0.101479835808 -0.22500102222 1.71412563324 0.101860351861 -0.230000182986 1.71362769604 0.101860351861 -0.22500102222 1.71362769604 0.102099724114 -0.335000216961 1.71338295937 0.102159805596 -0.230000182986 1.71307611465 0.102159805596 -0.22500102222 1.71307611465 0.102226562798 -0.33000010252 1.71301579475 0.102369613945 -0.230000182986 1.71248435974 0.102369613945 -0.22500102222 1.71248435974 0.103889770806 -0.319999873638 1.64249205589 0.103889770806 -0.299999892712 1.64249205589 0.103889770806 -0.279999911785 1.64249205589 0.103889770806 -0.259999930859 1.64249205589 0.103889770806 -0.239999935031 1.64249205589 0.103909797966 -0.320286929607 1.6424986124 0.103909797966 -0.31971424818 1.6424986124 0.103909797966 -0.300286948681 1.6424986124 0.103909797966 -0.299713790417 1.6424986124 0.103909797966 -0.280286967754 1.6424986124 0.103909797966 -0.27971380949 1.6424986124 0.103909797966 -0.260286986828 1.6424986124 0.103909797966 -0.259713828564 1.6424986124 0.103909797966 -0.240286991 1.6424986124 0.103909797966 -0.239713832736 1.6424986124 0.103980369866 -0.320563971996 1.6425178051 0.103980369866 -0.31943577528 1.6425178051 0.103980369866 -0.30056399107 1.6425178051 0.103980369866 -0.299435794353 1.6425178051 0.103980369866 -0.280564963818 1.6425178051 0.103980369866 -0.279435813427 1.6425178051 0.103980369866 -0.260564982891 1.6425178051 0.103980369866 -0.2594358325 1.6425178051 0.103980369866 -0.240564987063 1.6425178051 0.103980369866 -0.239435836673 1.6425178051 0.104099579155 -0.320824801922 1.64254927635 0.104099579155 -0.319175899029 1.64254927635 0.104099579155 -0.300824820995 1.64254927635 0.104099579155 -0.299175918102 1.64254927635 0.104099579155 -0.280824840069 1.64254927635 0.104099579155 -0.279175937176 1.64254927635 0.104099579155 -0.260824859142 1.64254927635 0.104099579155 -0.259175956249 1.64254927635 0.104099579155 -0.240824863315 1.64254927635 0.104099579155 -0.239175960422 1.64254927635 0.104259796441 -0.321060836315 1.64259195328 0.104259796441 -0.318939864635 1.64259195328 0.104259796441 -0.301060855389 1.64259195328 0.104259796441 -0.298939883709 1.64259195328 0.104259796441 -0.281060874462 1.64259195328 0.104259796441 -0.278939902782 1.64259195328 0.104259796441 -0.261060893536 1.64259195328 0.104259796441 -0.258939921856 1.64259195328 0.104259796441 -0.241060897708 1.64259195328 0.104259796441 -0.238939926028 1.64259195328 0.104285545647 -0.335000216961 1.70534062386 0.104460068047 -0.321263968945 1.64264464378 0.104460068047 -0.318735778332 1.64264464378 0.104460068047 -0.301263988018 1.64264464378 0.104460068047 -0.298735797405 1.64264464378 0.104460068047 -0.281264007092 1.64264464378 0.104460068047 -0.278735816479 1.64264464378 0.104460068047 -0.261264026165 1.64264464378 0.104460068047 -0.258735835552 1.64264464378 0.104460068047 -0.241264030337 1.64264464378 0.104460068047 -0.238735839725 1.64264464378 0.104549713433 -0.321343123913 1.64267098904 0.104549713433 -0.301343142986 1.64267098904 0.104549713433 -0.28134316206 1.64267098904 0.104680366814 -0.321428954601 1.64270567894 0.104680366814 -0.318570792675 1.64270567894 0.104680366814 -0.301428973675 1.64270567894 0.104680366814 -0.298570811749 1.64270567894 0.104680366814 -0.281428992748 1.64270567894 0.104680366814 -0.278571784496 1.64270567894 0.104680366814 -0.261429011822 1.64270567894 0.104680366814 -0.25857180357 1.64270567894 0.104680366814 -0.241429015994 1.64270567894 0.104680366814 -0.238571807742 1.64270567894 0.104939766228 -0.321551024914 1.6427731514 0.104939766228 -0.3184491992 1.6427731514 0.104939766228 -0.301551043987 1.6427731514 0.104939766228 -0.298449218273 1.6427731514 0.104939766228 -0.281551063061 1.6427731514 0.104939766228 -0.278449237347 1.6427731514 0.104939766228 -0.261551082134 1.6427731514 0.104939766228 -0.258450210094 1.6427731514 0.104939766228 -0.241551086307 1.6427731514 0.104939766228 -0.238450214267 1.6427731514 0.105200119317 -0.321624934673 1.6428450346 0.105200119317 -0.318374812603 1.6428450346 0.105200119317 -0.301624953747 1.6428450346 0.105200119317 -0.298374831676 1.6428450346 0.105200119317 -0.28162497282 1.6428450346 0.105200119317 -0.27837485075 1.6428450346 0.105200119317 -0.261624991894 1.6428450346 0.105200119317 -0.258374869823 1.6428450346 0.105200119317 -0.241624996066 1.6428450346 0.105200119317 -0.238374873996 1.6428450346 0.105240173638 -0.22500102222 1.70177555084 0.105479545891 -0.321650207043 1.64291918278 0.105479545891 -0.318350017071 1.64291918278 0.105479545891 -0.301650226116 1.64291918278 0.105479545891 -0.298350036144 1.64291918278 0.105479545891 -0.28165024519 1.64291918278 0.105479545891 -0.278350055218 1.64291918278 0.105479545891 -0.261649787426 1.64291918278 0.105479545891 -0.258350074291 1.64291918278 0.105479545891 -0.241649791598 1.64291918278 0.105479545891 -0.238350078464 1.64291918278 0.10575992614 -0.321624934673 1.64299333096 0.10575992614 -0.318374812603 1.64299333096 0.10575992614 -0.301624953747 1.64299333096 0.10575992614 -0.298374831676 1.64299333096 0.10575992614 -0.28162497282 1.64299333096 0.10575992614 -0.27837485075 1.64299333096 0.10575992614 -0.261624991894 1.64299333096 0.10575992614 -0.258374869823 1.64299333096 0.10575992614 -0.241624996066 1.64299333096 0.10575992614 -0.238374873996 1.64299333096 0.105929680169 -0.230000182986 1.64510977268 0.105929680169 -0.22500102222 1.64510977268 0.105960197747 -0.319999873638 1.63476467133 0.105960197747 -0.299999892712 1.63476467133 0.105960197747 -0.279999911785 1.63476467133 0.105960197747 -0.259999930859 1.63476467133 0.105960197747 -0.239999935031 1.63476467133 0.105980224907 -0.320286929607 1.63477122784 0.105980224907 -0.31971424818 1.63477122784 0.105980224907 -0.300286948681 1.63477122784 0.105980224907 -0.299713790417 1.63477122784 0.105980224907 -0.280286967754 1.63477122784 0.105980224907 -0.27971380949 1.63477122784 0.105980224907 -0.260286986828 1.63477122784 0.105980224907 -0.259713828564 1.63477122784 0.105980224907 -0.240286991 1.63477122784 0.105980224907 -0.239713832736 1.63477122784 0.106029815972 -0.321551024914 1.64306521416 0.106029815972 -0.3184491992 1.64306521416 0.106029815972 -0.301551043987 1.64306521416 0.106029815972 -0.298449218273 1.64306521416 0.106029815972 -0.281551063061 1.64306521416 0.106029815972 -0.278449237347 1.64306521416 0.106029815972 -0.261551082134 1.64306521416 0.106029815972 -0.258450210094 1.64306521416 0.106029815972 -0.241551086307 1.64306521416 0.106029815972 -0.238450214267 1.64306521416 0.106049843132 -0.320563971996 1.63479042053 0.106049843132 -0.31943577528 1.63479042053 0.106049843132 -0.30056399107 1.63479042053 0.106049843132 -0.299435794353 1.63479042053 0.106049843132 -0.280564963818 1.63479042053 0.106049843132 -0.279435813427 1.63479042053 0.106049843132 -0.260564982891 1.63479042053 0.106049843132 -0.2594358325 1.63479042053 0.106049843132 -0.240564987063 1.63479042053 0.106049843132 -0.239435836673 1.63479042053 0.106170006096 -0.320824801922 1.63482189178 0.106170006096 -0.319175899029 1.63482189178 0.106170006096 -0.300824820995 1.63482189178 0.106170006096 -0.299175918102 1.63482189178 0.106170006096 -0.280824840069 1.63482189178 0.106170006096 -0.279175937176 1.63482189178 0.106170006096 -0.260824859142 1.63482189178 0.106170006096 -0.259175956249 1.63482189178 0.106170006096 -0.240824863315 1.63482189178 0.106170006096 -0.239175960422 1.63482189178 0.106279678643 -0.321428954601 1.64313268661 0.106279678643 -0.318570792675 1.64313268661 0.106279678643 -0.301428973675 1.64313268661 0.106279678643 -0.298570811749 1.64313268661 0.106279678643 -0.281428992748 1.64313268661 0.106279678643 -0.278571784496 1.64313268661 0.106279678643 -0.261429011822 1.64313268661 0.106279678643 -0.25857180357 1.64313268661 0.106279678643 -0.241429015994 1.64313268661 0.106279678643 -0.238571807742 1.64313268661 0.106300659478 -0.335000216961 1.64520931244 0.106330223382 -0.321060836315 1.63486456871 0.106330223382 -0.318939864635 1.63486456871 0.106330223382 -0.301060855389 1.63486456871 0.106330223382 -0.298939883709 1.63486456871 0.106330223382 -0.281060874462 1.63486456871 0.106330223382 -0.278939902782 1.63486456871 0.106330223382 -0.261060893536 1.63486456871 0.106330223382 -0.258939921856 1.63486456871 0.106330223382 -0.241060897708 1.63486456871 0.106330223382 -0.238939926028 1.63486456871 0.10649997741 -0.321263968945 1.64319360256 0.10649997741 -0.318735778332 1.64319360256 0.10649997741 -0.301263988018 1.64319360256 0.10649997741 -0.298735797405 1.64319360256 0.10649997741 -0.281264007092 1.64319360256 0.10649997741 -0.278735816479 1.64319360256 0.10649997741 -0.261264026165 1.64319360256 0.10649997741 -0.258735835552 1.64319360256 0.10649997741 -0.241264030337 1.64319360256 0.10649997741 -0.238735839725 1.64319360256 0.106529541314 -0.321263968945 1.63491725922 0.106529541314 -0.318735778332 1.63491725922 0.106529541314 -0.301263988018 1.63491725922 0.106529541314 -0.298735797405 1.63491725922 0.106529541314 -0.281264007092 1.63491725922 0.106529541314 -0.278735816479 1.63491725922 0.106529541314 -0.261264026165 1.63491725922 0.106529541314 -0.258735835552 1.63491725922 0.106529541314 -0.241264030337 1.63491725922 0.106529541314 -0.238735839725 1.63491725922 0.106530494988 -0.33000010252 1.64527463913 0.106700249016 -0.321060836315 1.64324629307 0.106700249016 -0.318939864635 1.64324629307 0.106700249016 -0.301060855389 1.64324629307 0.106700249016 -0.298939883709 1.64324629307 0.106700249016 -0.281060874462 1.64324629307 0.106700249016 -0.278939902782 1.64324629307 0.106700249016 -0.261060893536 1.64324629307 0.106700249016 -0.258939921856 1.64324629307 0.106700249016 -0.241060897708 1.64324629307 0.106700249016 -0.238939926028 1.64324629307 0.106749840081 -0.321428954601 1.63497817516 0.106749840081 -0.318570792675 1.63497817516 0.106749840081 -0.301428973675 1.63497817516 0.106749840081 -0.298570811749 1.63497817516 0.106749840081 -0.281428992748 1.63497817516 0.106749840081 -0.278571784496 1.63497817516 0.106749840081 -0.261429011822 1.63497817516 0.106749840081 -0.25857180357 1.63497817516 0.106749840081 -0.241429015994 1.63497817516 0.106749840081 -0.238571807742 1.63497817516 0.106860466301 -0.320824801922 1.64328896999 0.106860466301 -0.319175899029 1.64328896999 0.106860466301 -0.300824820995 1.64328896999 0.106860466301 -0.299175918102 1.64328896999 0.106860466301 -0.280824840069 1.64328896999 0.106860466301 -0.279175937176 1.64328896999 0.106860466301 -0.260824859142 1.64328896999 0.106860466301 -0.259175956249 1.64328896999 0.106860466301 -0.240824863315 1.64328896999 0.106860466301 -0.239175960422 1.64328896999 0.106979675591 -0.320563971996 1.64332044125 0.106979675591 -0.31943577528 1.64332044125 0.106979675591 -0.30056399107 1.64332044125 0.106979675591 -0.299435794353 1.64332044125 0.106979675591 -0.280564963818 1.64332044125 0.106979675591 -0.279435813427 1.64332044125 0.106979675591 -0.260564982891 1.64332044125 0.106979675591 -0.2594358325 1.64332044125 0.106979675591 -0.240564987063 1.64332044125 0.106979675591 -0.239435836673 1.64332044125 0.107010193169 -0.321551024914 1.63504564762 0.107010193169 -0.3184491992 1.63504564762 0.107010193169 -0.301551043987 1.63504564762 0.107010193169 -0.298449218273 1.63504564762 0.107010193169 -0.281551063061 1.63504564762 0.107010193169 -0.278449237347 1.63504564762 0.107010193169 -0.261551082134 1.63504564762 0.107010193169 -0.258450210094 1.63504564762 0.107010193169 -0.241551086307 1.63504564762 0.107010193169 -0.238450214267 1.63504564762 0.10705024749 -0.320286929607 1.64333975315 0.10705024749 -0.31971424818 1.64333975315 0.10705024749 -0.300286948681 1.64333975315 0.10705024749 -0.299713790417 1.64333975315 0.10705024749 -0.280286967754 1.64333975315 0.10705024749 -0.27971380949 1.64333975315 0.10705024749 -0.260286986828 1.64333975315 0.10705024749 -0.259713828564 1.64333975315 0.10705024749 -0.240286991 1.64333975315 0.10705024749 -0.239713832736 1.64333975315 0.107070274651 -0.319999873638 1.64334619045 0.107070274651 -0.299999892712 1.64334619045 0.107070274651 -0.279999911785 1.64334619045 0.107070274651 -0.259999930859 1.64334619045 0.107070274651 -0.239999935031 1.64334619045 0.107269592583 -0.321624934673 1.63511753082 0.107269592583 -0.318374812603 1.63511753082 0.107269592583 -0.301624953747 1.63511753082 0.107269592583 -0.298374831676 1.63511753082 0.107269592583 -0.28162497282 1.63511753082 0.107269592583 -0.27837485075 1.63511753082 0.107269592583 -0.261624991894 1.63511753082 0.107269592583 -0.258374869823 1.63511753082 0.107269592583 -0.241624996066 1.63511753082 0.107269592583 -0.238374873996 1.63511753082 0.107549972832 -0.321650207043 1.63519179821 0.107549972832 -0.318350017071 1.63519179821 0.107549972832 -0.301650226116 1.63519179821 0.107549972832 -0.298350036144 1.63519179821 0.107549972832 -0.28165024519 1.63519179821 0.107549972832 -0.278350055218 1.63519179821 0.107549972832 -0.261649787426 1.63519179821 0.107549972832 -0.258350074291 1.63519179821 0.107549972832 -0.241649791598 1.63519179821 0.107549972832 -0.238350078464 1.63519179821 0.107830353081 -0.321624934673 1.63526594639 0.107830353081 -0.318374812603 1.63526594639 0.107830353081 -0.301624953747 1.63526594639 0.107830353081 -0.298374831676 1.63526594639 0.107830353081 -0.28162497282 1.63526594639 0.107830353081 -0.27837485075 1.63526594639 0.107830353081 -0.261624991894 1.63526594639 0.107830353081 -0.258374869823 1.63526594639 0.107830353081 -0.241624996066 1.63526594639 0.107830353081 -0.238374873996 1.63526594639 0.108100242913 -0.321551024914 1.63533782959 0.108100242913 -0.3184491992 1.63533782959 0.108100242913 -0.301551043987 1.63533782959 0.108100242913 -0.298449218273 1.63533782959 0.108100242913 -0.281551063061 1.63533782959 0.108100242913 -0.278449237347 1.63533782959 0.108100242913 -0.261551082134 1.63533782959 0.108100242913 -0.258450210094 1.63533782959 0.108100242913 -0.241551086307 1.63533782959 0.108100242913 -0.238450214267 1.63533782959 0.108154602349 -0.33000010252 1.64659404755 0.108331032097 -0.335000216961 1.64670503139 0.108350105584 -0.321428954601 1.63540530205 0.108350105584 -0.318570792675 1.63540530205 0.108350105584 -0.301428973675 1.63540530205 0.108350105584 -0.298570811749 1.63540530205 0.108350105584 -0.281428992748 1.63540530205 0.108350105584 -0.278571784496 1.63540530205 0.108350105584 -0.261429011822 1.63540530205 0.108350105584 -0.25857180357 1.63540530205 0.108350105584 -0.241429015994 1.63540530205 0.108350105584 -0.238571807742 1.63540530205 0.108579941094 -0.321263968945 1.63546621799 0.108579941094 -0.318735778332 1.63546621799 0.108579941094 -0.301263988018 1.63546621799 0.108579941094 -0.298735797405 1.63546621799 0.108579941094 -0.281264007092 1.63546621799 0.108579941094 -0.278735816479 1.63546621799 0.108579941094 -0.261264026165 1.63546621799 0.108579941094 -0.258735835552 1.63546621799 0.108579941094 -0.241264030337 1.63546621799 0.108579941094 -0.238735839725 1.63546621799 0.108769722283 -0.321060836315 1.6355189085 0.108769722283 -0.318939864635 1.6355189085 0.108769722283 -0.301060855389 1.6355189085 0.108769722283 -0.298939883709 1.6355189085 0.108769722283 -0.281060874462 1.6355189085 0.108769722283 -0.278939902782 1.6355189085 0.108769722283 -0.261060893536 1.6355189085 0.108769722283 -0.258939921856 1.6355189085 0.108769722283 -0.241060897708 1.6355189085 0.108769722283 -0.238939926028 1.6355189085 0.108916588128 -0.335000216961 1.6494191885 0.108929939568 -0.320824801922 1.63556158543 0.108929939568 -0.319175899029 1.63556158543 0.108929939568 -0.300824820995 1.63556158543 0.108929939568 -0.299175918102 1.63556158543 0.108929939568 -0.280824840069 1.63556158543 0.108929939568 -0.279175937176 1.63556158543 0.108929939568 -0.260824859142 1.63556158543 0.108929939568 -0.259175956249 1.63556158543 0.108929939568 -0.240824863315 1.63556158543 0.108929939568 -0.239175960422 1.63556158543 0.109006233513 -0.33000010252 1.64906466007 0.109050102532 -0.320563971996 1.63559305668 0.109050102532 -0.31943577528 1.63559305668 0.109050102532 -0.30056399107 1.63559305668 0.109050102532 -0.299435794353 1.63559305668 0.109050102532 -0.280564963818 1.63559305668 0.109050102532 -0.279435813427 1.63559305668 0.109050102532 -0.260564982891 1.63559305668 0.109050102532 -0.2594358325 1.63559305668 0.109050102532 -0.240564987063 1.63559305668 0.109050102532 -0.239435836673 1.63559305668 0.109119720757 -0.320286929607 1.63561224937 0.109119720757 -0.31971424818 1.63561224937 0.109119720757 -0.300286948681 1.63561224937 0.109119720757 -0.299713790417 1.63561224937 0.109119720757 -0.280286967754 1.63561224937 0.109119720757 -0.27971380949 1.63561224937 0.109119720757 -0.260286986828 1.63561224937 0.109119720757 -0.259713828564 1.63561224937 0.109119720757 -0.240286991 1.63561224937 0.109119720757 -0.239713832736 1.63561224937 0.109139747918 -0.319999873638 1.63561880589 0.109139747918 -0.299999892712 1.63561880589 0.109139747918 -0.279999911785 1.63561880589 0.109139747918 -0.259999930859 1.63561880589 0.109139747918 -0.239999935031 1.63561880589 0.109426803887 -0.335000216961 1.63569426537 0.114067383111 -0.335000216961 1.64213323593 0.114067383111 -0.33000010252 1.64115405083 0.114067383111 -0.230000182986 1.64213323593 0.114067383111 -0.22500102222 1.64115405083 0.11443836242 -0.322000205517 1.64185154438 0.114521332085 -0.33000010252 1.64204251766 0.114522285759 -0.238001033664 1.64203953743 0.114522285759 -0.230000182986 1.64124774933 0.114640541375 -0.335000216961 1.64003181458 0.114640541375 -0.33000010252 1.64325547218 0.114640541375 -0.230000182986 1.64003181458 0.114640541375 -0.22500102222 1.64325547218 0.115069694817 -0.33000010252 1.64025175571 0.115069694817 -0.238001033664 1.64025187492 0.115069694817 -0.230000182986 1.64303529263 0.115269012749 -0.322000205517 1.64018023014 0.115375824273 -0.335000216961 1.64368271828 0.115375824273 -0.33000010252 1.63960456848 0.115375824273 -0.230000182986 1.64368271828 0.115375824273 -0.22500102222 1.63960456848 0.115424461663 -0.33000010252 1.64316570759 0.115424461663 -0.238001033664 1.64316570759 0.115424461663 -0.230000182986 1.64012145996 0.115503616631 -0.322000205517 1.64320313931 0.116788215935 -0.22500102222 1.64371681213 0.116925545037 -0.33000010252 1.64012145996 0.116925545037 -0.322000205517 1.64316570759 0.116925545037 -0.238001033664 1.64012145996 0.116925545037 -0.230000182986 1.64316570759 0.116974182427 -0.335000216961 1.63960456848 0.116974182427 -0.33000010252 1.64368271828 0.116974182427 -0.230000182986 1.63960456848 0.117075271904 -0.229923889041 1.64602530003 0.117080040276 -0.330120265484 1.64602637291 0.117195434868 -0.33000010252 1.63976490498 0.117195434868 -0.22500102222 1.63976490498 0.117280311882 -0.33000010252 1.64303529263 0.117280311882 -0.322000205517 1.64025187492 0.117280311882 -0.238001033664 1.64303529263 0.117280311882 -0.230000182986 1.64025187492 0.117709465325 -0.335000216961 1.64325547218 0.11782772094 -0.33000010252 1.64124774933 0.11782772094 -0.322000205517 1.64203953743 0.11782772094 -0.238001033664 1.64124774933 0.11782772094 -0.230000182986 1.64203953743 0.117832489312 -0.230000182986 1.64318227768 0.117931671441 -0.33000010252 1.6428129673 0.117949791253 -0.22500102222 1.64281117916 0.118179626763 -0.335000216961 1.63803875446 0.118179626763 -0.33000010252 1.63803875446 0.118283577263 -0.335000216961 1.64115107059 0.11832267791 -0.22500102222 1.64120280743 0.118336029351 -0.230000182986 1.64129662514 0.118346519768 -0.33000010252 1.64125800133 0.119116134942 -0.33000010252 1.6383998394 0.119127579033 -0.230786010623 1.64657640457 0.119145698845 -0.229962989688 1.6382983923 0.119203872979 -0.329108893871 1.64659690857 0.119934387505 -0.335000216961 1.63890719414 0.119967766106 -0.232517883182 1.64680087566 0.119969673455 -0.327463328838 1.6468013525 0.120319671929 -0.329797446728 1.63861346245 0.120638199151 -0.33000010252 1.63977026939 0.120724983513 -0.230436488986 1.63872253895 0.120999641716 -0.230000182986 1.64293777943 0.120999641716 -0.22500102222 1.64293777943 0.121170349419 -0.33000010252 1.64229571819 0.121268577874 -0.335000216961 1.64191007614 0.122022934258 -0.32796305418 1.63906908035 0.122039146721 -0.232225105166 1.63907384872</float_array>
          <technique_common>
            <accessor source="#positions-array" count="1256" stride="3">
              <param name="X" type="float" />
              <param name="Y" type="float" />
              <param name="Z" type="float" />
            </accessor>
          </technique_common>
        </source>
        <source id="normals">
          <float_array id="normals-array" count="1671">-1 0 0 -0.99999994 0 0 -0.99857277 0.04398658 -0.03029257 -0.99592578 0.04318352 0.0791639 -0.99456877 -0.064633 -0.08158103 -0.99315298 -0.01418095 -0.11595653 -0.98767263 -0.00100753 -0.15653037 -0.98766738 0.00100774 0.15656327 -0.98639393 0 -0.16439898 -0.98639393 0 0.16439898 -0.98503047 0 -0.17238034 -0.98503047 0 0.17238034 -0.98429567 -0.02898158 -0.17413175 -0.98292673 -0.03044847 0.18146037 -0.98230082 0.00098287 -0.18730763 -0.98229337 -0.00098262 0.1873468 -0.98227054 -0.02834639 0.18531324 -0.98137134 0 -0.19212031 -0.98137134 0 0.19212031 -0.97762614 0.02553463 0.2087947 -0.97699475 0.03246124 0.21077821 -0.9741438 0.00609255 -0.22584657 -0.96611899 -0.00742187 -0.25799006 -0.96600974 0.02012162 -0.25772107 -0.96594119 -0.00102907 -0.25875959 -0.96592402 -0.00030124 -0.25882554 -0.9659183 0 -0.25884688 -0.96591806 -0.00046213 -0.25884783 -0.96591699 7.513e-05 -0.25885183 -0.96590978 -0 -0.25887883 -0.96583647 0 -0.25915223 -0.96459007 0.0177702 -0.26315448 -0.9633885 0.07113581 -0.25850016 -0.96338224 0.07299881 -0.25800368 -0.96337569 0.07310507 -0.25799796 -0.96336603 -0.07324057 -0.25799537 -0.96335745 -0.07336219 -0.25799307 -0.96335745 -0.07334746 -0.25799707 -0.96334887 -0.07346924 -0.25799474 -0.96061999 0.10470615 -0.25738251 -0.96061999 0.10470635 -0.25738251 -0.96058482 -0.10505152 -0.25737306 -0.96058482 -0.10505132 -0.25737306 -0.96056712 -0.10522497 -0.25736836 -0.96056712 -0.10522477 -0.25736836 -0.95577407 -0.02896373 0.29267234 -0.95577395 -0.02896718 0.29267231 -0.95576859 0.02896549 -0.29269016 -0.95576847 0.02896895 -0.29269013 -0.95475262 0 0.29740131 -0.9450863 -0.02611651 0.32577547 -0.94498348 0.03230961 0.32551849 -0.94407243 -0 -0.32973841 -0.94407147 -0.00137601 0.32973805 -0.94251263 -0 -0.33417046 -0.94203347 0 -0.33551878 -0.94062197 0.22833757 -0.25118139 -0.93885243 0 0.34431991 -0.93571478 0 -0.35275733 -0.93567187 -0.00236919 0.35286343 -0.93503302 -0.25101665 -0.25040761 -0.93500674 -0.25111735 -0.25040445 -0.93493187 -0.25142002 -0.25038055 -0.93490553 -0.25152087 -0.25037736 -0.93490201 0.2514202 -0.25049177 -0.93487668 0.25152102 -0.250485 -0.93469828 0.25223073 -0.2504372 -0.93467283 0.25233179 -0.25043035 -0.93422234 -0.25411376 -0.25030968 -0.93422234 -0.25411367 -0.25030968 -0.93414855 0.25452158 -0.25017077 -0.9341476 0.25452128 -0.25017437 -0.93411881 -0.25452146 -0.25028193 -0.93411881 -0.25452134 -0.25028193 -0.93393987 0.25534067 -0.25011486 -0.93393898 0.25534037 -0.25011846 -0.9292832 0 0.36936811 -0.90816909 0 0.4186036 -0.90575087 0.04624994 -0.42127946 -0.89068878 0.0527809 0.45153928 -0.8835454 0.00099957 0.46834442 -0.88348305 -0.00099826 -0.46846208 -0.88297743 0.00092415 0.46941453 -0.8829295 -0.00092479 -0.46950462 -0.87883747 0 -0.47712117 -0.87819999 -0 -0.47829348 -0.87328154 0.42735469 -0.23398158 -0.87272239 -0.42863566 -0.23372404 -0.8726958 0.42863524 -0.23382463 -0.87211466 0.42995951 -0.23356131 -0.8721146 0.42995965 -0.23356129 -0.87152255 0.43124428 -0.2334027 -0.87152249 -0.43124446 -0.23340268 -0.87152249 0.43124446 -0.23340268 -0.87152237 -0.43124458 -0.23340265 -0.87149572 -0.43124425 -0.23350309 -0.86936724 0 0.49416664 -0.86928737 -0 -0.4943071 -0.86515725 0 0.50150079 -0.85797656 -0 -0.51368886 -0.85797656 0 0.51368886 -0.83378756 -0.03555723 0.55093932 -0.82584226 0.02830482 -0.56319034 -0.80065775 0 -0.59912193 -0.79529154 0.00089017 -0.6062265 -0.79455757 0 -0.60718882 -0.79188287 -0.57266569 -0.2120744 -0.79187536 0.01546385 0.61048692 -0.79185838 0.57266569 -0.21216556 -0.7904318 -0.57481021 -0.21168579 -0.7904318 -0.57481003 -0.21168579 -0.7904318 0.57481003 -0.21168579 -0.7904318 0.57481021 -0.21168579 -0.7904076 -0.57480997 -0.21177685 -0.78690356 0.01504131 0.61689276 -0.7802493 0.02440969 0.62499225 -0.78024918 0.02441259 0.62499219 -0.78021705 -0.0244076 -0.62503254 -0.78021693 -0.0244105 -0.62503242 -0.77898693 0.0096856 0.62696534 -0.77350307 -0 -0.63379258 -0.77345276 0 -0.63385397 -0.77337092 0 -0.63395375 -0.77337092 0 0.63395375 -0.76899725 0.01046022 -0.63916653 -0.76537168 0 0.6435886 -0.76318085 -0.00421171 0.64617115 -0.73301685 0.00156512 -0.68020868 -0.73290479 -0.00156673 0.68032944 -0.72100955 -0.03271363 -0.6921525 -0.69507802 -0.69441706 -0.18614905 -0.69507796 -0.69441712 -0.18614905 -0.69349021 -0.6960935 -0.1858094 -0.69348407 0.6961 -0.18580776 -0.69326669 0.69610333 -0.18660513 -0.69193602 0.69777203 -0.18530759 -0.68946075 -0.00164507 -0.72432113 -0.68946075 0.00163428 0.72432113 -0.68484581 0 -0.728688 -0.68409181 -0 -0.72939587 -0.68254083 -0.03464478 0.73002589 -0.68075353 -0.02102074 0.73221093 -0.6778087 -0.71224254 -0.18244433 -0.67642456 0.71388596 -0.18115346 -0.6727314 0 -0.73988676 -0.67195284 -0.03560428 -0.73973757 -0.65719414 -0.04953111 -0.75209212 -0.64751673 0 -0.76205122 -0.64547259 0 0.76378345 -0.64415586 0 0.76489431 -0.64415586 0.00018513 -0.76489431 -0.64287126 0 0.76597428 -0.64267927 0.00161483 -0.76613361 -0.6395793 0 -0.7687251 -0.63053322 -0.00502092 0.77614605 -0.62985975 0.0063616 0.77668285 -0.62167144 -0.01416232 -0.78315008 -0.61426729 -0.04407166 -0.78786635 -0.60417962 0 -0.79684818 -0.59302723 0.01674165 0.80500835 -0.58665717 0.79444873 -0.15711284 -0.58452958 -0.79612774 -0.15654305 -0.57344317 0.01844849 0.81903762 -0.57178873 0 -0.82040083 -0.56535286 -0.81082112 -0.1514771 -0.56517494 0.8108235 -0.15212692 -0.56466353 0 -0.82532114 -0.56319803 -0.81242681 -0.15089975 -0.55068052 -0.8215847 -0.14747791 -0.55068052 -0.82158452 -0.14747792 -0.55068052 0.8215847 -0.14747791 -0.5506804 0.8215847 -0.14747788 -0.55066353 0.82158452 -0.14754134 -0.55049473 -0.82158351 -0.14817551 -0.55048746 0.82158351 -0.14820325 -0.54871786 -0.82312864 -0.14617813 -0.54852587 -0.82312787 -0.14690088 -0.54852581 -0.82312799 -0.14690086 -0.5483408 -0.82312679 -0.14759572 -0.53221947 -0.00187922 -0.84660435 -0.52464962 0.00041622 -0.85131818 -0.52038068 0.84248549 -0.13936332 -0.51823884 -0.84389919 -0.13878971 -0.50093859 0.04627135 0.864245 -0.50010818 0.01513182 -0.86583078 -0.49725416 -0 -0.86760491 -0.49725416 0 0.86760491 -0.49604762 0 0.86829531 -0.49589542 -0 -0.86838233 -0.49589542 0 0.86838233 -0.47964457 -0.00094474 0.87746233 -0.47866654 -0.00101297 0.87799615 -0.47849494 0.00287127 -0.87808567 -0.43458816 -0 -0.90062934 -0.42984107 0.03517644 0.902219 -0.42865551 0 -0.90346807 -0.41660297 0.05940095 -0.90714586 -0.41338187 -0.90380263 -0.11070792 -0.41336915 -0.90380257 -0.11075553 -0.41336906 -0.90380269 -0.11075551 -0.41217038 -0.9043892 -0.11043435 -0.41205388 0.90444613 -0.11040314 -0.41205376 0.90444613 -0.1104031 -0.41086999 0.90502936 -0.11003522 -0.41074842 -0.90508848 -0.11000267 -0.41073579 -0.90508842 -0.11004997 -0.4107357 -0.90508848 -0.11004995 -0.40954128 -0.90566844 -0.10972992 -0.39013261 -0.04592403 0.91961265 -0.34506562 -0 -0.93857855 -0.34506562 0 0.93857855 -0.34461915 0 0.93874258 -0.33702698 0 -0.941495 -0.3367427 0 0.94159669 -0.33455694 -0.05896852 -0.94052881 -0.28705904 0.00796082 -0.95787984 -0.28648308 0.03032813 0.95760518 -0.28497028 -0 -0.95853645 -0.28455457 0 -0.95865983 -0.27575609 -0.05101475 0.95987296 -0.2691558 0.01845932 -0.96291971 -0.25881901 0 0.96592587 -0.25881135 1.037e-05 0.96592796 -0.25881037 0 0.96592826 -0.25880781 0 0.96592879 -0.25879905 0.00052715 0.96593112 -0.25877038 0.0002078 0.96593887 -0.25873601 -0.00086854 0.96594769 -0.25871578 -0.00072819 0.96595323 -0.25156614 -0.96549016 -0.06740305 -0.25156608 -0.96549016 -0.06740303 -0.24859393 -0.96631491 -0.0666067 -0.24859387 -0.96631491 -0.06660669 -0.24710512 0.96672416 -0.0662078 -0.247105 0.96672416 -0.06620777 -0.19921196 0.06295192 -0.97793233 -0.19100654 -0.00379961 -0.98158139 -0.1813646 0 0.98341596 -0.17979036 0.05747256 -0.98202455 -0.17402747 0 -0.98474085 -0.17402747 0 0.98474085 -0.15933263 0.00116425 0.98722428 -0.1461097 -0.0431306 0.98832774 -0.13097726 0 -0.99138528 -0.12883408 -0 -0.9916662 -0.12227094 0.00193533 -0.99249488 -0.12211056 -0.00193386 0.99251461 -0.0877412 -0.02804773 0.9957484 -0.08774118 -0.02805308 0.99574822 -0.08411935 0.99620074 -0.02253841 -0.08385669 0.99622464 -0.02245769 -0.0838542 0.9962247 -0.02246737 -0.08385415 0.9962247 -0.02246735 -0.08254642 -0.996342 -0.02210678 -0.08254389 0.99634188 -0.02211629 -0.08228609 0.99636513 -0.02203706 -0.08228364 0.99636507 -0.02204656 -0.08228359 -0.99636507 -0.02204655 -0.08228359 0.99636507 -0.02204655 -0.08228358 -0.99636513 -0.02204655 -0.07009847 0.00536104 -0.99752569 -0.07008634 -0.0193647 -0.99735296 -0.07008634 0.0193647 0.99735296 -0.05286955 0.02259316 -0.99834585 -0.03559685 0.00982161 0.999318 -0.0264884 0 0.99964911 -0.02631249 0.0151277 -0.99953932 -0.02608794 0 0.9996596 -0.02146452 -0 -0.99976963 0 -1 0 0 -0.99999994 0 0 0 -1 0 0 -0.99999994 0 0 0.99999994 -0 0 1 0 0.99999994 -0 0 1 -0 0.02612737 0.00237856 -0.99965578 0.02652912 0 -0.99964797 0.03574152 -0.99897212 -0.02788345 0.05738018 0 -0.99835235 0.06091237 0.08231769 -0.99474293 0.07002258 -0.01936425 0.99735743 0.07008634 0.0193647 -0.99735296 0.07008635 -0.0193647 0.99735302 0.08227493 -0.99636585 0.02204423 0.08227748 0.99636585 0.02203442 0.08254386 0.996342 0.02211628 0.08254647 -0.996342 0.02210645 0.08384794 0.99622554 0.022455 0.08411931 0.99620068 0.0225384 0.08524248 0.99609864 0.02282882 0.08524249 -0.99609864 0.02282882 0.08524249 0.99609864 0.02282882 0.08524252 -0.99609864 0.02282882 0.08686863 0.99594814 0.02326431 0.08686864 0.99594814 0.02326432 0.12902604 0 0.99164122 0.13097726 -0 0.99138528 0.13765924 -0.04332574 0.98953152 0.1390045 0.04318691 0.9893496 0.15772687 -0.9865858 0.04207985 0.15852247 -0.98643225 0.04268523 0.17358097 0 -0.98481965 0.17358097 -0 0.98481965 0.17402747 0 -0.98474085 0.17402747 -0 0.98474085 0.17979026 0.05748349 0.98202401 0.17979036 -0.05747256 -0.98202455 0.17979036 0.05747256 0.98202455 0.1813646 0 -0.98341596 0.20972759 -0.05259486 -0.97634423 0.23571587 -0.75543845 -0.61135155 0.24018788 0.06500939 0.96854717 0.24708739 0.96673113 0.06617153 0.24711259 0.96672422 0.0661793 0.24857597 -0.966322 0.06657121 0.24860184 -0.96631497 0.06657711 0.25154802 -0.96549743 0.06736715 0.25157413 -0.96549022 0.06737311 0.25496319 0.96453696 0.06828072 0.25576648 0.96430671 0.06852742 0.25648439 -0.96410239 0.06871976 0.25730821 -0.96386927 0.06890873 0.25866619 -0.00054497 -0.96596664 0.25876245 -0.00023602 -0.96594101 0.25881156 7.186e-05 -0.9659279 0.2589533 0.00143906 -0.9658888 0.2589913 0 -0.96587962 0.25901338 0 -0.96587378 0.25953662 -0.9632265 0.06953754 0.26001441 -0.00164054 -0.96560341 0.26036876 -0.96298808 0.06972837 0.26987013 0.96053135 0.06745117 0.28479522 -0 0.95858836 0.28497028 0 0.95853645 0.29589579 0.0019825 0.95521814 0.33247495 0.00355458 -0.9431054 0.33247682 -0.00118666 0.94311076 0.3367427 0 0.94159669 0.33702698 0 -0.941495 0.3399283 0 -0.94045132 0.34177819 -0.03456695 -0.93914479 0.3459191 0 -0.93826443 0.3459191 0 0.93826443 0.35854658 0.92650551 0.11415749 0.35975096 0 -0.93304837 0.38541076 0.04283461 0.92175043 0.38599044 -0.04265401 0.92151612 0.39656019 -0.90821224 0.13375597 0.3979297 -0.91119969 0.10661714 0.39907622 -0.91066778 0.10687508 0.39923605 0.91059273 0.10691789 0.40036073 0.91005754 0.10726849 0.40051579 -0.90998441 0.10731003 0.40166682 -0.90944642 0.10756885 0.40954167 -0.9056685 0.10972834 0.41074899 -0.90508842 0.11000112 0.41087034 0.90502942 0.11003362 0.41205445 0.90444607 0.11040158 0.41217074 -0.90438926 0.11043274 0.41338241 -0.90380257 0.11070637 0.41543296 -0.06104871 -0.90757287 0.42440662 -0.04401936 0.90440112 0.4280701 0 0.90374553 0.42822435 -0 0.9036724 0.44348201 -0.01835117 -0.8960954 0.44543356 0.03963383 0.89443731 0.44567773 0.0159715 -0.89505106 0.45343608 0.01194246 -0.89120877 0.46406102 -0.00595058 0.88578326 0.49613893 0 -0.86824316 0.49613893 0 0.86824316 0.50241733 0 -0.86462516 0.50723672 0 -0.86180675 0.50723672 -0 0.86180675 0.51777196 0.84420675 0.13866253 0.51830858 -0.84384316 0.13887021 0.52028036 0.84254169 0.1393985 0.52900493 -0.02399153 0.84827954 0.54846078 -0.82316232 0.14695114 0.5485096 -0.82312775 0.14696196 0.54865277 -0.82316285 0.14622965 0.55047035 0.82158351 0.14826661 0.55061537 -0.82161921 0.14752844 0.55061591 0.82161915 0.14752629 0.55066383 0.8215844 0.14754142 0.55066419 -0.82158446 0.14753923 0.56316543 -0.81246394 0.15082151 0.56321609 -0.81242663 0.15083276 0.56505632 0.81082499 0.15255821 0.56532031 -0.81085843 0.15139861 0.56532091 0.81085837 0.15139642 0.5653705 0.810821 0.15141205 0.56537104 -0.81082094 0.15140986 0.57165974 -0 0.82049084 0.57178873 -0 0.82040083 0.58440077 -0.79621482 0.15658069 0.58663929 0.79444861 0.15718044 0.60450697 -0.00278488 -0.79659504 0.61520427 -0.02463601 -0.7879827 0.62100315 -0.01654905 0.78363323 0.62448919 0.76291704 0.16724464 0.62724113 0.00099585 0.77882445 0.64396483 0 -0.76505506 0.64415586 0 -0.76489431 0.64415586 0 0.76489431 0.64625043 0 -0.76312548 0.65127802 -0.00094318 0.75883859 0.65127802 0.00094318 -0.75883859 0.65807474 -0.00354978 0.75294423 0.66873062 0.03407244 -0.74272376 0.67549276 -0.0346068 0.73655403 0.67640412 0.71388632 0.18122868 0.67642415 0.71388638 0.18115336 0.67645484 0.71383405 0.18124507 0.67793882 0.71232361 0.18164267 0.6780163 -0.71224451 0.18166342 0.67801636 -0.71224445 0.18166344 0.67806822 -0.71219224 0.18167455 0.67911655 0.03552897 0.73317009 0.67956895 -0.71067822 0.18199557 0.68484581 0 0.728688 0.68494612 0 0.72859371 0.7014398 -0.071211 -0.70916229 0.70215869 0.0543358 0.70994413 0.70371103 -0.69267368 0.15809494 0.71910518 -0.0723896 0.69112039 0.71981341 0.0572704 -0.69180107 0.73318815 0.0360378 -0.67907029 0.7592566 0 -0.65079135 0.7592566 -0 0.65079135 0.75939327 0 -0.6506319 0.76278412 -0.05714215 0.64412355 0.76278412 0.05714215 -0.64412355 0.7627846 -0.0571313 0.64412403 0.7627846 0.0571313 -0.64412403 0.76462787 0 -0.64447206 0.77440423 0.60521054 0.18444051 0.7792986 -0.00687616 -0.62661493 0.78021705 0.0244076 -0.62503254 0.7802493 -0.02440968 0.62499219 0.78538036 -0.00487465 -0.61899436 0.79040754 -0.57481003 0.21177684 0.79040754 0.57481003 0.21177684 0.7904076 -0.57480997 0.21177685 0.7904076 0.57480997 0.21177685 0.79040843 -0.57480997 0.21177381 0.7904318 0.57481021 0.21168579 0.79181063 0.57273775 0.2121495 0.79183429 -0.57273769 0.21206139 0.79455757 0 0.60718882 0.79529184 0 0.60622674 0.80338812 0.02331186 0.59499925 0.80396229 -0.02348249 0.59421653 0.83754659 -0.00077089 -0.54636538 0.83754659 0.00077089 0.54636538 0.84520251 0 -0.53444618 0.84520251 -0 0.53444618 0.85881603 0.44868228 0.24722305 0.86347705 -0.43380857 0.25732782 0.8652001 0 -0.5014267 0.86928737 0 -0.4943071 0.86928737 0 0.4943071 0.86936724 0 0.49416664 0.86977935 0.03581615 -0.49213925 0.87122744 -0.43124169 0.23450643 0.8714956 -0.43124437 0.23350306 0.87152249 0.43124446 0.23340268 0.87152255 0.43124428 0.2334027 0.8721146 0.42995965 0.23356129 0.87211466 0.42995951 0.23356131 0.87269568 0.42863548 0.2338246 0.87272251 -0.42863563 0.23372407 0.87328142 0.42735493 0.23398155 0.87819999 0 0.47829348 0.87883747 0 0.47712117 0.88418531 0.40196404 0.23799427 0.88448906 -0.40195671 0.23687528 0.88470715 0.40073073 0.23813476 0.89534724 -0.01832905 0.44499141 0.91229713 -0.05844853 -0.40533662 0.92586809 -0.28400823 0.24921396 0.92589444 0.28491527 0.24807833 0.92599589 -0.28356102 0.24924834 0.92615193 0.28401688 0.24814734 0.93364692 0.25524074 0.25130773 0.93385535 0.25442195 0.25136387 0.93396467 0.25523978 0.25012535 0.9341442 -0.25442106 0.25028875 0.93417317 0.25442097 0.25018123 0.93424767 -0.25401351 0.25031647 0.9346981 0.25223139 0.25043714 0.93490177 0.25142092 0.25049174 0.93493092 -0.25142005 0.25038415 0.93503201 -0.25101665 0.25041121 0.93567449 -0 0.35286441 0.93571478 0 -0.35275733 0.9388321 0 -0.3443751 0.94251263 -0 0.33417046 0.94407243 0 -0.32973841 0.94407243 0 0.32973841 0.95477057 -0.03688428 -0.29504707 0.95576853 -0.02896549 -0.29269016 0.95577407 0.02896373 0.29267234 0.95597255 0 -0.29345614 0.95597255 0 0.29345614 0.95603788 0.01690405 0.29275557 0.95978326 -0.00070629 0.28074098 0.95978326 0.00070629 -0.28074098 0.96331906 -0.07346996 0.2581057 0.96331906 -0.07346971 0.2581057 0.96332771 -0.07334816 0.25810796 0.96332771 -0.07334791 0.25810796 0.96334493 0.07310554 0.25811261 0.96334493 0.07310579 0.25811261 0.96337467 0.07310567 0.25800166 0.96347988 -0.05147209 -0.26278713 0.96347988 0.05147209 0.26278713 0.96348041 -0.0514623 -0.26278728 0.96348041 0.0514623 0.26278728 0.96355402 0.05165239 0.26247975 0.96356541 0.06992106 0.25817168 0.96357155 -0.07026897 0.25805441 0.96357942 -0.07015242 0.25805652 0.96396577 0.07195823 0.256109 0.96498007 -0.00521989 0.26227134 0.96589655 2.07e-05 0.25892824 0.96589971 0.00080468 0.25891536 0.96590006 -0 0.25891525 0.96591055 0 0.25887612 0.9659183 0.00020673 0.2588473 0.96593374 -0 0.25878978 0.96593845 -0.00078421 0.25877079 0.96594292 0 0.25875527 0.96594477 0.00058629 0.25874761 0.96595067 -0.00043411 0.25872609 0.96597528 -0.00097045 0.2586323 0.96650159 -0.00017645 0.2566604 0.96952194 0.05948094 -0.23767443 0.97790945 0.03510401 -0.20606032 0.9783529 -0.03995733 -0.20304945 0.98185796 0 -0.18961807 0.98185796 0 0.18961807 0.98380351 -0.0435175 0.17388761 0.98503047 0 -0.17238034 0.98503047 0 0.17238034 0.98639393 0 -0.16439898 0.98639393 0 0.16439898 0.99065566 0.02542864 -0.13399544 0.99188614 -0.04592429 -0.11854474 0.99427223 0.00346936 0.10682099 0.99685341 -0.0562071 -0.05589239 0.99986905 -0.00097273 -0.01615587 0.99986905 0.00097273 0.01615587 0.99999994 -0 0 1 -0 0</float_array>
          <technique_common>
            <accessor source="#normals-array" count="557" stride="3">
              <param name="X" type="float" />
              <param name="Y" type="float" />
              <param name="Z" type="float" />
            </accessor>
          </technique_common>
        </source>
        <vertices id="vertices">
          <input semantic="POSITION" source="#positions" />
        </vertices>
        <triangles count="1394" material="MATERIAL">
          <input semantic="VERTEX" source="#vertices" offset="0" />
          <input semantic="NORMAL" source="#normals" offset="1" />
          <p>390 250 584 250 574 250 380 296 390 296 574 296 564 295 380 295 574 295 400 249 584 249 390 249 370 315 380 315 564 315 539 314 370 314 564 314 400 234 594 234 584 234 425 233 594 233 400 233 360 358 370 358 539 358 509 359 360 359 539 359 425 202 604 202 594 202 455 203 604 203 425 203 355 378 360 378 509 378 487 383 355 383 509 383 455 181 612 181 604 181 477 174 612 174 455 174 477 160 617 160 612 160 487 398 347 398 355 398 465 413 337 413 487 413 337 415 347 415 487 415 477 135 627 135 617 135 499 133 627 133 477 133 327 449 337 449 465 449 445 448 327 448 465 448 499 108 637 108 627 108 519 112 637 112 499 112 315 468 327 468 445 468 435 477 315 477 445 477 519 93 647 93 637 93 529 91 647 91 519 91 305 487 315 487 435 487 415 485 305 485 435 485 529 71 657 71 647 71 549 65 657 65 529 65 298 522 305 522 415 522 408 516 298 516 415 516 549 39 665 39 657 39 557 40 665 40 549 40 306 524 298 524 408 524 416 512 306 512 408 512 557 42 658 42 665 42 550 41 658 41 557 41 316 489 306 489 416 489 436 482 316 482 416 482 550 72 648 72 658 72 530 63 648 63 550 63 328 466 316 466 436 466 446 478 328 478 436 478 530 92 638 92 648 92 520 94 638 94 530 94 338 450 328 450 446 450 466 447 338 447 446 447 520 106 628 106 638 106 500 113 628 113 520 113 348 419 338 419 466 419 488 418 348 418 466 418 500 132 618 132 628 132 478 131 618 131 500 131 361 380 348 380 488 380 510 381 361 381 488 381 478 177 605 177 618 177 456 176 605 176 478 176 371 360 361 360 510 360 540 361 371 361 510 361 456 197 595 197 605 197 426 200 595 200 456 200 381 317 371 317 540 317 565 316 381 316 540 316 426 231 585 231 595 231 401 232 585 232 426 232 391 292 381 292 565 292 575 294 391 294 565 294 401 257 575 257 585 257 391 253 575 253 401 253 1080 289 895 289 1090 289 895 290 906 290 1090 290 906 252 1100 252 1090 252 916 251 1100 251 906 251 1055 321 885 321 1080 321 885 320 895 320 1080 320 916 234 1110 234 1100 234 943 233 1110 233 916 233 1025 352 875 352 1055 352 875 353 885 353 1055 353 943 202 1122 202 1110 202 973 201 1122 201 943 201 1004 390 870 390 1025 390 870 376 875 376 1025 376 973 172 1132 172 1122 172 994 165 1132 165 973 165 1004 402 862 402 870 402 851 414 862 414 1004 414 984 416 851 416 1004 416 994 134 1142 134 1132 134 1015 143 1142 143 994 143 963 446 841 446 984 446 841 444 851 444 984 444 1015 111 1153 111 1142 111 1035 112 1153 112 1015 112 953 469 831 469 963 469 831 472 841 472 963 472 1035 93 1164 93 1153 93 1045 88 1164 88 1035 88 933 493 821 493 953 493 821 490 831 490 953 490 1045 64 1174 64 1164 64 1065 70 1174 70 1045 70 926 515 814 515 933 515 814 514 821 514 933 514 1065 34 1182 34 1174 34 1073 33 1182 33 1065 33 934 512 822 512 926 512 822 513 814 513 926 513 1073 37 1175 37 1182 37 1066 35 1175 35 1073 35 954 494 832 494 934 494 832 489 822 489 934 489 1066 62 1165 62 1175 62 1046 73 1165 73 1066 73 964 467 842 467 954 467 842 473 832 473 954 473 1046 95 1154 95 1165 95 1036 87 1154 87 1046 87 985 445 852 445 964 445 852 443 842 443 964 443 1036 110 1143 110 1154 110 1016 109 1143 109 1036 109 1005 421 863 421 985 421 863 417 852 417 985 417 1016 130 1133 130 1143 130 995 142 1133 142 1016 142 1026 389 876 389 1005 389 876 388 863 388 1005 388 995 178 1123 178 1133 178 974 167 1123 167 995 167 1056 354 886 354 1026 354 886 355 876 355 1026 355 974 199 1111 199 1123 199 944 198 1111 198 974 198 1081 323 896 323 1056 323 896 322 886 322 1056 322 944 231 1101 231 1111 231 917 232 1101 232 944 232 1091 285 907 285 1081 285 907 288 896 288 1081 288 917 257 1091 257 1101 257 907 259 1091 259 917 259 568 291 384 291 578 291 384 293 394 293 578 293 394 255 588 255 578 255 404 254 588 254 394 254 543 314 374 314 568 314 374 315 384 315 568 315 404 234 598 234 588 234 429 233 598 233 404 233 513 359 364 359 543 359 364 358 374 358 543 358 429 202 608 202 598 202 459 203 608 203 429 203 491 386 351 386 513 386 351 385 364 385 513 385 459 170 621 170 608 170 481 171 621 171 459 171 469 413 341 413 491 413 341 415 351 415 491 415 481 135 631 135 621 135 503 133 631 133 481 133 449 448 331 448 469 448 331 449 341 449 469 449 503 108 641 108 631 108 523 112 641 112 503 112 439 477 319 477 449 477 319 468 331 468 449 468 523 93 651 93 641 93 533 91 651 91 523 91 419 485 309 485 439 485 309 487 319 487 439 487 533 71 661 71 651 71 553 65 661 65 533 65 410 516 300 516 419 516 300 522 309 522 419 522 553 39 667 39 661 39 559 40 667 40 553 40 420 512 310 512 410 512 310 524 300 524 410 524 559 42 662 42 667 42 554 41 662 41 559 41 440 482 320 482 420 482 320 489 310 489 420 489 554 72 652 72 662 72 534 63 652 63 554 63 450 478 332 478 440 478 332 466 320 466 440 466 534 92 642 92 652 92 524 94 642 94 534 94 470 447 342 447 450 447 342 450 332 450 450 450 524 106 632 106 642 106 504 113 632 113 524 113 352 419 342 419 470 419 492 418 352 418 470 418 504 132 622 132 632 132 482 131 622 131 504 131 494 397 352 397 492 397 482 161 472 161 622 161 472 175 609 175 622 175 494 382 365 382 352 382 514 377 365 377 494 377 460 182 609 182 472 182 544 357 375 357 514 357 375 356 365 356 514 356 460 204 599 204 609 204 430 207 599 207 460 207 569 318 385 318 544 318 385 319 375 319 544 319 430 229 589 229 599 229 405 230 589 230 430 230 579 294 395 294 569 294 395 292 385 292 569 292 405 257 579 257 589 257 395 253 579 253 405 253 1084 286 899 286 1094 286 899 287 910 287 1094 287 910 258 1104 258 1094 258 920 256 1104 256 910 256 1059 321 889 321 1084 321 889 320 899 320 1084 320 920 234 1114 234 1104 234 947 233 1114 233 920 233 1029 352 879 352 1059 352 879 353 889 353 1059 353 947 202 1126 202 1114 202 977 201 1126 201 947 201 1008 393 866 393 1029 393 866 392 879 392 1029 392 977 172 1136 172 1126 172 998 165 1136 165 977 165 988 416 855 416 1008 416 855 414 866 414 1008 414 998 134 1146 134 1136 134 1019 143 1146 143 998 143 967 446 845 446 988 446 845 444 855 444 988 444 1019 111 1157 111 1146 111 1039 112 1157 112 1019 112 957 469 835 469 967 469 835 472 845 472 967 472 1039 93 1168 93 1157 93 1049 88 1168 88 1039 88 937 493 825 493 957 493 825 490 835 490 957 490 1049 64 1178 64 1168 64 1069 70 1178 70 1049 70 928 515 816 515 937 515 816 514 825 514 937 514 1069 34 1184 34 1178 34 1075 33 1184 33 1069 33 938 512 826 512 928 512 826 513 816 513 928 513 1075 37 1179 37 1184 37 1070 35 1179 35 1075 35 958 494 836 494 938 494 836 489 826 489 938 489 1070 62 1169 62 1179 62 1050 73 1169 73 1070 73 968 467 846 467 958 467 846 473 836 473 958 473 1050 95 1158 95 1169 95 1040 87 1158 87 1050 87 989 445 856 445 968 445 856 443 846 443 968 443 1040 110 1147 110 1158 110 1020 109 1147 109 1040 109 1009 421 867 421 989 421 867 417 856 417 989 417 1020 130 1137 130 1147 130 999 142 1137 142 1020 142 1030 389 880 389 1009 389 880 388 867 388 1009 388 999 178 1127 178 1137 178 978 167 1127 167 999 167 1060 350 890 350 1030 350 890 351 880 351 1030 351 978 206 1115 206 1127 206 948 205 1115 205 978 205 1085 332 900 332 1060 332 900 330 890 330 1060 330 948 229 1105 229 1115 229 921 230 1105 230 948 230 1095 285 911 285 1085 285 911 288 900 288 1085 288 921 257 1095 257 1105 257 911 259 1095 259 921 259 566 291 382 291 576 291 382 293 392 293 576 293 392 255 586 255 576 255 402 254 586 254 392 254 541 314 372 314 566 314 372 315 382 315 566 315 402 234 596 234 586 234 427 233 596 233 402 233 511 359 362 359 541 359 362 358 372 358 541 358 427 202 606 202 596 202 457 203 606 203 427 203 489 386 349 386 511 386 349 385 362 385 511 385 457 170 619 170 606 170 479 171 619 171 457 171 467 413 339 413 489 413 339 415 349 415 489 415 479 135 629 135 619 135 501 133 629 133 479 133 447 448 329 448 467 448 329 449 339 449 467 449 501 108 639 108 629 108 521 112 639 112 501 112 437 477 317 477 447 477 317 468 329 468 447 468 521 93 649 93 639 93 531 91 649 91 521 91 417 485 307 485 437 485 307 487 317 487 437 487 531 71 659 71 649 71 551 65 659 65 531 65 409 516 299 516 417 516 299 522 307 522 417 522 551 39 666 39 659 39 558 40 666 40 551 40 418 512 308 512 409 512 308 524 299 524 409 524 558 42 660 42 666 42 552 41 660 41 558 41 438 482 318 482 418 482 318 489 308 489 418 489 552 72 650 72 660 72 532 63 650 63 552 63 448 478 330 478 438 478 330 466 318 466 438 466 532 92 640 92 650 92 522 94 640 94 532 94 468 447 340 447 448 447 340 450 330 450 448 450 522 106 630 106 640 106 502 113 630 113 522 113 350 419 340 419 468 419 490 418 350 418 468 418 502 132 620 132 630 132 480 131 620 131 502 131 493 397 350 397 490 397 480 161 471 161 620 161 471 175 607 175 620 175 493 382 363 382 350 382 512 377 363 377 493 377 458 182 607 182 471 182 542 357 373 357 512 357 373 356 363 356 512 356 458 204 597 204 607 204 428 207 597 207 458 207 567 318 383 318 542 318 383 319 373 319 542 319 428 229 587 229 597 229 403 230 587 230 428 230 577 294 393 294 567 294 393 292 383 292 567 292 403 257 577 257 587 257 393 253 577 253 403 253 1082 286 897 286 1092 286 897 287 908 287 1092 287 908 258 1102 258 1092 258 918 256 1102 256 908 256 1057 321 887 321 1082 321 887 320 897 320 1082 320 918 234 1112 234 1102 234 945 233 1112 233 918 233 1027 352 877 352 1057 352 877 353 887 353 1057 353 945 202 1124 202 1112 202 975 201 1124 201 945 201 1006 393 864 393 1027 393 864 392 877 392 1027 392 975 172 1134 172 1124 172 996 165 1134 165 975 165 986 416 853 416 1006 416 853 414 864 414 1006 414 996 134 1144 134 1134 134 1017 143 1144 143 996 143 965 446 843 446 986 446 843 444 853 444 986 444 1017 111 1155 111 1144 111 1037 112 1155 112 1017 112 955 469 833 469 965 469 833 472 843 472 965 472 1037 93 1166 93 1155 93 1047 88 1166 88 1037 88 935 493 823 493 955 493 823 490 833 490 955 490 1047 64 1176 64 1166 64 1067 70 1176 70 1047 70 927 515 815 515 935 515 815 514 823 514 935 514 1067 34 1183 34 1176 34 1074 33 1183 33 1067 33 936 512 824 512 927 512 824 513 815 513 927 513 1074 37 1177 37 1183 37 1068 35 1177 35 1074 35 956 494 834 494 936 494 834 489 824 489 936 489 1068 62 1167 62 1177 62 1048 73 1167 73 1068 73 966 467 844 467 956 467 844 473 834 473 956 473 1048 95 1156 95 1167 95 1038 87 1156 87 1048 87 987 445 854 445 966 445 854 443 844 443 966 443 1038 110 1145 110 1156 110 1018 109 1145 109 1038 109 1007 421 865 421 987 421 865 417 854 417 987 417 1018 130 1135 130 1145 130 997 142 1135 142 1018 142 1028 389 878 389 1007 389 878 388 865 388 1007 388 997 178 1125 178 1135 178 976 167 1125 167 997 167 1058 350 888 350 1028 350 888 351 878 351 1028 351 976 206 1113 206 1125 206 946 205 1113 205 976 205 1083 332 898 332 1058 332 898 330 888 330 1058 330 946 229 1103 229 1113 229 919 230 1103 230 946 230 1093 285 909 285 1083 285 909 288 898 288 1083 288 919 257 1093 257 1103 257 909 259 1093 259 919 259 386 250 580 250 570 250 376 296 386 296 570 296 560 295 376 295 570 295 396 249 580 249 386 249 366 315 376 315 560 315 535 314 366 314 560 314 396 234 590 234 580 234 421 233 590 233 396 233 356 358 366 358 535 358 505 359 356 359 535 359 421 202 600 202 590 202 451 203 600 203 421 203 353 378 356 378 505 378 483 383 353 383 505 383 451 181 610 181 600 181 473 174 610 174 451 174 473 160 613 160 610 160 483 398 343 398 353 398 461 413 333 413 483 413 333 415 343 415 483 415 473 135 623 135 613 135 495 133 623 133 473 133 323 449 333 449 461 449 441 448 323 448 461 448 495 108 633 108 623 108 515 112 633 112 495 112 311 470 323 470 441 470 431 479 311 479 441 479 515 90 643 90 633 90 525 89 643 89 515 89 301 486 311 486 431 486 411 483 301 483 431 483 525 75 653 75 643 75 545 67 653 67 525 67 296 522 301 522 411 522 406 516 296 516 411 516 545 39 663 39 653 39 555 40 663 40 545 40 302 523 296 523 406 523 412 510 302 510 406 510 555 44 654 44 663 44 546 43 654 43 555 43 312 491 302 491 412 491 432 484 312 484 412 484 546 68 644 68 654 68 526 61 644 61 546 61 324 466 312 466 432 466 442 478 324 478 432 478 526 92 634 92 644 92 516 94 634 94 526 94 334 450 324 450 442 450 462 447 334 447 442 447 516 106 624 106 634 106 496 113 624 113 516 113 344 419 334 419 462 419 484 418 344 418 462 418 496 132 614 132 624 132 474 131 614 131 496 131 357 384 344 384 484 384 506 387 357 387 484 387 474 168 601 168 614 168 452 169 601 169 474 169 367 356 357 356 506 356 536 357 367 357 506 357 452 204 591 204 601 204 422 207 591 207 452 207 377 317 367 317 536 317 561 316 377 316 536 316 422 231 581 231 591 231 397 232 581 232 422 232 387 292 377 292 561 292 571 294 387 294 561 294 397 257 571 257 581 257 387 253 571 253 397 253 1076 289 891 289 1086 289 891 290 902 290 1086 290 902 252 1096 252 1086 252 912 251 1096 251 902 251 1051 321 881 321 1076 321 881 320 891 320 1076 320 912 234 1106 234 1096 234 939 233 1106 233 912 233 1021 352 871 352 1051 352 871 353 881 353 1051 353 939 202 1118 202 1106 202 969 201 1118 201 939 201 1000 390 868 390 1021 390 868 376 871 376 1021 376 969 172 1128 172 1118 172 990 165 1128 165 969 165 1000 402 858 402 868 402 847 414 858 414 1000 414 980 416 847 416 1000 416 990 134 1138 134 1128 134 1011 143 1138 143 990 143 959 446 837 446 980 446 837 444 847 444 980 444 1011 111 1149 111 1138 111 1031 112 1149 112 1011 112 949 471 827 471 959 471 827 474 837 474 959 474 1031 90 1160 90 1149 90 1041 86 1160 86 1031 86 929 492 817 492 949 492 817 488 827 488 949 488 1041 66 1170 66 1160 66 1061 74 1170 74 1041 74 924 515 812 515 929 515 812 514 817 514 929 514 1061 34 1180 34 1170 34 1071 33 1180 33 1061 33 930 510 818 510 924 510 818 511 812 511 924 511 1071 38 1171 38 1180 38 1062 36 1171 36 1071 36 950 495 828 495 930 495 828 491 818 491 930 491 1062 60 1161 60 1171 60 1042 69 1161 69 1062 69 960 467 838 467 950 467 838 473 828 473 950 473 1042 95 1150 95 1161 95 1032 87 1150 87 1042 87 981 445 848 445 960 445 848 443 838 443 960 443 1032 110 1139 110 1150 110 1012 109 1139 109 1032 109 1001 421 859 421 981 421 859 417 848 417 981 417 1012 130 1129 130 1139 130 991 142 1129 142 1012 142 1022 394 872 394 1001 394 872 391 859 391 1001 391 991 173 1119 173 1129 173 970 164 1119 164 991 164 1052 350 882 350 1022 350 882 351 872 351 1022 351 970 206 1107 206 1119 206 940 205 1107 205 970 205 1077 323 892 323 1052 323 892 322 882 322 1052 322 940 231 1097 231 1107 231 913 232 1097 232 940 232 1087 285 903 285 1077 285 903 288 892 288 1077 288 913 257 1087 257 1097 257 903 259 1087 259 913 259 388 250 582 250 572 250 378 296 388 296 572 296 562 295 378 295 572 295 398 249 582 249 388 249 368 315 378 315 562 315 537 314 368 314 562 314 398 234 592 234 582 234 423 233 592 233 398 233 358 358 368 358 537 358 507 359 358 359 537 359 423 202 602 202 592 202 453 203 602 203 423 203 354 378 358 378 507 378 485 383 354 383 507 383 453 181 611 181 602 181 475 174 611 174 453 174 475 160 615 160 611 160 485 398 345 398 354 398 463 413 335 413 485 413 335 415 345 415 485 415 475 135 625 135 615 135 497 133 625 133 475 133 325 449 335 449 463 449 443 448 325 448 463 448 497 108 635 108 625 108 517 112 635 112 497 112 313 470 325 470 443 470 433 479 313 479 443 479 517 90 645 90 635 90 527 89 645 89 517 89 303 486 313 486 433 486 413 483 303 483 433 483 527 75 655 75 645 75 547 67 655 67 527 67 297 522 303 522 413 522 407 516 297 516 413 516 547 39 664 39 655 39 556 40 664 40 547 40 304 524 297 524 407 524 414 512 304 512 407 512 556 42 656 42 664 42 548 41 656 41 556 41 314 489 304 489 414 489 434 482 314 482 414 482 548 72 646 72 656 72 528 63 646 63 548 63 326 466 314 466 434 466 444 478 326 478 434 478 528 92 636 92 646 92 518 94 636 94 528 94 336 450 326 450 444 450 464 447 336 447 444 447 518 106 626 106 636 106 498 113 626 113 518 113 346 419 336 419 464 419 486 418 346 418 464 418 498 132 616 132 626 132 476 131 616 131 498 131 359 384 346 384 486 384 508 387 359 387 486 387 476 168 603 168 616 168 454 169 603 169 476 169 369 356 359 356 508 356 538 357 369 357 508 357 454 204 593 204 603 204 424 207 593 207 454 207 379 317 369 317 538 317 563 316 379 316 538 316 424 231 583 231 593 231 399 232 583 232 424 232 389 292 379 292 563 292 573 294 389 294 563 294 399 257 573 257 583 257 389 253 573 253 399 253 1078 289 893 289 1088 289 893 290 904 290 1088 290 904 252 1098 252 1088 252 914 251 1098 251 904 251 1053 321 883 321 1078 321 883 320 893 320 1078 320 914 234 1108 234 1098 234 941 233 1108 233 914 233 1023 352 873 352 1053 352 873 353 883 353 1053 353 941 202 1120 202 1108 202 971 201 1120 201 941 201 1002 390 869 390 1023 390 869 376 873 376 1023 376 971 172 1130 172 1120 172 992 165 1130 165 971 165 1002 402 860 402 869 402 849 414 860 414 1002 414 982 416 849 416 1002 416 992 134 1140 134 1130 134 1013 143 1140 143 992 143 961 446 839 446 982 446 839 444 849 444 982 444 1013 111 1151 111 1140 111 1033 112 1151 112 1013 112 951 471 829 471 961 471 829 474 839 474 961 474 1033 90 1162 90 1151 90 1043 86 1162 86 1033 86 931 492 819 492 951 492 819 488 829 488 951 488 1043 66 1172 66 1162 66 1063 74 1172 74 1043 74 925 515 813 515 931 515 813 514 819 514 931 514 1063 34 1181 34 1172 34 1072 33 1181 33 1063 33 932 512 820 512 925 512 820 513 813 513 925 513 1072 37 1173 37 1181 37 1064 35 1173 35 1072 35 952 494 830 494 932 494 830 489 820 489 932 489 1064 62 1163 62 1173 62 1044 73 1163 73 1064 73 962 467 840 467 952 467 840 473 830 473 952 473 1044 95 1152 95 1163 95 1034 87 1152 87 1044 87 983 445 850 445 962 445 850 443 840 443 962 443 1034 110 1141 110 1152 110 1014 109 1141 109 1034 109 1003 421 861 421 983 421 861 417 850 417 983 417 1014 130 1131 130 1141 130 993 142 1131 142 1014 142 1024 394 874 394 1003 394 874 391 861 391 1003 391 993 173 1121 173 1131 173 972 164 1121 164 993 164 1054 350 884 350 1024 350 884 351 874 351 1024 351 972 206 1109 206 1121 206 942 205 1109 205 972 205 1079 323 894 323 1054 323 894 322 884 322 1054 322 942 231 1099 231 1109 231 915 232 1099 232 942 232 1089 285 905 285 1079 285 905 288 894 288 1079 288 915 257 1089 257 1099 257 905 259 1089 259 915 259 738 306 730 306 736 306 745 274 738 274 736 274 743 274 745 274 736 274 750 240 745 240 743 240 748 240 750 240 743 240 732 339 726 339 730 339 738 306 732 306 730 306 756 213 750 213 748 213 754 213 756 213 748 213 728 375 722 375 726 375 732 339 728 339 726 339 763 189 756 189 754 189 761 189 763 189 754 189 724 406 718 406 722 406 728 375 724 375 722 375 770 149 763 149 761 149 768 149 770 149 761 149 720 431 712 431 718 431 724 406 720 406 718 406 775 123 770 123 768 123 773 123 775 123 768 123 714 464 708 464 712 464 720 431 714 431 712 431 781 96 775 96 773 96 779 96 781 96 773 96 710 496 704 496 708 496 714 464 710 464 708 464 784 77 781 77 779 77 787 59 781 59 784 59 785 49 787 49 784 49 706 548 698 548 704 548 710 496 706 496 704 496 791 9 787 9 785 9 789 9 791 9 785 9 700 556 699 556 698 556 706 548 700 548 698 548 792 0 791 0 789 0 790 0 792 0 789 0 701 547 705 547 699 547 700 556 701 556 699 556 788 8 792 8 790 8 786 8 788 8 790 8 707 497 709 497 705 497 701 547 707 547 705 547 782 58 788 58 786 58 780 58 782 58 786 58 711 462 713 462 709 462 707 497 711 497 709 497 776 97 782 97 780 97 774 97 776 97 780 97 715 430 719 430 713 430 711 462 715 462 713 462 771 122 776 122 774 122 769 122 771 122 774 122 721 405 723 405 719 405 715 430 721 430 719 430 766 147 771 147 769 147 762 150 766 150 769 150 725 374 727 374 723 374 721 405 725 405 723 405 755 188 757 188 762 188 764 153 766 153 762 153 757 188 764 188 762 188 729 340 731 340 727 340 725 374 729 374 727 374 751 212 757 212 755 212 749 212 751 212 755 212 733 305 737 305 731 305 729 340 733 340 731 340 746 239 751 239 749 239 744 239 746 239 749 239 739 271 744 271 737 271 733 305 739 305 737 305 739 271 746 271 744 271 923 221 322 221 321 221 922 221 923 221 321 221 293 267 294 267 290 267 294 267 291 267 290 267 291 298 288 298 290 298 321 237 322 237 293 237 322 237 294 237 293 237 291 298 289 298 288 298 289 335 286 335 288 335 289 335 287 335 286 335 287 364 283 364 286 364 287 364 284 364 283 364 284 396 281 396 283 396 284 396 282 396 281 396 282 422 278 422 281 422 282 422 279 422 278 422 279 452 276 452 278 452 279 452 277 452 276 452 277 475 273 475 276 475 277 475 274 475 273 475 274 499 270 499 273 499 274 499 271 499 270 499 139 531 118 531 270 531 271 530 139 530 270 530 139 532 120 532 118 532 120 546 114 546 118 546 120 546 116 546 114 546 116 555 115 555 114 555 116 555 117 555 115 555 117 545 119 545 115 545 117 545 121 545 119 545 121 498 123 498 119 498 121 498 124 498 123 498 124 461 126 461 123 461 124 461 127 461 126 461 127 437 128 437 126 437 127 437 129 437 128 437 129 407 130 407 128 407 129 407 131 407 130 407 131 373 133 373 130 373 131 373 134 373 133 373 134 341 136 341 133 341 134 341 137 341 136 341 137 329 140 329 136 329 140 326 669 326 136 326 140 325 668 325 669 325 668 328 670 328 669 328 692 54 693 54 696 54 693 54 697 54 696 54 690 85 691 85 692 85 691 85 693 85 692 85 687 104 689 104 690 104 689 103 691 103 690 103 685 139 686 139 687 139 686 139 688 139 687 139 688 121 689 121 687 121 681 166 682 166 685 166 682 166 686 166 685 166 679 193 680 193 681 193 680 193 682 193 681 193 677 217 678 217 679 217 678 217 680 217 679 217 670 310 671 310 669 310 675 244 676 244 677 244 676 244 678 244 677 244 670 310 672 310 671 310 672 278 675 278 671 278 672 278 676 278 675 278 66 304 58 304 64 304 70 273 66 273 64 273 68 273 70 273 64 273 76 240 70 240 68 240 74 240 76 240 68 240 60 344 54 344 58 344 66 304 60 304 58 304 80 210 76 210 74 210 78 210 80 210 74 210 56 372 50 372 54 372 60 344 56 344 54 344 84 186 80 186 78 186 82 186 84 186 78 186 52 406 46 406 50 406 56 372 52 372 50 372 89 151 84 151 82 151 87 151 89 151 82 151 48 431 41 431 46 431 52 406 48 406 46 406 93 123 89 123 87 123 91 123 93 123 87 123 43 463 36 463 41 463 48 431 43 431 41 431 99 100 93 100 91 100 97 100 99 100 91 100 38 501 30 501 36 501 43 463 38 463 36 463 102 76 99 76 97 76 105 53 99 53 102 53 103 49 105 49 102 49 32 543 26 543 30 543 38 501 32 501 30 501 110 18 105 18 103 18 108 18 110 18 103 18 28 556 27 556 26 556 32 543 28 543 26 543 111 0 110 0 108 0 109 0 111 0 108 0 29 542 31 542 27 542 28 556 29 556 27 556 106 17 111 17 109 17 104 17 106 17 109 17 33 500 37 500 31 500 29 542 33 542 31 542 100 52 106 52 104 52 98 52 100 52 104 52 39 462 42 462 37 462 33 500 39 500 37 500 94 99 100 99 98 99 92 99 94 99 98 99 44 432 47 432 42 432 39 462 44 462 42 462 90 120 94 120 92 120 88 120 90 120 92 120 49 404 51 404 47 404 44 432 49 432 47 432 86 144 90 144 88 144 83 152 86 152 88 152 53 371 55 371 51 371 49 404 53 404 51 404 79 185 81 185 83 185 85 158 86 158 83 158 81 185 85 185 83 185 57 343 59 343 55 343 53 371 57 371 55 371 77 209 81 209 79 209 75 209 77 209 79 209 61 303 65 303 59 303 57 343 61 343 59 343 71 239 77 239 75 239 69 239 71 239 75 239 67 272 69 272 65 272 61 303 67 303 65 303 67 272 71 272 69 272 1224 276 1213 276 1199 276 1224 276 1229 276 1213 276 1192 275 1224 275 1199 275 1192 276 1207 276 1224 276 1213 284 1225 284 1199 284 1225 262 1208 262 1199 262 1229 115 1225 115 1213 115 1208 441 1193 441 1199 441 1193 504 1192 504 1199 504 1230 45 1225 45 1229 45 1224 47 1230 47 1229 47 1193 503 1200 503 1192 503 1200 440 1207 440 1192 440 1214 117 1230 117 1224 117 1200 261 1224 261 1207 261 1200 283 1214 283 1224 283 1205 307 1196 307 1217 307 1221 248 1205 248 1217 248 1237 114 1221 114 1217 114 1238 119 1237 119 1217 119 1205 433 1189 433 1196 433 1189 518 1188 518 1196 518 1231 22 1237 22 1238 22 1189 517 1197 517 1188 517 1233 21 1237 21 1231 21 1197 434 1204 434 1188 434 1210 157 1233 157 1231 157 1204 235 1210 235 1231 235 1197 311 1210 311 1204 311 1196 276 1208 276 1217 276 1208 276 1225 276 1217 276 1193 276 1208 276 1196 276 1225 276 1238 276 1217 276 1188 276 1193 276 1196 276 1230 276 1238 276 1225 276 1230 276 1231 276 1238 276 1188 276 1200 276 1193 276 1214 276 1231 276 1230 276 1188 276 1204 276 1200 276 1204 276 1231 276 1214 276 1204 276 1214 276 1200 276 1223 270 1190 270 1201 270 1209 270 1190 270 1223 270 1212 269 1209 269 1223 269 1228 269 1212 269 1223 269 1211 282 1223 282 1198 282 1223 264 1201 264 1198 264 1227 116 1223 116 1211 116 1201 480 1190 480 1198 480 1190 507 1191 507 1198 507 1228 46 1223 46 1227 46 1222 48 1228 48 1227 48 1190 439 1206 439 1191 439 1212 118 1228 118 1222 118 1190 442 1209 442 1206 442 1209 260 1222 260 1206 260 1209 266 1212 266 1222 266 684 102 694 102 695 102 683 129 694 129 684 129 673 215 674 215 684 215 674 220 683 220 684 220 135 327 673 327 132 327 135 324 674 324 673 324 112 549 122 549 113 549 112 502 125 502 122 502 125 429 132 429 122 429 125 400 135 400 132 400 272 528 113 528 275 528 272 533 112 533 113 533 292 300 285 300 295 300 292 348 280 348 285 348 280 420 275 420 285 420 280 454 272 454 275 454 979 227 292 227 295 227 1010 228 292 228 979 228 1117 159 1010 159 979 159 1116 154 1010 154 1117 154 1159 50 1116 50 1117 50 1148 20 1159 20 1117 20 695 25 694 25 1148 25 694 24 1159 24 1148 24 63 313 45 313 73 313 95 208 63 208 73 208 101 162 95 162 73 162 63 427 25 427 45 427 25 521 24 521 45 521 107 16 95 16 101 16 96 2 107 2 101 2 25 541 40 541 24 541 40 428 62 428 24 428 72 146 107 146 96 146 62 196 72 196 96 196 40 362 72 362 62 362 255 269 181 269 225 269 255 269 189 269 181 269 226 269 189 269 255 269 247 269 226 269 255 269 242 216 225 216 212 216 225 379 188 379 212 379 225 370 181 370 188 370 255 140 225 140 242 140 254 19 255 19 242 19 181 410 167 410 188 410 181 552 189 552 167 552 247 5 255 5 254 5 189 465 205 465 167 465 232 124 247 124 254 124 226 156 247 156 232 156 189 342 226 342 205 342 205 263 226 263 232 263 239 269 242 269 207 269 242 269 212 269 207 269 212 269 188 269 207 269 188 270 173 270 207 270 269 269 242 269 239 269 188 269 167 269 173 269 254 269 242 269 269 269 260 269 254 269 269 269 205 269 175 269 167 269 260 269 232 269 254 269 219 270 175 270 205 270 260 269 219 269 232 269 219 269 205 269 232 269 239 242 207 242 218 242 207 367 174 367 218 367 261 183 239 183 218 183 207 401 173 401 174 401 269 101 239 101 261 101 173 551 166 551 174 551 264 3 269 3 261 3 173 525 167 525 166 525 260 12 269 12 264 12 167 550 175 550 166 550 219 184 260 184 264 184 223 179 219 179 264 179 219 369 223 369 166 369 175 368 219 368 166 368 783 194 742 194 734 194 767 219 783 219 734 219 742 363 716 363 734 363 716 425 702 425 734 425 793 79 783 79 767 79 716 544 703 544 702 544 703 539 717 539 702 539 772 4 783 4 793 4 765 78 772 78 793 78 703 424 735 424 717 424 735 214 772 214 765 214 735 281 765 281 717 281 0 26 143 26 142 26 1 28 0 28 142 28 12 13 0 13 1 13 15 51 0 51 12 51 20 141 15 141 12 141 23 155 15 155 20 155 758 226 23 226 20 226 747 225 758 225 20 225 809 453 801 453 806 453 801 412 796 412 806 412 801 347 758 347 796 347 758 299 747 299 796 299 1252 537 857 537 1253 537 1252 535 809 535 857 535 809 526 806 526 857 526 1247 312 1240 312 1235 312 1235 346 1240 346 1234 346 1240 366 1244 366 1234 366 1240 411 1248 411 1244 411 1248 481 1253 481 1244 481 1248 540 1252 540 1253 540 208 269 218 269 196 269 218 269 169 269 196 269 220 269 218 269 208 269 218 270 161 270 169 270 1185 269 261 269 220 269 261 269 218 269 220 269 218 269 174 269 161 269 174 269 158 269 161 269 174 270 155 270 158 270 174 269 152 269 155 269 174 269 149 269 152 269 174 269 146 269 149 269 174 269 142 269 146 269 45 270 1 270 142 270 174 270 166 270 142 270 73 269 45 269 142 269 166 270 96 270 142 270 96 270 101 270 142 270 101 269 73 269 142 269 1185 270 264 270 261 270 1185 269 979 269 264 269 979 269 295 269 264 269 295 269 285 269 264 269 285 269 223 269 264 269 223 269 96 269 166 269 285 269 275 269 223 269 275 270 113 270 223 270 113 269 96 269 223 269 1215 270 1194 270 1185 270 1194 269 979 269 1185 269 1234 269 1215 269 1185 269 1244 269 1215 269 1234 269 1236 269 1215 269 1244 269 1253 269 1236 269 1244 269 1186 270 979 270 1194 270 1253 269 1226 269 1236 269 1117 270 979 270 1186 270 1202 269 1117 269 1186 269 1148 269 1226 269 1253 269 857 269 1148 269 1253 269 1148 269 1117 269 1202 269 1148 269 1202 269 1226 269 857 269 695 269 1148 269 122 269 96 269 113 269 132 270 96 270 122 270 673 269 96 269 132 269 45 269 24 269 1 269 24 270 12 270 1 270 62 270 20 270 24 270 20 269 12 269 24 269 673 269 62 269 96 269 673 269 20 269 62 269 857 269 684 269 695 269 857 269 734 269 684 269 734 269 702 269 673 269 702 269 20 269 673 269 767 269 734 269 857 269 702 269 717 269 20 269 717 269 747 269 20 269 734 269 673 269 684 269 793 269 767 269 857 269 806 270 793 270 857 270 806 270 765 270 793 270 806 269 796 269 765 269 796 270 747 270 765 270 765 269 747 269 717 269 1203 309 1194 309 1215 309 1220 247 1203 247 1215 247 1239 107 1220 107 1215 107 1236 126 1239 126 1215 126 1203 435 1187 435 1194 435 1187 520 1186 520 1194 520 1226 31 1239 31 1236 31 1187 519 1195 519 1186 519 1232 23 1239 23 1226 23 1195 436 1202 436 1186 436 1216 145 1232 145 1226 145 1202 238 1216 238 1226 238 1195 308 1216 308 1202 308 1211 270 1198 270 1203 270 1220 269 1211 269 1203 269 1198 270 1187 270 1203 270 1239 269 1227 269 1220 269 1227 269 1211 269 1220 269 1191 269 1187 269 1198 269 1232 269 1222 269 1239 269 1222 269 1227 269 1239 269 1195 270 1187 270 1191 270 1206 269 1195 269 1191 269 1232 269 1216 269 1222 269 1216 269 1195 269 1206 269 1222 269 1216 269 1206 269 1247 302 1239 302 1240 302 1247 301 1232 301 1239 301 1247 279 1219 279 1232 279 1247 349 1243 349 1219 349 1254 426 1243 426 1247 426 1254 460 1246 460 1243 460 1255 538 1246 538 1254 538 1245 527 1246 527 1255 527 1255 459 1241 459 1245 459 1249 438 1241 438 1255 438 1249 345 1218 345 1241 345 1242 333 1218 333 1249 333 1238 56 1231 56 1242 56 1231 32 1218 32 1242 32 1251 534 810 534 1250 534 1251 536 901 536 810 536 901 529 811 529 810 529 811 499 808 499 810 499 808 499 807 499 810 499 808 476 805 476 807 476 805 476 804 476 807 476 805 451 803 451 804 451 803 451 802 451 804 451 803 423 800 423 802 423 800 423 799 423 802 423 800 395 798 395 799 395 798 395 797 395 799 395 798 365 795 365 797 365 795 365 794 365 797 365 795 334 778 334 794 334 778 334 777 334 794 334 752 237 741 237 740 237 778 297 760 297 777 297 760 297 759 297 777 297 759 265 753 265 752 265 753 237 741 237 752 237 760 265 753 265 759 265 740 223 741 223 34 223 741 222 141 222 34 222 141 224 35 224 34 224 2 10 8 10 6 10 3 1 4 1 2 1 4 10 8 10 2 10 7 11 5 11 3 11 5 1 4 1 3 1 10 57 9 57 7 57 9 11 5 11 7 11 13 98 11 98 10 98 11 57 9 57 10 57 16 125 14 125 13 125 14 98 11 98 13 98 18 148 17 148 16 148 17 125 14 125 16 125 21 187 19 187 18 187 19 148 17 148 18 148 34 211 22 211 21 211 22 187 19 187 21 187 35 211 22 211 34 211 6 29 8 29 144 29 8 27 138 27 144 27 138 30 145 30 144 30 209 276 221 276 200 276 199 276 209 276 200 276 197 268 198 268 199 268 198 277 211 277 199 277 211 280 209 280 199 280 170 243 198 243 197 243 211 310 222 310 209 310 222 310 221 310 209 310 162 218 171 218 170 218 171 243 198 243 170 243 159 195 163 195 162 195 163 218 171 218 162 218 156 163 160 163 159 163 160 195 163 195 159 195 153 138 157 138 156 138 157 163 160 163 156 163 150 105 154 105 153 105 154 138 157 138 153 138 147 84 151 84 150 84 151 105 154 105 150 105 144 55 148 55 147 55 148 84 151 84 147 84 145 55 148 55 144 55 192 276 230 276 216 276 204 276 192 276 216 276 192 276 235 276 230 276 192 276 243 276 235 276 192 276 252 276 243 276 179 275 192 275 182 275 192 276 256 276 252 276 177 276 192 276 179 276 245 276 250 276 192 276 250 276 256 276 192 276 228 275 237 275 192 275 237 276 245 276 192 276 213 275 228 275 192 275 202 276 213 276 192 276 183 276 190 276 192 276 190 275 202 275 192 275 177 275 183 275 192 275 230 241 229 241 216 241 229 246 214 246 216 246 214 336 204 336 216 336 214 338 203 338 204 338 235 190 238 190 230 190 238 191 229 191 230 191 203 403 192 403 204 403 243 137 238 137 235 137 203 408 191 408 192 408 246 128 238 128 243 128 191 456 182 456 192 456 252 82 251 82 243 82 251 80 246 80 243 80 191 458 184 458 182 458 184 506 179 506 182 506 184 508 178 508 179 508 256 7 257 7 252 7 257 15 251 15 252 15 178 554 177 554 179 554 178 553 180 553 177 553 250 14 253 14 256 14 253 6 257 6 256 6 180 509 183 509 177 509 180 505 185 505 183 505 185 457 190 457 183 457 245 81 244 81 250 81 244 83 253 83 250 83 185 455 193 455 190 455 237 127 244 127 245 127 193 409 202 409 190 409 236 136 244 136 237 136 193 399 206 399 202 399 228 192 231 192 237 192 231 180 236 180 237 180 206 337 213 337 202 337 206 331 217 331 213 331 213 245 217 245 228 245 217 236 231 236 228 236 210 276 214 276 215 276 214 275 224 275 215 275 214 276 227 276 224 276 201 275 203 275 210 275 203 276 214 276 210 276 214 275 229 275 227 275 229 276 233 276 227 276 194 276 203 276 201 276 229 276 240 276 233 276 186 276 191 276 194 276 191 276 203 276 194 276 229 276 238 276 240 276 238 276 248 276 240 276 172 276 191 276 186 276 238 276 258 276 248 276 184 276 191 276 172 276 238 276 246 276 258 276 246 276 262 276 258 276 178 276 184 276 172 276 164 276 178 276 172 276 251 276 262 276 246 276 251 276 265 276 262 276 251 276 267 276 265 276 257 276 267 276 251 276 257 276 268 276 267 276 164 276 180 276 178 276 266 276 268 276 257 276 253 276 266 276 257 276 165 276 180 276 164 276 165 276 185 276 180 276 263 276 266 276 253 276 168 276 185 276 165 276 168 275 193 275 185 275 259 276 263 276 253 276 244 276 259 276 253 276 176 275 193 275 168 275 249 275 259 275 244 275 187 275 206 275 193 275 176 275 187 275 193 275 241 276 249 276 244 276 236 276 241 276 244 276 187 276 195 276 206 276 234 276 241 276 236 276 231 276 234 276 236 276</p>
        </triangles>
      </mesh>
    </geometry>
  </library_geometries>
  <library_visual_scenes>
    <visual_scene id="Scene" name="Scene">
      <node id="Object" name="Object" type="NODE">
        <instance_geometry url="#geometry">
          <bind_material>
            <technique_common>
              <instance_material symbol="MATERIAL" target="#mat" />
            </technique_common>
          </bind_material>
        </instance_geometry>
      </node>
    </visual_scene>
  </library_visual_scenes>
  <scene>
    <instance_visual_scene url="#Scene" />
  </scene>
</COLLADA>